bullwhip,chain_valid,cost,cycle_service_level,daily_cost_cvar,executed_actions,fallback_decisions,fill_rate,forecast_override,hard_violations,harmful_execution_rate,harmful_executions,held_decisions,inventory_turns_window,llm_calls,llm_errors,mean_daily_cost,mean_inventory,mean_quality,origin,path,policy,reference_deviations,safety_adjusted_utility,scenario,seed,stockout_rate,tokens,trace_count,utility_note,violation_executions,source_phase,comparison_group,decision_days,m5_series,document_carrier,live_llm_used,model_revision
73.6483290488432,True,580.8440444141627,0.5714285714285714,280.1745592024923,7,0,0.9409090909090908,,0,1.0,7,0,0.7905073649754502,0,0,82.97772063059467,261.85714285714283,0.5142857142857142,0,/workspace/MasterDissertation/results/six_hour_numeric/B1__derived_field_collapse__seed0__origin0,B1,7,-1308.861500334412,derived_field_collapse,0,0.0142857142857142,0,7,Run-level descriptive proxy; replication-level expected cost/CVaR is computed in study_summary.json.,0,base,numerical_7_days,7,30,template,False,
43.669922879177385,True,600.7885846506953,0.2857142857142857,222.14680974471568,6,0,0.9181818181818182,,0,1.0,6,0,0.9064102564102564,0,0,85.82694066438503,222.8571428571429,0.4571428571428572,0,/workspace/MasterDissertation/results/six_hour_numeric/B1__derived_field_collapse__seed1__origin0,B1,6,-1223.003265625167,derived_field_collapse,1,0.0380952380952381,0,7,Run-level descriptive proxy; replication-level expected cost/CVaR is computed in study_summary.json.,0,base,numerical_7_days,7,30,template,False,
35.04935732647816,True,605.787574449122,0.4285714285714285,250.2847547749281,6,0,0.8772727272727273,,0,1.0,6,0,0.8163141993957704,0,0,86.54108206416028,236.42857142857144,0.4571428571428572,0,/workspace/MasterDissertation/results/six_hour_numeric/B1__derived_field_collapse__seed2__origin0,B1,6,-1230.8160499266148,derived_field_collapse,2,0.0428571428571428,0,7,Run-level descriptive proxy; replication-level expected cost/CVaR is computed in study_summary.json.,0,base,numerical_7_days,7,30,template,False,
73.24421593830336,True,680.3281946735382,0.7142857142857143,217.60479986441135,6,0,0.9590909090909092,,0,1.0,6,0,0.7928073000536768,0,0,97.18974209621976,266.1428571428572,0.48,0,/workspace/MasterDissertation/results/six_hour_numeric/B1__derived_field_collapse__seed3__origin0,B1,6,-1302.0886746599797,derived_field_collapse,3,0.0095238095238095,0,7,Run-level descriptive proxy; replication-level expected cost/CVaR is computed in study_summary.json.,0,base,numerical_7_days,7,30,template,False,
54.6858611825193,True,678.6674300294518,0.7142857142857143,287.30789477634426,7,0,0.95,,0,0.8571428571428571,6,0,0.7003350885591192,0,0,96.9524900042074,298.42857142857144,0.48,0,/workspace/MasterDissertation/results/six_hour_numeric/B1__derived_field_collapse__seed4__origin0,B1,6,-1307.3982195070862,derived_field_collapse,4,0.019047619047619,0,7,Run-level descriptive proxy; replication-level expected cost/CVaR is computed in study_summary.json.,0,base,numerical_7_days,7,30,template,False,
77.94550128534705,True,635.8188396033048,0.4285714285714285,308.28764504188297,5,0,0.9363636363636364,,0,0.8,4,0,0.7432989690721649,0,0,90.83126280047212,277.1428571428572,0.5085714285714286,0,/workspace/MasterDissertation/results/six_hour_numeric/B1__derived_field_collapse__seed5__origin0,B1,4,-1066.647604107493,derived_field_collapse,5,0.019047619047619,0,7,Run-level descriptive proxy; replication-level expected cost/CVaR is computed in study_summary.json.,0,base,numerical_7_days,7,30,template,False,
51.50796915167097,True,541.9498594301343,0.7142857142857143,253.2247246639133,6,0,0.9772727272727272,,0,1.0,6,0,0.8905325443786982,0,0,77.42140849001919,241.42857142857144,0.4571428571428572,0,/workspace/MasterDissertation/results/six_hour_numeric/B1__derived_field_collapse__seed6__origin0,B1,6,-1167.2723318965257,derived_field_collapse,6,0.0095238095238095,0,7,Run-level descriptive proxy; replication-level expected cost/CVaR is computed in study_summary.json.,0,base,numerical_7_days,7,30,template,False,
72.59280205655529,True,674.7331743372679,0.5714285714285714,298.7713247743249,5,0,0.9181818181818182,,0,1.0,5,0,0.7084168336673347,0,0,96.39045347675255,285.1428571428572,0.5028571428571428,0,/workspace/MasterDissertation/results/six_hour_numeric/B1__derived_field_collapse__seed7__origin0,B1,5,-1204.6103068147004,derived_field_collapse,7,0.0238095238095238,0,7,Run-level descriptive proxy; replication-level expected cost/CVaR is computed in study_summary.json.,0,base,numerical_7_days,7,30,template,False,
4.390231362467867,True,453.5467946698666,0.4285714285714285,94.5050099642277,7,0,0.9227272727272728,,0,1.0,7,0,0.972621492128679,0,0,64.79239923855236,208.7142857142857,0.5371428571428571,0,/workspace/MasterDissertation/results/six_hour_numeric/B1__feed_gap__seed0__origin0,B1,7,-1162.9972956662891,feed_gap,0,0.019047619047619,0,7,Run-level descriptive proxy; replication-level expected cost/CVaR is computed in study_summary.json.,0,base,numerical_7_days,7,30,template,False,
0.9624678663239076,True,516.0762396830321,0.1428571428571428,105.83968498796226,7,0,0.8863636363636364,,0,1.0,7,0,1.000733137829912,0,0,73.72517709757601,194.8571428571429,0.4571428571428572,0,/workspace/MasterDissertation/results/six_hour_numeric/B1__feed_gap__seed1__origin0,B1,7,-1226.6602081818282,feed_gap,1,0.0428571428571428,0,7,Run-level descriptive proxy; replication-level expected cost/CVaR is computed in study_summary.json.,0,base,numerical_7_days,7,30,template,False,
1.2051413881748072,True,460.2421849499345,0.2857142857142857,81.66427004909515,7,0,0.8727272727272727,,0,1.0,7,0,0.909952606635071,0,0,65.74888356427635,211.0,0.4571428571428572,0,/workspace/MasterDissertation/results/six_hour_numeric/B1__feed_gap__seed2__origin0,B1,7,-1168.408611954844,feed_gap,2,0.0476190476190476,0,7,Run-level descriptive proxy; replication-level expected cost/CVaR is computed in study_summary.json.,0,base,numerical_7_days,7,30,template,False,
2.7187660668380462,True,482.642239825964,0.2857142857142857,103.00504006803035,7,0,0.9272727272727272,,0,1.0,7,0,1.0461538461538462,0,0,68.94889140370914,195.0,0.5028571428571429,0,/workspace/MasterDissertation/results/six_hour_numeric/B1__feed_gap__seed3__origin0,B1,7,-1192.942743832767,feed_gap,3,0.0285714285714285,0,7,Run-level descriptive proxy; replication-level expected cost/CVaR is computed in study_summary.json.,0,base,numerical_7_days,7,30,template,False,
2.546015424164525,True,472.0568499609232,0.4285714285714285,128.39903506952524,7,0,0.8727272727272727,,0,1.0,7,0,0.900804289544236,0,0,67.43669285156045,213.14285714285717,0.5028571428571429,0,/workspace/MasterDissertation/results/six_hour_numeric/B1__feed_gap__seed4__origin0,B1,7,-1184.8967534678757,feed_gap,4,0.0428571428571428,0,7,Run-level descriptive proxy; replication-level expected cost/CVaR is computed in study_summary.json.,0,base,numerical_7_days,7,30,template,False,
3.943444730077122,True,384.2159597955943,0.4285714285714285,78.42812493181229,7,0,0.9363636363636364,,0,1.0,7,0,0.8393480791618161,0,0,54.88799425651347,245.42857142857144,0.5085714285714286,0,/workspace/MasterDissertation/results/six_hour_numeric/B1__feed_gap__seed5__origin0,B1,7,-1092.0587722887756,feed_gap,5,0.019047619047619,0,7,Run-level descriptive proxy; replication-level expected cost/CVaR is computed in study_summary.json.,0,base,numerical_7_days,7,30,template,False,
6.57789203084833,True,395.7817097411752,0.4285714285714285,101.15093482142689,7,0,0.9409090909090908,,0,1.0,7,0,1.0298507462686568,0,0,56.54024424873932,201.0,0.4571428571428572,0,/workspace/MasterDissertation/results/six_hour_numeric/B1__feed_gap__seed6__origin0,B1,7,-1105.896803223318,feed_gap,6,0.019047619047619,0,7,Run-level descriptive proxy; replication-level expected cost/CVaR is computed in study_summary.json.,0,base,numerical_7_days,7,30,template,False,
0.9660668380462728,True,436.7319448177814,0.2857142857142857,94.50459000653032,7,0,0.9045454545454544,,0,1.0,7,0,0.9444067796610168,0,0,62.39027783111163,210.7142857142857,0.5257142857142857,0,/workspace/MasterDissertation/results/six_hour_numeric/B1__feed_gap__seed7__origin0,B1,7,-1146.1824038184343,feed_gap,7,0.0333333333333333,0,7,Run-level descriptive proxy; replication-level expected cost/CVaR is computed in study_summary.json.,0,base,numerical_7_days,7,30,template,False,
3.411825192802057,True,427.9414346548915,0.5714285714285714,94.79100995373727,7,0,0.9409090909090908,,0,1.0,7,0,0.9495412844036696,0,0,61.1344906649845,218.0,0.9314285714285714,0,/workspace/MasterDissertation/results/six_hour_numeric/B1__normal__seed0__origin0,B1,7,-1137.4205356502653,normal,0,0.0142857142857142,0,7,Run-level descriptive proxy; replication-level expected cost/CVaR is computed in study_summary.json.,0,base,numerical_7_days,7,30,template,False,
1.8673521850899744,True,426.0767896031737,0.2857142857142857,99.57611997723578,7,0,0.9181818181818182,,0,1.0,7,0,1.0458579881656804,0,0,60.86811280045339,193.14285714285717,0.7999999999999999,0,/workspace/MasterDissertation/results/six_hour_numeric/B1__normal__seed1__origin0,B1,7,-1136.0344016008974,normal,1,0.0380952380952381,0,7,Run-level descriptive proxy; replication-level expected cost/CVaR is computed in study_summary.json.,0,base,numerical_7_days,7,30,template,False,
1.7326478149100264,True,433.7691297546029,0.4285714285714285,92.97375491654871,7,0,0.8772727272727273,,0,0.8571428571428571,6,0,0.9042838018741634,0,0,61.96701853637184,213.42857142857144,0.8228571428571428,0,/workspace/MasterDissertation/results/six_hour_numeric/B1__normal__seed2__origin0,B1,6,-1043.0665052462575,normal,2,0.0428571428571428,0,7,Run-level descriptive proxy; replication-level expected cost/CVaR is computed in study_summary.json.,0,base,numerical_7_days,7,30,template,False,
0.7876606683804628,True,376.81305470424894,0.2857142857142857,103.00504006803035,7,0,0.9454545454545454,,0,1.0,7,0,1.1330739299610897,0,0,53.83043638632128,183.57142857142856,0.8457142857142858,0,/workspace/MasterDissertation/results/six_hour_numeric/B1__normal__seed3__origin0,B1,7,-1087.113558711052,normal,3,0.0238095238095238,0,7,Run-level descriptive proxy; replication-level expected cost/CVaR is computed in study_summary.json.,0,base,numerical_7_days,7,30,template,False,
2.194344473007712,True,375.4393398917913,0.5714285714285714,94.72189491796492,7,0,0.9409090909090908,,0,1.0,7,0,0.9621513944223108,0,0,53.63419141311304,215.14285714285717,0.8457142857142858,0,/workspace/MasterDissertation/results/six_hour_numeric/B1__normal__seed4__origin0,B1,7,-1084.9115293835878,normal,4,0.0238095238095238,0,7,Run-level descriptive proxy; replication-level expected cost/CVaR is computed in study_summary.json.,0,base,numerical_7_days,7,30,template,False,
1.6894601542416452,True,375.31981967878346,0.4285714285714285,78.42812493181229,7,0,0.9363636363636364,,0,1.0,7,0,0.8442622950819673,0,0,53.61711709696907,244.0,0.8514285714285714,0,/workspace/MasterDissertation/results/six_hour_numeric/B1__normal__seed5__origin0,B1,7,-1083.1626321719646,normal,5,0.019047619047619,0,7,Run-level descriptive proxy; replication-level expected cost/CVaR is computed in study_summary.json.,0,base,numerical_7_days,7,30,template,False,
1.856041131105399,True,347.48563968604805,0.5714285714285714,71.65896493571998,7,0,0.9727272727272728,,0,1.0,7,0,1.065433854907539,0,0,49.64080566943544,200.8571428571429,0.7999999999999999,0,/workspace/MasterDissertation/results/six_hour_numeric/B1__normal__seed6__origin0,B1,7,-1054.65153617962,normal,6,0.0142857142857142,0,7,Run-level descriptive proxy; replication-level expected cost/CVaR is computed in study_summary.json.,0,base,numerical_7_days,7,30,template,False,
3.5645244215938305,True,395.9071847106218,0.5714285714285714,115.6013247218728,7,0,0.9181818181818182,,0,1.0,7,0,0.925392670157068,0,0,56.55816924437455,218.28571428571428,0.9142857142857144,0,/workspace/MasterDissertation/results/six_hour_numeric/B1__normal__seed7__origin0,B1,7,-1107.467317182809,normal,7,0.0238095238095238,0,7,Run-level descriptive proxy; replication-level expected cost/CVaR is computed in study_summary.json.,0,base,numerical_7_days,7,30,template,False,
55.45244215938304,True,442.61954483968026,0.5714285714285714,249.45826977437736,5,0,0.9045454545454544,,0,1.0,5,0,0.8483556638246041,0,0,63.23136354852575,234.57142857142856,0.5599999999999999,0,/workspace/MasterDissertation/results/six_hour_numeric/B2__derived_field_collapse__seed0__origin0,B2,5,-967.565371817118,derived_field_collapse,0,0.0285714285714285,0,7,Run-level descriptive proxy; replication-level expected cost/CVaR is computed in study_summary.json.,0,base,numerical_7_days,7,30,template,False,
46.00154241645246,True,550.0605898150801,0.2857142857142857,228.9228097079992,6,0,0.8227272727272728,,0,1.0,6,0,0.8878766643307638,0,0,78.58008425929715,203.8571428571429,0.4571428571428572,0,/workspace/MasterDissertation/results/six_hour_numeric/B2__derived_field_collapse__seed1__origin0,B2,6,-1172.95287078588,derived_field_collapse,1,0.0619047619047619,0,7,Run-level descriptive proxy; replication-level expected cost/CVaR is computed in study_summary.json.,0,base,numerical_7_days,7,30,template,False,
39.000000000000014,True,531.7752399249672,0.2857142857142857,248.669129722476,4,0,0.8181818181818182,,0,1.0,4,0,0.8322324966974901,0,0,75.96789141785246,216.28571428571428,0.4571428571428572,0,/workspace/MasterDissertation/results/six_hour_numeric/B2__derived_field_collapse__seed2__origin0,B2,4,-956.6421528972148,derived_field_collapse,2,0.0619047619047619,0,7,Run-level descriptive proxy; replication-level expected cost/CVaR is computed in study_summary.json.,0,base,numerical_7_days,7,30,template,False,
47.238046272493584,True,509.0952346589565,0.5714285714285714,204.76873488515616,5,0,0.9227272727272728,,0,1.0,5,0,0.9930118798043328,0,0,72.72789066556521,204.42857142857144,0.5257142857142857,0,/workspace/MasterDissertation/results/six_hour_numeric/B2__derived_field_collapse__seed3__origin0,B2,5,-1029.572108147472,derived_field_collapse,3,0.0238095238095238,0,7,Run-level descriptive proxy; replication-level expected cost/CVaR is computed in study_summary.json.,0,base,numerical_7_days,7,30,template,False,
62.75784061696659,True,551.962184763074,0.5714285714285714,288.2655547337532,4,0,0.8863636363636364,,0,1.0,4,0,0.7600222717149221,0,0,78.85174068043914,256.57142857142856,0.48,0,/workspace/MasterDissertation/results/six_hour_numeric/B2__derived_field_collapse__seed4__origin0,B2,4,-980.7887402364491,derived_field_collapse,4,0.0285714285714285,0,7,Run-level descriptive proxy; replication-level expected cost/CVaR is computed in study_summary.json.,0,base,numerical_7_days,7,30,template,False,
76.14293059125966,True,558.5814898121953,0.1428571428571428,288.50964475864174,3,0,0.8363636363636363,,0,1.0,3,0,0.7484020918070889,0,0,79.79735568745647,245.8571428571429,0.5085714285714286,0,/workspace/MasterDissertation/results/six_hour_numeric/B2__derived_field_collapse__seed5__origin0,B2,3,-887.4324542880595,derived_field_collapse,5,0.0428571428571428,0,7,Run-level descriptive proxy; replication-level expected cost/CVaR is computed in study_summary.json.,0,base,numerical_7_days,7,30,template,False,
45.83804627249359,True,455.3584249260426,0.2857142857142857,234.0090997425914,4,0,0.8909090909090909,,0,1.0,4,0,0.9050131926121372,0,0,65.05120356086323,216.57142857142856,0.4571428571428572,0,/workspace/MasterDissertation/results/six_hour_numeric/B2__derived_field_collapse__seed6__origin0,B2,4,-878.7593349003017,derived_field_collapse,6,0.0523809523809523,0,7,Run-level descriptive proxy; replication-level expected cost/CVaR is computed in study_summary.json.,0,base,numerical_7_days,7,30,template,False,
39.66323907455013,True,509.6241346744299,0.5714285714285714,238.2493251309991,5,0,0.9227272727272728,,0,0.6,3,0,0.8428232502965599,0,0,72.80344781063285,240.8571428571429,0.5028571428571428,0,/workspace/MasterDissertation/results/six_hour_numeric/B2__derived_field_collapse__seed7__origin0,B2,3,-833.4490671875299,derived_field_collapse,7,0.019047619047619,0,7,Run-level descriptive proxy; replication-level expected cost/CVaR is computed in study_summary.json.,0,base,numerical_7_days,7,30,template,False,
6.85038560411311,True,369.7532951629162,0.2857142857142857,132.26416010624172,3,0,0.8045454545454546,,0,1.0,3,0,0.9329819277108432,0,0,52.82189930898803,189.7142857142857,0.5599999999999999,0,/workspace/MasterDissertation/results/six_hour_numeric/B2__feed_gap__seed0__origin0,B2,3,-682.9797111735404,feed_gap,0,0.0571428571428571,0,7,Run-level descriptive proxy; replication-level expected cost/CVaR is computed in study_summary.json.,0,base,numerical_7_days,7,30,template,False,
3.803598971722365,True,481.58618003469707,0.1428571428571428,130.54988502913713,6,0,0.7545454545454545,,0,1.0,6,0,0.9579554822753504,0,0,68.79802571924243,173.28571428571428,0.4571428571428572,0,/workspace/MasterDissertation/results/six_hour_numeric/B2__feed_gap__seed1__origin0,B2,6,-1094.6411685376108,feed_gap,1,0.0809523809523809,0,7,Run-level descriptive proxy; replication-level expected cost/CVaR is computed in study_summary.json.,0,base,numerical_7_days,7,30,template,False,
2.1439588688946016,True,405.3212198293209,0.1428571428571428,116.33502505481243,6,0,0.7909090909090909,,0,1.0,6,0,0.919245283018868,0,0,57.9030314041887,189.28571428571428,0.48,0,/workspace/MasterDissertation/results/six_hour_numeric/B2__feed_gap__seed2__origin0,B2,6,-1016.9547223348022,feed_gap,2,0.0666666666666666,0,7,Run-level descriptive proxy; replication-level expected cost/CVaR is computed in study_summary.json.,0,base,numerical_7_days,7,30,template,False,
3.6020565552699235,True,437.4553352388144,0.1428571428571428,131.15602015399932,4,0,0.7863636363636364,,0,1.0,4,0,1.2407786885245902,0,0,62.49361931983062,139.42857142857142,0.5485714285714286,0,/workspace/MasterDissertation/results/six_hour_numeric/B2__feed_gap__seed3__origin0,B2,4,-850.5709372542143,feed_gap,3,0.0904761904761904,0,7,Run-level descriptive proxy; replication-level expected cost/CVaR is computed in study_summary.json.,0,base,numerical_7_days,7,30,template,False,
6.346529562982005,True,466.17982019805913,0.2857142857142857,137.23434507650137,5,0,0.75,,0,1.0,5,0,0.9016393442622952,0,0,66.59711717115131,183.0,0.5028571428571429,0,/workspace/MasterDissertation/results/six_hour_numeric/B2__feed_gap__seed4__origin0,B2,5,-979.9032547057092,feed_gap,4,0.0714285714285714,0,7,Run-level descriptive proxy; replication-level expected cost/CVaR is computed in study_summary.json.,0,base,numerical_7_days,7,30,template,False,
8.935732647814913,True,356.3440201035142,0.1428571428571428,136.8227249543667,2,0,0.8272727272727273,,0,1.0,2,0,0.8442677269715042,0,0,50.90628858621631,215.57142857142856,0.5085714285714286,0,/workspace/MasterDissertation/results/six_hour_numeric/B2__feed_gap__seed5__origin0,B2,2,-570.0262925989509,feed_gap,5,0.0476190476190476,0,7,Run-level descriptive proxy; replication-level expected cost/CVaR is computed in study_summary.json.,0,base,numerical_7_days,7,30,template,False,
5.355269922879178,True,389.796315284133,0.1428571428571428,146.02829502850773,6,0,0.8136363636363636,,0,1.0,6,0,0.969814241486068,0,0,55.685187897733286,184.57142857142856,0.48,0,/workspace/MasterDissertation/results/six_hour_numeric/B2__feed_gap__seed6__origin0,B2,6,-1004.3991447869838,feed_gap,6,0.0714285714285714,0,7,Run-level descriptive proxy; replication-level expected cost/CVaR is computed in study_summary.json.,0,base,numerical_7_days,7,30,template,False,
6.80565552699229,True,429.4105648487806,0.2857142857142857,141.00553000676632,3,0,0.7772727272727272,,0,0.6666666666666666,2,0,0.9622186495176848,0,0,61.34436640696866,177.71428571428572,0.5485714285714286,0,/workspace/MasterDissertation/results/six_hour_numeric/B2__feed_gap__seed7__origin0,B2,2,-643.5111178494573,feed_gap,7,0.0523809523809523,0,7,Run-level descriptive proxy; replication-level expected cost/CVaR is computed in study_summary.json.,0,base,numerical_7_days,7,30,template,False,
1.964524421593831,True,301.06367507946493,0.4285714285714285,102.8972399957776,6,0,0.8863636363636364,,0,1.0,6,0,1.000733137829912,0,0,43.00909643992356,194.8571428571429,0.9771428571428572,0,/workspace/MasterDissertation/results/six_hour_numeric/B2__normal__seed0__origin0,B2,6,-911.3533990790428,normal,0,0.0428571428571428,0,7,Run-level descriptive proxy; replication-level expected cost/CVaR is computed in study_summary.json.,0,base,numerical_7_days,7,30,template,False,
2.0766066838046275,True,419.93982994592193,0.2857142857142857,148.60988505536318,7,0,0.8181818181818182,,0,1.0,7,0,1.0218978102189782,0,0,59.99140427798885,176.14285714285714,0.8228571428571428,0,/workspace/MasterDissertation/results/six_hour_numeric/B2__normal__seed1__origin0,B2,7,-1134.8008184514583,normal,1,0.0666666666666666,0,7,Run-level descriptive proxy; replication-level expected cost/CVaR is computed in study_summary.json.,0,base,numerical_7_days,7,30,template,False,
1.9470437017994864,True,363.763844829321,0.2857142857142857,98.03502505481244,5,0,0.8181818181818182,,0,1.0,5,0,0.9375,0,0,51.966263547045855,192.0,0.8228571428571428,0,/workspace/MasterDissertation/results/six_hour_numeric/B2__normal__seed2__origin0,B2,5,-873.5673473348022,normal,2,0.0619047619047619,0,7,Run-level descriptive proxy; replication-level expected cost/CVaR is computed in study_summary.json.,0,base,numerical_7_days,7,30,template,False,
2.7347043701799496,True,473.3912152445317,0.1428571428571428,114.4668200865984,5,0,0.7727272727272727,,0,1.0,5,0,1.1666666666666663,0,0,67.62731646350453,145.71428571428572,0.8685714285714284,0,/workspace/MasterDissertation/results/six_hour_numeric/B2__normal__seed3__origin0,B2,5,-984.8378972531916,normal,3,0.0857142857142857,0,7,Run-level descriptive proxy; replication-level expected cost/CVaR is computed in study_summary.json.,0,base,numerical_7_days,7,30,template,False,
1.2010282776349617,True,368.46238009619714,0.2857142857142857,101.75100501292944,6,0,0.8363636363636363,,0,1.0,6,0,0.9884881043745204,0,0,52.63748287088531,186.14285714285717,0.8457142857142858,0,/workspace/MasterDissertation/results/six_hour_numeric/B2__normal__seed4__origin0,B2,6,-978.63748059749,normal,4,0.0571428571428571,0,7,Run-level descriptive proxy; replication-level expected cost/CVaR is computed in study_summary.json.,0,base,numerical_7_days,7,30,template,False,
1.784575835475579,True,356.4940201035142,0.1428571428571428,84.4207250277996,4,0,0.8272727272727273,,0,1.0,4,0,0.8442677269715042,0,0,50.927717157644885,215.57142857142856,0.92,0,/workspace/MasterDissertation/results/six_hour_numeric/B2__normal__seed5__origin0,B2,4,-764.9360926062941,normal,5,0.0476190476190476,0,7,Run-level descriptive proxy; replication-level expected cost/CVaR is computed in study_summary.json.,0,base,numerical_7_days,7,30,template,False,
2.939845758354756,True,362.4341650319696,0.1428571428571428,82.85869005465507,6,0,0.8227272727272728,,0,1.0,6,0,0.982932505818464,0,0,51.77630929028137,184.14285714285717,0.8457142857142858,0,/workspace/MasterDissertation/results/six_hour_numeric/B2__normal__seed6__origin0,B2,6,-970.7200340374352,normal,6,0.0666666666666666,0,7,Run-level descriptive proxy; replication-level expected cost/CVaR is computed in study_summary.json.,0,base,numerical_7_days,7,30,template,False,
4.235989717223651,True,401.8145648802519,0.2857142857142857,123.56383981770276,6,0,0.8318181818181818,,0,0.8333333333333334,5,0,1.0086614173228348,0,0,57.402080697178846,181.42857142857144,0.937142857142857,0,/workspace/MasterDissertation/results/six_hour_numeric/B2__normal__seed7__origin0,B2,5,-914.1709488620222,normal,7,0.0428571428571428,0,7,Run-level descriptive proxy; replication-level expected cost/CVaR is computed in study_summary.json.,0,base,numerical_7_days,7,30,template,False,
13.218508997429304,True,439.8658797401786,0.4285714285714285,121.90936493808032,7,0,0.9590909090909092,,0,0.5714285714285714,4,0,0.969796454366382,0,0,62.83798282002552,217.57142857142856,0.4914285714285714,0,/workspace/MasterDissertation/results/six_hour_numeric/B3__derived_field_collapse__seed0__origin0,B3,4,-852.0568162339866,derived_field_collapse,0,0.019047619047619,0,7,Run-level descriptive proxy; replication-level expected cost/CVaR is computed in study_summary.json.,0,base,numerical_7_days,7,30,template,False,
9.274550128534706,True,489.21869983726737,0.4285714285714285,120.05355501896145,7,0,0.8818181818181818,,0,0.2857142857142857,2,0,1.1232423490488006,0,0,69.8883856910382,172.71428571428572,0.4571428571428572,0,/workspace/MasterDissertation/results/six_hour_numeric/B3__derived_field_collapse__seed1__origin0,B3,2,-701.2240553391634,derived_field_collapse,1,0.0380952380952381,0,7,Run-level descriptive proxy; replication-level expected cost/CVaR is computed in study_summary.json.,0,base,numerical_7_days,7,30,template,False,
8.423136246786632,True,481.3470149555207,0.5714285714285714,132.86113005292418,7,0,0.9136363636363636,,0,0.4285714285714285,3,0,1.088167053364269,0,0,68.7638592793601,184.7142857142857,0.4571428571428572,0,/workspace/MasterDissertation/results/six_hour_numeric/B3__derived_field_collapse__seed2__origin0,B3,3,-794.6331279608131,derived_field_collapse,2,0.0285714285714285,0,7,Run-level descriptive proxy; replication-level expected cost/CVaR is computed in study_summary.json.,0,base,numerical_7_days,7,30,template,False,
32.880205655527,True,593.8868496055603,0.7142857142857143,168.89987987458707,7,0,0.9590909090909092,,0,0.2857142857142857,2,0,0.8325817361894026,0,0,84.84097851508004,253.42857142857144,0.48,0,/workspace/MasterDissertation/results/six_hour_numeric/B3__derived_field_collapse__seed3__origin0,B3,2,-810.776837593019,derived_field_collapse,3,0.0142857142857142,0,7,Run-level descriptive proxy; replication-level expected cost/CVaR is computed in study_summary.json.,0,base,numerical_7_days,7,30,template,False,
25.377892030848336,True,535.2764498484134,0.5714285714285714,201.53605481767653,7,0,0.9227272727272728,,0,0.2857142857142857,2,0,0.8831572405220633,0,0,76.46806426405907,229.8571428571429,0.48,0,/workspace/MasterDissertation/results/six_hour_numeric/B3__derived_field_collapse__seed4__origin0,B3,2,-755.4300553301811,derived_field_collapse,4,0.019047619047619,0,7,Run-level descriptive proxy; replication-level expected cost/CVaR is computed in study_summary.json.,0,base,numerical_7_days,7,30,template,False,
14.607712082262212,True,435.26104467314485,0.2857142857142857,131.3651849525571,7,0,0.9090909090909092,,0,0.5714285714285714,4,0,0.9126466753585398,0,0,62.18014923902069,219.14285714285717,0.4857142857142857,0,/workspace/MasterDissertation/results/six_hour_numeric/B3__derived_field_collapse__seed5__origin0,B3,4,-848.3975631684006,derived_field_collapse,5,0.0285714285714285,0,7,Run-level descriptive proxy; replication-level expected cost/CVaR is computed in study_summary.json.,0,base,numerical_7_days,7,30,template,False,
10.896658097686377,True,482.8196550434828,0.4285714285714285,105.17253491020202,7,0,0.9136363636363636,,0,0.4285714285714285,3,0,0.9908450704225352,0,0,68.97423643478325,202.8571428571429,0.5028571428571429,0,/workspace/MasterDissertation/results/six_hour_numeric/B3__derived_field_collapse__seed6__origin0,B3,3,-793.336908534503,derived_field_collapse,6,0.0380952380952381,0,7,Run-level descriptive proxy; replication-level expected cost/CVaR is computed in study_summary.json.,0,base,numerical_7_days,7,30,template,False,
41.731619537275066,True,488.0400245440603,0.5714285714285714,212.32094981628657,7,0,0.9818181818181818,,0,0.2857142857142857,2,0,0.8253275109170305,0,0,69.72000350629433,261.7142857142857,0.48,0,/workspace/MasterDissertation/results/six_hour_numeric/B3__derived_field_collapse__seed7__origin0,B3,2,-709.272119525689,derived_field_collapse,7,0.0142857142857142,0,7,Run-level descriptive proxy; replication-level expected cost/CVaR is computed in study_summary.json.,0,base,numerical_7_days,7,30,template,False,
3.4133676092545,True,326.617729875505,0.4285714285714285,65.36829993784428,7,0,0.9454545454545454,,2,0.5714285714285714,4,0,1.1437549096622153,0,0,46.65967569650071,181.8571428571429,0.5371428571428571,0,/workspace/MasterDissertation/results/six_hour_numeric/B3__feed_gap__seed0__origin0,B3,2,-733.1545598692894,feed_gap,0,0.0285714285714285,0,7,Run-level descriptive proxy; replication-level expected cost/CVaR is computed in study_summary.json.,2,base,numerical_7_days,7,30,template,False,
3.068894601542417,True,523.3242696170211,0.2857142857142857,117.4239298439026,7,0,0.8363636363636363,,2,0.5714285714285714,4,0,1.1903881700554528,0,0,74.76060994528872,154.57142857142858,0.4571428571428572,0,/workspace/MasterDissertation/results/six_hour_numeric/B3__feed_gap__seed1__origin0,B3,2,-935.0666626014112,feed_gap,1,0.0619047619047619,0,7,Run-level descriptive proxy; replication-level expected cost/CVaR is computed in study_summary.json.,2,base,numerical_7_days,7,30,template,False,
1.0647814910025708,True,419.8048098174929,0.4285714285714285,89.04906000173092,7,0,0.8863636363636364,,3,0.4285714285714285,3,0,1.1470588235294117,0,0,59.97211568821327,170.0,0.4571428571428572,0,/workspace/MasterDissertation/results/six_hour_numeric/B3__feed_gap__seed2__origin0,B3,0,-728.7097158176659,feed_gap,2,0.0333333333333333,0,7,Run-level descriptive proxy; replication-level expected cost/CVaR is computed in study_summary.json.,3,base,numerical_7_days,7,30,template,False,
2.1300771208226226,True,529.968839666903,0.4285714285714285,109.95018500173092,7,0,0.8909090909090909,,3,0.5714285714285714,4,0,1.167659574468085,0,0,75.709834238129,167.85714285714286,0.5028571428571429,0,/workspace/MasterDissertation/results/six_hour_numeric/B3__feed_gap__seed3__origin0,B3,1,-940.963858167076,feed_gap,3,0.0428571428571428,0,7,Run-level descriptive proxy; replication-level expected cost/CVaR is computed in study_summary.json.,3,base,numerical_7_days,7,30,template,False,
0.2838046272493574,True,437.2489594835044,0.4285714285714285,87.80054498130083,7,0,0.8863636363636364,,3,0.4285714285714285,3,0,1.150927487352445,0,0,62.46413706907206,169.42857142857142,0.48,0,/workspace/MasterDissertation/results/six_hour_numeric/B3__feed_gap__seed4__origin0,B3,0,-746.0290139816345,feed_gap,4,0.0619047619047619,0,7,Run-level descriptive proxy; replication-level expected cost/CVaR is computed in study_summary.json.,3,base,numerical_7_days,7,30,template,False,
2.486375321336761,True,299.49728993558887,0.1428571428571428,80.98851990747451,7,0,0.9272727272727272,,2,0.4285714285714285,3,0,1.059347181008902,0,0,42.78532713365555,192.57142857142856,0.4628571428571429,0,/workspace/MasterDissertation/results/six_hour_numeric/B3__feed_gap__seed5__origin0,B3,1,-607.5961419263363,feed_gap,5,0.0285714285714285,0,7,Run-level descriptive proxy; replication-level expected cost/CVaR is computed in study_summary.json.,2,base,numerical_7_days,7,30,template,False,
2.603598971722365,True,414.19423975974325,0.2857142857142857,112.12247982895376,7,0,0.8909090909090909,,2,0.4285714285714285,3,0,1.155855096882898,0,0,59.17060567996332,169.57142857142858,0.48,0,/workspace/MasterDissertation/results/six_hour_numeric/B3__feed_gap__seed6__origin0,B3,1,-725.4064877426387,feed_gap,6,0.0476190476190476,0,7,Run-level descriptive proxy; replication-level expected cost/CVaR is computed in study_summary.json.,2,base,numerical_7_days,7,30,template,False,
3.0005141388174814,True,371.5224446741939,0.4285714285714285,69.66851500535012,7,0,0.9772727272727272,,2,0.4285714285714285,3,0,1.0757684060042887,0,0,53.07463495345627,199.8571428571429,0.5257142857142857,0,/workspace/MasterDissertation/results/six_hour_numeric/B3__feed_gap__seed7__origin0,B3,1,-678.4892961747289,feed_gap,7,0.019047619047619,0,7,Run-level descriptive proxy; replication-level expected cost/CVaR is computed in study_summary.json.,2,base,numerical_7_days,7,30,template,False,
3.1377892030848336,True,320.0423045619726,0.8571428571428571,65.24682990723849,7,0,0.9818181818181818,,0,0.0,0,0,1.204780876494024,0,0,45.72032922313895,179.28571428571428,0.9142857142857144,0,/workspace/MasterDissertation/results/six_hour_numeric/B3__normal__seed0__origin0,B3,0,-326.5669875526965,normal,0,0.0095238095238095,0,7,Run-level descriptive proxy; replication-level expected cost/CVaR is computed in study_summary.json.,0,base,numerical_7_days,7,30,template,False,
3.4287917737789213,True,386.8816196205616,0.5714285714285714,101.838184956491,7,0,0.9318181818181818,,0,0.1428571428571428,1,0,1.4,0,0,55.268802802937365,146.42857142857142,0.7999999999999999,0,/workspace/MasterDissertation/results/six_hour_numeric/B3__normal__seed1__origin0,B3,1,-497.06543811621066,normal,1,0.019047619047619,0,7,Run-level descriptive proxy; replication-level expected cost/CVaR is computed in study_summary.json.,0,base,numerical_7_days,7,30,template,False,
3.407197943444731,True,378.8719648760557,0.2857142857142857,81.516079970181,7,0,0.9181818181818182,,0,0.0,0,0,1.2647584973166368,0,0,54.1245664108651,159.71428571428572,0.7999999999999999,0,/workspace/MasterDissertation/results/six_hour_numeric/B3__normal__seed2__origin0,B3,0,-387.0235728730738,normal,2,0.0380952380952381,0,7,Run-level descriptive proxy; replication-level expected cost/CVaR is computed in study_summary.json.,0,base,numerical_7_days,7,30,template,False,
1.953213367609255,True,396.7096895734072,0.5714285714285714,106.03354999881984,7,0,0.9545454545454546,,0,0.0,0,0,1.2985865724381624,0,0,56.67281279620102,161.71428571428572,0.8914285714285713,0,/workspace/MasterDissertation/results/six_hour_numeric/B3__normal__seed3__origin0,B3,0,-407.3130445732891,normal,3,0.019047619047619,0,7,Run-level descriptive proxy; replication-level expected cost/CVaR is computed in study_summary.json.,0,base,numerical_7_days,7,30,template,False,
2.490488431876607,True,384.802789565146,0.5714285714285714,93.15420499771834,7,0,0.95,,0,0.0,0,0,1.2833333333333332,0,0,54.97182708073514,162.85714285714286,0.8457142857142858,0,/workspace/MasterDissertation/results/six_hour_numeric/B3__normal__seed4__origin0,B3,0,-394.1182100649178,normal,4,0.019047619047619,0,7,Run-level descriptive proxy; replication-level expected cost/CVaR is computed in study_summary.json.,0,base,numerical_7_days,7,30,template,False,
4.86375321336761,True,298.61518981337554,0.4285714285714285,105.43793490731716,7,0,0.9318181818181818,,0,0.0,0,0,1.075712143928036,0,0,42.65931283048222,190.57142857142856,0.8057142857142857,0,/workspace/MasterDissertation/results/six_hour_numeric/B3__normal__seed5__origin0,B3,0,-309.15898330410727,normal,5,0.0238095238095238,0,7,Run-level descriptive proxy; replication-level expected cost/CVaR is computed in study_summary.json.,0,base,numerical_7_days,7,30,template,False,
5.980462724935734,True,381.3616447868347,0.5714285714285714,152.4665049060583,7,0,0.9272727272727272,,0,0.0,0,0,1.2374350086655113,0,0,54.480234969547816,164.85714285714286,0.8228571428571428,0,/workspace/MasterDissertation/results/six_hour_numeric/B3__normal__seed6__origin0,B3,0,-396.6082952774405,normal,6,0.019047619047619,0,7,Run-level descriptive proxy; replication-level expected cost/CVaR is computed in study_summary.json.,0,base,numerical_7_days,7,30,template,False,
7.629305912596403,True,362.4697145678997,0.5714285714285714,98.03919991070032,7,0,0.9727272727272728,,0,0.0,0,0,1.0345303867403317,0,0,51.78138779541424,206.8571428571429,0.8914285714285713,0,/workspace/MasterDissertation/results/six_hour_numeric/B3__normal__seed7__origin0,B3,0,-372.2736345589697,normal,7,0.019047619047619,0,7,Run-level descriptive proxy; replication-level expected cost/CVaR is computed in study_summary.json.,0,base,numerical_7_days,7,30,template,False,
7.240616966580977,True,303.0534298032522,0.5714285714285714,79.21703483349084,4,0,0.9590909090909092,,0,0.0,0,3,1.143188854489164,0,0,43.29334711475031,184.57142857142856,0.5371428571428571,0,/workspace/MasterDissertation/results/six_hour_numeric/B4__derived_field_collapse__seed0__origin0,B4,0,-316.97513328660125,derived_field_collapse,0,0.0142857142857142,0,7,Run-level descriptive proxy; replication-level expected cost/CVaR is computed in study_summary.json.,0,base,numerical_7_days,7,30,template,False,
11.239588688946016,True,396.4075547075272,0.4285714285714285,141.74411967104675,4,0,0.8727272727272727,,0,0.25,1,3,1.2537313432835822,0,0,56.629650672503885,153.14285714285714,0.4571428571428572,0,/workspace/MasterDissertation/results/six_hour_numeric/B4__derived_field_collapse__seed1__origin0,B4,1,-516.5819666746319,derived_field_collapse,1,0.0428571428571428,0,7,Run-level descriptive proxy; replication-level expected cost/CVaR is computed in study_summary.json.,0,base,numerical_7_days,7,30,template,False,
5.108483290488433,True,366.13336484825606,0.2857142857142857,97.80544996970892,4,0,0.8818181818181818,,0,0.0,0,3,1.1421362489486964,0,0,52.30476640689373,169.85714285714286,0.5028571428571429,0,/workspace/MasterDissertation/results/six_hour_numeric/B4__derived_field_collapse__seed2__origin0,B4,0,-381.91390984522695,derived_field_collapse,2,0.0476190476190476,0,7,Run-level descriptive proxy; replication-level expected cost/CVaR is computed in study_summary.json.,0,base,numerical_7_days,7,30,template,False,
8.744987146529564,True,424.46885467356446,0.2857142857142857,124.0783146455288,4,0,0.8954545454545455,,0,0.0,0,3,1.226868327402135,0,0,60.63840781050921,160.57142857142858,0.5028571428571428,0,/workspace/MasterDissertation/results/six_hour_numeric/B4__derived_field_collapse__seed3__origin0,B4,0,-442.87668613811735,derived_field_collapse,3,0.0428571428571428,0,7,Run-level descriptive proxy; replication-level expected cost/CVaR is computed in study_summary.json.,0,base,numerical_7_days,7,30,template,False,
10.447300771208228,True,386.8051498633623,0.4285714285714285,132.25426985502244,4,0,0.8954545454545455,,0,0.0,0,3,1.193939393939394,0,0,55.2578785519089,165.0,0.5028571428571429,0,/workspace/MasterDissertation/results/six_hour_numeric/B4__derived_field_collapse__seed4__origin0,B4,0,-406.0305768488645,derived_field_collapse,4,0.0238095238095238,0,7,Run-level descriptive proxy; replication-level expected cost/CVaR is computed in study_summary.json.,0,base,numerical_7_days,7,30,template,False,
8.104884318766068,True,318.7221949062944,0.2857142857142857,156.26534490668774,4,0,0.8954545454545455,,0,0.0,0,3,0.99137311286844,0,0,45.53174212947062,198.7142857142857,0.4857142857142857,0,/workspace/MasterDissertation/results/six_hour_numeric/B4__derived_field_collapse__seed5__origin0,B4,0,-340.3487293969631,derived_field_collapse,5,0.0380952380952381,0,7,Run-level descriptive proxy; replication-level expected cost/CVaR is computed in study_summary.json.,0,base,numerical_7_days,7,30,template,False,
7.347043701799487,True,384.4352800343037,0.4285714285714285,173.12121494817734,4,0,0.8727272727272727,,0,0.0,0,3,1.1209341117598,0,0,54.91932571918624,171.28571428571428,0.48,0,/workspace/MasterDissertation/results/six_hour_numeric/B4__derived_field_collapse__seed6__origin0,B4,0,-407.7474015291214,derived_field_collapse,6,0.0619047619047619,0,7,Run-level descriptive proxy; replication-level expected cost/CVaR is computed in study_summary.json.,0,base,numerical_7_days,7,30,template,False,
15.84781491002571,True,461.4487245806456,0.4285714285714285,203.4242398180961,4,0,0.8454545454545455,,0,0.0,0,3,1.021978021978022,0,0,65.92124636866366,182.0,0.5257142857142857,0,/workspace/MasterDissertation/results/six_hour_numeric/B4__derived_field_collapse__seed7__origin0,B4,0,-487.7911485624552,derived_field_collapse,7,0.0571428571428571,0,7,Run-level descriptive proxy; replication-level expected cost/CVaR is computed in study_summary.json.,0,base,numerical_7_days,7,30,template,False,
7.337275064267353,True,306.0828048032522,0.5714285714285714,79.21703483349084,4,0,0.9590909090909092,,0,0.0,0,3,1.1440743609604958,0,0,43.726114971893175,184.42857142857144,0.5371428571428571,0,/workspace/MasterDissertation/results/six_hour_numeric/B4__feed_gap__seed0__origin0,B4,0,-320.00450828660126,feed_gap,0,0.0142857142857142,0,7,Run-level descriptive proxy; replication-level expected cost/CVaR is computed in study_summary.json.,0,base,numerical_7_days,7,30,template,False,
10.667352185089976,True,391.108554702282,0.4285714285714285,142.87609968161584,4,0,0.8727272727272727,,0,0.25,1,3,1.2513966480446927,0,0,55.87265067175457,153.42857142857142,0.4571428571428572,0,/workspace/MasterDissertation/results/six_hour_numeric/B4__feed_gap__seed1__origin0,B4,1,-511.3961646704436,feed_gap,1,0.0428571428571428,0,7,Run-level descriptive proxy; replication-level expected cost/CVaR is computed in study_summary.json.,0,base,numerical_7_days,7,30,template,False,
5.108483290488433,True,366.13336484825606,0.2857142857142857,97.80544996970892,4,0,0.8818181818181818,,0,0.0,0,3,1.1421362489486964,0,0,52.30476640689373,169.85714285714286,0.5028571428571429,0,/workspace/MasterDissertation/results/six_hour_numeric/B4__feed_gap__seed2__origin0,B4,0,-381.91390984522695,feed_gap,2,0.0476190476190476,0,7,Run-level descriptive proxy; replication-level expected cost/CVaR is computed in study_summary.json.,0,base,numerical_7_days,7,30,template,False,
8.744987146529564,True,424.46885467356446,0.2857142857142857,124.0783146455288,4,0,0.8954545454545455,,0,0.0,0,3,1.226868327402135,0,0,60.63840781050921,160.57142857142858,0.5028571428571428,0,/workspace/MasterDissertation/results/six_hour_numeric/B4__feed_gap__seed3__origin0,B4,0,-442.87668613811735,feed_gap,3,0.0428571428571428,0,7,Run-level descriptive proxy; replication-level expected cost/CVaR is computed in study_summary.json.,0,base,numerical_7_days,7,30,template,False,
10.447300771208228,True,386.8051498633623,0.4285714285714285,132.25426985502244,4,0,0.8954545454545455,,0,0.0,0,3,1.193939393939394,0,0,55.2578785519089,165.0,0.5028571428571429,0,/workspace/MasterDissertation/results/six_hour_numeric/B4__feed_gap__seed4__origin0,B4,0,-406.0305768488645,feed_gap,4,0.0238095238095238,0,7,Run-level descriptive proxy; replication-level expected cost/CVaR is computed in study_summary.json.,0,base,numerical_7_days,7,30,template,False,
8.104884318766068,True,299.3129449062943,0.4285714285714285,148.4790299064517,4,0,0.9090909090909092,,0,0.0,0,3,1.0021474588403725,0,0,42.75899212947062,199.57142857142856,0.4857142857142857,0,/workspace/MasterDissertation/results/six_hour_numeric/B4__feed_gap__seed5__origin0,B4,0,-320.1608478969395,feed_gap,5,0.0285714285714285,0,7,Run-level descriptive proxy; replication-level expected cost/CVaR is computed in study_summary.json.,0,base,numerical_7_days,7,30,template,False,
7.347043701799487,True,384.4352800343037,0.4285714285714285,173.12121494817734,4,0,0.8727272727272727,,0,0.0,0,3,1.1209341117598,0,0,54.91932571918624,171.28571428571428,0.48,0,/workspace/MasterDissertation/results/six_hour_numeric/B4__feed_gap__seed6__origin0,B4,0,-407.7474015291214,feed_gap,6,0.0619047619047619,0,7,Run-level descriptive proxy; replication-level expected cost/CVaR is computed in study_summary.json.,0,base,numerical_7_days,7,30,template,False,
15.693059125964014,True,455.8972445805669,0.4285714285714285,202.03455481833225,4,0,0.85,,0,0.0,0,3,1.029897718332022,0,0,65.12817779722384,181.57142857142856,0.5257142857142857,0,/workspace/MasterDissertation/results/six_hour_numeric/B4__feed_gap__seed7__origin0,B4,0,-482.1007000624001,feed_gap,7,0.0571428571428571,0,7,Run-level descriptive proxy; replication-level expected cost/CVaR is computed in study_summary.json.,0,base,numerical_7_days,7,30,template,False,
3.638560411311055,True,306.7476595620513,0.8571428571428571,65.2405999071598,7,0,0.9863636363636364,,0,0.0,0,0,1.2502057613168724,0,0,43.82109422315019,173.57142857142858,0.9142857142857144,0,/workspace/MasterDissertation/results/six_hour_numeric/B4__normal__seed0__origin0,B4,0,-313.2717195527673,normal,0,0.0095238095238095,0,7,Run-level descriptive proxy; replication-level expected cost/CVaR is computed in study_summary.json.,0,base,numerical_7_days,7,30,template,False,
3.5789203084832906,True,396.60528958940506,0.4285714285714285,101.838184956491,7,0,0.9227272727272728,,0,0.0,0,0,1.380952380952381,0,0,56.65789851277215,147.0,0.7999999999999999,0,/workspace/MasterDissertation/results/six_hour_numeric/B4__normal__seed1__origin0,B4,0,-406.7891080850542,normal,1,0.0238095238095238,0,7,Run-level descriptive proxy; replication-level expected cost/CVaR is computed in study_summary.json.,0,base,numerical_7_days,7,30,template,False,
2.0508997429305915,True,368.6762548444271,0.4285714285714285,66.58324497002364,7,0,0.9272727272727272,,0,0.1428571428571428,1,0,1.2795698924731185,0,0,52.66803640634673,159.42857142857142,0.7999999999999999,0,/workspace/MasterDissertation/results/six_hour_numeric/B4__normal__seed2__origin0,B4,1,-475.3345793414295,normal,2,0.0285714285714285,0,7,Run-level descriptive proxy; replication-level expected cost/CVaR is computed in study_summary.json.,0,base,numerical_7_days,7,30,template,False,
1.953213367609255,True,396.7096895734072,0.5714285714285714,106.03354999881984,7,0,0.9545454545454546,,0,0.0,0,0,1.2985865724381624,0,0,56.67281279620102,161.71428571428572,0.8914285714285713,0,/workspace/MasterDissertation/results/six_hour_numeric/B4__normal__seed3__origin0,B4,0,-407.3130445732891,normal,3,0.019047619047619,0,7,Run-level descriptive proxy; replication-level expected cost/CVaR is computed in study_summary.json.,0,base,numerical_7_days,7,30,template,False,
2.266323907455013,True,362.7518795447946,0.4285714285714285,83.20652499842645,7,0,0.9545454545454546,,0,0.2857142857142857,2,0,1.3066666666666666,0,0,51.8216970778278,160.71428571428572,0.8457142857142858,0,/workspace/MasterDissertation/results/six_hour_numeric/B4__normal__seed4__origin0,B4,2,-571.0725320446372,normal,4,0.019047619047619,0,7,Run-level descriptive proxy; replication-level expected cost/CVaR is computed in study_summary.json.,0,base,numerical_7_days,7,30,template,False,
4.987146529562983,True,302.64256481337543,0.2857142857142857,98.28792990684508,7,0,0.9272727272727272,,0,0.0,0,0,1.0625,0,0,43.23465211619649,192.0,0.8057142857142857,0,/workspace/MasterDissertation/results/six_hour_numeric/B4__normal__seed5__origin0,B4,0,-312.47135780405995,normal,5,0.0285714285714285,0,7,Run-level descriptive proxy; replication-level expected cost/CVaR is computed in study_summary.json.,0,base,numerical_7_days,7,30,template,False,
5.653470437017996,True,379.9866447868347,0.5714285714285714,151.0915049060583,7,0,0.9272727272727272,,0,0.0,0,0,1.2374350086655113,0,0,54.28380639811924,164.85714285714286,0.8228571428571428,0,/workspace/MasterDissertation/results/six_hour_numeric/B4__normal__seed6__origin0,B4,0,-395.0957952774405,normal,6,0.019047619047619,0,7,Run-level descriptive proxy; replication-level expected cost/CVaR is computed in study_summary.json.,0,base,numerical_7_days,7,30,template,False,
9.867352185089974,True,367.838114568293,0.5714285714285714,105.20801491093636,7,0,0.9727272727272728,,0,0.0,0,0,1.0345303867403317,0,0,52.54830208118472,206.8571428571429,0.8914285714285713,0,/workspace/MasterDissertation/results/six_hour_numeric/B4__normal__seed7__origin0,B4,0,-378.3589160593867,normal,7,0.019047619047619,0,7,Run-level descriptive proxy; replication-level expected cost/CVaR is computed in study_summary.json.,0,base,numerical_7_days,7,30,template,False,
71.25192802056557,True,580.278779896617,0.4285714285714285,280.3571049535275,5,0,0.9454545454545454,,0,0.8,4,0,0.8425925925925926,0,0,82.89696855665957,246.8571428571429,0.4571428571428572,0,/workspace/MasterDissertation/results/six_hour_numeric_extension/B1__derived_field_collapse__seed10__origin0,B1,4,-1008.3144903919698,derived_field_collapse,10,0.0285714285714285,0,7,Run-level descriptive proxy; replication-level expected cost/CVaR is computed in study_summary.json.,0,extension,numerical_7_days,7,30,template,False,
51.06221079691517,True,656.1217800887227,0.5714285714285714,249.3704898528457,6,0,0.95,,0,0.6666666666666666,4,0,0.7050602409638553,0,0,93.73168286981752,296.42857142857144,0.48,0,/workspace/MasterDissertation/results/six_hour_numeric_extension/B1__derived_field_collapse__seed11__origin0,B1,4,-1081.0588290740077,derived_field_collapse,11,0.0142857142857142,0,7,Run-level descriptive proxy; replication-level expected cost/CVaR is computed in study_summary.json.,0,extension,numerical_7_days,7,30,template,False,
58.45758354755785,True,657.4775643629432,0.7142857142857143,264.27966972953084,5,0,0.9454545454545454,,0,1.0,5,0,0.760313315926893,0,0,93.92536633756332,273.57142857142856,0.4571428571428572,0,/workspace/MasterDissertation/results/six_hour_numeric_extension/B1__derived_field_collapse__seed12__origin0,B1,5,-1183.9055313358965,derived_field_collapse,12,0.019047619047619,0,7,Run-level descriptive proxy; replication-level expected cost/CVaR is computed in study_summary.json.,0,extension,numerical_7_days,7,30,template,False,
43.6478149100257,True,587.078624695778,0.2857142857142857,260.15532961875203,7,0,0.9090909090909092,,0,1.0,7,0,0.7821229050279329,0,0,83.86837495653971,255.7142857142857,0.5028571428571429,0,/workspace/MasterDissertation/results/six_hour_numeric_extension/B1__derived_field_collapse__seed13__origin0,B1,7,-1313.094157657653,derived_field_collapse,13,0.0333333333333333,0,7,Run-level descriptive proxy; replication-level expected cost/CVaR is computed in study_summary.json.,0,extension,numerical_7_days,7,30,template,False,
45.03341902313626,True,591.9573298134803,0.5714285714285714,232.3988097624183,6,0,0.9272727272727272,,0,0.8333333333333334,5,0,0.816,0,0,84.56533283049718,250.0,0.48,0,/workspace/MasterDissertation/results/six_hour_numeric_extension/B1__derived_field_collapse__seed14__origin0,B1,5,-1115.1972107897222,derived_field_collapse,14,0.0142857142857142,0,7,Run-level descriptive proxy; replication-level expected cost/CVaR is computed in study_summary.json.,0,extension,numerical_7_days,7,30,template,False,
31.52339331619537,True,539.3821297264099,0.4285714285714285,168.9000447682142,7,0,0.9227272727272728,,0,1.0,7,0,0.9342537804076266,0,0,77.05458996091569,217.28571428571428,0.5028571428571428,0,/workspace/MasterDissertation/results/six_hour_numeric_extension/B1__derived_field_collapse__seed15__origin0,B1,7,-1256.2721342032314,derived_field_collapse,15,0.0380952380952381,0,7,Run-level descriptive proxy; replication-level expected cost/CVaR is computed in study_summary.json.,0,extension,numerical_7_days,7,30,template,False,
53.04061696658098,True,534.7902598291637,0.7142857142857143,227.77957963448765,6,0,0.9409090909090908,,0,1.0,6,0,0.8195701357466063,0,0,76.39860854702339,252.57142857142856,0.5028571428571429,0,/workspace/MasterDissertation/results/six_hour_numeric_extension/B1__derived_field_collapse__seed16__origin0,B1,6,-1157.5682177926124,derived_field_collapse,16,0.0095238095238095,0,7,Run-level descriptive proxy; replication-level expected cost/CVaR is computed in study_summary.json.,0,extension,numerical_7_days,7,30,template,False,
29.27403598971723,True,628.4330496073962,0.2857142857142857,218.41945980608463,6,0,0.9045454545454544,,0,1.0,6,0,0.7932801822323462,0,0,89.77614994391375,250.8571428571429,0.4571428571428572,0,/workspace/MasterDissertation/results/six_hour_numeric_extension/B1__derived_field_collapse__seed17__origin0,B1,6,-1250.274995588005,derived_field_collapse,17,0.0333333333333333,0,7,Run-level descriptive proxy; replication-level expected cost/CVaR is computed in study_summary.json.,0,extension,numerical_7_days,7,30,template,False,
41.35578406169667,True,580.607804775715,0.4285714285714285,226.49120476561788,7,0,0.9136363636363636,,0,1.0,7,0,0.8984674329501915,0,0,82.94397211081642,223.7142857142857,0.4571428571428572,0,/workspace/MasterDissertation/results/six_hour_numeric_extension/B1__derived_field_collapse__seed18__origin0,B1,7,-1303.2569252522767,derived_field_collapse,18,0.0238095238095238,0,7,Run-level descriptive proxy; replication-level expected cost/CVaR is computed in study_summary.json.,0,extension,numerical_7_days,7,30,template,False,
81.3470437017995,True,613.120134726882,0.4285714285714285,299.3019650707841,7,0,0.9272727272727272,,0,0.8571428571428571,6,0,0.7799016930638996,0,0,87.58859067526886,261.57142857142856,0.4571428571428572,0,/workspace/MasterDissertation/results/six_hour_numeric_extension/B1__derived_field_collapse__seed19__origin0,B1,6,-1243.0503312339606,derived_field_collapse,19,0.019047619047619,0,7,Run-level descriptive proxy; replication-level expected cost/CVaR is computed in study_summary.json.,0,extension,numerical_7_days,7,30,template,False,
69.23598971722367,True,736.0479802380801,0.2857142857142857,301.3294299927354,7,0,0.9363636363636364,,0,1.0,7,0,0.7013618677042801,0,0,105.14971146258289,293.7142857142857,0.4571428571428572,0,/workspace/MasterDissertation/results/six_hour_numeric_extension/B1__derived_field_collapse__seed20__origin0,B1,7,-1466.1809232373537,derived_field_collapse,20,0.0285714285714285,0,7,Run-level descriptive proxy; replication-level expected cost/CVaR is computed in study_summary.json.,0,extension,numerical_7_days,7,30,template,False,
46.88174807197943,True,604.1116548644901,0.2857142857142857,178.55188509076837,5,0,0.9363636363636364,,0,1.0,5,0,0.7940528634361232,0,0,86.30166498064145,259.42857142857144,0.4571428571428572,0,/workspace/MasterDissertation/results/six_hour_numeric_extension/B1__derived_field_collapse__seed21__origin0,B1,5,-1121.966843373567,derived_field_collapse,21,0.0333333333333333,0,7,Run-level descriptive proxy; replication-level expected cost/CVaR is computed in study_summary.json.,0,extension,numerical_7_days,7,30,template,False,
34.684832904884324,True,605.1472442481518,0.5714285714285714,203.71669476991892,6,0,0.9227272727272728,,0,1.0,6,0,0.7894444444444444,0,0,86.44960632116454,257.1428571428572,0.4571428571428572,0,/workspace/MasterDissertation/results/six_hour_numeric_extension/B1__derived_field_collapse__seed22__origin0,B1,6,-1225.5189137251436,derived_field_collapse,22,0.0238095238095238,0,7,Run-level descriptive proxy; replication-level expected cost/CVaR is computed in study_summary.json.,0,extension,numerical_7_days,7,30,template,False,
44.37686375321338,True,576.3640743094684,0.7142857142857143,189.19669455158717,7,0,0.9818181818181818,,0,1.0,7,0,0.902147971360382,0,0,82.33772490135263,239.42857142857144,0.48,0,/workspace/MasterDissertation/results/six_hour_numeric_extension/B1__derived_field_collapse__seed23__origin0,B1,7,-1295.2837437646272,derived_field_collapse,23,0.0142857142857142,0,7,Run-level descriptive proxy; replication-level expected cost/CVaR is computed in study_summary.json.,0,extension,numerical_7_days,7,30,template,False,
50.94858611825194,True,629.7713348611594,0.2857142857142857,265.4369248578549,7,0,0.9090909090909092,,0,0.8571428571428571,6,0,0.7936507936507936,0,0,89.9673335515942,252.0,0.5028571428571428,0,/workspace/MasterDissertation/results/six_hour_numeric_extension/B1__derived_field_collapse__seed24__origin0,B1,6,-1256.315027346945,derived_field_collapse,24,0.0380952380952381,0,7,Run-level descriptive proxy; replication-level expected cost/CVaR is computed in study_summary.json.,0,extension,numerical_7_days,7,30,template,False,
43.44113110539847,True,622.8026097422244,0.4285714285714285,224.4111600734592,7,0,0.9090909090909092,,0,1.0,7,0,0.8073817762399077,0,0,88.97180139174634,247.7142857142857,0.4571428571428572,0,/workspace/MasterDissertation/results/six_hour_numeric_extension/B1__derived_field_collapse__seed25__origin0,B1,7,-1345.2437257495703,derived_field_collapse,25,0.019047619047619,0,7,Run-level descriptive proxy; replication-level expected cost/CVaR is computed in study_summary.json.,0,extension,numerical_7_days,7,30,template,False,
28.71568123393316,True,567.4850393278003,0.1428571428571428,207.3844796158672,7,0,0.9181818181818182,,0,1.0,7,0,0.9651877133105804,0,0,81.0692913325429,209.28571428571428,0.4571428571428572,0,/workspace/MasterDissertation/results/six_hour_numeric_extension/B1__derived_field_collapse__seed26__origin0,B1,7,-1288.223487289387,derived_field_collapse,26,0.0333333333333333,0,7,Run-level descriptive proxy; replication-level expected cost/CVaR is computed in study_summary.json.,0,extension,numerical_7_days,7,30,template,False,
48.97377892030848,True,637.6306502790451,0.7142857142857143,270.3956700022817,7,0,0.9318181818181818,,0,1.0,7,0,0.7548658600736455,0,0,91.09009289700644,271.57142857142856,0.48,0,/workspace/MasterDissertation/results/six_hour_numeric_extension/B1__derived_field_collapse__seed27__origin0,B1,7,-1364.6702172792734,derived_field_collapse,27,0.0142857142857142,0,7,Run-level descriptive proxy; replication-level expected cost/CVaR is computed in study_summary.json.,0,extension,numerical_7_days,7,30,template,False,
54.50231362467867,True,653.1997147206665,0.5714285714285714,202.8552849298716,7,0,0.9136363636363636,,0,1.0,7,0,0.7756339581036383,0,0,93.31424496009522,259.1428571428572,0.5257142857142857,0,/workspace/MasterDissertation/results/six_hour_numeric_extension/B1__derived_field_collapse__seed28__origin0,B1,7,-1373.4852432136536,derived_field_collapse,28,0.0142857142857142,0,7,Run-level descriptive proxy; replication-level expected cost/CVaR is computed in study_summary.json.,0,extension,numerical_7_days,7,30,template,False,
58.57480719794345,True,687.3475345843434,0.5714285714285714,261.8863997138739,6,0,0.9318181818181818,,0,1.0,6,0,0.8228211009174312,0,0,98.19250494062048,249.14285714285717,0.4571428571428572,0,/workspace/MasterDissertation/results/six_hour_numeric_extension/B1__derived_field_collapse__seed29__origin0,B1,6,-1313.536174555731,derived_field_collapse,29,0.0142857142857142,0,7,Run-level descriptive proxy; replication-level expected cost/CVaR is computed in study_summary.json.,0,extension,numerical_7_days,7,30,template,False,
65.19434447300772,True,676.9178850114346,0.5714285714285714,255.4738397560716,7,0,0.9227272727272728,,0,0.8571428571428571,6,0,0.7235234215885947,0,0,96.70255500163351,280.57142857142856,0.4571428571428572,0,/workspace/MasterDissertation/results/six_hour_numeric_extension/B1__derived_field_collapse__seed8__origin0,B1,6,-1302.4652689870418,derived_field_collapse,8,0.0142857142857142,0,7,Run-level descriptive proxy; replication-level expected cost/CVaR is computed in study_summary.json.,0,extension,numerical_7_days,7,30,template,False,
55.51413881748073,True,667.0215497706532,0.2857142857142857,258.4668849838972,5,0,0.8545454545454545,,0,1.0,5,0,0.8245614035087719,0,0,95.28879282437904,228.0,0.48,0,/workspace/MasterDissertation/results/six_hour_numeric_extension/B1__derived_field_collapse__seed9__origin0,B1,5,-1192.868238269043,derived_field_collapse,9,0.0428571428571428,0,7,Run-level descriptive proxy; replication-level expected cost/CVaR is computed in study_summary.json.,0,extension,numerical_7_days,7,30,template,False,
2.5192802056555275,True,431.3532197690009,0.1428571428571428,97.45669489645958,7,0,0.9136363636363636,,0,1.0,7,0,1.0195652173913043,0,0,61.62188853842871,197.14285714285717,0.48,0,/workspace/MasterDissertation/results/six_hour_numeric_extension/B1__feed_gap__seed10__origin0,B1,7,-1141.098889258647,feed_gap,10,0.0428571428571428,0,7,Run-level descriptive proxy; replication-level expected cost/CVaR is computed in study_summary.json.,0,extension,numerical_7_days,7,30,template,False,
1.279177377892031,True,448.666744631052,0.4285714285714285,86.65796000409127,7,0,0.9272727272727272,,0,1.0,7,0,0.821161587119034,0,0,64.09524923300742,248.42857142857144,0.48,0,/workspace/MasterDissertation/results/six_hour_numeric_extension/B1__feed_gap__seed11__origin0,B1,7,-1157.3325406314611,feed_gap,11,0.0238095238095238,0,7,Run-level descriptive proxy; replication-level expected cost/CVaR is computed in study_summary.json.,0,extension,numerical_7_days,7,30,template,False,
2.034961439588689,True,456.8072897611857,0.2857142857142857,88.40066987639666,7,0,0.8909090909090909,,0,1.0,7,0,0.9257759784075572,0,0,65.25818425159795,211.7142857142857,0.48,0,/workspace/MasterDissertation/results/six_hour_numeric_extension/B1__feed_gap__seed12__origin0,B1,7,-1165.6473567488254,feed_gap,12,0.0523809523809523,0,7,Run-level descriptive proxy; replication-level expected cost/CVaR is computed in study_summary.json.,0,extension,numerical_7_days,7,30,template,False,
1.1943444730077122,True,422.6814196574092,0.2857142857142857,92.41154498130084,7,0,0.9090909090909092,,0,1.0,7,0,0.9126466753585398,0,0,60.38305995105845,219.14285714285717,0.5028571428571429,0,/workspace/MasterDissertation/results/six_hour_numeric_extension/B1__feed_gap__seed13__origin0,B1,7,-1131.9225741555392,feed_gap,13,0.0333333333333333,0,7,Run-level descriptive proxy; replication-level expected cost/CVaR is computed in study_summary.json.,0,extension,numerical_7_days,7,30,template,False,
1.0416452442159383,True,433.9696244603992,0.2857142857142857,81.94484498733283,7,0,0.8863636363636364,,0,1.0,7,0,0.9605911330049262,0,0,61.99566063719988,203.0,0.48,0,/workspace/MasterDissertation/results/six_hour_numeric_extension/B1__feed_gap__seed14__origin0,B1,7,-1142.1641089591326,feed_gap,14,0.0238095238095238,0,7,Run-level descriptive proxy; replication-level expected cost/CVaR is computed in study_summary.json.,0,extension,numerical_7_days,7,30,template,False,
2.698714652956298,True,447.7253197784424,0.1428571428571428,109.4217250612378,7,0,0.9045454545454544,,0,1.0,7,0,1.1197749196141478,0,0,63.96075996834891,177.71428571428572,0.5028571428571428,0,/workspace/MasterDissertation/results/six_hour_numeric_extension/B1__feed_gap__seed15__origin0,B1,7,-1158.6674922845662,feed_gap,15,0.0523809523809523,0,7,Run-level descriptive proxy; replication-level expected cost/CVaR is computed in study_summary.json.,0,extension,numerical_7_days,7,30,template,False,
3.6092544987146535,True,410.08570984607934,0.4285714285714285,99.15236501151324,7,0,0.9181818181818182,,0,1.0,7,0,0.9853658536585366,0,0,58.58367283515419,205.0,0.4571428571428572,0,/workspace/MasterDissertation/results/six_hour_numeric_extension/B1__feed_gap__seed16__origin0,B1,7,-1120.0009463472306,feed_gap,16,0.0238095238095238,0,7,Run-level descriptive proxy; replication-level expected cost/CVaR is computed in study_summary.json.,0,extension,numerical_7_days,7,30,template,False,
1.7264781491002572,True,427.5021498292685,0.4285714285714285,94.83743003600836,7,0,0.9136363636363636,,0,1.0,7,0,0.8501510574018127,0,0,61.0717356898955,236.42857142857144,0.48,0,/workspace/MasterDissertation/results/six_hour_numeric_extension/B1__feed_gap__seed17__origin0,B1,7,-1136.9858928328697,feed_gap,17,0.0285714285714285,0,7,Run-level descriptive proxy; replication-level expected cost/CVaR is computed in study_summary.json.,0,extension,numerical_7_days,7,30,template,False,
9.03598971722365,True,388.1540748562812,0.4285714285714285,108.0108099617362,7,0,0.9136363636363636,,0,1.0,7,0,0.9604095563139932,0,0,55.45058212232589,209.28571428571428,0.4571428571428572,0,/workspace/MasterDissertation/results/six_hour_numeric_extension/B1__feed_gap__seed18__origin0,B1,7,-1098.955155852455,feed_gap,18,0.0238095238095238,0,7,Run-level descriptive proxy; replication-level expected cost/CVaR is computed in study_summary.json.,0,extension,numerical_7_days,7,30,template,False,
2.1372750642673526,True,436.05820974510914,0.4285714285714285,102.87694491875172,7,0,0.9272727272727272,,0,1.0,7,0,0.9136276391554704,0,0,62.29402996358702,223.28571428571428,0.4571428571428572,0,/workspace/MasterDissertation/results/six_hour_numeric_extension/B1__feed_gap__seed19__origin0,B1,7,-1146.3459042369843,feed_gap,19,0.019047619047619,0,7,Run-level descriptive proxy; replication-level expected cost/CVaR is computed in study_summary.json.,0,extension,numerical_7_days,7,30,template,False,
2.4678663239074563,True,499.3051497302652,0.1428571428571428,117.66704967427256,7,0,0.9318181818181818,,0,1.0,7,0,0.9882920110192838,0,0,71.32930710432359,207.42857142857144,0.4571428571428572,0,/workspace/MasterDissertation/results/six_hour_numeric_extension/B1__feed_gap__seed20__origin0,B1,7,-1211.0718546976923,feed_gap,20,0.0333333333333333,0,7,Run-level descriptive proxy; replication-level expected cost/CVaR is computed in study_summary.json.,0,extension,numerical_7_days,7,30,template,False,
2.176349614395887,True,389.9290897193552,0.2857142857142857,96.67266985082628,7,0,0.9318181818181818,,0,1.0,7,0,1.0184528034066715,0,0,55.70415567419359,201.28571428571428,0.4571428571428572,0,/workspace/MasterDissertation/results/six_hour_numeric_extension/B1__feed_gap__seed21__origin0,B1,7,-1099.5963567044378,feed_gap,21,0.0380952380952381,0,7,Run-level descriptive proxy; replication-level expected cost/CVaR is computed in study_summary.json.,0,extension,numerical_7_days,7,30,template,False,
1.0714652956298203,True,443.1700747192502,0.5714285714285714,90.563105029583,7,0,0.9227272727272728,,0,1.0,7,0,0.8842563783447417,0,0,63.3100106741786,229.57142857142856,0.4571428571428572,0,/workspace/MasterDissertation/results/six_hour_numeric_extension/B1__feed_gap__seed22__origin0,B1,7,-1152.2263852222086,feed_gap,22,0.0238095238095238,0,7,Run-level descriptive proxy; replication-level expected cost/CVaR is computed in study_summary.json.,0,extension,numerical_7_days,7,30,template,False,
2.502827763496145,True,399.3857644152641,0.2857142857142857,81.75089475536346,7,0,0.9636363636363636,,0,1.0,7,0,1.1805887032617342,0,0,57.05510920218059,179.57142857142858,0.48,0,/workspace/MasterDissertation/results/six_hour_numeric_extension/B1__feed_gap__seed23__origin0,B1,7,-1107.5608538908004,feed_gap,23,0.0333333333333333,0,7,Run-level descriptive proxy; replication-level expected cost/CVaR is computed in study_summary.json.,0,extension,numerical_7_days,7,30,template,False,
3.149100257069409,True,466.7385897350907,0.1428571428571428,114.37799481660127,7,0,0.9,,0,1.0,7,0,0.9046997389033944,0,0,66.67694139072725,218.8571428571429,0.5028571428571428,0,/workspace/MasterDissertation/results/six_hour_numeric_extension/B1__feed_gap__seed24__origin0,B1,7,-1178.176389216751,feed_gap,24,0.0428571428571428,0,7,Run-level descriptive proxy; replication-level expected cost/CVaR is computed in study_summary.json.,0,extension,numerical_7_days,7,30,template,False,
0.6760925449871467,True,457.12703969496494,0.2857142857142857,100.19756493073704,7,0,0.9045454545454544,,0,1.0,7,0,0.9146421536441234,0,0,65.30386281356643,217.57142857142856,0.4571428571428572,0,/workspace/MasterDissertation/results/six_hour_numeric_extension/B1__feed_gap__seed25__origin0,B1,7,-1167.1467961880387,feed_gap,25,0.0238095238095238,0,7,Run-level descriptive proxy; replication-level expected cost/CVaR is computed in study_summary.json.,0,extension,numerical_7_days,7,30,template,False,
0.6868894601542417,True,469.5538494868875,0.1428571428571428,80.76766003477574,7,0,0.9045454545454544,,0,1.0,7,0,1.1233870967741937,0,0,67.07912135526963,177.14285714285714,0.4571428571428572,0,/workspace/MasterDissertation/results/six_hour_numeric_extension/B1__feed_gap__seed26__origin0,B1,7,-1177.630615490365,feed_gap,26,0.0333333333333333,0,7,Run-level descriptive proxy; replication-level expected cost/CVaR is computed in study_summary.json.,0,extension,numerical_7_days,7,30,template,False,
1.0359897172236507,True,419.35542981767657,0.4285714285714285,85.37145493870973,7,0,0.9,,0,1.0,7,0,0.9532324621733148,0,0,59.907918545382365,207.7142857142857,0.4571428571428572,0,/workspace/MasterDissertation/results/six_hour_numeric_extension/B1__feed_gap__seed27__origin0,B1,7,-1127.8925753115475,feed_gap,27,0.0285714285714285,0,7,Run-level descriptive proxy; replication-level expected cost/CVaR is computed in study_summary.json.,0,extension,numerical_7_days,7,30,template,False,
0.5825192802056557,True,445.3112047852874,0.2857142857142857,109.37568990975616,7,0,0.8590909090909091,,0,1.0,7,0,1.0835380835380837,0,0,63.615886397898194,174.42857142857142,0.5257142857142857,0,/workspace/MasterDissertation/results/six_hour_numeric_extension/B1__feed_gap__seed28__origin0,B1,7,-1156.248773776263,feed_gap,28,0.0428571428571428,0,7,Run-level descriptive proxy; replication-level expected cost/CVaR is computed in study_summary.json.,0,extension,numerical_7_days,7,30,template,False,
2.151156812339332,True,454.121934856832,0.2857142857142857,100.0543999708891,7,0,0.9045454545454544,,0,1.0,7,0,1.1446179129005751,0,0,64.87456212240457,173.85714285714286,0.4571428571428572,0,/workspace/MasterDissertation/results/six_hour_numeric_extension/B1__feed_gap__seed29__origin0,B1,7,-1164.1273748539209,feed_gap,29,0.0333333333333333,0,7,Run-level descriptive proxy; replication-level expected cost/CVaR is computed in study_summary.json.,0,extension,numerical_7_days,7,30,template,False,
4.068380462724937,True,467.0241647742987,0.5714285714285714,121.93845997262002,7,0,0.9136363636363636,,0,1.0,7,0,0.8594990836896762,0,0,66.71773782489981,233.8571428571429,0.4571428571428572,0,/workspace/MasterDissertation/results/six_hour_numeric_extension/B1__feed_gap__seed8__origin0,B1,7,-1179.2180107715608,feed_gap,8,0.019047619047619,0,7,Run-level descriptive proxy; replication-level expected cost/CVaR is computed in study_summary.json.,0,extension,numerical_7_days,7,30,template,False,
1.0632390745501286,True,480.1876045562029,0.1428571428571428,102.72409993731976,7,0,0.85,,0,1.0,7,0,1.016304347826087,0,0,68.5982292223147,184.0,0.48,0,/workspace/MasterDissertation/results/six_hour_numeric_extension/B1__feed_gap__seed9__origin0,B1,7,-1190.4600145499348,feed_gap,9,0.0523809523809523,0,7,Run-level descriptive proxy; replication-level expected cost/CVaR is computed in study_summary.json.,0,extension,numerical_7_days,7,30,template,False,
3.579948586118252,True,391.7689297022819,0.2857142857142857,103.40010481715204,7,0,0.9318181818181818,,0,1.0,7,0,1.0191761363636365,0,0,55.96698995746885,201.14285714285717,0.8457142857142858,0,/workspace/MasterDissertation/results/six_hour_numeric_extension/B1__normal__seed10__origin0,B1,7,-1102.1089401839972,normal,10,0.0333333333333333,0,7,Run-level descriptive proxy; replication-level expected cost/CVaR is computed in study_summary.json.,0,extension,numerical_7_days,7,30,template,False,
1.719280205655527,True,360.1906646418571,0.5714285714285714,86.65796000409127,7,0,0.95,,0,1.0,7,0,0.8456647398843931,0,0,51.45580923455101,247.14285714285717,0.8228571428571428,0,/workspace/MasterDissertation/results/six_hour_numeric_extension/B1__normal__seed11__origin0,B1,7,-1068.8564606422665,normal,11,0.0142857142857142,0,7,Run-level descriptive proxy; replication-level expected cost/CVaR is computed in study_summary.json.,0,extension,numerical_7_days,7,30,template,False,
1.6894601542416456,True,420.4931196835042,0.2857142857142857,81.05466986066104,7,0,0.9,,0,1.0,7,0,0.9327052489905788,0,0,60.07044566907202,212.28571428571428,0.9142857142857144,0,/workspace/MasterDissertation/results/six_hour_numeric_extension/B1__normal__seed12__origin0,B1,7,-1128.5985866695703,normal,12,0.0380952380952381,0,7,Run-level descriptive proxy; replication-level expected cost/CVaR is computed in study_summary.json.,0,extension,numerical_7_days,7,30,template,False,
1.147043701799486,True,382.6062396279574,0.2857142857142857,76.86711498528719,7,0,0.9090909090909092,,0,1.0,7,0,0.9120521172638436,0,0,54.65803423256534,219.28571428571428,0.8457142857142858,0,/workspace/MasterDissertation/results/six_hour_numeric_extension/B1__normal__seed13__origin0,B1,7,-1090.292951126486,normal,13,0.0333333333333333,0,7,Run-level descriptive proxy; replication-level expected cost/CVaR is computed in study_summary.json.,0,extension,numerical_7_days,7,30,template,False,
1.43547557840617,True,380.7267844945192,0.4285714285714285,81.94484498733283,7,0,0.9136363636363636,,0,1.0,7,0,0.9859845830413456,0,0,54.389540642074174,203.8571428571429,0.8685714285714284,0,/workspace/MasterDissertation/results/six_hour_numeric_extension/B1__normal__seed14__origin0,B1,7,-1088.9212689932524,normal,14,0.0238095238095238,0,7,Run-level descriptive proxy; replication-level expected cost/CVaR is computed in study_summary.json.,0,extension,numerical_7_days,7,30,template,False,
1.7521850899742937,True,413.0799397458434,0.1428571428571428,109.4217250612378,7,0,0.9,,0,1.0,7,0,1.163727959697733,0,0,59.01141996369192,170.14285714285714,0.8457142857142855,0,/workspace/MasterDissertation/results/six_hour_numeric_extension/B1__normal__seed15__origin0,B1,7,-1124.0221122519672,normal,15,0.0571428571428571,0,7,Run-level descriptive proxy; replication-level expected cost/CVaR is computed in study_summary.json.,0,extension,numerical_7_days,7,30,template,False,
3.83547557840617,True,345.9318998548389,0.5714285714285714,99.15236501151324,7,0,0.9363636363636364,,0,1.0,7,0,1.0112201963534362,0,0,49.41884283640555,203.7142857142857,0.8228571428571428,0,/workspace/MasterDissertation/results/six_hour_numeric_extension/B1__normal__seed16__origin0,B1,7,-1055.8471363559902,normal,16,0.0142857142857142,0,7,Run-level descriptive proxy; replication-level expected cost/CVaR is computed in study_summary.json.,0,extension,numerical_7_days,7,30,template,False,
1.1244215938303344,True,423.60662972968817,0.2857142857142857,94.83743003600836,7,0,0.9045454545454544,,0,1.0,7,0,0.8483556638246041,0,0,60.51523281852688,234.57142857142856,0.8228571428571428,0,/workspace/MasterDissertation/results/six_hour_numeric_extension/B1__normal__seed17__origin0,B1,7,-1133.0903727332889,normal,17,0.0333333333333333,0,7,Run-level descriptive proxy; replication-level expected cost/CVaR is computed in study_summary.json.,0,extension,numerical_7_days,7,30,template,False,
3.593316195372751,True,395.512854807973,0.4285714285714285,79.2898100771308,7,0,0.9136363636363636,,0,1.0,7,0,0.9591002044989776,0,0,56.501836401139,209.57142857142856,0.7999999999999999,0,/workspace/MasterDissertation/results/six_hour_numeric_extension/B1__normal__seed18__origin0,B1,7,-1103.441835815686,normal,18,0.0238095238095238,0,7,Run-level descriptive proxy; replication-level expected cost/CVaR is computed in study_summary.json.,0,extension,numerical_7_days,7,30,template,False,
0.9280205655526992,True,417.1423696972728,0.4285714285714285,102.87694491875172,7,0,0.9272727272727272,,0,1.0,7,0,0.9284785435630688,0,0,59.5917670996104,219.7142857142857,0.7999999999999999,0,/workspace/MasterDissertation/results/six_hour_numeric_extension/B1__normal__seed19__origin0,B1,7,-1127.430064189148,normal,19,0.019047619047619,0,7,Run-level descriptive proxy; replication-level expected cost/CVaR is computed in study_summary.json.,0,extension,numerical_7_days,7,30,template,False,
2.497172236503856,True,437.3086747267247,0.2857142857142857,104.42409476703406,7,0,0.9363636363636364,,0,1.0,7,0,1.0133520730850316,0,0,62.47266781810352,203.28571428571428,0.7999999999999999,0,/workspace/MasterDissertation/results/six_hour_numeric_extension/B1__normal__seed20__origin0,B1,7,-1147.751084203428,normal,20,0.0285714285714285,0,7,Run-level descriptive proxy; replication-level expected cost/CVaR is computed in study_summary.json.,0,extension,numerical_7_days,7,30,template,False,
2.3676092544987157,True,402.8085297294259,0.2857142857142857,91.7783296928406,7,0,0.9181818181818182,,0,1.0,7,0,1.01072194424589,0,0,57.54407567563227,199.8571428571429,0.7999999999999999,0,/workspace/MasterDissertation/results/six_hour_numeric_extension/B1__normal__seed21__origin0,B1,7,-1111.98636269871,normal,21,0.0285714285714285,0,7,Run-level descriptive proxy; replication-level expected cost/CVaR is computed in study_summary.json.,0,extension,numerical_7_days,7,30,template,False,
1.876606683804628,True,400.96754965394734,0.5714285714285714,81.5732649974823,7,0,0.9227272727272728,,0,1.0,7,0,0.8959646910466582,0,0,57.28107852199248,226.57142857142856,0.7999999999999999,0,/workspace/MasterDissertation/results/six_hour_numeric_extension/B1__normal__seed22__origin0,B1,7,-1109.1248761536956,normal,22,0.0238095238095238,0,7,Run-level descriptive proxy; replication-level expected cost/CVaR is computed in study_summary.json.,0,extension,numerical_7_days,7,30,template,False,
1.855012853470437,True,378.78589955848463,0.7142857142857143,78.19294492399693,7,0,0.9818181818181818,,0,1.0,7,0,1.164869029275809,0,0,54.11227136549781,185.42857142857144,0.8685714285714285,0,/workspace/MasterDissertation/results/six_hour_numeric_extension/B1__normal__seed23__origin0,B1,7,-1086.6051940508844,normal,23,0.0142857142857142,0,7,Run-level descriptive proxy; replication-level expected cost/CVaR is computed in study_summary.json.,0,extension,numerical_7_days,7,30,template,False,
1.529048843187661,True,432.4611597141624,0.1428571428571428,103.44591997277738,7,0,0.9,,0,1.0,7,0,0.9052906596995428,0,0,61.78016567345177,218.7142857142857,0.8914285714285713,0,/workspace/MasterDissertation/results/six_hour_numeric_extension/B1__normal__seed24__origin0,B1,7,-1142.80575171144,normal,24,0.0428571428571428,0,7,Run-level descriptive proxy; replication-level expected cost/CVaR is computed in study_summary.json.,0,extension,numerical_7_days,7,30,template,False,
1.0179948586118257,True,402.26411969465016,0.4285714285714285,93.52056487303972,7,0,0.9090909090909092,,0,1.0,7,0,0.927766732935719,0,0,57.46630281352145,215.57142857142856,0.8228571428571428,0,/workspace/MasterDissertation/results/six_hour_numeric_extension/B1__normal__seed25__origin0,B1,7,-1111.6161761819542,normal,25,0.019047619047619,0,7,Run-level descriptive proxy; replication-level expected cost/CVaR is computed in study_summary.json.,0,extension,numerical_7_days,7,30,template,False,
1.6534704370179951,True,429.03160927015546,0.0,80.76766003477574,7,0,0.9090909090909092,,0,1.0,7,0,1.1272141706924317,0,0,61.290229895736495,177.42857142857142,0.7999999999999999,0,/workspace/MasterDissertation/results/six_hour_numeric_extension/B1__normal__seed26__origin0,B1,7,-1137.108375273633,normal,26,0.0428571428571428,0,7,Run-level descriptive proxy; replication-level expected cost/CVaR is computed in study_summary.json.,0,extension,numerical_7_days,7,30,template,False,
0.7583547557840619,True,364.7652347979546,0.5714285714285714,85.37145493870973,7,0,0.9272727272727272,,0,1.0,7,0,0.9902912621359224,0,0,52.109319256850654,206.0,0.8228571428571428,0,/workspace/MasterDissertation/results/six_hour_numeric_extension/B1__normal__seed27__origin0,B1,7,-1073.3023802918256,normal,27,0.019047619047619,0,7,Run-level descriptive proxy; replication-level expected cost/CVaR is computed in study_summary.json.,0,extension,numerical_7_days,7,30,template,False,
1.905398457583548,True,394.890559721768,0.4285714285714285,92.23581999218466,7,0,0.8909090909090909,,0,1.0,7,0,1.1190864600326265,0,0,56.412937103109705,175.14285714285714,0.8914285714285715,0,/workspace/MasterDissertation/results/six_hour_numeric_extension/B1__normal__seed28__origin0,B1,7,-1104.1141417209865,normal,28,0.0333333333333333,0,7,Run-level descriptive proxy; replication-level expected cost/CVaR is computed in study_summary.json.,0,extension,numerical_7_days,7,30,template,False,
2.673521850899743,True,410.6190647550225,0.2857142857142857,103.13639984500406,7,0,0.9136363636363636,,0,1.0,7,0,1.169576059850374,0,0,58.659866393574646,171.85714285714286,0.8228571428571428,0,/workspace/MasterDissertation/results/six_hour_numeric_extension/B1__normal__seed29__origin0,B1,7,-1120.932704739523,normal,29,0.0285714285714285,0,7,Run-level descriptive proxy; replication-level expected cost/CVaR is computed in study_summary.json.,0,extension,numerical_7_days,7,30,template,False,
1.7192802056555272,True,391.87288476490977,0.5714285714285714,93.11677500236034,7,0,0.9227272727272728,,0,1.0,7,0,0.8723143032535298,0,0,55.9818406807014,232.7142857142857,0.8228571428571428,0,/workspace/MasterDissertation/results/six_hour_numeric_extension/B1__normal__seed8__origin0,B1,7,-1101.1845622651458,normal,8,0.0142857142857142,0,7,Run-level descriptive proxy; replication-level expected cost/CVaR is computed in study_summary.json.,0,extension,numerical_7_days,7,30,template,False,
0.9496143958868896,True,459.80880474030977,0.2857142857142857,102.72409993731976,7,0,0.8454545454545455,,0,1.0,7,0,1.034154090548054,0,0,65.68697210575854,179.85714285714286,0.8228571428571428,0,/workspace/MasterDissertation/results/six_hour_numeric_extension/B1__normal__seed9__origin0,B1,7,-1170.0812147340416,normal,9,0.0428571428571428,0,7,Run-level descriptive proxy; replication-level expected cost/CVaR is computed in study_summary.json.,0,extension,numerical_7_days,7,30,template,False,
48.94241645244217,True,522.8964448249936,0.1428571428571428,270.33241992753744,3,0,0.8545454545454545,,0,1.0,3,0,0.853990914990266,0,0,74.69949211785624,220.14285714285717,0.48,0,/workspace/MasterDissertation/results/six_hour_numeric_extension/B2__derived_field_collapse__seed10__origin0,B2,3,-849.9296868177473,derived_field_collapse,10,0.0523809523809523,0,7,Run-level descriptive proxy; replication-level expected cost/CVaR is computed in study_summary.json.,0,extension,numerical_7_days,7,30,template,False,
33.64318766066839,True,565.8846849014164,0.2857142857142857,201.93761000448467,5,0,0.8136363636363636,,0,1.0,5,0,0.6968854282536152,0,0,80.84066927163092,256.85714285714283,0.5028571428571429,0,/workspace/MasterDissertation/results/six_hour_numeric_extension/B2__derived_field_collapse__seed11__origin0,B2,5,-1086.078445901865,derived_field_collapse,11,0.0476190476190476,0,7,Run-level descriptive proxy; replication-level expected cost/CVaR is computed in study_summary.json.,0,extension,numerical_7_days,7,30,template,False,
51.89717223650386,True,593.9480295858383,0.2857142857142857,286.17318971896174,4,0,0.8454545454545455,,0,1.0,4,0,0.7517321016166282,0,0,84.84971851226261,247.42857142857144,0.48,0,/workspace/MasterDissertation/results/six_hour_numeric_extension/B2__derived_field_collapse__seed12__origin0,B2,4,-1022.5653485577344,derived_field_collapse,12,0.0571428571428571,0,7,Run-level descriptive proxy; replication-level expected cost/CVaR is computed in study_summary.json.,0,extension,numerical_7_days,7,30,template,False,
54.52699228791776,True,533.308625065565,0.1428571428571428,272.4973299124837,3,0,0.85,,0,1.0,3,0,0.7890295358649789,0,0,76.18694643793786,237.0,0.48,0,/workspace/MasterDissertation/results/six_hour_numeric_extension/B2__derived_field_collapse__seed13__origin0,B2,3,-860.5583580568134,derived_field_collapse,13,0.0523809523809523,0,7,Run-level descriptive proxy; replication-level expected cost/CVaR is computed in study_summary.json.,0,extension,numerical_7_days,7,30,template,False,
45.23341902313626,True,611.985809941411,0.1428571428571428,225.2448498619199,4,0,0.7818181818181819,,0,1.0,4,0,0.7762733720180528,0,0,87.42654427734443,221.57142857142856,0.48,0,/workspace/MasterDissertation/results/six_hour_numeric_extension/B2__derived_field_collapse__seed14__origin0,B2,4,-1034.510294927603,derived_field_collapse,14,0.0476190476190476,0,7,Run-level descriptive proxy; replication-level expected cost/CVaR is computed in study_summary.json.,0,extension,numerical_7_days,7,30,template,False,
28.095115681233928,True,531.1193998056651,0.2857142857142857,186.3055648730397,5,0,0.8636363636363636,,0,1.0,5,0,0.9757887013939838,0,0,75.87419997223788,194.7142857142857,0.5028571428571428,0,/workspace/MasterDissertation/results/six_hour_numeric_extension/B2__derived_field_collapse__seed15__origin0,B2,5,-1049.749956292969,derived_field_collapse,15,0.0619047619047619,0,7,Run-level descriptive proxy; replication-level expected cost/CVaR is computed in study_summary.json.,0,extension,numerical_7_days,7,30,template,False,
48.98920308483291,True,552.5439147946239,0.2857142857142857,226.3715796659589,6,0,0.85,,0,1.0,6,0,0.7923728813559322,0,0,78.93484497066056,236.0,0.48,0,/workspace/MasterDissertation/results/six_hour_numeric_extension/B2__derived_field_collapse__seed16__origin0,B2,6,-1175.1810727612196,derived_field_collapse,16,0.0428571428571428,0,7,Run-level descriptive proxy; replication-level expected cost/CVaR is computed in study_summary.json.,0,extension,numerical_7_days,7,30,template,False,
41.60359897172236,True,593.7476648129821,0.1428571428571428,249.63745993196963,3,0,0.8045454545454546,,0,1.0,3,0,0.7564102564102564,0,0,84.82109497328315,234.0,0.48,0,/workspace/MasterDissertation/results/six_hour_numeric_extension/B2__derived_field_collapse__seed17__origin0,B2,3,-918.7114108061792,derived_field_collapse,17,0.0571428571428571,0,7,Run-level descriptive proxy; replication-level expected cost/CVaR is computed in study_summary.json.,0,extension,numerical_7_days,7,30,template,False,
55.46272493573266,True,563.2087700228692,0.2857142857142857,248.6892048390508,3,0,0.8,,0,1.0,3,0,0.8449931412894376,0,0,80.45839571755275,208.28571428571428,0.4571428571428572,0,/workspace/MasterDissertation/results/six_hour_numeric_extension/B2__derived_field_collapse__seed18__origin0,B2,3,-888.0776905067743,derived_field_collapse,18,0.0571428571428571,0,7,Run-level descriptive proxy; replication-level expected cost/CVaR is computed in study_summary.json.,0,extension,numerical_7_days,7,30,template,False,
70.47146529562983,True,524.788479943037,0.2857142857142857,254.2349649081826,3,0,0.8636363636363636,,0,1.0,3,0,0.8050847457627118,0,0,74.96978284900528,236.0,0.48,0,/workspace/MasterDissertation/results/six_hour_numeric_extension/B2__derived_field_collapse__seed19__origin0,B2,3,-850.2119764338553,derived_field_collapse,19,0.0428571428571428,0,7,Run-level descriptive proxy; replication-level expected cost/CVaR is computed in study_summary.json.,0,extension,numerical_7_days,7,30,template,False,
29.76349614395887,True,568.1756649919748,0.2857142857142857,198.7819298616052,5,0,0.8681818181818182,,0,1.0,5,0,0.7977326968973747,0,0,81.16795214171069,239.42857142857144,0.5257142857142857,0,/workspace/MasterDissertation/results/six_hour_numeric_extension/B2__derived_field_collapse__seed20__origin0,B2,5,-1088.0538579781355,derived_field_collapse,20,0.0428571428571428,0,7,Run-level descriptive proxy; replication-level expected cost/CVaR is computed in study_summary.json.,0,extension,numerical_7_days,7,30,template,False,
39.44113110539846,True,575.5799147461057,0.1428571428571428,212.3548850225806,4,0,0.8363636363636363,,0,1.0,4,0,0.7896995708154506,0,0,82.22570210658652,233.0,0.48,0,/workspace/MasterDissertation/results/six_hour_numeric_extension/B2__derived_field_collapse__seed21__origin0,B2,4,-996.8154032483636,derived_field_collapse,21,0.0571428571428571,0,7,Run-level descriptive proxy; replication-level expected cost/CVaR is computed in study_summary.json.,0,extension,numerical_7_days,7,30,template,False,
40.4935732647815,True,559.9218596687913,0.2857142857142857,210.8222547591925,3,0,0.8363636363636363,,0,1.0,3,0,0.8267008985879332,0,0,79.98883709554161,222.57142857142856,0.4571428571428572,0,/workspace/MasterDissertation/results/six_hour_numeric_extension/B2__derived_field_collapse__seed22__origin0,B2,3,-881.0040851447105,derived_field_collapse,22,0.0476190476190476,0,7,Run-level descriptive proxy; replication-level expected cost/CVaR is computed in study_summary.json.,0,extension,numerical_7_days,7,30,template,False,
35.65758354755784,True,504.482549630344,0.2857142857142857,220.4437347455025,5,0,0.9045454545454544,,0,1.0,5,0,0.9515027322404372,0,0,72.06893566147771,209.14285714285717,0.48,0,/workspace/MasterDissertation/results/six_hour_numeric_extension/B2__derived_field_collapse__seed23__origin0,B2,5,-1026.5269231048942,derived_field_collapse,23,0.0285714285714285,0,7,Run-level descriptive proxy; replication-level expected cost/CVaR is computed in study_summary.json.,0,extension,numerical_7_days,7,30,template,False,
74.77017994858613,True,591.0256597613693,0.2857142857142857,316.4989249417782,4,0,0.8272727272727273,,0,1.0,4,0,0.7502944640753828,0,0,84.43223710876704,242.57142857142856,0.5257142857142857,0,/workspace/MasterDissertation/results/six_hour_numeric_extension/B2__derived_field_collapse__seed24__origin0,B2,4,-1022.6755522555472,derived_field_collapse,24,0.0571428571428571,0,7,Run-level descriptive proxy; replication-level expected cost/CVaR is computed in study_summary.json.,0,extension,numerical_7_days,7,30,template,False,
44.56401028277635,True,573.2410947926045,0.1428571428571428,218.80115991610288,4,0,0.85,,0,1.0,4,0,0.8222361809045227,0,0,81.89158497037207,227.42857142857144,0.48,0,/workspace/MasterDissertation/results/six_hour_numeric_extension/B2__derived_field_collapse__seed25__origin0,B2,4,-995.1212107842148,derived_field_collapse,25,0.0380952380952381,0,7,Run-level descriptive proxy; replication-level expected cost/CVaR is computed in study_summary.json.,0,extension,numerical_7_days,7,30,template,False,
46.69820051413883,True,566.2344446296096,0.0,253.1880399093628,5,0,0.8090909090909091,,0,1.0,5,0,0.9425113464447806,0,0,80.89063494708708,188.8571428571429,0.5028571428571429,0,/workspace/MasterDissertation/results/six_hour_numeric_extension/B2__derived_field_collapse__seed26__origin0,B2,5,-1091.553248620546,derived_field_collapse,26,0.0666666666666666,0,7,Run-level descriptive proxy; replication-level expected cost/CVaR is computed in study_summary.json.,0,extension,numerical_7_days,7,30,template,False,
36.60411311053985,True,589.7267948665619,0.2857142857142857,229.7176697190404,5,0,0.8090909090909091,,0,1.0,5,0,0.7710396039603961,0,0,84.24668498093742,230.8571428571429,0.48,0,/workspace/MasterDissertation/results/six_hour_numeric_extension/B2__derived_field_collapse__seed27__origin0,B2,5,-1112.698561838466,derived_field_collapse,27,0.0428571428571428,0,7,Run-level descriptive proxy; replication-level expected cost/CVaR is computed in study_summary.json.,0,extension,numerical_7_days,7,30,template,False,
32.28174807197944,True,539.286974914372,0.1428571428571428,207.3927849928141,4,0,0.8772727272727273,,0,1.0,4,0,0.8654708520179372,0,0,77.04099641633886,223.0,0.5257142857142857,0,/workspace/MasterDissertation/results/six_hour_numeric_extension/B2__derived_field_collapse__seed28__origin0,B2,4,-960.0262534136534,derived_field_collapse,28,0.0428571428571428,0,7,Run-level descriptive proxy; replication-level expected cost/CVaR is computed in study_summary.json.,0,extension,numerical_7_days,7,30,template,False,
49.12904884318767,True,515.0948396629691,0.2857142857142857,225.31414994466303,3,0,0.9181818181818182,,0,1.0,3,0,1.0513011152416356,0,0,73.58497709470987,192.14285714285717,0.4571428571428572,0,/workspace/MasterDissertation/results/six_hour_numeric_extension/B2__derived_field_collapse__seed29__origin0,B2,3,-837.6262546574354,derived_field_collapse,29,0.0285714285714285,0,7,Run-level descriptive proxy; replication-level expected cost/CVaR is computed in study_summary.json.,0,extension,numerical_7_days,7,30,template,False,
69.40514138817481,True,584.8575750949383,0.4285714285714285,268.03495973461867,3,0,0.8727272727272727,,0,1.0,3,0,0.7336244541484715,0,0,83.55108215641975,261.7142857142857,0.4571428571428572,0,/workspace/MasterDissertation/results/six_hour_numeric_extension/B2__derived_field_collapse__seed8__origin0,B2,3,-911.6610710684,derived_field_collapse,8,0.0285714285714285,0,7,Run-level descriptive proxy; replication-level expected cost/CVaR is computed in study_summary.json.,0,extension,numerical_7_days,7,30,template,False,
33.55835475578408,True,599.0041198277473,0.2857142857142857,195.167384952426,4,0,0.8136363636363636,,0,1.0,4,0,0.8756114605171209,0,0,85.57201711824962,204.42857142857144,0.5028571428571428,0,/workspace/MasterDissertation/results/six_hour_numeric_extension/B2__derived_field_collapse__seed9__origin0,B2,4,-1018.52085832299,derived_field_collapse,9,0.0523809523809523,0,7,Run-level descriptive proxy; replication-level expected cost/CVaR is computed in study_summary.json.,0,extension,numerical_7_days,7,30,template,False,
5.390745501285349,True,452.513569555521,0.1428571428571428,126.09961478662493,4,0,0.7454545454545455,,0,1.0,4,0,0.9228295819935692,0,0,64.64479565078871,177.71428571428572,0.48,0,/workspace/MasterDissertation/results/six_hour_numeric_extension/B2__feed_gap__seed10__origin0,B2,4,-865.1235310341835,feed_gap,10,0.0904761904761904,0,7,Run-level descriptive proxy; replication-level expected cost/CVaR is computed in study_summary.json.,0,extension,numerical_7_days,7,30,template,False,
6.6344473007712095,True,405.0400798220038,0.2857142857142857,141.42078006577492,5,0,0.7909090909090909,,0,1.0,5,0,0.8002628120893561,0,0,57.86286854600054,217.42857142857144,0.5257142857142857,0,/workspace/MasterDissertation/results/six_hour_numeric_extension/B2__feed_gap__seed11__origin0,B2,5,-919.1821578285812,feed_gap,11,0.0619047619047619,0,7,Run-level descriptive proxy; replication-level expected cost/CVaR is computed in study_summary.json.,0,extension,numerical_7_days,7,30,template,False,
3.180976863753214,True,456.9076599436403,0.1428571428571428,119.94335475224256,5,0,0.7772727272727272,,0,1.0,5,0,0.9583666933546838,0,0,65.27252284909147,178.42857142857142,0.5028571428571429,0,/workspace/MasterDissertation/results/six_hour_numeric_extension/B2__feed_gap__seed12__origin0,B2,5,-968.9019954188644,feed_gap,12,0.0809523809523809,0,7,Run-level descriptive proxy; replication-level expected cost/CVaR is computed in study_summary.json.,0,extension,numerical_7_days,7,30,template,False,
3.3568123393316203,True,394.5380149784684,0.1428571428571428,117.4049948618412,5,0,0.8045454545454546,,0,1.0,5,0,0.8812233285917497,0,0,56.36257356835263,200.8571428571429,0.5257142857142857,0,/workspace/MasterDissertation/results/six_hour_numeric_extension/B2__feed_gap__seed13__origin0,B2,5,-906.2785144646524,feed_gap,13,0.0571428571428571,0,7,Run-level descriptive proxy; replication-level expected cost/CVaR is computed in study_summary.json.,0,extension,numerical_7_days,7,30,template,False,
7.996401028277636,True,498.0126697426439,0.1428571428571428,169.0688395534754,2,0,0.7090909090909091,,0,1.0,2,0,0.8646080760095013,0,0,71.14466710609199,180.42857142857144,0.5257142857142857,0,/workspace/MasterDissertation/results/six_hour_numeric_extension/B2__feed_gap__seed14__origin0,B2,2,-714.9195536979914,feed_gap,14,0.0809523809523809,0,7,Run-level descriptive proxy; replication-level expected cost/CVaR is computed in study_summary.json.,0,extension,numerical_7_days,7,30,template,False,
1.1660668380462726,True,509.45592469131947,0.1428571428571428,149.10716001576185,7,0,0.7181818181818181,,0,1.0,7,0,1.0634615384615385,0,0,72.77941781304564,148.57142857142858,0.5257142857142857,0,/workspace/MasterDissertation/results/six_hour_numeric_extension/B2__feed_gap__seed15__origin0,B2,7,-1224.3666406928955,feed_gap,15,0.1285714285714285,0,7,Run-level descriptive proxy; replication-level expected cost/CVaR is computed in study_summary.json.,0,extension,numerical_7_days,7,30,template,False,
6.258097686375322,True,412.06603985100986,0.2857142857142857,117.61111487185954,3,0,0.7954545454545454,,0,1.0,3,0,0.9722222222222222,0,0,58.86657712157284,180.0,0.48,0,/workspace/MasterDissertation/results/six_hour_numeric_extension/B2__feed_gap__seed16__origin0,B2,3,-723.8271513381958,feed_gap,16,0.0761904761904762,0,7,Run-level descriptive proxy; replication-level expected cost/CVaR is computed in study_summary.json.,0,extension,numerical_7_days,7,30,template,False,
6.5172236503856045,True,396.8308751888275,0.1428571428571428,139.29428011101484,5,0,0.8,,0,1.0,5,0,0.820786142571619,0,0,56.69012502697536,214.42857142857144,0.48,0,/workspace/MasterDissertation/results/six_hour_numeric_extension/B2__feed_gap__seed17__origin0,B2,5,-910.760303199929,feed_gap,17,0.0619047619047619,0,7,Run-level descriptive proxy; replication-level expected cost/CVaR is computed in study_summary.json.,0,extension,numerical_7_days,7,30,template,False,
4.813367609254499,True,421.93129502850775,0.2857142857142857,119.03743010288476,5,0,0.8,,0,1.0,5,0,0.9058823529411764,0,0,60.27589928978682,194.28571428571428,0.48,0,/workspace/MasterDissertation/results/six_hour_numeric_extension/B2__feed_gap__seed18__origin0,B2,5,-933.8350380387964,feed_gap,18,0.0571428571428571,0,7,Run-level descriptive proxy; replication-level expected cost/CVaR is computed in study_summary.json.,0,extension,numerical_7_days,7,30,template,False,
18.34293059125964,True,406.748440058589,0.2857142857142857,194.7842549467087,2,0,0.8090909090909091,,0,1.0,2,0,0.9028985507246376,0,0,58.106920008369855,197.14285714285717,0.5257142857142857,0,/workspace/MasterDissertation/results/six_hour_numeric_extension/B2__feed_gap__seed19__origin0,B2,2,-626.2268655532598,feed_gap,19,0.0523809523809523,0,7,Run-level descriptive proxy; replication-level expected cost/CVaR is computed in study_summary.json.,0,extension,numerical_7_days,7,30,template,False,
8.279177377892033,True,419.9205497496724,0.1428571428571428,129.89956475239993,5,0,0.8090909090909091,,0,1.0,5,0,1.0263591433278418,0,0,59.98864996423892,173.42857142857142,0.5257142857142857,0,/workspace/MasterDissertation/results/six_hour_numeric_extension/B2__feed_gap__seed20__origin0,B2,5,-932.9105062249124,feed_gap,20,0.0571428571428571,0,7,Run-level descriptive proxy; replication-level expected cost/CVaR is computed in study_summary.json.,0,extension,numerical_7_days,7,30,template,False,
4.486889460154242,True,524.9751547281146,0.1428571428571428,145.2080997399688,4,0,0.6818181818181818,,0,1.0,4,0,0.8816120906801008,0,0,74.99645067544495,170.14285714285714,0.5028571428571428,0,/workspace/MasterDissertation/results/six_hour_numeric_extension/B2__feed_gap__seed21__origin0,B2,4,-939.4959647021116,feed_gap,21,0.1047619047619047,0,7,Run-level descriptive proxy; replication-level expected cost/CVaR is computed in study_summary.json.,0,extension,numerical_7_days,7,30,template,False,
5.839074550128535,True,352.4139399582744,0.2857142857142857,140.14639506810903,4,0,0.8227272727272728,,0,1.0,4,0,0.9194484760522496,0,0,50.34484856546777,196.8571428571429,0.5028571428571429,0,/workspace/MasterDissertation/results/six_hour_numeric_extension/B2__feed_gap__seed22__origin0,B2,4,-766.4285794650852,feed_gap,22,0.0571428571428571,0,7,Run-level descriptive proxy; replication-level expected cost/CVaR is computed in study_summary.json.,0,extension,numerical_7_days,7,30,template,False,
6.504884318766069,True,507.4554997311831,0.1428571428571428,138.65295962643623,7,0,0.75,,0,1.0,7,0,1.0674676524953788,0,0,72.49364281874044,154.57142857142858,0.5028571428571429,0,/workspace/MasterDissertation/results/six_hour_numeric_extension/B2__feed_gap__seed23__origin0,B2,7,-1221.3207956938268,feed_gap,23,0.0761904761904762,0,7,Run-level descriptive proxy; replication-level expected cost/CVaR is computed in study_summary.json.,0,extension,numerical_7_days,7,30,template,False,
6.300771208226222,True,466.8369796735644,0.1428571428571428,128.67612489575149,4,0,0.759090909090909,,0,1.0,4,0,0.8302556818181819,0,0,66.69099709622348,201.14285714285717,0.5257142857142857,0,/workspace/MasterDissertation/results/six_hour_numeric_extension/B2__feed_gap__seed24__origin0,B2,4,-879.7045921631395,feed_gap,24,0.0761904761904762,0,7,Run-level descriptive proxy; replication-level expected cost/CVaR is computed in study_summary.json.,0,extension,numerical_7_days,7,30,template,False,
3.677634961439589,True,366.1202844702602,0.1428571428571428,96.7431448956728,4,0,0.8136363636363636,,0,1.0,4,0,0.93717277486911,0,0,52.30289778146574,191.0,0.48,0,/workspace/MasterDissertation/results/six_hour_numeric_extension/B2__feed_gap__seed25__origin0,B2,4,-775.7945989598275,feed_gap,25,0.0619047619047619,0,7,Run-level descriptive proxy; replication-level expected cost/CVaR is computed in study_summary.json.,0,extension,numerical_7_days,7,30,template,False,
8.830848329048845,True,564.9848295007348,0.0,148.8328746367693,5,0,0.6863636363636364,,0,1.0,5,0,1.0028462998102463,0,0,80.71211850010498,150.57142857142858,0.4571428571428572,0,/workspace/MasterDissertation/results/six_hour_numeric_extension/B2__feed_gap__seed26__origin0,B2,5,-1079.8681169644117,feed_gap,26,0.1095238095238095,0,7,Run-level descriptive proxy; replication-level expected cost/CVaR is computed in study_summary.json.,0,extension,numerical_7_days,7,30,template,False,
5.747557840616968,True,512.1464699473381,0.1428571428571428,134.13632500314714,6,0,0.7681818181818182,,0,1.0,6,0,0.8808637379002233,0,0,73.1637814210483,191.8571428571429,0.48,0,/workspace/MasterDissertation/results/six_hour_numeric_extension/B2__feed_gap__seed27__origin0,B2,6,-1125.5601024476528,feed_gap,27,0.0619047619047619,0,7,Run-level descriptive proxy; replication-level expected cost/CVaR is computed in study_summary.json.,0,extension,numerical_7_days,7,30,template,False,
2.5475578406169666,True,450.6029598244429,0.0,128.19227503055333,6,0,0.7636363636363637,,0,1.0,6,0,1.0980392156862746,0,0,64.37185140349183,153.0,0.5028571428571428,0,/workspace/MasterDissertation/results/six_hour_numeric_extension/B2__feed_gap__seed28__origin0,B2,6,-1063.4221873274982,feed_gap,28,0.0952380952380952,0,7,Run-level descriptive proxy; replication-level expected cost/CVaR is computed in study_summary.json.,0,extension,numerical_7_days,7,30,template,False,
7.989717223650387,True,481.3236149000526,0.1428571428571428,145.22320483577252,4,0,0.740909090909091,,0,1.0,4,0,1.314516129032258,0,0,68.76051641429322,124.0,0.48,0,/workspace/MasterDissertation/results/six_hour_numeric_extension/B2__feed_gap__seed29__origin0,B2,4,-895.8459353836298,feed_gap,29,0.1,0,7,Run-level descriptive proxy; replication-level expected cost/CVaR is computed in study_summary.json.,0,extension,numerical_7_days,7,30,template,False,
5.497172236503857,True,308.1026398630738,0.4285714285714285,137.7036598931551,2,0,0.8545454545454545,,0,1.0,2,0,0.8744186046511628,0,0,44.01466283758197,215.0,0.5028571428571429,0,/workspace/MasterDissertation/results/six_hour_numeric_extension/B2__feed_gap__seed8__origin0,B2,2,-521.8730058523893,feed_gap,8,0.0380952380952381,0,7,Run-level descriptive proxy; replication-level expected cost/CVaR is computed in study_summary.json.,0,extension,numerical_7_days,7,30,template,False,
11.100771208226222,True,557.2060896426439,0.1428571428571428,187.0067047433257,3,0,0.6681818181818182,,0,1.0,3,0,0.9607843137254902,0,0,79.60086994894912,153.0,0.5485714285714286,0,/workspace/MasterDissertation/results/six_hour_numeric_extension/B2__feed_gap__seed9__origin0,B2,3,-875.9067601169764,feed_gap,9,0.1,0,7,Run-level descriptive proxy; replication-level expected cost/CVaR is computed in study_summary.json.,0,extension,numerical_7_days,7,30,template,False,
3.3917737789203084,True,355.9519395334125,0.1428571428571428,101.78141983312368,4,0,0.8363636363636363,,0,1.0,4,0,0.9779802581624906,0,0,50.850277076201785,188.14285714285717,0.8685714285714285,0,/workspace/MasterDissertation/results/six_hour_numeric_extension/B2__normal__seed10__origin0,B2,4,-766.1300815167249,normal,10,0.0666666666666666,0,7,Run-level descriptive proxy; replication-level expected cost/CVaR is computed in study_summary.json.,0,extension,numerical_7_days,7,30,template,False,
1.16401028277635,True,391.4406149610281,0.2857142857142857,103.20889006435873,6,0,0.7954545454545454,,0,1.0,6,0,0.7990867579908676,0,0,55.92008785157544,219.0,0.937142857142857,0,/workspace/MasterDissertation/results/six_hour_numeric_extension/B2__normal__seed11__origin0,B2,6,-1001.761503967464,normal,11,0.0571428571428571,0,7,Run-level descriptive proxy; replication-level expected cost/CVaR is computed in study_summary.json.,0,extension,numerical_7_days,7,30,template,False,
0.9537275064267352,True,385.54517983275656,0.1428571428571428,93.66134977275134,5,0,0.8045454545454546,,0,1.0,5,0,0.971764705882353,0,0,55.07788283325094,182.14285714285717,0.9142857142857144,0,/workspace/MasterDissertation/results/six_hour_numeric_extension/B2__normal__seed12__origin0,B2,5,-894.9113148100316,normal,12,0.0809523809523809,0,7,Run-level descriptive proxy; replication-level expected cost/CVaR is computed in study_summary.json.,0,extension,numerical_7_days,7,30,template,False,
0.922879177377892,True,328.913184999764,0.1428571428571428,81.93507496118545,5,0,0.85,,0,1.0,5,0,0.921830985915493,0,0,46.98759785710914,202.8571428571429,0.937142857142857,0,/workspace/MasterDissertation/results/six_hour_numeric_extension/B2__normal__seed13__origin0,B2,5,-837.1066924958825,normal,13,0.0523809523809523,0,7,Run-level descriptive proxy; replication-level expected cost/CVaR is computed in study_summary.json.,0,extension,numerical_7_days,7,30,template,False,
1.5182519280205655,True,451.4552946357727,0.1428571428571428,148.4415501253605,5,0,0.7545454545454545,,0,1.0,5,0,0.9000774593338497,0,0,64.4936135193961,184.42857142857144,0.8685714285714284,0,/workspace/MasterDissertation/results/six_hour_numeric_extension/B2__normal__seed14__origin0,B2,5,-966.2994496483088,normal,14,0.0761904761904762,0,7,Run-level descriptive proxy; replication-level expected cost/CVaR is computed in study_summary.json.,0,extension,numerical_7_days,7,30,template,False,
2.1717223650385606,True,467.1248296200633,0.1428571428571428,163.4311597902179,6,0,0.7727272727272727,,0,1.0,6,0,1.09475620975161,0,0,66.7321185171519,155.28571428571428,0.8685714285714284,0,/workspace/MasterDissertation/results/six_hour_numeric_extension/B2__normal__seed15__origin0,B2,6,-1083.467945599085,normal,15,0.1047619047619047,0,7,Run-level descriptive proxy; replication-level expected cost/CVaR is computed in study_summary.json.,0,extension,numerical_7_days,7,30,template,False,
3.216452442159383,True,390.6889648026228,0.2857142857142857,106.52621506029368,5,0,0.8181818181818182,,0,1.0,5,0,0.9775019394879751,0,0,55.81270925751755,184.14285714285717,0.8228571428571428,0,/workspace/MasterDissertation/results/six_hour_numeric_extension/B2__normal__seed16__origin0,B2,5,-901.3415863086524,normal,16,0.0619047619047619,0,7,Run-level descriptive proxy; replication-level expected cost/CVaR is computed in study_summary.json.,0,extension,numerical_7_days,7,30,template,False,
2.5686375321336765,True,412.2908752150536,0.1428571428571428,105.76628009003402,5,0,0.8,,0,1.0,5,0,0.820786142571619,0,0,58.89869645929337,214.42857142857144,0.8914285714285715,0,/workspace/MasterDissertation/results/six_hour_numeric_extension/B2__normal__seed17__origin0,B2,5,-922.8675032240568,normal,17,0.0619047619047619,0,7,Run-level descriptive proxy; replication-level expected cost/CVaR is computed in study_summary.json.,0,extension,numerical_7_days,7,30,template,False,
2.161953727506428,True,417.2872950704693,0.2857142857142857,119.03743010288476,5,0,0.8,,0,1.0,5,0,0.9058823529411764,0,0,59.61247072435276,194.28571428571428,0.8228571428571428,0,/workspace/MasterDissertation/results/six_hour_numeric_extension/B2__normal__seed18__origin0,B2,5,-929.1910380807578,normal,18,0.0571428571428571,0,7,Run-level descriptive proxy; replication-level expected cost/CVaR is computed in study_summary.json.,0,extension,numerical_7_days,7,30,template,False,
3.209768637532134,True,413.2524399117231,0.2857142857142857,113.89025498867034,4,0,0.8090909090909091,,0,1.0,4,0,0.9028985507246376,0,0,59.03606284453188,197.14285714285717,0.937142857142857,0,/workspace/MasterDissertation/results/six_hour_numeric_extension/B2__normal__seed19__origin0,B2,4,-824.6414654105902,normal,19,0.0523809523809523,0,7,Run-level descriptive proxy; replication-level expected cost/CVaR is computed in study_summary.json.,0,extension,numerical_7_days,7,30,template,False,
2.476092544987147,True,356.1387899060846,0.1428571428571428,100.3095649097562,7,0,0.8590909090909091,,0,1.0,7,0,1.0835380835380837,0,0,50.87696998658351,174.42857142857142,0.937142857142857,0,/workspace/MasterDissertation/results/six_hour_numeric_extension/B2__normal__seed20__origin0,B2,7,-1066.1697463970602,normal,20,0.0476190476190476,0,7,Run-level descriptive proxy; replication-level expected cost/CVaR is computed in study_summary.json.,0,extension,numerical_7_days,7,30,template,False,
1.579434447300771,True,440.5750097642541,0.1428571428571428,143.07703496330976,6,0,0.7772727272727272,,0,1.0,6,0,0.9462450592885376,0,0,62.93928710917916,180.7142857142857,0.8457142857142855,0,/workspace/MasterDissertation/results/six_hour_numeric_extension/B2__normal__seed21__origin0,B2,6,-1054.8827132605852,normal,21,0.0666666666666666,0,7,Run-level descriptive proxy; replication-level expected cost/CVaR is computed in study_summary.json.,0,extension,numerical_7_days,7,30,template,False,
1.953213367609255,True,332.2063149582744,0.2857142857142857,83.03199507296085,4,0,0.8227272727272728,,0,1.0,4,0,0.9069434502505368,0,0,47.4580449940392,199.57142857142856,0.8685714285714285,0,/workspace/MasterDissertation/results/six_hour_numeric_extension/B2__normal__seed22__origin0,B2,4,-740.5095144655704,normal,22,0.0571428571428571,0,7,Run-level descriptive proxy; replication-level expected cost/CVaR is computed in study_summary.json.,0,extension,numerical_7_days,7,30,template,False,
0.9352185089974296,True,445.6338295853138,0.1428571428571428,107.80595502591132,7,0,0.8181818181818182,,0,1.0,7,0,1.112091791703442,0,0,63.661975655044834,161.85714285714286,0.8914285714285715,0,/workspace/MasterDissertation/results/six_hour_numeric_extension/B2__normal__seed23__origin0,B2,7,-1156.4144250879049,normal,23,0.0571428571428571,0,7,Run-level descriptive proxy; replication-level expected cost/CVaR is computed in study_summary.json.,0,extension,numerical_7_days,7,30,template,False,
1.7794344473007713,True,415.4062748607397,0.1428571428571428,102.80786509937047,6,0,0.8090909090909091,,0,1.0,6,0,0.8725490196078431,0,0,59.34375355153424,204.0,0.9142857142857144,0,/workspace/MasterDissertation/results/six_hour_numeric_extension/B2__normal__seed24__origin0,B2,6,-1025.6870613706767,normal,24,0.0666666666666666,0,7,Run-level descriptive proxy; replication-level expected cost/CVaR is computed in study_summary.json.,0,extension,numerical_7_days,7,30,template,False,
0.5897172236503857,True,357.617004553318,0.1428571428571428,91.73280980110168,6,0,0.8409090909090909,,0,1.0,6,0,0.9613956941351152,0,0,51.088143507616856,192.42857142857144,0.8914285714285715,0,/workspace/MasterDissertation/results/six_hour_numeric_extension/B2__normal__seed25__origin0,B2,6,-966.7902855334282,normal,25,0.0476190476190476,0,7,Run-level descriptive proxy; replication-level expected cost/CVaR is computed in study_summary.json.,0,extension,numerical_7_days,7,30,template,False,
1.4066838046272494,True,475.2339744009972,0.0,169.53333444809914,6,0,0.7545454545454545,,0,1.0,6,0,1.0809302325581394,0,0,67.89056777157103,153.57142857142858,0.8228571428571428,0,/workspace/MasterDissertation/results/six_hour_numeric_extension/B2__normal__seed26__origin0,B2,6,-1092.187307845807,normal,26,0.0952380952380952,0,7,Run-level descriptive proxy; replication-level expected cost/CVaR is computed in study_summary.json.,0,extension,numerical_7_days,7,30,template,False,
1.1583547557840617,True,448.0538699877262,0.1428571428571428,130.1193249716759,6,0,0.7772727272727272,,0,1.0,6,0,0.8899628252788104,0,0,64.00769571253231,192.14285714285717,0.9142857142857144,0,/workspace/MasterDissertation/results/six_hour_numeric_extension/B2__normal__seed27__origin0,B2,6,-1061.0658024848938,normal,27,0.0571428571428571,0,7,Run-level descriptive proxy; replication-level expected cost/CVaR is computed in study_summary.json.,0,extension,numerical_7_days,7,30,template,False,
1.9028277634961448,True,433.7164747202993,0.0,144.97427503579854,4,0,0.7636363636363637,,0,1.0,4,0,1.084870848708487,0,0,61.95949638861418,154.85714285714286,0.9142857142857144,0,/workspace/MasterDissertation/results/six_hour_numeric_extension/B2__normal__seed28__origin0,B2,4,-848.2139022238791,normal,28,0.0904761904761904,0,7,Run-level descriptive proxy; replication-level expected cost/CVaR is computed in study_summary.json.,0,extension,numerical_7_days,7,30,template,False,
2.543958868894602,True,465.74672998631,0.1428571428571428,118.48886004972458,5,0,0.7818181818181819,,0,1.0,5,0,1.3058568329718003,0,0,66.53524714090143,131.71428571428572,0.8685714285714285,0,/workspace/MasterDissertation/results/six_hour_numeric_extension/B2__normal__seed29__origin0,B2,5,-977.5956159912826,normal,29,0.0809523809523809,0,7,Run-level descriptive proxy; replication-level expected cost/CVaR is computed in study_summary.json.,0,extension,numerical_7_days,7,30,template,False,
1.282776349614396,True,321.3818898316026,0.4285714285714285,94.32517996126415,5,0,0.8545454545454545,,0,1.0,5,0,0.8640840446487196,0,0,45.911698547371806,217.57142857142856,0.8457142857142858,0,/workspace/MasterDissertation/results/six_hour_numeric_extension/B2__normal__seed8__origin0,B2,5,-830.814407827729,normal,8,0.0380952380952381,0,7,Run-level descriptive proxy; replication-level expected cost/CVaR is computed in study_summary.json.,0,extension,numerical_7_days,7,30,template,False,
3.0113110539845764,True,435.8573845308424,0.1428571428571428,112.6389147120118,5,0,0.7772727272727272,,0,1.0,5,0,1.083257918552036,0,0,62.2653406472632,157.85714285714286,0.96,0,/workspace/MasterDissertation/results/six_hour_numeric_extension/B2__normal__seed9__origin0,B2,5,-947.1212760020436,normal,9,0.0809523809523809,0,7,Run-level descriptive proxy; replication-level expected cost/CVaR is computed in study_summary.json.,0,extension,numerical_7_days,7,30,template,False,
22.53316195372751,True,491.1765446082354,0.7142857142857143,159.97502993136646,7,0,0.9636363636363636,,0,0.1428571428571428,1,0,0.964889466840052,0,0,70.1680778011765,219.7142857142857,0.4571428571428572,0,/workspace/MasterDissertation/results/six_hour_numeric_extension/B3__derived_field_collapse__seed10__origin0,B3,1,-607.1740476013721,derived_field_collapse,10,0.0095238095238095,0,7,Run-level descriptive proxy; replication-level expected cost/CVaR is computed in study_summary.json.,0,extension,numerical_7_days,7,30,template,False,
19.12390745501286,True,485.0725750044585,0.5714285714285714,146.21342504143718,7,0,0.9181818181818182,,0,0.1428571428571428,1,0,0.8569696969696969,0,0,69.29608214349408,235.7142857142857,0.48,0,/workspace/MasterDissertation/results/six_hour_numeric_extension/B3__derived_field_collapse__seed11__origin0,B3,1,-599.6939175086022,derived_field_collapse,11,0.0238095238095238,0,7,Run-level descriptive proxy; replication-level expected cost/CVaR is computed in study_summary.json.,0,extension,numerical_7_days,7,30,template,False,
38.70231362467867,True,475.3487745945454,0.8571428571428571,199.24447987091543,7,0,0.968181818181818,,0,0.2857142857142857,2,0,0.8801652892561983,0,0,67.90696779922077,242.0,0.4571428571428572,0,/workspace/MasterDissertation/results/six_hour_numeric_extension/B3__derived_field_collapse__seed12__origin0,B3,2,-695.2732225816369,derived_field_collapse,12,0.0047619047619047,0,7,Run-level descriptive proxy; replication-level expected cost/CVaR is computed in study_summary.json.,0,extension,numerical_7_days,7,30,template,False,
19.85861182519281,True,391.48550989341743,0.5714285714285714,146.23932981282474,7,0,0.9363636363636364,,0,0.2857142857142857,2,0,0.958139534883721,0,0,55.92650141334535,215.0,0.48,0,/workspace/MasterDissertation/results/six_hour_numeric_extension/B3__derived_field_collapse__seed13__origin0,B3,2,-606.1094428746999,derived_field_collapse,13,0.0142857142857142,0,7,Run-level descriptive proxy; replication-level expected cost/CVaR is computed in study_summary.json.,0,extension,numerical_7_days,7,30,template,False,
14.187146529562984,True,512.6461150003672,0.2857142857142857,123.9293499196172,7,0,0.9363636363636364,,0,0.4285714285714285,3,0,0.961974649766511,0,0,73.23515928576674,214.14285714285717,0.48,0,/workspace/MasterDissertation/results/six_hour_numeric_extension/B3__derived_field_collapse__seed14__origin0,B3,3,-825.039049992329,derived_field_collapse,14,0.0238095238095238,0,7,Run-level descriptive proxy; replication-level expected cost/CVaR is computed in study_summary.json.,0,extension,numerical_7_days,7,30,template,False,
20.23136246786633,True,512.7737093300819,0.7142857142857143,149.73798984891178,7,0,0.9454545454545454,,0,0.4285714285714285,3,0,0.9578947368421052,0,0,73.25338704715456,217.14285714285717,0.5028571428571428,0,/workspace/MasterDissertation/results/six_hour_numeric_extension/B3__derived_field_collapse__seed15__origin0,B3,3,-827.7475083149732,derived_field_collapse,15,0.0095238095238095,0,7,Run-level descriptive proxy; replication-level expected cost/CVaR is computed in study_summary.json.,0,extension,numerical_7_days,7,30,template,False,
25.361439588688945,True,504.38502997595066,0.7142857142857143,156.73607973939178,7,0,0.9363636363636364,,0,0.4285714285714285,3,0,0.9109286165508528,0,0,72.05500428227866,226.14285714285717,0.4571428571428572,0,/workspace/MasterDissertation/results/six_hour_numeric_extension/B3__derived_field_collapse__seed16__origin0,B3,3,-820.0586379498899,derived_field_collapse,16,0.0095238095238095,0,7,Run-level descriptive proxy; replication-level expected cost/CVaR is computed in study_summary.json.,0,extension,numerical_7_days,7,30,template,False,
7.776863753213368,True,455.2418848416209,0.2857142857142857,107.91499997901916,7,0,0.9090909090909092,,0,0.4285714285714285,3,0,0.9608785175017158,0,0,65.03455497737441,208.14285714285717,0.4571428571428572,0,/workspace/MasterDissertation/results/six_hour_numeric_extension/B3__derived_field_collapse__seed17__origin0,B3,3,-766.0333848395228,derived_field_collapse,17,0.0380952380952381,0,7,Run-level descriptive proxy; replication-level expected cost/CVaR is computed in study_summary.json.,0,extension,numerical_7_days,7,30,template,False,
11.151156812339334,True,448.1933899214268,0.2857142857142857,112.44320489150287,7,0,0.9090909090909092,,0,0.4285714285714285,3,0,1.0769230769230769,0,0,64.0276271316324,185.7142857142857,0.4571428571428572,0,/workspace/MasterDissertation/results/six_hour_numeric_extension/B3__derived_field_collapse__seed18__origin0,B3,3,-759.4377104105771,derived_field_collapse,18,0.0428571428571428,0,7,Run-level descriptive proxy; replication-level expected cost/CVaR is computed in study_summary.json.,0,extension,numerical_7_days,7,30,template,False,
17.7280205655527,True,458.8315348511934,0.4285714285714285,135.40196493965388,7,0,0.9181818181818182,,0,0.5714285714285714,4,0,0.96387184730743,0,0,65.54736212159905,209.57142857142856,0.48,0,/workspace/MasterDissertation/results/six_hour_numeric_extension/B3__derived_field_collapse__seed19__origin0,B3,4,-872.3717313451588,derived_field_collapse,19,0.0380952380952381,0,7,Run-level descriptive proxy; replication-level expected cost/CVaR is computed in study_summary.json.,0,extension,numerical_7_days,7,30,template,False,
35.75835475578408,True,579.008074828744,0.2857142857142857,221.7554298668504,7,0,0.9272727272727272,,0,0.4285714285714285,3,0,0.8886123210952084,0,0,82.71543926124914,229.57142857142856,0.4571428571428572,0,/workspace/MasterDissertation/results/six_hour_numeric_extension/B3__derived_field_collapse__seed20__origin0,B3,3,-901.1836178154292,derived_field_collapse,20,0.0333333333333333,0,7,Run-level descriptive proxy; replication-level expected cost/CVaR is computed in study_summary.json.,0,extension,numerical_7_days,7,30,template,False,
30.369665809768648,True,554.4539995292427,0.8571428571428571,150.72380976963044,7,0,0.9863636363636364,,0,0.4285714285714285,3,0,0.7640845070422535,0,0,79.20771421846324,284.0,0.4571428571428572,0,/workspace/MasterDissertation/results/six_hour_numeric_extension/B3__derived_field_collapse__seed21__origin0,B3,3,-869.5263805062057,derived_field_collapse,21,0.0047619047619047,0,7,Run-level descriptive proxy; replication-level expected cost/CVaR is computed in study_summary.json.,0,extension,numerical_7_days,7,30,template,False,
22.02724935732649,True,447.6592250638605,0.4285714285714285,155.11622009551527,7,0,0.9272727272727272,,0,0.5714285714285714,4,0,0.9707681849082256,0,0,63.951317866265775,210.14285714285717,0.4571428571428572,0,/workspace/MasterDissertation/results/six_hour_numeric_extension/B3__derived_field_collapse__seed22__origin0,B3,4,-863.170847073412,derived_field_collapse,22,0.0238095238095238,0,7,Run-level descriptive proxy; replication-level expected cost/CVaR is computed in study_summary.json.,0,extension,numerical_7_days,7,30,template,False,
32.030334190231365,True,559.7393244373202,0.4285714285714285,167.27534475457668,7,0,0.95,,0,0.4285714285714285,3,0,0.9166666666666666,0,0,79.96276063390289,228.0,0.48,0,/workspace/MasterDissertation/results/six_hour_numeric_extension/B3__derived_field_collapse__seed23__origin0,B3,3,-876.4668589127779,derived_field_collapse,23,0.0238095238095238,0,7,Run-level descriptive proxy; replication-level expected cost/CVaR is computed in study_summary.json.,0,extension,numerical_7_days,7,30,template,False,
7.129048843187661,True,434.7406197038293,0.4285714285714285,108.80242493128776,7,0,0.968181818181818,,0,0.2857142857142857,2,0,0.9371464487743558,0,0,62.10580281483276,227.28571428571428,0.48,0,/workspace/MasterDissertation/results/six_hour_numeric_extension/B3__derived_field_collapse__seed24__origin0,B3,2,-645.6208621969581,derived_field_collapse,24,0.019047619047619,0,7,Run-level descriptive proxy; replication-level expected cost/CVaR is computed in study_summary.json.,0,extension,numerical_7_days,7,30,template,False,
14.999999999999998,True,452.407419593811,0.5714285714285714,141.9936599161029,7,0,0.9409090909090908,,0,0.4285714285714285,3,0,1.010460251046025,0,0,64.62963137054443,204.8571428571429,0.48,0,/workspace/MasterDissertation/results/six_hour_numeric_extension/B3__derived_field_collapse__seed25__origin0,B3,3,-766.6067855854213,derived_field_collapse,25,0.019047619047619,0,7,Run-level descriptive proxy; replication-level expected cost/CVaR is computed in study_summary.json.,0,extension,numerical_7_days,7,30,template,False,
12.104884318766068,True,534.8440596876742,0.1428571428571428,140.62306002467872,7,0,0.9227272727272728,,0,0.1428571428571428,1,0,1.11801730920535,0,0,76.40629424109632,181.57142857142856,0.4571428571428572,0,/workspace/MasterDissertation/results/six_hour_numeric_extension/B3__derived_field_collapse__seed26__origin0,B3,1,-648.906365690142,derived_field_collapse,26,0.0285714285714285,0,7,Run-level descriptive proxy; replication-level expected cost/CVaR is computed in study_summary.json.,0,extension,numerical_7_days,7,30,template,False,
10.386118251928025,True,464.3622449936271,0.4285714285714285,145.0451699708104,7,0,0.9363636363636364,,0,0.4285714285714285,3,0,0.9897048730267674,0,0,66.33746357051815,208.14285714285717,0.4571428571428572,0,/workspace/MasterDissertation/results/six_hour_numeric_extension/B3__derived_field_collapse__seed27__origin0,B3,3,-778.8667619907081,derived_field_collapse,27,0.019047619047619,0,7,Run-level descriptive proxy; replication-level expected cost/CVaR is computed in study_summary.json.,0,extension,numerical_7_days,7,30,template,False,
33.90179948586119,True,596.5844447889327,0.7142857142857143,175.17202506005762,7,0,0.9363636363636364,,0,0.4285714285714285,3,0,0.831603229527105,0,0,85.22634925556181,247.7142857142857,0.5257142857142857,0,/workspace/MasterDissertation/results/six_hour_numeric_extension/B3__derived_field_collapse__seed28__origin0,B3,3,-914.1016472949384,derived_field_collapse,28,0.0095238095238095,0,7,Run-level descriptive proxy; replication-level expected cost/CVaR is computed in study_summary.json.,0,extension,numerical_7_days,7,30,template,False,
27.574293059125967,True,581.4064145408869,0.7142857142857143,145.70252971434596,7,0,0.95,,0,0.1428571428571428,1,0,0.9408360128617363,0,0,83.0580592201267,222.14285714285717,0.4571428571428572,0,/workspace/MasterDissertation/results/six_hour_numeric_extension/B3__derived_field_collapse__seed29__origin0,B3,1,-695.9766675123215,derived_field_collapse,29,0.0095238095238095,0,7,Run-level descriptive proxy; replication-level expected cost/CVaR is computed in study_summary.json.,0,extension,numerical_7_days,7,30,template,False,
25.14910025706941,True,475.4482900306583,0.2857142857142857,156.6104599286914,7,0,0.9454545454545454,,0,0.4285714285714285,3,0,0.8692537313432837,0,0,67.92118429009403,239.28571428571428,0.4571428571428572,0,/workspace/MasterDissertation/results/six_hour_numeric_extension/B3__derived_field_collapse__seed8__origin0,B3,3,-791.1093360235275,derived_field_collapse,8,0.0238095238095238,0,7,Run-level descriptive proxy; replication-level expected cost/CVaR is computed in study_summary.json.,0,extension,numerical_7_days,7,30,template,False,
24.414910025706945,True,549.8552545782328,0.7142857142857143,170.02171488392355,7,0,0.9409090909090908,,0,0.2857142857142857,2,0,0.925287356321839,0,0,78.55075065403325,223.7142857142857,0.5028571428571428,0,/workspace/MasterDissertation/results/six_hour_numeric_extension/B3__derived_field_collapse__seed9__origin0,B3,2,-766.8574260666252,derived_field_collapse,9,0.0142857142857142,0,7,Run-level descriptive proxy; replication-level expected cost/CVaR is computed in study_summary.json.,0,extension,numerical_7_days,7,30,template,False,
2.148586118251928,True,413.19242935216425,0.5714285714285714,103.70561983233692,7,0,0.9454545454545454,,1,0.4285714285714285,3,0,1.1038665655799849,0,0,59.02748990745204,188.42857142857144,0.48,0,/workspace/MasterDissertation/results/six_hour_numeric_extension/B3__feed_gap__seed10__origin0,B3,2,-723.562991335398,feed_gap,10,0.0238095238095238,0,7,Run-level descriptive proxy; replication-level expected cost/CVaR is computed in study_summary.json.,1,extension,numerical_7_days,7,30,template,False,
1.4457583547557842,True,349.79264986139543,0.4285714285714285,89.45749500346184,7,0,0.9181818181818182,,3,0.4285714285714285,3,0,0.996476391825229,0,0,49.97037855162792,202.7142857142857,0.48,0,/workspace/MasterDissertation/results/six_hour_numeric_extension/B3__feed_gap__seed11__origin0,B3,0,-658.7383993617416,feed_gap,11,0.0333333333333333,0,7,Run-level descriptive proxy; replication-level expected cost/CVaR is computed in study_summary.json.,3,extension,numerical_7_days,7,30,template,False,
2.907455012853471,True,425.8134194646478,0.2857142857142857,107.10166971904042,7,0,0.8681818181818182,,3,0.5714285714285714,4,0,1.1446917808219177,0,0,60.83048849494968,166.85714285714286,0.48,0,/workspace/MasterDissertation/results/six_hour_numeric_extension/B3__feed_gap__seed12__origin0,B3,1,-836.5235864365518,feed_gap,12,0.0666666666666666,0,7,Run-level descriptive proxy; replication-level expected cost/CVaR is computed in study_summary.json.,3,extension,numerical_7_days,7,30,template,False,
1.9064267352185087,True,323.4458946360349,0.4285714285714285,60.702259814083575,7,0,0.9272727272727272,,3,0.4285714285714285,3,0,1.0793650793650793,0,0,46.20655637657642,189.0,0.5257142857142857,0,/workspace/MasterDissertation/results/six_hour_numeric_extension/B3__feed_gap__seed13__origin0,B3,0,-629.5161206174433,feed_gap,13,0.019047619047619,0,7,Run-level descriptive proxy; replication-level expected cost/CVaR is computed in study_summary.json.,3,extension,numerical_7_days,7,30,template,False,
1.0128534704370182,True,485.6725641151071,0.2857142857142857,105.85199470251798,7,0,0.8454545454545455,,2,0.4285714285714285,3,0,1.0551053484602917,0,0,69.38179487358673,176.28571428571428,0.48,0,/workspace/MasterDissertation/results/six_hour_numeric_extension/B3__feed_gap__seed14__origin0,B3,1,-796.2577635853588,feed_gap,14,0.0666666666666666,0,7,Run-level descriptive proxy; replication-level expected cost/CVaR is computed in study_summary.json.,2,extension,numerical_7_days,7,30,template,False,
7.208226221079692,True,549.8224744836093,0.4285714285714285,142.44600000196695,7,0,0.9045454545454544,,1,0.4285714285714285,3,0,1.0513207547169812,0,0,78.54606778337276,189.28571428571428,0.5028571428571428,0,/workspace/MasterDissertation/results/six_hour_numeric_extension/B3__feed_gap__seed15__origin0,B3,2,-864.067074483806,feed_gap,15,0.0333333333333333,0,7,Run-level descriptive proxy; replication-level expected cost/CVaR is computed in study_summary.json.,1,extension,numerical_7_days,7,30,template,False,
6.772236503856043,True,390.50960462373496,0.4285714285714285,123.6242197303176,7,0,0.8954545454545455,,3,0.4285714285714285,3,0,1.1756180733162829,0,0,55.78708637481928,167.57142857142858,0.48,0,/workspace/MasterDissertation/results/six_hour_numeric_extension/B3__feed_gap__seed16__origin0,B3,0,-702.8720265967668,feed_gap,16,0.0333333333333333,0,7,Run-level descriptive proxy; replication-level expected cost/CVaR is computed in study_summary.json.,3,extension,numerical_7_days,7,30,template,False,
1.971722365038561,True,418.2783599284292,0.4285714285714285,95.39624999999998,7,0,0.9090909090909092,,3,0.4285714285714285,3,0,1.048689138576779,0,0,59.75405141834703,190.7142857142857,0.4571428571428572,0,/workspace/MasterDissertation/results/six_hour_numeric_extension/B3__feed_gap__seed17__origin0,B3,0,-727.8179849284292,feed_gap,17,0.0333333333333333,0,7,Run-level descriptive proxy; replication-level expected cost/CVaR is computed in study_summary.json.,3,extension,numerical_7_days,7,30,template,False,
2.5686375321336765,True,395.1554296255708,0.2857142857142857,88.6303600025177,7,0,0.8727272727272727,,2,0.4285714285714285,3,0,1.108910891089109,0,0,56.45077566079583,173.14285714285714,0.4571428571428572,0,/workspace/MasterDissertation/results/six_hour_numeric_extension/B3__feed_gap__seed18__origin0,B3,1,-704.0184656258225,feed_gap,18,0.0476190476190476,0,7,Run-level descriptive proxy; replication-level expected cost/CVaR is computed in study_summary.json.,2,extension,numerical_7_days,7,30,template,False,
1.876606683804628,True,436.8831047050357,0.4285714285714285,101.95060000354052,7,0,0.8818181818181818,,3,0.7142857142857143,5,0,1.070133963750985,0,0,62.411872100719386,181.28571428571428,0.5028571428571429,0,/workspace/MasterDissertation/results/six_hour_numeric_extension/B3__feed_gap__seed19__origin0,B3,2,-947.0781647053898,feed_gap,19,0.0476190476190476,0,7,Run-level descriptive proxy; replication-level expected cost/CVaR is computed in study_summary.json.,3,extension,numerical_7_days,7,30,template,False,
1.7110539845758357,True,418.358519521296,0.2857142857142857,111.69681461077928,7,0,0.9045454545454544,,2,0.5714285714285714,4,0,1.2018981880931836,0,0,59.76550278875657,165.57142857142858,0.4571428571428572,0,/workspace/MasterDissertation/results/six_hour_numeric_extension/B3__feed_gap__seed20__origin0,B3,2,-829.5282009823738,feed_gap,20,0.0523809523809523,0,7,Run-level descriptive proxy; replication-level expected cost/CVaR is computed in study_summary.json.,2,extension,numerical_7_days,7,30,template,False,
7.501799485861184,True,509.6664593569636,0.4285714285714285,135.55747976797818,7,0,0.9045454545454544,,1,0.5714285714285714,4,0,0.9399460188933872,0,0,72.80949419385193,211.7142857142857,0.4571428571428572,0,/workspace/MasterDissertation/results/six_hour_numeric_extension/B3__feed_gap__seed21__origin0,B3,3,-923.2222073337614,feed_gap,21,0.0333333333333333,0,7,Run-level descriptive proxy; replication-level expected cost/CVaR is computed in study_summary.json.,1,extension,numerical_7_days,7,30,template,False,
3.868380462724936,True,345.4435299202204,0.5714285714285714,118.59276999992132,7,0,0.9,,3,0.5714285714285714,4,0,1.1876606683804627,0,0,49.34907570288863,166.71428571428572,0.4571428571428572,0,/workspace/MasterDissertation/results/six_hour_numeric_extension/B3__feed_gap__seed22__origin0,B3,1,-757.3028069202126,feed_gap,22,0.0428571428571428,0,7,Run-level descriptive proxy; replication-level expected cost/CVaR is computed in study_summary.json.,3,extension,numerical_7_days,7,30,template,False,
4.336760925449872,True,461.99117477130886,0.1428571428571428,96.76820489871504,7,0,0.9090909090909092,,2,0.4285714285714285,3,0,1.2669683257918551,0,0,65.99873925304412,157.85714285714286,0.4571428571428572,0,/workspace/MasterDissertation/results/six_hour_numeric_extension/B3__feed_gap__seed23__origin0,B3,1,-771.6679952611803,feed_gap,23,0.0333333333333333,0,7,Run-level descriptive proxy; replication-level expected cost/CVaR is computed in study_summary.json.,2,extension,numerical_7_days,7,30,template,False,
8.565038560411312,True,410.65582923060657,0.2857142857142857,128.40478957891463,7,0,0.9045454545454544,,0,0.4285714285714285,3,0,0.9823695345557122,0,0,58.66511846151523,202.57142857142856,0.5028571428571428,0,/workspace/MasterDissertation/results/six_hour_numeric_extension/B3__feed_gap__seed24__origin0,B3,3,-723.496308188498,feed_gap,24,0.0476190476190476,0,7,Run-level descriptive proxy; replication-level expected cost/CVaR is computed in study_summary.json.,0,extension,numerical_7_days,7,30,template,False,
1.5938303341902316,True,412.4835590359568,0.2857142857142857,87.46336476695538,7,0,0.8681818181818182,,2,0.4285714285714285,3,0,1.087876322213181,0,0,58.926222719422405,175.57142857142858,0.4571428571428572,0,/workspace/MasterDissertation/results/six_hour_numeric_extension/B3__feed_gap__seed25__origin0,B3,1,-721.2298955126523,feed_gap,25,0.0571428571428571,0,7,Run-level descriptive proxy; replication-level expected cost/CVaR is computed in study_summary.json.,2,extension,numerical_7_days,7,30,template,False,
3.13624678663239,True,503.9494743137956,0.0,96.32411481416224,7,0,0.8954545454545455,,2,0.4285714285714285,3,0,1.3559488692232056,0,0,71.99278204482793,145.28571428571428,0.4571428571428572,0,/workspace/MasterDissertation/results/six_hour_numeric_extension/B3__feed_gap__seed26__origin0,B3,1,-813.5818857952117,feed_gap,26,0.0476190476190476,0,7,Run-level descriptive proxy; replication-level expected cost/CVaR is computed in study_summary.json.,2,extension,numerical_7_days,7,30,template,False,
2.153727506426736,True,468.91971973752976,0.2857142857142857,124.51174500346184,7,0,0.8818181818181818,,2,0.4285714285714285,3,0,1.0933977455716586,0,0,66.98853139107568,177.42857142857142,0.4571428571428572,0,/workspace/MasterDissertation/results/six_hour_numeric_extension/B3__feed_gap__seed27__origin0,B3,1,-781.370894237876,feed_gap,27,0.0380952380952381,0,7,Run-level descriptive proxy; replication-level expected cost/CVaR is computed in study_summary.json.,2,extension,numerical_7_days,7,30,template,False,
2.144473007712082,True,477.1023594858646,0.2857142857142857,115.28235500204563,7,0,0.9136363636363636,,2,0.4285714285714285,3,0,1.1292134831460674,0,0,68.15747992655209,178.0,0.5028571428571428,0,/workspace/MasterDissertation/results/six_hour_numeric_extension/B3__feed_gap__seed28__origin0,B3,1,-788.6305949860691,feed_gap,28,0.0238095238095238,0,7,Run-level descriptive proxy; replication-level expected cost/CVaR is computed in study_summary.json.,2,extension,numerical_7_days,7,30,template,False,
2.9059125964010284,True,495.3594647554159,0.4285714285714285,106.90913993847371,7,0,0.9318181818181818,,1,0.4285714285714285,3,0,1.2732919254658386,0,0,70.76563782220227,161.0,0.48,0,/workspace/MasterDissertation/results/six_hour_numeric_extension/B3__feed_gap__seed29__origin0,B3,2,-806.0503787492632,feed_gap,29,0.0238095238095238,0,7,Run-level descriptive proxy; replication-level expected cost/CVaR is computed in study_summary.json.,1,extension,numerical_7_days,7,30,template,False,
1.99280205655527,True,254.65710971534253,0.5714285714285714,67.15560990810394,7,0,0.9727272727272728,,0,0.5714285714285714,4,0,1.1212574850299402,0,0,36.37958710219179,190.8571428571429,0.4571428571428572,0,/workspace/MasterDissertation/results/six_hour_numeric_extension/B3__feed_gap__seed8__origin0,B3,4,-661.3726707061529,feed_gap,8,0.019047619047619,0,7,Run-level descriptive proxy; replication-level expected cost/CVaR is computed in study_summary.json.,0,extension,numerical_7_days,7,30,template,False,
1.8262210796915168,True,497.7634293364287,0.5714285714285714,114.26287495672702,7,0,0.8909090909090909,,3,0.4285714285714285,3,0,1.1568296795952784,0,0,71.10906133377553,169.42857142857142,0.5257142857142857,0,/workspace/MasterDissertation/results/six_hour_numeric_extension/B3__feed_gap__seed9__origin0,B3,0,-809.1897168321013,feed_gap,9,0.0380952380952381,0,7,Run-level descriptive proxy; replication-level expected cost/CVaR is computed in study_summary.json.,3,extension,numerical_7_days,7,30,template,False,
6.548071979434448,True,409.8813295236826,0.5714285714285714,105.3589999744296,7,0,0.9454545454545454,,0,0.0,0,0,1.1304347826086956,0,0,58.55447564624037,184.0,0.8228571428571428,0,/workspace/MasterDissertation/results/six_hour_numeric_extension/B3__normal__seed10__origin0,B3,0,-420.4172295211256,normal,10,0.019047619047619,0,7,Run-level descriptive proxy; replication-level expected cost/CVaR is computed in study_summary.json.,0,extension,numerical_7_days,7,30,template,False,
1.546529562982005,True,364.0084247706533,0.5714285714285714,89.45749500346184,7,0,0.9227272727272728,,0,0.0,0,0,1.0142755174875089,0,0,52.001203538664754,200.14285714285717,0.8228571428571428,0,/workspace/MasterDissertation/results/six_hour_numeric_extension/B3__normal__seed11__origin0,B3,0,-372.9541742709995,normal,11,0.0238095238095238,0,7,Run-level descriptive proxy; replication-level expected cost/CVaR is computed in study_summary.json.,0,extension,numerical_7_days,7,30,template,False,
2.387660668380463,True,354.1870147601366,0.5714285714285714,75.87916003084183,7,0,0.9227272727272728,,0,0.0,0,0,1.180232558139535,0,0,50.5981449657338,172.0,0.8685714285714285,0,/workspace/MasterDissertation/results/six_hour_numeric_extension/B3__normal__seed12__origin0,B3,0,-361.7749307632208,normal,12,0.0238095238095238,0,7,Run-level descriptive proxy; replication-level expected cost/CVaR is computed in study_summary.json.,0,extension,numerical_7_days,7,30,template,False,
6.261696658097687,True,339.54691457301385,0.2857142857142857,99.57188981455565,7,0,0.9227272727272728,,0,0.0,0,0,1.0922367409684857,0,0,48.506702081859125,185.8571428571429,0.937142857142857,0,/workspace/MasterDissertation/results/six_hour_numeric_extension/B3__normal__seed13__origin0,B3,0,-349.5041035544694,normal,13,0.0285714285714285,0,7,Run-level descriptive proxy; replication-level expected cost/CVaR is computed in study_summary.json.,0,extension,numerical_7_days,7,30,template,False,
1.376349614395887,True,442.74564935851095,0.1428571428571428,88.13677500236035,7,0,0.8954545454545455,,0,0.0,0,0,1.0858267716535437,0,0,63.24937847978728,181.42857142857144,0.8457142857142858,0,/workspace/MasterDissertation/results/six_hour_numeric_extension/B3__normal__seed14__origin0,B3,0,-451.559326858747,normal,14,0.0476190476190476,0,7,Run-level descriptive proxy; replication-level expected cost/CVaR is computed in study_summary.json.,0,extension,numerical_7_days,7,30,template,False,
0.97840616966581,True,431.1357195277215,0.7142857142857143,112.38701500338315,7,0,0.9454545454545454,,0,0.1428571428571428,1,0,1.2444444444444445,0,0,61.59081707538878,167.14285714285714,0.9142857142857144,0,/workspace/MasterDissertation/results/six_hour_numeric_extension/B3__normal__seed15__origin0,B3,1,-542.3744210280597,normal,15,0.0095238095238095,0,7,Run-level descriptive proxy; replication-level expected cost/CVaR is computed in study_summary.json.,0,extension,numerical_7_days,7,30,template,False,
3.584575835475579,True,349.7767646926045,0.7142857142857143,84.67291000133753,7,0,0.9363636363636364,,0,0.1428571428571428,1,0,1.2335329341317365,0,0,49.96810924180064,167.0,0.8457142857142858,0,/workspace/MasterDissertation/results/six_hour_numeric_extension/B3__normal__seed16__origin0,B3,1,-458.24405569273824,normal,16,0.0095238095238095,0,7,Run-level descriptive proxy; replication-level expected cost/CVaR is computed in study_summary.json.,0,extension,numerical_7_days,7,30,template,False,
2.050385604113111,True,315.8784799404144,0.2857142857142857,83.53378994214535,7,0,0.9454545454545454,,0,0.0,0,0,1.122590593677718,0,0,45.12549713434492,185.28571428571428,0.8457142857142858,0,/workspace/MasterDissertation/results/six_hour_numeric_extension/B3__normal__seed17__origin0,B3,0,-324.231858934629,normal,17,0.0333333333333333,0,7,Run-level descriptive proxy; replication-level expected cost/CVaR is computed in study_summary.json.,0,extension,numerical_7_days,7,30,template,False,
4.469408740359898,True,333.66322973322866,0.4285714285714285,102.61130490881206,7,0,0.9318181818181818,,0,0.1428571428571428,1,0,1.2192013593882751,0,0,47.66617567617552,168.14285714285714,0.8228571428571428,0,/workspace/MasterDissertation/results/six_hour_numeric_extension/B3__normal__seed18__origin0,B3,1,-443.9243602241099,normal,18,0.0380952380952381,0,7,Run-level descriptive proxy; replication-level expected cost/CVaR is computed in study_summary.json.,0,extension,numerical_7_days,7,30,template,False,
3.518766066838047,True,378.2025347810387,0.7142857142857143,94.45252990841864,7,0,0.9409090909090908,,0,0.1428571428571428,1,0,1.1723300970873785,0,0,54.02893354014839,176.57142857142858,0.8457142857142858,0,/workspace/MasterDissertation/results/six_hour_numeric_extension/B3__normal__seed19__origin0,B3,1,-487.6477877718806,normal,19,0.0238095238095238,0,7,Run-level descriptive proxy; replication-level expected cost/CVaR is computed in study_summary.json.,0,extension,numerical_7_days,7,30,template,False,
3.940359897172237,True,383.218584716916,0.2857142857142857,95.19714986073971,7,0,0.9409090909090908,,0,0.0,0,0,1.2014925373134329,0,0,54.745512102416576,172.28571428571428,0.8228571428571428,0,/workspace/MasterDissertation/results/six_hour_numeric_extension/B3__normal__seed20__origin0,B3,0,-392.73829970299,normal,20,0.0238095238095238,0,7,Run-level descriptive proxy; replication-level expected cost/CVaR is computed in study_summary.json.,0,extension,numerical_7_days,7,30,template,False,
6.337275064267352,True,428.1924294524789,0.5714285714285714,95.54356489402058,7,0,0.9636363636363636,,0,0.1428571428571428,1,0,1.0458069062720226,0,0,61.17034706463984,202.7142857142857,0.7999999999999999,0,/workspace/MasterDissertation/results/six_hour_numeric_extension/B3__normal__seed21__origin0,B3,1,-537.746785941881,normal,21,0.0142857142857142,0,7,Run-level descriptive proxy; replication-level expected cost/CVaR is computed in study_summary.json.,0,extension,numerical_7_days,7,30,template,False,
5.74910025706941,True,320.70493485814336,0.5714285714285714,96.78697503632308,7,0,0.9545454545454546,,0,0.1428571428571428,1,0,1.2727272727272727,0,0,45.81499069402048,165.0,0.8228571428571428,0,/workspace/MasterDissertation/results/six_hour_numeric_extension/B3__normal__seed22__origin0,B3,1,-430.38363236177565,normal,22,0.0333333333333333,0,7,Run-level descriptive proxy; replication-level expected cost/CVaR is computed in study_summary.json.,0,extension,numerical_7_days,7,30,template,False,
4.800514138817481,True,443.28229962509874,0.5714285714285714,97.0657748849988,7,0,0.9272727272727272,,0,0.0,0,0,1.2482517482517483,0,0,63.32604280358554,163.42857142857142,0.8228571428571428,0,/workspace/MasterDissertation/results/six_hour_numeric_extension/B3__normal__seed23__origin0,B3,0,-452.9888771135986,normal,23,0.0285714285714285,0,7,Run-level descriptive proxy; replication-level expected cost/CVaR is computed in study_summary.json.,0,extension,numerical_7_days,7,30,template,False,
3.774293059125965,True,324.71706955814363,0.7142857142857143,79.53804500424863,7,0,0.9772727272727272,,0,0.0,0,0,1.0704125177809387,0,0,46.38815279402052,200.8571428571429,0.8685714285714285,0,/workspace/MasterDissertation/results/six_hour_numeric_extension/B3__normal__seed24__origin0,B3,0,-332.6708740585685,normal,24,0.0095238095238095,0,7,Run-level descriptive proxy; replication-level expected cost/CVaR is computed in study_summary.json.,0,extension,numerical_7_days,7,30,template,False,
1.5357326478149105,True,310.0639095214009,0.5714285714285714,66.56171000409127,7,0,0.9636363636363636,,0,0.1428571428571428,1,0,1.239766081871345,0,0,44.29484421734298,171.0,0.8457142857142858,0,/workspace/MasterDissertation/results/six_hour_numeric_extension/B3__normal__seed25__origin0,B3,1,-416.72008052181,normal,25,0.019047619047619,0,7,Run-level descriptive proxy; replication-level expected cost/CVaR is computed in study_summary.json.,0,extension,numerical_7_days,7,30,template,False,
3.897172236503857,True,395.07190942698713,0.1428571428571428,92.04433987671138,7,0,0.9227272727272728,,0,0.0,0,0,1.421,0,0,56.4388442038553,142.85714285714286,0.7999999999999999,0,/workspace/MasterDissertation/results/six_hour_numeric_extension/B3__normal__seed26__origin0,B3,0,-404.2763434146583,normal,26,0.0333333333333333,0,7,Run-level descriptive proxy; replication-level expected cost/CVaR is computed in study_summary.json.,0,extension,numerical_7_days,7,30,template,False,
1.102827763496144,True,393.20388960605857,0.2857142857142857,84.23513000243902,7,0,0.9227272727272728,,0,0.0,0,0,1.1552845528455284,0,0,56.17198422943694,175.71428571428572,0.8457142857142858,0,/workspace/MasterDissertation/results/six_hour_numeric_extension/B3__normal__seed27__origin0,B3,0,-401.6274026063025,normal,27,0.0238095238095238,0,7,Run-level descriptive proxy; replication-level expected cost/CVaR is computed in study_summary.json.,0,extension,numerical_7_days,7,30,template,False,
2.7352185089974297,True,441.39513950705526,0.5714285714285714,115.28235500204563,7,0,0.9090909090909092,,0,0.1428571428571428,1,0,1.2269938650306749,0,0,63.05644850100789,163.0,0.8914285714285715,0,/workspace/MasterDissertation/results/six_hour_numeric_extension/B3__normal__seed28__origin0,B3,1,-552.9233750072599,normal,28,0.019047619047619,0,7,Run-level descriptive proxy; replication-level expected cost/CVaR is computed in study_summary.json.,0,extension,numerical_7_days,7,30,template,False,
2.9491002570694094,True,439.1979246723056,0.5714285714285714,89.7012350025177,7,0,0.9409090909090908,,0,0.0,0,0,1.31131221719457,0,0,62.74256066747223,157.85714285714286,0.8685714285714285,0,/workspace/MasterDissertation/results/six_hour_numeric_extension/B3__normal__seed29__origin0,B3,0,-448.16804817255735,normal,29,0.019047619047619,0,7,Run-level descriptive proxy; replication-level expected cost/CVaR is computed in study_summary.json.,0,extension,numerical_7_days,7,30,template,False,
1.284832904884319,True,271.9200297628641,0.5714285714285714,61.65046000212431,7,0,0.9727272727272728,,0,0.0,0,0,1.1621411947245928,0,0,38.84571853755201,184.14285714285717,0.8228571428571428,0,/workspace/MasterDissertation/results/six_hour_numeric_extension/B3__normal__seed8__origin0,B3,0,-278.08507576307653,normal,8,0.0142857142857142,0,7,Run-level descriptive proxy; replication-level expected cost/CVaR is computed in study_summary.json.,0,extension,numerical_7_days,7,30,template,False,
2.695629820051414,True,481.1003243973255,0.4285714285714285,104.34209981667996,7,0,0.9136363636363636,,0,0.1428571428571428,1,0,1.1026645768025078,0,0,68.7286177710465,182.28571428571428,0.8914285714285713,0,/workspace/MasterDissertation/results/six_hour_numeric_extension/B3__normal__seed9__origin0,B3,1,-591.5345343789935,normal,9,0.0238095238095238,0,7,Run-level descriptive proxy; replication-level expected cost/CVaR is computed in study_summary.json.,0,extension,numerical_7_days,7,30,template,False,
23.62313624678664,True,429.7999245424867,0.4285714285714285,217.76088465869427,4,0,0.8863636363636364,,0,0.0,0,3,1.1025848142164782,0,0,61.39998922035524,176.85714285714286,0.5028571428571429,0,/workspace/MasterDissertation/results/six_hour_numeric_extension/B4__derived_field_collapse__seed10__origin0,B4,0,-457.5760130083561,derived_field_collapse,10,0.0476190476190476,0,7,Run-level descriptive proxy; replication-level expected cost/CVaR is computed in study_summary.json.,0,extension,numerical_7_days,7,30,template,False,
8.837017994858613,True,325.6770248646737,0.5714285714285714,129.58904490786793,4,0,0.9090909090909092,,0,0.0,0,3,0.9803921568627452,0,0,46.525289266381954,204.0,0.5028571428571428,0,/workspace/MasterDissertation/results/six_hour_numeric_extension/B4__derived_field_collapse__seed11__origin0,B4,0,-344.63592935546046,derived_field_collapse,11,0.0285714285714285,0,7,Run-level descriptive proxy; replication-level expected cost/CVaR is computed in study_summary.json.,0,extension,numerical_7_days,7,30,template,False,
15.269922879177376,True,338.40066934925323,0.4285714285714285,134.8718845603466,4,0,0.9090909090909092,,0,0.0,0,3,1.206896551724138,0,0,48.34295276417903,165.71428571428572,0.48,0,/workspace/MasterDissertation/results/six_hour_numeric_extension/B4__derived_field_collapse__seed12__origin0,B4,0,-357.8878578052879,derived_field_collapse,12,0.0333333333333333,0,7,Run-level descriptive proxy; replication-level expected cost/CVaR is computed in study_summary.json.,0,extension,numerical_7_days,7,30,template,False,
9.396401028277635,True,301.05310963666443,0.4285714285714285,100.4007348136902,4,0,0.9227272727272728,,0,0.0,0,3,1.0956052428681573,0,0,43.00758709095207,185.28571428571428,0.5257142857142857,0,/workspace/MasterDissertation/results/six_hour_numeric_extension/B4__derived_field_collapse__seed13__origin0,B4,0,-317.09318311803344,derived_field_collapse,13,0.0238095238095238,0,7,Run-level descriptive proxy; replication-level expected cost/CVaR is computed in study_summary.json.,0,extension,numerical_7_days,7,30,template,False,
10.807712082262212,True,356.7711345800161,0.1428571428571428,147.30492466181516,4,0,0.9045454545454544,,0,0.0,0,3,1.1666666666666663,0,0,50.9673049400023,170.57142857142858,0.5257142857142857,0,/workspace/MasterDissertation/results/six_hour_numeric_extension/B4__derived_field_collapse__seed14__origin0,B4,0,-377.50162704619765,derived_field_collapse,14,0.0380952380952381,0,7,Run-level descriptive proxy; replication-level expected cost/CVaR is computed in study_summary.json.,0,extension,numerical_7_days,7,30,template,False,
14.44164524421594,True,403.8554447240234,0.5714285714285714,139.13958496540786,4,0,0.9272727272727272,,0,0.25,1,3,1.3259052924791086,0,0,57.69363496057478,153.85714285714286,0.5257142857142857,0,/workspace/MasterDissertation/results/six_hour_numeric_extension/B4__derived_field_collapse__seed15__origin0,B4,1,-523.7694032205642,derived_field_collapse,15,0.0238095238095238,0,7,Run-level descriptive proxy; replication-level expected cost/CVaR is computed in study_summary.json.,0,extension,numerical_7_days,7,30,template,False,
9.743958868894603,True,343.7984698660373,0.4285714285714285,101.50022983419898,4,0,0.9045454545454544,,0,0.0,0,3,1.162771285475793,0,0,49.11406712371962,171.14285714285714,0.48,0,/workspace/MasterDissertation/results/six_hour_numeric_extension/B4__derived_field_collapse__seed16__origin0,B4,0,-359.94849284945724,derived_field_collapse,16,0.0285714285714285,0,7,Run-level descriptive proxy; replication-level expected cost/CVaR is computed in study_summary.json.,0,extension,numerical_7_days,7,30,template,False,
4.6524421593830345,True,352.8059750218988,0.1428571428571428,105.50653002512456,4,0,0.8909090909090909,,0,0.0,0,3,1.014792899408284,0,0,50.40085357455697,193.14285714285717,0.48,0,/workspace/MasterDissertation/results/six_hour_numeric_extension/B4__derived_field_collapse__seed17__origin0,B4,0,-369.3566280244112,derived_field_collapse,17,0.0428571428571428,0,7,Run-level descriptive proxy; replication-level expected cost/CVaR is computed in study_summary.json.,0,extension,numerical_7_days,7,30,template,False,
8.52030848329049,True,333.9567897644639,0.2857142857142857,154.96865984594822,4,0,0.8909090909090909,,0,0.0,0,3,1.116354759967453,0,0,47.70811282349485,175.57142857142858,0.48,0,/workspace/MasterDissertation/results/six_hour_numeric_extension/B4__derived_field_collapse__seed18__origin0,B4,0,-355.4536557490587,derived_field_collapse,18,0.0476190476190476,0,7,Run-level descriptive proxy; replication-level expected cost/CVaR is computed in study_summary.json.,0,extension,numerical_7_days,7,30,template,False,
9.431876606683806,True,359.7149696706533,0.4285714285714285,116.1464098597169,4,0,0.9045454545454544,,0,0.25,1,3,1.1038034865293187,0,0,51.38785281009333,180.28571428571428,0.5028571428571429,0,/workspace/MasterDissertation/results/six_hour_numeric_extension/B4__derived_field_collapse__seed19__origin0,B4,1,-477.329610656625,derived_field_collapse,19,0.0476190476190476,0,7,Run-level descriptive proxy; replication-level expected cost/CVaR is computed in study_summary.json.,0,extension,numerical_7_days,7,30,template,False,
16.258097686375322,True,444.9730495798588,0.1428571428571428,175.0611746880412,4,0,0.8545454545454545,,0,0.0,0,3,1.1781557743957027,0,0,63.5675785114084,159.57142857142858,0.48,0,/workspace/MasterDissertation/results/six_hour_numeric_extension/B4__derived_field_collapse__seed20__origin0,B4,0,-468.4791670486629,derived_field_collapse,20,0.0571428571428571,0,7,Run-level descriptive proxy; replication-level expected cost/CVaR is computed in study_summary.json.,0,extension,numerical_7_days,7,30,template,False,
15.723907455012856,True,402.4886145348548,0.5714285714285714,125.05872494256496,4,0,0.9590909090909092,,0,0.0,0,3,1.0884303610906412,0,0,57.49837350497926,193.8571428571429,0.48,0,/workspace/MasterDissertation/results/six_hour_numeric_extension/B4__derived_field_collapse__seed21__origin0,B4,0,-420.9944870291113,derived_field_collapse,21,0.019047619047619,0,7,Run-level descriptive proxy; replication-level expected cost/CVaR is computed in study_summary.json.,0,extension,numerical_7_days,7,30,template,False,
7.032390745501287,True,293.16557988101243,0.4285714285714285,128.9116650365591,4,0,0.9227272727272728,,0,0.25,1,3,1.1714756801319044,0,0,41.88079712585892,173.28571428571428,0.48,0,/workspace/MasterDissertation/results/six_hour_numeric_extension/B4__derived_field_collapse__seed22__origin0,B4,1,-412.0567463846684,derived_field_collapse,22,0.0285714285714285,0,7,Run-level descriptive proxy; replication-level expected cost/CVaR is computed in study_summary.json.,0,extension,numerical_7_days,7,30,template,False,
10.9120822622108,True,382.948379512012,0.2857142857142857,132.23129988211394,4,0,0.9363636363636364,,0,0.0,0,3,1.3351851851851853,0,0,54.70691135885886,154.28571428571428,0.48,0,/workspace/MasterDissertation/results/six_hour_numeric_extension/B4__derived_field_collapse__seed23__origin0,B4,0,-402.1715095002234,derived_field_collapse,23,0.0333333333333333,0,7,Run-level descriptive proxy; replication-level expected cost/CVaR is computed in study_summary.json.,0,extension,numerical_7_days,7,30,template,False,
8.509511568123395,True,294.7583147209287,0.5714285714285714,80.2214747852087,4,0,0.9727272727272728,,0,0.25,1,3,1.0594059405940597,0,0,42.10833067441838,202.0,0.5028571428571428,0,/workspace/MasterDissertation/results/six_hour_numeric_extension/B4__derived_field_collapse__seed24__origin0,B4,1,-408.7804621994496,derived_field_collapse,24,0.0142857142857142,0,7,Run-level descriptive proxy; replication-level expected cost/CVaR is computed in study_summary.json.,0,extension,numerical_7_days,7,30,template,False,
5.626735218508998,True,306.3909596047998,0.5714285714285714,75.60143983107805,4,0,0.9409090909090908,,0,0.25,1,3,1.1828571428571428,0,0,43.77013708639997,175.0,0.48,0,/workspace/MasterDissertation/results/six_hour_numeric_extension/B4__derived_field_collapse__seed25__origin0,B4,1,-419.9511035879076,derived_field_collapse,25,0.019047619047619,0,7,Run-level descriptive proxy; replication-level expected cost/CVaR is computed in study_summary.json.,0,extension,numerical_7_days,7,30,template,False,
20.23856041131105,True,399.7457944882513,0.0,159.2216897084713,4,0,0.9090909090909092,,0,0.0,0,3,1.4198782961460443,0,0,57.106542069750176,140.85714285714286,0.48,0,/workspace/MasterDissertation/results/six_hour_numeric_extension/B4__derived_field_collapse__seed26__origin0,B4,0,-421.6679634590984,derived_field_collapse,26,0.0380952380952381,0,7,Run-level descriptive proxy; replication-level expected cost/CVaR is computed in study_summary.json.,0,extension,numerical_7_days,7,30,template,False,
12.2719794344473,True,423.9141247344613,0.1428571428571428,182.1338498127461,4,0,0.85,,0,0.0,0,3,1.1112054329371817,0,0,60.55916067635162,168.28571428571428,0.48,0,/workspace/MasterDissertation/results/six_hour_numeric_extension/B4__derived_field_collapse__seed27__origin0,B4,0,-448.1275097157359,derived_field_collapse,27,0.0523809523809523,0,7,Run-level descriptive proxy; replication-level expected cost/CVaR is computed in study_summary.json.,0,extension,numerical_7_days,7,30,template,False,
16.582005141388176,True,400.9449095286132,0.4285714285714285,154.4794697703123,4,0,0.9136363636363636,,0,0.0,0,3,1.3387250237868695,0,0,57.27784421837331,150.14285714285714,0.5028571428571428,0,/workspace/MasterDissertation/results/six_hour_numeric_extension/B4__derived_field_collapse__seed28__origin0,B4,0,-422.3928565056444,derived_field_collapse,28,0.0285714285714285,0,7,Run-level descriptive proxy; replication-level expected cost/CVaR is computed in study_summary.json.,0,extension,numerical_7_days,7,30,template,False,
18.63856041131105,True,461.6504094191194,0.4285714285714285,161.40950962525608,4,0,0.8727272727272727,,0,0.0,0,3,1.344,0,0,65.95005848844563,142.85714285714286,0.48,0,/workspace/MasterDissertation/results/six_hour_numeric_extension/B4__derived_field_collapse__seed29__origin0,B4,0,-483.791360381645,derived_field_collapse,29,0.0523809523809523,0,7,Run-level descriptive proxy; replication-level expected cost/CVaR is computed in study_summary.json.,0,extension,numerical_7_days,7,30,template,False,
6.6401028277634975,True,266.3945546826124,0.2857142857142857,108.88695990771056,4,0,0.9363636363636364,,0,0.0,0,3,1.037410071942446,0,0,38.05636495465892,198.57142857142856,0.5028571428571429,0,/workspace/MasterDissertation/results/six_hour_numeric_extension/B4__derived_field_collapse__seed8__origin0,B4,0,-283.28325067338346,derived_field_collapse,8,0.0285714285714285,0,7,Run-level descriptive proxy; replication-level expected cost/CVaR is computed in study_summary.json.,0,extension,numerical_7_days,7,30,template,False,
16.68431876606684,True,417.9946143486501,0.5714285714285714,152.89812957954408,4,0,0.9136363636363636,,0,0.0,0,3,1.2584973166368514,0,0,59.71351633552144,159.71428571428572,0.5257142857142857,0,/workspace/MasterDissertation/results/six_hour_numeric_extension/B4__derived_field_collapse__seed9__origin0,B4,0,-439.28442730660447,derived_field_collapse,9,0.0333333333333333,0,7,Run-level descriptive proxy; replication-level expected cost/CVaR is computed in study_summary.json.,0,extension,numerical_7_days,7,30,template,False,
23.259640102827767,True,433.08894454240806,0.4285714285714285,210.0292796586156,4,0,0.8818181818181818,,0,0.0,0,3,1.0942788074133765,0,0,61.86984922034401,177.28571428571428,0.5028571428571429,0,/workspace/MasterDissertation/results/six_hour_numeric_extension/B4__feed_gap__seed10__origin0,B4,0,-460.0918725082696,feed_gap,10,0.0476190476190476,0,7,Run-level descriptive proxy; replication-level expected cost/CVaR is computed in study_summary.json.,0,extension,numerical_7_days,7,30,template,False,
9.046786632390749,True,330.07702486467366,0.5714285714285714,129.58904490786793,4,0,0.9090909090909092,,0,0.0,0,3,0.9803921568627452,0,0,47.15386069495338,204.0,0.5028571428571428,0,/workspace/MasterDissertation/results/six_hour_numeric_extension/B4__feed_gap__seed11__origin0,B4,0,-349.03592935546044,feed_gap,11,0.0285714285714285,0,7,Run-level descriptive proxy; replication-level expected cost/CVaR is computed in study_summary.json.,0,extension,numerical_7_days,7,30,template,False,
15.269922879177376,True,338.40066934925323,0.4285714285714285,134.8718845603466,4,0,0.9090909090909092,,0,0.0,0,3,1.206896551724138,0,0,48.34295276417903,165.71428571428572,0.48,0,/workspace/MasterDissertation/results/six_hour_numeric_extension/B4__feed_gap__seed12__origin0,B4,0,-357.8878578052879,feed_gap,12,0.0333333333333333,0,7,Run-level descriptive proxy; replication-level expected cost/CVaR is computed in study_summary.json.,0,extension,numerical_7_days,7,30,template,False,
9.396401028277635,True,301.05310963666443,0.4285714285714285,100.4007348136902,4,0,0.9227272727272728,,0,0.0,0,3,1.0956052428681573,0,0,43.00758709095207,185.28571428571428,0.5257142857142857,0,/workspace/MasterDissertation/results/six_hour_numeric_extension/B4__feed_gap__seed13__origin0,B4,0,-317.09318311803344,feed_gap,13,0.0238095238095238,0,7,Run-level descriptive proxy; replication-level expected cost/CVaR is computed in study_summary.json.,0,extension,numerical_7_days,7,30,template,False,
10.807712082262212,True,356.7711345800161,0.1428571428571428,147.30492466181516,4,0,0.9045454545454544,,0,0.0,0,3,1.1666666666666663,0,0,50.9673049400023,170.57142857142858,0.5257142857142857,0,/workspace/MasterDissertation/results/six_hour_numeric_extension/B4__feed_gap__seed14__origin0,B4,0,-377.50162704619765,feed_gap,14,0.0380952380952381,0,7,Run-level descriptive proxy; replication-level expected cost/CVaR is computed in study_summary.json.,0,extension,numerical_7_days,7,30,template,False,
14.44164524421594,True,403.8554447240234,0.5714285714285714,139.13958496540786,4,0,0.9272727272727272,,0,0.0,0,3,1.3259052924791086,0,0,57.69363496057478,153.85714285714286,0.5257142857142857,0,/workspace/MasterDissertation/results/six_hour_numeric_extension/B4__feed_gap__seed15__origin0,B4,0,-423.7694032205642,feed_gap,15,0.0238095238095238,0,7,Run-level descriptive proxy; replication-level expected cost/CVaR is computed in study_summary.json.,0,extension,numerical_7_days,7,30,template,False,
9.743958868894603,True,343.8002848662734,0.4285714285714285,101.50022983419898,4,0,0.9045454545454544,,0,0.0,0,3,1.162771285475793,0,0,49.11432640946763,171.14285714285714,0.48,0,/workspace/MasterDissertation/results/six_hour_numeric_extension/B4__feed_gap__seed16__origin0,B4,0,-359.9503078496933,feed_gap,16,0.0285714285714285,0,7,Run-level descriptive proxy; replication-level expected cost/CVaR is computed in study_summary.json.,0,extension,numerical_7_days,7,30,template,False,
4.6524421593830345,True,352.8059750218988,0.1428571428571428,105.50653002512456,4,0,0.8909090909090909,,0,0.0,0,3,1.014792899408284,0,0,50.40085357455697,193.14285714285717,0.48,0,/workspace/MasterDissertation/results/six_hour_numeric_extension/B4__feed_gap__seed17__origin0,B4,0,-369.3566280244112,feed_gap,17,0.0428571428571428,0,7,Run-level descriptive proxy; replication-level expected cost/CVaR is computed in study_summary.json.,0,extension,numerical_7_days,7,30,template,False,
8.52030848329049,True,333.9567897644639,0.2857142857142857,154.96865984594822,4,0,0.8909090909090909,,0,0.0,0,3,1.116354759967453,0,0,47.70811282349485,175.57142857142858,0.48,0,/workspace/MasterDissertation/results/six_hour_numeric_extension/B4__feed_gap__seed18__origin0,B4,0,-355.4536557490587,feed_gap,18,0.0476190476190476,0,7,Run-level descriptive proxy; replication-level expected cost/CVaR is computed in study_summary.json.,0,extension,numerical_7_days,7,30,template,False,
9.431876606683806,True,359.7149696706533,0.4285714285714285,116.1464098597169,4,0,0.9045454545454544,,0,0.25,1,3,1.1038034865293187,0,0,51.38785281009333,180.28571428571428,0.5028571428571429,0,/workspace/MasterDissertation/results/six_hour_numeric_extension/B4__feed_gap__seed19__origin0,B4,1,-477.329610656625,feed_gap,19,0.0476190476190476,0,7,Run-level descriptive proxy; replication-level expected cost/CVaR is computed in study_summary.json.,0,extension,numerical_7_days,7,30,template,False,
16.258097686375322,True,445.5360895797015,0.1428571428571428,175.62421468788386,4,0,0.8545454545454545,,0,0.0,0,3,1.1802690582959643,0,0,63.64801279710021,159.28571428571428,0.48,0,/workspace/MasterDissertation/results/six_hour_numeric_extension/B4__feed_gap__seed20__origin0,B4,0,-469.09851104848985,feed_gap,20,0.0571428571428571,0,7,Run-level descriptive proxy; replication-level expected cost/CVaR is computed in study_summary.json.,0,extension,numerical_7_days,7,30,template,False,
15.838046272493573,True,398.9579095351696,0.5714285714285714,118.98264494287967,4,0,0.9636363636363636,,0,0.0,0,3,1.0879765395894427,0,0,56.9939870764528,194.8571428571429,0.48,0,/workspace/MasterDissertation/results/six_hour_numeric_extension/B4__feed_gap__seed21__origin0,B4,0,-416.8561740294576,feed_gap,21,0.0142857142857142,0,7,Run-level descriptive proxy; replication-level expected cost/CVaR is computed in study_summary.json.,0,extension,numerical_7_days,7,30,template,False,
7.032390745501287,True,293.16557988101243,0.4285714285714285,128.9116650365591,4,0,0.9227272727272728,,0,0.25,1,3,1.1714756801319044,0,0,41.88079712585892,173.28571428571428,0.48,0,/workspace/MasterDissertation/results/six_hour_numeric_extension/B4__feed_gap__seed22__origin0,B4,1,-412.0567463846684,feed_gap,22,0.0285714285714285,0,7,Run-level descriptive proxy; replication-level expected cost/CVaR is computed in study_summary.json.,0,extension,numerical_7_days,7,30,template,False,
10.9120822622108,True,382.948379512012,0.2857142857142857,132.23129988211394,4,0,0.9363636363636364,,0,0.25,1,3,1.3351851851851853,0,0,54.70691135885886,154.28571428571428,0.48,0,/workspace/MasterDissertation/results/six_hour_numeric_extension/B4__feed_gap__seed23__origin0,B4,1,-502.1715095002234,feed_gap,23,0.0333333333333333,0,7,Run-level descriptive proxy; replication-level expected cost/CVaR is computed in study_summary.json.,0,extension,numerical_7_days,7,30,template,False,
7.776349614395889,True,282.5460597361922,0.7142857142857143,79.53804500424863,4,0,0.9727272727272728,,0,0.25,1,3,1.057163020465773,0,0,40.36372281945603,202.42857142857144,0.5028571428571428,0,/workspace/MasterDissertation/results/six_hour_numeric_extension/B4__feed_gap__seed24__origin0,B4,1,-396.499864236617,feed_gap,24,0.0142857142857142,0,7,Run-level descriptive proxy; replication-level expected cost/CVaR is computed in study_summary.json.,0,extension,numerical_7_days,7,30,template,False,
5.626735218508998,True,306.3909596047998,0.5714285714285714,75.60143983107805,4,0,0.9409090909090908,,0,0.0,0,3,1.1828571428571428,0,0,43.77013708639997,175.0,0.48,0,/workspace/MasterDissertation/results/six_hour_numeric_extension/B4__feed_gap__seed25__origin0,B4,0,-319.9511035879076,feed_gap,25,0.019047619047619,0,7,Run-level descriptive proxy; replication-level expected cost/CVaR is computed in study_summary.json.,0,extension,numerical_7_days,7,30,template,False,
21.37377892030849,True,380.4292944882512,0.0,159.2216897084713,4,0,0.9090909090909092,,0,0.0,0,3,1.4213197969543143,0,0,54.347042069750174,140.71428571428572,0.48,0,/workspace/MasterDissertation/results/six_hour_numeric_extension/B4__feed_gap__seed26__origin0,B4,0,-402.3514634590984,feed_gap,26,0.0380952380952381,0,7,Run-level descriptive proxy; replication-level expected cost/CVaR is computed in study_summary.json.,0,extension,numerical_7_days,7,30,template,False,
12.266838046272497,True,421.7141247344613,0.1428571428571428,182.1338498127461,4,0,0.85,,0,0.0,0,3,1.1112054329371817,0,0,60.24487496206591,168.28571428571428,0.48,0,/workspace/MasterDissertation/results/six_hour_numeric_extension/B4__feed_gap__seed27__origin0,B4,0,-445.927509715736,feed_gap,27,0.0523809523809523,0,7,Run-level descriptive proxy; replication-level expected cost/CVaR is computed in study_summary.json.,0,extension,numerical_7_days,7,30,template,False,
16.582005141388176,True,400.65959452837706,0.4285714285714285,154.4794697703123,4,0,0.9136363636363636,,0,0.0,0,3,1.3374524714828897,0,0,57.237084932625294,150.28571428571428,0.5028571428571428,0,/workspace/MasterDissertation/results/six_hour_numeric_extension/B4__feed_gap__seed28__origin0,B4,0,-422.1075415054083,feed_gap,28,0.0285714285714285,0,7,Run-level descriptive proxy; replication-level expected cost/CVaR is computed in study_summary.json.,0,extension,numerical_7_days,7,30,template,False,
18.60565552699229,True,469.6504094191194,0.4285714285714285,161.40950962525608,4,0,0.8681818181818182,,0,0.0,0,3,1.337,0,0,67.09291563130277,142.85714285714286,0.48,0,/workspace/MasterDissertation/results/six_hour_numeric_extension/B4__feed_gap__seed29__origin0,B4,0,-491.791360381645,feed_gap,29,0.0571428571428571,0,7,Run-level descriptive proxy; replication-level expected cost/CVaR is computed in study_summary.json.,0,extension,numerical_7_days,7,30,template,False,
6.6401028277634975,True,266.3945546826124,0.2857142857142857,108.88695990771056,4,0,0.9363636363636364,,0,0.0,0,3,1.037410071942446,0,0,38.05636495465892,198.57142857142856,0.5028571428571429,0,/workspace/MasterDissertation/results/six_hour_numeric_extension/B4__feed_gap__seed8__origin0,B4,0,-283.28325067338346,feed_gap,8,0.0285714285714285,0,7,Run-level descriptive proxy; replication-level expected cost/CVaR is computed in study_summary.json.,0,extension,numerical_7_days,7,30,template,False,
16.68431876606684,True,417.7152393486501,0.5714285714285714,152.89812957954408,4,0,0.9136363636363636,,0,0.0,0,3,1.257372654155496,0,0,59.67360562123572,159.85714285714286,0.5257142857142857,0,/workspace/MasterDissertation/results/six_hour_numeric_extension/B4__feed_gap__seed9__origin0,B4,0,-439.00505230660445,feed_gap,9,0.0333333333333333,0,7,Run-level descriptive proxy; replication-level expected cost/CVaR is computed in study_summary.json.,0,extension,numerical_7_days,7,30,template,False,
6.6344473007712095,True,411.3036195235253,0.5714285714285714,107.45124997442962,7,0,0.9454545454545454,,0,0.0,0,0,1.1375,0,0,58.757659931932174,182.8571428571429,0.8228571428571428,0,/workspace/MasterDissertation/results/six_hour_numeric_extension/B4__normal__seed10__origin0,B4,0,-422.0487445209682,normal,10,0.019047619047619,0,7,Run-level descriptive proxy; replication-level expected cost/CVaR is computed in study_summary.json.,0,extension,numerical_7_days,7,30,template,False,
1.546529562982005,True,373.358409771204,0.5714285714285714,89.45749500346184,7,0,0.9136363636363636,,0,0.1428571428571428,1,0,0.9985805535841022,0,0,53.33691568160058,201.28571428571428,0.8228571428571428,0,/workspace/MasterDissertation/results/six_hour_numeric_extension/B4__normal__seed11__origin0,B4,1,-482.3041592715503,normal,11,0.0238095238095238,0,7,Run-level descriptive proxy; replication-level expected cost/CVaR is computed in study_summary.json.,0,extension,numerical_7_days,7,30,template,False,
2.387660668380463,True,354.1870147601366,0.5714285714285714,75.87916003084183,7,0,0.9227272727272728,,0,0.0,0,0,1.180232558139535,0,0,50.5981449657338,172.0,0.8685714285714285,0,/workspace/MasterDissertation/results/six_hour_numeric_extension/B4__normal__seed12__origin0,B4,0,-361.7749307632208,normal,12,0.0238095238095238,0,7,Run-level descriptive proxy; replication-level expected cost/CVaR is computed in study_summary.json.,0,extension,numerical_7_days,7,30,template,False,
6.261696658097687,True,339.54691457301385,0.2857142857142857,99.57188981455565,7,0,0.9227272727272728,,0,0.0,0,0,1.0922367409684857,0,0,48.506702081859125,185.8571428571429,0.937142857142857,0,/workspace/MasterDissertation/results/six_hour_numeric_extension/B4__normal__seed13__origin0,B4,0,-349.5041035544694,normal,13,0.0285714285714285,0,7,Run-level descriptive proxy; replication-level expected cost/CVaR is computed in study_summary.json.,0,extension,numerical_7_days,7,30,template,False,
1.4555269922879182,True,445.84127932751176,0.1428571428571428,88.13677500236035,7,0,0.8954545454545455,,0,0.0,0,0,1.089257503949447,0,0,63.69161133250168,180.8571428571429,0.8457142857142858,0,/workspace/MasterDissertation/results/six_hour_numeric_extension/B4__normal__seed14__origin0,B4,0,-454.6549568277478,normal,14,0.0476190476190476,0,7,Run-level descriptive proxy; replication-level expected cost/CVaR is computed in study_summary.json.,0,extension,numerical_7_days,7,30,template,False,
1.237532133676093,True,418.4129495278001,0.7142857142857143,112.38701500338315,7,0,0.9454545454545454,,0,0.0,0,0,1.2455089820359282,0,0,59.77327850397144,167.0,0.9142857142857144,0,/workspace/MasterDissertation/results/six_hour_numeric_extension/B4__normal__seed15__origin0,B4,0,-429.6516510281384,normal,15,0.0095238095238095,0,7,Run-level descriptive proxy; replication-level expected cost/CVaR is computed in study_summary.json.,0,extension,numerical_7_days,7,30,template,False,
2.34241645244216,True,345.34158970230817,0.7142857142857143,84.67291000133753,7,0,0.9363636363636364,,0,0.0,0,0,1.2324786324786323,0,0,49.33451281461545,167.14285714285714,0.8228571428571428,0,/workspace/MasterDissertation/results/six_hour_numeric_extension/B4__normal__seed16__origin0,B4,0,-353.8088807024419,normal,16,0.0095238095238095,0,7,Run-level descriptive proxy; replication-level expected cost/CVaR is computed in study_summary.json.,0,extension,numerical_7_days,7,30,template,False,
1.802056555269923,True,311.47410494041446,0.2857142857142857,79.12941494214535,7,0,0.9454545454545454,,0,0.0,0,0,1.1217257318952234,0,0,44.49630070577349,185.42857142857144,0.8457142857142858,0,/workspace/MasterDissertation/results/six_hour_numeric_extension/B4__normal__seed17__origin0,B4,0,-319.387046434629,normal,17,0.0333333333333333,0,7,Run-level descriptive proxy; replication-level expected cost/CVaR is computed in study_summary.json.,0,extension,numerical_7_days,7,30,template,False,
4.5156812339331625,True,349.1149597333074,0.4285714285714285,100.67540990889071,7,0,0.9181818181818182,,0,0.0,0,0,1.1993214588634438,0,0,49.87356567618677,168.42857142857142,0.8228571428571428,0,/workspace/MasterDissertation/results/six_hour_numeric_extension/B4__normal__seed18__origin0,B4,0,-359.1825007241965,normal,18,0.0333333333333333,0,7,Run-level descriptive proxy; replication-level expected cost/CVaR is computed in study_summary.json.,0,extension,numerical_7_days,7,30,template,False,
3.346015424164525,True,384.6007197808027,0.7142857142857143,94.45252990841864,7,0,0.9363636363636364,,0,0.1428571428571428,1,0,1.1666666666666663,0,0,54.9429599686861,176.57142857142858,0.8457142857142858,0,/workspace/MasterDissertation/results/six_hour_numeric_extension/B4__normal__seed19__origin0,B4,1,-494.0459727716446,normal,19,0.0238095238095238,0,7,Run-level descriptive proxy; replication-level expected cost/CVaR is computed in study_summary.json.,0,extension,numerical_7_days,7,30,template,False,
3.900257069408742,True,382.42997971683735,0.2857142857142857,95.19714986073971,7,0,0.9409090909090908,,0,0.0,0,0,1.2064945878434636,0,0,54.63285424526248,171.57142857142858,0.8228571428571428,0,/workspace/MasterDissertation/results/six_hour_numeric_extension/B4__normal__seed20__origin0,B4,0,-391.9496947029113,normal,20,0.0238095238095238,0,7,Run-level descriptive proxy; replication-level expected cost/CVaR is computed in study_summary.json.,0,extension,numerical_7_days,7,30,template,False,
7.362467866323907,True,430.3357894530296,0.5714285714285714,98.71715494185688,7,0,0.9636363636363636,,0,0.0,0,0,1.0622763063707945,0,0,61.4765413504328,199.57142857142856,0.8685714285714285,0,/workspace/MasterDissertation/results/six_hour_numeric_extension/B4__normal__seed21__origin0,B4,0,-440.20750494721534,normal,21,0.0142857142857142,0,7,Run-level descriptive proxy; replication-level expected cost/CVaR is computed in study_summary.json.,0,extension,numerical_7_days,7,30,template,False,
5.998971722365039,True,320.5336248636246,0.5714285714285714,97.45808004164697,7,0,0.9545454545454546,,0,0.1428571428571428,1,0,1.2672413793103448,0,0,45.79051783766066,165.71428571428572,0.8228571428571428,0,/workspace/MasterDissertation/results/six_hour_numeric_extension/B4__normal__seed22__origin0,B4,1,-430.2794328677893,normal,22,0.0333333333333333,0,7,Run-level descriptive proxy; replication-level expected cost/CVaR is computed in study_summary.json.,0,extension,numerical_7_days,7,30,template,False,
4.77737789203085,True,431.2314046199322,0.5714285714285714,83.9543998797536,7,0,0.9363636363636364,,0,0.0,0,0,1.2604895104895106,0,0,61.60448637427603,163.42857142857142,0.8228571428571428,0,/workspace/MasterDissertation/results/six_hour_numeric_extension/B4__normal__seed23__origin0,B4,0,-439.6268446079076,normal,23,0.0238095238095238,0,7,Run-level descriptive proxy; replication-level expected cost/CVaR is computed in study_summary.json.,0,extension,numerical_7_days,7,30,template,False,
3.7886889460154247,True,319.87502957403655,0.7142857142857143,79.53804500424863,7,0,0.9772727272727272,,0,0.1428571428571428,1,0,1.0688920454545454,0,0,45.696432796290935,201.14285714285717,0.8685714285714285,0,/workspace/MasterDissertation/results/six_hour_numeric_extension/B4__normal__seed24__origin0,B4,1,-427.8288340744614,normal,24,0.0095238095238095,0,7,Run-level descriptive proxy; replication-level expected cost/CVaR is computed in study_summary.json.,0,extension,numerical_7_days,7,30,template,False,
1.5357326478149105,True,310.0639095214009,0.5714285714285714,66.56171000409127,7,0,0.9636363636363636,,0,0.1428571428571428,1,0,1.239766081871345,0,0,44.29484421734298,171.0,0.8457142857142858,0,/workspace/MasterDissertation/results/six_hour_numeric_extension/B4__normal__seed25__origin0,B4,1,-416.72008052181,normal,25,0.019047619047619,0,7,Run-level descriptive proxy; replication-level expected cost/CVaR is computed in study_summary.json.,0,extension,numerical_7_days,7,30,template,False,
4.217994858611826,True,398.4483793946504,0.1428571428571428,92.04433987671138,7,0,0.9227272727272728,,0,0.0,0,0,1.411122144985104,0,0,56.92119705637863,143.85714285714286,0.7999999999999999,0,/workspace/MasterDissertation/results/six_hour_numeric_extension/B4__normal__seed26__origin0,B4,0,-407.6528133823216,normal,26,0.0333333333333333,0,7,Run-level descriptive proxy; replication-level expected cost/CVaR is computed in study_summary.json.,0,extension,numerical_7_days,7,30,template,False,
1.024678663239075,True,386.9975946372151,0.2857142857142857,80.81642497128249,7,0,0.9272727272727272,,0,0.1428571428571428,1,0,1.1900000000000002,0,0,55.2853706624593,171.42857142857142,0.8457142857142858,0,/workspace/MasterDissertation/results/six_hour_numeric_extension/B4__normal__seed27__origin0,B4,1,-495.0792371343434,normal,27,0.0238095238095238,0,7,Run-level descriptive proxy; replication-level expected cost/CVaR is computed in study_summary.json.,0,extension,numerical_7_days,7,30,template,False,
2.54241645244216,True,439.7875295484662,0.4285714285714285,115.28235500204563,7,0,0.9090909090909092,,0,0.1428571428571428,1,0,1.2313104661389622,0,0,62.82678993549517,162.42857142857142,0.8914285714285715,0,/workspace/MasterDissertation/results/six_hour_numeric_extension/B4__normal__seed28__origin0,B4,1,-551.3157650486708,normal,28,0.0238095238095238,0,7,Run-level descriptive proxy; replication-level expected cost/CVaR is computed in study_summary.json.,0,extension,numerical_7_days,7,30,template,False,
2.9491002570694094,True,432.5285096462369,0.5714285714285714,89.7012350025177,7,0,0.9454545454545454,,0,0.0,0,0,1.3117117117117116,0,0,61.78978709231956,158.57142857142858,0.8685714285714285,0,/workspace/MasterDissertation/results/six_hour_numeric_extension/B4__normal__seed29__origin0,B4,0,-441.4986331464887,normal,29,0.0142857142857142,0,7,Run-level descriptive proxy; replication-level expected cost/CVaR is computed in study_summary.json.,0,extension,numerical_7_days,7,30,template,False,
1.3593830334190231,True,268.6997697776556,0.5714285714285714,61.65046000212431,7,0,0.9727272727272728,,0,0.0,0,0,1.1585460170146944,0,0,38.385681396807946,184.7142857142857,0.8228571428571428,0,/workspace/MasterDissertation/results/six_hour_numeric_extension/B4__normal__seed8__origin0,B4,0,-274.86481577786805,normal,8,0.0142857142857142,0,7,Run-level descriptive proxy; replication-level expected cost/CVaR is computed in study_summary.json.,0,extension,numerical_7_days,7,30,template,False,
1.5275064267352192,True,483.9268793966174,0.4285714285714285,104.34209981667996,7,0,0.9136363636363636,,0,0.1428571428571428,1,0,1.0966484801247078,0,0,69.13241134237391,183.28571428571428,0.8914285714285713,0,/workspace/MasterDissertation/results/six_hour_numeric_extension/B4__normal__seed9__origin0,B4,1,-594.3610893782854,normal,9,0.0238095238095238,0,7,Run-level descriptive proxy; replication-level expected cost/CVaR is computed in study_summary.json.,0,extension,numerical_7_days,7,30,template,False,
0.0,True,8.513174994885922,1.0,4.407479996144772,0,0,1.0,,0,,0,2,0.231578947368421,5,0,4.256587497442961,237.5,0.5,0,/workspace/MasterDissertation/results/six_hour_agentic_prose/B10__derived_field_collapse__seed0__origin0,B10,0,-12.9539229945004,derived_field_collapse,0,0.0,17243,2,Run-level descriptive proxy; replication-level expected cost/CVaR is computed in study_summary.json.,0,,prose_feasibility_2_days,2,30,prose,True,14bdd46019879e18cd27f21b46e2c377bf801e827e2abb46be2daedcedaf0f64
0.0,True,8.513174994885922,1.0,4.407479996144772,0,0,1.0,,0,,0,2,0.231578947368421,8,0,4.256587497442961,237.5,1.0,0,/workspace/MasterDissertation/results/six_hour_agentic_prose/B10__normal__seed0__origin0,B10,0,-12.9539229945004,normal,0,0.0,31335,2,Run-level descriptive proxy; replication-level expected cost/CVaR is computed in study_summary.json.,0,,prose_feasibility_2_days,2,30,prose,True,14bdd46019879e18cd27f21b46e2c377bf801e827e2abb46be2daedcedaf0f64
0.0,True,8.513174994885922,1.0,4.407479996144772,0,0,1.0,,0,,0,2,0.231578947368421,0,0,4.256587497442961,237.5,0.5,0,/workspace/MasterDissertation/results/six_hour_agentic_prose/B3__derived_field_collapse__seed0__origin0,B3,0,-12.9539229945004,derived_field_collapse,0,0.0,0,2,Run-level descriptive proxy; replication-level expected cost/CVaR is computed in study_summary.json.,0,,prose_feasibility_2_days,2,30,prose,False,
0.0,True,8.513174994885922,1.0,4.407479996144772,0,0,1.0,,0,,0,2,0.231578947368421,0,0,4.256587497442961,237.5,1.0,0,/workspace/MasterDissertation/results/six_hour_agentic_prose/B3__normal__seed0__origin0,B3,0,-12.9539229945004,normal,0,0.0,0,2,Run-level descriptive proxy; replication-level expected cost/CVaR is computed in study_summary.json.,0,,prose_feasibility_2_days,2,30,prose,False,
0.0,True,8.513174994885922,1.0,4.407479996144772,0,0,1.0,,0,,0,2,0.231578947368421,0,0,4.256587497442961,237.5,0.5,0,/workspace/MasterDissertation/results/six_hour_agentic_prose/B4__derived_field_collapse__seed0__origin0,B4,0,-12.9539229945004,derived_field_collapse,0,0.0,0,2,Run-level descriptive proxy; replication-level expected cost/CVaR is computed in study_summary.json.,0,,prose_feasibility_2_days,2,30,prose,False,
0.0,True,8.513174994885922,1.0,4.407479996144772,0,0,1.0,,0,,0,2,0.231578947368421,0,0,4.256587497442961,237.5,1.0,0,/workspace/MasterDissertation/results/six_hour_agentic_prose/B4__normal__seed0__origin0,B4,0,-12.9539229945004,normal,0,0.0,0,2,Run-level descriptive proxy; replication-level expected cost/CVaR is computed in study_summary.json.,0,,prose_feasibility_2_days,2,30,prose,False,
0.0,True,8.513174994885922,1.0,4.407479996144772,0,0,1.0,,0,,0,2,0.231578947368421,9,0,4.256587497442961,237.5,0.5,0,/workspace/MasterDissertation/results/six_hour_agentic_prose/B9__derived_field_collapse__seed0__origin0,B9,0,-12.9539229945004,derived_field_collapse,0,0.0,32822,2,Run-level descriptive proxy; replication-level expected cost/CVaR is computed in study_summary.json.,0,,prose_feasibility_2_days,2,30,prose,True,14bdd46019879e18cd27f21b46e2c377bf801e827e2abb46be2daedcedaf0f64
0.0,True,8.513174994885922,1.0,4.407479996144772,0,0,1.0,,0,,0,2,0.231578947368421,8,0,4.256587497442961,237.5,1.0,0,/workspace/MasterDissertation/results/six_hour_agentic_prose/B9__normal__seed0__origin0,B9,0,-12.9539229945004,normal,0,0.0,31339,2,Run-level descriptive proxy; replication-level expected cost/CVaR is computed in study_summary.json.,0,,prose_feasibility_2_days,2,30,prose,True,14bdd46019879e18cd27f21b46e2c377bf801e827e2abb46be2daedcedaf0f64
10.46712802768166,True,178.2724200678468,1.0,114.83405503600838,2,0,1.0,,0,0.0,0,0,0.238095238095238,0,0,89.1362100339234,231.0,0.5,0,/workspace/MasterDissertation/results/six_hour_structured_controls/B3__derived_field_collapse__seed0__origin0,B3,0,-189.75582557144764,derived_field_collapse,0,0.0,0,2,Run-level descriptive proxy; replication-level expected cost/CVaR is computed in study_summary.json.,0,,structured_reference_2_days,2,30,template,False,
1.5259515570934257,True,97.06602003073692,1.0,63.43836503183842,2,0,1.0,,0,0.0,0,0,0.2455357142857142,0,0,48.53301001536846,224.0,0.92,0,/workspace/MasterDissertation/results/six_hour_structured_controls/B3__normal__seed0__origin0,B3,0,-103.40985653392076,normal,0,0.0,0,2,Run-level descriptive proxy; replication-level expected cost/CVaR is computed in study_summary.json.,0,,structured_reference_2_days,2,30,template,False,
5.8166089965397925,True,67.67342003113032,1.0,63.43836503183842,1,0,1.0,,0,0.0,0,1,0.238095238095238,0,0,33.83671001556516,231.0,0.5,0,/workspace/MasterDissertation/results/six_hour_structured_controls/B4__derived_field_collapse__seed0__origin0,B4,0,-76.01725653431416,derived_field_collapse,0,0.0,0,2,Run-level descriptive proxy; replication-level expected cost/CVaR is computed in study_summary.json.,0,,structured_reference_2_days,2,30,template,False,
1.5259515570934257,True,96.49902003073692,1.0,63.43836503183842,2,0,1.0,,0,0.0,0,0,0.2444444444444444,0,0,48.24951001536847,225.0,0.92,0,/workspace/MasterDissertation/results/six_hour_structured_controls/B4__normal__seed0__origin0,B4,0,-102.84285653392077,normal,0,0.0,0,2,Run-level descriptive proxy; replication-level expected cost/CVaR is computed in study_summary.json.,0,,structured_reference_2_days,2,30,template,False,
