arm,run,policy,scenario,seed,origin,day,decision_id,trace_ref,receipt_status,held,executed_nonzero_action,cost,demand,sales,on_hand,hard_violations,reference_deviation,llm_calls,llm_tokens,llm_errors,captured_successful_calls,captured_error_artifacts,pre_http_attempt_proof,source_documents,submitted_document_exposures,optimizer_reached,solver_method,solver_feasible,solver_status,solver_gap,solver_optimal,latency_seconds,errors,v2_config,grounding_stats,grounding_issues,grounding_complete,recovery_status,recovery_applied,recovery_changed_fields,recovery_hard_fail_before,recovery_hard_fail_after,recovery_tool_selected,recovery_selector_source
parser_no_recovery,B4__normal__seed13__origin0,B4,normal,13,0,1858,B4-normal-seed13-origin0:day1858,865a091c71e7b376a27db5b4146f0d8c141b3aa5a20f91592bf87a4e552ce558,executed,False,True,32.11827002614737,28.0,27.0,258.0,0,False,0,0,0,0,0,"{""pre_http_starts"": 0, ""paired_results"": 0, ""pairs"": []}",157,0,True,stochastic_milp,True,0,0.000977720140421123,True,2.386397566999221,[],"{""cache_enabled"": true, ""cache_path"": ""/workspace/MasterDissertation/results/v2_pilot/evaluation_verified_cache"", ""compact_output"": true, ""enabled"": true, ""expose_source_inventory"": true, ""llm_critic"": false, ""llm_numeric_routing"": false, ""llm_recovery_selection"": true, ""semantic_retries"": 1, ""state_recovery"": false}","{""cache_hits"": 0, ""cache_misses"": 157, ""compact_model_numeric_terms"": 0, ""model_attempts"": 0, ""model_documents"": 0, ""model_documents_attempted"": 0, ""parsed_documents"": 157, ""semantic_retries"": 0, ""source_documents"": 157, ""submitted_document_exposures"": 0, ""tool_derived_metadata_rules"": 0, ""verified_documents"": 157}",[],True,,False,0,,,,
parser_no_recovery,B4__normal__seed13__origin0,B4,normal,13,0,1859,B4-normal-seed13-origin0:day1859,3d3d887367e82efe089e3a5e6b9d417027cc6ae5db8f7c4068080357a12f76d3,executed,False,True,78.06128505182267,22.0,20.0,254.0,0,False,0,0,0,0,0,"{""pre_http_starts"": 0, ""paired_results"": 0, ""pairs"": []}",157,0,True,stochastic_milp,True,0,0.0009930932057834326,True,2.054440751999209,[],"{""cache_enabled"": true, ""cache_path"": ""/workspace/MasterDissertation/results/v2_pilot/evaluation_verified_cache"", ""compact_output"": true, ""enabled"": true, ""expose_source_inventory"": true, ""llm_critic"": false, ""llm_numeric_routing"": false, ""llm_recovery_selection"": true, ""semantic_retries"": 1, ""state_recovery"": false}","{""cache_hits"": 0, ""cache_misses"": 157, ""compact_model_numeric_terms"": 0, ""model_attempts"": 0, ""model_documents"": 0, ""model_documents_attempted"": 0, ""parsed_documents"": 157, ""semantic_retries"": 0, ""source_documents"": 157, ""submitted_document_exposures"": 0, ""tool_derived_metadata_rules"": 0, ""verified_documents"": 157}",[],True,,False,0,,,,
parser_no_recovery,B4__normal__seed13__origin0,B4,normal,13,0,1860,B4-normal-seed13-origin0:day1860,9b2cdd4f31dc1012fc6c209f75c266e16a30209173787a436a3b7fcf6b1a9f20,executed,False,True,39.31286990511418,41.0,40.0,218.0,0,False,0,0,0,0,0,"{""pre_http_starts"": 0, ""paired_results"": 0, ""pairs"": []}",157,0,True,stochastic_milp,True,0,0.0,True,1.4705760150027345,[],"{""cache_enabled"": true, ""cache_path"": ""/workspace/MasterDissertation/results/v2_pilot/evaluation_verified_cache"", ""compact_output"": true, ""enabled"": true, ""expose_source_inventory"": true, ""llm_critic"": false, ""llm_numeric_routing"": false, ""llm_recovery_selection"": true, ""semantic_retries"": 1, ""state_recovery"": false}","{""cache_hits"": 0, ""cache_misses"": 157, ""compact_model_numeric_terms"": 0, ""model_attempts"": 0, ""model_documents"": 0, ""model_documents_attempted"": 0, ""parsed_documents"": 157, ""semantic_retries"": 0, ""source_documents"": 157, ""submitted_document_exposures"": 0, ""tool_derived_metadata_rules"": 0, ""verified_documents"": 157}",[],True,,False,0,,,,
parser_no_recovery,B4__normal__seed13__origin0,B4,normal,13,0,1861,B4-normal-seed13-origin0:day1861,eeeebc45f29c24b6e2e75f2f58d2591543564e15ecffa36603e6fde93c93475c,executed,False,True,15.348450001180172,23.0,23.0,214.0,0,False,0,0,0,0,0,"{""pre_http_starts"": 0, ""paired_results"": 0, ""pairs"": []}",157,0,True,stochastic_milp,True,0,0.00016443060687554862,True,1.485367689998384,[],"{""cache_enabled"": true, ""cache_path"": ""/workspace/MasterDissertation/results/v2_pilot/evaluation_verified_cache"", ""compact_output"": true, ""enabled"": true, ""expose_source_inventory"": true, ""llm_critic"": false, ""llm_numeric_routing"": false, ""llm_recovery_selection"": true, ""semantic_retries"": 1, ""state_recovery"": false}","{""cache_hits"": 0, ""cache_misses"": 157, ""compact_model_numeric_terms"": 0, ""model_attempts"": 0, ""model_documents"": 0, ""model_documents_attempted"": 0, ""parsed_documents"": 157, ""semantic_retries"": 0, ""source_documents"": 157, ""submitted_document_exposures"": 0, ""tool_derived_metadata_rules"": 0, ""verified_documents"": 157}",[],True,,False,0,,,,
parser_no_recovery,B4__normal__seed13__origin0,B4,normal,13,0,1862,B4-normal-seed13-origin0:day1862,9ecafcbc35dc5fa05b7585324dd510c5a76b4660c4f59a390dc56d2b9b6c065a,executed,False,True,90.05754506522418,35.0,35.0,207.0,0,False,0,0,0,0,0,"{""pre_http_starts"": 0, ""paired_results"": 0, ""pairs"": []}",157,0,True,stochastic_milp,True,0,0.0009993484682301783,True,2.093663544001174,[],"{""cache_enabled"": true, ""cache_path"": ""/workspace/MasterDissertation/results/v2_pilot/evaluation_verified_cache"", ""compact_output"": true, ""enabled"": true, ""expose_source_inventory"": true, ""llm_critic"": false, ""llm_numeric_routing"": false, ""llm_recovery_selection"": true, ""semantic_retries"": 1, ""state_recovery"": false}","{""cache_hits"": 0, ""cache_misses"": 157, ""compact_model_numeric_terms"": 0, ""model_attempts"": 0, ""model_documents"": 0, ""model_documents_attempted"": 0, ""parsed_documents"": 157, ""semantic_retries"": 0, ""source_documents"": 157, ""submitted_document_exposures"": 0, ""tool_derived_metadata_rules"": 0, ""verified_documents"": 157}",[],True,,False,0,,,,
parser_no_recovery,B4__normal__seed13__origin0,B4,normal,13,0,1863,B4-normal-seed13-origin0:day1863,bf927f191610884b01841d9cc619cc4163c437914a50852b4ab13b11723b2534,executed,False,True,58.62312481313944,50.0,50.0,155.0,0,False,0,0,0,0,0,"{""pre_http_starts"": 0, ""paired_results"": 0, ""pairs"": []}",157,0,True,stochastic_milp,True,0,0.0008578499382019955,True,3.3425603169998794,[],"{""cache_enabled"": true, ""cache_path"": ""/workspace/MasterDissertation/results/v2_pilot/evaluation_verified_cache"", ""compact_output"": true, ""enabled"": true, ""expose_source_inventory"": true, ""llm_critic"": false, ""llm_numeric_routing"": false, ""llm_recovery_selection"": true, ""semantic_retries"": 1, ""state_recovery"": false}","{""cache_hits"": 0, ""cache_misses"": 157, ""compact_model_numeric_terms"": 0, ""model_attempts"": 0, ""model_documents"": 0, ""model_documents_attempted"": 0, ""parsed_documents"": 157, ""semantic_retries"": 0, ""source_documents"": 157, ""submitted_document_exposures"": 0, ""tool_derived_metadata_rules"": 0, ""verified_documents"": 157}",[],True,,False,0,,,,
parser_no_recovery,B4__normal__seed13__origin0,B4,normal,13,0,1864,B4-normal-seed13-origin0:day1864,74cab141f0e6a0ded5cbe4a0a075beac2814a6e34c17ddcbdf6f291b164d4a57,executed,False,True,71.51088014209272,32.0,27.0,174.0,0,False,0,0,0,0,0,"{""pre_http_starts"": 0, ""paired_results"": 0, ""pairs"": []}",157,0,True,stochastic_milp,True,0,0.0007089162844531263,True,3.2903924660022312,[],"{""cache_enabled"": true, ""cache_path"": ""/workspace/MasterDissertation/results/v2_pilot/evaluation_verified_cache"", ""compact_output"": true, ""enabled"": true, ""expose_source_inventory"": true, ""llm_critic"": false, ""llm_numeric_routing"": false, ""llm_recovery_selection"": true, ""semantic_retries"": 1, ""state_recovery"": false}","{""cache_hits"": 0, ""cache_misses"": 157, ""compact_model_numeric_terms"": 0, ""model_attempts"": 0, ""model_documents"": 0, ""model_documents_attempted"": 0, ""parsed_documents"": 157, ""semantic_retries"": 0, ""source_documents"": 157, ""submitted_document_exposures"": 0, ""tool_derived_metadata_rules"": 0, ""verified_documents"": 157}",[],True,,False,0,,,,
parser_no_recovery,B4__normal__seed13__origin0,B4,normal,13,0,1865,B4-normal-seed13-origin0:day1865,db8c07726174c007f985585b05e5896697d7ec68a95cf4b5b42570488c2fab64,executed,False,True,78.82722500157357,31.0,28.0,186.0,0,False,0,0,0,0,0,"{""pre_http_starts"": 0, ""paired_results"": 0, ""pairs"": []}",157,0,True,stochastic_milp,True,0,0.0004091300927370984,True,2.370743602001312,[],"{""cache_enabled"": true, ""cache_path"": ""/workspace/MasterDissertation/results/v2_pilot/evaluation_verified_cache"", ""compact_output"": true, ""enabled"": true, ""expose_source_inventory"": true, ""llm_critic"": false, ""llm_numeric_routing"": false, ""llm_recovery_selection"": true, ""semantic_retries"": 1, ""state_recovery"": false}","{""cache_hits"": 0, ""cache_misses"": 157, ""compact_model_numeric_terms"": 0, ""model_attempts"": 0, ""model_documents"": 0, ""model_documents_attempted"": 0, ""parsed_documents"": 157, ""semantic_retries"": 0, ""source_documents"": 157, ""submitted_document_exposures"": 0, ""tool_derived_metadata_rules"": 0, ""verified_documents"": 157}",[],True,,False,0,,,,
parser_no_recovery,B4__normal__seed13__origin0,B4,normal,13,0,1866,B4-normal-seed13-origin0:day1866,9758a5f678e8b24f04faf90313e4d74ee3000f37e91c4c990969cf372efb6d1a,executed,False,True,85.61989493697882,31.0,24.0,224.0,0,False,0,0,0,0,0,"{""pre_http_starts"": 0, ""paired_results"": 0, ""pairs"": []}",157,0,True,stochastic_milp,True,0,0.0009361580622089923,True,2.020306799000537,[],"{""cache_enabled"": true, ""cache_path"": ""/workspace/MasterDissertation/results/v2_pilot/evaluation_verified_cache"", ""compact_output"": true, ""enabled"": true, ""expose_source_inventory"": true, ""llm_critic"": false, ""llm_numeric_routing"": false, ""llm_recovery_selection"": true, ""semantic_retries"": 1, ""state_recovery"": false}","{""cache_hits"": 0, ""cache_misses"": 157, ""compact_model_numeric_terms"": 0, ""model_attempts"": 0, ""model_documents"": 0, ""model_documents_attempted"": 0, ""parsed_documents"": 157, ""semantic_retries"": 0, ""source_documents"": 157, ""submitted_document_exposures"": 0, ""tool_derived_metadata_rules"": 0, ""verified_documents"": 157}",[],True,,False,0,,,,
parser_no_recovery,B4__normal__seed13__origin0,B4,normal,13,0,1867,B4-normal-seed13-origin0:day1867,8e451bdc6790edb542b809fcfe4226a3ae504f199392c6efc197f2b12f4bf92d,executed,False,True,47.82927502661944,22.0,21.0,205.0,0,False,0,0,0,0,0,"{""pre_http_starts"": 0, ""paired_results"": 0, ""pairs"": []}",157,0,True,stochastic_milp,True,0,0.0008764843050864547,True,2.184185116999288,[],"{""cache_enabled"": true, ""cache_path"": ""/workspace/MasterDissertation/results/v2_pilot/evaluation_verified_cache"", ""compact_output"": true, ""enabled"": true, ""expose_source_inventory"": true, ""llm_critic"": false, ""llm_numeric_routing"": false, ""llm_recovery_selection"": true, ""semantic_retries"": 1, ""state_recovery"": false}","{""cache_hits"": 0, ""cache_misses"": 157, ""compact_model_numeric_terms"": 0, ""model_attempts"": 0, ""model_documents"": 0, ""model_documents_attempted"": 0, ""parsed_documents"": 157, ""semantic_retries"": 0, ""source_documents"": 157, ""submitted_document_exposures"": 0, ""tool_derived_metadata_rules"": 0, ""verified_documents"": 157}",[],True,,False,0,,,,
parser_no_recovery,B4__normal__seed13__origin0,B4,normal,13,0,1868,B4-normal-seed13-origin0:day1868,6a1245e69afe6275cc208c97034c4cd68aea65084f8d356420b9ca60ac76c769,executed,False,True,21.58790000039339,27.0,27.0,218.0,0,False,0,0,0,0,0,"{""pre_http_starts"": 0, ""paired_results"": 0, ""pairs"": []}",157,0,True,stochastic_milp,True,0,0.0,True,1.378012992998265,[],"{""cache_enabled"": true, ""cache_path"": ""/workspace/MasterDissertation/results/v2_pilot/evaluation_verified_cache"", ""compact_output"": true, ""enabled"": true, ""expose_source_inventory"": true, ""llm_critic"": false, ""llm_numeric_routing"": false, ""llm_recovery_selection"": true, ""semantic_retries"": 1, ""state_recovery"": false}","{""cache_hits"": 0, ""cache_misses"": 157, ""compact_model_numeric_terms"": 0, ""model_attempts"": 0, ""model_documents"": 0, ""model_documents_attempted"": 0, ""parsed_documents"": 157, ""semantic_retries"": 0, ""source_documents"": 157, ""submitted_document_exposures"": 0, ""tool_derived_metadata_rules"": 0, ""verified_documents"": 157}",[],True,,False,0,,,,
parser_no_recovery,B4__normal__seed13__origin0,B4,normal,13,0,1869,B4-normal-seed13-origin0:day1869,0443f21ff14ffdf34e41034450d5cef23afeffb46fcce6391e0e59709244963c,executed,False,True,60.06421971786023,36.0,36.0,201.0,0,False,0,0,0,0,0,"{""pre_http_starts"": 0, ""paired_results"": 0, ""pairs"": []}",157,0,True,stochastic_milp,True,0,5.302112587423604e-05,True,4.536702876001073,[],"{""cache_enabled"": true, ""cache_path"": ""/workspace/MasterDissertation/results/v2_pilot/evaluation_verified_cache"", ""compact_output"": true, ""enabled"": true, ""expose_source_inventory"": true, ""llm_critic"": false, ""llm_numeric_routing"": false, ""llm_recovery_selection"": true, ""semantic_retries"": 1, ""state_recovery"": false}","{""cache_hits"": 0, ""cache_misses"": 157, ""compact_model_numeric_terms"": 0, ""model_attempts"": 0, ""model_documents"": 0, ""model_documents_attempted"": 0, ""parsed_documents"": 157, ""semantic_retries"": 0, ""source_documents"": 157, ""submitted_document_exposures"": 0, ""tool_derived_metadata_rules"": 0, ""verified_documents"": 157}",[],True,,False,0,,,,
parser_no_recovery,B4__normal__seed13__origin0,B4,normal,13,0,1870,B4-normal-seed13-origin0:day1870,9a2ddacf2d43433cc1a55caaec55d3ccb6c8eda884104e4c17703dbe54681d88,executed,False,True,59.64250000196695,34.0,34.0,183.0,0,False,0,0,0,0,0,"{""pre_http_starts"": 0, ""paired_results"": 0, ""pairs"": []}",157,0,True,stochastic_milp,True,0,0.0,True,1.532823138000822,[],"{""cache_enabled"": true, ""cache_path"": ""/workspace/MasterDissertation/results/v2_pilot/evaluation_verified_cache"", ""compact_output"": true, ""enabled"": true, ""expose_source_inventory"": true, ""llm_critic"": false, ""llm_numeric_routing"": false, ""llm_recovery_selection"": true, ""semantic_retries"": 1, ""state_recovery"": false}","{""cache_hits"": 0, ""cache_misses"": 157, ""compact_model_numeric_terms"": 0, ""model_attempts"": 0, ""model_documents"": 0, ""model_documents_attempted"": 0, ""parsed_documents"": 157, ""semantic_retries"": 0, ""source_documents"": 157, ""submitted_document_exposures"": 0, ""tool_derived_metadata_rules"": 0, ""verified_documents"": 157}",[],True,,False,0,,,,
parser_no_recovery,B4__normal__seed13__origin0,B4,normal,13,0,1871,B4-normal-seed13-origin0:day1871,59595eb2030d63ee1ec9df343d81d754651ccb904d5d44921e1237fa78ad0fa9,executed,False,True,22.112420002281663,38.0,38.0,162.0,0,False,0,0,0,0,0,"{""pre_http_starts"": 0, ""paired_results"": 0, ""pairs"": []}",157,0,True,stochastic_milp,True,0,2.436988150400591e-16,True,1.5652488200030348,[],"{""cache_enabled"": true, ""cache_path"": ""/workspace/MasterDissertation/results/v2_pilot/evaluation_verified_cache"", ""compact_output"": true, ""enabled"": true, ""expose_source_inventory"": true, ""llm_critic"": false, ""llm_numeric_routing"": false, ""llm_recovery_selection"": true, ""semantic_retries"": 1, ""state_recovery"": false}","{""cache_hits"": 0, ""cache_misses"": 157, ""compact_model_numeric_terms"": 0, ""model_attempts"": 0, ""model_documents"": 0, ""model_documents_attempted"": 0, ""parsed_documents"": 157, ""semantic_retries"": 0, ""source_documents"": 157, ""submitted_document_exposures"": 0, ""tool_derived_metadata_rules"": 0, ""verified_documents"": 157}",[],True,,False,0,,,,
parser_no_recovery,B4__normal__seed29__origin0,B4,normal,29,0,1858,B4-normal-seed29-origin0:day1858,0ad88768fe0ad03885568635d2ace159e41a3f0c37772e4dcd3f1898befc532f,held,True,False,4.200570000708103,28.0,28.0,225.0,0,False,0,0,0,0,0,"{""pre_http_starts"": 0, ""paired_results"": 0, ""pairs"": []}",157,0,True,stochastic_milp,True,0,0.0005397835530322777,True,2.020010034000734,[],"{""cache_enabled"": true, ""cache_path"": ""/workspace/MasterDissertation/results/v2_pilot/evaluation_verified_cache"", ""compact_output"": true, ""enabled"": true, ""expose_source_inventory"": true, ""llm_critic"": false, ""llm_numeric_routing"": false, ""llm_recovery_selection"": true, ""semantic_retries"": 1, ""state_recovery"": false}","{""cache_hits"": 67, ""cache_misses"": 90, ""compact_model_numeric_terms"": 0, ""model_attempts"": 0, ""model_documents"": 0, ""model_documents_attempted"": 0, ""parsed_documents"": 90, ""semantic_retries"": 0, ""source_documents"": 157, ""submitted_document_exposures"": 0, ""tool_derived_metadata_rules"": 0, ""verified_documents"": 157}",[],True,,False,0,,,,
parser_no_recovery,B4__normal__seed29__origin0,B4,normal,29,0,1859,B4-normal-seed29-origin0:day1859,32621cd249f28de628bd392b60851b9b93f6c27738f1fe459a056d45246e5b8c,executed,False,True,110.90562993228436,22.0,21.0,171.0,0,False,0,0,0,0,0,"{""pre_http_starts"": 0, ""paired_results"": 0, ""pairs"": []}",157,0,True,stochastic_milp,True,0,0.0005087707639283103,True,1.512909747998492,[],"{""cache_enabled"": true, ""cache_path"": ""/workspace/MasterDissertation/results/v2_pilot/evaluation_verified_cache"", ""compact_output"": true, ""enabled"": true, ""expose_source_inventory"": true, ""llm_critic"": false, ""llm_numeric_routing"": false, ""llm_recovery_selection"": true, ""semantic_retries"": 1, ""state_recovery"": false}","{""cache_hits"": 67, ""cache_misses"": 90, ""compact_model_numeric_terms"": 0, ""model_attempts"": 0, ""model_documents"": 0, ""model_documents_attempted"": 0, ""parsed_documents"": 90, ""semantic_retries"": 0, ""source_documents"": 157, ""submitted_document_exposures"": 0, ""tool_derived_metadata_rules"": 0, ""verified_documents"": 157}",[],True,,False,0,,,,
parser_no_recovery,B4__normal__seed29__origin0,B4,normal,29,0,1860,B4-normal-seed29-origin0:day1860,d93f819b82b2bcb297625709cb83c7f15ad1da806cbbc44ca91a7db9c9fb48aa,executed,False,True,47.53594002121688,41.0,41.0,165.0,0,False,0,0,0,0,0,"{""pre_http_starts"": 0, ""paired_results"": 0, ""pairs"": []}",157,0,True,stochastic_milp,True,0,0.00038345200022108585,True,1.3709287239980767,[],"{""cache_enabled"": true, ""cache_path"": ""/workspace/MasterDissertation/results/v2_pilot/evaluation_verified_cache"", ""compact_output"": true, ""enabled"": true, ""expose_source_inventory"": true, ""llm_critic"": false, ""llm_numeric_routing"": false, ""llm_recovery_selection"": true, ""semantic_retries"": 1, ""state_recovery"": false}","{""cache_hits"": 67, ""cache_misses"": 90, ""compact_model_numeric_terms"": 0, ""model_attempts"": 0, ""model_documents"": 0, ""model_documents_attempted"": 0, ""parsed_documents"": 90, ""semantic_retries"": 0, ""source_documents"": 157, ""submitted_document_exposures"": 0, ""tool_derived_metadata_rules"": 0, ""verified_documents"": 157}",[],True,,False,0,,,,
parser_no_recovery,B4__normal__seed29__origin0,B4,normal,29,0,1861,B4-normal-seed29-origin0:day1861,695543b9ec8a3a4656b78a5e36a868dbd91909880185c7e4b49d410720390ba4,executed,False,True,114.51260502630473,23.0,22.0,202.0,0,False,0,0,0,0,0,"{""pre_http_starts"": 0, ""paired_results"": 0, ""pairs"": []}",157,0,True,stochastic_milp,True,0,0.0007424113651313583,True,2.612028809999174,[],"{""cache_enabled"": true, ""cache_path"": ""/workspace/MasterDissertation/results/v2_pilot/evaluation_verified_cache"", ""compact_output"": true, ""enabled"": true, ""expose_source_inventory"": true, ""llm_critic"": false, ""llm_numeric_routing"": false, ""llm_recovery_selection"": true, ""semantic_retries"": 1, ""state_recovery"": false}","{""cache_hits"": 67, ""cache_misses"": 90, ""compact_model_numeric_terms"": 0, ""model_attempts"": 0, ""model_documents"": 0, ""model_documents_attempted"": 0, ""parsed_documents"": 90, ""semantic_retries"": 0, ""source_documents"": 157, ""submitted_document_exposures"": 0, ""tool_derived_metadata_rules"": 0, ""verified_documents"": 157}",[],True,,False,0,,,,
parser_no_recovery,B4__normal__seed29__origin0,B4,normal,29,0,1862,B4-normal-seed29-origin0:day1862,75c3a7e5cd43cf0438e992292ee2c8428d6cd3b18d01abf3f3e0513809d8f2ab,executed,False,True,45.82663974964618,35.0,35.0,218.0,0,False,0,0,0,0,0,"{""pre_http_starts"": 0, ""paired_results"": 0, ""pairs"": []}",157,0,True,stochastic_milp,True,0,0.0006918763942873926,True,1.5807538939989172,[],"{""cache_enabled"": true, ""cache_path"": ""/workspace/MasterDissertation/results/v2_pilot/evaluation_verified_cache"", ""compact_output"": true, ""enabled"": true, ""expose_source_inventory"": true, ""llm_critic"": false, ""llm_numeric_routing"": false, ""llm_recovery_selection"": true, ""semantic_retries"": 1, ""state_recovery"": false}","{""cache_hits"": 67, ""cache_misses"": 90, ""compact_model_numeric_terms"": 0, ""model_attempts"": 0, ""model_documents"": 0, ""model_documents_attempted"": 0, ""parsed_documents"": 90, ""semantic_retries"": 0, ""source_documents"": 157, ""submitted_document_exposures"": 0, ""tool_derived_metadata_rules"": 0, ""verified_documents"": 157}",[],True,,False,0,,,,
parser_no_recovery,B4__normal__seed29__origin0,B4,normal,29,0,1863,B4-normal-seed29-origin0:day1863,bf1f1c427d91978b3f923efbeda41811680e4a807edf08b3baf5efc32bc36917,executed,False,True,35.425360053002834,50.0,48.0,231.0,0,False,0,0,0,0,0,"{""pre_http_starts"": 0, ""paired_results"": 0, ""pairs"": []}",157,0,True,stochastic_milp,True,0,0.0,True,2.3762455430005502,[],"{""cache_enabled"": true, ""cache_path"": ""/workspace/MasterDissertation/results/v2_pilot/evaluation_verified_cache"", ""compact_output"": true, ""enabled"": true, ""expose_source_inventory"": true, ""llm_critic"": false, ""llm_numeric_routing"": false, ""llm_recovery_selection"": true, ""semantic_retries"": 1, ""state_recovery"": false}","{""cache_hits"": 67, ""cache_misses"": 90, ""compact_model_numeric_terms"": 0, ""model_attempts"": 0, ""model_documents"": 0, ""model_documents_attempted"": 0, ""parsed_documents"": 90, ""semantic_retries"": 0, ""source_documents"": 157, ""submitted_document_exposures"": 0, ""tool_derived_metadata_rules"": 0, ""verified_documents"": 157}",[],True,,False,0,,,,
parser_no_recovery,B4__normal__seed29__origin0,B4,normal,29,0,1864,B4-normal-seed29-origin0:day1864,4ab24beddb37c55c53fb006a8c2b71240749666e20dfcf2663d3736de911a44d,executed,False,True,61.79750004196168,32.0,28.0,232.0,0,False,0,0,0,0,0,"{""pre_http_starts"": 0, ""paired_results"": 0, ""pairs"": []}",157,0,True,stochastic_milp,True,0,0.0005396337924683012,True,2.614386236997234,[],"{""cache_enabled"": true, ""cache_path"": ""/workspace/MasterDissertation/results/v2_pilot/evaluation_verified_cache"", ""compact_output"": true, ""enabled"": true, ""expose_source_inventory"": true, ""llm_critic"": false, ""llm_numeric_routing"": false, ""llm_recovery_selection"": true, ""semantic_retries"": 1, ""state_recovery"": false}","{""cache_hits"": 67, ""cache_misses"": 90, ""compact_model_numeric_terms"": 0, ""model_attempts"": 0, ""model_documents"": 0, ""model_documents_attempted"": 0, ""parsed_documents"": 90, ""semantic_retries"": 0, ""source_documents"": 157, ""submitted_document_exposures"": 0, ""tool_derived_metadata_rules"": 0, ""verified_documents"": 157}",[],True,,False,0,,,,
parser_no_recovery,B4__normal__seed29__origin0,B4,normal,29,0,1865,B4-normal-seed29-origin0:day1865,35b1a1d4c97e0a771c247e1e96499af804aeb73bb62a89789a87566df266982f,executed,False,True,53.708974882245066,31.0,31.0,222.0,0,False,0,0,0,0,0,"{""pre_http_starts"": 0, ""paired_results"": 0, ""pairs"": []}",157,0,True,stochastic_milp,True,0,0.0008917089136470226,True,2.4758274179985165,[],"{""cache_enabled"": true, ""cache_path"": ""/workspace/MasterDissertation/results/v2_pilot/evaluation_verified_cache"", ""compact_output"": true, ""enabled"": true, ""expose_source_inventory"": true, ""llm_critic"": false, ""llm_numeric_routing"": false, ""llm_recovery_selection"": true, ""semantic_retries"": 1, ""state_recovery"": false}","{""cache_hits"": 67, ""cache_misses"": 90, ""compact_model_numeric_terms"": 0, ""model_attempts"": 0, ""model_documents"": 0, ""model_documents_attempted"": 0, ""parsed_documents"": 90, ""semantic_retries"": 0, ""source_documents"": 157, ""submitted_document_exposures"": 0, ""tool_derived_metadata_rules"": 0, ""verified_documents"": 157}",[],True,,False,0,,,,
parser_no_recovery,B4__normal__seed29__origin0,B4,normal,29,0,1866,B4-normal-seed29-origin0:day1866,189a1ef88f6d5e83cef89bdf53188a89805181102ecb746d7cff897fe149815b,executed,False,True,85.3386649978757,31.0,25.0,205.0,0,False,0,0,0,0,0,"{""pre_http_starts"": 0, ""paired_results"": 0, ""pairs"": []}",157,0,True,stochastic_milp,True,0,0.0009300254267711311,True,1.4833986449993972,[],"{""cache_enabled"": true, ""cache_path"": ""/workspace/MasterDissertation/results/v2_pilot/evaluation_verified_cache"", ""compact_output"": true, ""enabled"": true, ""expose_source_inventory"": true, ""llm_critic"": false, ""llm_numeric_routing"": false, ""llm_recovery_selection"": true, ""semantic_retries"": 1, ""state_recovery"": false}","{""cache_hits"": 67, ""cache_misses"": 90, ""compact_model_numeric_terms"": 0, ""model_attempts"": 0, ""model_documents"": 0, ""model_documents_attempted"": 0, ""parsed_documents"": 90, ""semantic_retries"": 0, ""source_documents"": 157, ""submitted_document_exposures"": 0, ""tool_derived_metadata_rules"": 0, ""verified_documents"": 157}",[],True,,False,0,,,,
parser_no_recovery,B4__normal__seed29__origin0,B4,normal,29,0,1867,B4-normal-seed29-origin0:day1867,8e03cf6261deb80fd08afcc6c9880cce706d9919b854228ce87292cdfc7562fe,executed,False,True,34.07535499614477,22.0,22.0,221.0,0,False,0,0,0,0,0,"{""pre_http_starts"": 0, ""paired_results"": 0, ""pairs"": []}",157,0,True,stochastic_milp,True,0,0.0009333150929968446,True,2.248476966000453,[],"{""cache_enabled"": true, ""cache_path"": ""/workspace/MasterDissertation/results/v2_pilot/evaluation_verified_cache"", ""compact_output"": true, ""enabled"": true, ""expose_source_inventory"": true, ""llm_critic"": false, ""llm_numeric_routing"": false, ""llm_recovery_selection"": true, ""semantic_retries"": 1, ""state_recovery"": false}","{""cache_hits"": 67, ""cache_misses"": 90, ""compact_model_numeric_terms"": 0, ""model_attempts"": 0, ""model_documents"": 0, ""model_documents_attempted"": 0, ""parsed_documents"": 90, ""semantic_retries"": 0, ""source_documents"": 157, ""submitted_document_exposures"": 0, ""tool_derived_metadata_rules"": 0, ""verified_documents"": 157}",[],True,,False,0,,,,
parser_no_recovery,B4__normal__seed29__origin0,B4,normal,29,0,1868,B4-normal-seed29-origin0:day1868,f4b27fc3b08e9545156c7bf3de6e4acac8a44eb3f46877ae6db0938ab87c2f0e,executed,False,True,111.0604498923421,27.0,25.0,213.0,0,False,0,0,0,0,0,"{""pre_http_starts"": 0, ""paired_results"": 0, ""pairs"": []}",157,0,True,stochastic_milp,True,0,0.0006336287453617411,True,3.414380343998346,[],"{""cache_enabled"": true, ""cache_path"": ""/workspace/MasterDissertation/results/v2_pilot/evaluation_verified_cache"", ""compact_output"": true, ""enabled"": true, ""expose_source_inventory"": true, ""llm_critic"": false, ""llm_numeric_routing"": false, ""llm_recovery_selection"": true, ""semantic_retries"": 1, ""state_recovery"": false}","{""cache_hits"": 67, ""cache_misses"": 90, ""compact_model_numeric_terms"": 0, ""model_attempts"": 0, ""model_documents"": 0, ""model_documents_attempted"": 0, ""parsed_documents"": 90, ""semantic_retries"": 0, ""source_documents"": 157, ""submitted_document_exposures"": 0, ""tool_derived_metadata_rules"": 0, ""verified_documents"": 157}",[],True,,False,0,,,,
parser_no_recovery,B4__normal__seed29__origin0,B4,normal,29,0,1869,B4-normal-seed29-origin0:day1869,e7de9166ab66e0a51d4012140331783b2a66f54b4c2d1688ce9d918841df9860,executed,False,True,11.051594997167587,36.0,36.0,217.0,0,False,0,0,0,0,0,"{""pre_http_starts"": 0, ""paired_results"": 0, ""pairs"": []}",157,0,True,stochastic_milp,True,0,0.0009849056006871772,True,1.758844964002492,[],"{""cache_enabled"": true, ""cache_path"": ""/workspace/MasterDissertation/results/v2_pilot/evaluation_verified_cache"", ""compact_output"": true, ""enabled"": true, ""expose_source_inventory"": true, ""llm_critic"": false, ""llm_numeric_routing"": false, ""llm_recovery_selection"": true, ""semantic_retries"": 1, ""state_recovery"": false}","{""cache_hits"": 67, ""cache_misses"": 90, ""compact_model_numeric_terms"": 0, ""model_attempts"": 0, ""model_documents"": 0, ""model_documents_attempted"": 0, ""parsed_documents"": 90, ""semantic_retries"": 0, ""source_documents"": 157, ""submitted_document_exposures"": 0, ""tool_derived_metadata_rules"": 0, ""verified_documents"": 157}",[],True,,False,0,,,,
parser_no_recovery,B4__normal__seed29__origin0,B4,normal,29,0,1870,B4-normal-seed29-origin0:day1870,1b02b2963eeee92a9c35b8eb85d837807edd183d3db68366eff9088276d38a0e,executed,False,True,65.26786508101225,34.0,34.0,233.0,0,False,0,0,0,0,0,"{""pre_http_starts"": 0, ""paired_results"": 0, ""pairs"": []}",157,0,True,stochastic_milp,True,0,0.0008728968017888293,True,5.235588907999045,[],"{""cache_enabled"": true, ""cache_path"": ""/workspace/MasterDissertation/results/v2_pilot/evaluation_verified_cache"", ""compact_output"": true, ""enabled"": true, ""expose_source_inventory"": true, ""llm_critic"": false, ""llm_numeric_routing"": false, ""llm_recovery_selection"": true, ""semantic_retries"": 1, ""state_recovery"": false}","{""cache_hits"": 67, ""cache_misses"": 90, ""compact_model_numeric_terms"": 0, ""model_attempts"": 0, ""model_documents"": 0, ""model_documents_attempted"": 0, ""parsed_documents"": 90, ""semantic_retries"": 0, ""source_documents"": 157, ""submitted_document_exposures"": 0, ""tool_derived_metadata_rules"": 0, ""verified_documents"": 157}",[],True,,False,0,,,,
parser_no_recovery,B4__normal__seed29__origin0,B4,normal,29,0,1871,B4-normal-seed29-origin0:day1871,886406a0786c9fbc2e870fd929b6a7224c4dcc4eb2aa1dae28fd8b6afa40bf8b,executed,False,True,51.58736503052712,38.0,38.0,197.0,0,False,0,0,0,0,0,"{""pre_http_starts"": 0, ""paired_results"": 0, ""pairs"": []}",157,0,True,stochastic_milp,True,0,0.0009909172358271066,True,4.742891240999597,[],"{""cache_enabled"": true, ""cache_path"": ""/workspace/MasterDissertation/results/v2_pilot/evaluation_verified_cache"", ""compact_output"": true, ""enabled"": true, ""expose_source_inventory"": true, ""llm_critic"": false, ""llm_numeric_routing"": false, ""llm_recovery_selection"": true, ""semantic_retries"": 1, ""state_recovery"": false}","{""cache_hits"": 67, ""cache_misses"": 90, ""compact_model_numeric_terms"": 0, ""model_attempts"": 0, ""model_documents"": 0, ""model_documents_attempted"": 0, ""parsed_documents"": 90, ""semantic_retries"": 0, ""source_documents"": 157, ""submitted_document_exposures"": 0, ""tool_derived_metadata_rules"": 0, ""verified_documents"": 157}",[],True,,False,0,,,,
parser_no_recovery,B4__derived_field_collapse__seed13__origin0,B4,derived_field_collapse,13,0,1858,B4-derived_field_collapse-seed13-origin0:day1858,6d2a4ce6b03ce4ca0e593ca4ac9160132641306dee36f270566bb4509ee91113,executed,False,True,32.11827002614737,28.0,27.0,258.0,0,False,0,0,0,0,0,"{""pre_http_starts"": 0, ""paired_results"": 0, ""pairs"": []}",157,0,True,stochastic_milp,True,0,0.000977720140421123,True,1.6721477939972829,[],"{""cache_enabled"": true, ""cache_path"": ""/workspace/MasterDissertation/results/v2_pilot/evaluation_verified_cache"", ""compact_output"": true, ""enabled"": true, ""expose_source_inventory"": true, ""llm_critic"": false, ""llm_numeric_routing"": false, ""llm_recovery_selection"": true, ""semantic_retries"": 1, ""state_recovery"": false}","{""cache_hits"": 157, ""cache_misses"": 0, ""compact_model_numeric_terms"": 0, ""model_attempts"": 0, ""model_documents"": 0, ""model_documents_attempted"": 0, ""parsed_documents"": 0, ""semantic_retries"": 0, ""source_documents"": 157, ""submitted_document_exposures"": 0, ""tool_derived_metadata_rules"": 0, ""verified_documents"": 157}",[],True,,False,0,,,,
parser_no_recovery,B4__derived_field_collapse__seed13__origin0,B4,derived_field_collapse,13,0,1859,B4-derived_field_collapse-seed13-origin0:day1859,4b930f64dcd6038fb8e9ae3a26345f367f16712c8e18dd639fa52035f801b8af,executed,False,True,78.06128505182267,22.0,20.0,254.0,0,False,0,0,0,0,0,"{""pre_http_starts"": 0, ""paired_results"": 0, ""pairs"": []}",157,0,True,stochastic_milp,True,0,0.0009930932057834326,True,1.6684500240007765,[],"{""cache_enabled"": true, ""cache_path"": ""/workspace/MasterDissertation/results/v2_pilot/evaluation_verified_cache"", ""compact_output"": true, ""enabled"": true, ""expose_source_inventory"": true, ""llm_critic"": false, ""llm_numeric_routing"": false, ""llm_recovery_selection"": true, ""semantic_retries"": 1, ""state_recovery"": false}","{""cache_hits"": 157, ""cache_misses"": 0, ""compact_model_numeric_terms"": 0, ""model_attempts"": 0, ""model_documents"": 0, ""model_documents_attempted"": 0, ""parsed_documents"": 0, ""semantic_retries"": 0, ""source_documents"": 157, ""submitted_document_exposures"": 0, ""tool_derived_metadata_rules"": 0, ""verified_documents"": 157}",[],True,,False,0,,,,
parser_no_recovery,B4__derived_field_collapse__seed13__origin0,B4,derived_field_collapse,13,0,1860,B4-derived_field_collapse-seed13-origin0:day1860,fbc49a940d26fda1e53c45793a394f6ff781ec0afe0fbcbc24c29496d7fb13e8,executed,False,True,39.31286990511418,41.0,40.0,218.0,0,False,0,0,0,0,0,"{""pre_http_starts"": 0, ""paired_results"": 0, ""pairs"": []}",157,0,True,stochastic_milp,True,0,0.0,True,1.0939159959998506,[],"{""cache_enabled"": true, ""cache_path"": ""/workspace/MasterDissertation/results/v2_pilot/evaluation_verified_cache"", ""compact_output"": true, ""enabled"": true, ""expose_source_inventory"": true, ""llm_critic"": false, ""llm_numeric_routing"": false, ""llm_recovery_selection"": true, ""semantic_retries"": 1, ""state_recovery"": false}","{""cache_hits"": 157, ""cache_misses"": 0, ""compact_model_numeric_terms"": 0, ""model_attempts"": 0, ""model_documents"": 0, ""model_documents_attempted"": 0, ""parsed_documents"": 0, ""semantic_retries"": 0, ""source_documents"": 157, ""submitted_document_exposures"": 0, ""tool_derived_metadata_rules"": 0, ""verified_documents"": 157}",[],True,,False,0,,,,
parser_no_recovery,B4__derived_field_collapse__seed13__origin0,B4,derived_field_collapse,13,0,1861,B4-derived_field_collapse-seed13-origin0:day1861,3c26a4eba5a0286c24c3777f272bbd85ad4aa4faf8ef73aa3ad154e1e1c832d1,executed,False,True,15.348450001180172,23.0,23.0,214.0,0,False,0,0,0,0,0,"{""pre_http_starts"": 0, ""paired_results"": 0, ""pairs"": []}",157,0,True,stochastic_milp,True,0,0.00016443060687554862,True,1.0004591629985953,[],"{""cache_enabled"": true, ""cache_path"": ""/workspace/MasterDissertation/results/v2_pilot/evaluation_verified_cache"", ""compact_output"": true, ""enabled"": true, ""expose_source_inventory"": true, ""llm_critic"": false, ""llm_numeric_routing"": false, ""llm_recovery_selection"": true, ""semantic_retries"": 1, ""state_recovery"": false}","{""cache_hits"": 157, ""cache_misses"": 0, ""compact_model_numeric_terms"": 0, ""model_attempts"": 0, ""model_documents"": 0, ""model_documents_attempted"": 0, ""parsed_documents"": 0, ""semantic_retries"": 0, ""source_documents"": 157, ""submitted_document_exposures"": 0, ""tool_derived_metadata_rules"": 0, ""verified_documents"": 157}",[],True,,False,0,,,,
parser_no_recovery,B4__derived_field_collapse__seed13__origin0,B4,derived_field_collapse,13,0,1862,B4-derived_field_collapse-seed13-origin0:day1862,3fe90716894751599b6c7e23d3d9aa90034fb1dbaf5337e9f39586eee97c1c29,held,True,False,4.222515001416207,35.0,35.0,229.0,0,False,0,0,0,0,0,"{""pre_http_starts"": 0, ""paired_results"": 0, ""pairs"": []}",157,0,False,hold,False,not_run,,,0.0193401469987293,[],"{""cache_enabled"": true, ""cache_path"": ""/workspace/MasterDissertation/results/v2_pilot/evaluation_verified_cache"", ""compact_output"": true, ""enabled"": true, ""expose_source_inventory"": true, ""llm_critic"": false, ""llm_numeric_routing"": false, ""llm_recovery_selection"": true, ""semantic_retries"": 1, ""state_recovery"": false}",{},[],,,False,0,,,,
parser_no_recovery,B4__derived_field_collapse__seed13__origin0,B4,derived_field_collapse,13,0,1863,B4-derived_field_collapse-seed13-origin0:day1863,0af9847ad71319b04327f0b89fcf45b9d15e69e0a1e75ecd22e245c7115905f6,held,True,False,8.32369992250204,50.0,49.0,186.0,0,False,0,0,0,0,0,"{""pre_http_starts"": 0, ""paired_results"": 0, ""pairs"": []}",157,0,False,hold,False,not_run,,,0.0191406960002495,[],"{""cache_enabled"": true, ""cache_path"": ""/workspace/MasterDissertation/results/v2_pilot/evaluation_verified_cache"", ""compact_output"": true, ""enabled"": true, ""expose_source_inventory"": true, ""llm_critic"": false, ""llm_numeric_routing"": false, ""llm_recovery_selection"": true, ""semantic_retries"": 1, ""state_recovery"": false}",{},[],,,False,0,,,,
parser_no_recovery,B4__derived_field_collapse__seed13__origin0,B4,derived_field_collapse,13,0,1864,B4-derived_field_collapse-seed13-origin0:day1864,3ba2815c5734a34774ddad83f1af797b0380d7c12c2ba82bbbcf140c6ac16711,held,True,False,52.974295105218886,32.0,24.0,198.0,0,False,0,0,0,0,0,"{""pre_http_starts"": 0, ""paired_results"": 0, ""pairs"": []}",157,0,False,hold,False,not_run,,,0.0197815899991837,[],"{""cache_enabled"": true, ""cache_path"": ""/workspace/MasterDissertation/results/v2_pilot/evaluation_verified_cache"", ""compact_output"": true, ""enabled"": true, ""expose_source_inventory"": true, ""llm_critic"": false, ""llm_numeric_routing"": false, ""llm_recovery_selection"": true, ""semantic_retries"": 1, ""state_recovery"": false}",{},[],,,False,0,,,,
parser_no_recovery,B4__derived_field_collapse__seed13__origin0,B4,derived_field_collapse,13,0,1865,B4-derived_field_collapse-seed13-origin0:day1865,94f69e73799118693917fd70f3ea4867102065bbdf8dce72b3ac273b6226a835,held,True,False,41.75611000055075,31.0,25.0,179.0,0,False,0,0,0,0,0,"{""pre_http_starts"": 0, ""paired_results"": 0, ""pairs"": []}",157,0,False,hold,False,not_run,,,0.0201152110021212,[],"{""cache_enabled"": true, ""cache_path"": ""/workspace/MasterDissertation/results/v2_pilot/evaluation_verified_cache"", ""compact_output"": true, ""enabled"": true, ""expose_source_inventory"": true, ""llm_critic"": false, ""llm_numeric_routing"": false, ""llm_recovery_selection"": true, ""semantic_retries"": 1, ""state_recovery"": false}",{},[],,,False,0,,,,
parser_no_recovery,B4__derived_field_collapse__seed13__origin0,B4,derived_field_collapse,13,0,1866,B4-derived_field_collapse-seed13-origin0:day1866,136c4b7d70e6d921d545bc3b8cea996cf2e2174ce48a7ca38f84796c0007019d,held,True,False,57.8475700007081,31.0,22.0,157.0,0,False,0,0,0,0,0,"{""pre_http_starts"": 0, ""paired_results"": 0, ""pairs"": []}",157,0,False,hold,False,not_run,,,0.019650811998872,[],"{""cache_enabled"": true, ""cache_path"": ""/workspace/MasterDissertation/results/v2_pilot/evaluation_verified_cache"", ""compact_output"": true, ""enabled"": true, ""expose_source_inventory"": true, ""llm_critic"": false, ""llm_numeric_routing"": false, ""llm_recovery_selection"": true, ""semantic_retries"": 1, ""state_recovery"": false}",{},[],,,False,0,,,,
parser_no_recovery,B4__derived_field_collapse__seed13__origin0,B4,derived_field_collapse,13,0,1867,B4-derived_field_collapse-seed13-origin0:day1867,c1e36c6b3bf5fddd7321d9524b36caf1569699f17395845aa7a2250f6c64ce73,executed,False,True,197.3765148755312,22.0,12.0,112.0,0,False,0,0,0,0,0,"{""pre_http_starts"": 0, ""paired_results"": 0, ""pairs"": []}",157,0,True,stochastic_milp,True,0,0.0004087503437564951,True,2.008338168001501,[],"{""cache_enabled"": true, ""cache_path"": ""/workspace/MasterDissertation/results/v2_pilot/evaluation_verified_cache"", ""compact_output"": true, ""enabled"": true, ""expose_source_inventory"": true, ""llm_critic"": false, ""llm_numeric_routing"": false, ""llm_recovery_selection"": true, ""semantic_retries"": 1, ""state_recovery"": false}","{""cache_hits"": 157, ""cache_misses"": 0, ""compact_model_numeric_terms"": 0, ""model_attempts"": 0, ""model_documents"": 0, ""model_documents_attempted"": 0, ""parsed_documents"": 0, ""semantic_retries"": 0, ""source_documents"": 157, ""submitted_document_exposures"": 0, ""tool_derived_metadata_rules"": 0, ""verified_documents"": 157}",[],True,,False,0,,,,
parser_no_recovery,B4__derived_field_collapse__seed13__origin0,B4,derived_field_collapse,13,0,1868,B4-derived_field_collapse-seed13-origin0:day1868,df96a82621f009170c327f61fe7fc03304ae417cf004dc47a19838c226cd9d5c,executed,False,True,70.23606995874644,27.0,24.0,95.0,0,False,0,0,0,0,0,"{""pre_http_starts"": 0, ""paired_results"": 0, ""pairs"": []}",157,0,True,stochastic_milp,True,0,0.0,True,1.1246767259981425,[],"{""cache_enabled"": true, ""cache_path"": ""/workspace/MasterDissertation/results/v2_pilot/evaluation_verified_cache"", ""compact_output"": true, ""enabled"": true, ""expose_source_inventory"": true, ""llm_critic"": false, ""llm_numeric_routing"": false, ""llm_recovery_selection"": true, ""semantic_retries"": 1, ""state_recovery"": false}","{""cache_hits"": 157, ""cache_misses"": 0, ""compact_model_numeric_terms"": 0, ""model_attempts"": 0, ""model_documents"": 0, ""model_documents_attempted"": 0, ""parsed_documents"": 0, ""semantic_retries"": 0, ""source_documents"": 157, ""submitted_document_exposures"": 0, ""tool_derived_metadata_rules"": 0, ""verified_documents"": 157}",[],True,,False,0,,,,
parser_no_recovery,B4__derived_field_collapse__seed13__origin0,B4,derived_field_collapse,13,0,1869,B4-derived_field_collapse-seed13-origin0:day1869,e41772271d685f88763ec5d22c4e6e3496fea91cda5af6a90e2c8c65464bf88b,executed,False,True,149.65964981353284,36.0,23.0,81.0,0,False,0,0,0,0,0,"{""pre_http_starts"": 0, ""paired_results"": 0, ""pairs"": []}",157,0,True,stochastic_milp,True,0,0.0,True,0.8932111979993351,[],"{""cache_enabled"": true, ""cache_path"": ""/workspace/MasterDissertation/results/v2_pilot/evaluation_verified_cache"", ""compact_output"": true, ""enabled"": true, ""expose_source_inventory"": true, ""llm_critic"": false, ""llm_numeric_routing"": false, ""llm_recovery_selection"": true, ""semantic_retries"": 1, ""state_recovery"": false}","{""cache_hits"": 157, ""cache_misses"": 0, ""compact_model_numeric_terms"": 0, ""model_attempts"": 0, ""model_documents"": 0, ""model_documents_attempted"": 0, ""parsed_documents"": 0, ""semantic_retries"": 0, ""source_documents"": 157, ""submitted_document_exposures"": 0, ""tool_derived_metadata_rules"": 0, ""verified_documents"": 157}",[],True,,False,0,,,,
parser_no_recovery,B4__derived_field_collapse__seed13__origin0,B4,derived_field_collapse,13,0,1870,B4-derived_field_collapse-seed13-origin0:day1870,0e9ff8301b1e2c61683142c252ef239f32c441086ff9f054a6bffdc89c00c32d,executed,False,True,47.496489922344686,34.0,29.0,89.0,0,False,0,0,0,0,0,"{""pre_http_starts"": 0, ""paired_results"": 0, ""pairs"": []}",157,0,True,stochastic_milp,True,0,0.0007138964736574452,True,1.2837926549982512,[],"{""cache_enabled"": true, ""cache_path"": ""/workspace/MasterDissertation/results/v2_pilot/evaluation_verified_cache"", ""compact_output"": true, ""enabled"": true, ""expose_source_inventory"": true, ""llm_critic"": false, ""llm_numeric_routing"": false, ""llm_recovery_selection"": true, ""semantic_retries"": 1, ""state_recovery"": false}","{""cache_hits"": 157, ""cache_misses"": 0, ""compact_model_numeric_terms"": 0, ""model_attempts"": 0, ""model_documents"": 0, ""model_documents_attempted"": 0, ""parsed_documents"": 0, ""semantic_retries"": 0, ""source_documents"": 157, ""submitted_document_exposures"": 0, ""tool_derived_metadata_rules"": 0, ""verified_documents"": 157}",[],True,,False,0,,,,
parser_no_recovery,B4__derived_field_collapse__seed13__origin0,B4,derived_field_collapse,13,0,1871,B4-derived_field_collapse-seed13-origin0:day1871,1a7580bb33a54d3838630a8d31b6c3a01b61e31afd6f2239b219b67ceb527fdf,executed,False,True,111.295924880147,38.0,34.0,144.0,0,False,0,0,0,0,0,"{""pre_http_starts"": 0, ""paired_results"": 0, ""pairs"": []}",157,0,True,stochastic_milp,True,0,0.0003282285267330143,True,1.3547016869997606,[],"{""cache_enabled"": true, ""cache_path"": ""/workspace/MasterDissertation/results/v2_pilot/evaluation_verified_cache"", ""compact_output"": true, ""enabled"": true, ""expose_source_inventory"": true, ""llm_critic"": false, ""llm_numeric_routing"": false, ""llm_recovery_selection"": true, ""semantic_retries"": 1, ""state_recovery"": false}","{""cache_hits"": 157, ""cache_misses"": 0, ""compact_model_numeric_terms"": 0, ""model_attempts"": 0, ""model_documents"": 0, ""model_documents_attempted"": 0, ""parsed_documents"": 0, ""semantic_retries"": 0, ""source_documents"": 157, ""submitted_document_exposures"": 0, ""tool_derived_metadata_rules"": 0, ""verified_documents"": 157}",[],True,,False,0,,,,
parser_no_recovery,B4__derived_field_collapse__seed29__origin0,B4,derived_field_collapse,29,0,1858,B4-derived_field_collapse-seed29-origin0:day1858,7cf7889d2b9041b920c275e5a686d9a613a9f8ec1d77da105a89880ac034e41e,held,True,False,4.200570000708103,28.0,28.0,225.0,0,False,0,0,0,0,0,"{""pre_http_starts"": 0, ""paired_results"": 0, ""pairs"": []}",157,0,True,stochastic_milp,True,0,0.0005397835530322777,True,1.610488597001677,[],"{""cache_enabled"": true, ""cache_path"": ""/workspace/MasterDissertation/results/v2_pilot/evaluation_verified_cache"", ""compact_output"": true, ""enabled"": true, ""expose_source_inventory"": true, ""llm_critic"": false, ""llm_numeric_routing"": false, ""llm_recovery_selection"": true, ""semantic_retries"": 1, ""state_recovery"": false}","{""cache_hits"": 157, ""cache_misses"": 0, ""compact_model_numeric_terms"": 0, ""model_attempts"": 0, ""model_documents"": 0, ""model_documents_attempted"": 0, ""parsed_documents"": 0, ""semantic_retries"": 0, ""source_documents"": 157, ""submitted_document_exposures"": 0, ""tool_derived_metadata_rules"": 0, ""verified_documents"": 157}",[],True,,False,0,,,,
parser_no_recovery,B4__derived_field_collapse__seed29__origin0,B4,derived_field_collapse,29,0,1859,B4-derived_field_collapse-seed29-origin0:day1859,60848334944eb867835c141b15b42b751752c86ebffd918e6bd4982177ee065f,executed,False,True,110.90562993228436,22.0,21.0,171.0,0,False,0,0,0,0,0,"{""pre_http_starts"": 0, ""paired_results"": 0, ""pairs"": []}",157,0,True,stochastic_milp,True,0,0.0005087707639283103,True,1.194047289001901,[],"{""cache_enabled"": true, ""cache_path"": ""/workspace/MasterDissertation/results/v2_pilot/evaluation_verified_cache"", ""compact_output"": true, ""enabled"": true, ""expose_source_inventory"": true, ""llm_critic"": false, ""llm_numeric_routing"": false, ""llm_recovery_selection"": true, ""semantic_retries"": 1, ""state_recovery"": false}","{""cache_hits"": 157, ""cache_misses"": 0, ""compact_model_numeric_terms"": 0, ""model_attempts"": 0, ""model_documents"": 0, ""model_documents_attempted"": 0, ""parsed_documents"": 0, ""semantic_retries"": 0, ""source_documents"": 157, ""submitted_document_exposures"": 0, ""tool_derived_metadata_rules"": 0, ""verified_documents"": 157}",[],True,,False,0,,,,
parser_no_recovery,B4__derived_field_collapse__seed29__origin0,B4,derived_field_collapse,29,0,1860,B4-derived_field_collapse-seed29-origin0:day1860,0086c3b02dfb3a55452e273142e9ab9c972ba9aeffddd0600555fd6636305081,executed,False,True,47.53594002121688,41.0,41.0,165.0,0,False,0,0,0,0,0,"{""pre_http_starts"": 0, ""paired_results"": 0, ""pairs"": []}",157,0,True,stochastic_milp,True,0,0.00038345200022108585,True,1.111217953999585,[],"{""cache_enabled"": true, ""cache_path"": ""/workspace/MasterDissertation/results/v2_pilot/evaluation_verified_cache"", ""compact_output"": true, ""enabled"": true, ""expose_source_inventory"": true, ""llm_critic"": false, ""llm_numeric_routing"": false, ""llm_recovery_selection"": true, ""semantic_retries"": 1, ""state_recovery"": false}","{""cache_hits"": 157, ""cache_misses"": 0, ""compact_model_numeric_terms"": 0, ""model_attempts"": 0, ""model_documents"": 0, ""model_documents_attempted"": 0, ""parsed_documents"": 0, ""semantic_retries"": 0, ""source_documents"": 157, ""submitted_document_exposures"": 0, ""tool_derived_metadata_rules"": 0, ""verified_documents"": 157}",[],True,,False,0,,,,
parser_no_recovery,B4__derived_field_collapse__seed29__origin0,B4,derived_field_collapse,29,0,1861,B4-derived_field_collapse-seed29-origin0:day1861,5ad3c6f5b58d109a9840c893312b57e484e864104d720e69e2a94247bda52b68,executed,False,True,114.51260502630473,23.0,22.0,202.0,0,False,0,0,0,0,0,"{""pre_http_starts"": 0, ""paired_results"": 0, ""pairs"": []}",157,0,True,stochastic_milp,True,0,0.0007424113651313583,True,2.402578260000155,[],"{""cache_enabled"": true, ""cache_path"": ""/workspace/MasterDissertation/results/v2_pilot/evaluation_verified_cache"", ""compact_output"": true, ""enabled"": true, ""expose_source_inventory"": true, ""llm_critic"": false, ""llm_numeric_routing"": false, ""llm_recovery_selection"": true, ""semantic_retries"": 1, ""state_recovery"": false}","{""cache_hits"": 157, ""cache_misses"": 0, ""compact_model_numeric_terms"": 0, ""model_attempts"": 0, ""model_documents"": 0, ""model_documents_attempted"": 0, ""parsed_documents"": 0, ""semantic_retries"": 0, ""source_documents"": 157, ""submitted_document_exposures"": 0, ""tool_derived_metadata_rules"": 0, ""verified_documents"": 157}",[],True,,False,0,,,,
parser_no_recovery,B4__derived_field_collapse__seed29__origin0,B4,derived_field_collapse,29,0,1862,B4-derived_field_collapse-seed29-origin0:day1862,34f9bb934921abba5387ae5d762fcc83c0c87b8a7e06968182b2cc0fa6d25f03,held,True,False,4.367055001258849,35.0,35.0,240.0,0,False,0,0,0,0,0,"{""pre_http_starts"": 0, ""paired_results"": 0, ""pairs"": []}",157,0,False,hold,False,not_run,,,0.0206519310013391,[],"{""cache_enabled"": true, ""cache_path"": ""/workspace/MasterDissertation/results/v2_pilot/evaluation_verified_cache"", ""compact_output"": true, ""enabled"": true, ""expose_source_inventory"": true, ""llm_critic"": false, ""llm_numeric_routing"": false, ""llm_recovery_selection"": true, ""semantic_retries"": 1, ""state_recovery"": false}",{},[],,,False,0,,,,
parser_no_recovery,B4__derived_field_collapse__seed29__origin0,B4,derived_field_collapse,29,0,1863,B4-derived_field_collapse-seed29-origin0:day1863,3c956794d2c2aef24966573606e1524882873a6e8ca02ce0b9066552ca6321d2,held,True,False,10.710535027563571,50.0,49.0,253.0,0,False,0,0,0,0,0,"{""pre_http_starts"": 0, ""paired_results"": 0, ""pairs"": []}",157,0,False,hold,False,not_run,,,0.0207377190017723,[],"{""cache_enabled"": true, ""cache_path"": ""/workspace/MasterDissertation/results/v2_pilot/evaluation_verified_cache"", ""compact_output"": true, ""enabled"": true, ""expose_source_inventory"": true, ""llm_critic"": false, ""llm_numeric_routing"": false, ""llm_recovery_selection"": true, ""semantic_retries"": 1, ""state_recovery"": false}",{},[],,,False,0,,,,
parser_no_recovery,B4__derived_field_collapse__seed29__origin0,B4,derived_field_collapse,29,0,1864,B4-derived_field_collapse-seed29-origin0:day1864,2977cb22b15eed0353355d6e14c397b995e4adf5203cf900c965722f398d7edc,held,True,False,34.991000133097174,32.0,27.0,232.0,0,False,0,0,0,0,0,"{""pre_http_starts"": 0, ""paired_results"": 0, ""pairs"": []}",157,0,False,hold,False,not_run,,,0.0223033600013877,[],"{""cache_enabled"": true, ""cache_path"": ""/workspace/MasterDissertation/results/v2_pilot/evaluation_verified_cache"", ""compact_output"": true, ""enabled"": true, ""expose_source_inventory"": true, ""llm_critic"": false, ""llm_numeric_routing"": false, ""llm_recovery_selection"": true, ""semantic_retries"": 1, ""state_recovery"": false}",{},[],,,False,0,,,,
parser_no_recovery,B4__derived_field_collapse__seed29__origin0,B4,derived_field_collapse,29,0,1865,B4-derived_field_collapse-seed29-origin0:day1865,4c378ab2eefcb7edc18e79c33c6cec66fa03876f885e9804ca909465305522da,held,True,False,44.41524992328882,31.0,24.0,208.0,0,False,0,0,0,0,0,"{""pre_http_starts"": 0, ""paired_results"": 0, ""pairs"": []}",157,0,False,hold,False,not_run,,,0.0212088490006863,[],"{""cache_enabled"": true, ""cache_path"": ""/workspace/MasterDissertation/results/v2_pilot/evaluation_verified_cache"", ""compact_output"": true, ""enabled"": true, ""expose_source_inventory"": true, ""llm_critic"": false, ""llm_numeric_routing"": false, ""llm_recovery_selection"": true, ""semantic_retries"": 1, ""state_recovery"": false}",{},[],,,False,0,,,,
parser_no_recovery,B4__derived_field_collapse__seed29__origin0,B4,derived_field_collapse,29,0,1866,B4-derived_field_collapse-seed29-origin0:day1866,fc38421a60eb8aa787b30528b62738f2806a7272cf18a4640714fb1a566c6801,held,True,False,63.27139492321015,31.0,21.0,187.0,0,False,0,0,0,0,0,"{""pre_http_starts"": 0, ""paired_results"": 0, ""pairs"": []}",157,0,False,hold,False,not_run,,,0.0193841600012092,[],"{""cache_enabled"": true, ""cache_path"": ""/workspace/MasterDissertation/results/v2_pilot/evaluation_verified_cache"", ""compact_output"": true, ""enabled"": true, ""expose_source_inventory"": true, ""llm_critic"": false, ""llm_numeric_routing"": false, ""llm_recovery_selection"": true, ""semantic_retries"": 1, ""state_recovery"": false}",{},[],,,False,0,,,,
parser_no_recovery,B4__derived_field_collapse__seed29__origin0,B4,derived_field_collapse,29,0,1867,B4-derived_field_collapse-seed29-origin0:day1867,213ce06750da45f67f17e5909148a775a8d9bce365faeb938555f376a898705f,executed,False,True,157.77510477125645,22.0,18.0,125.0,0,False,0,0,0,0,0,"{""pre_http_starts"": 0, ""paired_results"": 0, ""pairs"": []}",157,0,True,stochastic_milp,True,0,0.000497951050464228,True,3.646658149998984,[],"{""cache_enabled"": true, ""cache_path"": ""/workspace/MasterDissertation/results/v2_pilot/evaluation_verified_cache"", ""compact_output"": true, ""enabled"": true, ""expose_source_inventory"": true, ""llm_critic"": false, ""llm_numeric_routing"": false, ""llm_recovery_selection"": true, ""semantic_retries"": 1, ""state_recovery"": false}","{""cache_hits"": 157, ""cache_misses"": 0, ""compact_model_numeric_terms"": 0, ""model_attempts"": 0, ""model_documents"": 0, ""model_documents_attempted"": 0, ""parsed_documents"": 0, ""semantic_retries"": 0, ""source_documents"": 157, ""submitted_document_exposures"": 0, ""tool_derived_metadata_rules"": 0, ""verified_documents"": 157}",[],True,,False,0,,,,
parser_no_recovery,B4__derived_field_collapse__seed29__origin0,B4,derived_field_collapse,29,0,1868,B4-derived_field_collapse-seed29-origin0:day1868,6c6dc1dd5f696ecd35a012ae3fbfbabf2fb641ea21fbfa8079f48a40531b7a7a,executed,False,True,86.2434200232625,27.0,23.0,142.0,0,False,0,0,0,0,0,"{""pre_http_starts"": 0, ""paired_results"": 0, ""pairs"": []}",157,0,True,stochastic_milp,True,0,0.0003741966119006233,True,1.440851385003043,[],"{""cache_enabled"": true, ""cache_path"": ""/workspace/MasterDissertation/results/v2_pilot/evaluation_verified_cache"", ""compact_output"": true, ""enabled"": true, ""expose_source_inventory"": true, ""llm_critic"": false, ""llm_numeric_routing"": false, ""llm_recovery_selection"": true, ""semantic_retries"": 1, ""state_recovery"": false}","{""cache_hits"": 157, ""cache_misses"": 0, ""compact_model_numeric_terms"": 0, ""model_attempts"": 0, ""model_documents"": 0, ""model_documents_attempted"": 0, ""parsed_documents"": 0, ""semantic_retries"": 0, ""source_documents"": 157, ""submitted_document_exposures"": 0, ""tool_derived_metadata_rules"": 0, ""verified_documents"": 157}",[],True,,False,0,,,,
parser_no_recovery,B4__derived_field_collapse__seed29__origin0,B4,derived_field_collapse,29,0,1869,B4-derived_field_collapse-seed29-origin0:day1869,d9a7dbe5624c18f358d58170ec5a8f6fe84be5b826fe6a8781d6d18d8813d389,executed,False,True,105.1067799988985,36.0,34.0,176.0,0,False,0,0,0,0,0,"{""pre_http_starts"": 0, ""paired_results"": 0, ""pairs"": []}",157,0,True,stochastic_milp,True,0,0.00015708094423219277,True,1.2389709999988554,[],"{""cache_enabled"": true, ""cache_path"": ""/workspace/MasterDissertation/results/v2_pilot/evaluation_verified_cache"", ""compact_output"": true, ""enabled"": true, ""expose_source_inventory"": true, ""llm_critic"": false, ""llm_numeric_routing"": false, ""llm_recovery_selection"": true, ""semantic_retries"": 1, ""state_recovery"": false}","{""cache_hits"": 157, ""cache_misses"": 0, ""compact_model_numeric_terms"": 0, ""model_attempts"": 0, ""model_documents"": 0, ""model_documents_attempted"": 0, ""parsed_documents"": 0, ""semantic_retries"": 0, ""source_documents"": 157, ""submitted_document_exposures"": 0, ""tool_derived_metadata_rules"": 0, ""verified_documents"": 157}",[],True,,False,0,,,,
parser_no_recovery,B4__derived_field_collapse__seed29__origin0,B4,derived_field_collapse,29,0,1870,B4-derived_field_collapse-seed29-origin0:day1870,2995ff839251389c0dcb254ee1ed2e00916b6c69d2f38ae41892630ed0657b3a,executed,False,True,45.93668996876478,34.0,34.0,197.0,0,False,0,0,0,0,0,"{""pre_http_starts"": 0, ""paired_results"": 0, ""pairs"": []}",157,0,True,stochastic_milp,True,0,0.0007851363889034444,True,3.538155453003128,[],"{""cache_enabled"": true, ""cache_path"": ""/workspace/MasterDissertation/results/v2_pilot/evaluation_verified_cache"", ""compact_output"": true, ""enabled"": true, ""expose_source_inventory"": true, ""llm_critic"": false, ""llm_numeric_routing"": false, ""llm_recovery_selection"": true, ""semantic_retries"": 1, ""state_recovery"": false}","{""cache_hits"": 157, ""cache_misses"": 0, ""compact_model_numeric_terms"": 0, ""model_attempts"": 0, ""model_documents"": 0, ""model_documents_attempted"": 0, ""parsed_documents"": 0, ""semantic_retries"": 0, ""source_documents"": 157, ""submitted_document_exposures"": 0, ""tool_derived_metadata_rules"": 0, ""verified_documents"": 157}",[],True,,False,0,,,,
parser_no_recovery,B4__derived_field_collapse__seed29__origin0,B4,derived_field_collapse,29,0,1871,B4-derived_field_collapse-seed29-origin0:day1871,a0580b6171b07c0bdb5cf443398b4ccbb1734020e25377d037d2c45ba2c05aa3,executed,False,True,52.59060496336222,38.0,37.0,230.0,0,False,0,0,0,0,0,"{""pre_http_starts"": 0, ""paired_results"": 0, ""pairs"": []}",157,0,True,stochastic_milp,True,0,0.00011516378098714419,True,3.301509672000975,[],"{""cache_enabled"": true, ""cache_path"": ""/workspace/MasterDissertation/results/v2_pilot/evaluation_verified_cache"", ""compact_output"": true, ""enabled"": true, ""expose_source_inventory"": true, ""llm_critic"": false, ""llm_numeric_routing"": false, ""llm_recovery_selection"": true, ""semantic_retries"": 1, ""state_recovery"": false}","{""cache_hits"": 157, ""cache_misses"": 0, ""compact_model_numeric_terms"": 0, ""model_attempts"": 0, ""model_documents"": 0, ""model_documents_attempted"": 0, ""parsed_documents"": 0, ""semantic_retries"": 0, ""source_documents"": 157, ""submitted_document_exposures"": 0, ""tool_derived_metadata_rules"": 0, ""verified_documents"": 157}",[],True,,False,0,,,,
parser_no_recovery,B4__feed_gap__seed13__origin0,B4,feed_gap,13,0,1858,B4-feed_gap-seed13-origin0:day1858,61fea2832703a7d5075ac6e5793cd57c4eabe336b1276837cfd8aafc99b54d02,executed,False,True,32.11827002614737,28.0,27.0,258.0,0,False,0,0,0,0,0,"{""pre_http_starts"": 0, ""paired_results"": 0, ""pairs"": []}",157,0,True,stochastic_milp,True,0,0.000977720140421123,True,1.7339730660023631,[],"{""cache_enabled"": true, ""cache_path"": ""/workspace/MasterDissertation/results/v2_pilot/evaluation_verified_cache"", ""compact_output"": true, ""enabled"": true, ""expose_source_inventory"": true, ""llm_critic"": false, ""llm_numeric_routing"": false, ""llm_recovery_selection"": true, ""semantic_retries"": 1, ""state_recovery"": false}","{""cache_hits"": 157, ""cache_misses"": 0, ""compact_model_numeric_terms"": 0, ""model_attempts"": 0, ""model_documents"": 0, ""model_documents_attempted"": 0, ""parsed_documents"": 0, ""semantic_retries"": 0, ""source_documents"": 157, ""submitted_document_exposures"": 0, ""tool_derived_metadata_rules"": 0, ""verified_documents"": 157}",[],True,,False,0,,,,
parser_no_recovery,B4__feed_gap__seed13__origin0,B4,feed_gap,13,0,1859,B4-feed_gap-seed13-origin0:day1859,d56bf9bc107c4cf69c8ef0675842e960e17ae456b840d18d0081784b3b516d2d,executed,False,True,78.06128505182267,22.0,20.0,254.0,0,False,0,0,0,0,0,"{""pre_http_starts"": 0, ""paired_results"": 0, ""pairs"": []}",157,0,True,stochastic_milp,True,0,0.0009930932057834326,True,1.7829536000026565,[],"{""cache_enabled"": true, ""cache_path"": ""/workspace/MasterDissertation/results/v2_pilot/evaluation_verified_cache"", ""compact_output"": true, ""enabled"": true, ""expose_source_inventory"": true, ""llm_critic"": false, ""llm_numeric_routing"": false, ""llm_recovery_selection"": true, ""semantic_retries"": 1, ""state_recovery"": false}","{""cache_hits"": 157, ""cache_misses"": 0, ""compact_model_numeric_terms"": 0, ""model_attempts"": 0, ""model_documents"": 0, ""model_documents_attempted"": 0, ""parsed_documents"": 0, ""semantic_retries"": 0, ""source_documents"": 157, ""submitted_document_exposures"": 0, ""tool_derived_metadata_rules"": 0, ""verified_documents"": 157}",[],True,,False,0,,,,
parser_no_recovery,B4__feed_gap__seed13__origin0,B4,feed_gap,13,0,1860,B4-feed_gap-seed13-origin0:day1860,1a27fcda1a2c3cea3d1faf2a83c0edbc011fdb9d41b2968b3ee63169d7194667,executed,False,True,39.31286990511418,41.0,40.0,218.0,0,False,0,0,0,0,0,"{""pre_http_starts"": 0, ""paired_results"": 0, ""pairs"": []}",157,0,True,stochastic_milp,True,0,0.0,True,1.2767829609983892,[],"{""cache_enabled"": true, ""cache_path"": ""/workspace/MasterDissertation/results/v2_pilot/evaluation_verified_cache"", ""compact_output"": true, ""enabled"": true, ""expose_source_inventory"": true, ""llm_critic"": false, ""llm_numeric_routing"": false, ""llm_recovery_selection"": true, ""semantic_retries"": 1, ""state_recovery"": false}","{""cache_hits"": 157, ""cache_misses"": 0, ""compact_model_numeric_terms"": 0, ""model_attempts"": 0, ""model_documents"": 0, ""model_documents_attempted"": 0, ""parsed_documents"": 0, ""semantic_retries"": 0, ""source_documents"": 157, ""submitted_document_exposures"": 0, ""tool_derived_metadata_rules"": 0, ""verified_documents"": 157}",[],True,,False,0,,,,
parser_no_recovery,B4__feed_gap__seed13__origin0,B4,feed_gap,13,0,1861,B4-feed_gap-seed13-origin0:day1861,a6a00e028ac0acd60d6e5c6099ba3bfbcb0b0275c273afd7be886bb272f591e3,executed,False,True,15.348450001180172,23.0,23.0,214.0,0,False,0,0,0,0,0,"{""pre_http_starts"": 0, ""paired_results"": 0, ""pairs"": []}",157,0,True,stochastic_milp,True,0,0.00016443060687554862,True,1.0677320310023788,[],"{""cache_enabled"": true, ""cache_path"": ""/workspace/MasterDissertation/results/v2_pilot/evaluation_verified_cache"", ""compact_output"": true, ""enabled"": true, ""expose_source_inventory"": true, ""llm_critic"": false, ""llm_numeric_routing"": false, ""llm_recovery_selection"": true, ""semantic_retries"": 1, ""state_recovery"": false}","{""cache_hits"": 157, ""cache_misses"": 0, ""compact_model_numeric_terms"": 0, ""model_attempts"": 0, ""model_documents"": 0, ""model_documents_attempted"": 0, ""parsed_documents"": 0, ""semantic_retries"": 0, ""source_documents"": 157, ""submitted_document_exposures"": 0, ""tool_derived_metadata_rules"": 0, ""verified_documents"": 157}",[],True,,False,0,,,,
parser_no_recovery,B4__feed_gap__seed13__origin0,B4,feed_gap,13,0,1862,B4-feed_gap-seed13-origin0:day1862,a223ec7378f20b6e51f3aed0d0ddf628b0045d95ceedf05d0b9cc20f7cf796e8,held,True,False,4.222515001416207,35.0,35.0,229.0,0,False,0,0,0,0,0,"{""pre_http_starts"": 0, ""paired_results"": 0, ""pairs"": []}",157,0,False,hold,False,not_run,,,0.0209688030008692,[],"{""cache_enabled"": true, ""cache_path"": ""/workspace/MasterDissertation/results/v2_pilot/evaluation_verified_cache"", ""compact_output"": true, ""enabled"": true, ""expose_source_inventory"": true, ""llm_critic"": false, ""llm_numeric_routing"": false, ""llm_recovery_selection"": true, ""semantic_retries"": 1, ""state_recovery"": false}",{},[],,,False,0,,,,
parser_no_recovery,B4__feed_gap__seed13__origin0,B4,feed_gap,13,0,1863,B4-feed_gap-seed13-origin0:day1863,fb8fa15907f5a698107d6f666852effa40b96a0afe8e633539542004e6cfaa54,held,True,False,8.32369992250204,50.0,49.0,186.0,0,False,0,0,0,0,0,"{""pre_http_starts"": 0, ""paired_results"": 0, ""pairs"": []}",157,0,False,hold,False,not_run,,,0.0222489590014447,[],"{""cache_enabled"": true, ""cache_path"": ""/workspace/MasterDissertation/results/v2_pilot/evaluation_verified_cache"", ""compact_output"": true, ""enabled"": true, ""expose_source_inventory"": true, ""llm_critic"": false, ""llm_numeric_routing"": false, ""llm_recovery_selection"": true, ""semantic_retries"": 1, ""state_recovery"": false}",{},[],,,False,0,,,,
parser_no_recovery,B4__feed_gap__seed13__origin0,B4,feed_gap,13,0,1864,B4-feed_gap-seed13-origin0:day1864,cd4285cf270cc5bead2635d5319d0fdf4dcd4d7877cce59a04e0d697fc2599a5,held,True,False,52.974295105218886,32.0,24.0,198.0,0,False,0,0,0,0,0,"{""pre_http_starts"": 0, ""paired_results"": 0, ""pairs"": []}",157,0,False,hold,False,not_run,,,0.021566747000179,[],"{""cache_enabled"": true, ""cache_path"": ""/workspace/MasterDissertation/results/v2_pilot/evaluation_verified_cache"", ""compact_output"": true, ""enabled"": true, ""expose_source_inventory"": true, ""llm_critic"": false, ""llm_numeric_routing"": false, ""llm_recovery_selection"": true, ""semantic_retries"": 1, ""state_recovery"": false}",{},[],,,False,0,,,,
parser_no_recovery,B4__feed_gap__seed13__origin0,B4,feed_gap,13,0,1865,B4-feed_gap-seed13-origin0:day1865,ae1310d47f94f61934c8916349566283e0192cbe5b5e503f3ed186eb4934a129,held,True,False,41.75611000055075,31.0,25.0,179.0,0,False,0,0,0,0,0,"{""pre_http_starts"": 0, ""paired_results"": 0, ""pairs"": []}",157,0,False,hold,False,not_run,,,0.0218828170000051,[],"{""cache_enabled"": true, ""cache_path"": ""/workspace/MasterDissertation/results/v2_pilot/evaluation_verified_cache"", ""compact_output"": true, ""enabled"": true, ""expose_source_inventory"": true, ""llm_critic"": false, ""llm_numeric_routing"": false, ""llm_recovery_selection"": true, ""semantic_retries"": 1, ""state_recovery"": false}",{},[],,,False,0,,,,
parser_no_recovery,B4__feed_gap__seed13__origin0,B4,feed_gap,13,0,1866,B4-feed_gap-seed13-origin0:day1866,55192e687079db8fc373d362293c497e5b48c4f4dbb7f5a5a5675ea144199cd7,held,True,False,57.8475700007081,31.0,22.0,157.0,0,False,0,0,0,0,0,"{""pre_http_starts"": 0, ""paired_results"": 0, ""pairs"": []}",157,0,False,hold,False,not_run,,,0.0211010020029789,[],"{""cache_enabled"": true, ""cache_path"": ""/workspace/MasterDissertation/results/v2_pilot/evaluation_verified_cache"", ""compact_output"": true, ""enabled"": true, ""expose_source_inventory"": true, ""llm_critic"": false, ""llm_numeric_routing"": false, ""llm_recovery_selection"": true, ""semantic_retries"": 1, ""state_recovery"": false}",{},[],,,False,0,,,,
parser_no_recovery,B4__feed_gap__seed13__origin0,B4,feed_gap,13,0,1867,B4-feed_gap-seed13-origin0:day1867,6f9555828a3681bed886c34a186f5481b15d24ed2f58997f3eb2e29f55807fa1,executed,False,True,197.3765148755312,22.0,12.0,112.0,0,False,0,0,0,0,0,"{""pre_http_starts"": 0, ""paired_results"": 0, ""pairs"": []}",157,0,True,stochastic_milp,True,0,0.0004087503437564951,True,2.120513486002892,[],"{""cache_enabled"": true, ""cache_path"": ""/workspace/MasterDissertation/results/v2_pilot/evaluation_verified_cache"", ""compact_output"": true, ""enabled"": true, ""expose_source_inventory"": true, ""llm_critic"": false, ""llm_numeric_routing"": false, ""llm_recovery_selection"": true, ""semantic_retries"": 1, ""state_recovery"": false}","{""cache_hits"": 157, ""cache_misses"": 0, ""compact_model_numeric_terms"": 0, ""model_attempts"": 0, ""model_documents"": 0, ""model_documents_attempted"": 0, ""parsed_documents"": 0, ""semantic_retries"": 0, ""source_documents"": 157, ""submitted_document_exposures"": 0, ""tool_derived_metadata_rules"": 0, ""verified_documents"": 157}",[],True,,False,0,,,,
parser_no_recovery,B4__feed_gap__seed13__origin0,B4,feed_gap,13,0,1868,B4-feed_gap-seed13-origin0:day1868,222d524c1a03599b274cb8ead9ca055a14af13925a5cb9a107a06240215cfe25,executed,False,True,70.23606995874644,27.0,24.0,95.0,0,False,0,0,0,0,0,"{""pre_http_starts"": 0, ""paired_results"": 0, ""pairs"": []}",157,0,True,stochastic_milp,True,0,0.0,True,1.0486970490019305,[],"{""cache_enabled"": true, ""cache_path"": ""/workspace/MasterDissertation/results/v2_pilot/evaluation_verified_cache"", ""compact_output"": true, ""enabled"": true, ""expose_source_inventory"": true, ""llm_critic"": false, ""llm_numeric_routing"": false, ""llm_recovery_selection"": true, ""semantic_retries"": 1, ""state_recovery"": false}","{""cache_hits"": 157, ""cache_misses"": 0, ""compact_model_numeric_terms"": 0, ""model_attempts"": 0, ""model_documents"": 0, ""model_documents_attempted"": 0, ""parsed_documents"": 0, ""semantic_retries"": 0, ""source_documents"": 157, ""submitted_document_exposures"": 0, ""tool_derived_metadata_rules"": 0, ""verified_documents"": 157}",[],True,,False,0,,,,
parser_no_recovery,B4__feed_gap__seed13__origin0,B4,feed_gap,13,0,1869,B4-feed_gap-seed13-origin0:day1869,3527460eb76df9115140e9948fc69d34063b0b3c4e10848e89e39dc2f3dbac10,executed,False,True,149.65964981353284,36.0,23.0,81.0,0,False,0,0,0,0,0,"{""pre_http_starts"": 0, ""paired_results"": 0, ""pairs"": []}",157,0,True,stochastic_milp,True,0,0.0,True,0.9693620069992904,[],"{""cache_enabled"": true, ""cache_path"": ""/workspace/MasterDissertation/results/v2_pilot/evaluation_verified_cache"", ""compact_output"": true, ""enabled"": true, ""expose_source_inventory"": true, ""llm_critic"": false, ""llm_numeric_routing"": false, ""llm_recovery_selection"": true, ""semantic_retries"": 1, ""state_recovery"": false}","{""cache_hits"": 157, ""cache_misses"": 0, ""compact_model_numeric_terms"": 0, ""model_attempts"": 0, ""model_documents"": 0, ""model_documents_attempted"": 0, ""parsed_documents"": 0, ""semantic_retries"": 0, ""source_documents"": 157, ""submitted_document_exposures"": 0, ""tool_derived_metadata_rules"": 0, ""verified_documents"": 157}",[],True,,False,0,,,,
parser_no_recovery,B4__feed_gap__seed13__origin0,B4,feed_gap,13,0,1870,B4-feed_gap-seed13-origin0:day1870,17d9e61ba76d77ad8f7a7d469cf24bfa4e87c8e282086da27e87adf48a60df2b,executed,False,True,47.496489922344686,34.0,29.0,89.0,0,False,0,0,0,0,0,"{""pre_http_starts"": 0, ""paired_results"": 0, ""pairs"": []}",157,0,True,stochastic_milp,True,0,0.0007138964736574452,True,1.310188498999196,[],"{""cache_enabled"": true, ""cache_path"": ""/workspace/MasterDissertation/results/v2_pilot/evaluation_verified_cache"", ""compact_output"": true, ""enabled"": true, ""expose_source_inventory"": true, ""llm_critic"": false, ""llm_numeric_routing"": false, ""llm_recovery_selection"": true, ""semantic_retries"": 1, ""state_recovery"": false}","{""cache_hits"": 157, ""cache_misses"": 0, ""compact_model_numeric_terms"": 0, ""model_attempts"": 0, ""model_documents"": 0, ""model_documents_attempted"": 0, ""parsed_documents"": 0, ""semantic_retries"": 0, ""source_documents"": 157, ""submitted_document_exposures"": 0, ""tool_derived_metadata_rules"": 0, ""verified_documents"": 157}",[],True,,False,0,,,,
parser_no_recovery,B4__feed_gap__seed13__origin0,B4,feed_gap,13,0,1871,B4-feed_gap-seed13-origin0:day1871,9c95d274ebb1fc6f0a18ae295474c8d96dadfa77e6533f05a785187020366dc7,executed,False,True,111.295924880147,38.0,34.0,144.0,0,False,0,0,0,0,0,"{""pre_http_starts"": 0, ""paired_results"": 0, ""pairs"": []}",157,0,True,stochastic_milp,True,0,0.0003282285267330143,True,1.3356838050021906,[],"{""cache_enabled"": true, ""cache_path"": ""/workspace/MasterDissertation/results/v2_pilot/evaluation_verified_cache"", ""compact_output"": true, ""enabled"": true, ""expose_source_inventory"": true, ""llm_critic"": false, ""llm_numeric_routing"": false, ""llm_recovery_selection"": true, ""semantic_retries"": 1, ""state_recovery"": false}","{""cache_hits"": 157, ""cache_misses"": 0, ""compact_model_numeric_terms"": 0, ""model_attempts"": 0, ""model_documents"": 0, ""model_documents_attempted"": 0, ""parsed_documents"": 0, ""semantic_retries"": 0, ""source_documents"": 157, ""submitted_document_exposures"": 0, ""tool_derived_metadata_rules"": 0, ""verified_documents"": 157}",[],True,,False,0,,,,
parser_no_recovery,B4__feed_gap__seed29__origin0,B4,feed_gap,29,0,1858,B4-feed_gap-seed29-origin0:day1858,2da07a619614d4a26e84bfc46a45e610d56817740fcb366fab7e58b4a03e1bb5,held,True,False,4.200570000708103,28.0,28.0,225.0,0,False,0,0,0,0,0,"{""pre_http_starts"": 0, ""paired_results"": 0, ""pairs"": []}",157,0,True,stochastic_milp,True,0,0.0005397835530322777,True,1.563402955998754,[],"{""cache_enabled"": true, ""cache_path"": ""/workspace/MasterDissertation/results/v2_pilot/evaluation_verified_cache"", ""compact_output"": true, ""enabled"": true, ""expose_source_inventory"": true, ""llm_critic"": false, ""llm_numeric_routing"": false, ""llm_recovery_selection"": true, ""semantic_retries"": 1, ""state_recovery"": false}","{""cache_hits"": 157, ""cache_misses"": 0, ""compact_model_numeric_terms"": 0, ""model_attempts"": 0, ""model_documents"": 0, ""model_documents_attempted"": 0, ""parsed_documents"": 0, ""semantic_retries"": 0, ""source_documents"": 157, ""submitted_document_exposures"": 0, ""tool_derived_metadata_rules"": 0, ""verified_documents"": 157}",[],True,,False,0,,,,
parser_no_recovery,B4__feed_gap__seed29__origin0,B4,feed_gap,29,0,1859,B4-feed_gap-seed29-origin0:day1859,532ac12e35416b1658194693d6d7b365973a28b1a1011eecf0c7df6bddb2421c,executed,False,True,110.90562993228436,22.0,21.0,171.0,0,False,0,0,0,0,0,"{""pre_http_starts"": 0, ""paired_results"": 0, ""pairs"": []}",157,0,True,stochastic_milp,True,0,0.0005087707639283103,True,1.089938228000392,[],"{""cache_enabled"": true, ""cache_path"": ""/workspace/MasterDissertation/results/v2_pilot/evaluation_verified_cache"", ""compact_output"": true, ""enabled"": true, ""expose_source_inventory"": true, ""llm_critic"": false, ""llm_numeric_routing"": false, ""llm_recovery_selection"": true, ""semantic_retries"": 1, ""state_recovery"": false}","{""cache_hits"": 157, ""cache_misses"": 0, ""compact_model_numeric_terms"": 0, ""model_attempts"": 0, ""model_documents"": 0, ""model_documents_attempted"": 0, ""parsed_documents"": 0, ""semantic_retries"": 0, ""source_documents"": 157, ""submitted_document_exposures"": 0, ""tool_derived_metadata_rules"": 0, ""verified_documents"": 157}",[],True,,False,0,,,,
parser_no_recovery,B4__feed_gap__seed29__origin0,B4,feed_gap,29,0,1860,B4-feed_gap-seed29-origin0:day1860,11236a8031bf93f173cf662bfaf6480f46c52101516c708f415f5685cf6eeff1,executed,False,True,47.53594002121688,41.0,41.0,165.0,0,False,0,0,0,0,0,"{""pre_http_starts"": 0, ""paired_results"": 0, ""pairs"": []}",157,0,True,stochastic_milp,True,0,0.00038345200022108585,True,1.118028711000079,[],"{""cache_enabled"": true, ""cache_path"": ""/workspace/MasterDissertation/results/v2_pilot/evaluation_verified_cache"", ""compact_output"": true, ""enabled"": true, ""expose_source_inventory"": true, ""llm_critic"": false, ""llm_numeric_routing"": false, ""llm_recovery_selection"": true, ""semantic_retries"": 1, ""state_recovery"": false}","{""cache_hits"": 157, ""cache_misses"": 0, ""compact_model_numeric_terms"": 0, ""model_attempts"": 0, ""model_documents"": 0, ""model_documents_attempted"": 0, ""parsed_documents"": 0, ""semantic_retries"": 0, ""source_documents"": 157, ""submitted_document_exposures"": 0, ""tool_derived_metadata_rules"": 0, ""verified_documents"": 157}",[],True,,False,0,,,,
parser_no_recovery,B4__feed_gap__seed29__origin0,B4,feed_gap,29,0,1861,B4-feed_gap-seed29-origin0:day1861,9b4a6753c40bc14a03e25f80bcb6c3a33f06ca5cff1541a211f3e8ab73fb08da,executed,False,True,114.51260502630473,23.0,22.0,202.0,0,False,0,0,0,0,0,"{""pre_http_starts"": 0, ""paired_results"": 0, ""pairs"": []}",157,0,True,stochastic_milp,True,0,0.0007424113651313583,True,2.301354087001528,[],"{""cache_enabled"": true, ""cache_path"": ""/workspace/MasterDissertation/results/v2_pilot/evaluation_verified_cache"", ""compact_output"": true, ""enabled"": true, ""expose_source_inventory"": true, ""llm_critic"": false, ""llm_numeric_routing"": false, ""llm_recovery_selection"": true, ""semantic_retries"": 1, ""state_recovery"": false}","{""cache_hits"": 157, ""cache_misses"": 0, ""compact_model_numeric_terms"": 0, ""model_attempts"": 0, ""model_documents"": 0, ""model_documents_attempted"": 0, ""parsed_documents"": 0, ""semantic_retries"": 0, ""source_documents"": 157, ""submitted_document_exposures"": 0, ""tool_derived_metadata_rules"": 0, ""verified_documents"": 157}",[],True,,False,0,,,,
parser_no_recovery,B4__feed_gap__seed29__origin0,B4,feed_gap,29,0,1862,B4-feed_gap-seed29-origin0:day1862,fac7d288c62f756adce3a4d01228de49a871ac343eba871e2c1e1a44bcfdf675,held,True,False,4.367055001258849,35.0,35.0,240.0,0,False,0,0,0,0,0,"{""pre_http_starts"": 0, ""paired_results"": 0, ""pairs"": []}",157,0,False,hold,False,not_run,,,0.0197039199993014,[],"{""cache_enabled"": true, ""cache_path"": ""/workspace/MasterDissertation/results/v2_pilot/evaluation_verified_cache"", ""compact_output"": true, ""enabled"": true, ""expose_source_inventory"": true, ""llm_critic"": false, ""llm_numeric_routing"": false, ""llm_recovery_selection"": true, ""semantic_retries"": 1, ""state_recovery"": false}",{},[],,,False,0,,,,
parser_no_recovery,B4__feed_gap__seed29__origin0,B4,feed_gap,29,0,1863,B4-feed_gap-seed29-origin0:day1863,2db5a6889aa25ad3300e2ed76eda64878897271e43a53d4b96a5f768cf53738a,held,True,False,10.710535027563571,50.0,49.0,253.0,0,False,0,0,0,0,0,"{""pre_http_starts"": 0, ""paired_results"": 0, ""pairs"": []}",157,0,False,hold,False,not_run,,,0.0194040380010847,[],"{""cache_enabled"": true, ""cache_path"": ""/workspace/MasterDissertation/results/v2_pilot/evaluation_verified_cache"", ""compact_output"": true, ""enabled"": true, ""expose_source_inventory"": true, ""llm_critic"": false, ""llm_numeric_routing"": false, ""llm_recovery_selection"": true, ""semantic_retries"": 1, ""state_recovery"": false}",{},[],,,False,0,,,,
parser_no_recovery,B4__feed_gap__seed29__origin0,B4,feed_gap,29,0,1864,B4-feed_gap-seed29-origin0:day1864,c84176e62e36dc54826be932903ee12f7d92f047bdaca8ab462194f87e0a5af3,held,True,False,34.991000133097174,32.0,27.0,232.0,0,False,0,0,0,0,0,"{""pre_http_starts"": 0, ""paired_results"": 0, ""pairs"": []}",157,0,False,hold,False,not_run,,,0.0208536399986769,[],"{""cache_enabled"": true, ""cache_path"": ""/workspace/MasterDissertation/results/v2_pilot/evaluation_verified_cache"", ""compact_output"": true, ""enabled"": true, ""expose_source_inventory"": true, ""llm_critic"": false, ""llm_numeric_routing"": false, ""llm_recovery_selection"": true, ""semantic_retries"": 1, ""state_recovery"": false}",{},[],,,False,0,,,,
parser_no_recovery,B4__feed_gap__seed29__origin0,B4,feed_gap,29,0,1865,B4-feed_gap-seed29-origin0:day1865,f2ecabebebde030ef480e4ae4f3f4f6e3ed360572a4d860c702a97a7809a68d8,held,True,False,44.41524992328882,31.0,24.0,208.0,0,False,0,0,0,0,0,"{""pre_http_starts"": 0, ""paired_results"": 0, ""pairs"": []}",157,0,False,hold,False,not_run,,,0.0210596459983207,[],"{""cache_enabled"": true, ""cache_path"": ""/workspace/MasterDissertation/results/v2_pilot/evaluation_verified_cache"", ""compact_output"": true, ""enabled"": true, ""expose_source_inventory"": true, ""llm_critic"": false, ""llm_numeric_routing"": false, ""llm_recovery_selection"": true, ""semantic_retries"": 1, ""state_recovery"": false}",{},[],,,False,0,,,,
parser_no_recovery,B4__feed_gap__seed29__origin0,B4,feed_gap,29,0,1866,B4-feed_gap-seed29-origin0:day1866,0d84e6eef82e7b957b972d7e2f7b9a868809ce661a8504e9808c3765b3c8cb07,held,True,False,63.27139492321015,31.0,21.0,187.0,0,False,0,0,0,0,0,"{""pre_http_starts"": 0, ""paired_results"": 0, ""pairs"": []}",157,0,False,hold,False,not_run,,,0.018941670001368,[],"{""cache_enabled"": true, ""cache_path"": ""/workspace/MasterDissertation/results/v2_pilot/evaluation_verified_cache"", ""compact_output"": true, ""enabled"": true, ""expose_source_inventory"": true, ""llm_critic"": false, ""llm_numeric_routing"": false, ""llm_recovery_selection"": true, ""semantic_retries"": 1, ""state_recovery"": false}",{},[],,,False,0,,,,
parser_no_recovery,B4__feed_gap__seed29__origin0,B4,feed_gap,29,0,1867,B4-feed_gap-seed29-origin0:day1867,a4ea49c63fc8be92fb513dafc7b1c97be794e67e7d8752c20036533932516b73,executed,False,True,157.77510477125645,22.0,18.0,125.0,0,False,0,0,0,0,0,"{""pre_http_starts"": 0, ""paired_results"": 0, ""pairs"": []}",157,0,True,stochastic_milp,True,0,0.000497951050464228,True,3.518183749001764,[],"{""cache_enabled"": true, ""cache_path"": ""/workspace/MasterDissertation/results/v2_pilot/evaluation_verified_cache"", ""compact_output"": true, ""enabled"": true, ""expose_source_inventory"": true, ""llm_critic"": false, ""llm_numeric_routing"": false, ""llm_recovery_selection"": true, ""semantic_retries"": 1, ""state_recovery"": false}","{""cache_hits"": 157, ""cache_misses"": 0, ""compact_model_numeric_terms"": 0, ""model_attempts"": 0, ""model_documents"": 0, ""model_documents_attempted"": 0, ""parsed_documents"": 0, ""semantic_retries"": 0, ""source_documents"": 157, ""submitted_document_exposures"": 0, ""tool_derived_metadata_rules"": 0, ""verified_documents"": 157}",[],True,,False,0,,,,
parser_no_recovery,B4__feed_gap__seed29__origin0,B4,feed_gap,29,0,1868,B4-feed_gap-seed29-origin0:day1868,8e41f701459c48c0787cc9a733212202d7d2fe9c1c9fd4102da9b4b927bf95e8,executed,False,True,86.2434200232625,27.0,23.0,142.0,0,False,0,0,0,0,0,"{""pre_http_starts"": 0, ""paired_results"": 0, ""pairs"": []}",157,0,True,stochastic_milp,True,0,0.0003741966119006233,True,1.410060305002844,[],"{""cache_enabled"": true, ""cache_path"": ""/workspace/MasterDissertation/results/v2_pilot/evaluation_verified_cache"", ""compact_output"": true, ""enabled"": true, ""expose_source_inventory"": true, ""llm_critic"": false, ""llm_numeric_routing"": false, ""llm_recovery_selection"": true, ""semantic_retries"": 1, ""state_recovery"": false}","{""cache_hits"": 157, ""cache_misses"": 0, ""compact_model_numeric_terms"": 0, ""model_attempts"": 0, ""model_documents"": 0, ""model_documents_attempted"": 0, ""parsed_documents"": 0, ""semantic_retries"": 0, ""source_documents"": 157, ""submitted_document_exposures"": 0, ""tool_derived_metadata_rules"": 0, ""verified_documents"": 157}",[],True,,False,0,,,,
parser_no_recovery,B4__feed_gap__seed29__origin0,B4,feed_gap,29,0,1869,B4-feed_gap-seed29-origin0:day1869,51c8ba13d59dc53ca79d80af374ebeaa55ed409b20fd5c18fbf7be25d1dbad59,executed,False,True,105.1067799988985,36.0,34.0,176.0,0,False,0,0,0,0,0,"{""pre_http_starts"": 0, ""paired_results"": 0, ""pairs"": []}",157,0,True,stochastic_milp,True,0,0.00015708094423219277,True,1.2329141139998685,[],"{""cache_enabled"": true, ""cache_path"": ""/workspace/MasterDissertation/results/v2_pilot/evaluation_verified_cache"", ""compact_output"": true, ""enabled"": true, ""expose_source_inventory"": true, ""llm_critic"": false, ""llm_numeric_routing"": false, ""llm_recovery_selection"": true, ""semantic_retries"": 1, ""state_recovery"": false}","{""cache_hits"": 157, ""cache_misses"": 0, ""compact_model_numeric_terms"": 0, ""model_attempts"": 0, ""model_documents"": 0, ""model_documents_attempted"": 0, ""parsed_documents"": 0, ""semantic_retries"": 0, ""source_documents"": 157, ""submitted_document_exposures"": 0, ""tool_derived_metadata_rules"": 0, ""verified_documents"": 157}",[],True,,False,0,,,,
parser_no_recovery,B4__feed_gap__seed29__origin0,B4,feed_gap,29,0,1870,B4-feed_gap-seed29-origin0:day1870,97ce8ccef460d739c4c5b66f1e13d1f1aa406a95a0426243b5542e574111c6f6,executed,False,True,45.93668996876478,34.0,34.0,197.0,0,False,0,0,0,0,0,"{""pre_http_starts"": 0, ""paired_results"": 0, ""pairs"": []}",157,0,True,stochastic_milp,True,0,0.0007851363889034444,True,3.262909947003209,[],"{""cache_enabled"": true, ""cache_path"": ""/workspace/MasterDissertation/results/v2_pilot/evaluation_verified_cache"", ""compact_output"": true, ""enabled"": true, ""expose_source_inventory"": true, ""llm_critic"": false, ""llm_numeric_routing"": false, ""llm_recovery_selection"": true, ""semantic_retries"": 1, ""state_recovery"": false}","{""cache_hits"": 157, ""cache_misses"": 0, ""compact_model_numeric_terms"": 0, ""model_attempts"": 0, ""model_documents"": 0, ""model_documents_attempted"": 0, ""parsed_documents"": 0, ""semantic_retries"": 0, ""source_documents"": 157, ""submitted_document_exposures"": 0, ""tool_derived_metadata_rules"": 0, ""verified_documents"": 157}",[],True,,False,0,,,,
parser_no_recovery,B4__feed_gap__seed29__origin0,B4,feed_gap,29,0,1871,B4-feed_gap-seed29-origin0:day1871,b24706e89940e54bea1d84093dd4dbe3470f2fe4b1cf4c14f0cee3ea19a87909,executed,False,True,52.59060496336222,38.0,37.0,230.0,0,False,0,0,0,0,0,"{""pre_http_starts"": 0, ""paired_results"": 0, ""pairs"": []}",157,0,True,stochastic_milp,True,0,0.00011516378098714419,True,2.9878574699978344,[],"{""cache_enabled"": true, ""cache_path"": ""/workspace/MasterDissertation/results/v2_pilot/evaluation_verified_cache"", ""compact_output"": true, ""enabled"": true, ""expose_source_inventory"": true, ""llm_critic"": false, ""llm_numeric_routing"": false, ""llm_recovery_selection"": true, ""semantic_retries"": 1, ""state_recovery"": false}","{""cache_hits"": 157, ""cache_misses"": 0, ""compact_model_numeric_terms"": 0, ""model_attempts"": 0, ""model_documents"": 0, ""model_documents_attempted"": 0, ""parsed_documents"": 0, ""semantic_retries"": 0, ""source_documents"": 157, ""submitted_document_exposures"": 0, ""tool_derived_metadata_rules"": 0, ""verified_documents"": 157}",[],True,,False,0,,,,
parser_no_recovery,B4__capacity_cut__seed13__origin0,B4,capacity_cut,13,0,1858,B4-capacity_cut-seed13-origin0:day1858,73d5bc341c0312b55c3b7478371f682f9b22dcd8b28c663adfdfef69fc8ed5cf,executed,False,True,32.11827002614737,28.0,27.0,258.0,0,False,0,0,0,0,0,"{""pre_http_starts"": 0, ""paired_results"": 0, ""pairs"": []}",157,0,True,stochastic_milp,True,0,0.000977720140421123,True,1.6643695639977525,[],"{""cache_enabled"": true, ""cache_path"": ""/workspace/MasterDissertation/results/v2_pilot/evaluation_verified_cache"", ""compact_output"": true, ""enabled"": true, ""expose_source_inventory"": true, ""llm_critic"": false, ""llm_numeric_routing"": false, ""llm_recovery_selection"": true, ""semantic_retries"": 1, ""state_recovery"": false}","{""cache_hits"": 157, ""cache_misses"": 0, ""compact_model_numeric_terms"": 0, ""model_attempts"": 0, ""model_documents"": 0, ""model_documents_attempted"": 0, ""parsed_documents"": 0, ""semantic_retries"": 0, ""source_documents"": 157, ""submitted_document_exposures"": 0, ""tool_derived_metadata_rules"": 0, ""verified_documents"": 157}",[],True,,False,0,,,,
parser_no_recovery,B4__capacity_cut__seed13__origin0,B4,capacity_cut,13,0,1859,B4-capacity_cut-seed13-origin0:day1859,b43b901d350dc2f2f75b5800e6fd93cb699740a3b0cc82c8cd8b4cebfc99c5c5,executed,False,True,78.06128505182267,22.0,20.0,254.0,0,False,0,0,0,0,0,"{""pre_http_starts"": 0, ""paired_results"": 0, ""pairs"": []}",157,0,True,stochastic_milp,True,0,0.0009930932057834326,True,1.6737570250006684,[],"{""cache_enabled"": true, ""cache_path"": ""/workspace/MasterDissertation/results/v2_pilot/evaluation_verified_cache"", ""compact_output"": true, ""enabled"": true, ""expose_source_inventory"": true, ""llm_critic"": false, ""llm_numeric_routing"": false, ""llm_recovery_selection"": true, ""semantic_retries"": 1, ""state_recovery"": false}","{""cache_hits"": 157, ""cache_misses"": 0, ""compact_model_numeric_terms"": 0, ""model_attempts"": 0, ""model_documents"": 0, ""model_documents_attempted"": 0, ""parsed_documents"": 0, ""semantic_retries"": 0, ""source_documents"": 157, ""submitted_document_exposures"": 0, ""tool_derived_metadata_rules"": 0, ""verified_documents"": 157}",[],True,,False,0,,,,
parser_no_recovery,B4__capacity_cut__seed13__origin0,B4,capacity_cut,13,0,1860,B4-capacity_cut-seed13-origin0:day1860,b73a80c3a5ad134a2ed889fb796a5cb0f077fd18440677cea6cc51dcdec815fd,executed,False,True,39.31286990511418,41.0,40.0,218.0,0,False,0,0,0,0,0,"{""pre_http_starts"": 0, ""paired_results"": 0, ""pairs"": []}",157,0,True,stochastic_milp,True,0,0.0,True,1.079640282998298,[],"{""cache_enabled"": true, ""cache_path"": ""/workspace/MasterDissertation/results/v2_pilot/evaluation_verified_cache"", ""compact_output"": true, ""enabled"": true, ""expose_source_inventory"": true, ""llm_critic"": false, ""llm_numeric_routing"": false, ""llm_recovery_selection"": true, ""semantic_retries"": 1, ""state_recovery"": false}","{""cache_hits"": 157, ""cache_misses"": 0, ""compact_model_numeric_terms"": 0, ""model_attempts"": 0, ""model_documents"": 0, ""model_documents_attempted"": 0, ""parsed_documents"": 0, ""semantic_retries"": 0, ""source_documents"": 157, ""submitted_document_exposures"": 0, ""tool_derived_metadata_rules"": 0, ""verified_documents"": 157}",[],True,,False,0,,,,
parser_no_recovery,B4__capacity_cut__seed13__origin0,B4,capacity_cut,13,0,1861,B4-capacity_cut-seed13-origin0:day1861,5bd510ded05d5b0abbfb7da12ad7cf18922316e1e601ce0c27b64280490eb5fe,executed,False,True,15.348450001180172,23.0,23.0,214.0,0,False,0,0,0,0,0,"{""pre_http_starts"": 0, ""paired_results"": 0, ""pairs"": []}",157,0,True,stochastic_milp,True,0,0.00016443060687554862,True,1.003840587000013,[],"{""cache_enabled"": true, ""cache_path"": ""/workspace/MasterDissertation/results/v2_pilot/evaluation_verified_cache"", ""compact_output"": true, ""enabled"": true, ""expose_source_inventory"": true, ""llm_critic"": false, ""llm_numeric_routing"": false, ""llm_recovery_selection"": true, ""semantic_retries"": 1, ""state_recovery"": false}","{""cache_hits"": 157, ""cache_misses"": 0, ""compact_model_numeric_terms"": 0, ""model_attempts"": 0, ""model_documents"": 0, ""model_documents_attempted"": 0, ""parsed_documents"": 0, ""semantic_retries"": 0, ""source_documents"": 157, ""submitted_document_exposures"": 0, ""tool_derived_metadata_rules"": 0, ""verified_documents"": 157}",[],True,,False,0,,,,
parser_no_recovery,B4__capacity_cut__seed13__origin0,B4,capacity_cut,13,0,1862,B4-capacity_cut-seed13-origin0:day1862,90262c735f4c3f29b215a92c2cd5913f8edfce901cfd8a85ff91a2587b76f2e9,executed,False,True,90.05754506522418,35.0,35.0,207.0,0,False,0,0,0,0,0,"{""pre_http_starts"": 0, ""paired_results"": 0, ""pairs"": []}",157,0,True,stochastic_milp,True,0,0.0009654206072731227,True,1.403401466002833,[],"{""cache_enabled"": true, ""cache_path"": ""/workspace/MasterDissertation/results/v2_pilot/evaluation_verified_cache"", ""compact_output"": true, ""enabled"": true, ""expose_source_inventory"": true, ""llm_critic"": false, ""llm_numeric_routing"": false, ""llm_recovery_selection"": true, ""semantic_retries"": 1, ""state_recovery"": false}","{""cache_hits"": 154, ""cache_misses"": 3, ""compact_model_numeric_terms"": 0, ""model_attempts"": 0, ""model_documents"": 0, ""model_documents_attempted"": 0, ""parsed_documents"": 3, ""semantic_retries"": 0, ""source_documents"": 157, ""submitted_document_exposures"": 0, ""tool_derived_metadata_rules"": 0, ""verified_documents"": 157}",[],True,,False,0,,,,
parser_no_recovery,B4__capacity_cut__seed13__origin0,B4,capacity_cut,13,0,1863,B4-capacity_cut-seed13-origin0:day1863,47774af50e7ff9aba639ab7f47fb2e9421a377378ada8a7470e599878a8753d9,executed,False,True,57.48780481243134,50.0,50.0,159.0,0,False,0,0,0,0,0,"{""pre_http_starts"": 0, ""paired_results"": 0, ""pairs"": []}",157,0,True,stochastic_milp,True,0,0.0009933291519870604,True,4.41821802600316,[],"{""cache_enabled"": true, ""cache_path"": ""/workspace/MasterDissertation/results/v2_pilot/evaluation_verified_cache"", ""compact_output"": true, ""enabled"": true, ""expose_source_inventory"": true, ""llm_critic"": false, ""llm_numeric_routing"": false, ""llm_recovery_selection"": true, ""semantic_retries"": 1, ""state_recovery"": false}","{""cache_hits"": 154, ""cache_misses"": 3, ""compact_model_numeric_terms"": 0, ""model_attempts"": 0, ""model_documents"": 0, ""model_documents_attempted"": 0, ""parsed_documents"": 3, ""semantic_retries"": 0, ""source_documents"": 157, ""submitted_document_exposures"": 0, ""tool_derived_metadata_rules"": 0, ""verified_documents"": 157}",[],True,,False,0,,,,
parser_no_recovery,B4__capacity_cut__seed13__origin0,B4,capacity_cut,13,0,1864,B4-capacity_cut-seed13-origin0:day1864,f42afff23d2d3a526cc3253bff046d5a8ada9091fd144f040c3e890b4d0df798,executed,False,True,72.36682514280082,32.0,27.0,171.0,0,True,0,0,0,0,0,"{""pre_http_starts"": 0, ""paired_results"": 0, ""pairs"": []}",157,0,True,stochastic_milp,True,0,0.0007602960889313556,True,2.092301986998791,[],"{""cache_enabled"": true, ""cache_path"": ""/workspace/MasterDissertation/results/v2_pilot/evaluation_verified_cache"", ""compact_output"": true, ""enabled"": true, ""expose_source_inventory"": true, ""llm_critic"": false, ""llm_numeric_routing"": false, ""llm_recovery_selection"": true, ""semantic_retries"": 1, ""state_recovery"": false}","{""cache_hits"": 154, ""cache_misses"": 3, ""compact_model_numeric_terms"": 0, ""model_attempts"": 0, ""model_documents"": 0, ""model_documents_attempted"": 0, ""parsed_documents"": 3, ""semantic_retries"": 0, ""source_documents"": 157, ""submitted_document_exposures"": 0, ""tool_derived_metadata_rules"": 0, ""verified_documents"": 157}",[],True,,False,0,,,,
parser_no_recovery,B4__capacity_cut__seed13__origin0,B4,capacity_cut,13,0,1865,B4-capacity_cut-seed13-origin0:day1865,9225fe8f77dde8ab2df662886baf639519e518046bb759995d22e8ac26d276a1,executed,False,True,68.08152000188828,31.0,30.0,183.0,0,False,0,0,0,0,0,"{""pre_http_starts"": 0, ""paired_results"": 0, ""pairs"": []}",157,0,True,stochastic_milp,True,0,0.0008379330694272196,True,1.3406456199991226,[],"{""cache_enabled"": true, ""cache_path"": ""/workspace/MasterDissertation/results/v2_pilot/evaluation_verified_cache"", ""compact_output"": true, ""enabled"": true, ""expose_source_inventory"": true, ""llm_critic"": false, ""llm_numeric_routing"": false, ""llm_recovery_selection"": true, ""semantic_retries"": 1, ""state_recovery"": false}","{""cache_hits"": 154, ""cache_misses"": 3, ""compact_model_numeric_terms"": 0, ""model_attempts"": 0, ""model_documents"": 0, ""model_documents_attempted"": 0, ""parsed_documents"": 3, ""semantic_retries"": 0, ""source_documents"": 157, ""submitted_document_exposures"": 0, ""tool_derived_metadata_rules"": 0, ""verified_documents"": 157}",[],True,,False,0,,,,
parser_no_recovery,B4__capacity_cut__seed13__origin0,B4,capacity_cut,13,0,1866,B4-capacity_cut-seed13-origin0:day1866,75a3b6b588ac23841221d0877466347fa5a190c604c0d5c18d69019cd5bf2657,executed,False,True,80.63557993674279,31.0,25.0,219.0,0,False,0,0,0,0,0,"{""pre_http_starts"": 0, ""paired_results"": 0, ""pairs"": []}",157,0,True,stochastic_milp,True,0,0.000864199423544455,True,1.648665967000852,[],"{""cache_enabled"": true, ""cache_path"": ""/workspace/MasterDissertation/results/v2_pilot/evaluation_verified_cache"", ""compact_output"": true, ""enabled"": true, ""expose_source_inventory"": true, ""llm_critic"": false, ""llm_numeric_routing"": false, ""llm_recovery_selection"": true, ""semantic_retries"": 1, ""state_recovery"": false}","{""cache_hits"": 154, ""cache_misses"": 3, ""compact_model_numeric_terms"": 0, ""model_attempts"": 0, ""model_documents"": 0, ""model_documents_attempted"": 0, ""parsed_documents"": 3, ""semantic_retries"": 0, ""source_documents"": 157, ""submitted_document_exposures"": 0, ""tool_derived_metadata_rules"": 0, ""verified_documents"": 157}",[],True,,False,0,,,,
parser_no_recovery,B4__capacity_cut__seed13__origin0,B4,capacity_cut,13,0,1867,B4-capacity_cut-seed13-origin0:day1867,0835af43ac0afabd4776ba58f91c6bdcd09b2c1b4b504423e426bdab5e0f4a84,executed,False,True,45.68817000031471,22.0,22.0,205.0,0,False,0,0,0,0,0,"{""pre_http_starts"": 0, ""paired_results"": 0, ""pairs"": []}",157,0,True,stochastic_milp,True,0,0.0009732502333960195,True,1.2499523950027651,[],"{""cache_enabled"": true, ""cache_path"": ""/workspace/MasterDissertation/results/v2_pilot/evaluation_verified_cache"", ""compact_output"": true, ""enabled"": true, ""expose_source_inventory"": true, ""llm_critic"": false, ""llm_numeric_routing"": false, ""llm_recovery_selection"": true, ""semantic_retries"": 1, ""state_recovery"": false}","{""cache_hits"": 154, ""cache_misses"": 3, ""compact_model_numeric_terms"": 0, ""model_attempts"": 0, ""model_documents"": 0, ""model_documents_attempted"": 0, ""parsed_documents"": 3, ""semantic_retries"": 0, ""source_documents"": 157, ""submitted_document_exposures"": 0, ""tool_derived_metadata_rules"": 0, ""verified_documents"": 157}",[],True,,False,0,,,,
parser_no_recovery,B4__capacity_cut__seed13__origin0,B4,capacity_cut,13,0,1868,B4-capacity_cut-seed13-origin0:day1868,624cd5bffc90d175098a87e275db86c7dcdf90763015272edb95575eaf7c2199,executed,False,True,40.23128981101513,27.0,27.0,212.0,0,False,0,0,0,0,0,"{""pre_http_starts"": 0, ""paired_results"": 0, ""pairs"": []}",157,0,True,stochastic_milp,True,0,0.0008261374654000909,True,1.6613291409994415,[],"{""cache_enabled"": true, ""cache_path"": ""/workspace/MasterDissertation/results/v2_pilot/evaluation_verified_cache"", ""compact_output"": true, ""enabled"": true, ""expose_source_inventory"": true, ""llm_critic"": false, ""llm_numeric_routing"": false, ""llm_recovery_selection"": true, ""semantic_retries"": 1, ""state_recovery"": false}","{""cache_hits"": 154, ""cache_misses"": 3, ""compact_model_numeric_terms"": 0, ""model_attempts"": 0, ""model_documents"": 0, ""model_documents_attempted"": 0, ""parsed_documents"": 3, ""semantic_retries"": 0, ""source_documents"": 157, ""submitted_document_exposures"": 0, ""tool_derived_metadata_rules"": 0, ""verified_documents"": 157}",[],True,,False,0,,,,
parser_no_recovery,B4__capacity_cut__seed13__origin0,B4,capacity_cut,13,0,1869,B4-capacity_cut-seed13-origin0:day1869,ecd29cf2e8290c7092a93cf2da1faa1002bfa91ae9ec644653a58260de5f2c80,executed,False,True,73.42248500055075,36.0,33.0,210.0,0,False,0,0,0,0,0,"{""pre_http_starts"": 0, ""paired_results"": 0, ""pairs"": []}",157,0,True,stochastic_milp,True,0,0.0006290843579821609,True,2.306256322997797,[],"{""cache_enabled"": true, ""cache_path"": ""/workspace/MasterDissertation/results/v2_pilot/evaluation_verified_cache"", ""compact_output"": true, ""enabled"": true, ""expose_source_inventory"": true, ""llm_critic"": false, ""llm_numeric_routing"": false, ""llm_recovery_selection"": true, ""semantic_retries"": 1, ""state_recovery"": false}","{""cache_hits"": 154, ""cache_misses"": 3, ""compact_model_numeric_terms"": 0, ""model_attempts"": 0, ""model_documents"": 0, ""model_documents_attempted"": 0, ""parsed_documents"": 3, ""semantic_retries"": 0, ""source_documents"": 157, ""submitted_document_exposures"": 0, ""tool_derived_metadata_rules"": 0, ""verified_documents"": 157}",[],True,,False,0,,,,
parser_no_recovery,B4__capacity_cut__seed13__origin0,B4,capacity_cut,13,0,1870,B4-capacity_cut-seed13-origin0:day1870,586f205eb7a6f3710a5fd5ab0655382b710b20dfd2b666a70dd721b134018b89,executed,False,True,24.452645001888275,34.0,34.0,186.0,0,False,0,0,0,0,0,"{""pre_http_starts"": 0, ""paired_results"": 0, ""pairs"": []}",157,0,True,stochastic_milp,True,0,0.0008796589117106651,True,1.4433463669993216,[],"{""cache_enabled"": true, ""cache_path"": ""/workspace/MasterDissertation/results/v2_pilot/evaluation_verified_cache"", ""compact_output"": true, ""enabled"": true, ""expose_source_inventory"": true, ""llm_critic"": false, ""llm_numeric_routing"": false, ""llm_recovery_selection"": true, ""semantic_retries"": 1, ""state_recovery"": false}","{""cache_hits"": 154, ""cache_misses"": 3, ""compact_model_numeric_terms"": 0, ""model_attempts"": 0, ""model_documents"": 0, ""model_documents_attempted"": 0, ""parsed_documents"": 3, ""semantic_retries"": 0, ""source_documents"": 157, ""submitted_document_exposures"": 0, ""tool_derived_metadata_rules"": 0, ""verified_documents"": 157}",[],True,,False,0,,,,
parser_no_recovery,B4__capacity_cut__seed13__origin0,B4,capacity_cut,13,0,1871,B4-capacity_cut-seed13-origin0:day1871,4eeb767eb9bd30a526ee375faafb9d4ff85abc4e327f02b4742e24e1a65b5dac,executed,False,True,33.10150493228436,38.0,37.0,178.0,0,False,0,0,0,0,0,"{""pre_http_starts"": 0, ""paired_results"": 0, ""pairs"": []}",157,0,True,stochastic_milp,True,0,3.1887196167309794e-16,True,2.1024639190000016,[],"{""cache_enabled"": true, ""cache_path"": ""/workspace/MasterDissertation/results/v2_pilot/evaluation_verified_cache"", ""compact_output"": true, ""enabled"": true, ""expose_source_inventory"": true, ""llm_critic"": false, ""llm_numeric_routing"": false, ""llm_recovery_selection"": true, ""semantic_retries"": 1, ""state_recovery"": false}","{""cache_hits"": 154, ""cache_misses"": 3, ""compact_model_numeric_terms"": 0, ""model_attempts"": 0, ""model_documents"": 0, ""model_documents_attempted"": 0, ""parsed_documents"": 3, ""semantic_retries"": 0, ""source_documents"": 157, ""submitted_document_exposures"": 0, ""tool_derived_metadata_rules"": 0, ""verified_documents"": 157}",[],True,,False,0,,,,
parser_no_recovery,B4__capacity_cut__seed29__origin0,B4,capacity_cut,29,0,1858,B4-capacity_cut-seed29-origin0:day1858,1746c29a2562efc367e1840cb15ff39abb0c7392b029e2e68295d721fba3f715,held,True,False,4.200570000708103,28.0,28.0,225.0,0,False,0,0,0,0,0,"{""pre_http_starts"": 0, ""paired_results"": 0, ""pairs"": []}",157,0,True,stochastic_milp,True,0,0.0005397835530322777,True,1.587802587000624,[],"{""cache_enabled"": true, ""cache_path"": ""/workspace/MasterDissertation/results/v2_pilot/evaluation_verified_cache"", ""compact_output"": true, ""enabled"": true, ""expose_source_inventory"": true, ""llm_critic"": false, ""llm_numeric_routing"": false, ""llm_recovery_selection"": true, ""semantic_retries"": 1, ""state_recovery"": false}","{""cache_hits"": 157, ""cache_misses"": 0, ""compact_model_numeric_terms"": 0, ""model_attempts"": 0, ""model_documents"": 0, ""model_documents_attempted"": 0, ""parsed_documents"": 0, ""semantic_retries"": 0, ""source_documents"": 157, ""submitted_document_exposures"": 0, ""tool_derived_metadata_rules"": 0, ""verified_documents"": 157}",[],True,,False,0,,,,
parser_no_recovery,B4__capacity_cut__seed29__origin0,B4,capacity_cut,29,0,1859,B4-capacity_cut-seed29-origin0:day1859,0e1f1e7e43d8428c38a6caf3297f7f4bc2e646f8f8344a6de0fefeb7d536b6b0,executed,False,True,110.90562993228436,22.0,21.0,171.0,0,False,0,0,0,0,0,"{""pre_http_starts"": 0, ""paired_results"": 0, ""pairs"": []}",157,0,True,stochastic_milp,True,0,0.0005087707639283103,True,1.0699850550008705,[],"{""cache_enabled"": true, ""cache_path"": ""/workspace/MasterDissertation/results/v2_pilot/evaluation_verified_cache"", ""compact_output"": true, ""enabled"": true, ""expose_source_inventory"": true, ""llm_critic"": false, ""llm_numeric_routing"": false, ""llm_recovery_selection"": true, ""semantic_retries"": 1, ""state_recovery"": false}","{""cache_hits"": 157, ""cache_misses"": 0, ""compact_model_numeric_terms"": 0, ""model_attempts"": 0, ""model_documents"": 0, ""model_documents_attempted"": 0, ""parsed_documents"": 0, ""semantic_retries"": 0, ""source_documents"": 157, ""submitted_document_exposures"": 0, ""tool_derived_metadata_rules"": 0, ""verified_documents"": 157}",[],True,,False,0,,,,
parser_no_recovery,B4__capacity_cut__seed29__origin0,B4,capacity_cut,29,0,1860,B4-capacity_cut-seed29-origin0:day1860,7cafe984cb855eff8adc50c3ca4fd601834192e29f1cda0e01f8c81d1c7cab3d,executed,False,True,47.53594002121688,41.0,41.0,165.0,0,False,0,0,0,0,0,"{""pre_http_starts"": 0, ""paired_results"": 0, ""pairs"": []}",157,0,True,stochastic_milp,True,0,0.00038345200022108585,True,1.0889488160028122,[],"{""cache_enabled"": true, ""cache_path"": ""/workspace/MasterDissertation/results/v2_pilot/evaluation_verified_cache"", ""compact_output"": true, ""enabled"": true, ""expose_source_inventory"": true, ""llm_critic"": false, ""llm_numeric_routing"": false, ""llm_recovery_selection"": true, ""semantic_retries"": 1, ""state_recovery"": false}","{""cache_hits"": 157, ""cache_misses"": 0, ""compact_model_numeric_terms"": 0, ""model_attempts"": 0, ""model_documents"": 0, ""model_documents_attempted"": 0, ""parsed_documents"": 0, ""semantic_retries"": 0, ""source_documents"": 157, ""submitted_document_exposures"": 0, ""tool_derived_metadata_rules"": 0, ""verified_documents"": 157}",[],True,,False,0,,,,
parser_no_recovery,B4__capacity_cut__seed29__origin0,B4,capacity_cut,29,0,1861,B4-capacity_cut-seed29-origin0:day1861,4c0668b8640d708827b786b75af939bb813174b2f50551ca673c21c5ab6f537e,executed,False,True,114.51260502630473,23.0,22.0,202.0,0,False,0,0,0,0,0,"{""pre_http_starts"": 0, ""paired_results"": 0, ""pairs"": []}",157,0,True,stochastic_milp,True,0,0.0007424113651313583,True,2.341820146000828,[],"{""cache_enabled"": true, ""cache_path"": ""/workspace/MasterDissertation/results/v2_pilot/evaluation_verified_cache"", ""compact_output"": true, ""enabled"": true, ""expose_source_inventory"": true, ""llm_critic"": false, ""llm_numeric_routing"": false, ""llm_recovery_selection"": true, ""semantic_retries"": 1, ""state_recovery"": false}","{""cache_hits"": 157, ""cache_misses"": 0, ""compact_model_numeric_terms"": 0, ""model_attempts"": 0, ""model_documents"": 0, ""model_documents_attempted"": 0, ""parsed_documents"": 0, ""semantic_retries"": 0, ""source_documents"": 157, ""submitted_document_exposures"": 0, ""tool_derived_metadata_rules"": 0, ""verified_documents"": 157}",[],True,,False,0,,,,
parser_no_recovery,B4__capacity_cut__seed29__origin0,B4,capacity_cut,29,0,1862,B4-capacity_cut-seed29-origin0:day1862,ea5cd9aba1abfe8d6f665030b79bd9aec0029cd6b7b96e1b9ec1af9cdbd15538,executed,False,True,45.82663974964618,35.0,35.0,218.0,0,False,0,0,0,0,0,"{""pre_http_starts"": 0, ""paired_results"": 0, ""pairs"": []}",157,0,True,stochastic_milp,True,0,0.0,True,1.1791232190007577,[],"{""cache_enabled"": true, ""cache_path"": ""/workspace/MasterDissertation/results/v2_pilot/evaluation_verified_cache"", ""compact_output"": true, ""enabled"": true, ""expose_source_inventory"": true, ""llm_critic"": false, ""llm_numeric_routing"": false, ""llm_recovery_selection"": true, ""semantic_retries"": 1, ""state_recovery"": false}","{""cache_hits"": 157, ""cache_misses"": 0, ""compact_model_numeric_terms"": 0, ""model_attempts"": 0, ""model_documents"": 0, ""model_documents_attempted"": 0, ""parsed_documents"": 0, ""semantic_retries"": 0, ""source_documents"": 157, ""submitted_document_exposures"": 0, ""tool_derived_metadata_rules"": 0, ""verified_documents"": 157}",[],True,,False,0,,,,
parser_no_recovery,B4__capacity_cut__seed29__origin0,B4,capacity_cut,29,0,1863,B4-capacity_cut-seed29-origin0:day1863,ef19fe646c2c982ff87c0e09ad6a6e565957240e4f2ea75b7889417e26fffa7c,executed,False,True,35.425360053002834,50.0,48.0,231.0,0,False,0,0,0,0,0,"{""pre_http_starts"": 0, ""paired_results"": 0, ""pairs"": []}",157,0,True,stochastic_milp,True,0,0.0006424047602981631,True,2.70388113199806,[],"{""cache_enabled"": true, ""cache_path"": ""/workspace/MasterDissertation/results/v2_pilot/evaluation_verified_cache"", ""compact_output"": true, ""enabled"": true, ""expose_source_inventory"": true, ""llm_critic"": false, ""llm_numeric_routing"": false, ""llm_recovery_selection"": true, ""semantic_retries"": 1, ""state_recovery"": false}","{""cache_hits"": 157, ""cache_misses"": 0, ""compact_model_numeric_terms"": 0, ""model_attempts"": 0, ""model_documents"": 0, ""model_documents_attempted"": 0, ""parsed_documents"": 0, ""semantic_retries"": 0, ""source_documents"": 157, ""submitted_document_exposures"": 0, ""tool_derived_metadata_rules"": 0, ""verified_documents"": 157}",[],True,,False,0,,,,
parser_no_recovery,B4__capacity_cut__seed29__origin0,B4,capacity_cut,29,0,1864,B4-capacity_cut-seed29-origin0:day1864,3757be5585663b6acf38e99cd4bf146ee988c32659b288342fb698101ff298be,executed,False,True,60.70162504196168,32.0,28.0,232.0,0,False,0,0,0,0,0,"{""pre_http_starts"": 0, ""paired_results"": 0, ""pairs"": []}",157,0,True,stochastic_milp,True,0,0.0009343737572056963,True,2.321777209999709,[],"{""cache_enabled"": true, ""cache_path"": ""/workspace/MasterDissertation/results/v2_pilot/evaluation_verified_cache"", ""compact_output"": true, ""enabled"": true, ""expose_source_inventory"": true, ""llm_critic"": false, ""llm_numeric_routing"": false, ""llm_recovery_selection"": true, ""semantic_retries"": 1, ""state_recovery"": false}","{""cache_hits"": 157, ""cache_misses"": 0, ""compact_model_numeric_terms"": 0, ""model_attempts"": 0, ""model_documents"": 0, ""model_documents_attempted"": 0, ""parsed_documents"": 0, ""semantic_retries"": 0, ""source_documents"": 157, ""submitted_document_exposures"": 0, ""tool_derived_metadata_rules"": 0, ""verified_documents"": 157}",[],True,,False,0,,,,
parser_no_recovery,B4__capacity_cut__seed29__origin0,B4,capacity_cut,29,0,1865,B4-capacity_cut-seed29-origin0:day1865,bed1e49ca50089532523a4094926a5577c10f9d59ae6b40fc24c44f7716f13ad,executed,False,True,72.18905986142158,31.0,31.0,222.0,0,False,0,0,0,0,0,"{""pre_http_starts"": 0, ""paired_results"": 0, ""pairs"": []}",157,0,True,stochastic_milp,True,0,0.000830547916787984,True,2.011651389002509,[],"{""cache_enabled"": true, ""cache_path"": ""/workspace/MasterDissertation/results/v2_pilot/evaluation_verified_cache"", ""compact_output"": true, ""enabled"": true, ""expose_source_inventory"": true, ""llm_critic"": false, ""llm_numeric_routing"": false, ""llm_recovery_selection"": true, ""semantic_retries"": 1, ""state_recovery"": false}","{""cache_hits"": 157, ""cache_misses"": 0, ""compact_model_numeric_terms"": 0, ""model_attempts"": 0, ""model_documents"": 0, ""model_documents_attempted"": 0, ""parsed_documents"": 0, ""semantic_retries"": 0, ""source_documents"": 157, ""submitted_document_exposures"": 0, ""tool_derived_metadata_rules"": 0, ""verified_documents"": 157}",[],True,,False,0,,,,
parser_no_recovery,B4__capacity_cut__seed29__origin0,B4,capacity_cut,29,0,1866,B4-capacity_cut-seed29-origin0:day1866,e626add3a2d7ffd0a2e31da6ef1a8afca657f2bfd4646948592677f3d275c83a,executed,False,True,76.50499999803304,31.0,25.0,206.0,0,False,0,0,0,0,0,"{""pre_http_starts"": 0, ""paired_results"": 0, ""pairs"": []}",157,0,True,stochastic_milp,True,0,0.0007079761370172424,True,1.5098935019996134,[],"{""cache_enabled"": true, ""cache_path"": ""/workspace/MasterDissertation/results/v2_pilot/evaluation_verified_cache"", ""compact_output"": true, ""enabled"": true, ""expose_source_inventory"": true, ""llm_critic"": false, ""llm_numeric_routing"": false, ""llm_recovery_selection"": true, ""semantic_retries"": 1, ""state_recovery"": false}","{""cache_hits"": 157, ""cache_misses"": 0, ""compact_model_numeric_terms"": 0, ""model_attempts"": 0, ""model_documents"": 0, ""model_documents_attempted"": 0, ""parsed_documents"": 0, ""semantic_retries"": 0, ""source_documents"": 157, ""submitted_document_exposures"": 0, ""tool_derived_metadata_rules"": 0, ""verified_documents"": 157}",[],True,,False,0,,,,
parser_no_recovery,B4__capacity_cut__seed29__origin0,B4,capacity_cut,29,0,1867,B4-capacity_cut-seed29-origin0:day1867,62da767ae62fa0cede921dbde1af9711be66c045e3950285288e141a7f0275ca,executed,False,True,44.85776502174139,22.0,21.0,239.0,0,False,0,0,0,0,0,"{""pre_http_starts"": 0, ""paired_results"": 0, ""pairs"": []}",157,0,True,stochastic_milp,True,0,0.00045857206761565816,True,3.1504242589981004,[],"{""cache_enabled"": true, ""cache_path"": ""/workspace/MasterDissertation/results/v2_pilot/evaluation_verified_cache"", ""compact_output"": true, ""enabled"": true, ""expose_source_inventory"": true, ""llm_critic"": false, ""llm_numeric_routing"": false, ""llm_recovery_selection"": true, ""semantic_retries"": 1, ""state_recovery"": false}","{""cache_hits"": 157, ""cache_misses"": 0, ""compact_model_numeric_terms"": 0, ""model_attempts"": 0, ""model_documents"": 0, ""model_documents_attempted"": 0, ""parsed_documents"": 0, ""semantic_retries"": 0, ""source_documents"": 157, ""submitted_document_exposures"": 0, ""tool_derived_metadata_rules"": 0, ""verified_documents"": 157}",[],True,,False,0,,,,
parser_no_recovery,B4__capacity_cut__seed29__origin0,B4,capacity_cut,29,0,1868,B4-capacity_cut-seed29-origin0:day1868,306e1e8b305d5e9bf91caa269b01398854cff186a8e1e31912a2dd1b1e4dee4a,executed,False,True,101.25528509706258,27.0,25.0,229.0,0,False,0,0,0,0,0,"{""pre_http_starts"": 0, ""paired_results"": 0, ""pairs"": []}",157,0,True,stochastic_milp,True,0,0.0009408578853071826,True,3.2760710360016674,[],"{""cache_enabled"": true, ""cache_path"": ""/workspace/MasterDissertation/results/v2_pilot/evaluation_verified_cache"", ""compact_output"": true, ""enabled"": true, ""expose_source_inventory"": true, ""llm_critic"": false, ""llm_numeric_routing"": false, ""llm_recovery_selection"": true, ""semantic_retries"": 1, ""state_recovery"": false}","{""cache_hits"": 157, ""cache_misses"": 0, ""compact_model_numeric_terms"": 0, ""model_attempts"": 0, ""model_documents"": 0, ""model_documents_attempted"": 0, ""parsed_documents"": 0, ""semantic_retries"": 0, ""source_documents"": 157, ""submitted_document_exposures"": 0, ""tool_derived_metadata_rules"": 0, ""verified_documents"": 157}",[],True,,False,0,,,,
parser_no_recovery,B4__capacity_cut__seed29__origin0,B4,capacity_cut,29,0,1869,B4-capacity_cut-seed29-origin0:day1869,533089333ad508a933eb4dd3f00cdb4381ef718445d7a8541b9b09806768ce2a,executed,False,True,27.766109998583797,36.0,36.0,219.0,0,False,0,0,0,0,0,"{""pre_http_starts"": 0, ""paired_results"": 0, ""pairs"": []}",157,0,True,stochastic_milp,True,0,0.00038493544294905893,True,1.405529109000781,[],"{""cache_enabled"": true, ""cache_path"": ""/workspace/MasterDissertation/results/v2_pilot/evaluation_verified_cache"", ""compact_output"": true, ""enabled"": true, ""expose_source_inventory"": true, ""llm_critic"": false, ""llm_numeric_routing"": false, ""llm_recovery_selection"": true, ""semantic_retries"": 1, ""state_recovery"": false}","{""cache_hits"": 157, ""cache_misses"": 0, ""compact_model_numeric_terms"": 0, ""model_attempts"": 0, ""model_documents"": 0, ""model_documents_attempted"": 0, ""parsed_documents"": 0, ""semantic_retries"": 0, ""source_documents"": 157, ""submitted_document_exposures"": 0, ""tool_derived_metadata_rules"": 0, ""verified_documents"": 157}",[],True,,False,0,,,,
parser_no_recovery,B4__capacity_cut__seed29__origin0,B4,capacity_cut,29,0,1870,B4-capacity_cut-seed29-origin0:day1870,22fbbbc10982a9aad2af6479506a4aa31850c1b98f8369c21d5972474f135f46,executed,False,True,37.50669999921322,34.0,34.0,226.0,0,False,0,0,0,0,0,"{""pre_http_starts"": 0, ""paired_results"": 0, ""pairs"": []}",157,0,True,stochastic_milp,True,1,0.025022416530240264,False,5.6612532250001095,[],"{""cache_enabled"": true, ""cache_path"": ""/workspace/MasterDissertation/results/v2_pilot/evaluation_verified_cache"", ""compact_output"": true, ""enabled"": true, ""expose_source_inventory"": true, ""llm_critic"": false, ""llm_numeric_routing"": false, ""llm_recovery_selection"": true, ""semantic_retries"": 1, ""state_recovery"": false}","{""cache_hits"": 157, ""cache_misses"": 0, ""compact_model_numeric_terms"": 0, ""model_attempts"": 0, ""model_documents"": 0, ""model_documents_attempted"": 0, ""parsed_documents"": 0, ""semantic_retries"": 0, ""source_documents"": 157, ""submitted_document_exposures"": 0, ""tool_derived_metadata_rules"": 0, ""verified_documents"": 157}",[],True,,False,0,,,,
parser_no_recovery,B4__capacity_cut__seed29__origin0,B4,capacity_cut,29,0,1871,B4-capacity_cut-seed29-origin0:day1871,2160952adef9f57bd58e254337cf13578c6b78ac516b548f1ffb1aada67a67ac,executed,False,True,80.58428992116451,38.0,37.0,223.0,0,False,0,0,0,0,0,"{""pre_http_starts"": 0, ""paired_results"": 0, ""pairs"": []}",157,0,True,stochastic_milp,True,0,0.0009281115455726599,True,2.5204677729998366,[],"{""cache_enabled"": true, ""cache_path"": ""/workspace/MasterDissertation/results/v2_pilot/evaluation_verified_cache"", ""compact_output"": true, ""enabled"": true, ""expose_source_inventory"": true, ""llm_critic"": false, ""llm_numeric_routing"": false, ""llm_recovery_selection"": true, ""semantic_retries"": 1, ""state_recovery"": false}","{""cache_hits"": 157, ""cache_misses"": 0, ""compact_model_numeric_terms"": 0, ""model_attempts"": 0, ""model_documents"": 0, ""model_documents_attempted"": 0, ""parsed_documents"": 0, ""semantic_retries"": 0, ""source_documents"": 157, ""submitted_document_exposures"": 0, ""tool_derived_metadata_rules"": 0, ""verified_documents"": 157}",[],True,,False,0,,,,
parser_recovery,B4__normal__seed13__origin0,B4,normal,13,0,1858,B4-normal-seed13-origin0:day1858,f2c219a5ca1462a5a6763d759f9ee3224051b5b1d14b49fb0bc8e719e6533854,executed,False,True,32.11827002614737,28.0,27.0,258.0,0,False,0,0,0,0,0,"{""pre_http_starts"": 0, ""paired_results"": 0, ""pairs"": []}",157,0,True,stochastic_milp,True,0,0.000977720140421123,True,2.006942935000552,[],"{""cache_enabled"": true, ""cache_path"": ""/workspace/MasterDissertation/results/v2_pilot/evaluation_verified_cache"", ""compact_output"": true, ""enabled"": true, ""expose_source_inventory"": true, ""llm_critic"": false, ""llm_numeric_routing"": false, ""llm_recovery_selection"": true, ""semantic_retries"": 1, ""state_recovery"": true}","{""cache_hits"": 0, ""cache_misses"": 157, ""compact_model_numeric_terms"": 0, ""model_attempts"": 0, ""model_documents"": 0, ""model_documents_attempted"": 0, ""parsed_documents"": 157, ""semantic_retries"": 0, ""source_documents"": 157, ""submitted_document_exposures"": 0, ""tool_derived_metadata_rules"": 0, ""verified_documents"": 157}",[],True,,False,0,,,,
parser_recovery,B4__normal__seed13__origin0,B4,normal,13,0,1859,B4-normal-seed13-origin0:day1859,79473219a696fd9f113d2bfdc65e6e7357865976106be13f255e545645e094c8,executed,False,True,78.06128505182267,22.0,20.0,254.0,0,False,0,0,0,0,0,"{""pre_http_starts"": 0, ""paired_results"": 0, ""pairs"": []}",157,0,True,stochastic_milp,True,0,0.0009930932057834326,True,2.0544433089999075,[],"{""cache_enabled"": true, ""cache_path"": ""/workspace/MasterDissertation/results/v2_pilot/evaluation_verified_cache"", ""compact_output"": true, ""enabled"": true, ""expose_source_inventory"": true, ""llm_critic"": false, ""llm_numeric_routing"": false, ""llm_recovery_selection"": true, ""semantic_retries"": 1, ""state_recovery"": true}","{""cache_hits"": 0, ""cache_misses"": 157, ""compact_model_numeric_terms"": 0, ""model_attempts"": 0, ""model_documents"": 0, ""model_documents_attempted"": 0, ""parsed_documents"": 157, ""semantic_retries"": 0, ""source_documents"": 157, ""submitted_document_exposures"": 0, ""tool_derived_metadata_rules"": 0, ""verified_documents"": 157}",[],True,,False,0,,,,
parser_recovery,B4__normal__seed13__origin0,B4,normal,13,0,1860,B4-normal-seed13-origin0:day1860,e5b562d66c3dc99ebb83ee13427fd2e04ff6586e3f8340adca972503e0ca9696,executed,False,True,39.31286990511418,41.0,40.0,218.0,0,False,0,0,0,0,0,"{""pre_http_starts"": 0, ""paired_results"": 0, ""pairs"": []}",157,0,True,stochastic_milp,True,0,0.0,True,1.467157891001989,[],"{""cache_enabled"": true, ""cache_path"": ""/workspace/MasterDissertation/results/v2_pilot/evaluation_verified_cache"", ""compact_output"": true, ""enabled"": true, ""expose_source_inventory"": true, ""llm_critic"": false, ""llm_numeric_routing"": false, ""llm_recovery_selection"": true, ""semantic_retries"": 1, ""state_recovery"": true}","{""cache_hits"": 0, ""cache_misses"": 157, ""compact_model_numeric_terms"": 0, ""model_attempts"": 0, ""model_documents"": 0, ""model_documents_attempted"": 0, ""parsed_documents"": 157, ""semantic_retries"": 0, ""source_documents"": 157, ""submitted_document_exposures"": 0, ""tool_derived_metadata_rules"": 0, ""verified_documents"": 157}",[],True,,False,0,,,,
parser_recovery,B4__normal__seed13__origin0,B4,normal,13,0,1861,B4-normal-seed13-origin0:day1861,0c6582c8ad3648e6b4ddaee41a02dda8bf944db926abb1a762ddede5b2346dac,executed,False,True,15.348450001180172,23.0,23.0,214.0,0,False,0,0,0,0,0,"{""pre_http_starts"": 0, ""paired_results"": 0, ""pairs"": []}",157,0,True,stochastic_milp,True,0,0.00016443060687554862,True,1.367791534998105,[],"{""cache_enabled"": true, ""cache_path"": ""/workspace/MasterDissertation/results/v2_pilot/evaluation_verified_cache"", ""compact_output"": true, ""enabled"": true, ""expose_source_inventory"": true, ""llm_critic"": false, ""llm_numeric_routing"": false, ""llm_recovery_selection"": true, ""semantic_retries"": 1, ""state_recovery"": true}","{""cache_hits"": 0, ""cache_misses"": 157, ""compact_model_numeric_terms"": 0, ""model_attempts"": 0, ""model_documents"": 0, ""model_documents_attempted"": 0, ""parsed_documents"": 157, ""semantic_retries"": 0, ""source_documents"": 157, ""submitted_document_exposures"": 0, ""tool_derived_metadata_rules"": 0, ""verified_documents"": 157}",[],True,,False,0,,,,
parser_recovery,B4__normal__seed13__origin0,B4,normal,13,0,1862,B4-normal-seed13-origin0:day1862,81bc6a2749d7dc565dbd869a61df9c523fab9c5f35b79ebf159ce5f16ddeeadd,executed,False,True,90.05754506522418,35.0,35.0,207.0,0,False,0,0,0,0,0,"{""pre_http_starts"": 0, ""paired_results"": 0, ""pairs"": []}",157,0,True,stochastic_milp,True,0,0.0009993484682301783,True,2.089756213001237,[],"{""cache_enabled"": true, ""cache_path"": ""/workspace/MasterDissertation/results/v2_pilot/evaluation_verified_cache"", ""compact_output"": true, ""enabled"": true, ""expose_source_inventory"": true, ""llm_critic"": false, ""llm_numeric_routing"": false, ""llm_recovery_selection"": true, ""semantic_retries"": 1, ""state_recovery"": true}","{""cache_hits"": 0, ""cache_misses"": 157, ""compact_model_numeric_terms"": 0, ""model_attempts"": 0, ""model_documents"": 0, ""model_documents_attempted"": 0, ""parsed_documents"": 157, ""semantic_retries"": 0, ""source_documents"": 157, ""submitted_document_exposures"": 0, ""tool_derived_metadata_rules"": 0, ""verified_documents"": 157}",[],True,,False,0,,,,
parser_recovery,B4__normal__seed13__origin0,B4,normal,13,0,1863,B4-normal-seed13-origin0:day1863,2d78a1fc343e4ea1ca80520ea7e0bd87e857183a986e56648d975034d9fee548,executed,False,True,58.62312481313944,50.0,50.0,155.0,0,False,0,0,0,0,0,"{""pre_http_starts"": 0, ""paired_results"": 0, ""pairs"": []}",157,0,True,stochastic_milp,True,0,0.0008578499382019955,True,3.337437466998381,[],"{""cache_enabled"": true, ""cache_path"": ""/workspace/MasterDissertation/results/v2_pilot/evaluation_verified_cache"", ""compact_output"": true, ""enabled"": true, ""expose_source_inventory"": true, ""llm_critic"": false, ""llm_numeric_routing"": false, ""llm_recovery_selection"": true, ""semantic_retries"": 1, ""state_recovery"": true}","{""cache_hits"": 0, ""cache_misses"": 157, ""compact_model_numeric_terms"": 0, ""model_attempts"": 0, ""model_documents"": 0, ""model_documents_attempted"": 0, ""parsed_documents"": 157, ""semantic_retries"": 0, ""source_documents"": 157, ""submitted_document_exposures"": 0, ""tool_derived_metadata_rules"": 0, ""verified_documents"": 157}",[],True,,False,0,,,,
parser_recovery,B4__normal__seed13__origin0,B4,normal,13,0,1864,B4-normal-seed13-origin0:day1864,853e2dfc8ea4e69a952a5380648d4ab0bc56251de8fc02808b2c3e65a517238d,executed,False,True,71.51088014209272,32.0,27.0,174.0,0,False,0,0,0,0,0,"{""pre_http_starts"": 0, ""paired_results"": 0, ""pairs"": []}",157,0,True,stochastic_milp,True,0,0.0007089162844531263,True,3.2812991040009365,[],"{""cache_enabled"": true, ""cache_path"": ""/workspace/MasterDissertation/results/v2_pilot/evaluation_verified_cache"", ""compact_output"": true, ""enabled"": true, ""expose_source_inventory"": true, ""llm_critic"": false, ""llm_numeric_routing"": false, ""llm_recovery_selection"": true, ""semantic_retries"": 1, ""state_recovery"": true}","{""cache_hits"": 0, ""cache_misses"": 157, ""compact_model_numeric_terms"": 0, ""model_attempts"": 0, ""model_documents"": 0, ""model_documents_attempted"": 0, ""parsed_documents"": 157, ""semantic_retries"": 0, ""source_documents"": 157, ""submitted_document_exposures"": 0, ""tool_derived_metadata_rules"": 0, ""verified_documents"": 157}",[],True,,False,0,,,,
parser_recovery,B4__normal__seed13__origin0,B4,normal,13,0,1865,B4-normal-seed13-origin0:day1865,31b0d3ef73157389200f5d374a2c8a1ad6f620bdb43c7fcb4434ca69e0578edf,executed,False,True,78.82722500157357,31.0,28.0,186.0,0,False,0,0,0,0,0,"{""pre_http_starts"": 0, ""paired_results"": 0, ""pairs"": []}",157,0,True,stochastic_milp,True,0,0.0004091300927370984,True,2.347803633001604,[],"{""cache_enabled"": true, ""cache_path"": ""/workspace/MasterDissertation/results/v2_pilot/evaluation_verified_cache"", ""compact_output"": true, ""enabled"": true, ""expose_source_inventory"": true, ""llm_critic"": false, ""llm_numeric_routing"": false, ""llm_recovery_selection"": true, ""semantic_retries"": 1, ""state_recovery"": true}","{""cache_hits"": 0, ""cache_misses"": 157, ""compact_model_numeric_terms"": 0, ""model_attempts"": 0, ""model_documents"": 0, ""model_documents_attempted"": 0, ""parsed_documents"": 157, ""semantic_retries"": 0, ""source_documents"": 157, ""submitted_document_exposures"": 0, ""tool_derived_metadata_rules"": 0, ""verified_documents"": 157}",[],True,,False,0,,,,
parser_recovery,B4__normal__seed13__origin0,B4,normal,13,0,1866,B4-normal-seed13-origin0:day1866,a36914d8dedadb55ea2809d2bb907d6df86cb24204813a48a68160ce2c112965,executed,False,True,85.61989493697882,31.0,24.0,224.0,0,False,0,0,0,0,0,"{""pre_http_starts"": 0, ""paired_results"": 0, ""pairs"": []}",157,0,True,stochastic_milp,True,0,0.0009361580622089923,True,1.9229650209999816,[],"{""cache_enabled"": true, ""cache_path"": ""/workspace/MasterDissertation/results/v2_pilot/evaluation_verified_cache"", ""compact_output"": true, ""enabled"": true, ""expose_source_inventory"": true, ""llm_critic"": false, ""llm_numeric_routing"": false, ""llm_recovery_selection"": true, ""semantic_retries"": 1, ""state_recovery"": true}","{""cache_hits"": 0, ""cache_misses"": 157, ""compact_model_numeric_terms"": 0, ""model_attempts"": 0, ""model_documents"": 0, ""model_documents_attempted"": 0, ""parsed_documents"": 157, ""semantic_retries"": 0, ""source_documents"": 157, ""submitted_document_exposures"": 0, ""tool_derived_metadata_rules"": 0, ""verified_documents"": 157}",[],True,,False,0,,,,
parser_recovery,B4__normal__seed13__origin0,B4,normal,13,0,1867,B4-normal-seed13-origin0:day1867,fefd87457af912dfd382beafeb9dcd57c4fb5983a333202689043d422870b70d,executed,False,True,47.82927502661944,22.0,21.0,205.0,0,False,0,0,0,0,0,"{""pre_http_starts"": 0, ""paired_results"": 0, ""pairs"": []}",157,0,True,stochastic_milp,True,0,0.0008764843050864547,True,1.9796070009979303,[],"{""cache_enabled"": true, ""cache_path"": ""/workspace/MasterDissertation/results/v2_pilot/evaluation_verified_cache"", ""compact_output"": true, ""enabled"": true, ""expose_source_inventory"": true, ""llm_critic"": false, ""llm_numeric_routing"": false, ""llm_recovery_selection"": true, ""semantic_retries"": 1, ""state_recovery"": true}","{""cache_hits"": 0, ""cache_misses"": 157, ""compact_model_numeric_terms"": 0, ""model_attempts"": 0, ""model_documents"": 0, ""model_documents_attempted"": 0, ""parsed_documents"": 157, ""semantic_retries"": 0, ""source_documents"": 157, ""submitted_document_exposures"": 0, ""tool_derived_metadata_rules"": 0, ""verified_documents"": 157}",[],True,,False,0,,,,
parser_recovery,B4__normal__seed13__origin0,B4,normal,13,0,1868,B4-normal-seed13-origin0:day1868,8a86221e955575e473c73f450d6941374f1d36dae982e3bd87311b9aca87c0e2,executed,False,True,21.58790000039339,27.0,27.0,218.0,0,False,0,0,0,0,0,"{""pre_http_starts"": 0, ""paired_results"": 0, ""pairs"": []}",157,0,True,stochastic_milp,True,0,0.0,True,1.3065833389991894,[],"{""cache_enabled"": true, ""cache_path"": ""/workspace/MasterDissertation/results/v2_pilot/evaluation_verified_cache"", ""compact_output"": true, ""enabled"": true, ""expose_source_inventory"": true, ""llm_critic"": false, ""llm_numeric_routing"": false, ""llm_recovery_selection"": true, ""semantic_retries"": 1, ""state_recovery"": true}","{""cache_hits"": 0, ""cache_misses"": 157, ""compact_model_numeric_terms"": 0, ""model_attempts"": 0, ""model_documents"": 0, ""model_documents_attempted"": 0, ""parsed_documents"": 157, ""semantic_retries"": 0, ""source_documents"": 157, ""submitted_document_exposures"": 0, ""tool_derived_metadata_rules"": 0, ""verified_documents"": 157}",[],True,,False,0,,,,
parser_recovery,B4__normal__seed13__origin0,B4,normal,13,0,1869,B4-normal-seed13-origin0:day1869,03f9765ba6c7491c687d48d5e6246eb1ce4e42e259feafe0a56a013a2b3dfb6d,executed,False,True,60.06421971786023,36.0,36.0,201.0,0,False,0,0,0,0,0,"{""pre_http_starts"": 0, ""paired_results"": 0, ""pairs"": []}",157,0,True,stochastic_milp,True,0,5.302112587423604e-05,True,4.84479330600152,[],"{""cache_enabled"": true, ""cache_path"": ""/workspace/MasterDissertation/results/v2_pilot/evaluation_verified_cache"", ""compact_output"": true, ""enabled"": true, ""expose_source_inventory"": true, ""llm_critic"": false, ""llm_numeric_routing"": false, ""llm_recovery_selection"": true, ""semantic_retries"": 1, ""state_recovery"": true}","{""cache_hits"": 0, ""cache_misses"": 157, ""compact_model_numeric_terms"": 0, ""model_attempts"": 0, ""model_documents"": 0, ""model_documents_attempted"": 0, ""parsed_documents"": 157, ""semantic_retries"": 0, ""source_documents"": 157, ""submitted_document_exposures"": 0, ""tool_derived_metadata_rules"": 0, ""verified_documents"": 157}",[],True,,False,0,,,,
parser_recovery,B4__normal__seed13__origin0,B4,normal,13,0,1870,B4-normal-seed13-origin0:day1870,c42745c1dd7e8734a9866aa1a8f97ea8948d28dfffd1652fdd23ff52ac8c8460,executed,False,True,59.64250000196695,34.0,34.0,183.0,0,False,0,0,0,0,0,"{""pre_http_starts"": 0, ""paired_results"": 0, ""pairs"": []}",157,0,True,stochastic_milp,True,0,0.0,True,1.6529360589993305,[],"{""cache_enabled"": true, ""cache_path"": ""/workspace/MasterDissertation/results/v2_pilot/evaluation_verified_cache"", ""compact_output"": true, ""enabled"": true, ""expose_source_inventory"": true, ""llm_critic"": false, ""llm_numeric_routing"": false, ""llm_recovery_selection"": true, ""semantic_retries"": 1, ""state_recovery"": true}","{""cache_hits"": 0, ""cache_misses"": 157, ""compact_model_numeric_terms"": 0, ""model_attempts"": 0, ""model_documents"": 0, ""model_documents_attempted"": 0, ""parsed_documents"": 157, ""semantic_retries"": 0, ""source_documents"": 157, ""submitted_document_exposures"": 0, ""tool_derived_metadata_rules"": 0, ""verified_documents"": 157}",[],True,,False,0,,,,
parser_recovery,B4__normal__seed13__origin0,B4,normal,13,0,1871,B4-normal-seed13-origin0:day1871,61d13f892bbcb798b354224a48bd00cf09de10838b71683da767b9cf6390affd,executed,False,True,22.112420002281663,38.0,38.0,162.0,0,False,0,0,0,0,0,"{""pre_http_starts"": 0, ""paired_results"": 0, ""pairs"": []}",157,0,True,stochastic_milp,True,0,2.436988150400591e-16,True,1.637823125001887,[],"{""cache_enabled"": true, ""cache_path"": ""/workspace/MasterDissertation/results/v2_pilot/evaluation_verified_cache"", ""compact_output"": true, ""enabled"": true, ""expose_source_inventory"": true, ""llm_critic"": false, ""llm_numeric_routing"": false, ""llm_recovery_selection"": true, ""semantic_retries"": 1, ""state_recovery"": true}","{""cache_hits"": 0, ""cache_misses"": 157, ""compact_model_numeric_terms"": 0, ""model_attempts"": 0, ""model_documents"": 0, ""model_documents_attempted"": 0, ""parsed_documents"": 157, ""semantic_retries"": 0, ""source_documents"": 157, ""submitted_document_exposures"": 0, ""tool_derived_metadata_rules"": 0, ""verified_documents"": 157}",[],True,,False,0,,,,
parser_recovery,B4__normal__seed29__origin0,B4,normal,29,0,1858,B4-normal-seed29-origin0:day1858,ce89ea47f2e99148b7ab01921225a9ff1a60b74a232daad943843cef33cb73f4,held,True,False,4.200570000708103,28.0,28.0,225.0,0,False,0,0,0,0,0,"{""pre_http_starts"": 0, ""paired_results"": 0, ""pairs"": []}",157,0,True,stochastic_milp,True,0,0.0005397835530322777,True,1.8018482869993024,[],"{""cache_enabled"": true, ""cache_path"": ""/workspace/MasterDissertation/results/v2_pilot/evaluation_verified_cache"", ""compact_output"": true, ""enabled"": true, ""expose_source_inventory"": true, ""llm_critic"": false, ""llm_numeric_routing"": false, ""llm_recovery_selection"": true, ""semantic_retries"": 1, ""state_recovery"": true}","{""cache_hits"": 67, ""cache_misses"": 90, ""compact_model_numeric_terms"": 0, ""model_attempts"": 0, ""model_documents"": 0, ""model_documents_attempted"": 0, ""parsed_documents"": 90, ""semantic_retries"": 0, ""source_documents"": 157, ""submitted_document_exposures"": 0, ""tool_derived_metadata_rules"": 0, ""verified_documents"": 157}",[],True,,False,0,,,,
parser_recovery,B4__normal__seed29__origin0,B4,normal,29,0,1859,B4-normal-seed29-origin0:day1859,e6ada48970a2109aca0cf1af594cd9b9a85ce10f2e785b092620438e8b0e4db1,executed,False,True,110.90562993228436,22.0,21.0,171.0,0,False,0,0,0,0,0,"{""pre_http_starts"": 0, ""paired_results"": 0, ""pairs"": []}",157,0,True,stochastic_milp,True,0,0.0005087707639283103,True,1.335210215002007,[],"{""cache_enabled"": true, ""cache_path"": ""/workspace/MasterDissertation/results/v2_pilot/evaluation_verified_cache"", ""compact_output"": true, ""enabled"": true, ""expose_source_inventory"": true, ""llm_critic"": false, ""llm_numeric_routing"": false, ""llm_recovery_selection"": true, ""semantic_retries"": 1, ""state_recovery"": true}","{""cache_hits"": 67, ""cache_misses"": 90, ""compact_model_numeric_terms"": 0, ""model_attempts"": 0, ""model_documents"": 0, ""model_documents_attempted"": 0, ""parsed_documents"": 90, ""semantic_retries"": 0, ""source_documents"": 157, ""submitted_document_exposures"": 0, ""tool_derived_metadata_rules"": 0, ""verified_documents"": 157}",[],True,,False,0,,,,
parser_recovery,B4__normal__seed29__origin0,B4,normal,29,0,1860,B4-normal-seed29-origin0:day1860,26990d7f81ffaa7e8b5183e84376d9e157d7e250bebbcdd60556a39fa25e9ed3,executed,False,True,47.53594002121688,41.0,41.0,165.0,0,False,0,0,0,0,0,"{""pre_http_starts"": 0, ""paired_results"": 0, ""pairs"": []}",157,0,True,stochastic_milp,True,0,0.00038345200022108585,True,1.301323349998711,[],"{""cache_enabled"": true, ""cache_path"": ""/workspace/MasterDissertation/results/v2_pilot/evaluation_verified_cache"", ""compact_output"": true, ""enabled"": true, ""expose_source_inventory"": true, ""llm_critic"": false, ""llm_numeric_routing"": false, ""llm_recovery_selection"": true, ""semantic_retries"": 1, ""state_recovery"": true}","{""cache_hits"": 67, ""cache_misses"": 90, ""compact_model_numeric_terms"": 0, ""model_attempts"": 0, ""model_documents"": 0, ""model_documents_attempted"": 0, ""parsed_documents"": 90, ""semantic_retries"": 0, ""source_documents"": 157, ""submitted_document_exposures"": 0, ""tool_derived_metadata_rules"": 0, ""verified_documents"": 157}",[],True,,False,0,,,,
parser_recovery,B4__normal__seed29__origin0,B4,normal,29,0,1861,B4-normal-seed29-origin0:day1861,8a3ff286c5a0a7943463a0e66a505d32791a4d58850230d8ef01585d340fc480,executed,False,True,114.51260502630473,23.0,22.0,202.0,0,False,0,0,0,0,0,"{""pre_http_starts"": 0, ""paired_results"": 0, ""pairs"": []}",157,0,True,stochastic_milp,True,0,0.0007424113651313583,True,2.430713589998049,[],"{""cache_enabled"": true, ""cache_path"": ""/workspace/MasterDissertation/results/v2_pilot/evaluation_verified_cache"", ""compact_output"": true, ""enabled"": true, ""expose_source_inventory"": true, ""llm_critic"": false, ""llm_numeric_routing"": false, ""llm_recovery_selection"": true, ""semantic_retries"": 1, ""state_recovery"": true}","{""cache_hits"": 67, ""cache_misses"": 90, ""compact_model_numeric_terms"": 0, ""model_attempts"": 0, ""model_documents"": 0, ""model_documents_attempted"": 0, ""parsed_documents"": 90, ""semantic_retries"": 0, ""source_documents"": 157, ""submitted_document_exposures"": 0, ""tool_derived_metadata_rules"": 0, ""verified_documents"": 157}",[],True,,False,0,,,,
parser_recovery,B4__normal__seed29__origin0,B4,normal,29,0,1862,B4-normal-seed29-origin0:day1862,428518bee694cffffcb8a07a0fb078e5b2a37344d939598fd5a63b37218d4a95,executed,False,True,45.82663974964618,35.0,35.0,218.0,0,False,0,0,0,0,0,"{""pre_http_starts"": 0, ""paired_results"": 0, ""pairs"": []}",157,0,True,stochastic_milp,True,0,0.0006918763942873926,True,1.6245004789998347,[],"{""cache_enabled"": true, ""cache_path"": ""/workspace/MasterDissertation/results/v2_pilot/evaluation_verified_cache"", ""compact_output"": true, ""enabled"": true, ""expose_source_inventory"": true, ""llm_critic"": false, ""llm_numeric_routing"": false, ""llm_recovery_selection"": true, ""semantic_retries"": 1, ""state_recovery"": true}","{""cache_hits"": 67, ""cache_misses"": 90, ""compact_model_numeric_terms"": 0, ""model_attempts"": 0, ""model_documents"": 0, ""model_documents_attempted"": 0, ""parsed_documents"": 90, ""semantic_retries"": 0, ""source_documents"": 157, ""submitted_document_exposures"": 0, ""tool_derived_metadata_rules"": 0, ""verified_documents"": 157}",[],True,,False,0,,,,
parser_recovery,B4__normal__seed29__origin0,B4,normal,29,0,1863,B4-normal-seed29-origin0:day1863,163c12b729468a27f19acf5035c303309ea61cd9c07642e470c11d3ae1de54ff,executed,False,True,35.425360053002834,50.0,48.0,231.0,0,False,0,0,0,0,0,"{""pre_http_starts"": 0, ""paired_results"": 0, ""pairs"": []}",157,0,True,stochastic_milp,True,0,0.0,True,2.4342824870000186,[],"{""cache_enabled"": true, ""cache_path"": ""/workspace/MasterDissertation/results/v2_pilot/evaluation_verified_cache"", ""compact_output"": true, ""enabled"": true, ""expose_source_inventory"": true, ""llm_critic"": false, ""llm_numeric_routing"": false, ""llm_recovery_selection"": true, ""semantic_retries"": 1, ""state_recovery"": true}","{""cache_hits"": 67, ""cache_misses"": 90, ""compact_model_numeric_terms"": 0, ""model_attempts"": 0, ""model_documents"": 0, ""model_documents_attempted"": 0, ""parsed_documents"": 90, ""semantic_retries"": 0, ""source_documents"": 157, ""submitted_document_exposures"": 0, ""tool_derived_metadata_rules"": 0, ""verified_documents"": 157}",[],True,,False,0,,,,
parser_recovery,B4__normal__seed29__origin0,B4,normal,29,0,1864,B4-normal-seed29-origin0:day1864,c6352c97ca400cee7cba8892efd0d5ae33d3e2b6d68f52c3a0d27d21a986e377,executed,False,True,61.79750004196168,32.0,28.0,232.0,0,False,0,0,0,0,0,"{""pre_http_starts"": 0, ""paired_results"": 0, ""pairs"": []}",157,0,True,stochastic_milp,True,0,0.0005396337924683012,True,2.5377684319973923,[],"{""cache_enabled"": true, ""cache_path"": ""/workspace/MasterDissertation/results/v2_pilot/evaluation_verified_cache"", ""compact_output"": true, ""enabled"": true, ""expose_source_inventory"": true, ""llm_critic"": false, ""llm_numeric_routing"": false, ""llm_recovery_selection"": true, ""semantic_retries"": 1, ""state_recovery"": true}","{""cache_hits"": 67, ""cache_misses"": 90, ""compact_model_numeric_terms"": 0, ""model_attempts"": 0, ""model_documents"": 0, ""model_documents_attempted"": 0, ""parsed_documents"": 90, ""semantic_retries"": 0, ""source_documents"": 157, ""submitted_document_exposures"": 0, ""tool_derived_metadata_rules"": 0, ""verified_documents"": 157}",[],True,,False,0,,,,
parser_recovery,B4__normal__seed29__origin0,B4,normal,29,0,1865,B4-normal-seed29-origin0:day1865,4734c75207f32d3128d21dedcb2e1b69da200211e9ebcd8a59014ab1456752c2,executed,False,True,53.708974882245066,31.0,31.0,222.0,0,False,0,0,0,0,0,"{""pre_http_starts"": 0, ""paired_results"": 0, ""pairs"": []}",157,0,True,stochastic_milp,True,0,0.0008917089136470226,True,2.595784959001321,[],"{""cache_enabled"": true, ""cache_path"": ""/workspace/MasterDissertation/results/v2_pilot/evaluation_verified_cache"", ""compact_output"": true, ""enabled"": true, ""expose_source_inventory"": true, ""llm_critic"": false, ""llm_numeric_routing"": false, ""llm_recovery_selection"": true, ""semantic_retries"": 1, ""state_recovery"": true}","{""cache_hits"": 67, ""cache_misses"": 90, ""compact_model_numeric_terms"": 0, ""model_attempts"": 0, ""model_documents"": 0, ""model_documents_attempted"": 0, ""parsed_documents"": 90, ""semantic_retries"": 0, ""source_documents"": 157, ""submitted_document_exposures"": 0, ""tool_derived_metadata_rules"": 0, ""verified_documents"": 157}",[],True,,False,0,,,,
parser_recovery,B4__normal__seed29__origin0,B4,normal,29,0,1866,B4-normal-seed29-origin0:day1866,fdd5eab49ab53e9439bd56144e48954ef590181556e05444dcd4f340bddf73d0,executed,False,True,85.3386649978757,31.0,25.0,205.0,0,False,0,0,0,0,0,"{""pre_http_starts"": 0, ""paired_results"": 0, ""pairs"": []}",157,0,True,stochastic_milp,True,0,0.0009300254267711311,True,1.4659983279998414,[],"{""cache_enabled"": true, ""cache_path"": ""/workspace/MasterDissertation/results/v2_pilot/evaluation_verified_cache"", ""compact_output"": true, ""enabled"": true, ""expose_source_inventory"": true, ""llm_critic"": false, ""llm_numeric_routing"": false, ""llm_recovery_selection"": true, ""semantic_retries"": 1, ""state_recovery"": true}","{""cache_hits"": 67, ""cache_misses"": 90, ""compact_model_numeric_terms"": 0, ""model_attempts"": 0, ""model_documents"": 0, ""model_documents_attempted"": 0, ""parsed_documents"": 90, ""semantic_retries"": 0, ""source_documents"": 157, ""submitted_document_exposures"": 0, ""tool_derived_metadata_rules"": 0, ""verified_documents"": 157}",[],True,,False,0,,,,
parser_recovery,B4__normal__seed29__origin0,B4,normal,29,0,1867,B4-normal-seed29-origin0:day1867,54f5ffe730a02e56318380e4872c5f5e07ed0923f199214cb0344d3eb156b65a,executed,False,True,34.07535499614477,22.0,22.0,221.0,0,False,0,0,0,0,0,"{""pre_http_starts"": 0, ""paired_results"": 0, ""pairs"": []}",157,0,True,stochastic_milp,True,0,0.0009333150929968446,True,2.219198269001936,[],"{""cache_enabled"": true, ""cache_path"": ""/workspace/MasterDissertation/results/v2_pilot/evaluation_verified_cache"", ""compact_output"": true, ""enabled"": true, ""expose_source_inventory"": true, ""llm_critic"": false, ""llm_numeric_routing"": false, ""llm_recovery_selection"": true, ""semantic_retries"": 1, ""state_recovery"": true}","{""cache_hits"": 67, ""cache_misses"": 90, ""compact_model_numeric_terms"": 0, ""model_attempts"": 0, ""model_documents"": 0, ""model_documents_attempted"": 0, ""parsed_documents"": 90, ""semantic_retries"": 0, ""source_documents"": 157, ""submitted_document_exposures"": 0, ""tool_derived_metadata_rules"": 0, ""verified_documents"": 157}",[],True,,False,0,,,,
parser_recovery,B4__normal__seed29__origin0,B4,normal,29,0,1868,B4-normal-seed29-origin0:day1868,2c0c65108e472c1b8c8a013c446c76092791aaeac9b16df0972210611c3295bb,executed,False,True,111.0604498923421,27.0,25.0,213.0,0,False,0,0,0,0,0,"{""pre_http_starts"": 0, ""paired_results"": 0, ""pairs"": []}",157,0,True,stochastic_milp,True,0,0.0006336287453617411,True,3.405653229001473,[],"{""cache_enabled"": true, ""cache_path"": ""/workspace/MasterDissertation/results/v2_pilot/evaluation_verified_cache"", ""compact_output"": true, ""enabled"": true, ""expose_source_inventory"": true, ""llm_critic"": false, ""llm_numeric_routing"": false, ""llm_recovery_selection"": true, ""semantic_retries"": 1, ""state_recovery"": true}","{""cache_hits"": 67, ""cache_misses"": 90, ""compact_model_numeric_terms"": 0, ""model_attempts"": 0, ""model_documents"": 0, ""model_documents_attempted"": 0, ""parsed_documents"": 90, ""semantic_retries"": 0, ""source_documents"": 157, ""submitted_document_exposures"": 0, ""tool_derived_metadata_rules"": 0, ""verified_documents"": 157}",[],True,,False,0,,,,
parser_recovery,B4__normal__seed29__origin0,B4,normal,29,0,1869,B4-normal-seed29-origin0:day1869,49190af9a680f4e1a5ede96dc538a669446c32d2b145b080f2e903d041518e3a,executed,False,True,11.051594997167587,36.0,36.0,217.0,0,False,0,0,0,0,0,"{""pre_http_starts"": 0, ""paired_results"": 0, ""pairs"": []}",157,0,True,stochastic_milp,True,0,0.0009849056006871772,True,1.5848598500015214,[],"{""cache_enabled"": true, ""cache_path"": ""/workspace/MasterDissertation/results/v2_pilot/evaluation_verified_cache"", ""compact_output"": true, ""enabled"": true, ""expose_source_inventory"": true, ""llm_critic"": false, ""llm_numeric_routing"": false, ""llm_recovery_selection"": true, ""semantic_retries"": 1, ""state_recovery"": true}","{""cache_hits"": 67, ""cache_misses"": 90, ""compact_model_numeric_terms"": 0, ""model_attempts"": 0, ""model_documents"": 0, ""model_documents_attempted"": 0, ""parsed_documents"": 90, ""semantic_retries"": 0, ""source_documents"": 157, ""submitted_document_exposures"": 0, ""tool_derived_metadata_rules"": 0, ""verified_documents"": 157}",[],True,,False,0,,,,
parser_recovery,B4__normal__seed29__origin0,B4,normal,29,0,1870,B4-normal-seed29-origin0:day1870,120989afe1d37411d61d6ef96330ceb48aec1066cdd6b2178c48317c13892cdd,executed,False,True,65.26786508101225,34.0,34.0,233.0,0,False,0,0,0,0,0,"{""pre_http_starts"": 0, ""paired_results"": 0, ""pairs"": []}",157,0,True,stochastic_milp,True,0,0.0008728968017888293,True,5.459004701002414,[],"{""cache_enabled"": true, ""cache_path"": ""/workspace/MasterDissertation/results/v2_pilot/evaluation_verified_cache"", ""compact_output"": true, ""enabled"": true, ""expose_source_inventory"": true, ""llm_critic"": false, ""llm_numeric_routing"": false, ""llm_recovery_selection"": true, ""semantic_retries"": 1, ""state_recovery"": true}","{""cache_hits"": 67, ""cache_misses"": 90, ""compact_model_numeric_terms"": 0, ""model_attempts"": 0, ""model_documents"": 0, ""model_documents_attempted"": 0, ""parsed_documents"": 90, ""semantic_retries"": 0, ""source_documents"": 157, ""submitted_document_exposures"": 0, ""tool_derived_metadata_rules"": 0, ""verified_documents"": 157}",[],True,,False,0,,,,
parser_recovery,B4__normal__seed29__origin0,B4,normal,29,0,1871,B4-normal-seed29-origin0:day1871,d94f09ba66c12d148a1e96c62d313dd618206ce7c16b4c275b4c725107ef89b0,executed,False,True,51.58736503052712,38.0,38.0,197.0,0,False,0,0,0,0,0,"{""pre_http_starts"": 0, ""paired_results"": 0, ""pairs"": []}",157,0,True,stochastic_milp,True,0,0.0009909172358271066,True,4.807120138997561,[],"{""cache_enabled"": true, ""cache_path"": ""/workspace/MasterDissertation/results/v2_pilot/evaluation_verified_cache"", ""compact_output"": true, ""enabled"": true, ""expose_source_inventory"": true, ""llm_critic"": false, ""llm_numeric_routing"": false, ""llm_recovery_selection"": true, ""semantic_retries"": 1, ""state_recovery"": true}","{""cache_hits"": 67, ""cache_misses"": 90, ""compact_model_numeric_terms"": 0, ""model_attempts"": 0, ""model_documents"": 0, ""model_documents_attempted"": 0, ""parsed_documents"": 90, ""semantic_retries"": 0, ""source_documents"": 157, ""submitted_document_exposures"": 0, ""tool_derived_metadata_rules"": 0, ""verified_documents"": 157}",[],True,,False,0,,,,
parser_recovery,B4__derived_field_collapse__seed13__origin0,B4,derived_field_collapse,13,0,1858,B4-derived_field_collapse-seed13-origin0:day1858,12b03d4cf83d628374b636a3c71195cd90bc37a55e176dde83a70ce1edc576c8,executed,False,True,32.11827002614737,28.0,27.0,258.0,0,False,0,0,0,0,0,"{""pre_http_starts"": 0, ""paired_results"": 0, ""pairs"": []}",157,0,True,stochastic_milp,True,0,0.000977720140421123,True,1.747951703997387,[],"{""cache_enabled"": true, ""cache_path"": ""/workspace/MasterDissertation/results/v2_pilot/evaluation_verified_cache"", ""compact_output"": true, ""enabled"": true, ""expose_source_inventory"": true, ""llm_critic"": false, ""llm_numeric_routing"": false, ""llm_recovery_selection"": true, ""semantic_retries"": 1, ""state_recovery"": true}","{""cache_hits"": 157, ""cache_misses"": 0, ""compact_model_numeric_terms"": 0, ""model_attempts"": 0, ""model_documents"": 0, ""model_documents_attempted"": 0, ""parsed_documents"": 0, ""semantic_retries"": 0, ""source_documents"": 157, ""submitted_document_exposures"": 0, ""tool_derived_metadata_rules"": 0, ""verified_documents"": 157}",[],True,,False,0,,,,
parser_recovery,B4__derived_field_collapse__seed13__origin0,B4,derived_field_collapse,13,0,1859,B4-derived_field_collapse-seed13-origin0:day1859,31e8217db1513be8b7a095a5c91e42467017da9ee3581683c123efb7ec70a865,executed,False,True,78.06128505182267,22.0,20.0,254.0,0,False,0,0,0,0,0,"{""pre_http_starts"": 0, ""paired_results"": 0, ""pairs"": []}",157,0,True,stochastic_milp,True,0,0.0009930932057834326,True,1.7675647849973757,[],"{""cache_enabled"": true, ""cache_path"": ""/workspace/MasterDissertation/results/v2_pilot/evaluation_verified_cache"", ""compact_output"": true, ""enabled"": true, ""expose_source_inventory"": true, ""llm_critic"": false, ""llm_numeric_routing"": false, ""llm_recovery_selection"": true, ""semantic_retries"": 1, ""state_recovery"": true}","{""cache_hits"": 157, ""cache_misses"": 0, ""compact_model_numeric_terms"": 0, ""model_attempts"": 0, ""model_documents"": 0, ""model_documents_attempted"": 0, ""parsed_documents"": 0, ""semantic_retries"": 0, ""source_documents"": 157, ""submitted_document_exposures"": 0, ""tool_derived_metadata_rules"": 0, ""verified_documents"": 157}",[],True,,False,0,,,,
parser_recovery,B4__derived_field_collapse__seed13__origin0,B4,derived_field_collapse,13,0,1860,B4-derived_field_collapse-seed13-origin0:day1860,4013bc1dd8201f862dea025742197ab3272f011c2e3f3ad18cdef8b2fb766110,executed,False,True,39.31286990511418,41.0,40.0,218.0,0,False,0,0,0,0,0,"{""pre_http_starts"": 0, ""paired_results"": 0, ""pairs"": []}",157,0,True,stochastic_milp,True,0,0.0,True,1.0945568269999058,[],"{""cache_enabled"": true, ""cache_path"": ""/workspace/MasterDissertation/results/v2_pilot/evaluation_verified_cache"", ""compact_output"": true, ""enabled"": true, ""expose_source_inventory"": true, ""llm_critic"": false, ""llm_numeric_routing"": false, ""llm_recovery_selection"": true, ""semantic_retries"": 1, ""state_recovery"": true}","{""cache_hits"": 157, ""cache_misses"": 0, ""compact_model_numeric_terms"": 0, ""model_attempts"": 0, ""model_documents"": 0, ""model_documents_attempted"": 0, ""parsed_documents"": 0, ""semantic_retries"": 0, ""source_documents"": 157, ""submitted_document_exposures"": 0, ""tool_derived_metadata_rules"": 0, ""verified_documents"": 157}",[],True,,False,0,,,,
parser_recovery,B4__derived_field_collapse__seed13__origin0,B4,derived_field_collapse,13,0,1861,B4-derived_field_collapse-seed13-origin0:day1861,e16f03fe249c69d3075bb9976fde4d39d1a24c8a1b505d3c608f81a7045e6cc5,executed,False,True,15.348450001180172,23.0,23.0,214.0,0,False,0,0,0,0,0,"{""pre_http_starts"": 0, ""paired_results"": 0, ""pairs"": []}",157,0,True,stochastic_milp,True,0,0.00016443060687554862,True,1.0175486449988966,[],"{""cache_enabled"": true, ""cache_path"": ""/workspace/MasterDissertation/results/v2_pilot/evaluation_verified_cache"", ""compact_output"": true, ""enabled"": true, ""expose_source_inventory"": true, ""llm_critic"": false, ""llm_numeric_routing"": false, ""llm_recovery_selection"": true, ""semantic_retries"": 1, ""state_recovery"": true}","{""cache_hits"": 157, ""cache_misses"": 0, ""compact_model_numeric_terms"": 0, ""model_attempts"": 0, ""model_documents"": 0, ""model_documents_attempted"": 0, ""parsed_documents"": 0, ""semantic_retries"": 0, ""source_documents"": 157, ""submitted_document_exposures"": 0, ""tool_derived_metadata_rules"": 0, ""verified_documents"": 157}",[],True,,False,0,,,,
parser_recovery,B4__derived_field_collapse__seed13__origin0,B4,derived_field_collapse,13,0,1862,B4-derived_field_collapse-seed13-origin0:day1862,4dc8043386458c8814a6d2d4fba028416862e7764461f87b90ecb5eab9b99048,executed,False,True,90.05754506522418,35.0,35.0,207.0,0,False,0,0,0,0,0,"{""pre_http_starts"": 0, ""paired_results"": 0, ""pairs"": []}",157,0,True,stochastic_milp,True,0,0.0009993484682301783,True,1.823836936000589,[],"{""cache_enabled"": true, ""cache_path"": ""/workspace/MasterDissertation/results/v2_pilot/evaluation_verified_cache"", ""compact_output"": true, ""enabled"": true, ""expose_source_inventory"": true, ""llm_critic"": false, ""llm_numeric_routing"": false, ""llm_recovery_selection"": true, ""semantic_retries"": 1, ""state_recovery"": true}","{""cache_hits"": 157, ""cache_misses"": 0, ""compact_model_numeric_terms"": 0, ""model_attempts"": 0, ""model_documents"": 0, ""model_documents_attempted"": 0, ""parsed_documents"": 0, ""semantic_retries"": 0, ""source_documents"": 157, ""submitted_document_exposures"": 0, ""tool_derived_metadata_rules"": 0, ""verified_documents"": 157}",[],True,applied,True,28,True,False,reconcile_current_inventory,deterministic_policy
parser_recovery,B4__derived_field_collapse__seed13__origin0,B4,derived_field_collapse,13,0,1863,B4-derived_field_collapse-seed13-origin0:day1863,e4cf0af4e5ea261d924ab2075d41ee77d68abd7aa0d41eac755cbb9b0da4e936,executed,False,True,58.62312481313944,50.0,50.0,155.0,0,False,0,0,0,0,0,"{""pre_http_starts"": 0, ""paired_results"": 0, ""pairs"": []}",157,0,True,stochastic_milp,True,0,0.0008578499382019955,True,2.9420747730000585,[],"{""cache_enabled"": true, ""cache_path"": ""/workspace/MasterDissertation/results/v2_pilot/evaluation_verified_cache"", ""compact_output"": true, ""enabled"": true, ""expose_source_inventory"": true, ""llm_critic"": false, ""llm_numeric_routing"": false, ""llm_recovery_selection"": true, ""semantic_retries"": 1, ""state_recovery"": true}","{""cache_hits"": 157, ""cache_misses"": 0, ""compact_model_numeric_terms"": 0, ""model_attempts"": 0, ""model_documents"": 0, ""model_documents_attempted"": 0, ""parsed_documents"": 0, ""semantic_retries"": 0, ""source_documents"": 157, ""submitted_document_exposures"": 0, ""tool_derived_metadata_rules"": 0, ""verified_documents"": 157}",[],True,applied,True,28,True,False,reconcile_current_inventory,deterministic_policy
parser_recovery,B4__derived_field_collapse__seed13__origin0,B4,derived_field_collapse,13,0,1864,B4-derived_field_collapse-seed13-origin0:day1864,d2920795a735c3333e828b00f40167a8c47d025075b8e02753bc88816eecaff6,executed,False,True,71.51088014209272,32.0,27.0,174.0,0,False,0,0,0,0,0,"{""pre_http_starts"": 0, ""paired_results"": 0, ""pairs"": []}",157,0,True,stochastic_milp,True,0,0.0007089162844531263,True,2.8710451789993385,[],"{""cache_enabled"": true, ""cache_path"": ""/workspace/MasterDissertation/results/v2_pilot/evaluation_verified_cache"", ""compact_output"": true, ""enabled"": true, ""expose_source_inventory"": true, ""llm_critic"": false, ""llm_numeric_routing"": false, ""llm_recovery_selection"": true, ""semantic_retries"": 1, ""state_recovery"": true}","{""cache_hits"": 157, ""cache_misses"": 0, ""compact_model_numeric_terms"": 0, ""model_attempts"": 0, ""model_documents"": 0, ""model_documents_attempted"": 0, ""parsed_documents"": 0, ""semantic_retries"": 0, ""source_documents"": 157, ""submitted_document_exposures"": 0, ""tool_derived_metadata_rules"": 0, ""verified_documents"": 157}",[],True,applied,True,28,True,False,reconcile_current_inventory,deterministic_policy
parser_recovery,B4__derived_field_collapse__seed13__origin0,B4,derived_field_collapse,13,0,1865,B4-derived_field_collapse-seed13-origin0:day1865,2430c8dfe9d7d9e56654b9cc08054522992fe45dee34a0f752f271f1a141e730,executed,False,True,78.82722500157357,31.0,28.0,186.0,0,False,0,0,0,0,0,"{""pre_http_starts"": 0, ""paired_results"": 0, ""pairs"": []}",157,0,True,stochastic_milp,True,0,0.0004091300927370984,True,1.9991093890021148,[],"{""cache_enabled"": true, ""cache_path"": ""/workspace/MasterDissertation/results/v2_pilot/evaluation_verified_cache"", ""compact_output"": true, ""enabled"": true, ""expose_source_inventory"": true, ""llm_critic"": false, ""llm_numeric_routing"": false, ""llm_recovery_selection"": true, ""semantic_retries"": 1, ""state_recovery"": true}","{""cache_hits"": 157, ""cache_misses"": 0, ""compact_model_numeric_terms"": 0, ""model_attempts"": 0, ""model_documents"": 0, ""model_documents_attempted"": 0, ""parsed_documents"": 0, ""semantic_retries"": 0, ""source_documents"": 157, ""submitted_document_exposures"": 0, ""tool_derived_metadata_rules"": 0, ""verified_documents"": 157}",[],True,applied,True,27,True,False,reconcile_current_inventory,deterministic_policy
parser_recovery,B4__derived_field_collapse__seed13__origin0,B4,derived_field_collapse,13,0,1866,B4-derived_field_collapse-seed13-origin0:day1866,a634f871d33e42b0fdcb10575500a7dcb0de6cbc6d1177e7e81c385e9f2d453c,executed,False,True,85.61989493697882,31.0,24.0,224.0,0,False,0,0,0,0,0,"{""pre_http_starts"": 0, ""paired_results"": 0, ""pairs"": []}",157,0,True,stochastic_milp,True,0,0.0009361580622089923,True,1.6394298409977637,[],"{""cache_enabled"": true, ""cache_path"": ""/workspace/MasterDissertation/results/v2_pilot/evaluation_verified_cache"", ""compact_output"": true, ""enabled"": true, ""expose_source_inventory"": true, ""llm_critic"": false, ""llm_numeric_routing"": false, ""llm_recovery_selection"": true, ""semantic_retries"": 1, ""state_recovery"": true}","{""cache_hits"": 157, ""cache_misses"": 0, ""compact_model_numeric_terms"": 0, ""model_attempts"": 0, ""model_documents"": 0, ""model_documents_attempted"": 0, ""parsed_documents"": 0, ""semantic_retries"": 0, ""source_documents"": 157, ""submitted_document_exposures"": 0, ""tool_derived_metadata_rules"": 0, ""verified_documents"": 157}",[],True,applied,True,27,True,False,reconcile_current_inventory,deterministic_policy
parser_recovery,B4__derived_field_collapse__seed13__origin0,B4,derived_field_collapse,13,0,1867,B4-derived_field_collapse-seed13-origin0:day1867,25d2567cfd6232654f23f16b4a485e58d4ab95fb12d455e8483ccb7fb7e643a2,executed,False,True,47.82927502661944,22.0,21.0,205.0,0,False,0,0,0,0,0,"{""pre_http_starts"": 0, ""paired_results"": 0, ""pairs"": []}",157,0,True,stochastic_milp,True,0,0.0008764843050864547,True,1.6245337880027364,[],"{""cache_enabled"": true, ""cache_path"": ""/workspace/MasterDissertation/results/v2_pilot/evaluation_verified_cache"", ""compact_output"": true, ""enabled"": true, ""expose_source_inventory"": true, ""llm_critic"": false, ""llm_numeric_routing"": false, ""llm_recovery_selection"": true, ""semantic_retries"": 1, ""state_recovery"": true}","{""cache_hits"": 157, ""cache_misses"": 0, ""compact_model_numeric_terms"": 0, ""model_attempts"": 0, ""model_documents"": 0, ""model_documents_attempted"": 0, ""parsed_documents"": 0, ""semantic_retries"": 0, ""source_documents"": 157, ""submitted_document_exposures"": 0, ""tool_derived_metadata_rules"": 0, ""verified_documents"": 157}",[],True,,False,0,,,,
parser_recovery,B4__derived_field_collapse__seed13__origin0,B4,derived_field_collapse,13,0,1868,B4-derived_field_collapse-seed13-origin0:day1868,a14b27113ea3dc3a3cb8308d1225517960256223b80af25ef192cf990c066bed,executed,False,True,21.58790000039339,27.0,27.0,218.0,0,False,0,0,0,0,0,"{""pre_http_starts"": 0, ""paired_results"": 0, ""pairs"": []}",157,0,True,stochastic_milp,True,0,0.0,True,1.074399886001629,[],"{""cache_enabled"": true, ""cache_path"": ""/workspace/MasterDissertation/results/v2_pilot/evaluation_verified_cache"", ""compact_output"": true, ""enabled"": true, ""expose_source_inventory"": true, ""llm_critic"": false, ""llm_numeric_routing"": false, ""llm_recovery_selection"": true, ""semantic_retries"": 1, ""state_recovery"": true}","{""cache_hits"": 157, ""cache_misses"": 0, ""compact_model_numeric_terms"": 0, ""model_attempts"": 0, ""model_documents"": 0, ""model_documents_attempted"": 0, ""parsed_documents"": 0, ""semantic_retries"": 0, ""source_documents"": 157, ""submitted_document_exposures"": 0, ""tool_derived_metadata_rules"": 0, ""verified_documents"": 157}",[],True,,False,0,,,,
parser_recovery,B4__derived_field_collapse__seed13__origin0,B4,derived_field_collapse,13,0,1869,B4-derived_field_collapse-seed13-origin0:day1869,3e06609ae2f62c37361bc57a46ff52295e929f920d5d604f61250301e7920534,executed,False,True,60.06421971786023,36.0,36.0,201.0,0,False,0,0,0,0,0,"{""pre_http_starts"": 0, ""paired_results"": 0, ""pairs"": []}",157,0,True,stochastic_milp,True,0,5.302112587423604e-05,True,4.343446128001233,[],"{""cache_enabled"": true, ""cache_path"": ""/workspace/MasterDissertation/results/v2_pilot/evaluation_verified_cache"", ""compact_output"": true, ""enabled"": true, ""expose_source_inventory"": true, ""llm_critic"": false, ""llm_numeric_routing"": false, ""llm_recovery_selection"": true, ""semantic_retries"": 1, ""state_recovery"": true}","{""cache_hits"": 157, ""cache_misses"": 0, ""compact_model_numeric_terms"": 0, ""model_attempts"": 0, ""model_documents"": 0, ""model_documents_attempted"": 0, ""parsed_documents"": 0, ""semantic_retries"": 0, ""source_documents"": 157, ""submitted_document_exposures"": 0, ""tool_derived_metadata_rules"": 0, ""verified_documents"": 157}",[],True,,False,0,,,,
parser_recovery,B4__derived_field_collapse__seed13__origin0,B4,derived_field_collapse,13,0,1870,B4-derived_field_collapse-seed13-origin0:day1870,c766a7d5414d95ef364844b42dc31be2d8158c6fe67bc08298779a4a70bd90b7,executed,False,True,59.64250000196695,34.0,34.0,183.0,0,False,0,0,0,0,0,"{""pre_http_starts"": 0, ""paired_results"": 0, ""pairs"": []}",157,0,True,stochastic_milp,True,0,0.0,True,1.233605016997899,[],"{""cache_enabled"": true, ""cache_path"": ""/workspace/MasterDissertation/results/v2_pilot/evaluation_verified_cache"", ""compact_output"": true, ""enabled"": true, ""expose_source_inventory"": true, ""llm_critic"": false, ""llm_numeric_routing"": false, ""llm_recovery_selection"": true, ""semantic_retries"": 1, ""state_recovery"": true}","{""cache_hits"": 157, ""cache_misses"": 0, ""compact_model_numeric_terms"": 0, ""model_attempts"": 0, ""model_documents"": 0, ""model_documents_attempted"": 0, ""parsed_documents"": 0, ""semantic_retries"": 0, ""source_documents"": 157, ""submitted_document_exposures"": 0, ""tool_derived_metadata_rules"": 0, ""verified_documents"": 157}",[],True,,False,0,,,,
parser_recovery,B4__derived_field_collapse__seed13__origin0,B4,derived_field_collapse,13,0,1871,B4-derived_field_collapse-seed13-origin0:day1871,3e8590d4a86c97f5218f4d27ce9baeed9679a0a0399ff0c479aab745e2e514e1,executed,False,True,22.112420002281663,38.0,38.0,162.0,0,False,0,0,0,0,0,"{""pre_http_starts"": 0, ""paired_results"": 0, ""pairs"": []}",157,0,True,stochastic_milp,True,0,2.436988150400591e-16,True,1.2670215679972898,[],"{""cache_enabled"": true, ""cache_path"": ""/workspace/MasterDissertation/results/v2_pilot/evaluation_verified_cache"", ""compact_output"": true, ""enabled"": true, ""expose_source_inventory"": true, ""llm_critic"": false, ""llm_numeric_routing"": false, ""llm_recovery_selection"": true, ""semantic_retries"": 1, ""state_recovery"": true}","{""cache_hits"": 157, ""cache_misses"": 0, ""compact_model_numeric_terms"": 0, ""model_attempts"": 0, ""model_documents"": 0, ""model_documents_attempted"": 0, ""parsed_documents"": 0, ""semantic_retries"": 0, ""source_documents"": 157, ""submitted_document_exposures"": 0, ""tool_derived_metadata_rules"": 0, ""verified_documents"": 157}",[],True,,False,0,,,,
parser_recovery,B4__derived_field_collapse__seed29__origin0,B4,derived_field_collapse,29,0,1858,B4-derived_field_collapse-seed29-origin0:day1858,75abd07ce57e5e7497e01d23e15a80ea6c08f632b5412a5fcf698ad5098a28d8,held,True,False,4.200570000708103,28.0,28.0,225.0,0,False,0,0,0,0,0,"{""pre_http_starts"": 0, ""paired_results"": 0, ""pairs"": []}",157,0,True,stochastic_milp,True,0,0.0005397835530322777,True,1.618125766999583,[],"{""cache_enabled"": true, ""cache_path"": ""/workspace/MasterDissertation/results/v2_pilot/evaluation_verified_cache"", ""compact_output"": true, ""enabled"": true, ""expose_source_inventory"": true, ""llm_critic"": false, ""llm_numeric_routing"": false, ""llm_recovery_selection"": true, ""semantic_retries"": 1, ""state_recovery"": true}","{""cache_hits"": 157, ""cache_misses"": 0, ""compact_model_numeric_terms"": 0, ""model_attempts"": 0, ""model_documents"": 0, ""model_documents_attempted"": 0, ""parsed_documents"": 0, ""semantic_retries"": 0, ""source_documents"": 157, ""submitted_document_exposures"": 0, ""tool_derived_metadata_rules"": 0, ""verified_documents"": 157}",[],True,,False,0,,,,
parser_recovery,B4__derived_field_collapse__seed29__origin0,B4,derived_field_collapse,29,0,1859,B4-derived_field_collapse-seed29-origin0:day1859,ad2ba4a26b90ac376035d761e63ebce59bff316d10076c199f38676dc41a75c7,executed,False,True,110.90562993228436,22.0,21.0,171.0,0,False,0,0,0,0,0,"{""pre_http_starts"": 0, ""paired_results"": 0, ""pairs"": []}",157,0,True,stochastic_milp,True,0,0.0005087707639283103,True,1.3020337999987532,[],"{""cache_enabled"": true, ""cache_path"": ""/workspace/MasterDissertation/results/v2_pilot/evaluation_verified_cache"", ""compact_output"": true, ""enabled"": true, ""expose_source_inventory"": true, ""llm_critic"": false, ""llm_numeric_routing"": false, ""llm_recovery_selection"": true, ""semantic_retries"": 1, ""state_recovery"": true}","{""cache_hits"": 157, ""cache_misses"": 0, ""compact_model_numeric_terms"": 0, ""model_attempts"": 0, ""model_documents"": 0, ""model_documents_attempted"": 0, ""parsed_documents"": 0, ""semantic_retries"": 0, ""source_documents"": 157, ""submitted_document_exposures"": 0, ""tool_derived_metadata_rules"": 0, ""verified_documents"": 157}",[],True,,False,0,,,,
parser_recovery,B4__derived_field_collapse__seed29__origin0,B4,derived_field_collapse,29,0,1860,B4-derived_field_collapse-seed29-origin0:day1860,24a140f0ee66c9244a43258ee20cd9185965c9bceeddaf3da1e1a77cad1b7fe0,executed,False,True,47.53594002121688,41.0,41.0,165.0,0,False,0,0,0,0,0,"{""pre_http_starts"": 0, ""paired_results"": 0, ""pairs"": []}",157,0,True,stochastic_milp,True,0,0.00038345200022108585,True,1.083925528000691,[],"{""cache_enabled"": true, ""cache_path"": ""/workspace/MasterDissertation/results/v2_pilot/evaluation_verified_cache"", ""compact_output"": true, ""enabled"": true, ""expose_source_inventory"": true, ""llm_critic"": false, ""llm_numeric_routing"": false, ""llm_recovery_selection"": true, ""semantic_retries"": 1, ""state_recovery"": true}","{""cache_hits"": 157, ""cache_misses"": 0, ""compact_model_numeric_terms"": 0, ""model_attempts"": 0, ""model_documents"": 0, ""model_documents_attempted"": 0, ""parsed_documents"": 0, ""semantic_retries"": 0, ""source_documents"": 157, ""submitted_document_exposures"": 0, ""tool_derived_metadata_rules"": 0, ""verified_documents"": 157}",[],True,,False,0,,,,
parser_recovery,B4__derived_field_collapse__seed29__origin0,B4,derived_field_collapse,29,0,1861,B4-derived_field_collapse-seed29-origin0:day1861,f0f5fc54f17ef8c713eac5483180563384d5c2a0d5d5d9532513aa9e6690f0ad,executed,False,True,114.51260502630473,23.0,22.0,202.0,0,False,0,0,0,0,0,"{""pre_http_starts"": 0, ""paired_results"": 0, ""pairs"": []}",157,0,True,stochastic_milp,True,0,0.0007424113651313583,True,2.409746506000374,[],"{""cache_enabled"": true, ""cache_path"": ""/workspace/MasterDissertation/results/v2_pilot/evaluation_verified_cache"", ""compact_output"": true, ""enabled"": true, ""expose_source_inventory"": true, ""llm_critic"": false, ""llm_numeric_routing"": false, ""llm_recovery_selection"": true, ""semantic_retries"": 1, ""state_recovery"": true}","{""cache_hits"": 157, ""cache_misses"": 0, ""compact_model_numeric_terms"": 0, ""model_attempts"": 0, ""model_documents"": 0, ""model_documents_attempted"": 0, ""parsed_documents"": 0, ""semantic_retries"": 0, ""source_documents"": 157, ""submitted_document_exposures"": 0, ""tool_derived_metadata_rules"": 0, ""verified_documents"": 157}",[],True,,False,0,,,,
parser_recovery,B4__derived_field_collapse__seed29__origin0,B4,derived_field_collapse,29,0,1862,B4-derived_field_collapse-seed29-origin0:day1862,66efc328ca1491c2cdb91e439fbd311efb427f53f33d3594ae8189da98375ae8,executed,False,True,45.82663974964618,35.0,35.0,218.0,0,False,0,0,0,0,0,"{""pre_http_starts"": 0, ""paired_results"": 0, ""pairs"": []}",157,0,True,stochastic_milp,True,0,0.0006918763942873926,True,1.3959251849992145,[],"{""cache_enabled"": true, ""cache_path"": ""/workspace/MasterDissertation/results/v2_pilot/evaluation_verified_cache"", ""compact_output"": true, ""enabled"": true, ""expose_source_inventory"": true, ""llm_critic"": false, ""llm_numeric_routing"": false, ""llm_recovery_selection"": true, ""semantic_retries"": 1, ""state_recovery"": true}","{""cache_hits"": 157, ""cache_misses"": 0, ""compact_model_numeric_terms"": 0, ""model_attempts"": 0, ""model_documents"": 0, ""model_documents_attempted"": 0, ""parsed_documents"": 0, ""semantic_retries"": 0, ""source_documents"": 157, ""submitted_document_exposures"": 0, ""tool_derived_metadata_rules"": 0, ""verified_documents"": 157}",[],True,applied,True,28,True,False,reconcile_current_inventory,deterministic_policy
parser_recovery,B4__derived_field_collapse__seed29__origin0,B4,derived_field_collapse,29,0,1863,B4-derived_field_collapse-seed29-origin0:day1863,60cefdef8458590b68dce330c63ed0633050130976fa18bc511a77f62389a48d,executed,False,True,35.425360053002834,50.0,48.0,231.0,0,False,0,0,0,0,0,"{""pre_http_starts"": 0, ""paired_results"": 0, ""pairs"": []}",157,0,True,stochastic_milp,True,0,0.0,True,2.340726923997863,[],"{""cache_enabled"": true, ""cache_path"": ""/workspace/MasterDissertation/results/v2_pilot/evaluation_verified_cache"", ""compact_output"": true, ""enabled"": true, ""expose_source_inventory"": true, ""llm_critic"": false, ""llm_numeric_routing"": false, ""llm_recovery_selection"": true, ""semantic_retries"": 1, ""state_recovery"": true}","{""cache_hits"": 157, ""cache_misses"": 0, ""compact_model_numeric_terms"": 0, ""model_attempts"": 0, ""model_documents"": 0, ""model_documents_attempted"": 0, ""parsed_documents"": 0, ""semantic_retries"": 0, ""source_documents"": 157, ""submitted_document_exposures"": 0, ""tool_derived_metadata_rules"": 0, ""verified_documents"": 157}",[],True,applied,True,28,True,False,reconcile_current_inventory,deterministic_policy
parser_recovery,B4__derived_field_collapse__seed29__origin0,B4,derived_field_collapse,29,0,1864,B4-derived_field_collapse-seed29-origin0:day1864,709fc1b5163c48dc88a1abc0be4fca5a17fdb820e9f7a59ac3cca2b93395afd7,executed,False,True,61.79750004196168,32.0,28.0,232.0,0,False,0,0,0,0,0,"{""pre_http_starts"": 0, ""paired_results"": 0, ""pairs"": []}",157,0,True,stochastic_milp,True,0,0.0005396337924683012,True,2.4381202340009622,[],"{""cache_enabled"": true, ""cache_path"": ""/workspace/MasterDissertation/results/v2_pilot/evaluation_verified_cache"", ""compact_output"": true, ""enabled"": true, ""expose_source_inventory"": true, ""llm_critic"": false, ""llm_numeric_routing"": false, ""llm_recovery_selection"": true, ""semantic_retries"": 1, ""state_recovery"": true}","{""cache_hits"": 157, ""cache_misses"": 0, ""compact_model_numeric_terms"": 0, ""model_attempts"": 0, ""model_documents"": 0, ""model_documents_attempted"": 0, ""parsed_documents"": 0, ""semantic_retries"": 0, ""source_documents"": 157, ""submitted_document_exposures"": 0, ""tool_derived_metadata_rules"": 0, ""verified_documents"": 157}",[],True,applied,True,28,True,False,reconcile_current_inventory,deterministic_policy
parser_recovery,B4__derived_field_collapse__seed29__origin0,B4,derived_field_collapse,29,0,1865,B4-derived_field_collapse-seed29-origin0:day1865,192717691189b09778eaa3cfa132afc99f6f0dabf766e390ee07469ee373e515,executed,False,True,53.708974882245066,31.0,31.0,222.0,0,False,0,0,0,0,0,"{""pre_http_starts"": 0, ""paired_results"": 0, ""pairs"": []}",157,0,True,stochastic_milp,True,0,0.0008917089136470226,True,2.4075209500006167,[],"{""cache_enabled"": true, ""cache_path"": ""/workspace/MasterDissertation/results/v2_pilot/evaluation_verified_cache"", ""compact_output"": true, ""enabled"": true, ""expose_source_inventory"": true, ""llm_critic"": false, ""llm_numeric_routing"": false, ""llm_recovery_selection"": true, ""semantic_retries"": 1, ""state_recovery"": true}","{""cache_hits"": 157, ""cache_misses"": 0, ""compact_model_numeric_terms"": 0, ""model_attempts"": 0, ""model_documents"": 0, ""model_documents_attempted"": 0, ""parsed_documents"": 0, ""semantic_retries"": 0, ""source_documents"": 157, ""submitted_document_exposures"": 0, ""tool_derived_metadata_rules"": 0, ""verified_documents"": 157}",[],True,applied,True,28,True,False,reconcile_current_inventory,deterministic_policy
parser_recovery,B4__derived_field_collapse__seed29__origin0,B4,derived_field_collapse,29,0,1866,B4-derived_field_collapse-seed29-origin0:day1866,efd6c3f93c93dce7ad79b3f68871b614e19b9a3f9f8a1186127ec2cc2a9bb2ee,executed,False,True,85.3386649978757,31.0,25.0,205.0,0,False,0,0,0,0,0,"{""pre_http_starts"": 0, ""paired_results"": 0, ""pairs"": []}",157,0,True,stochastic_milp,True,0,0.0009300254267711311,True,1.3101894460014591,[],"{""cache_enabled"": true, ""cache_path"": ""/workspace/MasterDissertation/results/v2_pilot/evaluation_verified_cache"", ""compact_output"": true, ""enabled"": true, ""expose_source_inventory"": true, ""llm_critic"": false, ""llm_numeric_routing"": false, ""llm_recovery_selection"": true, ""semantic_retries"": 1, ""state_recovery"": true}","{""cache_hits"": 157, ""cache_misses"": 0, ""compact_model_numeric_terms"": 0, ""model_attempts"": 0, ""model_documents"": 0, ""model_documents_attempted"": 0, ""parsed_documents"": 0, ""semantic_retries"": 0, ""source_documents"": 157, ""submitted_document_exposures"": 0, ""tool_derived_metadata_rules"": 0, ""verified_documents"": 157}",[],True,applied,True,29,True,False,reconcile_current_inventory,deterministic_policy
parser_recovery,B4__derived_field_collapse__seed29__origin0,B4,derived_field_collapse,29,0,1867,B4-derived_field_collapse-seed29-origin0:day1867,7e06ceb3dc4609029122f6209d8874c99885498e4d88660f97174cb8bb0be549,executed,False,True,34.07535499614477,22.0,22.0,221.0,0,False,0,0,0,0,0,"{""pre_http_starts"": 0, ""paired_results"": 0, ""pairs"": []}",157,0,True,stochastic_milp,True,0,0.0009333150929968446,True,2.1277117709978484,[],"{""cache_enabled"": true, ""cache_path"": ""/workspace/MasterDissertation/results/v2_pilot/evaluation_verified_cache"", ""compact_output"": true, ""enabled"": true, ""expose_source_inventory"": true, ""llm_critic"": false, ""llm_numeric_routing"": false, ""llm_recovery_selection"": true, ""semantic_retries"": 1, ""state_recovery"": true}","{""cache_hits"": 157, ""cache_misses"": 0, ""compact_model_numeric_terms"": 0, ""model_attempts"": 0, ""model_documents"": 0, ""model_documents_attempted"": 0, ""parsed_documents"": 0, ""semantic_retries"": 0, ""source_documents"": 157, ""submitted_document_exposures"": 0, ""tool_derived_metadata_rules"": 0, ""verified_documents"": 157}",[],True,,False,0,,,,
parser_recovery,B4__derived_field_collapse__seed29__origin0,B4,derived_field_collapse,29,0,1868,B4-derived_field_collapse-seed29-origin0:day1868,74a51c3c7e5305b75b107f0383672f8d26edc5ef70a2cf38f70aa655f3ae08d9,executed,False,True,111.0604498923421,27.0,25.0,213.0,0,False,0,0,0,0,0,"{""pre_http_starts"": 0, ""paired_results"": 0, ""pairs"": []}",157,0,True,stochastic_milp,True,0,0.0006336287453617411,True,3.3251934890031407,[],"{""cache_enabled"": true, ""cache_path"": ""/workspace/MasterDissertation/results/v2_pilot/evaluation_verified_cache"", ""compact_output"": true, ""enabled"": true, ""expose_source_inventory"": true, ""llm_critic"": false, ""llm_numeric_routing"": false, ""llm_recovery_selection"": true, ""semantic_retries"": 1, ""state_recovery"": true}","{""cache_hits"": 157, ""cache_misses"": 0, ""compact_model_numeric_terms"": 0, ""model_attempts"": 0, ""model_documents"": 0, ""model_documents_attempted"": 0, ""parsed_documents"": 0, ""semantic_retries"": 0, ""source_documents"": 157, ""submitted_document_exposures"": 0, ""tool_derived_metadata_rules"": 0, ""verified_documents"": 157}",[],True,,False,0,,,,
parser_recovery,B4__derived_field_collapse__seed29__origin0,B4,derived_field_collapse,29,0,1869,B4-derived_field_collapse-seed29-origin0:day1869,5b0b0e144c753090eb568b81cfffe76ba3d39bfd9068d583f504e67f302255e0,executed,False,True,11.051594997167587,36.0,36.0,217.0,0,False,0,0,0,0,0,"{""pre_http_starts"": 0, ""paired_results"": 0, ""pairs"": []}",157,0,True,stochastic_milp,True,0,0.0009849056006871772,True,1.528220701002283,[],"{""cache_enabled"": true, ""cache_path"": ""/workspace/MasterDissertation/results/v2_pilot/evaluation_verified_cache"", ""compact_output"": true, ""enabled"": true, ""expose_source_inventory"": true, ""llm_critic"": false, ""llm_numeric_routing"": false, ""llm_recovery_selection"": true, ""semantic_retries"": 1, ""state_recovery"": true}","{""cache_hits"": 157, ""cache_misses"": 0, ""compact_model_numeric_terms"": 0, ""model_attempts"": 0, ""model_documents"": 0, ""model_documents_attempted"": 0, ""parsed_documents"": 0, ""semantic_retries"": 0, ""source_documents"": 157, ""submitted_document_exposures"": 0, ""tool_derived_metadata_rules"": 0, ""verified_documents"": 157}",[],True,,False,0,,,,
parser_recovery,B4__derived_field_collapse__seed29__origin0,B4,derived_field_collapse,29,0,1870,B4-derived_field_collapse-seed29-origin0:day1870,e17283634f7891b2f936a06a9da3fabac1146110393a57b21e57c5808541b9d7,executed,False,True,65.26786508101225,34.0,34.0,233.0,0,False,0,0,0,0,0,"{""pre_http_starts"": 0, ""paired_results"": 0, ""pairs"": []}",157,0,True,stochastic_milp,True,0,0.0008728968017888293,True,5.06754754099893,[],"{""cache_enabled"": true, ""cache_path"": ""/workspace/MasterDissertation/results/v2_pilot/evaluation_verified_cache"", ""compact_output"": true, ""enabled"": true, ""expose_source_inventory"": true, ""llm_critic"": false, ""llm_numeric_routing"": false, ""llm_recovery_selection"": true, ""semantic_retries"": 1, ""state_recovery"": true}","{""cache_hits"": 157, ""cache_misses"": 0, ""compact_model_numeric_terms"": 0, ""model_attempts"": 0, ""model_documents"": 0, ""model_documents_attempted"": 0, ""parsed_documents"": 0, ""semantic_retries"": 0, ""source_documents"": 157, ""submitted_document_exposures"": 0, ""tool_derived_metadata_rules"": 0, ""verified_documents"": 157}",[],True,,False,0,,,,
parser_recovery,B4__derived_field_collapse__seed29__origin0,B4,derived_field_collapse,29,0,1871,B4-derived_field_collapse-seed29-origin0:day1871,057766d4089f8662d695a422f0e1b1de673e1dd7bad5461c79219bd9e5f5fa01,executed,False,True,51.58736503052712,38.0,38.0,197.0,0,False,0,0,0,0,0,"{""pre_http_starts"": 0, ""paired_results"": 0, ""pairs"": []}",157,0,True,stochastic_milp,True,0,0.0009909172358271066,True,4.818453405001492,[],"{""cache_enabled"": true, ""cache_path"": ""/workspace/MasterDissertation/results/v2_pilot/evaluation_verified_cache"", ""compact_output"": true, ""enabled"": true, ""expose_source_inventory"": true, ""llm_critic"": false, ""llm_numeric_routing"": false, ""llm_recovery_selection"": true, ""semantic_retries"": 1, ""state_recovery"": true}","{""cache_hits"": 157, ""cache_misses"": 0, ""compact_model_numeric_terms"": 0, ""model_attempts"": 0, ""model_documents"": 0, ""model_documents_attempted"": 0, ""parsed_documents"": 0, ""semantic_retries"": 0, ""source_documents"": 157, ""submitted_document_exposures"": 0, ""tool_derived_metadata_rules"": 0, ""verified_documents"": 157}",[],True,,False,0,,,,
parser_recovery,B4__feed_gap__seed13__origin0,B4,feed_gap,13,0,1858,B4-feed_gap-seed13-origin0:day1858,02e4b08a4650b129e38700b1f6f24ddcf5a10bef5c81f915cf89d6f596d1174d,executed,False,True,32.11827002614737,28.0,27.0,258.0,0,False,0,0,0,0,0,"{""pre_http_starts"": 0, ""paired_results"": 0, ""pairs"": []}",157,0,True,stochastic_milp,True,0,0.000977720140421123,True,1.5598956280009588,[],"{""cache_enabled"": true, ""cache_path"": ""/workspace/MasterDissertation/results/v2_pilot/evaluation_verified_cache"", ""compact_output"": true, ""enabled"": true, ""expose_source_inventory"": true, ""llm_critic"": false, ""llm_numeric_routing"": false, ""llm_recovery_selection"": true, ""semantic_retries"": 1, ""state_recovery"": true}","{""cache_hits"": 157, ""cache_misses"": 0, ""compact_model_numeric_terms"": 0, ""model_attempts"": 0, ""model_documents"": 0, ""model_documents_attempted"": 0, ""parsed_documents"": 0, ""semantic_retries"": 0, ""source_documents"": 157, ""submitted_document_exposures"": 0, ""tool_derived_metadata_rules"": 0, ""verified_documents"": 157}",[],True,,False,0,,,,
parser_recovery,B4__feed_gap__seed13__origin0,B4,feed_gap,13,0,1859,B4-feed_gap-seed13-origin0:day1859,a05c087156966fe61f8ec4f82d362cf0b25d375a71b7f0a84a93185baaf9d925,executed,False,True,78.06128505182267,22.0,20.0,254.0,0,False,0,0,0,0,0,"{""pre_http_starts"": 0, ""paired_results"": 0, ""pairs"": []}",157,0,True,stochastic_milp,True,0,0.0009930932057834326,True,1.6720067579990427,[],"{""cache_enabled"": true, ""cache_path"": ""/workspace/MasterDissertation/results/v2_pilot/evaluation_verified_cache"", ""compact_output"": true, ""enabled"": true, ""expose_source_inventory"": true, ""llm_critic"": false, ""llm_numeric_routing"": false, ""llm_recovery_selection"": true, ""semantic_retries"": 1, ""state_recovery"": true}","{""cache_hits"": 157, ""cache_misses"": 0, ""compact_model_numeric_terms"": 0, ""model_attempts"": 0, ""model_documents"": 0, ""model_documents_attempted"": 0, ""parsed_documents"": 0, ""semantic_retries"": 0, ""source_documents"": 157, ""submitted_document_exposures"": 0, ""tool_derived_metadata_rules"": 0, ""verified_documents"": 157}",[],True,,False,0,,,,
parser_recovery,B4__feed_gap__seed13__origin0,B4,feed_gap,13,0,1860,B4-feed_gap-seed13-origin0:day1860,fde4597f52ebd1d90d2543ecaaccaebea16fedbe3d3b8ac0220d27ca766b4582,executed,False,True,39.31286990511418,41.0,40.0,218.0,0,False,0,0,0,0,0,"{""pre_http_starts"": 0, ""paired_results"": 0, ""pairs"": []}",157,0,True,stochastic_milp,True,0,0.0,True,1.1090656560008938,[],"{""cache_enabled"": true, ""cache_path"": ""/workspace/MasterDissertation/results/v2_pilot/evaluation_verified_cache"", ""compact_output"": true, ""enabled"": true, ""expose_source_inventory"": true, ""llm_critic"": false, ""llm_numeric_routing"": false, ""llm_recovery_selection"": true, ""semantic_retries"": 1, ""state_recovery"": true}","{""cache_hits"": 157, ""cache_misses"": 0, ""compact_model_numeric_terms"": 0, ""model_attempts"": 0, ""model_documents"": 0, ""model_documents_attempted"": 0, ""parsed_documents"": 0, ""semantic_retries"": 0, ""source_documents"": 157, ""submitted_document_exposures"": 0, ""tool_derived_metadata_rules"": 0, ""verified_documents"": 157}",[],True,,False,0,,,,
parser_recovery,B4__feed_gap__seed13__origin0,B4,feed_gap,13,0,1861,B4-feed_gap-seed13-origin0:day1861,6279545702b823be8cb587d409b496bb75c6bcdd91ff5b73e1e4e4ff34c0007e,executed,False,True,15.348450001180172,23.0,23.0,214.0,0,False,0,0,0,0,0,"{""pre_http_starts"": 0, ""paired_results"": 0, ""pairs"": []}",157,0,True,stochastic_milp,True,0,0.00016443060687554862,True,1.127139399999578,[],"{""cache_enabled"": true, ""cache_path"": ""/workspace/MasterDissertation/results/v2_pilot/evaluation_verified_cache"", ""compact_output"": true, ""enabled"": true, ""expose_source_inventory"": true, ""llm_critic"": false, ""llm_numeric_routing"": false, ""llm_recovery_selection"": true, ""semantic_retries"": 1, ""state_recovery"": true}","{""cache_hits"": 157, ""cache_misses"": 0, ""compact_model_numeric_terms"": 0, ""model_attempts"": 0, ""model_documents"": 0, ""model_documents_attempted"": 0, ""parsed_documents"": 0, ""semantic_retries"": 0, ""source_documents"": 157, ""submitted_document_exposures"": 0, ""tool_derived_metadata_rules"": 0, ""verified_documents"": 157}",[],True,,False,0,,,,
parser_recovery,B4__feed_gap__seed13__origin0,B4,feed_gap,13,0,1862,B4-feed_gap-seed13-origin0:day1862,0f770166acab06f5b9e9337ac549c1b4429f6a60fe917c84975c9a4c9da65544,held,True,False,4.222515001416207,35.0,35.0,229.0,0,False,0,0,0,0,0,"{""pre_http_starts"": 0, ""paired_results"": 0, ""pairs"": []}",157,0,False,hold,False,not_run,,,0.0489731060006306,[],"{""cache_enabled"": true, ""cache_path"": ""/workspace/MasterDissertation/results/v2_pilot/evaluation_verified_cache"", ""compact_output"": true, ""enabled"": true, ""expose_source_inventory"": true, ""llm_critic"": false, ""llm_numeric_routing"": false, ""llm_recovery_selection"": true, ""semantic_retries"": 1, ""state_recovery"": true}",{},[],,not_applicable,False,0,True,True,reconcile_current_inventory,deterministic_policy
parser_recovery,B4__feed_gap__seed13__origin0,B4,feed_gap,13,0,1863,B4-feed_gap-seed13-origin0:day1863,e685b07b7c296d7f29224007a9b0cc356000f511cbc4d794908fcf348861cbaf,held,True,False,8.32369992250204,50.0,49.0,186.0,0,False,0,0,0,0,0,"{""pre_http_starts"": 0, ""paired_results"": 0, ""pairs"": []}",157,0,False,hold,False,not_run,,,0.0489944520013523,[],"{""cache_enabled"": true, ""cache_path"": ""/workspace/MasterDissertation/results/v2_pilot/evaluation_verified_cache"", ""compact_output"": true, ""enabled"": true, ""expose_source_inventory"": true, ""llm_critic"": false, ""llm_numeric_routing"": false, ""llm_recovery_selection"": true, ""semantic_retries"": 1, ""state_recovery"": true}",{},[],,not_applicable,False,0,True,True,reconcile_current_inventory,deterministic_policy
parser_recovery,B4__feed_gap__seed13__origin0,B4,feed_gap,13,0,1864,B4-feed_gap-seed13-origin0:day1864,527a65da6bab32e5edf5ec8ad140753624d95d6f57e59e7b614986b55a926034,held,True,False,52.974295105218886,32.0,24.0,198.0,0,False,0,0,0,0,0,"{""pre_http_starts"": 0, ""paired_results"": 0, ""pairs"": []}",157,0,False,hold,False,not_run,,,0.0517768600002455,[],"{""cache_enabled"": true, ""cache_path"": ""/workspace/MasterDissertation/results/v2_pilot/evaluation_verified_cache"", ""compact_output"": true, ""enabled"": true, ""expose_source_inventory"": true, ""llm_critic"": false, ""llm_numeric_routing"": false, ""llm_recovery_selection"": true, ""semantic_retries"": 1, ""state_recovery"": true}",{},[],,not_applicable,False,0,True,True,reconcile_current_inventory,deterministic_policy
parser_recovery,B4__feed_gap__seed13__origin0,B4,feed_gap,13,0,1865,B4-feed_gap-seed13-origin0:day1865,385a87be4e8ac873314dde9455c8a673c7a0874caeb74f5b8c7c7bf1a50e34fc,held,True,False,41.75611000055075,31.0,25.0,179.0,0,False,0,0,0,0,0,"{""pre_http_starts"": 0, ""paired_results"": 0, ""pairs"": []}",157,0,False,hold,False,not_run,,,0.0514819769996393,[],"{""cache_enabled"": true, ""cache_path"": ""/workspace/MasterDissertation/results/v2_pilot/evaluation_verified_cache"", ""compact_output"": true, ""enabled"": true, ""expose_source_inventory"": true, ""llm_critic"": false, ""llm_numeric_routing"": false, ""llm_recovery_selection"": true, ""semantic_retries"": 1, ""state_recovery"": true}",{},[],,not_applicable,False,0,True,True,reconcile_current_inventory,deterministic_policy
parser_recovery,B4__feed_gap__seed13__origin0,B4,feed_gap,13,0,1866,B4-feed_gap-seed13-origin0:day1866,fad3f59de04f437fe7d13152ec3d9957a0dc60d7bef5ae442340d7c0998232cb,held,True,False,57.8475700007081,31.0,22.0,157.0,0,False,0,0,0,0,0,"{""pre_http_starts"": 0, ""paired_results"": 0, ""pairs"": []}",157,0,False,hold,False,not_run,,,0.0483283600005961,[],"{""cache_enabled"": true, ""cache_path"": ""/workspace/MasterDissertation/results/v2_pilot/evaluation_verified_cache"", ""compact_output"": true, ""enabled"": true, ""expose_source_inventory"": true, ""llm_critic"": false, ""llm_numeric_routing"": false, ""llm_recovery_selection"": true, ""semantic_retries"": 1, ""state_recovery"": true}",{},[],,not_applicable,False,0,True,True,reconcile_current_inventory,deterministic_policy
parser_recovery,B4__feed_gap__seed13__origin0,B4,feed_gap,13,0,1867,B4-feed_gap-seed13-origin0:day1867,5b0bae1234c541a93e9b2bbc5aec1243f3a5e88044d0156c7811c9260d9d008d,executed,False,True,197.3765148755312,22.0,12.0,112.0,0,False,0,0,0,0,0,"{""pre_http_starts"": 0, ""paired_results"": 0, ""pairs"": []}",157,0,True,stochastic_milp,True,0,0.0004087503437564951,True,1.99489515499954,[],"{""cache_enabled"": true, ""cache_path"": ""/workspace/MasterDissertation/results/v2_pilot/evaluation_verified_cache"", ""compact_output"": true, ""enabled"": true, ""expose_source_inventory"": true, ""llm_critic"": false, ""llm_numeric_routing"": false, ""llm_recovery_selection"": true, ""semantic_retries"": 1, ""state_recovery"": true}","{""cache_hits"": 157, ""cache_misses"": 0, ""compact_model_numeric_terms"": 0, ""model_attempts"": 0, ""model_documents"": 0, ""model_documents_attempted"": 0, ""parsed_documents"": 0, ""semantic_retries"": 0, ""source_documents"": 157, ""submitted_document_exposures"": 0, ""tool_derived_metadata_rules"": 0, ""verified_documents"": 157}",[],True,,False,0,,,,
parser_recovery,B4__feed_gap__seed13__origin0,B4,feed_gap,13,0,1868,B4-feed_gap-seed13-origin0:day1868,e94f6f1e0cfcb0d34ac9ce844f14957b64c5c70dbd4cff936bdae11e6b0f0848,executed,False,True,70.23606995874644,27.0,24.0,95.0,0,False,0,0,0,0,0,"{""pre_http_starts"": 0, ""paired_results"": 0, ""pairs"": []}",157,0,True,stochastic_milp,True,0,0.0,True,1.0732882070005871,[],"{""cache_enabled"": true, ""cache_path"": ""/workspace/MasterDissertation/results/v2_pilot/evaluation_verified_cache"", ""compact_output"": true, ""enabled"": true, ""expose_source_inventory"": true, ""llm_critic"": false, ""llm_numeric_routing"": false, ""llm_recovery_selection"": true, ""semantic_retries"": 1, ""state_recovery"": true}","{""cache_hits"": 157, ""cache_misses"": 0, ""compact_model_numeric_terms"": 0, ""model_attempts"": 0, ""model_documents"": 0, ""model_documents_attempted"": 0, ""parsed_documents"": 0, ""semantic_retries"": 0, ""source_documents"": 157, ""submitted_document_exposures"": 0, ""tool_derived_metadata_rules"": 0, ""verified_documents"": 157}",[],True,,False,0,,,,
parser_recovery,B4__feed_gap__seed13__origin0,B4,feed_gap,13,0,1869,B4-feed_gap-seed13-origin0:day1869,657a1d1444606d8ce6d48eef37ad6e4db5dd312480c1c4b6a83680f637c05b08,executed,False,True,149.65964981353284,36.0,23.0,81.0,0,False,0,0,0,0,0,"{""pre_http_starts"": 0, ""paired_results"": 0, ""pairs"": []}",157,0,True,stochastic_milp,True,0,0.0,True,0.8405524709996826,[],"{""cache_enabled"": true, ""cache_path"": ""/workspace/MasterDissertation/results/v2_pilot/evaluation_verified_cache"", ""compact_output"": true, ""enabled"": true, ""expose_source_inventory"": true, ""llm_critic"": false, ""llm_numeric_routing"": false, ""llm_recovery_selection"": true, ""semantic_retries"": 1, ""state_recovery"": true}","{""cache_hits"": 157, ""cache_misses"": 0, ""compact_model_numeric_terms"": 0, ""model_attempts"": 0, ""model_documents"": 0, ""model_documents_attempted"": 0, ""parsed_documents"": 0, ""semantic_retries"": 0, ""source_documents"": 157, ""submitted_document_exposures"": 0, ""tool_derived_metadata_rules"": 0, ""verified_documents"": 157}",[],True,,False,0,,,,
parser_recovery,B4__feed_gap__seed13__origin0,B4,feed_gap,13,0,1870,B4-feed_gap-seed13-origin0:day1870,5a21da75b5785b90ddaecc7ff47b948f7680555126edba6ceb4b4fb18705ccca,executed,False,True,47.496489922344686,34.0,29.0,89.0,0,False,0,0,0,0,0,"{""pre_http_starts"": 0, ""paired_results"": 0, ""pairs"": []}",157,0,True,stochastic_milp,True,0,0.0007138964736574452,True,1.3029942909997771,[],"{""cache_enabled"": true, ""cache_path"": ""/workspace/MasterDissertation/results/v2_pilot/evaluation_verified_cache"", ""compact_output"": true, ""enabled"": true, ""expose_source_inventory"": true, ""llm_critic"": false, ""llm_numeric_routing"": false, ""llm_recovery_selection"": true, ""semantic_retries"": 1, ""state_recovery"": true}","{""cache_hits"": 157, ""cache_misses"": 0, ""compact_model_numeric_terms"": 0, ""model_attempts"": 0, ""model_documents"": 0, ""model_documents_attempted"": 0, ""parsed_documents"": 0, ""semantic_retries"": 0, ""source_documents"": 157, ""submitted_document_exposures"": 0, ""tool_derived_metadata_rules"": 0, ""verified_documents"": 157}",[],True,,False,0,,,,
parser_recovery,B4__feed_gap__seed13__origin0,B4,feed_gap,13,0,1871,B4-feed_gap-seed13-origin0:day1871,2ccb0a9f7ab69ac1901529100ee01014d6e3b9ed01b7dc30395feb80284b009d,executed,False,True,111.295924880147,38.0,34.0,144.0,0,False,0,0,0,0,0,"{""pre_http_starts"": 0, ""paired_results"": 0, ""pairs"": []}",157,0,True,stochastic_milp,True,0,0.0003282285267330143,True,1.3962580819970754,[],"{""cache_enabled"": true, ""cache_path"": ""/workspace/MasterDissertation/results/v2_pilot/evaluation_verified_cache"", ""compact_output"": true, ""enabled"": true, ""expose_source_inventory"": true, ""llm_critic"": false, ""llm_numeric_routing"": false, ""llm_recovery_selection"": true, ""semantic_retries"": 1, ""state_recovery"": true}","{""cache_hits"": 157, ""cache_misses"": 0, ""compact_model_numeric_terms"": 0, ""model_attempts"": 0, ""model_documents"": 0, ""model_documents_attempted"": 0, ""parsed_documents"": 0, ""semantic_retries"": 0, ""source_documents"": 157, ""submitted_document_exposures"": 0, ""tool_derived_metadata_rules"": 0, ""verified_documents"": 157}",[],True,,False,0,,,,
parser_recovery,B4__feed_gap__seed29__origin0,B4,feed_gap,29,0,1858,B4-feed_gap-seed29-origin0:day1858,bff0cd917ca9e3d8ad73d39c905808db47a8650e8b88b2e3575bb576634857c8,held,True,False,4.200570000708103,28.0,28.0,225.0,0,False,0,0,0,0,0,"{""pre_http_starts"": 0, ""paired_results"": 0, ""pairs"": []}",157,0,True,stochastic_milp,True,0,0.0005397835530322777,True,1.611263475002488,[],"{""cache_enabled"": true, ""cache_path"": ""/workspace/MasterDissertation/results/v2_pilot/evaluation_verified_cache"", ""compact_output"": true, ""enabled"": true, ""expose_source_inventory"": true, ""llm_critic"": false, ""llm_numeric_routing"": false, ""llm_recovery_selection"": true, ""semantic_retries"": 1, ""state_recovery"": true}","{""cache_hits"": 157, ""cache_misses"": 0, ""compact_model_numeric_terms"": 0, ""model_attempts"": 0, ""model_documents"": 0, ""model_documents_attempted"": 0, ""parsed_documents"": 0, ""semantic_retries"": 0, ""source_documents"": 157, ""submitted_document_exposures"": 0, ""tool_derived_metadata_rules"": 0, ""verified_documents"": 157}",[],True,,False,0,,,,
parser_recovery,B4__feed_gap__seed29__origin0,B4,feed_gap,29,0,1859,B4-feed_gap-seed29-origin0:day1859,5893ddf9a8093655b7bcbc2672fbf8398b79e3d39e6e552fcb30b0da08798d7f,executed,False,True,110.90562993228436,22.0,21.0,171.0,0,False,0,0,0,0,0,"{""pre_http_starts"": 0, ""paired_results"": 0, ""pairs"": []}",157,0,True,stochastic_milp,True,0,0.0005087707639283103,True,1.0608026029985922,[],"{""cache_enabled"": true, ""cache_path"": ""/workspace/MasterDissertation/results/v2_pilot/evaluation_verified_cache"", ""compact_output"": true, ""enabled"": true, ""expose_source_inventory"": true, ""llm_critic"": false, ""llm_numeric_routing"": false, ""llm_recovery_selection"": true, ""semantic_retries"": 1, ""state_recovery"": true}","{""cache_hits"": 157, ""cache_misses"": 0, ""compact_model_numeric_terms"": 0, ""model_attempts"": 0, ""model_documents"": 0, ""model_documents_attempted"": 0, ""parsed_documents"": 0, ""semantic_retries"": 0, ""source_documents"": 157, ""submitted_document_exposures"": 0, ""tool_derived_metadata_rules"": 0, ""verified_documents"": 157}",[],True,,False,0,,,,
parser_recovery,B4__feed_gap__seed29__origin0,B4,feed_gap,29,0,1860,B4-feed_gap-seed29-origin0:day1860,b8ac53cc86711aad6ee1b2d70a448ed987256052ab4c5f20bd0d4dee79bd1394,executed,False,True,47.53594002121688,41.0,41.0,165.0,0,False,0,0,0,0,0,"{""pre_http_starts"": 0, ""paired_results"": 0, ""pairs"": []}",157,0,True,stochastic_milp,True,0,0.00038345200022108585,True,1.1344768369999656,[],"{""cache_enabled"": true, ""cache_path"": ""/workspace/MasterDissertation/results/v2_pilot/evaluation_verified_cache"", ""compact_output"": true, ""enabled"": true, ""expose_source_inventory"": true, ""llm_critic"": false, ""llm_numeric_routing"": false, ""llm_recovery_selection"": true, ""semantic_retries"": 1, ""state_recovery"": true}","{""cache_hits"": 157, ""cache_misses"": 0, ""compact_model_numeric_terms"": 0, ""model_attempts"": 0, ""model_documents"": 0, ""model_documents_attempted"": 0, ""parsed_documents"": 0, ""semantic_retries"": 0, ""source_documents"": 157, ""submitted_document_exposures"": 0, ""tool_derived_metadata_rules"": 0, ""verified_documents"": 157}",[],True,,False,0,,,,
parser_recovery,B4__feed_gap__seed29__origin0,B4,feed_gap,29,0,1861,B4-feed_gap-seed29-origin0:day1861,fb6f6f89913188908226b1626a235646a1595672fa3a94d6eae2a44aafb90dbc,executed,False,True,114.51260502630473,23.0,22.0,202.0,0,False,0,0,0,0,0,"{""pre_http_starts"": 0, ""paired_results"": 0, ""pairs"": []}",157,0,True,stochastic_milp,True,0,0.0007424113651313583,True,2.403094869998313,[],"{""cache_enabled"": true, ""cache_path"": ""/workspace/MasterDissertation/results/v2_pilot/evaluation_verified_cache"", ""compact_output"": true, ""enabled"": true, ""expose_source_inventory"": true, ""llm_critic"": false, ""llm_numeric_routing"": false, ""llm_recovery_selection"": true, ""semantic_retries"": 1, ""state_recovery"": true}","{""cache_hits"": 157, ""cache_misses"": 0, ""compact_model_numeric_terms"": 0, ""model_attempts"": 0, ""model_documents"": 0, ""model_documents_attempted"": 0, ""parsed_documents"": 0, ""semantic_retries"": 0, ""source_documents"": 157, ""submitted_document_exposures"": 0, ""tool_derived_metadata_rules"": 0, ""verified_documents"": 157}",[],True,,False,0,,,,
parser_recovery,B4__feed_gap__seed29__origin0,B4,feed_gap,29,0,1862,B4-feed_gap-seed29-origin0:day1862,47f61482d04c14375c8529614a24662c869879b129e2322a33c02dc20fc02ca8,held,True,False,4.367055001258849,35.0,35.0,240.0,0,False,0,0,0,0,0,"{""pre_http_starts"": 0, ""paired_results"": 0, ""pairs"": []}",157,0,False,hold,False,not_run,,,0.0522637410031165,[],"{""cache_enabled"": true, ""cache_path"": ""/workspace/MasterDissertation/results/v2_pilot/evaluation_verified_cache"", ""compact_output"": true, ""enabled"": true, ""expose_source_inventory"": true, ""llm_critic"": false, ""llm_numeric_routing"": false, ""llm_recovery_selection"": true, ""semantic_retries"": 1, ""state_recovery"": true}",{},[],,not_applicable,False,0,True,True,reconcile_current_inventory,deterministic_policy
parser_recovery,B4__feed_gap__seed29__origin0,B4,feed_gap,29,0,1863,B4-feed_gap-seed29-origin0:day1863,6eefad6f3acd0bed70dde42f161e8ef45770472b5bcc4aa67b8d0922a78027c2,held,True,False,10.710535027563571,50.0,49.0,253.0,0,False,0,0,0,0,0,"{""pre_http_starts"": 0, ""paired_results"": 0, ""pairs"": []}",157,0,False,hold,False,not_run,,,0.049581623999984,[],"{""cache_enabled"": true, ""cache_path"": ""/workspace/MasterDissertation/results/v2_pilot/evaluation_verified_cache"", ""compact_output"": true, ""enabled"": true, ""expose_source_inventory"": true, ""llm_critic"": false, ""llm_numeric_routing"": false, ""llm_recovery_selection"": true, ""semantic_retries"": 1, ""state_recovery"": true}",{},[],,not_applicable,False,0,True,True,reconcile_current_inventory,deterministic_policy
parser_recovery,B4__feed_gap__seed29__origin0,B4,feed_gap,29,0,1864,B4-feed_gap-seed29-origin0:day1864,6fe0e0e613537274fb0e0544fd00f73bbf5fe5577d578a75f7a1e0819d150244,held,True,False,34.991000133097174,32.0,27.0,232.0,0,False,0,0,0,0,0,"{""pre_http_starts"": 0, ""paired_results"": 0, ""pairs"": []}",157,0,False,hold,False,not_run,,,0.0503154049984004,[],"{""cache_enabled"": true, ""cache_path"": ""/workspace/MasterDissertation/results/v2_pilot/evaluation_verified_cache"", ""compact_output"": true, ""enabled"": true, ""expose_source_inventory"": true, ""llm_critic"": false, ""llm_numeric_routing"": false, ""llm_recovery_selection"": true, ""semantic_retries"": 1, ""state_recovery"": true}",{},[],,not_applicable,False,0,True,True,reconcile_current_inventory,deterministic_policy
parser_recovery,B4__feed_gap__seed29__origin0,B4,feed_gap,29,0,1865,B4-feed_gap-seed29-origin0:day1865,5913b269d1d9cc98fc0f20d8ae7ee16d43bb580fb214138bae1a05b37cf7effb,held,True,False,44.41524992328882,31.0,24.0,208.0,0,False,0,0,0,0,0,"{""pre_http_starts"": 0, ""paired_results"": 0, ""pairs"": []}",157,0,False,hold,False,not_run,,,0.0639664219997939,[],"{""cache_enabled"": true, ""cache_path"": ""/workspace/MasterDissertation/results/v2_pilot/evaluation_verified_cache"", ""compact_output"": true, ""enabled"": true, ""expose_source_inventory"": true, ""llm_critic"": false, ""llm_numeric_routing"": false, ""llm_recovery_selection"": true, ""semantic_retries"": 1, ""state_recovery"": true}",{},[],,not_applicable,False,0,True,True,reconcile_current_inventory,deterministic_policy
parser_recovery,B4__feed_gap__seed29__origin0,B4,feed_gap,29,0,1866,B4-feed_gap-seed29-origin0:day1866,18fbbb0ea242f2779e5c92b7ff5af3a704851dc857c06f36edbca7f407ef72e1,held,True,False,63.27139492321015,31.0,21.0,187.0,0,False,0,0,0,0,0,"{""pre_http_starts"": 0, ""paired_results"": 0, ""pairs"": []}",157,0,False,hold,False,not_run,,,0.051546208000218,[],"{""cache_enabled"": true, ""cache_path"": ""/workspace/MasterDissertation/results/v2_pilot/evaluation_verified_cache"", ""compact_output"": true, ""enabled"": true, ""expose_source_inventory"": true, ""llm_critic"": false, ""llm_numeric_routing"": false, ""llm_recovery_selection"": true, ""semantic_retries"": 1, ""state_recovery"": true}",{},[],,not_applicable,False,0,True,True,reconcile_current_inventory,deterministic_policy
parser_recovery,B4__feed_gap__seed29__origin0,B4,feed_gap,29,0,1867,B4-feed_gap-seed29-origin0:day1867,790d410ac585557d73133010a6aa6d6fa1850a664c83e98c7156c879c52b2648,executed,False,True,157.77510477125645,22.0,18.0,125.0,0,False,0,0,0,0,0,"{""pre_http_starts"": 0, ""paired_results"": 0, ""pairs"": []}",157,0,True,stochastic_milp,True,0,0.000497951050464228,True,3.586832487999345,[],"{""cache_enabled"": true, ""cache_path"": ""/workspace/MasterDissertation/results/v2_pilot/evaluation_verified_cache"", ""compact_output"": true, ""enabled"": true, ""expose_source_inventory"": true, ""llm_critic"": false, ""llm_numeric_routing"": false, ""llm_recovery_selection"": true, ""semantic_retries"": 1, ""state_recovery"": true}","{""cache_hits"": 157, ""cache_misses"": 0, ""compact_model_numeric_terms"": 0, ""model_attempts"": 0, ""model_documents"": 0, ""model_documents_attempted"": 0, ""parsed_documents"": 0, ""semantic_retries"": 0, ""source_documents"": 157, ""submitted_document_exposures"": 0, ""tool_derived_metadata_rules"": 0, ""verified_documents"": 157}",[],True,,False,0,,,,
parser_recovery,B4__feed_gap__seed29__origin0,B4,feed_gap,29,0,1868,B4-feed_gap-seed29-origin0:day1868,e0d1e407707998154d085108df81551988964a953afcddaa3da0986fcaf2de1c,executed,False,True,86.2434200232625,27.0,23.0,142.0,0,False,0,0,0,0,0,"{""pre_http_starts"": 0, ""paired_results"": 0, ""pairs"": []}",157,0,True,stochastic_milp,True,0,0.0003741966119006233,True,1.3859060729992052,[],"{""cache_enabled"": true, ""cache_path"": ""/workspace/MasterDissertation/results/v2_pilot/evaluation_verified_cache"", ""compact_output"": true, ""enabled"": true, ""expose_source_inventory"": true, ""llm_critic"": false, ""llm_numeric_routing"": false, ""llm_recovery_selection"": true, ""semantic_retries"": 1, ""state_recovery"": true}","{""cache_hits"": 157, ""cache_misses"": 0, ""compact_model_numeric_terms"": 0, ""model_attempts"": 0, ""model_documents"": 0, ""model_documents_attempted"": 0, ""parsed_documents"": 0, ""semantic_retries"": 0, ""source_documents"": 157, ""submitted_document_exposures"": 0, ""tool_derived_metadata_rules"": 0, ""verified_documents"": 157}",[],True,,False,0,,,,
parser_recovery,B4__feed_gap__seed29__origin0,B4,feed_gap,29,0,1869,B4-feed_gap-seed29-origin0:day1869,21f91b089b9672e312fa7849849b4d74b0713e573f2d9dced2bfa16ef5ec7353,executed,False,True,105.1067799988985,36.0,34.0,176.0,0,False,0,0,0,0,0,"{""pre_http_starts"": 0, ""paired_results"": 0, ""pairs"": []}",157,0,True,stochastic_milp,True,0,0.00015708094423219277,True,1.2274000659999729,[],"{""cache_enabled"": true, ""cache_path"": ""/workspace/MasterDissertation/results/v2_pilot/evaluation_verified_cache"", ""compact_output"": true, ""enabled"": true, ""expose_source_inventory"": true, ""llm_critic"": false, ""llm_numeric_routing"": false, ""llm_recovery_selection"": true, ""semantic_retries"": 1, ""state_recovery"": true}","{""cache_hits"": 157, ""cache_misses"": 0, ""compact_model_numeric_terms"": 0, ""model_attempts"": 0, ""model_documents"": 0, ""model_documents_attempted"": 0, ""parsed_documents"": 0, ""semantic_retries"": 0, ""source_documents"": 157, ""submitted_document_exposures"": 0, ""tool_derived_metadata_rules"": 0, ""verified_documents"": 157}",[],True,,False,0,,,,
parser_recovery,B4__feed_gap__seed29__origin0,B4,feed_gap,29,0,1870,B4-feed_gap-seed29-origin0:day1870,6fce56446ef979285a1d220c96abfcc7aa77a239b2fd4a30030da601019b6ae6,executed,False,True,45.93668996876478,34.0,34.0,197.0,0,False,0,0,0,0,0,"{""pre_http_starts"": 0, ""paired_results"": 0, ""pairs"": []}",157,0,True,stochastic_milp,True,0,0.0007851363889034444,True,3.1002941539991298,[],"{""cache_enabled"": true, ""cache_path"": ""/workspace/MasterDissertation/results/v2_pilot/evaluation_verified_cache"", ""compact_output"": true, ""enabled"": true, ""expose_source_inventory"": true, ""llm_critic"": false, ""llm_numeric_routing"": false, ""llm_recovery_selection"": true, ""semantic_retries"": 1, ""state_recovery"": true}","{""cache_hits"": 157, ""cache_misses"": 0, ""compact_model_numeric_terms"": 0, ""model_attempts"": 0, ""model_documents"": 0, ""model_documents_attempted"": 0, ""parsed_documents"": 0, ""semantic_retries"": 0, ""source_documents"": 157, ""submitted_document_exposures"": 0, ""tool_derived_metadata_rules"": 0, ""verified_documents"": 157}",[],True,,False,0,,,,
parser_recovery,B4__feed_gap__seed29__origin0,B4,feed_gap,29,0,1871,B4-feed_gap-seed29-origin0:day1871,3c8e073b1585bd25ede0a241d35ef5596bfa06260b93c0538dcdac9d2818f030,executed,False,True,52.59060496336222,38.0,37.0,230.0,0,False,0,0,0,0,0,"{""pre_http_starts"": 0, ""paired_results"": 0, ""pairs"": []}",157,0,True,stochastic_milp,True,0,0.00011516378098714419,True,2.931143569003325,[],"{""cache_enabled"": true, ""cache_path"": ""/workspace/MasterDissertation/results/v2_pilot/evaluation_verified_cache"", ""compact_output"": true, ""enabled"": true, ""expose_source_inventory"": true, ""llm_critic"": false, ""llm_numeric_routing"": false, ""llm_recovery_selection"": true, ""semantic_retries"": 1, ""state_recovery"": true}","{""cache_hits"": 157, ""cache_misses"": 0, ""compact_model_numeric_terms"": 0, ""model_attempts"": 0, ""model_documents"": 0, ""model_documents_attempted"": 0, ""parsed_documents"": 0, ""semantic_retries"": 0, ""source_documents"": 157, ""submitted_document_exposures"": 0, ""tool_derived_metadata_rules"": 0, ""verified_documents"": 157}",[],True,,False,0,,,,
parser_recovery,B4__capacity_cut__seed13__origin0,B4,capacity_cut,13,0,1858,B4-capacity_cut-seed13-origin0:day1858,a84ef9edd01fd3ef99cf2c183ef650c334d9eec63c9dd1ea9f0107a15cb1f92f,executed,False,True,32.11827002614737,28.0,27.0,258.0,0,False,0,0,0,0,0,"{""pre_http_starts"": 0, ""paired_results"": 0, ""pairs"": []}",157,0,True,stochastic_milp,True,0,0.000977720140421123,True,1.6460502709996945,[],"{""cache_enabled"": true, ""cache_path"": ""/workspace/MasterDissertation/results/v2_pilot/evaluation_verified_cache"", ""compact_output"": true, ""enabled"": true, ""expose_source_inventory"": true, ""llm_critic"": false, ""llm_numeric_routing"": false, ""llm_recovery_selection"": true, ""semantic_retries"": 1, ""state_recovery"": true}","{""cache_hits"": 157, ""cache_misses"": 0, ""compact_model_numeric_terms"": 0, ""model_attempts"": 0, ""model_documents"": 0, ""model_documents_attempted"": 0, ""parsed_documents"": 0, ""semantic_retries"": 0, ""source_documents"": 157, ""submitted_document_exposures"": 0, ""tool_derived_metadata_rules"": 0, ""verified_documents"": 157}",[],True,,False,0,,,,
parser_recovery,B4__capacity_cut__seed13__origin0,B4,capacity_cut,13,0,1859,B4-capacity_cut-seed13-origin0:day1859,9551a8c2efdcf82545545c19570703f72a488a09c01c23f9ec0804a3da8097d2,executed,False,True,78.06128505182267,22.0,20.0,254.0,0,False,0,0,0,0,0,"{""pre_http_starts"": 0, ""paired_results"": 0, ""pairs"": []}",157,0,True,stochastic_milp,True,0,0.0009930932057834326,True,1.7245619019995502,[],"{""cache_enabled"": true, ""cache_path"": ""/workspace/MasterDissertation/results/v2_pilot/evaluation_verified_cache"", ""compact_output"": true, ""enabled"": true, ""expose_source_inventory"": true, ""llm_critic"": false, ""llm_numeric_routing"": false, ""llm_recovery_selection"": true, ""semantic_retries"": 1, ""state_recovery"": true}","{""cache_hits"": 157, ""cache_misses"": 0, ""compact_model_numeric_terms"": 0, ""model_attempts"": 0, ""model_documents"": 0, ""model_documents_attempted"": 0, ""parsed_documents"": 0, ""semantic_retries"": 0, ""source_documents"": 157, ""submitted_document_exposures"": 0, ""tool_derived_metadata_rules"": 0, ""verified_documents"": 157}",[],True,,False,0,,,,
parser_recovery,B4__capacity_cut__seed13__origin0,B4,capacity_cut,13,0,1860,B4-capacity_cut-seed13-origin0:day1860,5e2a3d345d0030c9af853993f984ddd0e16db5f5e450da62840d7fee24a5c807,executed,False,True,39.31286990511418,41.0,40.0,218.0,0,False,0,0,0,0,0,"{""pre_http_starts"": 0, ""paired_results"": 0, ""pairs"": []}",157,0,True,stochastic_milp,True,0,0.0,True,1.0820866370013391,[],"{""cache_enabled"": true, ""cache_path"": ""/workspace/MasterDissertation/results/v2_pilot/evaluation_verified_cache"", ""compact_output"": true, ""enabled"": true, ""expose_source_inventory"": true, ""llm_critic"": false, ""llm_numeric_routing"": false, ""llm_recovery_selection"": true, ""semantic_retries"": 1, ""state_recovery"": true}","{""cache_hits"": 157, ""cache_misses"": 0, ""compact_model_numeric_terms"": 0, ""model_attempts"": 0, ""model_documents"": 0, ""model_documents_attempted"": 0, ""parsed_documents"": 0, ""semantic_retries"": 0, ""source_documents"": 157, ""submitted_document_exposures"": 0, ""tool_derived_metadata_rules"": 0, ""verified_documents"": 157}",[],True,,False,0,,,,
parser_recovery,B4__capacity_cut__seed13__origin0,B4,capacity_cut,13,0,1861,B4-capacity_cut-seed13-origin0:day1861,e3e46c984cb061ce8c3848fcb7e8a171178fcb5676ffe84a2d8a4dae6346dc12,executed,False,True,15.348450001180172,23.0,23.0,214.0,0,False,0,0,0,0,0,"{""pre_http_starts"": 0, ""paired_results"": 0, ""pairs"": []}",157,0,True,stochastic_milp,True,0,0.00016443060687554862,True,1.2407150090002688,[],"{""cache_enabled"": true, ""cache_path"": ""/workspace/MasterDissertation/results/v2_pilot/evaluation_verified_cache"", ""compact_output"": true, ""enabled"": true, ""expose_source_inventory"": true, ""llm_critic"": false, ""llm_numeric_routing"": false, ""llm_recovery_selection"": true, ""semantic_retries"": 1, ""state_recovery"": true}","{""cache_hits"": 157, ""cache_misses"": 0, ""compact_model_numeric_terms"": 0, ""model_attempts"": 0, ""model_documents"": 0, ""model_documents_attempted"": 0, ""parsed_documents"": 0, ""semantic_retries"": 0, ""source_documents"": 157, ""submitted_document_exposures"": 0, ""tool_derived_metadata_rules"": 0, ""verified_documents"": 157}",[],True,,False,0,,,,
parser_recovery,B4__capacity_cut__seed13__origin0,B4,capacity_cut,13,0,1862,B4-capacity_cut-seed13-origin0:day1862,5a861e37b5ce296c9f37db41c54d1d8565b5c3a6f4ad96d6501f8cde7a9080c4,executed,False,True,90.05754506522418,35.0,35.0,207.0,0,False,0,0,0,0,0,"{""pre_http_starts"": 0, ""paired_results"": 0, ""pairs"": []}",157,0,True,stochastic_milp,True,0,0.0009654206072731227,True,1.4177860659983708,[],"{""cache_enabled"": true, ""cache_path"": ""/workspace/MasterDissertation/results/v2_pilot/evaluation_verified_cache"", ""compact_output"": true, ""enabled"": true, ""expose_source_inventory"": true, ""llm_critic"": false, ""llm_numeric_routing"": false, ""llm_recovery_selection"": true, ""semantic_retries"": 1, ""state_recovery"": true}","{""cache_hits"": 154, ""cache_misses"": 3, ""compact_model_numeric_terms"": 0, ""model_attempts"": 0, ""model_documents"": 0, ""model_documents_attempted"": 0, ""parsed_documents"": 3, ""semantic_retries"": 0, ""source_documents"": 157, ""submitted_document_exposures"": 0, ""tool_derived_metadata_rules"": 0, ""verified_documents"": 157}",[],True,,False,0,,,,
parser_recovery,B4__capacity_cut__seed13__origin0,B4,capacity_cut,13,0,1863,B4-capacity_cut-seed13-origin0:day1863,d41235063555af40d4a513425b90c1bef1df2232e86220e636be0187a4bb3989,executed,False,True,57.48780481243134,50.0,50.0,159.0,0,False,0,0,0,0,0,"{""pre_http_starts"": 0, ""paired_results"": 0, ""pairs"": []}",157,0,True,stochastic_milp,True,0,0.0009933291519870604,True,4.515023211999505,[],"{""cache_enabled"": true, ""cache_path"": ""/workspace/MasterDissertation/results/v2_pilot/evaluation_verified_cache"", ""compact_output"": true, ""enabled"": true, ""expose_source_inventory"": true, ""llm_critic"": false, ""llm_numeric_routing"": false, ""llm_recovery_selection"": true, ""semantic_retries"": 1, ""state_recovery"": true}","{""cache_hits"": 154, ""cache_misses"": 3, ""compact_model_numeric_terms"": 0, ""model_attempts"": 0, ""model_documents"": 0, ""model_documents_attempted"": 0, ""parsed_documents"": 3, ""semantic_retries"": 0, ""source_documents"": 157, ""submitted_document_exposures"": 0, ""tool_derived_metadata_rules"": 0, ""verified_documents"": 157}",[],True,,False,0,,,,
parser_recovery,B4__capacity_cut__seed13__origin0,B4,capacity_cut,13,0,1864,B4-capacity_cut-seed13-origin0:day1864,6d1fc6f01aa4c35cc76e0245072909921c8a34cf8d58fed164c396dbc5f52ad8,executed,False,True,72.36682514280082,32.0,27.0,171.0,0,True,0,0,0,0,0,"{""pre_http_starts"": 0, ""paired_results"": 0, ""pairs"": []}",157,0,True,stochastic_milp,True,0,0.0007602960889313556,True,2.0856227860022045,[],"{""cache_enabled"": true, ""cache_path"": ""/workspace/MasterDissertation/results/v2_pilot/evaluation_verified_cache"", ""compact_output"": true, ""enabled"": true, ""expose_source_inventory"": true, ""llm_critic"": false, ""llm_numeric_routing"": false, ""llm_recovery_selection"": true, ""semantic_retries"": 1, ""state_recovery"": true}","{""cache_hits"": 154, ""cache_misses"": 3, ""compact_model_numeric_terms"": 0, ""model_attempts"": 0, ""model_documents"": 0, ""model_documents_attempted"": 0, ""parsed_documents"": 3, ""semantic_retries"": 0, ""source_documents"": 157, ""submitted_document_exposures"": 0, ""tool_derived_metadata_rules"": 0, ""verified_documents"": 157}",[],True,,False,0,,,,
parser_recovery,B4__capacity_cut__seed13__origin0,B4,capacity_cut,13,0,1865,B4-capacity_cut-seed13-origin0:day1865,5f488f5cb25d1df96cacd36d08ea9f77f32671af864ad8b6740d3382ae269aa5,executed,False,True,68.08152000188828,31.0,30.0,183.0,0,False,0,0,0,0,0,"{""pre_http_starts"": 0, ""paired_results"": 0, ""pairs"": []}",157,0,True,stochastic_milp,True,0,0.0008379330694272196,True,1.3673966220012517,[],"{""cache_enabled"": true, ""cache_path"": ""/workspace/MasterDissertation/results/v2_pilot/evaluation_verified_cache"", ""compact_output"": true, ""enabled"": true, ""expose_source_inventory"": true, ""llm_critic"": false, ""llm_numeric_routing"": false, ""llm_recovery_selection"": true, ""semantic_retries"": 1, ""state_recovery"": true}","{""cache_hits"": 154, ""cache_misses"": 3, ""compact_model_numeric_terms"": 0, ""model_attempts"": 0, ""model_documents"": 0, ""model_documents_attempted"": 0, ""parsed_documents"": 3, ""semantic_retries"": 0, ""source_documents"": 157, ""submitted_document_exposures"": 0, ""tool_derived_metadata_rules"": 0, ""verified_documents"": 157}",[],True,,False,0,,,,
parser_recovery,B4__capacity_cut__seed13__origin0,B4,capacity_cut,13,0,1866,B4-capacity_cut-seed13-origin0:day1866,a762f8808ee8b1e6fd3bb7b5b66fb552ff053747bc0beb35d29d40b149ee041e,executed,False,True,80.63557993674279,31.0,25.0,219.0,0,False,0,0,0,0,0,"{""pre_http_starts"": 0, ""paired_results"": 0, ""pairs"": []}",157,0,True,stochastic_milp,True,0,0.000864199423544455,True,1.6812764389978838,[],"{""cache_enabled"": true, ""cache_path"": ""/workspace/MasterDissertation/results/v2_pilot/evaluation_verified_cache"", ""compact_output"": true, ""enabled"": true, ""expose_source_inventory"": true, ""llm_critic"": false, ""llm_numeric_routing"": false, ""llm_recovery_selection"": true, ""semantic_retries"": 1, ""state_recovery"": true}","{""cache_hits"": 154, ""cache_misses"": 3, ""compact_model_numeric_terms"": 0, ""model_attempts"": 0, ""model_documents"": 0, ""model_documents_attempted"": 0, ""parsed_documents"": 3, ""semantic_retries"": 0, ""source_documents"": 157, ""submitted_document_exposures"": 0, ""tool_derived_metadata_rules"": 0, ""verified_documents"": 157}",[],True,,False,0,,,,
parser_recovery,B4__capacity_cut__seed13__origin0,B4,capacity_cut,13,0,1867,B4-capacity_cut-seed13-origin0:day1867,3616654fe095e4ab187c8000c2e06ba2cebe63be8019c4e979193337b985546a,executed,False,True,45.68817000031471,22.0,22.0,205.0,0,False,0,0,0,0,0,"{""pre_http_starts"": 0, ""paired_results"": 0, ""pairs"": []}",157,0,True,stochastic_milp,True,0,0.0009732502333960195,True,1.318162563999067,[],"{""cache_enabled"": true, ""cache_path"": ""/workspace/MasterDissertation/results/v2_pilot/evaluation_verified_cache"", ""compact_output"": true, ""enabled"": true, ""expose_source_inventory"": true, ""llm_critic"": false, ""llm_numeric_routing"": false, ""llm_recovery_selection"": true, ""semantic_retries"": 1, ""state_recovery"": true}","{""cache_hits"": 154, ""cache_misses"": 3, ""compact_model_numeric_terms"": 0, ""model_attempts"": 0, ""model_documents"": 0, ""model_documents_attempted"": 0, ""parsed_documents"": 3, ""semantic_retries"": 0, ""source_documents"": 157, ""submitted_document_exposures"": 0, ""tool_derived_metadata_rules"": 0, ""verified_documents"": 157}",[],True,,False,0,,,,
parser_recovery,B4__capacity_cut__seed13__origin0,B4,capacity_cut,13,0,1868,B4-capacity_cut-seed13-origin0:day1868,4d916aba99ceeb19ef2ddb1bcf372391b6225cad5fc39ce458697f6c31afc672,executed,False,True,40.23128981101513,27.0,27.0,212.0,0,False,0,0,0,0,0,"{""pre_http_starts"": 0, ""paired_results"": 0, ""pairs"": []}",157,0,True,stochastic_milp,True,0,0.0008261374654000909,True,1.555248695996852,[],"{""cache_enabled"": true, ""cache_path"": ""/workspace/MasterDissertation/results/v2_pilot/evaluation_verified_cache"", ""compact_output"": true, ""enabled"": true, ""expose_source_inventory"": true, ""llm_critic"": false, ""llm_numeric_routing"": false, ""llm_recovery_selection"": true, ""semantic_retries"": 1, ""state_recovery"": true}","{""cache_hits"": 154, ""cache_misses"": 3, ""compact_model_numeric_terms"": 0, ""model_attempts"": 0, ""model_documents"": 0, ""model_documents_attempted"": 0, ""parsed_documents"": 3, ""semantic_retries"": 0, ""source_documents"": 157, ""submitted_document_exposures"": 0, ""tool_derived_metadata_rules"": 0, ""verified_documents"": 157}",[],True,,False,0,,,,
parser_recovery,B4__capacity_cut__seed13__origin0,B4,capacity_cut,13,0,1869,B4-capacity_cut-seed13-origin0:day1869,91a16945262aca653f768e5854d660591b9e22b894b7032f9467ca24194a260e,executed,False,True,73.42248500055075,36.0,33.0,210.0,0,False,0,0,0,0,0,"{""pre_http_starts"": 0, ""paired_results"": 0, ""pairs"": []}",157,0,True,stochastic_milp,True,0,0.0006290843579821609,True,2.205156996002188,[],"{""cache_enabled"": true, ""cache_path"": ""/workspace/MasterDissertation/results/v2_pilot/evaluation_verified_cache"", ""compact_output"": true, ""enabled"": true, ""expose_source_inventory"": true, ""llm_critic"": false, ""llm_numeric_routing"": false, ""llm_recovery_selection"": true, ""semantic_retries"": 1, ""state_recovery"": true}","{""cache_hits"": 154, ""cache_misses"": 3, ""compact_model_numeric_terms"": 0, ""model_attempts"": 0, ""model_documents"": 0, ""model_documents_attempted"": 0, ""parsed_documents"": 3, ""semantic_retries"": 0, ""source_documents"": 157, ""submitted_document_exposures"": 0, ""tool_derived_metadata_rules"": 0, ""verified_documents"": 157}",[],True,,False,0,,,,
parser_recovery,B4__capacity_cut__seed13__origin0,B4,capacity_cut,13,0,1870,B4-capacity_cut-seed13-origin0:day1870,8ef9674b879f7cf70f7f6fd7c1948be2153c3de60040cdc5915dd8a31de52f52,executed,False,True,24.452645001888275,34.0,34.0,186.0,0,False,0,0,0,0,0,"{""pre_http_starts"": 0, ""paired_results"": 0, ""pairs"": []}",157,0,True,stochastic_milp,True,0,0.0008796589117106651,True,1.4613537240002188,[],"{""cache_enabled"": true, ""cache_path"": ""/workspace/MasterDissertation/results/v2_pilot/evaluation_verified_cache"", ""compact_output"": true, ""enabled"": true, ""expose_source_inventory"": true, ""llm_critic"": false, ""llm_numeric_routing"": false, ""llm_recovery_selection"": true, ""semantic_retries"": 1, ""state_recovery"": true}","{""cache_hits"": 154, ""cache_misses"": 3, ""compact_model_numeric_terms"": 0, ""model_attempts"": 0, ""model_documents"": 0, ""model_documents_attempted"": 0, ""parsed_documents"": 3, ""semantic_retries"": 0, ""source_documents"": 157, ""submitted_document_exposures"": 0, ""tool_derived_metadata_rules"": 0, ""verified_documents"": 157}",[],True,,False,0,,,,
parser_recovery,B4__capacity_cut__seed13__origin0,B4,capacity_cut,13,0,1871,B4-capacity_cut-seed13-origin0:day1871,84035056124eb4dd65f92a367ad1808d4fc33ac164cad7c3c85f510a5ede5238,executed,False,True,33.10150493228436,38.0,37.0,178.0,0,False,0,0,0,0,0,"{""pre_http_starts"": 0, ""paired_results"": 0, ""pairs"": []}",157,0,True,stochastic_milp,True,0,3.1887196167309794e-16,True,2.0955855150023126,[],"{""cache_enabled"": true, ""cache_path"": ""/workspace/MasterDissertation/results/v2_pilot/evaluation_verified_cache"", ""compact_output"": true, ""enabled"": true, ""expose_source_inventory"": true, ""llm_critic"": false, ""llm_numeric_routing"": false, ""llm_recovery_selection"": true, ""semantic_retries"": 1, ""state_recovery"": true}","{""cache_hits"": 154, ""cache_misses"": 3, ""compact_model_numeric_terms"": 0, ""model_attempts"": 0, ""model_documents"": 0, ""model_documents_attempted"": 0, ""parsed_documents"": 3, ""semantic_retries"": 0, ""source_documents"": 157, ""submitted_document_exposures"": 0, ""tool_derived_metadata_rules"": 0, ""verified_documents"": 157}",[],True,,False,0,,,,
parser_recovery,B4__capacity_cut__seed29__origin0,B4,capacity_cut,29,0,1858,B4-capacity_cut-seed29-origin0:day1858,d5f80ed1d1df022152b1c0561df8634490f353f9f84f11568a916ee4760442df,held,True,False,4.200570000708103,28.0,28.0,225.0,0,False,0,0,0,0,0,"{""pre_http_starts"": 0, ""paired_results"": 0, ""pairs"": []}",157,0,True,stochastic_milp,True,0,0.0005397835530322777,True,1.551044286999968,[],"{""cache_enabled"": true, ""cache_path"": ""/workspace/MasterDissertation/results/v2_pilot/evaluation_verified_cache"", ""compact_output"": true, ""enabled"": true, ""expose_source_inventory"": true, ""llm_critic"": false, ""llm_numeric_routing"": false, ""llm_recovery_selection"": true, ""semantic_retries"": 1, ""state_recovery"": true}","{""cache_hits"": 157, ""cache_misses"": 0, ""compact_model_numeric_terms"": 0, ""model_attempts"": 0, ""model_documents"": 0, ""model_documents_attempted"": 0, ""parsed_documents"": 0, ""semantic_retries"": 0, ""source_documents"": 157, ""submitted_document_exposures"": 0, ""tool_derived_metadata_rules"": 0, ""verified_documents"": 157}",[],True,,False,0,,,,
parser_recovery,B4__capacity_cut__seed29__origin0,B4,capacity_cut,29,0,1859,B4-capacity_cut-seed29-origin0:day1859,b2bf0db1322e00c46f74eeb73ff0171f68bac072bae256b2c44089dd8d86a336,executed,False,True,110.90562993228436,22.0,21.0,171.0,0,False,0,0,0,0,0,"{""pre_http_starts"": 0, ""paired_results"": 0, ""pairs"": []}",157,0,True,stochastic_milp,True,0,0.0005087707639283103,True,1.0813099749975663,[],"{""cache_enabled"": true, ""cache_path"": ""/workspace/MasterDissertation/results/v2_pilot/evaluation_verified_cache"", ""compact_output"": true, ""enabled"": true, ""expose_source_inventory"": true, ""llm_critic"": false, ""llm_numeric_routing"": false, ""llm_recovery_selection"": true, ""semantic_retries"": 1, ""state_recovery"": true}","{""cache_hits"": 157, ""cache_misses"": 0, ""compact_model_numeric_terms"": 0, ""model_attempts"": 0, ""model_documents"": 0, ""model_documents_attempted"": 0, ""parsed_documents"": 0, ""semantic_retries"": 0, ""source_documents"": 157, ""submitted_document_exposures"": 0, ""tool_derived_metadata_rules"": 0, ""verified_documents"": 157}",[],True,,False,0,,,,
parser_recovery,B4__capacity_cut__seed29__origin0,B4,capacity_cut,29,0,1860,B4-capacity_cut-seed29-origin0:day1860,4fa2fc51a25dba2fd2171cf5dc63591badaf4e9ae864586ba1d96c189cbac77b,executed,False,True,47.53594002121688,41.0,41.0,165.0,0,False,0,0,0,0,0,"{""pre_http_starts"": 0, ""paired_results"": 0, ""pairs"": []}",157,0,True,stochastic_milp,True,0,0.00038345200022108585,True,1.1207842949988844,[],"{""cache_enabled"": true, ""cache_path"": ""/workspace/MasterDissertation/results/v2_pilot/evaluation_verified_cache"", ""compact_output"": true, ""enabled"": true, ""expose_source_inventory"": true, ""llm_critic"": false, ""llm_numeric_routing"": false, ""llm_recovery_selection"": true, ""semantic_retries"": 1, ""state_recovery"": true}","{""cache_hits"": 157, ""cache_misses"": 0, ""compact_model_numeric_terms"": 0, ""model_attempts"": 0, ""model_documents"": 0, ""model_documents_attempted"": 0, ""parsed_documents"": 0, ""semantic_retries"": 0, ""source_documents"": 157, ""submitted_document_exposures"": 0, ""tool_derived_metadata_rules"": 0, ""verified_documents"": 157}",[],True,,False,0,,,,
parser_recovery,B4__capacity_cut__seed29__origin0,B4,capacity_cut,29,0,1861,B4-capacity_cut-seed29-origin0:day1861,80c3208e52f32fe92e3ed524c999b1b27f64640ed8d48c6d19284d6b5fa17a7f,executed,False,True,114.51260502630473,23.0,22.0,202.0,0,False,0,0,0,0,0,"{""pre_http_starts"": 0, ""paired_results"": 0, ""pairs"": []}",157,0,True,stochastic_milp,True,0,0.0007424113651313583,True,2.44610053499855,[],"{""cache_enabled"": true, ""cache_path"": ""/workspace/MasterDissertation/results/v2_pilot/evaluation_verified_cache"", ""compact_output"": true, ""enabled"": true, ""expose_source_inventory"": true, ""llm_critic"": false, ""llm_numeric_routing"": false, ""llm_recovery_selection"": true, ""semantic_retries"": 1, ""state_recovery"": true}","{""cache_hits"": 157, ""cache_misses"": 0, ""compact_model_numeric_terms"": 0, ""model_attempts"": 0, ""model_documents"": 0, ""model_documents_attempted"": 0, ""parsed_documents"": 0, ""semantic_retries"": 0, ""source_documents"": 157, ""submitted_document_exposures"": 0, ""tool_derived_metadata_rules"": 0, ""verified_documents"": 157}",[],True,,False,0,,,,
parser_recovery,B4__capacity_cut__seed29__origin0,B4,capacity_cut,29,0,1862,B4-capacity_cut-seed29-origin0:day1862,71b139796b6eafc690728c059f3ae9915a0f8cafd21adcb2d6c813d852504b4e,executed,False,True,45.82663974964618,35.0,35.0,218.0,0,False,0,0,0,0,0,"{""pre_http_starts"": 0, ""paired_results"": 0, ""pairs"": []}",157,0,True,stochastic_milp,True,0,0.0,True,1.0729438240014133,[],"{""cache_enabled"": true, ""cache_path"": ""/workspace/MasterDissertation/results/v2_pilot/evaluation_verified_cache"", ""compact_output"": true, ""enabled"": true, ""expose_source_inventory"": true, ""llm_critic"": false, ""llm_numeric_routing"": false, ""llm_recovery_selection"": true, ""semantic_retries"": 1, ""state_recovery"": true}","{""cache_hits"": 157, ""cache_misses"": 0, ""compact_model_numeric_terms"": 0, ""model_attempts"": 0, ""model_documents"": 0, ""model_documents_attempted"": 0, ""parsed_documents"": 0, ""semantic_retries"": 0, ""source_documents"": 157, ""submitted_document_exposures"": 0, ""tool_derived_metadata_rules"": 0, ""verified_documents"": 157}",[],True,,False,0,,,,
parser_recovery,B4__capacity_cut__seed29__origin0,B4,capacity_cut,29,0,1863,B4-capacity_cut-seed29-origin0:day1863,aa562a3cf456cca896e4483d0dd49e861a4dab5d2263bfb6e5e23636167f3c7f,executed,False,True,35.425360053002834,50.0,48.0,231.0,0,False,0,0,0,0,0,"{""pre_http_starts"": 0, ""paired_results"": 0, ""pairs"": []}",157,0,True,stochastic_milp,True,0,0.0006424047602981631,True,2.622170962000382,[],"{""cache_enabled"": true, ""cache_path"": ""/workspace/MasterDissertation/results/v2_pilot/evaluation_verified_cache"", ""compact_output"": true, ""enabled"": true, ""expose_source_inventory"": true, ""llm_critic"": false, ""llm_numeric_routing"": false, ""llm_recovery_selection"": true, ""semantic_retries"": 1, ""state_recovery"": true}","{""cache_hits"": 157, ""cache_misses"": 0, ""compact_model_numeric_terms"": 0, ""model_attempts"": 0, ""model_documents"": 0, ""model_documents_attempted"": 0, ""parsed_documents"": 0, ""semantic_retries"": 0, ""source_documents"": 157, ""submitted_document_exposures"": 0, ""tool_derived_metadata_rules"": 0, ""verified_documents"": 157}",[],True,,False,0,,,,
parser_recovery,B4__capacity_cut__seed29__origin0,B4,capacity_cut,29,0,1864,B4-capacity_cut-seed29-origin0:day1864,3b97fdd7e1d7e223dc2f4175fd3496494da837bd8350046a28ae165152a11512,executed,False,True,60.70162504196168,32.0,28.0,232.0,0,False,0,0,0,0,0,"{""pre_http_starts"": 0, ""paired_results"": 0, ""pairs"": []}",157,0,True,stochastic_milp,True,0,0.0009343737572056963,True,2.2423224980011582,[],"{""cache_enabled"": true, ""cache_path"": ""/workspace/MasterDissertation/results/v2_pilot/evaluation_verified_cache"", ""compact_output"": true, ""enabled"": true, ""expose_source_inventory"": true, ""llm_critic"": false, ""llm_numeric_routing"": false, ""llm_recovery_selection"": true, ""semantic_retries"": 1, ""state_recovery"": true}","{""cache_hits"": 157, ""cache_misses"": 0, ""compact_model_numeric_terms"": 0, ""model_attempts"": 0, ""model_documents"": 0, ""model_documents_attempted"": 0, ""parsed_documents"": 0, ""semantic_retries"": 0, ""source_documents"": 157, ""submitted_document_exposures"": 0, ""tool_derived_metadata_rules"": 0, ""verified_documents"": 157}",[],True,,False,0,,,,
parser_recovery,B4__capacity_cut__seed29__origin0,B4,capacity_cut,29,0,1865,B4-capacity_cut-seed29-origin0:day1865,6347033fd56304236d39d1745475d5c4525eba3d0585844e3bea22c95c4a3791,executed,False,True,72.18905986142158,31.0,31.0,222.0,0,False,0,0,0,0,0,"{""pre_http_starts"": 0, ""paired_results"": 0, ""pairs"": []}",157,0,True,stochastic_milp,True,0,0.000830547916787984,True,1.974186537998321,[],"{""cache_enabled"": true, ""cache_path"": ""/workspace/MasterDissertation/results/v2_pilot/evaluation_verified_cache"", ""compact_output"": true, ""enabled"": true, ""expose_source_inventory"": true, ""llm_critic"": false, ""llm_numeric_routing"": false, ""llm_recovery_selection"": true, ""semantic_retries"": 1, ""state_recovery"": true}","{""cache_hits"": 157, ""cache_misses"": 0, ""compact_model_numeric_terms"": 0, ""model_attempts"": 0, ""model_documents"": 0, ""model_documents_attempted"": 0, ""parsed_documents"": 0, ""semantic_retries"": 0, ""source_documents"": 157, ""submitted_document_exposures"": 0, ""tool_derived_metadata_rules"": 0, ""verified_documents"": 157}",[],True,,False,0,,,,
parser_recovery,B4__capacity_cut__seed29__origin0,B4,capacity_cut,29,0,1866,B4-capacity_cut-seed29-origin0:day1866,531f548c2699caeb741802cb8b4e8b12d58ba799015c4cfc13269bb79b34547a,executed,False,True,76.50499999803304,31.0,25.0,206.0,0,False,0,0,0,0,0,"{""pre_http_starts"": 0, ""paired_results"": 0, ""pairs"": []}",157,0,True,stochastic_milp,True,0,0.0007079761370172424,True,1.4914429519994885,[],"{""cache_enabled"": true, ""cache_path"": ""/workspace/MasterDissertation/results/v2_pilot/evaluation_verified_cache"", ""compact_output"": true, ""enabled"": true, ""expose_source_inventory"": true, ""llm_critic"": false, ""llm_numeric_routing"": false, ""llm_recovery_selection"": true, ""semantic_retries"": 1, ""state_recovery"": true}","{""cache_hits"": 157, ""cache_misses"": 0, ""compact_model_numeric_terms"": 0, ""model_attempts"": 0, ""model_documents"": 0, ""model_documents_attempted"": 0, ""parsed_documents"": 0, ""semantic_retries"": 0, ""source_documents"": 157, ""submitted_document_exposures"": 0, ""tool_derived_metadata_rules"": 0, ""verified_documents"": 157}",[],True,,False,0,,,,
parser_recovery,B4__capacity_cut__seed29__origin0,B4,capacity_cut,29,0,1867,B4-capacity_cut-seed29-origin0:day1867,a9405ab9325d456b9a715d2d560c104bf839a2e998afe00c240af65e6b6bceb0,executed,False,True,44.85776502174139,22.0,21.0,239.0,0,False,0,0,0,0,0,"{""pre_http_starts"": 0, ""paired_results"": 0, ""pairs"": []}",157,0,True,stochastic_milp,True,0,0.00045857206761565816,True,2.993390585997986,[],"{""cache_enabled"": true, ""cache_path"": ""/workspace/MasterDissertation/results/v2_pilot/evaluation_verified_cache"", ""compact_output"": true, ""enabled"": true, ""expose_source_inventory"": true, ""llm_critic"": false, ""llm_numeric_routing"": false, ""llm_recovery_selection"": true, ""semantic_retries"": 1, ""state_recovery"": true}","{""cache_hits"": 157, ""cache_misses"": 0, ""compact_model_numeric_terms"": 0, ""model_attempts"": 0, ""model_documents"": 0, ""model_documents_attempted"": 0, ""parsed_documents"": 0, ""semantic_retries"": 0, ""source_documents"": 157, ""submitted_document_exposures"": 0, ""tool_derived_metadata_rules"": 0, ""verified_documents"": 157}",[],True,,False,0,,,,
parser_recovery,B4__capacity_cut__seed29__origin0,B4,capacity_cut,29,0,1868,B4-capacity_cut-seed29-origin0:day1868,41a722f27709c90414b72bd74ddc9f9c1bfbb5e25c8c53f9a0d40f07432d80aa,executed,False,True,101.25528509706258,27.0,25.0,229.0,0,False,0,0,0,0,0,"{""pre_http_starts"": 0, ""paired_results"": 0, ""pairs"": []}",157,0,True,stochastic_milp,True,0,0.0009408578853071826,True,3.162493939998967,[],"{""cache_enabled"": true, ""cache_path"": ""/workspace/MasterDissertation/results/v2_pilot/evaluation_verified_cache"", ""compact_output"": true, ""enabled"": true, ""expose_source_inventory"": true, ""llm_critic"": false, ""llm_numeric_routing"": false, ""llm_recovery_selection"": true, ""semantic_retries"": 1, ""state_recovery"": true}","{""cache_hits"": 157, ""cache_misses"": 0, ""compact_model_numeric_terms"": 0, ""model_attempts"": 0, ""model_documents"": 0, ""model_documents_attempted"": 0, ""parsed_documents"": 0, ""semantic_retries"": 0, ""source_documents"": 157, ""submitted_document_exposures"": 0, ""tool_derived_metadata_rules"": 0, ""verified_documents"": 157}",[],True,,False,0,,,,
parser_recovery,B4__capacity_cut__seed29__origin0,B4,capacity_cut,29,0,1869,B4-capacity_cut-seed29-origin0:day1869,81c96d993f15371f2252aae192c08dea3124077e8a8aff0f18a149991cf42829,executed,False,True,27.766109998583797,36.0,36.0,219.0,0,False,0,0,0,0,0,"{""pre_http_starts"": 0, ""paired_results"": 0, ""pairs"": []}",157,0,True,stochastic_milp,True,0,0.00038493544294905893,True,1.4076904290013772,[],"{""cache_enabled"": true, ""cache_path"": ""/workspace/MasterDissertation/results/v2_pilot/evaluation_verified_cache"", ""compact_output"": true, ""enabled"": true, ""expose_source_inventory"": true, ""llm_critic"": false, ""llm_numeric_routing"": false, ""llm_recovery_selection"": true, ""semantic_retries"": 1, ""state_recovery"": true}","{""cache_hits"": 157, ""cache_misses"": 0, ""compact_model_numeric_terms"": 0, ""model_attempts"": 0, ""model_documents"": 0, ""model_documents_attempted"": 0, ""parsed_documents"": 0, ""semantic_retries"": 0, ""source_documents"": 157, ""submitted_document_exposures"": 0, ""tool_derived_metadata_rules"": 0, ""verified_documents"": 157}",[],True,,False,0,,,,
parser_recovery,B4__capacity_cut__seed29__origin0,B4,capacity_cut,29,0,1870,B4-capacity_cut-seed29-origin0:day1870,d1fcfca3142195c9058be72cd950751c12d201caa65ecca9e11cd32189175141,executed,False,True,37.50669999921322,34.0,34.0,226.0,0,False,0,0,0,0,0,"{""pre_http_starts"": 0, ""paired_results"": 0, ""pairs"": []}",157,0,True,stochastic_milp,True,1,0.025022416530240264,False,5.6194707109971205,[],"{""cache_enabled"": true, ""cache_path"": ""/workspace/MasterDissertation/results/v2_pilot/evaluation_verified_cache"", ""compact_output"": true, ""enabled"": true, ""expose_source_inventory"": true, ""llm_critic"": false, ""llm_numeric_routing"": false, ""llm_recovery_selection"": true, ""semantic_retries"": 1, ""state_recovery"": true}","{""cache_hits"": 157, ""cache_misses"": 0, ""compact_model_numeric_terms"": 0, ""model_attempts"": 0, ""model_documents"": 0, ""model_documents_attempted"": 0, ""parsed_documents"": 0, ""semantic_retries"": 0, ""source_documents"": 157, ""submitted_document_exposures"": 0, ""tool_derived_metadata_rules"": 0, ""verified_documents"": 157}",[],True,,False,0,,,,
parser_recovery,B4__capacity_cut__seed29__origin0,B4,capacity_cut,29,0,1871,B4-capacity_cut-seed29-origin0:day1871,e3793de95dde80ed112cefad459e33831e43087cc99d680adafa3a83e26c576e,executed,False,True,80.58428992116451,38.0,37.0,223.0,0,False,0,0,0,0,0,"{""pre_http_starts"": 0, ""paired_results"": 0, ""pairs"": []}",157,0,True,stochastic_milp,True,0,0.0009281115455726599,True,2.517585680998309,[],"{""cache_enabled"": true, ""cache_path"": ""/workspace/MasterDissertation/results/v2_pilot/evaluation_verified_cache"", ""compact_output"": true, ""enabled"": true, ""expose_source_inventory"": true, ""llm_critic"": false, ""llm_numeric_routing"": false, ""llm_recovery_selection"": true, ""semantic_retries"": 1, ""state_recovery"": true}","{""cache_hits"": 157, ""cache_misses"": 0, ""compact_model_numeric_terms"": 0, ""model_attempts"": 0, ""model_documents"": 0, ""model_documents_attempted"": 0, ""parsed_documents"": 0, ""semantic_retries"": 0, ""source_documents"": 157, ""submitted_document_exposures"": 0, ""tool_derived_metadata_rules"": 0, ""verified_documents"": 157}",[],True,,False,0,,,,
llm_v2_no_recovery,B10__normal__seed13__origin0,B10,normal,13,0,1858,B10-normal-seed13-origin0:day1858,5a5bac21b860d8a27d40e7502f9d4574e59a516c31ec706249e8c878f9e37cac,executed,False,True,32.11827002614737,28.0,27.0,258.0,0,False,1,956,0,1,0,"{""pre_http_starts"": 1, ""paired_results"": 1, ""pairs"": [{""started_ref"": ""4de75c8a03bedbb50dc1939b244e82eadc8c4cce137bb4acb57ccb99771dff2e"", ""result_ref"": ""0efef72bc0782a12b70e959485d731f0ed60654783cdddfd8cd470866ed27f2f"", ""result_kind"": ""llm_call"", ""start_seq"": 168, ""result_seq"": 169}]}",157,2,True,stochastic_milp,True,0,0.000977720140421123,True,13.07735213200067,[],"{""cache_enabled"": true, ""cache_path"": ""/workspace/MasterDissertation/results/v2_pilot/evaluation_verified_cache"", ""compact_output"": true, ""enabled"": true, ""expose_source_inventory"": true, ""llm_critic"": false, ""llm_numeric_routing"": false, ""llm_recovery_selection"": true, ""semantic_retries"": 1, ""state_recovery"": false}","{""cache_hits"": 0, ""cache_misses"": 157, ""compact_model_numeric_terms"": 2, ""model_attempts"": 1, ""model_documents"": 2, ""model_documents_attempted"": 2, ""parsed_documents"": 155, ""semantic_retries"": 0, ""source_documents"": 157, ""submitted_document_exposures"": 2, ""tool_derived_metadata_rules"": 2, ""verified_documents"": 157}",[],True,,False,0,,,,
llm_v2_no_recovery,B10__normal__seed13__origin0,B10,normal,13,0,1859,B10-normal-seed13-origin0:day1859,5de8a34072c7a3bfbd31b26222d89333a0ec358e3597b424b12bf577d05be320,executed,False,True,78.06128505182267,22.0,20.0,254.0,0,False,1,955,0,1,0,"{""pre_http_starts"": 1, ""paired_results"": 1, ""pairs"": [{""started_ref"": ""573387f091614dc6f629f4645d1e999786323d3f20009bc04b9327cb9d15831f"", ""result_ref"": ""c5e3caa65d33102964936b9142e46653a4a385c529d2fcc1933bda81f5077e9d"", ""result_kind"": ""llm_call"", ""start_seq"": 503, ""result_seq"": 504}]}",157,2,True,stochastic_milp,True,0,0.0009930932057834326,True,9.624737416001151,[],"{""cache_enabled"": true, ""cache_path"": ""/workspace/MasterDissertation/results/v2_pilot/evaluation_verified_cache"", ""compact_output"": true, ""enabled"": true, ""expose_source_inventory"": true, ""llm_critic"": false, ""llm_numeric_routing"": false, ""llm_recovery_selection"": true, ""semantic_retries"": 1, ""state_recovery"": false}","{""cache_hits"": 0, ""cache_misses"": 157, ""compact_model_numeric_terms"": 2, ""model_attempts"": 1, ""model_documents"": 2, ""model_documents_attempted"": 2, ""parsed_documents"": 155, ""semantic_retries"": 0, ""source_documents"": 157, ""submitted_document_exposures"": 2, ""tool_derived_metadata_rules"": 2, ""verified_documents"": 157}",[],True,,False,0,,,,
llm_v2_no_recovery,B10__normal__seed13__origin0,B10,normal,13,0,1860,B10-normal-seed13-origin0:day1860,e63e82cbb34dc53557efa9c1e4d830177f39415562dad6c2e24fad903d45b921,executed,False,True,39.31286990511418,41.0,40.0,218.0,0,False,1,956,0,1,0,"{""pre_http_starts"": 1, ""paired_results"": 1, ""pairs"": [{""started_ref"": ""e38f1cde209ba6a33da013ada6775ad242bd81d3c6e266204a05fd88cedc2688"", ""result_ref"": ""e985ad5db1d7c27d3af68b85ba8e4549429a78fe66f7353f8cd64742f3509919"", ""result_kind"": ""llm_call"", ""start_seq"": 838, ""result_seq"": 839}]}",157,2,True,stochastic_milp,True,0,0.0,True,8.831635080001433,[],"{""cache_enabled"": true, ""cache_path"": ""/workspace/MasterDissertation/results/v2_pilot/evaluation_verified_cache"", ""compact_output"": true, ""enabled"": true, ""expose_source_inventory"": true, ""llm_critic"": false, ""llm_numeric_routing"": false, ""llm_recovery_selection"": true, ""semantic_retries"": 1, ""state_recovery"": false}","{""cache_hits"": 0, ""cache_misses"": 157, ""compact_model_numeric_terms"": 2, ""model_attempts"": 1, ""model_documents"": 2, ""model_documents_attempted"": 2, ""parsed_documents"": 155, ""semantic_retries"": 0, ""source_documents"": 157, ""submitted_document_exposures"": 2, ""tool_derived_metadata_rules"": 2, ""verified_documents"": 157}",[],True,,False,0,,,,
llm_v2_no_recovery,B10__normal__seed13__origin0,B10,normal,13,0,1861,B10-normal-seed13-origin0:day1861,db9517b72d9a1480a671f49fee8fcb75173568d3607e5e0cff3b589b49098eff,executed,False,True,15.348450001180172,23.0,23.0,214.0,0,False,1,959,0,1,0,"{""pre_http_starts"": 1, ""paired_results"": 1, ""pairs"": [{""started_ref"": ""860d31070eb7e527039a6f94f9dea878255b601e5d23a4056641ff6cbb873073"", ""result_ref"": ""a1eac3a9232f848c8557bbdc1f51ddd6e2358606a1c52b3531c4a964c1f5d5e8"", ""result_kind"": ""llm_call"", ""start_seq"": 1173, ""result_seq"": 1174}]}",157,2,True,stochastic_milp,True,0,0.00016443060687554862,True,9.599842054001783,[],"{""cache_enabled"": true, ""cache_path"": ""/workspace/MasterDissertation/results/v2_pilot/evaluation_verified_cache"", ""compact_output"": true, ""enabled"": true, ""expose_source_inventory"": true, ""llm_critic"": false, ""llm_numeric_routing"": false, ""llm_recovery_selection"": true, ""semantic_retries"": 1, ""state_recovery"": false}","{""cache_hits"": 0, ""cache_misses"": 157, ""compact_model_numeric_terms"": 2, ""model_attempts"": 1, ""model_documents"": 2, ""model_documents_attempted"": 2, ""parsed_documents"": 155, ""semantic_retries"": 0, ""source_documents"": 157, ""submitted_document_exposures"": 2, ""tool_derived_metadata_rules"": 2, ""verified_documents"": 157}",[],True,,False,0,,,,
llm_v2_no_recovery,B10__normal__seed13__origin0,B10,normal,13,0,1862,B10-normal-seed13-origin0:day1862,1351fb0deb0dd0055286c6fa6ed2a11f2c9ea6f6dcff0390d00d8406def0519d,executed,False,True,90.05754506522418,35.0,35.0,207.0,0,False,1,956,0,1,0,"{""pre_http_starts"": 1, ""paired_results"": 1, ""pairs"": [{""started_ref"": ""905e67cc464c2ffcdb8033f2714a4ac80b2e094279f2c698444ded695d23c85d"", ""result_ref"": ""db5c66f87e83f938f4c00941bd635cc1bf7a5a8e106a2e0db1a9e35a91fc7691"", ""result_kind"": ""llm_call"", ""start_seq"": 1508, ""result_seq"": 1509}]}",157,2,True,stochastic_milp,True,0,0.0009993484682301783,True,9.49655643799997,[],"{""cache_enabled"": true, ""cache_path"": ""/workspace/MasterDissertation/results/v2_pilot/evaluation_verified_cache"", ""compact_output"": true, ""enabled"": true, ""expose_source_inventory"": true, ""llm_critic"": false, ""llm_numeric_routing"": false, ""llm_recovery_selection"": true, ""semantic_retries"": 1, ""state_recovery"": false}","{""cache_hits"": 0, ""cache_misses"": 157, ""compact_model_numeric_terms"": 2, ""model_attempts"": 1, ""model_documents"": 2, ""model_documents_attempted"": 2, ""parsed_documents"": 155, ""semantic_retries"": 0, ""source_documents"": 157, ""submitted_document_exposures"": 2, ""tool_derived_metadata_rules"": 2, ""verified_documents"": 157}",[],True,,False,0,,,,
llm_v2_no_recovery,B10__normal__seed13__origin0,B10,normal,13,0,1863,B10-normal-seed13-origin0:day1863,b3540d53296848d3a3521b3969406448388d408925efaccec036f06267c7964b,executed,False,True,58.62312481313944,50.0,50.0,155.0,0,False,1,947,0,1,0,"{""pre_http_starts"": 1, ""paired_results"": 1, ""pairs"": [{""started_ref"": ""1f676e2b0f18604ef7c7901aeec2606076bc2750807c0cf2465b23127caf58ab"", ""result_ref"": ""b486d0c2c56966831439365528f50e17261cd5104253b147f7f3318c7fd74200"", ""result_kind"": ""llm_call"", ""start_seq"": 1843, ""result_seq"": 1844}]}",157,2,True,stochastic_milp,True,0,0.0008578499382019955,True,11.022463154000434,[],"{""cache_enabled"": true, ""cache_path"": ""/workspace/MasterDissertation/results/v2_pilot/evaluation_verified_cache"", ""compact_output"": true, ""enabled"": true, ""expose_source_inventory"": true, ""llm_critic"": false, ""llm_numeric_routing"": false, ""llm_recovery_selection"": true, ""semantic_retries"": 1, ""state_recovery"": false}","{""cache_hits"": 0, ""cache_misses"": 157, ""compact_model_numeric_terms"": 2, ""model_attempts"": 1, ""model_documents"": 2, ""model_documents_attempted"": 2, ""parsed_documents"": 155, ""semantic_retries"": 0, ""source_documents"": 157, ""submitted_document_exposures"": 2, ""tool_derived_metadata_rules"": 2, ""verified_documents"": 157}",[],True,,False,0,,,,
llm_v2_no_recovery,B10__normal__seed13__origin0,B10,normal,13,0,1864,B10-normal-seed13-origin0:day1864,a10a60d8377bae40431cb140b5c6ad82734c9f3e381b4c4ce27d3458c27cfd66,executed,False,True,71.51088014209272,32.0,27.0,174.0,0,False,1,953,0,1,0,"{""pre_http_starts"": 1, ""paired_results"": 1, ""pairs"": [{""started_ref"": ""ac1a2ac6519ba18232d895084b2e8c194780ea1bbd26ff53ee7f5fad5b1cb362"", ""result_ref"": ""9f742b9fc047531e26f6aae530041dfa64d985485477fc3ab99c8d5d3afec25c"", ""result_kind"": ""llm_call"", ""start_seq"": 2178, ""result_seq"": 2179}]}",157,2,True,stochastic_milp,True,0,0.0007089162844531263,True,10.622553656998209,[],"{""cache_enabled"": true, ""cache_path"": ""/workspace/MasterDissertation/results/v2_pilot/evaluation_verified_cache"", ""compact_output"": true, ""enabled"": true, ""expose_source_inventory"": true, ""llm_critic"": false, ""llm_numeric_routing"": false, ""llm_recovery_selection"": true, ""semantic_retries"": 1, ""state_recovery"": false}","{""cache_hits"": 0, ""cache_misses"": 157, ""compact_model_numeric_terms"": 2, ""model_attempts"": 1, ""model_documents"": 2, ""model_documents_attempted"": 2, ""parsed_documents"": 155, ""semantic_retries"": 0, ""source_documents"": 157, ""submitted_document_exposures"": 2, ""tool_derived_metadata_rules"": 2, ""verified_documents"": 157}",[],True,,False,0,,,,
llm_v2_no_recovery,B10__normal__seed13__origin0,B10,normal,13,0,1865,B10-normal-seed13-origin0:day1865,9097bf7b2cc949a3209adb66aa5d16c7e22f698c3d4fad6641cb79a8c2c6f2c1,executed,False,True,78.82722500157357,31.0,28.0,186.0,0,False,1,953,0,1,0,"{""pre_http_starts"": 1, ""paired_results"": 1, ""pairs"": [{""started_ref"": ""9b80cfbf3c8ce0b90ef26e10518b2579b6ffccec4d36f6710bc25f71b7fee7a2"", ""result_ref"": ""895d650bd1515da9ca20c415afaac8b1e521a91f391e886515914d3cdd7f84eb"", ""result_kind"": ""llm_call"", ""start_seq"": 2513, ""result_seq"": 2514}]}",157,2,True,stochastic_milp,True,0,0.0004091300927370984,True,10.7955274119995,[],"{""cache_enabled"": true, ""cache_path"": ""/workspace/MasterDissertation/results/v2_pilot/evaluation_verified_cache"", ""compact_output"": true, ""enabled"": true, ""expose_source_inventory"": true, ""llm_critic"": false, ""llm_numeric_routing"": false, ""llm_recovery_selection"": true, ""semantic_retries"": 1, ""state_recovery"": false}","{""cache_hits"": 0, ""cache_misses"": 157, ""compact_model_numeric_terms"": 2, ""model_attempts"": 1, ""model_documents"": 2, ""model_documents_attempted"": 2, ""parsed_documents"": 155, ""semantic_retries"": 0, ""source_documents"": 157, ""submitted_document_exposures"": 2, ""tool_derived_metadata_rules"": 2, ""verified_documents"": 157}",[],True,,False,0,,,,
llm_v2_no_recovery,B10__normal__seed13__origin0,B10,normal,13,0,1866,B10-normal-seed13-origin0:day1866,2cb04058d377113e87b421539c0b8be51840fac13c7c4620d44ff54e3e117cbe,executed,False,True,85.61989493697882,31.0,24.0,224.0,0,False,1,956,0,1,0,"{""pre_http_starts"": 1, ""paired_results"": 1, ""pairs"": [{""started_ref"": ""85de00b6ecbbc9ddd04e2a8aed81ff86bff6e68fb58f610acd9e0caac15a81d9"", ""result_ref"": ""5f77bbee522b5827d37afcdf3b645af1287cb6e5cbbd0949e133f89af850ac77"", ""result_kind"": ""llm_call"", ""start_seq"": 2848, ""result_seq"": 2849}]}",157,2,True,stochastic_milp,True,0,0.0009361580622089923,True,9.511891572998138,[],"{""cache_enabled"": true, ""cache_path"": ""/workspace/MasterDissertation/results/v2_pilot/evaluation_verified_cache"", ""compact_output"": true, ""enabled"": true, ""expose_source_inventory"": true, ""llm_critic"": false, ""llm_numeric_routing"": false, ""llm_recovery_selection"": true, ""semantic_retries"": 1, ""state_recovery"": false}","{""cache_hits"": 0, ""cache_misses"": 157, ""compact_model_numeric_terms"": 2, ""model_attempts"": 1, ""model_documents"": 2, ""model_documents_attempted"": 2, ""parsed_documents"": 155, ""semantic_retries"": 0, ""source_documents"": 157, ""submitted_document_exposures"": 2, ""tool_derived_metadata_rules"": 2, ""verified_documents"": 157}",[],True,,False,0,,,,
llm_v2_no_recovery,B10__normal__seed13__origin0,B10,normal,13,0,1867,B10-normal-seed13-origin0:day1867,b109d935cfb66675122d05fcff4decf2077ee7e71e80da295d333d8ad541de32,executed,False,True,47.82927502661944,22.0,21.0,205.0,0,False,1,949,0,1,0,"{""pre_http_starts"": 1, ""paired_results"": 1, ""pairs"": [{""started_ref"": ""eda1c07deeba2563506dbc7b7c1129a1734c139b06c699ed7751f4edbc43fd5f"", ""result_ref"": ""87f97e991ae3dafc9b4357e309568ce60df673af40c63d305b47a3c1cce2ab25"", ""result_kind"": ""llm_call"", ""start_seq"": 3183, ""result_seq"": 3184}]}",157,2,True,stochastic_milp,True,0,0.0008764843050864547,True,9.62935504699999,[],"{""cache_enabled"": true, ""cache_path"": ""/workspace/MasterDissertation/results/v2_pilot/evaluation_verified_cache"", ""compact_output"": true, ""enabled"": true, ""expose_source_inventory"": true, ""llm_critic"": false, ""llm_numeric_routing"": false, ""llm_recovery_selection"": true, ""semantic_retries"": 1, ""state_recovery"": false}","{""cache_hits"": 0, ""cache_misses"": 157, ""compact_model_numeric_terms"": 2, ""model_attempts"": 1, ""model_documents"": 2, ""model_documents_attempted"": 2, ""parsed_documents"": 155, ""semantic_retries"": 0, ""source_documents"": 157, ""submitted_document_exposures"": 2, ""tool_derived_metadata_rules"": 2, ""verified_documents"": 157}",[],True,,False,0,,,,
llm_v2_no_recovery,B10__normal__seed13__origin0,B10,normal,13,0,1868,B10-normal-seed13-origin0:day1868,30f85d03c73a32069fb0e2730a8d4ebd5939327683ca756feed67dfd306547c6,executed,False,True,21.58790000039339,27.0,27.0,218.0,0,False,1,960,0,1,0,"{""pre_http_starts"": 1, ""paired_results"": 1, ""pairs"": [{""started_ref"": ""7975afdd7e9b3be1b3bc818e825d4d79d51644a7f955838c91c894ad6a956267"", ""result_ref"": ""7c77f5fb26f0f8ca89c70fcbe86c99eadee587c59e909e034e627ed191c0469a"", ""result_kind"": ""llm_call"", ""start_seq"": 3518, ""result_seq"": 3519}]}",157,2,True,stochastic_milp,True,0,0.0,True,9.092412259997218,[],"{""cache_enabled"": true, ""cache_path"": ""/workspace/MasterDissertation/results/v2_pilot/evaluation_verified_cache"", ""compact_output"": true, ""enabled"": true, ""expose_source_inventory"": true, ""llm_critic"": false, ""llm_numeric_routing"": false, ""llm_recovery_selection"": true, ""semantic_retries"": 1, ""state_recovery"": false}","{""cache_hits"": 0, ""cache_misses"": 157, ""compact_model_numeric_terms"": 2, ""model_attempts"": 1, ""model_documents"": 2, ""model_documents_attempted"": 2, ""parsed_documents"": 155, ""semantic_retries"": 0, ""source_documents"": 157, ""submitted_document_exposures"": 2, ""tool_derived_metadata_rules"": 2, ""verified_documents"": 157}",[],True,,False,0,,,,
llm_v2_no_recovery,B10__normal__seed13__origin0,B10,normal,13,0,1869,B10-normal-seed13-origin0:day1869,cbc00d2be27173059c22a6979961961dbe360c900115be11bafdb9b51edc926c,executed,False,True,60.06421971786023,36.0,36.0,201.0,0,False,1,952,0,1,0,"{""pre_http_starts"": 1, ""paired_results"": 1, ""pairs"": [{""started_ref"": ""e894fa11d7e5a82c3b61babb2e7b1ad22bcc3c8efa51110df1c2a8f4edad125d"", ""result_ref"": ""9dfca471228c871fe956703ed0ef3c81090181c8afe20f8d386dc044b0f6808c"", ""result_kind"": ""llm_call"", ""start_seq"": 3853, ""result_seq"": 3854}]}",157,2,True,stochastic_milp,True,0,5.302112587423604e-05,True,12.74893565399907,[],"{""cache_enabled"": true, ""cache_path"": ""/workspace/MasterDissertation/results/v2_pilot/evaluation_verified_cache"", ""compact_output"": true, ""enabled"": true, ""expose_source_inventory"": true, ""llm_critic"": false, ""llm_numeric_routing"": false, ""llm_recovery_selection"": true, ""semantic_retries"": 1, ""state_recovery"": false}","{""cache_hits"": 0, ""cache_misses"": 157, ""compact_model_numeric_terms"": 2, ""model_attempts"": 1, ""model_documents"": 2, ""model_documents_attempted"": 2, ""parsed_documents"": 155, ""semantic_retries"": 0, ""source_documents"": 157, ""submitted_document_exposures"": 2, ""tool_derived_metadata_rules"": 2, ""verified_documents"": 157}",[],True,,False,0,,,,
llm_v2_no_recovery,B10__normal__seed13__origin0,B10,normal,13,0,1870,B10-normal-seed13-origin0:day1870,c0acfc0d20e5580f8b3388fa770a74c5866c2c66a09a07e55091f53ffaefeae9,executed,False,True,59.64250000196695,34.0,34.0,183.0,0,False,1,961,0,1,0,"{""pre_http_starts"": 1, ""paired_results"": 1, ""pairs"": [{""started_ref"": ""a3b48433d14388364738d6243a1d77ad07eed7e41c9e9c697a6129ddf1bb9941"", ""result_ref"": ""56750f1a2e1624d6a6305cff41a838fa209e11bba1c52236a86a85e6b31d1bea"", ""result_kind"": ""llm_call"", ""start_seq"": 4188, ""result_seq"": 4189}]}",157,2,True,stochastic_milp,True,0,0.0,True,9.074908186998073,[],"{""cache_enabled"": true, ""cache_path"": ""/workspace/MasterDissertation/results/v2_pilot/evaluation_verified_cache"", ""compact_output"": true, ""enabled"": true, ""expose_source_inventory"": true, ""llm_critic"": false, ""llm_numeric_routing"": false, ""llm_recovery_selection"": true, ""semantic_retries"": 1, ""state_recovery"": false}","{""cache_hits"": 0, ""cache_misses"": 157, ""compact_model_numeric_terms"": 2, ""model_attempts"": 1, ""model_documents"": 2, ""model_documents_attempted"": 2, ""parsed_documents"": 155, ""semantic_retries"": 0, ""source_documents"": 157, ""submitted_document_exposures"": 2, ""tool_derived_metadata_rules"": 2, ""verified_documents"": 157}",[],True,,False,0,,,,
llm_v2_no_recovery,B10__normal__seed13__origin0,B10,normal,13,0,1871,B10-normal-seed13-origin0:day1871,4cb476d5802fc1a2c599f2f969ec9852636e3ab91f69f283c1a0cf01615cd105,executed,False,True,22.112420002281663,38.0,38.0,162.0,0,False,1,954,0,1,0,"{""pre_http_starts"": 1, ""paired_results"": 1, ""pairs"": [{""started_ref"": ""bc72b6f3b1b9b06868e55c479680fe8a9d6a18712936f61534e94bd5111eb1cb"", ""result_ref"": ""94a4f26ef7ae30e8a776c706bcb453791ca7958dcbddd366cc0296d756b15421"", ""result_kind"": ""llm_call"", ""start_seq"": 4523, ""result_seq"": 4524}]}",157,2,True,stochastic_milp,True,0,2.436988150400591e-16,True,9.993425076998392,[],"{""cache_enabled"": true, ""cache_path"": ""/workspace/MasterDissertation/results/v2_pilot/evaluation_verified_cache"", ""compact_output"": true, ""enabled"": true, ""expose_source_inventory"": true, ""llm_critic"": false, ""llm_numeric_routing"": false, ""llm_recovery_selection"": true, ""semantic_retries"": 1, ""state_recovery"": false}","{""cache_hits"": 0, ""cache_misses"": 157, ""compact_model_numeric_terms"": 2, ""model_attempts"": 1, ""model_documents"": 2, ""model_documents_attempted"": 2, ""parsed_documents"": 155, ""semantic_retries"": 0, ""source_documents"": 157, ""submitted_document_exposures"": 2, ""tool_derived_metadata_rules"": 2, ""verified_documents"": 157}",[],True,,False,0,,,,
llm_v2_no_recovery,B10__normal__seed29__origin0,B10,normal,29,0,1858,B10-normal-seed29-origin0:day1858,359a291d7e5d558136faff943b69436562ccf18eb849b2cbfb4eeb153cda1fcf,held,True,False,4.200570000708103,28.0,28.0,225.0,0,False,0,0,0,0,0,"{""pre_http_starts"": 0, ""paired_results"": 0, ""pairs"": []}",157,0,True,stochastic_milp,True,0,0.0005397835530322777,True,1.870711174000462,[],"{""cache_enabled"": true, ""cache_path"": ""/workspace/MasterDissertation/results/v2_pilot/evaluation_verified_cache"", ""compact_output"": true, ""enabled"": true, ""expose_source_inventory"": true, ""llm_critic"": false, ""llm_numeric_routing"": false, ""llm_recovery_selection"": true, ""semantic_retries"": 1, ""state_recovery"": false}","{""cache_hits"": 67, ""cache_misses"": 90, ""compact_model_numeric_terms"": 0, ""model_attempts"": 0, ""model_documents"": 0, ""model_documents_attempted"": 0, ""parsed_documents"": 90, ""semantic_retries"": 0, ""source_documents"": 157, ""submitted_document_exposures"": 0, ""tool_derived_metadata_rules"": 0, ""verified_documents"": 157}",[],True,,False,0,,,,
llm_v2_no_recovery,B10__normal__seed29__origin0,B10,normal,29,0,1859,B10-normal-seed29-origin0:day1859,78d834374f342fe827f5602868574318b43689533a64b5176428853bb16d746c,executed,False,True,110.90562993228436,22.0,21.0,171.0,0,False,0,0,0,0,0,"{""pre_http_starts"": 0, ""paired_results"": 0, ""pairs"": []}",157,0,True,stochastic_milp,True,0,0.0005087707639283103,True,1.3676668309999511,[],"{""cache_enabled"": true, ""cache_path"": ""/workspace/MasterDissertation/results/v2_pilot/evaluation_verified_cache"", ""compact_output"": true, ""enabled"": true, ""expose_source_inventory"": true, ""llm_critic"": false, ""llm_numeric_routing"": false, ""llm_recovery_selection"": true, ""semantic_retries"": 1, ""state_recovery"": false}","{""cache_hits"": 67, ""cache_misses"": 90, ""compact_model_numeric_terms"": 0, ""model_attempts"": 0, ""model_documents"": 0, ""model_documents_attempted"": 0, ""parsed_documents"": 90, ""semantic_retries"": 0, ""source_documents"": 157, ""submitted_document_exposures"": 0, ""tool_derived_metadata_rules"": 0, ""verified_documents"": 157}",[],True,,False,0,,,,
llm_v2_no_recovery,B10__normal__seed29__origin0,B10,normal,29,0,1860,B10-normal-seed29-origin0:day1860,3ede37cdeaf8af818641019c6d28be078e897fd5d929fe895aff585cada19e8a,executed,False,True,47.53594002121688,41.0,41.0,165.0,0,False,0,0,0,0,0,"{""pre_http_starts"": 0, ""paired_results"": 0, ""pairs"": []}",157,0,True,stochastic_milp,True,0,0.00038345200022108585,True,1.436866877000284,[],"{""cache_enabled"": true, ""cache_path"": ""/workspace/MasterDissertation/results/v2_pilot/evaluation_verified_cache"", ""compact_output"": true, ""enabled"": true, ""expose_source_inventory"": true, ""llm_critic"": false, ""llm_numeric_routing"": false, ""llm_recovery_selection"": true, ""semantic_retries"": 1, ""state_recovery"": false}","{""cache_hits"": 67, ""cache_misses"": 90, ""compact_model_numeric_terms"": 0, ""model_attempts"": 0, ""model_documents"": 0, ""model_documents_attempted"": 0, ""parsed_documents"": 90, ""semantic_retries"": 0, ""source_documents"": 157, ""submitted_document_exposures"": 0, ""tool_derived_metadata_rules"": 0, ""verified_documents"": 157}",[],True,,False,0,,,,
llm_v2_no_recovery,B10__normal__seed29__origin0,B10,normal,29,0,1861,B10-normal-seed29-origin0:day1861,4a97c4d01914f41f5a5604912b635c79d93f2a8e49d046e318f32baff61bd324,executed,False,True,114.51260502630473,23.0,22.0,202.0,0,False,0,0,0,0,0,"{""pre_http_starts"": 0, ""paired_results"": 0, ""pairs"": []}",157,0,True,stochastic_milp,True,0,0.0007424113651313583,True,2.8338144940025813,[],"{""cache_enabled"": true, ""cache_path"": ""/workspace/MasterDissertation/results/v2_pilot/evaluation_verified_cache"", ""compact_output"": true, ""enabled"": true, ""expose_source_inventory"": true, ""llm_critic"": false, ""llm_numeric_routing"": false, ""llm_recovery_selection"": true, ""semantic_retries"": 1, ""state_recovery"": false}","{""cache_hits"": 67, ""cache_misses"": 90, ""compact_model_numeric_terms"": 0, ""model_attempts"": 0, ""model_documents"": 0, ""model_documents_attempted"": 0, ""parsed_documents"": 90, ""semantic_retries"": 0, ""source_documents"": 157, ""submitted_document_exposures"": 0, ""tool_derived_metadata_rules"": 0, ""verified_documents"": 157}",[],True,,False,0,,,,
llm_v2_no_recovery,B10__normal__seed29__origin0,B10,normal,29,0,1862,B10-normal-seed29-origin0:day1862,e97f4c7775d556b3400196f5b895e41b457c47d951eab54787b7287fd4b17d0d,executed,False,True,45.82663974964618,35.0,35.0,218.0,0,False,0,0,0,0,0,"{""pre_http_starts"": 0, ""paired_results"": 0, ""pairs"": []}",157,0,True,stochastic_milp,True,0,0.0006918763942873926,True,1.7105430820010952,[],"{""cache_enabled"": true, ""cache_path"": ""/workspace/MasterDissertation/results/v2_pilot/evaluation_verified_cache"", ""compact_output"": true, ""enabled"": true, ""expose_source_inventory"": true, ""llm_critic"": false, ""llm_numeric_routing"": false, ""llm_recovery_selection"": true, ""semantic_retries"": 1, ""state_recovery"": false}","{""cache_hits"": 67, ""cache_misses"": 90, ""compact_model_numeric_terms"": 0, ""model_attempts"": 0, ""model_documents"": 0, ""model_documents_attempted"": 0, ""parsed_documents"": 90, ""semantic_retries"": 0, ""source_documents"": 157, ""submitted_document_exposures"": 0, ""tool_derived_metadata_rules"": 0, ""verified_documents"": 157}",[],True,,False,0,,,,
llm_v2_no_recovery,B10__normal__seed29__origin0,B10,normal,29,0,1863,B10-normal-seed29-origin0:day1863,f42dae1724b1d00f5adb74a74f29b9a533a8884ca2e9384bc67b0f6b435212ae,executed,False,True,35.425360053002834,50.0,48.0,231.0,0,False,0,0,0,0,0,"{""pre_http_starts"": 0, ""paired_results"": 0, ""pairs"": []}",157,0,True,stochastic_milp,True,0,0.0,True,2.6439476930027013,[],"{""cache_enabled"": true, ""cache_path"": ""/workspace/MasterDissertation/results/v2_pilot/evaluation_verified_cache"", ""compact_output"": true, ""enabled"": true, ""expose_source_inventory"": true, ""llm_critic"": false, ""llm_numeric_routing"": false, ""llm_recovery_selection"": true, ""semantic_retries"": 1, ""state_recovery"": false}","{""cache_hits"": 67, ""cache_misses"": 90, ""compact_model_numeric_terms"": 0, ""model_attempts"": 0, ""model_documents"": 0, ""model_documents_attempted"": 0, ""parsed_documents"": 90, ""semantic_retries"": 0, ""source_documents"": 157, ""submitted_document_exposures"": 0, ""tool_derived_metadata_rules"": 0, ""verified_documents"": 157}",[],True,,False,0,,,,
llm_v2_no_recovery,B10__normal__seed29__origin0,B10,normal,29,0,1864,B10-normal-seed29-origin0:day1864,bb26307a37ee12a886592d38645b9aa4e3a5a00cebb5be828b844450fa2fe633,executed,False,True,61.79750004196168,32.0,28.0,232.0,0,False,0,0,0,0,0,"{""pre_http_starts"": 0, ""paired_results"": 0, ""pairs"": []}",157,0,True,stochastic_milp,True,0,0.0005396337924683012,True,2.734274860002188,[],"{""cache_enabled"": true, ""cache_path"": ""/workspace/MasterDissertation/results/v2_pilot/evaluation_verified_cache"", ""compact_output"": true, ""enabled"": true, ""expose_source_inventory"": true, ""llm_critic"": false, ""llm_numeric_routing"": false, ""llm_recovery_selection"": true, ""semantic_retries"": 1, ""state_recovery"": false}","{""cache_hits"": 67, ""cache_misses"": 90, ""compact_model_numeric_terms"": 0, ""model_attempts"": 0, ""model_documents"": 0, ""model_documents_attempted"": 0, ""parsed_documents"": 90, ""semantic_retries"": 0, ""source_documents"": 157, ""submitted_document_exposures"": 0, ""tool_derived_metadata_rules"": 0, ""verified_documents"": 157}",[],True,,False,0,,,,
llm_v2_no_recovery,B10__normal__seed29__origin0,B10,normal,29,0,1865,B10-normal-seed29-origin0:day1865,6a95f62d073e709b16b0cca064190147fc89a2fed17aa05bc8231089b19b5c32,executed,False,True,53.708974882245066,31.0,31.0,222.0,0,False,0,0,0,0,0,"{""pre_http_starts"": 0, ""paired_results"": 0, ""pairs"": []}",157,0,True,stochastic_milp,True,0,0.0008917089136470226,True,2.576967596000032,[],"{""cache_enabled"": true, ""cache_path"": ""/workspace/MasterDissertation/results/v2_pilot/evaluation_verified_cache"", ""compact_output"": true, ""enabled"": true, ""expose_source_inventory"": true, ""llm_critic"": false, ""llm_numeric_routing"": false, ""llm_recovery_selection"": true, ""semantic_retries"": 1, ""state_recovery"": false}","{""cache_hits"": 67, ""cache_misses"": 90, ""compact_model_numeric_terms"": 0, ""model_attempts"": 0, ""model_documents"": 0, ""model_documents_attempted"": 0, ""parsed_documents"": 90, ""semantic_retries"": 0, ""source_documents"": 157, ""submitted_document_exposures"": 0, ""tool_derived_metadata_rules"": 0, ""verified_documents"": 157}",[],True,,False,0,,,,
llm_v2_no_recovery,B10__normal__seed29__origin0,B10,normal,29,0,1866,B10-normal-seed29-origin0:day1866,58c0d403c94e2ea6d20f9fc641d82c56e74fff3de1aa92a73f26831ec7e57366,executed,False,True,85.3386649978757,31.0,25.0,205.0,0,False,0,0,0,0,0,"{""pre_http_starts"": 0, ""paired_results"": 0, ""pairs"": []}",157,0,True,stochastic_milp,True,0,0.0009300254267711311,True,1.565390037998441,[],"{""cache_enabled"": true, ""cache_path"": ""/workspace/MasterDissertation/results/v2_pilot/evaluation_verified_cache"", ""compact_output"": true, ""enabled"": true, ""expose_source_inventory"": true, ""llm_critic"": false, ""llm_numeric_routing"": false, ""llm_recovery_selection"": true, ""semantic_retries"": 1, ""state_recovery"": false}","{""cache_hits"": 67, ""cache_misses"": 90, ""compact_model_numeric_terms"": 0, ""model_attempts"": 0, ""model_documents"": 0, ""model_documents_attempted"": 0, ""parsed_documents"": 90, ""semantic_retries"": 0, ""source_documents"": 157, ""submitted_document_exposures"": 0, ""tool_derived_metadata_rules"": 0, ""verified_documents"": 157}",[],True,,False,0,,,,
llm_v2_no_recovery,B10__normal__seed29__origin0,B10,normal,29,0,1867,B10-normal-seed29-origin0:day1867,0a97e4b5aaae74768915c616d070c55fc72ccf236e6f1407bf29aec6e1a723b2,executed,False,True,34.07535499614477,22.0,22.0,221.0,0,False,0,0,0,0,0,"{""pre_http_starts"": 0, ""paired_results"": 0, ""pairs"": []}",157,0,True,stochastic_milp,True,0,0.0009333150929968446,True,2.456337266001356,[],"{""cache_enabled"": true, ""cache_path"": ""/workspace/MasterDissertation/results/v2_pilot/evaluation_verified_cache"", ""compact_output"": true, ""enabled"": true, ""expose_source_inventory"": true, ""llm_critic"": false, ""llm_numeric_routing"": false, ""llm_recovery_selection"": true, ""semantic_retries"": 1, ""state_recovery"": false}","{""cache_hits"": 67, ""cache_misses"": 90, ""compact_model_numeric_terms"": 0, ""model_attempts"": 0, ""model_documents"": 0, ""model_documents_attempted"": 0, ""parsed_documents"": 90, ""semantic_retries"": 0, ""source_documents"": 157, ""submitted_document_exposures"": 0, ""tool_derived_metadata_rules"": 0, ""verified_documents"": 157}",[],True,,False,0,,,,
llm_v2_no_recovery,B10__normal__seed29__origin0,B10,normal,29,0,1868,B10-normal-seed29-origin0:day1868,9d981c0cae92a64e0808275289dc551f126f1a41d6682c0c70685a7da47999dd,executed,False,True,111.0604498923421,27.0,25.0,213.0,0,False,0,0,0,0,0,"{""pre_http_starts"": 0, ""paired_results"": 0, ""pairs"": []}",157,0,True,stochastic_milp,True,0,0.0006336287453617411,True,3.716226561999065,[],"{""cache_enabled"": true, ""cache_path"": ""/workspace/MasterDissertation/results/v2_pilot/evaluation_verified_cache"", ""compact_output"": true, ""enabled"": true, ""expose_source_inventory"": true, ""llm_critic"": false, ""llm_numeric_routing"": false, ""llm_recovery_selection"": true, ""semantic_retries"": 1, ""state_recovery"": false}","{""cache_hits"": 67, ""cache_misses"": 90, ""compact_model_numeric_terms"": 0, ""model_attempts"": 0, ""model_documents"": 0, ""model_documents_attempted"": 0, ""parsed_documents"": 90, ""semantic_retries"": 0, ""source_documents"": 157, ""submitted_document_exposures"": 0, ""tool_derived_metadata_rules"": 0, ""verified_documents"": 157}",[],True,,False,0,,,,
llm_v2_no_recovery,B10__normal__seed29__origin0,B10,normal,29,0,1869,B10-normal-seed29-origin0:day1869,ff37f3bc3cb1a65ec98b88ea6e37d6afddd2a031b4551f8bb5ea10cb34b87d7e,executed,False,True,11.051594997167587,36.0,36.0,217.0,0,False,0,0,0,0,0,"{""pre_http_starts"": 0, ""paired_results"": 0, ""pairs"": []}",157,0,True,stochastic_milp,True,0,0.0009849056006871772,True,1.756848484998045,[],"{""cache_enabled"": true, ""cache_path"": ""/workspace/MasterDissertation/results/v2_pilot/evaluation_verified_cache"", ""compact_output"": true, ""enabled"": true, ""expose_source_inventory"": true, ""llm_critic"": false, ""llm_numeric_routing"": false, ""llm_recovery_selection"": true, ""semantic_retries"": 1, ""state_recovery"": false}","{""cache_hits"": 67, ""cache_misses"": 90, ""compact_model_numeric_terms"": 0, ""model_attempts"": 0, ""model_documents"": 0, ""model_documents_attempted"": 0, ""parsed_documents"": 90, ""semantic_retries"": 0, ""source_documents"": 157, ""submitted_document_exposures"": 0, ""tool_derived_metadata_rules"": 0, ""verified_documents"": 157}",[],True,,False,0,,,,
llm_v2_no_recovery,B10__normal__seed29__origin0,B10,normal,29,0,1870,B10-normal-seed29-origin0:day1870,61a3dab26616991c737b9736d7d70b9ada6f205002e90dd388ce8e1dd64ce3bb,executed,False,True,65.26786508101225,34.0,34.0,233.0,0,False,0,0,0,0,0,"{""pre_http_starts"": 0, ""paired_results"": 0, ""pairs"": []}",157,0,True,stochastic_milp,True,0,0.0008728968017888293,True,5.657056321000709,[],"{""cache_enabled"": true, ""cache_path"": ""/workspace/MasterDissertation/results/v2_pilot/evaluation_verified_cache"", ""compact_output"": true, ""enabled"": true, ""expose_source_inventory"": true, ""llm_critic"": false, ""llm_numeric_routing"": false, ""llm_recovery_selection"": true, ""semantic_retries"": 1, ""state_recovery"": false}","{""cache_hits"": 67, ""cache_misses"": 90, ""compact_model_numeric_terms"": 0, ""model_attempts"": 0, ""model_documents"": 0, ""model_documents_attempted"": 0, ""parsed_documents"": 90, ""semantic_retries"": 0, ""source_documents"": 157, ""submitted_document_exposures"": 0, ""tool_derived_metadata_rules"": 0, ""verified_documents"": 157}",[],True,,False,0,,,,
llm_v2_no_recovery,B10__normal__seed29__origin0,B10,normal,29,0,1871,B10-normal-seed29-origin0:day1871,baa998db6a3294342d204d434756042f7e4ebe4d5359aedef0e22aebb320e0f0,executed,False,True,51.58736503052712,38.0,38.0,197.0,0,False,0,0,0,0,0,"{""pre_http_starts"": 0, ""paired_results"": 0, ""pairs"": []}",157,0,True,stochastic_milp,True,0,0.0009909172358271066,True,4.855346272997849,[],"{""cache_enabled"": true, ""cache_path"": ""/workspace/MasterDissertation/results/v2_pilot/evaluation_verified_cache"", ""compact_output"": true, ""enabled"": true, ""expose_source_inventory"": true, ""llm_critic"": false, ""llm_numeric_routing"": false, ""llm_recovery_selection"": true, ""semantic_retries"": 1, ""state_recovery"": false}","{""cache_hits"": 67, ""cache_misses"": 90, ""compact_model_numeric_terms"": 0, ""model_attempts"": 0, ""model_documents"": 0, ""model_documents_attempted"": 0, ""parsed_documents"": 90, ""semantic_retries"": 0, ""source_documents"": 157, ""submitted_document_exposures"": 0, ""tool_derived_metadata_rules"": 0, ""verified_documents"": 157}",[],True,,False,0,,,,
llm_v2_no_recovery,B10__derived_field_collapse__seed13__origin0,B10,derived_field_collapse,13,0,1858,B10-derived_field_collapse-seed13-origin0:day1858,6cfc205cf234d9fd940bd99be12a86f8904dc4cf1d202456b5ac900839d9bf81,executed,False,True,32.11827002614737,28.0,27.0,258.0,0,False,0,0,0,0,0,"{""pre_http_starts"": 0, ""paired_results"": 0, ""pairs"": []}",157,0,True,stochastic_milp,True,0,0.000977720140421123,True,1.7416329309999128,[],"{""cache_enabled"": true, ""cache_path"": ""/workspace/MasterDissertation/results/v2_pilot/evaluation_verified_cache"", ""compact_output"": true, ""enabled"": true, ""expose_source_inventory"": true, ""llm_critic"": false, ""llm_numeric_routing"": false, ""llm_recovery_selection"": true, ""semantic_retries"": 1, ""state_recovery"": false}","{""cache_hits"": 157, ""cache_misses"": 0, ""compact_model_numeric_terms"": 0, ""model_attempts"": 0, ""model_documents"": 0, ""model_documents_attempted"": 0, ""parsed_documents"": 0, ""semantic_retries"": 0, ""source_documents"": 157, ""submitted_document_exposures"": 0, ""tool_derived_metadata_rules"": 0, ""verified_documents"": 157}",[],True,,False,0,,,,
llm_v2_no_recovery,B10__derived_field_collapse__seed13__origin0,B10,derived_field_collapse,13,0,1859,B10-derived_field_collapse-seed13-origin0:day1859,166eec25072ef1df656867694debe52e09930ffb850b991a82c0b0dca32554c0,executed,False,True,78.06128505182267,22.0,20.0,254.0,0,False,0,0,0,0,0,"{""pre_http_starts"": 0, ""paired_results"": 0, ""pairs"": []}",157,0,True,stochastic_milp,True,0,0.0009930932057834326,True,1.658780375000788,[],"{""cache_enabled"": true, ""cache_path"": ""/workspace/MasterDissertation/results/v2_pilot/evaluation_verified_cache"", ""compact_output"": true, ""enabled"": true, ""expose_source_inventory"": true, ""llm_critic"": false, ""llm_numeric_routing"": false, ""llm_recovery_selection"": true, ""semantic_retries"": 1, ""state_recovery"": false}","{""cache_hits"": 157, ""cache_misses"": 0, ""compact_model_numeric_terms"": 0, ""model_attempts"": 0, ""model_documents"": 0, ""model_documents_attempted"": 0, ""parsed_documents"": 0, ""semantic_retries"": 0, ""source_documents"": 157, ""submitted_document_exposures"": 0, ""tool_derived_metadata_rules"": 0, ""verified_documents"": 157}",[],True,,False,0,,,,
llm_v2_no_recovery,B10__derived_field_collapse__seed13__origin0,B10,derived_field_collapse,13,0,1860,B10-derived_field_collapse-seed13-origin0:day1860,1d53b3806c4663ef8c0fb439e72f23e5c339e6bdbca1e5f148d17cc4445bafe9,executed,False,True,39.31286990511418,41.0,40.0,218.0,0,False,0,0,0,0,0,"{""pre_http_starts"": 0, ""paired_results"": 0, ""pairs"": []}",157,0,True,stochastic_milp,True,0,0.0,True,1.1049950439992244,[],"{""cache_enabled"": true, ""cache_path"": ""/workspace/MasterDissertation/results/v2_pilot/evaluation_verified_cache"", ""compact_output"": true, ""enabled"": true, ""expose_source_inventory"": true, ""llm_critic"": false, ""llm_numeric_routing"": false, ""llm_recovery_selection"": true, ""semantic_retries"": 1, ""state_recovery"": false}","{""cache_hits"": 157, ""cache_misses"": 0, ""compact_model_numeric_terms"": 0, ""model_attempts"": 0, ""model_documents"": 0, ""model_documents_attempted"": 0, ""parsed_documents"": 0, ""semantic_retries"": 0, ""source_documents"": 157, ""submitted_document_exposures"": 0, ""tool_derived_metadata_rules"": 0, ""verified_documents"": 157}",[],True,,False,0,,,,
llm_v2_no_recovery,B10__derived_field_collapse__seed13__origin0,B10,derived_field_collapse,13,0,1861,B10-derived_field_collapse-seed13-origin0:day1861,cc9fa764ba6118ebb171e53a468038f56cf0f212640be889b6daaf8c8b9fd5b9,executed,False,True,15.348450001180172,23.0,23.0,214.0,0,False,0,0,0,0,0,"{""pre_http_starts"": 0, ""paired_results"": 0, ""pairs"": []}",157,0,True,stochastic_milp,True,0,0.00016443060687554862,True,1.0167296120016545,[],"{""cache_enabled"": true, ""cache_path"": ""/workspace/MasterDissertation/results/v2_pilot/evaluation_verified_cache"", ""compact_output"": true, ""enabled"": true, ""expose_source_inventory"": true, ""llm_critic"": false, ""llm_numeric_routing"": false, ""llm_recovery_selection"": true, ""semantic_retries"": 1, ""state_recovery"": false}","{""cache_hits"": 157, ""cache_misses"": 0, ""compact_model_numeric_terms"": 0, ""model_attempts"": 0, ""model_documents"": 0, ""model_documents_attempted"": 0, ""parsed_documents"": 0, ""semantic_retries"": 0, ""source_documents"": 157, ""submitted_document_exposures"": 0, ""tool_derived_metadata_rules"": 0, ""verified_documents"": 157}",[],True,,False,0,,,,
llm_v2_no_recovery,B10__derived_field_collapse__seed13__origin0,B10,derived_field_collapse,13,0,1862,B10-derived_field_collapse-seed13-origin0:day1862,ce91663981f4a6ca823f3b0b6ed0809ee28770f52ca93b0b9e57396541932096,held,True,False,4.222515001416207,35.0,35.0,229.0,0,False,0,0,0,0,0,"{""pre_http_starts"": 0, ""paired_results"": 0, ""pairs"": []}",157,0,False,hold,False,not_run,,,0.0207712920018821,[],"{""cache_enabled"": true, ""cache_path"": ""/workspace/MasterDissertation/results/v2_pilot/evaluation_verified_cache"", ""compact_output"": true, ""enabled"": true, ""expose_source_inventory"": true, ""llm_critic"": false, ""llm_numeric_routing"": false, ""llm_recovery_selection"": true, ""semantic_retries"": 1, ""state_recovery"": false}",{},[],,,False,0,,,,
llm_v2_no_recovery,B10__derived_field_collapse__seed13__origin0,B10,derived_field_collapse,13,0,1863,B10-derived_field_collapse-seed13-origin0:day1863,63f963dfa4ffa350d50f5f28995459be942947665ebebf2d9da4cfff224e4b5b,held,True,False,8.32369992250204,50.0,49.0,186.0,0,False,0,0,0,0,0,"{""pre_http_starts"": 0, ""paired_results"": 0, ""pairs"": []}",157,0,False,hold,False,not_run,,,0.0200768260001495,[],"{""cache_enabled"": true, ""cache_path"": ""/workspace/MasterDissertation/results/v2_pilot/evaluation_verified_cache"", ""compact_output"": true, ""enabled"": true, ""expose_source_inventory"": true, ""llm_critic"": false, ""llm_numeric_routing"": false, ""llm_recovery_selection"": true, ""semantic_retries"": 1, ""state_recovery"": false}",{},[],,,False,0,,,,
llm_v2_no_recovery,B10__derived_field_collapse__seed13__origin0,B10,derived_field_collapse,13,0,1864,B10-derived_field_collapse-seed13-origin0:day1864,2480b1800c7040ae2266536353be6fcfa97ca5e65a6520cd2b46547dc17028bc,held,True,False,52.974295105218886,32.0,24.0,198.0,0,False,0,0,0,0,0,"{""pre_http_starts"": 0, ""paired_results"": 0, ""pairs"": []}",157,0,False,hold,False,not_run,,,0.0198924489995988,[],"{""cache_enabled"": true, ""cache_path"": ""/workspace/MasterDissertation/results/v2_pilot/evaluation_verified_cache"", ""compact_output"": true, ""enabled"": true, ""expose_source_inventory"": true, ""llm_critic"": false, ""llm_numeric_routing"": false, ""llm_recovery_selection"": true, ""semantic_retries"": 1, ""state_recovery"": false}",{},[],,,False,0,,,,
llm_v2_no_recovery,B10__derived_field_collapse__seed13__origin0,B10,derived_field_collapse,13,0,1865,B10-derived_field_collapse-seed13-origin0:day1865,8c4937a20a97bbfd8b7d5a550b482675fe9cbc4e61bc8399c7c2ef7f16660b77,held,True,False,41.75611000055075,31.0,25.0,179.0,0,False,0,0,0,0,0,"{""pre_http_starts"": 0, ""paired_results"": 0, ""pairs"": []}",157,0,False,hold,False,not_run,,,0.0198242970000137,[],"{""cache_enabled"": true, ""cache_path"": ""/workspace/MasterDissertation/results/v2_pilot/evaluation_verified_cache"", ""compact_output"": true, ""enabled"": true, ""expose_source_inventory"": true, ""llm_critic"": false, ""llm_numeric_routing"": false, ""llm_recovery_selection"": true, ""semantic_retries"": 1, ""state_recovery"": false}",{},[],,,False,0,,,,
llm_v2_no_recovery,B10__derived_field_collapse__seed13__origin0,B10,derived_field_collapse,13,0,1866,B10-derived_field_collapse-seed13-origin0:day1866,22d95bebdefe37d06a9c295a9f9a162ea2cd4b6d4a2f72ad9f433f73a11f891c,held,True,False,57.8475700007081,31.0,22.0,157.0,0,False,0,0,0,0,0,"{""pre_http_starts"": 0, ""paired_results"": 0, ""pairs"": []}",157,0,False,hold,False,not_run,,,0.0187396840010478,[],"{""cache_enabled"": true, ""cache_path"": ""/workspace/MasterDissertation/results/v2_pilot/evaluation_verified_cache"", ""compact_output"": true, ""enabled"": true, ""expose_source_inventory"": true, ""llm_critic"": false, ""llm_numeric_routing"": false, ""llm_recovery_selection"": true, ""semantic_retries"": 1, ""state_recovery"": false}",{},[],,,False,0,,,,
llm_v2_no_recovery,B10__derived_field_collapse__seed13__origin0,B10,derived_field_collapse,13,0,1867,B10-derived_field_collapse-seed13-origin0:day1867,36d1451bc1abec68441fd7bff424f2fe411f59025ad636aed5998d9dd659df1a,executed,False,True,197.3765148755312,22.0,12.0,112.0,0,False,0,0,0,0,0,"{""pre_http_starts"": 0, ""paired_results"": 0, ""pairs"": []}",157,0,True,stochastic_milp,True,0,0.0004087503437564951,True,2.158417665999877,[],"{""cache_enabled"": true, ""cache_path"": ""/workspace/MasterDissertation/results/v2_pilot/evaluation_verified_cache"", ""compact_output"": true, ""enabled"": true, ""expose_source_inventory"": true, ""llm_critic"": false, ""llm_numeric_routing"": false, ""llm_recovery_selection"": true, ""semantic_retries"": 1, ""state_recovery"": false}","{""cache_hits"": 157, ""cache_misses"": 0, ""compact_model_numeric_terms"": 0, ""model_attempts"": 0, ""model_documents"": 0, ""model_documents_attempted"": 0, ""parsed_documents"": 0, ""semantic_retries"": 0, ""source_documents"": 157, ""submitted_document_exposures"": 0, ""tool_derived_metadata_rules"": 0, ""verified_documents"": 157}",[],True,,False,0,,,,
llm_v2_no_recovery,B10__derived_field_collapse__seed13__origin0,B10,derived_field_collapse,13,0,1868,B10-derived_field_collapse-seed13-origin0:day1868,45d249f7e3e4f6c1a5aa55be5cbdeacbb766aab5bb850e54f0d8d615bc6f0aa9,executed,False,True,70.23606995874644,27.0,24.0,95.0,0,False,0,0,0,0,0,"{""pre_http_starts"": 0, ""paired_results"": 0, ""pairs"": []}",157,0,True,stochastic_milp,True,0,0.0,True,1.074487866000709,[],"{""cache_enabled"": true, ""cache_path"": ""/workspace/MasterDissertation/results/v2_pilot/evaluation_verified_cache"", ""compact_output"": true, ""enabled"": true, ""expose_source_inventory"": true, ""llm_critic"": false, ""llm_numeric_routing"": false, ""llm_recovery_selection"": true, ""semantic_retries"": 1, ""state_recovery"": false}","{""cache_hits"": 157, ""cache_misses"": 0, ""compact_model_numeric_terms"": 0, ""model_attempts"": 0, ""model_documents"": 0, ""model_documents_attempted"": 0, ""parsed_documents"": 0, ""semantic_retries"": 0, ""source_documents"": 157, ""submitted_document_exposures"": 0, ""tool_derived_metadata_rules"": 0, ""verified_documents"": 157}",[],True,,False,0,,,,
llm_v2_no_recovery,B10__derived_field_collapse__seed13__origin0,B10,derived_field_collapse,13,0,1869,B10-derived_field_collapse-seed13-origin0:day1869,05c90552f6c02bd969cd8d65797177376e50b01460200c1bbeb8a111a133073b,executed,False,True,149.65964981353284,36.0,23.0,81.0,0,False,0,0,0,0,0,"{""pre_http_starts"": 0, ""paired_results"": 0, ""pairs"": []}",157,0,True,stochastic_milp,True,0,0.0,True,0.958653666999453,[],"{""cache_enabled"": true, ""cache_path"": ""/workspace/MasterDissertation/results/v2_pilot/evaluation_verified_cache"", ""compact_output"": true, ""enabled"": true, ""expose_source_inventory"": true, ""llm_critic"": false, ""llm_numeric_routing"": false, ""llm_recovery_selection"": true, ""semantic_retries"": 1, ""state_recovery"": false}","{""cache_hits"": 157, ""cache_misses"": 0, ""compact_model_numeric_terms"": 0, ""model_attempts"": 0, ""model_documents"": 0, ""model_documents_attempted"": 0, ""parsed_documents"": 0, ""semantic_retries"": 0, ""source_documents"": 157, ""submitted_document_exposures"": 0, ""tool_derived_metadata_rules"": 0, ""verified_documents"": 157}",[],True,,False,0,,,,
llm_v2_no_recovery,B10__derived_field_collapse__seed13__origin0,B10,derived_field_collapse,13,0,1870,B10-derived_field_collapse-seed13-origin0:day1870,d82152a108996fb2a3fa0305d363a4d7516d2345ad359eb8ebb18bb84d519b0b,executed,False,True,47.496489922344686,34.0,29.0,89.0,0,False,0,0,0,0,0,"{""pre_http_starts"": 0, ""paired_results"": 0, ""pairs"": []}",157,0,True,stochastic_milp,True,0,0.0007138964736574452,True,1.3279611699981615,[],"{""cache_enabled"": true, ""cache_path"": ""/workspace/MasterDissertation/results/v2_pilot/evaluation_verified_cache"", ""compact_output"": true, ""enabled"": true, ""expose_source_inventory"": true, ""llm_critic"": false, ""llm_numeric_routing"": false, ""llm_recovery_selection"": true, ""semantic_retries"": 1, ""state_recovery"": false}","{""cache_hits"": 157, ""cache_misses"": 0, ""compact_model_numeric_terms"": 0, ""model_attempts"": 0, ""model_documents"": 0, ""model_documents_attempted"": 0, ""parsed_documents"": 0, ""semantic_retries"": 0, ""source_documents"": 157, ""submitted_document_exposures"": 0, ""tool_derived_metadata_rules"": 0, ""verified_documents"": 157}",[],True,,False,0,,,,
llm_v2_no_recovery,B10__derived_field_collapse__seed13__origin0,B10,derived_field_collapse,13,0,1871,B10-derived_field_collapse-seed13-origin0:day1871,fa3ee54db773b558ba05eaf68aa8750e3dbc1b801c10147c29cc75a5585e1f16,executed,False,True,111.295924880147,38.0,34.0,144.0,0,False,0,0,0,0,0,"{""pre_http_starts"": 0, ""paired_results"": 0, ""pairs"": []}",157,0,True,stochastic_milp,True,0,0.0003282285267330143,True,1.3517526910000015,[],"{""cache_enabled"": true, ""cache_path"": ""/workspace/MasterDissertation/results/v2_pilot/evaluation_verified_cache"", ""compact_output"": true, ""enabled"": true, ""expose_source_inventory"": true, ""llm_critic"": false, ""llm_numeric_routing"": false, ""llm_recovery_selection"": true, ""semantic_retries"": 1, ""state_recovery"": false}","{""cache_hits"": 157, ""cache_misses"": 0, ""compact_model_numeric_terms"": 0, ""model_attempts"": 0, ""model_documents"": 0, ""model_documents_attempted"": 0, ""parsed_documents"": 0, ""semantic_retries"": 0, ""source_documents"": 157, ""submitted_document_exposures"": 0, ""tool_derived_metadata_rules"": 0, ""verified_documents"": 157}",[],True,,False,0,,,,
llm_v2_no_recovery,B10__derived_field_collapse__seed29__origin0,B10,derived_field_collapse,29,0,1858,B10-derived_field_collapse-seed29-origin0:day1858,ecfc5e01b70c6e00b485dd0504db6dbc197c1ceedf362b61f5f009805cb8504c,held,True,False,4.200570000708103,28.0,28.0,225.0,0,False,0,0,0,0,0,"{""pre_http_starts"": 0, ""paired_results"": 0, ""pairs"": []}",157,0,True,stochastic_milp,True,0,0.0005397835530322777,True,1.5665086019980663,[],"{""cache_enabled"": true, ""cache_path"": ""/workspace/MasterDissertation/results/v2_pilot/evaluation_verified_cache"", ""compact_output"": true, ""enabled"": true, ""expose_source_inventory"": true, ""llm_critic"": false, ""llm_numeric_routing"": false, ""llm_recovery_selection"": true, ""semantic_retries"": 1, ""state_recovery"": false}","{""cache_hits"": 157, ""cache_misses"": 0, ""compact_model_numeric_terms"": 0, ""model_attempts"": 0, ""model_documents"": 0, ""model_documents_attempted"": 0, ""parsed_documents"": 0, ""semantic_retries"": 0, ""source_documents"": 157, ""submitted_document_exposures"": 0, ""tool_derived_metadata_rules"": 0, ""verified_documents"": 157}",[],True,,False,0,,,,
llm_v2_no_recovery,B10__derived_field_collapse__seed29__origin0,B10,derived_field_collapse,29,0,1859,B10-derived_field_collapse-seed29-origin0:day1859,8a4dc31f8071e1b67c1fa64402d0db5011ca9e830286401684ed2d7892ed8918,executed,False,True,110.90562993228436,22.0,21.0,171.0,0,False,0,0,0,0,0,"{""pre_http_starts"": 0, ""paired_results"": 0, ""pairs"": []}",157,0,True,stochastic_milp,True,0,0.0005087707639283103,True,1.0686549250021926,[],"{""cache_enabled"": true, ""cache_path"": ""/workspace/MasterDissertation/results/v2_pilot/evaluation_verified_cache"", ""compact_output"": true, ""enabled"": true, ""expose_source_inventory"": true, ""llm_critic"": false, ""llm_numeric_routing"": false, ""llm_recovery_selection"": true, ""semantic_retries"": 1, ""state_recovery"": false}","{""cache_hits"": 157, ""cache_misses"": 0, ""compact_model_numeric_terms"": 0, ""model_attempts"": 0, ""model_documents"": 0, ""model_documents_attempted"": 0, ""parsed_documents"": 0, ""semantic_retries"": 0, ""source_documents"": 157, ""submitted_document_exposures"": 0, ""tool_derived_metadata_rules"": 0, ""verified_documents"": 157}",[],True,,False,0,,,,
llm_v2_no_recovery,B10__derived_field_collapse__seed29__origin0,B10,derived_field_collapse,29,0,1860,B10-derived_field_collapse-seed29-origin0:day1860,9ed33edfe4fe281c00e85cbb15f572206be36e6d1438d1d97add282bea2378cc,executed,False,True,47.53594002121688,41.0,41.0,165.0,0,False,0,0,0,0,0,"{""pre_http_starts"": 0, ""paired_results"": 0, ""pairs"": []}",157,0,True,stochastic_milp,True,0,0.00038345200022108585,True,1.140541642998869,[],"{""cache_enabled"": true, ""cache_path"": ""/workspace/MasterDissertation/results/v2_pilot/evaluation_verified_cache"", ""compact_output"": true, ""enabled"": true, ""expose_source_inventory"": true, ""llm_critic"": false, ""llm_numeric_routing"": false, ""llm_recovery_selection"": true, ""semantic_retries"": 1, ""state_recovery"": false}","{""cache_hits"": 157, ""cache_misses"": 0, ""compact_model_numeric_terms"": 0, ""model_attempts"": 0, ""model_documents"": 0, ""model_documents_attempted"": 0, ""parsed_documents"": 0, ""semantic_retries"": 0, ""source_documents"": 157, ""submitted_document_exposures"": 0, ""tool_derived_metadata_rules"": 0, ""verified_documents"": 157}",[],True,,False,0,,,,
llm_v2_no_recovery,B10__derived_field_collapse__seed29__origin0,B10,derived_field_collapse,29,0,1861,B10-derived_field_collapse-seed29-origin0:day1861,e70aced5d03e2d6de7264b25df832528a67a0961f246163913cf868d1aaab71b,executed,False,True,114.51260502630473,23.0,22.0,202.0,0,False,0,0,0,0,0,"{""pre_http_starts"": 0, ""paired_results"": 0, ""pairs"": []}",157,0,True,stochastic_milp,True,0,0.0007424113651313583,True,2.345448569998553,[],"{""cache_enabled"": true, ""cache_path"": ""/workspace/MasterDissertation/results/v2_pilot/evaluation_verified_cache"", ""compact_output"": true, ""enabled"": true, ""expose_source_inventory"": true, ""llm_critic"": false, ""llm_numeric_routing"": false, ""llm_recovery_selection"": true, ""semantic_retries"": 1, ""state_recovery"": false}","{""cache_hits"": 157, ""cache_misses"": 0, ""compact_model_numeric_terms"": 0, ""model_attempts"": 0, ""model_documents"": 0, ""model_documents_attempted"": 0, ""parsed_documents"": 0, ""semantic_retries"": 0, ""source_documents"": 157, ""submitted_document_exposures"": 0, ""tool_derived_metadata_rules"": 0, ""verified_documents"": 157}",[],True,,False,0,,,,
llm_v2_no_recovery,B10__derived_field_collapse__seed29__origin0,B10,derived_field_collapse,29,0,1862,B10-derived_field_collapse-seed29-origin0:day1862,6b81b1f0a1e2719292ef736db7e793e91708d919d7de4bcfb3dde3b5b554b3c4,held,True,False,4.367055001258849,35.0,35.0,240.0,0,False,0,0,0,0,0,"{""pre_http_starts"": 0, ""paired_results"": 0, ""pairs"": []}",157,0,False,hold,False,not_run,,,0.0202696159976767,[],"{""cache_enabled"": true, ""cache_path"": ""/workspace/MasterDissertation/results/v2_pilot/evaluation_verified_cache"", ""compact_output"": true, ""enabled"": true, ""expose_source_inventory"": true, ""llm_critic"": false, ""llm_numeric_routing"": false, ""llm_recovery_selection"": true, ""semantic_retries"": 1, ""state_recovery"": false}",{},[],,,False,0,,,,
llm_v2_no_recovery,B10__derived_field_collapse__seed29__origin0,B10,derived_field_collapse,29,0,1863,B10-derived_field_collapse-seed29-origin0:day1863,f4976761c5f4c76490e41f367b86de131ce2786ca37b8976f95f1310fba86f57,held,True,False,10.710535027563571,50.0,49.0,253.0,0,False,0,0,0,0,0,"{""pre_http_starts"": 0, ""paired_results"": 0, ""pairs"": []}",157,0,False,hold,False,not_run,,,0.0202636069989239,[],"{""cache_enabled"": true, ""cache_path"": ""/workspace/MasterDissertation/results/v2_pilot/evaluation_verified_cache"", ""compact_output"": true, ""enabled"": true, ""expose_source_inventory"": true, ""llm_critic"": false, ""llm_numeric_routing"": false, ""llm_recovery_selection"": true, ""semantic_retries"": 1, ""state_recovery"": false}",{},[],,,False,0,,,,
llm_v2_no_recovery,B10__derived_field_collapse__seed29__origin0,B10,derived_field_collapse,29,0,1864,B10-derived_field_collapse-seed29-origin0:day1864,5021f07a144aea1ef3ee178eed0363ecdaf3c4b4e45bde3159390a86f020a818,held,True,False,34.991000133097174,32.0,27.0,232.0,0,False,0,0,0,0,0,"{""pre_http_starts"": 0, ""paired_results"": 0, ""pairs"": []}",157,0,False,hold,False,not_run,,,0.0221344739984488,[],"{""cache_enabled"": true, ""cache_path"": ""/workspace/MasterDissertation/results/v2_pilot/evaluation_verified_cache"", ""compact_output"": true, ""enabled"": true, ""expose_source_inventory"": true, ""llm_critic"": false, ""llm_numeric_routing"": false, ""llm_recovery_selection"": true, ""semantic_retries"": 1, ""state_recovery"": false}",{},[],,,False,0,,,,
llm_v2_no_recovery,B10__derived_field_collapse__seed29__origin0,B10,derived_field_collapse,29,0,1865,B10-derived_field_collapse-seed29-origin0:day1865,27dbd27bef544a70df5537e9f6f2fc06f1dbff277531a9f2d3373d448dce681c,held,True,False,44.41524992328882,31.0,24.0,208.0,0,False,0,0,0,0,0,"{""pre_http_starts"": 0, ""paired_results"": 0, ""pairs"": []}",157,0,False,hold,False,not_run,,,0.019318815000588,[],"{""cache_enabled"": true, ""cache_path"": ""/workspace/MasterDissertation/results/v2_pilot/evaluation_verified_cache"", ""compact_output"": true, ""enabled"": true, ""expose_source_inventory"": true, ""llm_critic"": false, ""llm_numeric_routing"": false, ""llm_recovery_selection"": true, ""semantic_retries"": 1, ""state_recovery"": false}",{},[],,,False,0,,,,
llm_v2_no_recovery,B10__derived_field_collapse__seed29__origin0,B10,derived_field_collapse,29,0,1866,B10-derived_field_collapse-seed29-origin0:day1866,bc4ff4b96539cdddbf0c5922c5fa03eeb4b9406b4dbf7c20ed03419127f1b7a8,held,True,False,63.27139492321015,31.0,21.0,187.0,0,False,0,0,0,0,0,"{""pre_http_starts"": 0, ""paired_results"": 0, ""pairs"": []}",157,0,False,hold,False,not_run,,,0.0202053499997418,[],"{""cache_enabled"": true, ""cache_path"": ""/workspace/MasterDissertation/results/v2_pilot/evaluation_verified_cache"", ""compact_output"": true, ""enabled"": true, ""expose_source_inventory"": true, ""llm_critic"": false, ""llm_numeric_routing"": false, ""llm_recovery_selection"": true, ""semantic_retries"": 1, ""state_recovery"": false}",{},[],,,False,0,,,,
llm_v2_no_recovery,B10__derived_field_collapse__seed29__origin0,B10,derived_field_collapse,29,0,1867,B10-derived_field_collapse-seed29-origin0:day1867,d93095765e657cdab0f4eee925b4ac3bfc192540fc04b764d00b52005b230a3e,executed,False,True,157.77510477125645,22.0,18.0,125.0,0,False,0,0,0,0,0,"{""pre_http_starts"": 0, ""paired_results"": 0, ""pairs"": []}",157,0,True,stochastic_milp,True,0,0.000497951050464228,True,3.555962497001019,[],"{""cache_enabled"": true, ""cache_path"": ""/workspace/MasterDissertation/results/v2_pilot/evaluation_verified_cache"", ""compact_output"": true, ""enabled"": true, ""expose_source_inventory"": true, ""llm_critic"": false, ""llm_numeric_routing"": false, ""llm_recovery_selection"": true, ""semantic_retries"": 1, ""state_recovery"": false}","{""cache_hits"": 157, ""cache_misses"": 0, ""compact_model_numeric_terms"": 0, ""model_attempts"": 0, ""model_documents"": 0, ""model_documents_attempted"": 0, ""parsed_documents"": 0, ""semantic_retries"": 0, ""source_documents"": 157, ""submitted_document_exposures"": 0, ""tool_derived_metadata_rules"": 0, ""verified_documents"": 157}",[],True,,False,0,,,,
llm_v2_no_recovery,B10__derived_field_collapse__seed29__origin0,B10,derived_field_collapse,29,0,1868,B10-derived_field_collapse-seed29-origin0:day1868,d211e8f50c49419e6a6adeaf12b2bbad2b1d48740609cebd3fad3c778d1779ed,executed,False,True,86.2434200232625,27.0,23.0,142.0,0,False,0,0,0,0,0,"{""pre_http_starts"": 0, ""paired_results"": 0, ""pairs"": []}",157,0,True,stochastic_milp,True,0,0.0003741966119006233,True,1.583576687000459,[],"{""cache_enabled"": true, ""cache_path"": ""/workspace/MasterDissertation/results/v2_pilot/evaluation_verified_cache"", ""compact_output"": true, ""enabled"": true, ""expose_source_inventory"": true, ""llm_critic"": false, ""llm_numeric_routing"": false, ""llm_recovery_selection"": true, ""semantic_retries"": 1, ""state_recovery"": false}","{""cache_hits"": 157, ""cache_misses"": 0, ""compact_model_numeric_terms"": 0, ""model_attempts"": 0, ""model_documents"": 0, ""model_documents_attempted"": 0, ""parsed_documents"": 0, ""semantic_retries"": 0, ""source_documents"": 157, ""submitted_document_exposures"": 0, ""tool_derived_metadata_rules"": 0, ""verified_documents"": 157}",[],True,,False,0,,,,
llm_v2_no_recovery,B10__derived_field_collapse__seed29__origin0,B10,derived_field_collapse,29,0,1869,B10-derived_field_collapse-seed29-origin0:day1869,b4c9b883e0695ebbe66749e27de3c7e22119c92299054af9c33eada535a9c531,executed,False,True,105.1067799988985,36.0,34.0,176.0,0,False,0,0,0,0,0,"{""pre_http_starts"": 0, ""paired_results"": 0, ""pairs"": []}",157,0,True,stochastic_milp,True,0,0.00015708094423219277,True,1.3188961630003178,[],"{""cache_enabled"": true, ""cache_path"": ""/workspace/MasterDissertation/results/v2_pilot/evaluation_verified_cache"", ""compact_output"": true, ""enabled"": true, ""expose_source_inventory"": true, ""llm_critic"": false, ""llm_numeric_routing"": false, ""llm_recovery_selection"": true, ""semantic_retries"": 1, ""state_recovery"": false}","{""cache_hits"": 157, ""cache_misses"": 0, ""compact_model_numeric_terms"": 0, ""model_attempts"": 0, ""model_documents"": 0, ""model_documents_attempted"": 0, ""parsed_documents"": 0, ""semantic_retries"": 0, ""source_documents"": 157, ""submitted_document_exposures"": 0, ""tool_derived_metadata_rules"": 0, ""verified_documents"": 157}",[],True,,False,0,,,,
llm_v2_no_recovery,B10__derived_field_collapse__seed29__origin0,B10,derived_field_collapse,29,0,1870,B10-derived_field_collapse-seed29-origin0:day1870,60094f32579713d65c0b63e401708f9097399bf98b3dc36f537d56b605a64c0b,executed,False,True,45.93668996876478,34.0,34.0,197.0,0,False,0,0,0,0,0,"{""pre_http_starts"": 0, ""paired_results"": 0, ""pairs"": []}",157,0,True,stochastic_milp,True,0,0.0007851363889034444,True,3.2038602130014624,[],"{""cache_enabled"": true, ""cache_path"": ""/workspace/MasterDissertation/results/v2_pilot/evaluation_verified_cache"", ""compact_output"": true, ""enabled"": true, ""expose_source_inventory"": true, ""llm_critic"": false, ""llm_numeric_routing"": false, ""llm_recovery_selection"": true, ""semantic_retries"": 1, ""state_recovery"": false}","{""cache_hits"": 157, ""cache_misses"": 0, ""compact_model_numeric_terms"": 0, ""model_attempts"": 0, ""model_documents"": 0, ""model_documents_attempted"": 0, ""parsed_documents"": 0, ""semantic_retries"": 0, ""source_documents"": 157, ""submitted_document_exposures"": 0, ""tool_derived_metadata_rules"": 0, ""verified_documents"": 157}",[],True,,False,0,,,,
llm_v2_no_recovery,B10__derived_field_collapse__seed29__origin0,B10,derived_field_collapse,29,0,1871,B10-derived_field_collapse-seed29-origin0:day1871,8252cf86a1a8bc7528fe3ba3c4dccc4788231ae7a854dbda0f2ae5ea5edc8414,executed,False,True,52.59060496336222,38.0,37.0,230.0,0,False,0,0,0,0,0,"{""pre_http_starts"": 0, ""paired_results"": 0, ""pairs"": []}",157,0,True,stochastic_milp,True,0,0.00011516378098714419,True,3.1631485300022177,[],"{""cache_enabled"": true, ""cache_path"": ""/workspace/MasterDissertation/results/v2_pilot/evaluation_verified_cache"", ""compact_output"": true, ""enabled"": true, ""expose_source_inventory"": true, ""llm_critic"": false, ""llm_numeric_routing"": false, ""llm_recovery_selection"": true, ""semantic_retries"": 1, ""state_recovery"": false}","{""cache_hits"": 157, ""cache_misses"": 0, ""compact_model_numeric_terms"": 0, ""model_attempts"": 0, ""model_documents"": 0, ""model_documents_attempted"": 0, ""parsed_documents"": 0, ""semantic_retries"": 0, ""source_documents"": 157, ""submitted_document_exposures"": 0, ""tool_derived_metadata_rules"": 0, ""verified_documents"": 157}",[],True,,False,0,,,,
llm_v2_no_recovery,B10__feed_gap__seed13__origin0,B10,feed_gap,13,0,1858,B10-feed_gap-seed13-origin0:day1858,8fc527bb7fd2393f92203a1fa2b21188031ba5a802255070a6f8f368aebea6f6,executed,False,True,32.11827002614737,28.0,27.0,258.0,0,False,0,0,0,0,0,"{""pre_http_starts"": 0, ""paired_results"": 0, ""pairs"": []}",157,0,True,stochastic_milp,True,0,0.000977720140421123,True,1.8004257989996404,[],"{""cache_enabled"": true, ""cache_path"": ""/workspace/MasterDissertation/results/v2_pilot/evaluation_verified_cache"", ""compact_output"": true, ""enabled"": true, ""expose_source_inventory"": true, ""llm_critic"": false, ""llm_numeric_routing"": false, ""llm_recovery_selection"": true, ""semantic_retries"": 1, ""state_recovery"": false}","{""cache_hits"": 157, ""cache_misses"": 0, ""compact_model_numeric_terms"": 0, ""model_attempts"": 0, ""model_documents"": 0, ""model_documents_attempted"": 0, ""parsed_documents"": 0, ""semantic_retries"": 0, ""source_documents"": 157, ""submitted_document_exposures"": 0, ""tool_derived_metadata_rules"": 0, ""verified_documents"": 157}",[],True,,False,0,,,,
llm_v2_no_recovery,B10__feed_gap__seed13__origin0,B10,feed_gap,13,0,1859,B10-feed_gap-seed13-origin0:day1859,8895530f97b64211d060857d2b89364a3cfba91ae1e7f98406907bc737524438,executed,False,True,78.06128505182267,22.0,20.0,254.0,0,False,0,0,0,0,0,"{""pre_http_starts"": 0, ""paired_results"": 0, ""pairs"": []}",157,0,True,stochastic_milp,True,0,0.0009930932057834326,True,1.7485613050012034,[],"{""cache_enabled"": true, ""cache_path"": ""/workspace/MasterDissertation/results/v2_pilot/evaluation_verified_cache"", ""compact_output"": true, ""enabled"": true, ""expose_source_inventory"": true, ""llm_critic"": false, ""llm_numeric_routing"": false, ""llm_recovery_selection"": true, ""semantic_retries"": 1, ""state_recovery"": false}","{""cache_hits"": 157, ""cache_misses"": 0, ""compact_model_numeric_terms"": 0, ""model_attempts"": 0, ""model_documents"": 0, ""model_documents_attempted"": 0, ""parsed_documents"": 0, ""semantic_retries"": 0, ""source_documents"": 157, ""submitted_document_exposures"": 0, ""tool_derived_metadata_rules"": 0, ""verified_documents"": 157}",[],True,,False,0,,,,
llm_v2_no_recovery,B10__feed_gap__seed13__origin0,B10,feed_gap,13,0,1860,B10-feed_gap-seed13-origin0:day1860,ce9c0c16a893cfdba4bc3075cb735a37603a0acac6614c64df648026066445ee,executed,False,True,39.31286990511418,41.0,40.0,218.0,0,False,0,0,0,0,0,"{""pre_http_starts"": 0, ""paired_results"": 0, ""pairs"": []}",157,0,True,stochastic_milp,True,0,0.0,True,1.159934344002977,[],"{""cache_enabled"": true, ""cache_path"": ""/workspace/MasterDissertation/results/v2_pilot/evaluation_verified_cache"", ""compact_output"": true, ""enabled"": true, ""expose_source_inventory"": true, ""llm_critic"": false, ""llm_numeric_routing"": false, ""llm_recovery_selection"": true, ""semantic_retries"": 1, ""state_recovery"": false}","{""cache_hits"": 157, ""cache_misses"": 0, ""compact_model_numeric_terms"": 0, ""model_attempts"": 0, ""model_documents"": 0, ""model_documents_attempted"": 0, ""parsed_documents"": 0, ""semantic_retries"": 0, ""source_documents"": 157, ""submitted_document_exposures"": 0, ""tool_derived_metadata_rules"": 0, ""verified_documents"": 157}",[],True,,False,0,,,,
llm_v2_no_recovery,B10__feed_gap__seed13__origin0,B10,feed_gap,13,0,1861,B10-feed_gap-seed13-origin0:day1861,e1b5d002d5ba3502abc29878c63f380001035f0abf00fbc4dee6e7553704e2f9,executed,False,True,15.348450001180172,23.0,23.0,214.0,0,False,0,0,0,0,0,"{""pre_http_starts"": 0, ""paired_results"": 0, ""pairs"": []}",157,0,True,stochastic_milp,True,0,0.00016443060687554862,True,1.025868807999359,[],"{""cache_enabled"": true, ""cache_path"": ""/workspace/MasterDissertation/results/v2_pilot/evaluation_verified_cache"", ""compact_output"": true, ""enabled"": true, ""expose_source_inventory"": true, ""llm_critic"": false, ""llm_numeric_routing"": false, ""llm_recovery_selection"": true, ""semantic_retries"": 1, ""state_recovery"": false}","{""cache_hits"": 157, ""cache_misses"": 0, ""compact_model_numeric_terms"": 0, ""model_attempts"": 0, ""model_documents"": 0, ""model_documents_attempted"": 0, ""parsed_documents"": 0, ""semantic_retries"": 0, ""source_documents"": 157, ""submitted_document_exposures"": 0, ""tool_derived_metadata_rules"": 0, ""verified_documents"": 157}",[],True,,False,0,,,,
llm_v2_no_recovery,B10__feed_gap__seed13__origin0,B10,feed_gap,13,0,1862,B10-feed_gap-seed13-origin0:day1862,ed4f00036b7de265bd3b403b40dd2cd78e13fbefd0bac828952f73a0b33438d7,held,True,False,4.222515001416207,35.0,35.0,229.0,0,False,0,0,0,0,0,"{""pre_http_starts"": 0, ""paired_results"": 0, ""pairs"": []}",157,0,False,hold,False,not_run,,,0.0206262640022032,[],"{""cache_enabled"": true, ""cache_path"": ""/workspace/MasterDissertation/results/v2_pilot/evaluation_verified_cache"", ""compact_output"": true, ""enabled"": true, ""expose_source_inventory"": true, ""llm_critic"": false, ""llm_numeric_routing"": false, ""llm_recovery_selection"": true, ""semantic_retries"": 1, ""state_recovery"": false}",{},[],,,False,0,,,,
llm_v2_no_recovery,B10__feed_gap__seed13__origin0,B10,feed_gap,13,0,1863,B10-feed_gap-seed13-origin0:day1863,776218031eaa87a06591ed846d951745cb1e38686e36e4bea2dc3b474225212f,held,True,False,8.32369992250204,50.0,49.0,186.0,0,False,0,0,0,0,0,"{""pre_http_starts"": 0, ""paired_results"": 0, ""pairs"": []}",157,0,False,hold,False,not_run,,,0.0202864419989055,[],"{""cache_enabled"": true, ""cache_path"": ""/workspace/MasterDissertation/results/v2_pilot/evaluation_verified_cache"", ""compact_output"": true, ""enabled"": true, ""expose_source_inventory"": true, ""llm_critic"": false, ""llm_numeric_routing"": false, ""llm_recovery_selection"": true, ""semantic_retries"": 1, ""state_recovery"": false}",{},[],,,False,0,,,,
llm_v2_no_recovery,B10__feed_gap__seed13__origin0,B10,feed_gap,13,0,1864,B10-feed_gap-seed13-origin0:day1864,dd2265703f381fdc7c60158bee9c00b5851b1842c03c5ff8ca08b23d13354967,held,True,False,52.974295105218886,32.0,24.0,198.0,0,False,0,0,0,0,0,"{""pre_http_starts"": 0, ""paired_results"": 0, ""pairs"": []}",157,0,False,hold,False,not_run,,,0.0200280339995515,[],"{""cache_enabled"": true, ""cache_path"": ""/workspace/MasterDissertation/results/v2_pilot/evaluation_verified_cache"", ""compact_output"": true, ""enabled"": true, ""expose_source_inventory"": true, ""llm_critic"": false, ""llm_numeric_routing"": false, ""llm_recovery_selection"": true, ""semantic_retries"": 1, ""state_recovery"": false}",{},[],,,False,0,,,,
llm_v2_no_recovery,B10__feed_gap__seed13__origin0,B10,feed_gap,13,0,1865,B10-feed_gap-seed13-origin0:day1865,643bdb737cd6480116b00ff3176f0b66e31f068920abd3aeb74f9dae09791963,held,True,False,41.75611000055075,31.0,25.0,179.0,0,False,0,0,0,0,0,"{""pre_http_starts"": 0, ""paired_results"": 0, ""pairs"": []}",157,0,False,hold,False,not_run,,,0.0226486889987427,[],"{""cache_enabled"": true, ""cache_path"": ""/workspace/MasterDissertation/results/v2_pilot/evaluation_verified_cache"", ""compact_output"": true, ""enabled"": true, ""expose_source_inventory"": true, ""llm_critic"": false, ""llm_numeric_routing"": false, ""llm_recovery_selection"": true, ""semantic_retries"": 1, ""state_recovery"": false}",{},[],,,False,0,,,,
llm_v2_no_recovery,B10__feed_gap__seed13__origin0,B10,feed_gap,13,0,1866,B10-feed_gap-seed13-origin0:day1866,9d10167cc1de3ab3c661625cf264972930068adc16412e412c51db7122e65796,held,True,False,57.8475700007081,31.0,22.0,157.0,0,False,0,0,0,0,0,"{""pre_http_starts"": 0, ""paired_results"": 0, ""pairs"": []}",157,0,False,hold,False,not_run,,,0.0208996860019397,[],"{""cache_enabled"": true, ""cache_path"": ""/workspace/MasterDissertation/results/v2_pilot/evaluation_verified_cache"", ""compact_output"": true, ""enabled"": true, ""expose_source_inventory"": true, ""llm_critic"": false, ""llm_numeric_routing"": false, ""llm_recovery_selection"": true, ""semantic_retries"": 1, ""state_recovery"": false}",{},[],,,False,0,,,,
llm_v2_no_recovery,B10__feed_gap__seed13__origin0,B10,feed_gap,13,0,1867,B10-feed_gap-seed13-origin0:day1867,58b21ce47dcd427fa01deb84740bc5d651df882172a0269916d2ce77f0172a5e,executed,False,True,197.3765148755312,22.0,12.0,112.0,0,False,0,0,0,0,0,"{""pre_http_starts"": 0, ""paired_results"": 0, ""pairs"": []}",157,0,True,stochastic_milp,True,0,0.0004087503437564951,True,2.074493722997431,[],"{""cache_enabled"": true, ""cache_path"": ""/workspace/MasterDissertation/results/v2_pilot/evaluation_verified_cache"", ""compact_output"": true, ""enabled"": true, ""expose_source_inventory"": true, ""llm_critic"": false, ""llm_numeric_routing"": false, ""llm_recovery_selection"": true, ""semantic_retries"": 1, ""state_recovery"": false}","{""cache_hits"": 157, ""cache_misses"": 0, ""compact_model_numeric_terms"": 0, ""model_attempts"": 0, ""model_documents"": 0, ""model_documents_attempted"": 0, ""parsed_documents"": 0, ""semantic_retries"": 0, ""source_documents"": 157, ""submitted_document_exposures"": 0, ""tool_derived_metadata_rules"": 0, ""verified_documents"": 157}",[],True,,False,0,,,,
llm_v2_no_recovery,B10__feed_gap__seed13__origin0,B10,feed_gap,13,0,1868,B10-feed_gap-seed13-origin0:day1868,3daae77685e540a2ac26c109f82f5ba0dd57634722670821b42da870c8483d87,executed,False,True,70.23606995874644,27.0,24.0,95.0,0,False,0,0,0,0,0,"{""pre_http_starts"": 0, ""paired_results"": 0, ""pairs"": []}",157,0,True,stochastic_milp,True,0,0.0,True,1.0920088540005963,[],"{""cache_enabled"": true, ""cache_path"": ""/workspace/MasterDissertation/results/v2_pilot/evaluation_verified_cache"", ""compact_output"": true, ""enabled"": true, ""expose_source_inventory"": true, ""llm_critic"": false, ""llm_numeric_routing"": false, ""llm_recovery_selection"": true, ""semantic_retries"": 1, ""state_recovery"": false}","{""cache_hits"": 157, ""cache_misses"": 0, ""compact_model_numeric_terms"": 0, ""model_attempts"": 0, ""model_documents"": 0, ""model_documents_attempted"": 0, ""parsed_documents"": 0, ""semantic_retries"": 0, ""source_documents"": 157, ""submitted_document_exposures"": 0, ""tool_derived_metadata_rules"": 0, ""verified_documents"": 157}",[],True,,False,0,,,,
llm_v2_no_recovery,B10__feed_gap__seed13__origin0,B10,feed_gap,13,0,1869,B10-feed_gap-seed13-origin0:day1869,5d0e29a3eeded75a9ed1d638996607a203f1edb7e15cf097b2df88dc4440ea73,executed,False,True,149.65964981353284,36.0,23.0,81.0,0,False,0,0,0,0,0,"{""pre_http_starts"": 0, ""paired_results"": 0, ""pairs"": []}",157,0,True,stochastic_milp,True,0,0.0,True,0.9478209920016524,[],"{""cache_enabled"": true, ""cache_path"": ""/workspace/MasterDissertation/results/v2_pilot/evaluation_verified_cache"", ""compact_output"": true, ""enabled"": true, ""expose_source_inventory"": true, ""llm_critic"": false, ""llm_numeric_routing"": false, ""llm_recovery_selection"": true, ""semantic_retries"": 1, ""state_recovery"": false}","{""cache_hits"": 157, ""cache_misses"": 0, ""compact_model_numeric_terms"": 0, ""model_attempts"": 0, ""model_documents"": 0, ""model_documents_attempted"": 0, ""parsed_documents"": 0, ""semantic_retries"": 0, ""source_documents"": 157, ""submitted_document_exposures"": 0, ""tool_derived_metadata_rules"": 0, ""verified_documents"": 157}",[],True,,False,0,,,,
llm_v2_no_recovery,B10__feed_gap__seed13__origin0,B10,feed_gap,13,0,1870,B10-feed_gap-seed13-origin0:day1870,02daee787bbd545925b030e881660b5e6d130f3e17b7859bf7a3cff6e5cb2ee8,executed,False,True,47.496489922344686,34.0,29.0,89.0,0,False,0,0,0,0,0,"{""pre_http_starts"": 0, ""paired_results"": 0, ""pairs"": []}",157,0,True,stochastic_milp,True,0,0.0007138964736574452,True,1.311835467000492,[],"{""cache_enabled"": true, ""cache_path"": ""/workspace/MasterDissertation/results/v2_pilot/evaluation_verified_cache"", ""compact_output"": true, ""enabled"": true, ""expose_source_inventory"": true, ""llm_critic"": false, ""llm_numeric_routing"": false, ""llm_recovery_selection"": true, ""semantic_retries"": 1, ""state_recovery"": false}","{""cache_hits"": 157, ""cache_misses"": 0, ""compact_model_numeric_terms"": 0, ""model_attempts"": 0, ""model_documents"": 0, ""model_documents_attempted"": 0, ""parsed_documents"": 0, ""semantic_retries"": 0, ""source_documents"": 157, ""submitted_document_exposures"": 0, ""tool_derived_metadata_rules"": 0, ""verified_documents"": 157}",[],True,,False,0,,,,
llm_v2_no_recovery,B10__feed_gap__seed13__origin0,B10,feed_gap,13,0,1871,B10-feed_gap-seed13-origin0:day1871,2331b80a69a8c294c9c2930579e6329500b0f23b2b3144ea29c0080c168e032f,executed,False,True,111.295924880147,38.0,34.0,144.0,0,False,0,0,0,0,0,"{""pre_http_starts"": 0, ""paired_results"": 0, ""pairs"": []}",157,0,True,stochastic_milp,True,0,0.0003282285267330143,True,1.3794402650019038,[],"{""cache_enabled"": true, ""cache_path"": ""/workspace/MasterDissertation/results/v2_pilot/evaluation_verified_cache"", ""compact_output"": true, ""enabled"": true, ""expose_source_inventory"": true, ""llm_critic"": false, ""llm_numeric_routing"": false, ""llm_recovery_selection"": true, ""semantic_retries"": 1, ""state_recovery"": false}","{""cache_hits"": 157, ""cache_misses"": 0, ""compact_model_numeric_terms"": 0, ""model_attempts"": 0, ""model_documents"": 0, ""model_documents_attempted"": 0, ""parsed_documents"": 0, ""semantic_retries"": 0, ""source_documents"": 157, ""submitted_document_exposures"": 0, ""tool_derived_metadata_rules"": 0, ""verified_documents"": 157}",[],True,,False,0,,,,
llm_v2_no_recovery,B10__feed_gap__seed29__origin0,B10,feed_gap,29,0,1858,B10-feed_gap-seed29-origin0:day1858,8c35e7407ea0704e137e105032f8f723e2ecbba6066133f9c4e457752b7558bc,held,True,False,4.200570000708103,28.0,28.0,225.0,0,False,0,0,0,0,0,"{""pre_http_starts"": 0, ""paired_results"": 0, ""pairs"": []}",157,0,True,stochastic_milp,True,0,0.0005397835530322777,True,1.809604264999507,[],"{""cache_enabled"": true, ""cache_path"": ""/workspace/MasterDissertation/results/v2_pilot/evaluation_verified_cache"", ""compact_output"": true, ""enabled"": true, ""expose_source_inventory"": true, ""llm_critic"": false, ""llm_numeric_routing"": false, ""llm_recovery_selection"": true, ""semantic_retries"": 1, ""state_recovery"": false}","{""cache_hits"": 157, ""cache_misses"": 0, ""compact_model_numeric_terms"": 0, ""model_attempts"": 0, ""model_documents"": 0, ""model_documents_attempted"": 0, ""parsed_documents"": 0, ""semantic_retries"": 0, ""source_documents"": 157, ""submitted_document_exposures"": 0, ""tool_derived_metadata_rules"": 0, ""verified_documents"": 157}",[],True,,False,0,,,,
llm_v2_no_recovery,B10__feed_gap__seed29__origin0,B10,feed_gap,29,0,1859,B10-feed_gap-seed29-origin0:day1859,70aeb5924402765adbbf51e6f91fd2109d5df23d149df05a5e71289a34dd5fd2,executed,False,True,110.90562993228436,22.0,21.0,171.0,0,False,0,0,0,0,0,"{""pre_http_starts"": 0, ""paired_results"": 0, ""pairs"": []}",157,0,True,stochastic_milp,True,0,0.0005087707639283103,True,1.1639531340006215,[],"{""cache_enabled"": true, ""cache_path"": ""/workspace/MasterDissertation/results/v2_pilot/evaluation_verified_cache"", ""compact_output"": true, ""enabled"": true, ""expose_source_inventory"": true, ""llm_critic"": false, ""llm_numeric_routing"": false, ""llm_recovery_selection"": true, ""semantic_retries"": 1, ""state_recovery"": false}","{""cache_hits"": 157, ""cache_misses"": 0, ""compact_model_numeric_terms"": 0, ""model_attempts"": 0, ""model_documents"": 0, ""model_documents_attempted"": 0, ""parsed_documents"": 0, ""semantic_retries"": 0, ""source_documents"": 157, ""submitted_document_exposures"": 0, ""tool_derived_metadata_rules"": 0, ""verified_documents"": 157}",[],True,,False,0,,,,
llm_v2_no_recovery,B10__feed_gap__seed29__origin0,B10,feed_gap,29,0,1860,B10-feed_gap-seed29-origin0:day1860,9c4845a5bc5db3e8c14badf7ba8bcd908854b4ca698fb01c6853624e5039f83d,executed,False,True,47.53594002121688,41.0,41.0,165.0,0,False,0,0,0,0,0,"{""pre_http_starts"": 0, ""paired_results"": 0, ""pairs"": []}",157,0,True,stochastic_milp,True,0,0.00038345200022108585,True,1.1283503749982629,[],"{""cache_enabled"": true, ""cache_path"": ""/workspace/MasterDissertation/results/v2_pilot/evaluation_verified_cache"", ""compact_output"": true, ""enabled"": true, ""expose_source_inventory"": true, ""llm_critic"": false, ""llm_numeric_routing"": false, ""llm_recovery_selection"": true, ""semantic_retries"": 1, ""state_recovery"": false}","{""cache_hits"": 157, ""cache_misses"": 0, ""compact_model_numeric_terms"": 0, ""model_attempts"": 0, ""model_documents"": 0, ""model_documents_attempted"": 0, ""parsed_documents"": 0, ""semantic_retries"": 0, ""source_documents"": 157, ""submitted_document_exposures"": 0, ""tool_derived_metadata_rules"": 0, ""verified_documents"": 157}",[],True,,False,0,,,,
llm_v2_no_recovery,B10__feed_gap__seed29__origin0,B10,feed_gap,29,0,1861,B10-feed_gap-seed29-origin0:day1861,8e376c9fabdb249a02e88615eb4f8d2b332e6a1ddee05bd836e3a282bd6e3553,executed,False,True,114.51260502630473,23.0,22.0,202.0,0,False,0,0,0,0,0,"{""pre_http_starts"": 0, ""paired_results"": 0, ""pairs"": []}",157,0,True,stochastic_milp,True,0,0.0007424113651313583,True,2.296324900999025,[],"{""cache_enabled"": true, ""cache_path"": ""/workspace/MasterDissertation/results/v2_pilot/evaluation_verified_cache"", ""compact_output"": true, ""enabled"": true, ""expose_source_inventory"": true, ""llm_critic"": false, ""llm_numeric_routing"": false, ""llm_recovery_selection"": true, ""semantic_retries"": 1, ""state_recovery"": false}","{""cache_hits"": 157, ""cache_misses"": 0, ""compact_model_numeric_terms"": 0, ""model_attempts"": 0, ""model_documents"": 0, ""model_documents_attempted"": 0, ""parsed_documents"": 0, ""semantic_retries"": 0, ""source_documents"": 157, ""submitted_document_exposures"": 0, ""tool_derived_metadata_rules"": 0, ""verified_documents"": 157}",[],True,,False,0,,,,
llm_v2_no_recovery,B10__feed_gap__seed29__origin0,B10,feed_gap,29,0,1862,B10-feed_gap-seed29-origin0:day1862,0c34e5a3f92e36bba498819a2ad1cb3bc977527753ecae3ff90fc5e10fec499b,held,True,False,4.367055001258849,35.0,35.0,240.0,0,False,0,0,0,0,0,"{""pre_http_starts"": 0, ""paired_results"": 0, ""pairs"": []}",157,0,False,hold,False,not_run,,,0.0199510700003884,[],"{""cache_enabled"": true, ""cache_path"": ""/workspace/MasterDissertation/results/v2_pilot/evaluation_verified_cache"", ""compact_output"": true, ""enabled"": true, ""expose_source_inventory"": true, ""llm_critic"": false, ""llm_numeric_routing"": false, ""llm_recovery_selection"": true, ""semantic_retries"": 1, ""state_recovery"": false}",{},[],,,False,0,,,,
llm_v2_no_recovery,B10__feed_gap__seed29__origin0,B10,feed_gap,29,0,1863,B10-feed_gap-seed29-origin0:day1863,f9718aa37d485c5e262b59ad1287b70a74b7672bd89746364c26934fea9caf10,held,True,False,10.710535027563571,50.0,49.0,253.0,0,False,0,0,0,0,0,"{""pre_http_starts"": 0, ""paired_results"": 0, ""pairs"": []}",157,0,False,hold,False,not_run,,,0.0203406850014289,[],"{""cache_enabled"": true, ""cache_path"": ""/workspace/MasterDissertation/results/v2_pilot/evaluation_verified_cache"", ""compact_output"": true, ""enabled"": true, ""expose_source_inventory"": true, ""llm_critic"": false, ""llm_numeric_routing"": false, ""llm_recovery_selection"": true, ""semantic_retries"": 1, ""state_recovery"": false}",{},[],,,False,0,,,,
llm_v2_no_recovery,B10__feed_gap__seed29__origin0,B10,feed_gap,29,0,1864,B10-feed_gap-seed29-origin0:day1864,4a0f1af665ae9224c9bdb34fdc6310e7195d89791fa4a9110b01f2ae460a4bc1,held,True,False,34.991000133097174,32.0,27.0,232.0,0,False,0,0,0,0,0,"{""pre_http_starts"": 0, ""paired_results"": 0, ""pairs"": []}",157,0,False,hold,False,not_run,,,0.0217506660010258,[],"{""cache_enabled"": true, ""cache_path"": ""/workspace/MasterDissertation/results/v2_pilot/evaluation_verified_cache"", ""compact_output"": true, ""enabled"": true, ""expose_source_inventory"": true, ""llm_critic"": false, ""llm_numeric_routing"": false, ""llm_recovery_selection"": true, ""semantic_retries"": 1, ""state_recovery"": false}",{},[],,,False,0,,,,
llm_v2_no_recovery,B10__feed_gap__seed29__origin0,B10,feed_gap,29,0,1865,B10-feed_gap-seed29-origin0:day1865,eda7b7e49ad46b05730795b1d038c9d3963b7f5596d16d8ec91a0eed0f6c52c1,held,True,False,44.41524992328882,31.0,24.0,208.0,0,False,0,0,0,0,0,"{""pre_http_starts"": 0, ""paired_results"": 0, ""pairs"": []}",157,0,False,hold,False,not_run,,,0.0240858919969468,[],"{""cache_enabled"": true, ""cache_path"": ""/workspace/MasterDissertation/results/v2_pilot/evaluation_verified_cache"", ""compact_output"": true, ""enabled"": true, ""expose_source_inventory"": true, ""llm_critic"": false, ""llm_numeric_routing"": false, ""llm_recovery_selection"": true, ""semantic_retries"": 1, ""state_recovery"": false}",{},[],,,False,0,,,,
llm_v2_no_recovery,B10__feed_gap__seed29__origin0,B10,feed_gap,29,0,1866,B10-feed_gap-seed29-origin0:day1866,48ec0f894afa6394906273cc28b054448997a49583e767495d0b35b88907f7b0,held,True,False,63.27139492321015,31.0,21.0,187.0,0,False,0,0,0,0,0,"{""pre_http_starts"": 0, ""paired_results"": 0, ""pairs"": []}",157,0,False,hold,False,not_run,,,0.0271376950004196,[],"{""cache_enabled"": true, ""cache_path"": ""/workspace/MasterDissertation/results/v2_pilot/evaluation_verified_cache"", ""compact_output"": true, ""enabled"": true, ""expose_source_inventory"": true, ""llm_critic"": false, ""llm_numeric_routing"": false, ""llm_recovery_selection"": true, ""semantic_retries"": 1, ""state_recovery"": false}",{},[],,,False,0,,,,
llm_v2_no_recovery,B10__feed_gap__seed29__origin0,B10,feed_gap,29,0,1867,B10-feed_gap-seed29-origin0:day1867,ee8c1f2674cd0352962a098553710ac784312d041e46b75a1be811deeb0c5155,executed,False,True,157.77510477125645,22.0,18.0,125.0,0,False,0,0,0,0,0,"{""pre_http_starts"": 0, ""paired_results"": 0, ""pairs"": []}",157,0,True,stochastic_milp,True,0,0.000497951050464228,True,3.6038880470005097,[],"{""cache_enabled"": true, ""cache_path"": ""/workspace/MasterDissertation/results/v2_pilot/evaluation_verified_cache"", ""compact_output"": true, ""enabled"": true, ""expose_source_inventory"": true, ""llm_critic"": false, ""llm_numeric_routing"": false, ""llm_recovery_selection"": true, ""semantic_retries"": 1, ""state_recovery"": false}","{""cache_hits"": 157, ""cache_misses"": 0, ""compact_model_numeric_terms"": 0, ""model_attempts"": 0, ""model_documents"": 0, ""model_documents_attempted"": 0, ""parsed_documents"": 0, ""semantic_retries"": 0, ""source_documents"": 157, ""submitted_document_exposures"": 0, ""tool_derived_metadata_rules"": 0, ""verified_documents"": 157}",[],True,,False,0,,,,
llm_v2_no_recovery,B10__feed_gap__seed29__origin0,B10,feed_gap,29,0,1868,B10-feed_gap-seed29-origin0:day1868,30a8e6910bf26e3769ff7a1f9b9fcfc4533af59a09fdf69537463f0f3e2e1f09,executed,False,True,86.2434200232625,27.0,23.0,142.0,0,False,0,0,0,0,0,"{""pre_http_starts"": 0, ""paired_results"": 0, ""pairs"": []}",157,0,True,stochastic_milp,True,0,0.0003741966119006233,True,1.3690425910026534,[],"{""cache_enabled"": true, ""cache_path"": ""/workspace/MasterDissertation/results/v2_pilot/evaluation_verified_cache"", ""compact_output"": true, ""enabled"": true, ""expose_source_inventory"": true, ""llm_critic"": false, ""llm_numeric_routing"": false, ""llm_recovery_selection"": true, ""semantic_retries"": 1, ""state_recovery"": false}","{""cache_hits"": 157, ""cache_misses"": 0, ""compact_model_numeric_terms"": 0, ""model_attempts"": 0, ""model_documents"": 0, ""model_documents_attempted"": 0, ""parsed_documents"": 0, ""semantic_retries"": 0, ""source_documents"": 157, ""submitted_document_exposures"": 0, ""tool_derived_metadata_rules"": 0, ""verified_documents"": 157}",[],True,,False,0,,,,
llm_v2_no_recovery,B10__feed_gap__seed29__origin0,B10,feed_gap,29,0,1869,B10-feed_gap-seed29-origin0:day1869,34b4a63e7c5f7fbd92dc7d0a557105930f6b90541a3a9aebe598a412e62dc5d0,executed,False,True,105.1067799988985,36.0,34.0,176.0,0,False,0,0,0,0,0,"{""pre_http_starts"": 0, ""paired_results"": 0, ""pairs"": []}",157,0,True,stochastic_milp,True,0,0.00015708094423219277,True,1.2185603480029386,[],"{""cache_enabled"": true, ""cache_path"": ""/workspace/MasterDissertation/results/v2_pilot/evaluation_verified_cache"", ""compact_output"": true, ""enabled"": true, ""expose_source_inventory"": true, ""llm_critic"": false, ""llm_numeric_routing"": false, ""llm_recovery_selection"": true, ""semantic_retries"": 1, ""state_recovery"": false}","{""cache_hits"": 157, ""cache_misses"": 0, ""compact_model_numeric_terms"": 0, ""model_attempts"": 0, ""model_documents"": 0, ""model_documents_attempted"": 0, ""parsed_documents"": 0, ""semantic_retries"": 0, ""source_documents"": 157, ""submitted_document_exposures"": 0, ""tool_derived_metadata_rules"": 0, ""verified_documents"": 157}",[],True,,False,0,,,,
llm_v2_no_recovery,B10__feed_gap__seed29__origin0,B10,feed_gap,29,0,1870,B10-feed_gap-seed29-origin0:day1870,783468324fc88b289151ad9d795df7fb04eb22b8040efa450243db13036002ba,executed,False,True,45.93668996876478,34.0,34.0,197.0,0,False,0,0,0,0,0,"{""pre_http_starts"": 0, ""paired_results"": 0, ""pairs"": []}",157,0,True,stochastic_milp,True,0,0.0007851363889034444,True,3.3637936459999764,[],"{""cache_enabled"": true, ""cache_path"": ""/workspace/MasterDissertation/results/v2_pilot/evaluation_verified_cache"", ""compact_output"": true, ""enabled"": true, ""expose_source_inventory"": true, ""llm_critic"": false, ""llm_numeric_routing"": false, ""llm_recovery_selection"": true, ""semantic_retries"": 1, ""state_recovery"": false}","{""cache_hits"": 157, ""cache_misses"": 0, ""compact_model_numeric_terms"": 0, ""model_attempts"": 0, ""model_documents"": 0, ""model_documents_attempted"": 0, ""parsed_documents"": 0, ""semantic_retries"": 0, ""source_documents"": 157, ""submitted_document_exposures"": 0, ""tool_derived_metadata_rules"": 0, ""verified_documents"": 157}",[],True,,False,0,,,,
llm_v2_no_recovery,B10__feed_gap__seed29__origin0,B10,feed_gap,29,0,1871,B10-feed_gap-seed29-origin0:day1871,af06db8023632786b4dea96feb2eb003ca68f06841bd33d2d7e61a41194cfcb5,executed,False,True,52.59060496336222,38.0,37.0,230.0,0,False,0,0,0,0,0,"{""pre_http_starts"": 0, ""paired_results"": 0, ""pairs"": []}",157,0,True,stochastic_milp,True,0,0.00011516378098714419,True,3.0679029439997976,[],"{""cache_enabled"": true, ""cache_path"": ""/workspace/MasterDissertation/results/v2_pilot/evaluation_verified_cache"", ""compact_output"": true, ""enabled"": true, ""expose_source_inventory"": true, ""llm_critic"": false, ""llm_numeric_routing"": false, ""llm_recovery_selection"": true, ""semantic_retries"": 1, ""state_recovery"": false}","{""cache_hits"": 157, ""cache_misses"": 0, ""compact_model_numeric_terms"": 0, ""model_attempts"": 0, ""model_documents"": 0, ""model_documents_attempted"": 0, ""parsed_documents"": 0, ""semantic_retries"": 0, ""source_documents"": 157, ""submitted_document_exposures"": 0, ""tool_derived_metadata_rules"": 0, ""verified_documents"": 157}",[],True,,False,0,,,,
llm_v2_no_recovery,B10__capacity_cut__seed13__origin0,B10,capacity_cut,13,0,1858,B10-capacity_cut-seed13-origin0:day1858,0378ee06cf6c58ff5cd4104461b34cbda81a6399cf1e668a5fe21ccb8e7a3593,executed,False,True,32.11827002614737,28.0,27.0,258.0,0,False,0,0,0,0,0,"{""pre_http_starts"": 0, ""paired_results"": 0, ""pairs"": []}",157,0,True,stochastic_milp,True,0,0.000977720140421123,True,1.6529311690028408,[],"{""cache_enabled"": true, ""cache_path"": ""/workspace/MasterDissertation/results/v2_pilot/evaluation_verified_cache"", ""compact_output"": true, ""enabled"": true, ""expose_source_inventory"": true, ""llm_critic"": false, ""llm_numeric_routing"": false, ""llm_recovery_selection"": true, ""semantic_retries"": 1, ""state_recovery"": false}","{""cache_hits"": 157, ""cache_misses"": 0, ""compact_model_numeric_terms"": 0, ""model_attempts"": 0, ""model_documents"": 0, ""model_documents_attempted"": 0, ""parsed_documents"": 0, ""semantic_retries"": 0, ""source_documents"": 157, ""submitted_document_exposures"": 0, ""tool_derived_metadata_rules"": 0, ""verified_documents"": 157}",[],True,,False,0,,,,
llm_v2_no_recovery,B10__capacity_cut__seed13__origin0,B10,capacity_cut,13,0,1859,B10-capacity_cut-seed13-origin0:day1859,aa2de55561e33ed9163ecf4305ba507837268b0a8218931cfbc759e469db5936,executed,False,True,78.06128505182267,22.0,20.0,254.0,0,False,0,0,0,0,0,"{""pre_http_starts"": 0, ""paired_results"": 0, ""pairs"": []}",157,0,True,stochastic_milp,True,0,0.0009930932057834326,True,1.6484451280011854,[],"{""cache_enabled"": true, ""cache_path"": ""/workspace/MasterDissertation/results/v2_pilot/evaluation_verified_cache"", ""compact_output"": true, ""enabled"": true, ""expose_source_inventory"": true, ""llm_critic"": false, ""llm_numeric_routing"": false, ""llm_recovery_selection"": true, ""semantic_retries"": 1, ""state_recovery"": false}","{""cache_hits"": 157, ""cache_misses"": 0, ""compact_model_numeric_terms"": 0, ""model_attempts"": 0, ""model_documents"": 0, ""model_documents_attempted"": 0, ""parsed_documents"": 0, ""semantic_retries"": 0, ""source_documents"": 157, ""submitted_document_exposures"": 0, ""tool_derived_metadata_rules"": 0, ""verified_documents"": 157}",[],True,,False,0,,,,
llm_v2_no_recovery,B10__capacity_cut__seed13__origin0,B10,capacity_cut,13,0,1860,B10-capacity_cut-seed13-origin0:day1860,f11c348748dfa03483df1f94fef699555088d5d2515b1d8fdd9d4030b6a16748,executed,False,True,39.31286990511418,41.0,40.0,218.0,0,False,0,0,0,0,0,"{""pre_http_starts"": 0, ""paired_results"": 0, ""pairs"": []}",157,0,True,stochastic_milp,True,0,0.0,True,1.2498000619998493,[],"{""cache_enabled"": true, ""cache_path"": ""/workspace/MasterDissertation/results/v2_pilot/evaluation_verified_cache"", ""compact_output"": true, ""enabled"": true, ""expose_source_inventory"": true, ""llm_critic"": false, ""llm_numeric_routing"": false, ""llm_recovery_selection"": true, ""semantic_retries"": 1, ""state_recovery"": false}","{""cache_hits"": 157, ""cache_misses"": 0, ""compact_model_numeric_terms"": 0, ""model_attempts"": 0, ""model_documents"": 0, ""model_documents_attempted"": 0, ""parsed_documents"": 0, ""semantic_retries"": 0, ""source_documents"": 157, ""submitted_document_exposures"": 0, ""tool_derived_metadata_rules"": 0, ""verified_documents"": 157}",[],True,,False,0,,,,
llm_v2_no_recovery,B10__capacity_cut__seed13__origin0,B10,capacity_cut,13,0,1861,B10-capacity_cut-seed13-origin0:day1861,50d42ac5da0b411c8879b14047bd2b81e362f0f54732008c5b81c6af6548f575,executed,False,True,15.348450001180172,23.0,23.0,214.0,0,False,0,0,0,0,0,"{""pre_http_starts"": 0, ""paired_results"": 0, ""pairs"": []}",157,0,True,stochastic_milp,True,0,0.00016443060687554862,True,1.0142701139993733,[],"{""cache_enabled"": true, ""cache_path"": ""/workspace/MasterDissertation/results/v2_pilot/evaluation_verified_cache"", ""compact_output"": true, ""enabled"": true, ""expose_source_inventory"": true, ""llm_critic"": false, ""llm_numeric_routing"": false, ""llm_recovery_selection"": true, ""semantic_retries"": 1, ""state_recovery"": false}","{""cache_hits"": 157, ""cache_misses"": 0, ""compact_model_numeric_terms"": 0, ""model_attempts"": 0, ""model_documents"": 0, ""model_documents_attempted"": 0, ""parsed_documents"": 0, ""semantic_retries"": 0, ""source_documents"": 157, ""submitted_document_exposures"": 0, ""tool_derived_metadata_rules"": 0, ""verified_documents"": 157}",[],True,,False,0,,,,
llm_v2_no_recovery,B10__capacity_cut__seed13__origin0,B10,capacity_cut,13,0,1862,B10-capacity_cut-seed13-origin0:day1862,bf6161813aa49d923338d6f831e4fdc73c7cefe3018421751793760277cb0dae,executed,False,True,90.05754506522418,35.0,35.0,207.0,0,False,1,759,0,1,0,"{""pre_http_starts"": 1, ""paired_results"": 1, ""pairs"": [{""started_ref"": ""f25f337605e31c9f7b62783ad9e26a846bfd2fd0b15ea4cefde05d3a5aecf6b6"", ""result_ref"": ""ce8933fb0097030fe4c5883a6befc109d08b5780c8369cbea417fb94daf1a4b7"", ""result_kind"": ""llm_call"", ""start_seq"": 1662, ""result_seq"": 1663}]}",157,1,True,stochastic_milp,True,0,0.0009654206072731227,True,6.287051775001601,[],"{""cache_enabled"": true, ""cache_path"": ""/workspace/MasterDissertation/results/v2_pilot/evaluation_verified_cache"", ""compact_output"": true, ""enabled"": true, ""expose_source_inventory"": true, ""llm_critic"": false, ""llm_numeric_routing"": false, ""llm_recovery_selection"": true, ""semantic_retries"": 1, ""state_recovery"": false}","{""cache_hits"": 154, ""cache_misses"": 3, ""compact_model_numeric_terms"": 1, ""model_attempts"": 1, ""model_documents"": 1, ""model_documents_attempted"": 1, ""parsed_documents"": 2, ""semantic_retries"": 0, ""source_documents"": 157, ""submitted_document_exposures"": 1, ""tool_derived_metadata_rules"": 1, ""verified_documents"": 157}",[],True,,False,0,,,,
llm_v2_no_recovery,B10__capacity_cut__seed13__origin0,B10,capacity_cut,13,0,1863,B10-capacity_cut-seed13-origin0:day1863,94e04cb9e493cc5429277651fe9b7756573b906463d022d7710e341b0247d850,executed,False,True,57.48780481243134,50.0,50.0,159.0,0,False,1,750,0,1,0,"{""pre_http_starts"": 1, ""paired_results"": 1, ""pairs"": [{""started_ref"": ""e60ebdd49e916c0c417c5d56ddbf8b09f841be348d9ba2abaa584831d2fc0b77"", ""result_ref"": ""3ddd5991f72b886db620692222e7e597774700eed07e441964feba847388b5af"", ""result_kind"": ""llm_call"", ""start_seq"": 2001, ""result_seq"": 2002}]}",157,1,True,stochastic_milp,True,0,0.0009933291519870604,True,9.344304672998987,[],"{""cache_enabled"": true, ""cache_path"": ""/workspace/MasterDissertation/results/v2_pilot/evaluation_verified_cache"", ""compact_output"": true, ""enabled"": true, ""expose_source_inventory"": true, ""llm_critic"": false, ""llm_numeric_routing"": false, ""llm_recovery_selection"": true, ""semantic_retries"": 1, ""state_recovery"": false}","{""cache_hits"": 154, ""cache_misses"": 3, ""compact_model_numeric_terms"": 1, ""model_attempts"": 1, ""model_documents"": 1, ""model_documents_attempted"": 1, ""parsed_documents"": 2, ""semantic_retries"": 0, ""source_documents"": 157, ""submitted_document_exposures"": 1, ""tool_derived_metadata_rules"": 1, ""verified_documents"": 157}",[],True,,False,0,,,,
llm_v2_no_recovery,B10__capacity_cut__seed13__origin0,B10,capacity_cut,13,0,1864,B10-capacity_cut-seed13-origin0:day1864,b83f889e3191edbd4c4158d95c64133b5045b6484611b4a8d1012e547108be21,executed,False,True,72.36682514280082,32.0,27.0,171.0,0,True,1,761,0,1,0,"{""pre_http_starts"": 1, ""paired_results"": 1, ""pairs"": [{""started_ref"": ""ac3f4a2825bbb4a3542145242f8fa08484f78240ea7fb4d6a9f832af3ebbdad6"", ""result_ref"": ""beaed7404a28ee9a7967e0cb72d9cba895d293b3c0aee5d2eb0818c5d660bf53"", ""result_kind"": ""llm_call"", ""start_seq"": 2340, ""result_seq"": 2341}]}",157,1,True,stochastic_milp,True,0,0.0007602960889313556,True,7.457450068002799,[],"{""cache_enabled"": true, ""cache_path"": ""/workspace/MasterDissertation/results/v2_pilot/evaluation_verified_cache"", ""compact_output"": true, ""enabled"": true, ""expose_source_inventory"": true, ""llm_critic"": false, ""llm_numeric_routing"": false, ""llm_recovery_selection"": true, ""semantic_retries"": 1, ""state_recovery"": false}","{""cache_hits"": 154, ""cache_misses"": 3, ""compact_model_numeric_terms"": 1, ""model_attempts"": 1, ""model_documents"": 1, ""model_documents_attempted"": 1, ""parsed_documents"": 2, ""semantic_retries"": 0, ""source_documents"": 157, ""submitted_document_exposures"": 1, ""tool_derived_metadata_rules"": 1, ""verified_documents"": 157}",[],True,,False,0,,,,
llm_v2_no_recovery,B10__capacity_cut__seed13__origin0,B10,capacity_cut,13,0,1865,B10-capacity_cut-seed13-origin0:day1865,e978e73904a5376cddc11c3dc01c7a21b6f673d7b1301eb9b80b238b7edc1d3e,executed,False,True,68.08152000188828,31.0,30.0,183.0,0,False,1,749,0,1,0,"{""pre_http_starts"": 1, ""paired_results"": 1, ""pairs"": [{""started_ref"": ""078d346477493e2d5cab0d0247f6ca3815179e996f79cc8ba0ac55c8ecdcf087"", ""result_ref"": ""8f7166c68ab9acfaf3371acb7fda6d60dee77f91e043011a1d15eeb06988f10f"", ""result_kind"": ""llm_call"", ""start_seq"": 2679, ""result_seq"": 2680}]}",157,1,True,stochastic_milp,True,0,0.0008379330694272196,True,6.075140584001929,[],"{""cache_enabled"": true, ""cache_path"": ""/workspace/MasterDissertation/results/v2_pilot/evaluation_verified_cache"", ""compact_output"": true, ""enabled"": true, ""expose_source_inventory"": true, ""llm_critic"": false, ""llm_numeric_routing"": false, ""llm_recovery_selection"": true, ""semantic_retries"": 1, ""state_recovery"": false}","{""cache_hits"": 154, ""cache_misses"": 3, ""compact_model_numeric_terms"": 1, ""model_attempts"": 1, ""model_documents"": 1, ""model_documents_attempted"": 1, ""parsed_documents"": 2, ""semantic_retries"": 0, ""source_documents"": 157, ""submitted_document_exposures"": 1, ""tool_derived_metadata_rules"": 1, ""verified_documents"": 157}",[],True,,False,0,,,,
llm_v2_no_recovery,B10__capacity_cut__seed13__origin0,B10,capacity_cut,13,0,1866,B10-capacity_cut-seed13-origin0:day1866,ad46d592207f3c22d1d096467c3cf4499a6fd959a78d04464e660abf9d797119,executed,False,True,80.63557993674279,31.0,25.0,219.0,0,False,1,759,0,1,0,"{""pre_http_starts"": 1, ""paired_results"": 1, ""pairs"": [{""started_ref"": ""244ce3f2f055b7641802fd26002e307a52c9609e7343de92ddf41bb7299af1b8"", ""result_ref"": ""e47888fd61fc9a6f65f318626f554edd8fb09acf8294467f6fd107bc84019e46"", ""result_kind"": ""llm_call"", ""start_seq"": 3018, ""result_seq"": 3019}]}",157,1,True,stochastic_milp,True,0,0.000864199423544455,True,6.338611707000382,[],"{""cache_enabled"": true, ""cache_path"": ""/workspace/MasterDissertation/results/v2_pilot/evaluation_verified_cache"", ""compact_output"": true, ""enabled"": true, ""expose_source_inventory"": true, ""llm_critic"": false, ""llm_numeric_routing"": false, ""llm_recovery_selection"": true, ""semantic_retries"": 1, ""state_recovery"": false}","{""cache_hits"": 154, ""cache_misses"": 3, ""compact_model_numeric_terms"": 1, ""model_attempts"": 1, ""model_documents"": 1, ""model_documents_attempted"": 1, ""parsed_documents"": 2, ""semantic_retries"": 0, ""source_documents"": 157, ""submitted_document_exposures"": 1, ""tool_derived_metadata_rules"": 1, ""verified_documents"": 157}",[],True,,False,0,,,,
llm_v2_no_recovery,B10__capacity_cut__seed13__origin0,B10,capacity_cut,13,0,1867,B10-capacity_cut-seed13-origin0:day1867,39910a3f19ef5bb68358373958417e1e775404265107a9d9a3bc57ee26bfa1ec,executed,False,True,45.68817000031471,22.0,22.0,205.0,0,False,1,747,0,1,0,"{""pre_http_starts"": 1, ""paired_results"": 1, ""pairs"": [{""started_ref"": ""066edaaf561af2f191e339ec771fabb63790f063c1cff0db870f9dd41ec30f2a"", ""result_ref"": ""bdb98d624a020cfbc74be2a3486eacd964058715ecdce9d8f1b3aafed19fa046"", ""result_kind"": ""llm_call"", ""start_seq"": 3357, ""result_seq"": 3358}]}",157,1,True,stochastic_milp,True,0,0.0009732502333960195,True,5.999407606002933,[],"{""cache_enabled"": true, ""cache_path"": ""/workspace/MasterDissertation/results/v2_pilot/evaluation_verified_cache"", ""compact_output"": true, ""enabled"": true, ""expose_source_inventory"": true, ""llm_critic"": false, ""llm_numeric_routing"": false, ""llm_recovery_selection"": true, ""semantic_retries"": 1, ""state_recovery"": false}","{""cache_hits"": 154, ""cache_misses"": 3, ""compact_model_numeric_terms"": 1, ""model_attempts"": 1, ""model_documents"": 1, ""model_documents_attempted"": 1, ""parsed_documents"": 2, ""semantic_retries"": 0, ""source_documents"": 157, ""submitted_document_exposures"": 1, ""tool_derived_metadata_rules"": 1, ""verified_documents"": 157}",[],True,,False,0,,,,
llm_v2_no_recovery,B10__capacity_cut__seed13__origin0,B10,capacity_cut,13,0,1868,B10-capacity_cut-seed13-origin0:day1868,750465c618052090bf47afe8b907ab1257b7ec3485d18007c50ea6f298238f49,executed,False,True,40.23128981101513,27.0,27.0,212.0,0,False,1,759,0,1,0,"{""pre_http_starts"": 1, ""paired_results"": 1, ""pairs"": [{""started_ref"": ""66bb39f4ef9aeb0cb40761a4c712d935e9f67bf88041dda3fc61bbc1d12e6a26"", ""result_ref"": ""68570450acd6738f8caa4ef79faf924a92790c4ee4da3098d925a673d3da015a"", ""result_kind"": ""llm_call"", ""start_seq"": 3696, ""result_seq"": 3697}]}",157,1,True,stochastic_milp,True,0,0.0008261374654000909,True,6.554968739998003,[],"{""cache_enabled"": true, ""cache_path"": ""/workspace/MasterDissertation/results/v2_pilot/evaluation_verified_cache"", ""compact_output"": true, ""enabled"": true, ""expose_source_inventory"": true, ""llm_critic"": false, ""llm_numeric_routing"": false, ""llm_recovery_selection"": true, ""semantic_retries"": 1, ""state_recovery"": false}","{""cache_hits"": 154, ""cache_misses"": 3, ""compact_model_numeric_terms"": 1, ""model_attempts"": 1, ""model_documents"": 1, ""model_documents_attempted"": 1, ""parsed_documents"": 2, ""semantic_retries"": 0, ""source_documents"": 157, ""submitted_document_exposures"": 1, ""tool_derived_metadata_rules"": 1, ""verified_documents"": 157}",[],True,,False,0,,,,
llm_v2_no_recovery,B10__capacity_cut__seed13__origin0,B10,capacity_cut,13,0,1869,B10-capacity_cut-seed13-origin0:day1869,6924aa9ebd90688c597bc8acaee2ee79d5fbce093cf28080ba17a4da55e3ad8a,executed,False,True,73.42248500055075,36.0,33.0,210.0,0,False,1,752,0,1,0,"{""pre_http_starts"": 1, ""paired_results"": 1, ""pairs"": [{""started_ref"": ""972a8feff8487980cf4bf06d15a4fe566482d8238cb334a4592b471b69dff967"", ""result_ref"": ""b3f367e99f31b756c8233398e686349e75804db8fe13e7c6c8cf63393adb4016"", ""result_kind"": ""llm_call"", ""start_seq"": 4035, ""result_seq"": 4036}]}",157,1,True,stochastic_milp,True,0,0.0006290843579821609,True,6.94485145499857,[],"{""cache_enabled"": true, ""cache_path"": ""/workspace/MasterDissertation/results/v2_pilot/evaluation_verified_cache"", ""compact_output"": true, ""enabled"": true, ""expose_source_inventory"": true, ""llm_critic"": false, ""llm_numeric_routing"": false, ""llm_recovery_selection"": true, ""semantic_retries"": 1, ""state_recovery"": false}","{""cache_hits"": 154, ""cache_misses"": 3, ""compact_model_numeric_terms"": 1, ""model_attempts"": 1, ""model_documents"": 1, ""model_documents_attempted"": 1, ""parsed_documents"": 2, ""semantic_retries"": 0, ""source_documents"": 157, ""submitted_document_exposures"": 1, ""tool_derived_metadata_rules"": 1, ""verified_documents"": 157}",[],True,,False,0,,,,
llm_v2_no_recovery,B10__capacity_cut__seed13__origin0,B10,capacity_cut,13,0,1870,B10-capacity_cut-seed13-origin0:day1870,2ab3630f3a17f04abf02cb036348618d4c4b2a4446161c667f3b813087eaf103,executed,False,True,24.452645001888275,34.0,34.0,186.0,0,False,1,760,0,1,0,"{""pre_http_starts"": 1, ""paired_results"": 1, ""pairs"": [{""started_ref"": ""2ef026171ff8beac224e6bfb9799530f173415d76ab630ae7d113277a2f3b89d"", ""result_ref"": ""b0996e1374efd034cd82c9b21e64c96c73a41598117a77f59c43e94ff3bfdaf9"", ""result_kind"": ""llm_call"", ""start_seq"": 4374, ""result_seq"": 4375}]}",157,1,True,stochastic_milp,True,0,0.0008796589117106651,True,6.060421933998441,[],"{""cache_enabled"": true, ""cache_path"": ""/workspace/MasterDissertation/results/v2_pilot/evaluation_verified_cache"", ""compact_output"": true, ""enabled"": true, ""expose_source_inventory"": true, ""llm_critic"": false, ""llm_numeric_routing"": false, ""llm_recovery_selection"": true, ""semantic_retries"": 1, ""state_recovery"": false}","{""cache_hits"": 154, ""cache_misses"": 3, ""compact_model_numeric_terms"": 1, ""model_attempts"": 1, ""model_documents"": 1, ""model_documents_attempted"": 1, ""parsed_documents"": 2, ""semantic_retries"": 0, ""source_documents"": 157, ""submitted_document_exposures"": 1, ""tool_derived_metadata_rules"": 1, ""verified_documents"": 157}",[],True,,False,0,,,,
llm_v2_no_recovery,B10__capacity_cut__seed13__origin0,B10,capacity_cut,13,0,1871,B10-capacity_cut-seed13-origin0:day1871,e9f36c65651ab5a842cbf9e76e81aaab6b24f67ed85df7ffd4fd85b4a87b38be,executed,False,True,33.10150493228436,38.0,37.0,178.0,0,False,1,752,0,1,0,"{""pre_http_starts"": 1, ""paired_results"": 1, ""pairs"": [{""started_ref"": ""77fb68d6f6095c2d3d6fba09babb8293fff00b719b71b4e5f37b480f936c2740"", ""result_ref"": ""0449ba0a2f6607b8b35c9b28ba75e267d0ec751e3e2cd4a97aab34c359796e89"", ""result_kind"": ""llm_call"", ""start_seq"": 4713, ""result_seq"": 4714}]}",157,1,True,stochastic_milp,True,0,3.1887196167309794e-16,True,6.769444030000159,[],"{""cache_enabled"": true, ""cache_path"": ""/workspace/MasterDissertation/results/v2_pilot/evaluation_verified_cache"", ""compact_output"": true, ""enabled"": true, ""expose_source_inventory"": true, ""llm_critic"": false, ""llm_numeric_routing"": false, ""llm_recovery_selection"": true, ""semantic_retries"": 1, ""state_recovery"": false}","{""cache_hits"": 154, ""cache_misses"": 3, ""compact_model_numeric_terms"": 1, ""model_attempts"": 1, ""model_documents"": 1, ""model_documents_attempted"": 1, ""parsed_documents"": 2, ""semantic_retries"": 0, ""source_documents"": 157, ""submitted_document_exposures"": 1, ""tool_derived_metadata_rules"": 1, ""verified_documents"": 157}",[],True,,False,0,,,,
llm_v2_no_recovery,B10__capacity_cut__seed29__origin0,B10,capacity_cut,29,0,1858,B10-capacity_cut-seed29-origin0:day1858,c111f828c2f9ac9982fe20146322f20fe7e62dd0755c0c5655636756a28b2819,held,True,False,4.200570000708103,28.0,28.0,225.0,0,False,0,0,0,0,0,"{""pre_http_starts"": 0, ""paired_results"": 0, ""pairs"": []}",157,0,True,stochastic_milp,True,0,0.0005397835530322777,True,1.6073487809990183,[],"{""cache_enabled"": true, ""cache_path"": ""/workspace/MasterDissertation/results/v2_pilot/evaluation_verified_cache"", ""compact_output"": true, ""enabled"": true, ""expose_source_inventory"": true, ""llm_critic"": false, ""llm_numeric_routing"": false, ""llm_recovery_selection"": true, ""semantic_retries"": 1, ""state_recovery"": false}","{""cache_hits"": 157, ""cache_misses"": 0, ""compact_model_numeric_terms"": 0, ""model_attempts"": 0, ""model_documents"": 0, ""model_documents_attempted"": 0, ""parsed_documents"": 0, ""semantic_retries"": 0, ""source_documents"": 157, ""submitted_document_exposures"": 0, ""tool_derived_metadata_rules"": 0, ""verified_documents"": 157}",[],True,,False,0,,,,
llm_v2_no_recovery,B10__capacity_cut__seed29__origin0,B10,capacity_cut,29,0,1859,B10-capacity_cut-seed29-origin0:day1859,41ed593766d73c09a0b2ed7d58bb2c5cbe428f4db9c3142519ecb9eb42dec29b,executed,False,True,110.90562993228436,22.0,21.0,171.0,0,False,0,0,0,0,0,"{""pre_http_starts"": 0, ""paired_results"": 0, ""pairs"": []}",157,0,True,stochastic_milp,True,0,0.0005087707639283103,True,1.2296885140021914,[],"{""cache_enabled"": true, ""cache_path"": ""/workspace/MasterDissertation/results/v2_pilot/evaluation_verified_cache"", ""compact_output"": true, ""enabled"": true, ""expose_source_inventory"": true, ""llm_critic"": false, ""llm_numeric_routing"": false, ""llm_recovery_selection"": true, ""semantic_retries"": 1, ""state_recovery"": false}","{""cache_hits"": 157, ""cache_misses"": 0, ""compact_model_numeric_terms"": 0, ""model_attempts"": 0, ""model_documents"": 0, ""model_documents_attempted"": 0, ""parsed_documents"": 0, ""semantic_retries"": 0, ""source_documents"": 157, ""submitted_document_exposures"": 0, ""tool_derived_metadata_rules"": 0, ""verified_documents"": 157}",[],True,,False,0,,,,
llm_v2_no_recovery,B10__capacity_cut__seed29__origin0,B10,capacity_cut,29,0,1860,B10-capacity_cut-seed29-origin0:day1860,888b4efeef5acc2981a54fa6e5d597a556ecf19137e0aaea57479118d0dad44e,executed,False,True,47.53594002121688,41.0,41.0,165.0,0,False,0,0,0,0,0,"{""pre_http_starts"": 0, ""paired_results"": 0, ""pairs"": []}",157,0,True,stochastic_milp,True,0,0.00038345200022108585,True,1.1754316820006352,[],"{""cache_enabled"": true, ""cache_path"": ""/workspace/MasterDissertation/results/v2_pilot/evaluation_verified_cache"", ""compact_output"": true, ""enabled"": true, ""expose_source_inventory"": true, ""llm_critic"": false, ""llm_numeric_routing"": false, ""llm_recovery_selection"": true, ""semantic_retries"": 1, ""state_recovery"": false}","{""cache_hits"": 157, ""cache_misses"": 0, ""compact_model_numeric_terms"": 0, ""model_attempts"": 0, ""model_documents"": 0, ""model_documents_attempted"": 0, ""parsed_documents"": 0, ""semantic_retries"": 0, ""source_documents"": 157, ""submitted_document_exposures"": 0, ""tool_derived_metadata_rules"": 0, ""verified_documents"": 157}",[],True,,False,0,,,,
llm_v2_no_recovery,B10__capacity_cut__seed29__origin0,B10,capacity_cut,29,0,1861,B10-capacity_cut-seed29-origin0:day1861,a5c5be30c40471a1383ff0b3c697e606972de6bbfe5bca1987505e853a33b70b,executed,False,True,114.51260502630473,23.0,22.0,202.0,0,False,0,0,0,0,0,"{""pre_http_starts"": 0, ""paired_results"": 0, ""pairs"": []}",157,0,True,stochastic_milp,True,0,0.0007424113651313583,True,2.490576025000337,[],"{""cache_enabled"": true, ""cache_path"": ""/workspace/MasterDissertation/results/v2_pilot/evaluation_verified_cache"", ""compact_output"": true, ""enabled"": true, ""expose_source_inventory"": true, ""llm_critic"": false, ""llm_numeric_routing"": false, ""llm_recovery_selection"": true, ""semantic_retries"": 1, ""state_recovery"": false}","{""cache_hits"": 157, ""cache_misses"": 0, ""compact_model_numeric_terms"": 0, ""model_attempts"": 0, ""model_documents"": 0, ""model_documents_attempted"": 0, ""parsed_documents"": 0, ""semantic_retries"": 0, ""source_documents"": 157, ""submitted_document_exposures"": 0, ""tool_derived_metadata_rules"": 0, ""verified_documents"": 157}",[],True,,False,0,,,,
llm_v2_no_recovery,B10__capacity_cut__seed29__origin0,B10,capacity_cut,29,0,1862,B10-capacity_cut-seed29-origin0:day1862,d59e069b590a70de1a6e1fe5048dd5f8b964d2aad75837f8ca8bb1a9760c351b,executed,False,True,45.82663974964618,35.0,35.0,218.0,0,False,0,0,0,0,0,"{""pre_http_starts"": 0, ""paired_results"": 0, ""pairs"": []}",157,0,True,stochastic_milp,True,0,0.0,True,1.17161456300164,[],"{""cache_enabled"": true, ""cache_path"": ""/workspace/MasterDissertation/results/v2_pilot/evaluation_verified_cache"", ""compact_output"": true, ""enabled"": true, ""expose_source_inventory"": true, ""llm_critic"": false, ""llm_numeric_routing"": false, ""llm_recovery_selection"": true, ""semantic_retries"": 1, ""state_recovery"": false}","{""cache_hits"": 157, ""cache_misses"": 0, ""compact_model_numeric_terms"": 0, ""model_attempts"": 0, ""model_documents"": 0, ""model_documents_attempted"": 0, ""parsed_documents"": 0, ""semantic_retries"": 0, ""source_documents"": 157, ""submitted_document_exposures"": 0, ""tool_derived_metadata_rules"": 0, ""verified_documents"": 157}",[],True,,False,0,,,,
llm_v2_no_recovery,B10__capacity_cut__seed29__origin0,B10,capacity_cut,29,0,1863,B10-capacity_cut-seed29-origin0:day1863,901248a22d2f3bbb143670c4062df42dcc1bba15f07009ed14110f4df63e08ca,executed,False,True,35.425360053002834,50.0,48.0,231.0,0,False,0,0,0,0,0,"{""pre_http_starts"": 0, ""paired_results"": 0, ""pairs"": []}",157,0,True,stochastic_milp,True,0,0.0006424047602981631,True,2.9307184099998267,[],"{""cache_enabled"": true, ""cache_path"": ""/workspace/MasterDissertation/results/v2_pilot/evaluation_verified_cache"", ""compact_output"": true, ""enabled"": true, ""expose_source_inventory"": true, ""llm_critic"": false, ""llm_numeric_routing"": false, ""llm_recovery_selection"": true, ""semantic_retries"": 1, ""state_recovery"": false}","{""cache_hits"": 157, ""cache_misses"": 0, ""compact_model_numeric_terms"": 0, ""model_attempts"": 0, ""model_documents"": 0, ""model_documents_attempted"": 0, ""parsed_documents"": 0, ""semantic_retries"": 0, ""source_documents"": 157, ""submitted_document_exposures"": 0, ""tool_derived_metadata_rules"": 0, ""verified_documents"": 157}",[],True,,False,0,,,,
llm_v2_no_recovery,B10__capacity_cut__seed29__origin0,B10,capacity_cut,29,0,1864,B10-capacity_cut-seed29-origin0:day1864,ff14aaf9d94e25c3bce6343ed8af919af9c419186c97410f3fedc5153d230420,executed,False,True,60.70162504196168,32.0,28.0,232.0,0,False,0,0,0,0,0,"{""pre_http_starts"": 0, ""paired_results"": 0, ""pairs"": []}",157,0,True,stochastic_milp,True,0,0.0009343737572056963,True,2.258593981001468,[],"{""cache_enabled"": true, ""cache_path"": ""/workspace/MasterDissertation/results/v2_pilot/evaluation_verified_cache"", ""compact_output"": true, ""enabled"": true, ""expose_source_inventory"": true, ""llm_critic"": false, ""llm_numeric_routing"": false, ""llm_recovery_selection"": true, ""semantic_retries"": 1, ""state_recovery"": false}","{""cache_hits"": 157, ""cache_misses"": 0, ""compact_model_numeric_terms"": 0, ""model_attempts"": 0, ""model_documents"": 0, ""model_documents_attempted"": 0, ""parsed_documents"": 0, ""semantic_retries"": 0, ""source_documents"": 157, ""submitted_document_exposures"": 0, ""tool_derived_metadata_rules"": 0, ""verified_documents"": 157}",[],True,,False,0,,,,
llm_v2_no_recovery,B10__capacity_cut__seed29__origin0,B10,capacity_cut,29,0,1865,B10-capacity_cut-seed29-origin0:day1865,8ff575d48dc32fa255b4816b56fb8a4c706af9daed900e86a633998ee5a2119d,executed,False,True,72.18905986142158,31.0,31.0,222.0,0,False,0,0,0,0,0,"{""pre_http_starts"": 0, ""paired_results"": 0, ""pairs"": []}",157,0,True,stochastic_milp,True,0,0.000830547916787984,True,1.9757466979972376,[],"{""cache_enabled"": true, ""cache_path"": ""/workspace/MasterDissertation/results/v2_pilot/evaluation_verified_cache"", ""compact_output"": true, ""enabled"": true, ""expose_source_inventory"": true, ""llm_critic"": false, ""llm_numeric_routing"": false, ""llm_recovery_selection"": true, ""semantic_retries"": 1, ""state_recovery"": false}","{""cache_hits"": 157, ""cache_misses"": 0, ""compact_model_numeric_terms"": 0, ""model_attempts"": 0, ""model_documents"": 0, ""model_documents_attempted"": 0, ""parsed_documents"": 0, ""semantic_retries"": 0, ""source_documents"": 157, ""submitted_document_exposures"": 0, ""tool_derived_metadata_rules"": 0, ""verified_documents"": 157}",[],True,,False,0,,,,
llm_v2_no_recovery,B10__capacity_cut__seed29__origin0,B10,capacity_cut,29,0,1866,B10-capacity_cut-seed29-origin0:day1866,aadfa40c5a204282b8d61c8b3e60e5fa103dc41b6b23afa4a401e69fc465e4b7,executed,False,True,76.50499999803304,31.0,25.0,206.0,0,False,0,0,0,0,0,"{""pre_http_starts"": 0, ""paired_results"": 0, ""pairs"": []}",157,0,True,stochastic_milp,True,0,0.0007079761370172424,True,1.7073657010005263,[],"{""cache_enabled"": true, ""cache_path"": ""/workspace/MasterDissertation/results/v2_pilot/evaluation_verified_cache"", ""compact_output"": true, ""enabled"": true, ""expose_source_inventory"": true, ""llm_critic"": false, ""llm_numeric_routing"": false, ""llm_recovery_selection"": true, ""semantic_retries"": 1, ""state_recovery"": false}","{""cache_hits"": 157, ""cache_misses"": 0, ""compact_model_numeric_terms"": 0, ""model_attempts"": 0, ""model_documents"": 0, ""model_documents_attempted"": 0, ""parsed_documents"": 0, ""semantic_retries"": 0, ""source_documents"": 157, ""submitted_document_exposures"": 0, ""tool_derived_metadata_rules"": 0, ""verified_documents"": 157}",[],True,,False,0,,,,
llm_v2_no_recovery,B10__capacity_cut__seed29__origin0,B10,capacity_cut,29,0,1867,B10-capacity_cut-seed29-origin0:day1867,e83346ef2ddb7c379f0733a7cca063f638926d4c52a523452f0166d5f96c46aa,executed,False,True,44.85776502174139,22.0,21.0,239.0,0,False,0,0,0,0,0,"{""pre_http_starts"": 0, ""paired_results"": 0, ""pairs"": []}",157,0,True,stochastic_milp,True,0,0.00045857206761565816,True,3.3328904940026405,[],"{""cache_enabled"": true, ""cache_path"": ""/workspace/MasterDissertation/results/v2_pilot/evaluation_verified_cache"", ""compact_output"": true, ""enabled"": true, ""expose_source_inventory"": true, ""llm_critic"": false, ""llm_numeric_routing"": false, ""llm_recovery_selection"": true, ""semantic_retries"": 1, ""state_recovery"": false}","{""cache_hits"": 157, ""cache_misses"": 0, ""compact_model_numeric_terms"": 0, ""model_attempts"": 0, ""model_documents"": 0, ""model_documents_attempted"": 0, ""parsed_documents"": 0, ""semantic_retries"": 0, ""source_documents"": 157, ""submitted_document_exposures"": 0, ""tool_derived_metadata_rules"": 0, ""verified_documents"": 157}",[],True,,False,0,,,,
llm_v2_no_recovery,B10__capacity_cut__seed29__origin0,B10,capacity_cut,29,0,1868,B10-capacity_cut-seed29-origin0:day1868,1088e28f4e7092f159b65d40f0572c9aaeafc419a905621c9de78b3424f4300e,executed,False,True,101.25528509706258,27.0,25.0,229.0,0,False,0,0,0,0,0,"{""pre_http_starts"": 0, ""paired_results"": 0, ""pairs"": []}",157,0,True,stochastic_milp,True,0,0.0009408578853071826,True,3.2653527969996503,[],"{""cache_enabled"": true, ""cache_path"": ""/workspace/MasterDissertation/results/v2_pilot/evaluation_verified_cache"", ""compact_output"": true, ""enabled"": true, ""expose_source_inventory"": true, ""llm_critic"": false, ""llm_numeric_routing"": false, ""llm_recovery_selection"": true, ""semantic_retries"": 1, ""state_recovery"": false}","{""cache_hits"": 157, ""cache_misses"": 0, ""compact_model_numeric_terms"": 0, ""model_attempts"": 0, ""model_documents"": 0, ""model_documents_attempted"": 0, ""parsed_documents"": 0, ""semantic_retries"": 0, ""source_documents"": 157, ""submitted_document_exposures"": 0, ""tool_derived_metadata_rules"": 0, ""verified_documents"": 157}",[],True,,False,0,,,,
llm_v2_no_recovery,B10__capacity_cut__seed29__origin0,B10,capacity_cut,29,0,1869,B10-capacity_cut-seed29-origin0:day1869,0734ec3f5b9211e05d426512a336c7deab72f9509d60f66edc7fe75e4be0ee59,executed,False,True,27.766109998583797,36.0,36.0,219.0,0,False,0,0,0,0,0,"{""pre_http_starts"": 0, ""paired_results"": 0, ""pairs"": []}",157,0,True,stochastic_milp,True,0,0.00038493544294905893,True,1.421696030000021,[],"{""cache_enabled"": true, ""cache_path"": ""/workspace/MasterDissertation/results/v2_pilot/evaluation_verified_cache"", ""compact_output"": true, ""enabled"": true, ""expose_source_inventory"": true, ""llm_critic"": false, ""llm_numeric_routing"": false, ""llm_recovery_selection"": true, ""semantic_retries"": 1, ""state_recovery"": false}","{""cache_hits"": 157, ""cache_misses"": 0, ""compact_model_numeric_terms"": 0, ""model_attempts"": 0, ""model_documents"": 0, ""model_documents_attempted"": 0, ""parsed_documents"": 0, ""semantic_retries"": 0, ""source_documents"": 157, ""submitted_document_exposures"": 0, ""tool_derived_metadata_rules"": 0, ""verified_documents"": 157}",[],True,,False,0,,,,
llm_v2_no_recovery,B10__capacity_cut__seed29__origin0,B10,capacity_cut,29,0,1870,B10-capacity_cut-seed29-origin0:day1870,1da56f4aecd3a35c449f2d141276a43bcfe547c661b07bb34a1cb9995fefa281,executed,False,True,37.50669999921322,34.0,34.0,226.0,0,False,0,0,0,0,0,"{""pre_http_starts"": 0, ""paired_results"": 0, ""pairs"": []}",157,0,True,stochastic_milp,True,1,0.025022416530240264,False,5.707633121000981,[],"{""cache_enabled"": true, ""cache_path"": ""/workspace/MasterDissertation/results/v2_pilot/evaluation_verified_cache"", ""compact_output"": true, ""enabled"": true, ""expose_source_inventory"": true, ""llm_critic"": false, ""llm_numeric_routing"": false, ""llm_recovery_selection"": true, ""semantic_retries"": 1, ""state_recovery"": false}","{""cache_hits"": 157, ""cache_misses"": 0, ""compact_model_numeric_terms"": 0, ""model_attempts"": 0, ""model_documents"": 0, ""model_documents_attempted"": 0, ""parsed_documents"": 0, ""semantic_retries"": 0, ""source_documents"": 157, ""submitted_document_exposures"": 0, ""tool_derived_metadata_rules"": 0, ""verified_documents"": 157}",[],True,,False,0,,,,
llm_v2_no_recovery,B10__capacity_cut__seed29__origin0,B10,capacity_cut,29,0,1871,B10-capacity_cut-seed29-origin0:day1871,689a7e38110d777e889232100143178272d7c0cbd656d971656376da10e59c8d,executed,False,True,80.58428992116451,38.0,37.0,223.0,0,False,0,0,0,0,0,"{""pre_http_starts"": 0, ""paired_results"": 0, ""pairs"": []}",157,0,True,stochastic_milp,True,0,0.0009281115455726599,True,2.7089927589986478,[],"{""cache_enabled"": true, ""cache_path"": ""/workspace/MasterDissertation/results/v2_pilot/evaluation_verified_cache"", ""compact_output"": true, ""enabled"": true, ""expose_source_inventory"": true, ""llm_critic"": false, ""llm_numeric_routing"": false, ""llm_recovery_selection"": true, ""semantic_retries"": 1, ""state_recovery"": false}","{""cache_hits"": 157, ""cache_misses"": 0, ""compact_model_numeric_terms"": 0, ""model_attempts"": 0, ""model_documents"": 0, ""model_documents_attempted"": 0, ""parsed_documents"": 0, ""semantic_retries"": 0, ""source_documents"": 157, ""submitted_document_exposures"": 0, ""tool_derived_metadata_rules"": 0, ""verified_documents"": 157}",[],True,,False,0,,,,
llm_v2_recovery,B10__normal__seed13__origin0,B10,normal,13,0,1858,B10-normal-seed13-origin0:day1858,0f3141e90a80709e451532d166ddc5603761a7b733cc5887ae2b17ba9fac9c7f,executed,False,True,32.11827002614737,28.0,27.0,258.0,0,False,1,956,0,1,0,"{""pre_http_starts"": 1, ""paired_results"": 1, ""pairs"": [{""started_ref"": ""ed7c4a1299b982197576ef3eb1494119b7160b61a2e2a64a8e6b6f4e1f451a24"", ""result_ref"": ""e85443ffb62c9099ee592149d066d4666ebd2cf844d270d55a841a5391041c61"", ""result_kind"": ""llm_call"", ""start_seq"": 168, ""result_seq"": 169}]}",157,2,True,stochastic_milp,True,0,0.000977720140421123,True,6.002610258998175,[],"{""cache_enabled"": true, ""cache_path"": ""/workspace/MasterDissertation/results/v2_pilot/evaluation_verified_cache"", ""compact_output"": true, ""enabled"": true, ""expose_source_inventory"": true, ""llm_critic"": false, ""llm_numeric_routing"": false, ""llm_recovery_selection"": true, ""semantic_retries"": 1, ""state_recovery"": true}","{""cache_hits"": 0, ""cache_misses"": 157, ""compact_model_numeric_terms"": 2, ""model_attempts"": 1, ""model_documents"": 2, ""model_documents_attempted"": 2, ""parsed_documents"": 155, ""semantic_retries"": 0, ""source_documents"": 157, ""submitted_document_exposures"": 2, ""tool_derived_metadata_rules"": 2, ""verified_documents"": 157}",[],True,,False,0,,,,
llm_v2_recovery,B10__normal__seed13__origin0,B10,normal,13,0,1859,B10-normal-seed13-origin0:day1859,71d1f5870a06a7ecc1b51e3526074a741ea3b388c3d3200dbb0bd97c7fee3d36,executed,False,True,78.06128505182267,22.0,20.0,254.0,0,False,1,955,0,1,0,"{""pre_http_starts"": 1, ""paired_results"": 1, ""pairs"": [{""started_ref"": ""3dae4a21b945b6b8191f4112962d895ae301788c38b3b451dab1b153228d837a"", ""result_ref"": ""36772e994f47f66864df9a1b33ca5dde7ee9668ccfda55fbc35f5185379d6b2e"", ""result_kind"": ""llm_call"", ""start_seq"": 503, ""result_seq"": 504}]}",157,2,True,stochastic_milp,True,0,0.0009930932057834326,True,5.873850890999165,[],"{""cache_enabled"": true, ""cache_path"": ""/workspace/MasterDissertation/results/v2_pilot/evaluation_verified_cache"", ""compact_output"": true, ""enabled"": true, ""expose_source_inventory"": true, ""llm_critic"": false, ""llm_numeric_routing"": false, ""llm_recovery_selection"": true, ""semantic_retries"": 1, ""state_recovery"": true}","{""cache_hits"": 0, ""cache_misses"": 157, ""compact_model_numeric_terms"": 2, ""model_attempts"": 1, ""model_documents"": 2, ""model_documents_attempted"": 2, ""parsed_documents"": 155, ""semantic_retries"": 0, ""source_documents"": 157, ""submitted_document_exposures"": 2, ""tool_derived_metadata_rules"": 2, ""verified_documents"": 157}",[],True,,False,0,,,,
llm_v2_recovery,B10__normal__seed13__origin0,B10,normal,13,0,1860,B10-normal-seed13-origin0:day1860,3e80d7382e0a0a3f240cddc7887155623ea65fd5d323792c55d8fa6b3e2dfca6,executed,False,True,39.31286990511418,41.0,40.0,218.0,0,False,1,956,0,1,0,"{""pre_http_starts"": 1, ""paired_results"": 1, ""pairs"": [{""started_ref"": ""096e0886dd5ef2e57b9b40011667637da5a530fe693724691553c888fa332273"", ""result_ref"": ""083bdd49ccb4c8540445ecbf3692ac68c8a620566edc21323bdf6e33d70022bf"", ""result_kind"": ""llm_call"", ""start_seq"": 838, ""result_seq"": 839}]}",157,2,True,stochastic_milp,True,0,0.0,True,5.431720233002125,[],"{""cache_enabled"": true, ""cache_path"": ""/workspace/MasterDissertation/results/v2_pilot/evaluation_verified_cache"", ""compact_output"": true, ""enabled"": true, ""expose_source_inventory"": true, ""llm_critic"": false, ""llm_numeric_routing"": false, ""llm_recovery_selection"": true, ""semantic_retries"": 1, ""state_recovery"": true}","{""cache_hits"": 0, ""cache_misses"": 157, ""compact_model_numeric_terms"": 2, ""model_attempts"": 1, ""model_documents"": 2, ""model_documents_attempted"": 2, ""parsed_documents"": 155, ""semantic_retries"": 0, ""source_documents"": 157, ""submitted_document_exposures"": 2, ""tool_derived_metadata_rules"": 2, ""verified_documents"": 157}",[],True,,False,0,,,,
llm_v2_recovery,B10__normal__seed13__origin0,B10,normal,13,0,1861,B10-normal-seed13-origin0:day1861,184a6cdb608ce39b448b9de7303c9978d9ed3cf81d9e6bb58bf684e8669edd1e,executed,False,True,15.348450001180172,23.0,23.0,214.0,0,False,1,959,0,1,0,"{""pre_http_starts"": 1, ""paired_results"": 1, ""pairs"": [{""started_ref"": ""adc745e66b549cc076ef829a3f9160437ea56b55ffbbeaeb7b4104c9ffd6a4c9"", ""result_ref"": ""7e711f3cc3d8d955fa7ce6873f32cfc406dbc2c3914cee43b6f109d56130d008"", ""result_kind"": ""llm_call"", ""start_seq"": 1173, ""result_seq"": 1174}]}",157,2,True,stochastic_milp,True,0,0.00016443060687554862,True,5.694090552002308,[],"{""cache_enabled"": true, ""cache_path"": ""/workspace/MasterDissertation/results/v2_pilot/evaluation_verified_cache"", ""compact_output"": true, ""enabled"": true, ""expose_source_inventory"": true, ""llm_critic"": false, ""llm_numeric_routing"": false, ""llm_recovery_selection"": true, ""semantic_retries"": 1, ""state_recovery"": true}","{""cache_hits"": 0, ""cache_misses"": 157, ""compact_model_numeric_terms"": 2, ""model_attempts"": 1, ""model_documents"": 2, ""model_documents_attempted"": 2, ""parsed_documents"": 155, ""semantic_retries"": 0, ""source_documents"": 157, ""submitted_document_exposures"": 2, ""tool_derived_metadata_rules"": 2, ""verified_documents"": 157}",[],True,,False,0,,,,
llm_v2_recovery,B10__normal__seed13__origin0,B10,normal,13,0,1862,B10-normal-seed13-origin0:day1862,a3001d658139556d79fd8c3745f6cd8e36ae4301d0b691e6530e57de12436c6e,executed,False,True,90.05754506522418,35.0,35.0,207.0,0,False,1,956,0,1,0,"{""pre_http_starts"": 1, ""paired_results"": 1, ""pairs"": [{""started_ref"": ""5339a521ddcb20d4177babda4c568a481cd9191f3e336208def50230fc0d5791"", ""result_ref"": ""5de38d9035802e03161fd0e9af84be3f8c9b64d57971217193c22f2eb801a188"", ""result_kind"": ""llm_call"", ""start_seq"": 1508, ""result_seq"": 1509}]}",157,2,True,stochastic_milp,True,0,0.0009993484682301783,True,9.6396038769999,[],"{""cache_enabled"": true, ""cache_path"": ""/workspace/MasterDissertation/results/v2_pilot/evaluation_verified_cache"", ""compact_output"": true, ""enabled"": true, ""expose_source_inventory"": true, ""llm_critic"": false, ""llm_numeric_routing"": false, ""llm_recovery_selection"": true, ""semantic_retries"": 1, ""state_recovery"": true}","{""cache_hits"": 0, ""cache_misses"": 157, ""compact_model_numeric_terms"": 2, ""model_attempts"": 1, ""model_documents"": 2, ""model_documents_attempted"": 2, ""parsed_documents"": 155, ""semantic_retries"": 0, ""source_documents"": 157, ""submitted_document_exposures"": 2, ""tool_derived_metadata_rules"": 2, ""verified_documents"": 157}",[],True,,False,0,,,,
llm_v2_recovery,B10__normal__seed13__origin0,B10,normal,13,0,1863,B10-normal-seed13-origin0:day1863,b41398f45e58080531016e5cae7c1a1cfe1cedc9eb8aa492e1e546b57186df89,executed,False,True,58.62312481313944,50.0,50.0,155.0,0,False,1,947,0,1,0,"{""pre_http_starts"": 1, ""paired_results"": 1, ""pairs"": [{""started_ref"": ""27f7d04ce28561c41178744117e012ff2ae817f766d66135a731ebcd79757ccb"", ""result_ref"": ""a79da04d9c47631bb7ca1888ffc83ba543f3161fe469caf8ad5ff76059046918"", ""result_kind"": ""llm_call"", ""start_seq"": 1843, ""result_seq"": 1844}]}",157,2,True,stochastic_milp,True,0,0.0008578499382019955,True,7.791878945998178,[],"{""cache_enabled"": true, ""cache_path"": ""/workspace/MasterDissertation/results/v2_pilot/evaluation_verified_cache"", ""compact_output"": true, ""enabled"": true, ""expose_source_inventory"": true, ""llm_critic"": false, ""llm_numeric_routing"": false, ""llm_recovery_selection"": true, ""semantic_retries"": 1, ""state_recovery"": true}","{""cache_hits"": 0, ""cache_misses"": 157, ""compact_model_numeric_terms"": 2, ""model_attempts"": 1, ""model_documents"": 2, ""model_documents_attempted"": 2, ""parsed_documents"": 155, ""semantic_retries"": 0, ""source_documents"": 157, ""submitted_document_exposures"": 2, ""tool_derived_metadata_rules"": 2, ""verified_documents"": 157}",[],True,,False,0,,,,
llm_v2_recovery,B10__normal__seed13__origin0,B10,normal,13,0,1864,B10-normal-seed13-origin0:day1864,b9af3fcc59f52ed59cd2172c7060d37e2834ebb43559441ecd49aeeb512df0ad,executed,False,True,71.51088014209272,32.0,27.0,174.0,0,False,1,953,0,1,0,"{""pre_http_starts"": 1, ""paired_results"": 1, ""pairs"": [{""started_ref"": ""3e881fad8e7e7627db3889c0fd31e173645e27f50414bf354f02cbc2cc014dff"", ""result_ref"": ""40bd365cdbf2ca2750183a461eb595b2d23fb503f144fceca428eb1f04e622cc"", ""result_kind"": ""llm_call"", ""start_seq"": 2178, ""result_seq"": 2179}]}",157,2,True,stochastic_milp,True,0,0.0007089162844531263,True,7.455624540001736,[],"{""cache_enabled"": true, ""cache_path"": ""/workspace/MasterDissertation/results/v2_pilot/evaluation_verified_cache"", ""compact_output"": true, ""enabled"": true, ""expose_source_inventory"": true, ""llm_critic"": false, ""llm_numeric_routing"": false, ""llm_recovery_selection"": true, ""semantic_retries"": 1, ""state_recovery"": true}","{""cache_hits"": 0, ""cache_misses"": 157, ""compact_model_numeric_terms"": 2, ""model_attempts"": 1, ""model_documents"": 2, ""model_documents_attempted"": 2, ""parsed_documents"": 155, ""semantic_retries"": 0, ""source_documents"": 157, ""submitted_document_exposures"": 2, ""tool_derived_metadata_rules"": 2, ""verified_documents"": 157}",[],True,,False,0,,,,
llm_v2_recovery,B10__normal__seed13__origin0,B10,normal,13,0,1865,B10-normal-seed13-origin0:day1865,8bdeb5eabf366d05e8fb3dd258974098ee69be458c32f07282a9ad9a7ec8865e,executed,False,True,78.82722500157357,31.0,28.0,186.0,0,False,1,953,0,1,0,"{""pre_http_starts"": 1, ""paired_results"": 1, ""pairs"": [{""started_ref"": ""4e197785d57089fed22374cdd0b5c512233508b88d3724b1f7f5f7848dd1b180"", ""result_ref"": ""03174592eda8945b2b0e9f919fadcdc7b7558cec6f2b685398c404c7bfb159a0"", ""result_kind"": ""llm_call"", ""start_seq"": 2513, ""result_seq"": 2514}]}",157,2,True,stochastic_milp,True,0,0.0004091300927370984,True,7.520766886998899,[],"{""cache_enabled"": true, ""cache_path"": ""/workspace/MasterDissertation/results/v2_pilot/evaluation_verified_cache"", ""compact_output"": true, ""enabled"": true, ""expose_source_inventory"": true, ""llm_critic"": false, ""llm_numeric_routing"": false, ""llm_recovery_selection"": true, ""semantic_retries"": 1, ""state_recovery"": true}","{""cache_hits"": 0, ""cache_misses"": 157, ""compact_model_numeric_terms"": 2, ""model_attempts"": 1, ""model_documents"": 2, ""model_documents_attempted"": 2, ""parsed_documents"": 155, ""semantic_retries"": 0, ""source_documents"": 157, ""submitted_document_exposures"": 2, ""tool_derived_metadata_rules"": 2, ""verified_documents"": 157}",[],True,,False,0,,,,
llm_v2_recovery,B10__normal__seed13__origin0,B10,normal,13,0,1866,B10-normal-seed13-origin0:day1866,d751ce87e0f09143b022094895a5bbf7bdd339551b478a6fff8885da1ca48f9b,executed,False,True,85.61989493697882,31.0,24.0,224.0,0,False,1,956,0,1,0,"{""pre_http_starts"": 1, ""paired_results"": 1, ""pairs"": [{""started_ref"": ""e5efcfa710253c21c8b63ee6fe649d6236864d1b1ecb54984cb190988237716b"", ""result_ref"": ""a20f49a77355058fa8b8cce3f5c8ec608a450521bb450a72c9e2e5fb1b7cdb59"", ""result_kind"": ""llm_call"", ""start_seq"": 2848, ""result_seq"": 2849}]}",157,2,True,stochastic_milp,True,0,0.0009361580622089923,True,6.952434971000912,[],"{""cache_enabled"": true, ""cache_path"": ""/workspace/MasterDissertation/results/v2_pilot/evaluation_verified_cache"", ""compact_output"": true, ""enabled"": true, ""expose_source_inventory"": true, ""llm_critic"": false, ""llm_numeric_routing"": false, ""llm_recovery_selection"": true, ""semantic_retries"": 1, ""state_recovery"": true}","{""cache_hits"": 0, ""cache_misses"": 157, ""compact_model_numeric_terms"": 2, ""model_attempts"": 1, ""model_documents"": 2, ""model_documents_attempted"": 2, ""parsed_documents"": 155, ""semantic_retries"": 0, ""source_documents"": 157, ""submitted_document_exposures"": 2, ""tool_derived_metadata_rules"": 2, ""verified_documents"": 157}",[],True,,False,0,,,,
llm_v2_recovery,B10__normal__seed13__origin0,B10,normal,13,0,1867,B10-normal-seed13-origin0:day1867,d69ac396197d7ed05bb369784f3e8f3cfaa7d4ddd5dfb2ebc0c2915f72c3de54,executed,False,True,47.82927502661944,22.0,21.0,205.0,0,False,1,949,0,1,0,"{""pre_http_starts"": 1, ""paired_results"": 1, ""pairs"": [{""started_ref"": ""cb4ebcbb31e81c462c81e56e5184ccb6ec82fffa84a357fd9faa5bed4fdae8b2"", ""result_ref"": ""38fe7af7a7bcc228aecf163a8e2bdf943544343fe33c378c431083d822ebaf61"", ""result_kind"": ""llm_call"", ""start_seq"": 3183, ""result_seq"": 3184}]}",157,2,True,stochastic_milp,True,0,0.0008764843050864547,True,6.536493764000625,[],"{""cache_enabled"": true, ""cache_path"": ""/workspace/MasterDissertation/results/v2_pilot/evaluation_verified_cache"", ""compact_output"": true, ""enabled"": true, ""expose_source_inventory"": true, ""llm_critic"": false, ""llm_numeric_routing"": false, ""llm_recovery_selection"": true, ""semantic_retries"": 1, ""state_recovery"": true}","{""cache_hits"": 0, ""cache_misses"": 157, ""compact_model_numeric_terms"": 2, ""model_attempts"": 1, ""model_documents"": 2, ""model_documents_attempted"": 2, ""parsed_documents"": 155, ""semantic_retries"": 0, ""source_documents"": 157, ""submitted_document_exposures"": 2, ""tool_derived_metadata_rules"": 2, ""verified_documents"": 157}",[],True,,False,0,,,,
llm_v2_recovery,B10__normal__seed13__origin0,B10,normal,13,0,1868,B10-normal-seed13-origin0:day1868,ed24a90b40acbd100586e8fd101a5f98a1527158e4ff1002b602e010f62cff4f,executed,False,True,21.58790000039339,27.0,27.0,218.0,0,False,1,960,0,1,0,"{""pre_http_starts"": 1, ""paired_results"": 1, ""pairs"": [{""started_ref"": ""76b5319d7ae609dae7b7bac3d1d4212e4fe016abe8952bec75a8026ef5ab03e6"", ""result_ref"": ""fbe11a886859a0870bae0099998856ee11158e0d92aa11133649abe78a5006f7"", ""result_kind"": ""llm_call"", ""start_seq"": 3518, ""result_seq"": 3519}]}",157,2,True,stochastic_milp,True,0,0.0,True,5.350435311000183,[],"{""cache_enabled"": true, ""cache_path"": ""/workspace/MasterDissertation/results/v2_pilot/evaluation_verified_cache"", ""compact_output"": true, ""enabled"": true, ""expose_source_inventory"": true, ""llm_critic"": false, ""llm_numeric_routing"": false, ""llm_recovery_selection"": true, ""semantic_retries"": 1, ""state_recovery"": true}","{""cache_hits"": 0, ""cache_misses"": 157, ""compact_model_numeric_terms"": 2, ""model_attempts"": 1, ""model_documents"": 2, ""model_documents_attempted"": 2, ""parsed_documents"": 155, ""semantic_retries"": 0, ""source_documents"": 157, ""submitted_document_exposures"": 2, ""tool_derived_metadata_rules"": 2, ""verified_documents"": 157}",[],True,,False,0,,,,
llm_v2_recovery,B10__normal__seed13__origin0,B10,normal,13,0,1869,B10-normal-seed13-origin0:day1869,a4ebd39bd55be72a0808b9b7ac391ace4838dcfa330aff6522691a779f18bc63,executed,False,True,60.06421971786023,36.0,36.0,201.0,0,False,1,952,0,1,0,"{""pre_http_starts"": 1, ""paired_results"": 1, ""pairs"": [{""started_ref"": ""dbd4f7918634fcd7661954dcc2f5cec50ada90d80f2eb981ac1b0efc680ca2a4"", ""result_ref"": ""f95a9f3212a2bb92e166fa57b6e3365d0471c7af8119637a58ba4f6c7929d404"", ""result_kind"": ""llm_call"", ""start_seq"": 3853, ""result_seq"": 3854}]}",157,2,True,stochastic_milp,True,0,5.302112587423604e-05,True,8.622914788000344,[],"{""cache_enabled"": true, ""cache_path"": ""/workspace/MasterDissertation/results/v2_pilot/evaluation_verified_cache"", ""compact_output"": true, ""enabled"": true, ""expose_source_inventory"": true, ""llm_critic"": false, ""llm_numeric_routing"": false, ""llm_recovery_selection"": true, ""semantic_retries"": 1, ""state_recovery"": true}","{""cache_hits"": 0, ""cache_misses"": 157, ""compact_model_numeric_terms"": 2, ""model_attempts"": 1, ""model_documents"": 2, ""model_documents_attempted"": 2, ""parsed_documents"": 155, ""semantic_retries"": 0, ""source_documents"": 157, ""submitted_document_exposures"": 2, ""tool_derived_metadata_rules"": 2, ""verified_documents"": 157}",[],True,,False,0,,,,
llm_v2_recovery,B10__normal__seed13__origin0,B10,normal,13,0,1870,B10-normal-seed13-origin0:day1870,43d0b0e799e910e1a9987da3a5ab485925f8274e3c6ae99c4bd7e7d64bbea8ce,executed,False,True,59.64250000196695,34.0,34.0,183.0,0,False,1,961,0,1,0,"{""pre_http_starts"": 1, ""paired_results"": 1, ""pairs"": [{""started_ref"": ""6f1dbc61da9c243662708da6d5fc4b63c5d283b9b6114f1d58417f6baee70c4b"", ""result_ref"": ""e9c9d2a013e81c2c4ffe12e940bdc7b6b761eac738bc3d8b66f70d0a69d5a5b8"", ""result_kind"": ""llm_call"", ""start_seq"": 4188, ""result_seq"": 4189}]}",157,2,True,stochastic_milp,True,0,0.0,True,5.546026328000153,[],"{""cache_enabled"": true, ""cache_path"": ""/workspace/MasterDissertation/results/v2_pilot/evaluation_verified_cache"", ""compact_output"": true, ""enabled"": true, ""expose_source_inventory"": true, ""llm_critic"": false, ""llm_numeric_routing"": false, ""llm_recovery_selection"": true, ""semantic_retries"": 1, ""state_recovery"": true}","{""cache_hits"": 0, ""cache_misses"": 157, ""compact_model_numeric_terms"": 2, ""model_attempts"": 1, ""model_documents"": 2, ""model_documents_attempted"": 2, ""parsed_documents"": 155, ""semantic_retries"": 0, ""source_documents"": 157, ""submitted_document_exposures"": 2, ""tool_derived_metadata_rules"": 2, ""verified_documents"": 157}",[],True,,False,0,,,,
llm_v2_recovery,B10__normal__seed13__origin0,B10,normal,13,0,1871,B10-normal-seed13-origin0:day1871,f039e88282fbf710dec6224572db1f5ae654b86870c9c751e95e98670ec31d22,executed,False,True,22.112420002281663,38.0,38.0,162.0,0,False,1,954,0,1,0,"{""pre_http_starts"": 1, ""paired_results"": 1, ""pairs"": [{""started_ref"": ""9c4ed1cbaab284c4e1ee443695203d62d03b02c0adcb5b3f56f9277b468c032c"", ""result_ref"": ""04d6138c8dbf117b2174cfb5ebefaa1cdbeec30b7759ae06c7043cc8f8c1234e"", ""result_kind"": ""llm_call"", ""start_seq"": 4523, ""result_seq"": 4524}]}",157,2,True,stochastic_milp,True,0,2.436988150400591e-16,True,5.437520514999051,[],"{""cache_enabled"": true, ""cache_path"": ""/workspace/MasterDissertation/results/v2_pilot/evaluation_verified_cache"", ""compact_output"": true, ""enabled"": true, ""expose_source_inventory"": true, ""llm_critic"": false, ""llm_numeric_routing"": false, ""llm_recovery_selection"": true, ""semantic_retries"": 1, ""state_recovery"": true}","{""cache_hits"": 0, ""cache_misses"": 157, ""compact_model_numeric_terms"": 2, ""model_attempts"": 1, ""model_documents"": 2, ""model_documents_attempted"": 2, ""parsed_documents"": 155, ""semantic_retries"": 0, ""source_documents"": 157, ""submitted_document_exposures"": 2, ""tool_derived_metadata_rules"": 2, ""verified_documents"": 157}",[],True,,False,0,,,,
llm_v2_recovery,B10__normal__seed29__origin0,B10,normal,29,0,1858,B10-normal-seed29-origin0:day1858,cb930efdfb4f1533142181fe9c8ffb7f60802e6376bd8d6ee2ad9add26047bbc,held,True,False,4.200570000708103,28.0,28.0,225.0,0,False,0,0,0,0,0,"{""pre_http_starts"": 0, ""paired_results"": 0, ""pairs"": []}",157,0,True,stochastic_milp,True,0,0.0005397835530322777,True,1.8493304479998187,[],"{""cache_enabled"": true, ""cache_path"": ""/workspace/MasterDissertation/results/v2_pilot/evaluation_verified_cache"", ""compact_output"": true, ""enabled"": true, ""expose_source_inventory"": true, ""llm_critic"": false, ""llm_numeric_routing"": false, ""llm_recovery_selection"": true, ""semantic_retries"": 1, ""state_recovery"": true}","{""cache_hits"": 67, ""cache_misses"": 90, ""compact_model_numeric_terms"": 0, ""model_attempts"": 0, ""model_documents"": 0, ""model_documents_attempted"": 0, ""parsed_documents"": 90, ""semantic_retries"": 0, ""source_documents"": 157, ""submitted_document_exposures"": 0, ""tool_derived_metadata_rules"": 0, ""verified_documents"": 157}",[],True,,False,0,,,,
llm_v2_recovery,B10__normal__seed29__origin0,B10,normal,29,0,1859,B10-normal-seed29-origin0:day1859,716de06ae631543ff28607ecf010eb339046b3ca80705726d6cfc06468c1376f,executed,False,True,110.90562993228436,22.0,21.0,171.0,0,False,0,0,0,0,0,"{""pre_http_starts"": 0, ""paired_results"": 0, ""pairs"": []}",157,0,True,stochastic_milp,True,0,0.0005087707639283103,True,1.28131163800208,[],"{""cache_enabled"": true, ""cache_path"": ""/workspace/MasterDissertation/results/v2_pilot/evaluation_verified_cache"", ""compact_output"": true, ""enabled"": true, ""expose_source_inventory"": true, ""llm_critic"": false, ""llm_numeric_routing"": false, ""llm_recovery_selection"": true, ""semantic_retries"": 1, ""state_recovery"": true}","{""cache_hits"": 67, ""cache_misses"": 90, ""compact_model_numeric_terms"": 0, ""model_attempts"": 0, ""model_documents"": 0, ""model_documents_attempted"": 0, ""parsed_documents"": 90, ""semantic_retries"": 0, ""source_documents"": 157, ""submitted_document_exposures"": 0, ""tool_derived_metadata_rules"": 0, ""verified_documents"": 157}",[],True,,False,0,,,,
llm_v2_recovery,B10__normal__seed29__origin0,B10,normal,29,0,1860,B10-normal-seed29-origin0:day1860,4ad95717fb6b6c0d32fffb1682a525bb8ca895ece6360e149fb9e3ad32011fe7,executed,False,True,47.53594002121688,41.0,41.0,165.0,0,False,0,0,0,0,0,"{""pre_http_starts"": 0, ""paired_results"": 0, ""pairs"": []}",157,0,True,stochastic_milp,True,0,0.00038345200022108585,True,1.324975950999942,[],"{""cache_enabled"": true, ""cache_path"": ""/workspace/MasterDissertation/results/v2_pilot/evaluation_verified_cache"", ""compact_output"": true, ""enabled"": true, ""expose_source_inventory"": true, ""llm_critic"": false, ""llm_numeric_routing"": false, ""llm_recovery_selection"": true, ""semantic_retries"": 1, ""state_recovery"": true}","{""cache_hits"": 67, ""cache_misses"": 90, ""compact_model_numeric_terms"": 0, ""model_attempts"": 0, ""model_documents"": 0, ""model_documents_attempted"": 0, ""parsed_documents"": 90, ""semantic_retries"": 0, ""source_documents"": 157, ""submitted_document_exposures"": 0, ""tool_derived_metadata_rules"": 0, ""verified_documents"": 157}",[],True,,False,0,,,,
llm_v2_recovery,B10__normal__seed29__origin0,B10,normal,29,0,1861,B10-normal-seed29-origin0:day1861,50d7ae84dd9fef00ee24d7fae02cd90ddbb607540cf0e72acac4b058c87983d9,executed,False,True,114.51260502630473,23.0,22.0,202.0,0,False,0,0,0,0,0,"{""pre_http_starts"": 0, ""paired_results"": 0, ""pairs"": []}",157,0,True,stochastic_milp,True,0,0.0007424113651313583,True,2.7304272539986414,[],"{""cache_enabled"": true, ""cache_path"": ""/workspace/MasterDissertation/results/v2_pilot/evaluation_verified_cache"", ""compact_output"": true, ""enabled"": true, ""expose_source_inventory"": true, ""llm_critic"": false, ""llm_numeric_routing"": false, ""llm_recovery_selection"": true, ""semantic_retries"": 1, ""state_recovery"": true}","{""cache_hits"": 67, ""cache_misses"": 90, ""compact_model_numeric_terms"": 0, ""model_attempts"": 0, ""model_documents"": 0, ""model_documents_attempted"": 0, ""parsed_documents"": 90, ""semantic_retries"": 0, ""source_documents"": 157, ""submitted_document_exposures"": 0, ""tool_derived_metadata_rules"": 0, ""verified_documents"": 157}",[],True,,False,0,,,,
llm_v2_recovery,B10__normal__seed29__origin0,B10,normal,29,0,1862,B10-normal-seed29-origin0:day1862,10a5f17aac47923b62bc98f260aa9e27fd3e02e6f81ac3bdbef53fb2c1f3f2b2,executed,False,True,45.82663974964618,35.0,35.0,218.0,0,False,0,0,0,0,0,"{""pre_http_starts"": 0, ""paired_results"": 0, ""pairs"": []}",157,0,True,stochastic_milp,True,0,0.0006918763942873926,True,1.6152592020007432,[],"{""cache_enabled"": true, ""cache_path"": ""/workspace/MasterDissertation/results/v2_pilot/evaluation_verified_cache"", ""compact_output"": true, ""enabled"": true, ""expose_source_inventory"": true, ""llm_critic"": false, ""llm_numeric_routing"": false, ""llm_recovery_selection"": true, ""semantic_retries"": 1, ""state_recovery"": true}","{""cache_hits"": 67, ""cache_misses"": 90, ""compact_model_numeric_terms"": 0, ""model_attempts"": 0, ""model_documents"": 0, ""model_documents_attempted"": 0, ""parsed_documents"": 90, ""semantic_retries"": 0, ""source_documents"": 157, ""submitted_document_exposures"": 0, ""tool_derived_metadata_rules"": 0, ""verified_documents"": 157}",[],True,,False,0,,,,
llm_v2_recovery,B10__normal__seed29__origin0,B10,normal,29,0,1863,B10-normal-seed29-origin0:day1863,4b41f24e8df165e647bfe25a356c6d02d8bef27e4518f1d7193b82977155d696,executed,False,True,35.425360053002834,50.0,48.0,231.0,0,False,0,0,0,0,0,"{""pre_http_starts"": 0, ""paired_results"": 0, ""pairs"": []}",157,0,True,stochastic_milp,True,0,0.0,True,2.4662892179985647,[],"{""cache_enabled"": true, ""cache_path"": ""/workspace/MasterDissertation/results/v2_pilot/evaluation_verified_cache"", ""compact_output"": true, ""enabled"": true, ""expose_source_inventory"": true, ""llm_critic"": false, ""llm_numeric_routing"": false, ""llm_recovery_selection"": true, ""semantic_retries"": 1, ""state_recovery"": true}","{""cache_hits"": 67, ""cache_misses"": 90, ""compact_model_numeric_terms"": 0, ""model_attempts"": 0, ""model_documents"": 0, ""model_documents_attempted"": 0, ""parsed_documents"": 90, ""semantic_retries"": 0, ""source_documents"": 157, ""submitted_document_exposures"": 0, ""tool_derived_metadata_rules"": 0, ""verified_documents"": 157}",[],True,,False,0,,,,
llm_v2_recovery,B10__normal__seed29__origin0,B10,normal,29,0,1864,B10-normal-seed29-origin0:day1864,a3551b7629eceaec1dbbeb16326d966babcadf29eca8cc6d7098047389e718bf,executed,False,True,61.79750004196168,32.0,28.0,232.0,0,False,0,0,0,0,0,"{""pre_http_starts"": 0, ""paired_results"": 0, ""pairs"": []}",157,0,True,stochastic_milp,True,0,0.0005396337924683012,True,2.7122745500018937,[],"{""cache_enabled"": true, ""cache_path"": ""/workspace/MasterDissertation/results/v2_pilot/evaluation_verified_cache"", ""compact_output"": true, ""enabled"": true, ""expose_source_inventory"": true, ""llm_critic"": false, ""llm_numeric_routing"": false, ""llm_recovery_selection"": true, ""semantic_retries"": 1, ""state_recovery"": true}","{""cache_hits"": 67, ""cache_misses"": 90, ""compact_model_numeric_terms"": 0, ""model_attempts"": 0, ""model_documents"": 0, ""model_documents_attempted"": 0, ""parsed_documents"": 90, ""semantic_retries"": 0, ""source_documents"": 157, ""submitted_document_exposures"": 0, ""tool_derived_metadata_rules"": 0, ""verified_documents"": 157}",[],True,,False,0,,,,
llm_v2_recovery,B10__normal__seed29__origin0,B10,normal,29,0,1865,B10-normal-seed29-origin0:day1865,6b5827fe6fc3e598f0449a82895e60ac40cb1420a5ed9b755418401fcf178a14,executed,False,True,53.708974882245066,31.0,31.0,222.0,0,False,0,0,0,0,0,"{""pre_http_starts"": 0, ""paired_results"": 0, ""pairs"": []}",157,0,True,stochastic_milp,True,0,0.0008917089136470226,True,2.515077582000231,[],"{""cache_enabled"": true, ""cache_path"": ""/workspace/MasterDissertation/results/v2_pilot/evaluation_verified_cache"", ""compact_output"": true, ""enabled"": true, ""expose_source_inventory"": true, ""llm_critic"": false, ""llm_numeric_routing"": false, ""llm_recovery_selection"": true, ""semantic_retries"": 1, ""state_recovery"": true}","{""cache_hits"": 67, ""cache_misses"": 90, ""compact_model_numeric_terms"": 0, ""model_attempts"": 0, ""model_documents"": 0, ""model_documents_attempted"": 0, ""parsed_documents"": 90, ""semantic_retries"": 0, ""source_documents"": 157, ""submitted_document_exposures"": 0, ""tool_derived_metadata_rules"": 0, ""verified_documents"": 157}",[],True,,False,0,,,,
llm_v2_recovery,B10__normal__seed29__origin0,B10,normal,29,0,1866,B10-normal-seed29-origin0:day1866,82fee19b5013367fbe10ed9c544cf977acebd98bcfd665e6422731513f0dfa1a,executed,False,True,85.3386649978757,31.0,25.0,205.0,0,False,0,0,0,0,0,"{""pre_http_starts"": 0, ""paired_results"": 0, ""pairs"": []}",157,0,True,stochastic_milp,True,0,0.0009300254267711311,True,1.5998602270010451,[],"{""cache_enabled"": true, ""cache_path"": ""/workspace/MasterDissertation/results/v2_pilot/evaluation_verified_cache"", ""compact_output"": true, ""enabled"": true, ""expose_source_inventory"": true, ""llm_critic"": false, ""llm_numeric_routing"": false, ""llm_recovery_selection"": true, ""semantic_retries"": 1, ""state_recovery"": true}","{""cache_hits"": 67, ""cache_misses"": 90, ""compact_model_numeric_terms"": 0, ""model_attempts"": 0, ""model_documents"": 0, ""model_documents_attempted"": 0, ""parsed_documents"": 90, ""semantic_retries"": 0, ""source_documents"": 157, ""submitted_document_exposures"": 0, ""tool_derived_metadata_rules"": 0, ""verified_documents"": 157}",[],True,,False,0,,,,
llm_v2_recovery,B10__normal__seed29__origin0,B10,normal,29,0,1867,B10-normal-seed29-origin0:day1867,e590eed15cc8387f175786a3069acdcdab5af2e99033be66179df538944ecff3,executed,False,True,34.07535499614477,22.0,22.0,221.0,0,False,0,0,0,0,0,"{""pre_http_starts"": 0, ""paired_results"": 0, ""pairs"": []}",157,0,True,stochastic_milp,True,0,0.0009333150929968446,True,2.376954306000698,[],"{""cache_enabled"": true, ""cache_path"": ""/workspace/MasterDissertation/results/v2_pilot/evaluation_verified_cache"", ""compact_output"": true, ""enabled"": true, ""expose_source_inventory"": true, ""llm_critic"": false, ""llm_numeric_routing"": false, ""llm_recovery_selection"": true, ""semantic_retries"": 1, ""state_recovery"": true}","{""cache_hits"": 67, ""cache_misses"": 90, ""compact_model_numeric_terms"": 0, ""model_attempts"": 0, ""model_documents"": 0, ""model_documents_attempted"": 0, ""parsed_documents"": 90, ""semantic_retries"": 0, ""source_documents"": 157, ""submitted_document_exposures"": 0, ""tool_derived_metadata_rules"": 0, ""verified_documents"": 157}",[],True,,False,0,,,,
llm_v2_recovery,B10__normal__seed29__origin0,B10,normal,29,0,1868,B10-normal-seed29-origin0:day1868,bc3f228ad7d602517a5312fe5476cda5fa8bb0d4d90e50a7d121a55465b53f7c,executed,False,True,111.0604498923421,27.0,25.0,213.0,0,False,0,0,0,0,0,"{""pre_http_starts"": 0, ""paired_results"": 0, ""pairs"": []}",157,0,True,stochastic_milp,True,0,0.0006336287453617411,True,3.557182532000297,[],"{""cache_enabled"": true, ""cache_path"": ""/workspace/MasterDissertation/results/v2_pilot/evaluation_verified_cache"", ""compact_output"": true, ""enabled"": true, ""expose_source_inventory"": true, ""llm_critic"": false, ""llm_numeric_routing"": false, ""llm_recovery_selection"": true, ""semantic_retries"": 1, ""state_recovery"": true}","{""cache_hits"": 67, ""cache_misses"": 90, ""compact_model_numeric_terms"": 0, ""model_attempts"": 0, ""model_documents"": 0, ""model_documents_attempted"": 0, ""parsed_documents"": 90, ""semantic_retries"": 0, ""source_documents"": 157, ""submitted_document_exposures"": 0, ""tool_derived_metadata_rules"": 0, ""verified_documents"": 157}",[],True,,False,0,,,,
llm_v2_recovery,B10__normal__seed29__origin0,B10,normal,29,0,1869,B10-normal-seed29-origin0:day1869,cc1f69afcb69a916d91dcd802a94007e9fdf12e62129ddac134ae1dcfd304e03,executed,False,True,11.051594997167587,36.0,36.0,217.0,0,False,0,0,0,0,0,"{""pre_http_starts"": 0, ""paired_results"": 0, ""pairs"": []}",157,0,True,stochastic_milp,True,0,0.0009849056006871772,True,1.8271141969999007,[],"{""cache_enabled"": true, ""cache_path"": ""/workspace/MasterDissertation/results/v2_pilot/evaluation_verified_cache"", ""compact_output"": true, ""enabled"": true, ""expose_source_inventory"": true, ""llm_critic"": false, ""llm_numeric_routing"": false, ""llm_recovery_selection"": true, ""semantic_retries"": 1, ""state_recovery"": true}","{""cache_hits"": 67, ""cache_misses"": 90, ""compact_model_numeric_terms"": 0, ""model_attempts"": 0, ""model_documents"": 0, ""model_documents_attempted"": 0, ""parsed_documents"": 90, ""semantic_retries"": 0, ""source_documents"": 157, ""submitted_document_exposures"": 0, ""tool_derived_metadata_rules"": 0, ""verified_documents"": 157}",[],True,,False,0,,,,
llm_v2_recovery,B10__normal__seed29__origin0,B10,normal,29,0,1870,B10-normal-seed29-origin0:day1870,b609b6b77ef26e7495172ef5e9bdc86fbf6490b37b0fe66872cb53ae25d8b819,executed,False,True,65.26786508101225,34.0,34.0,233.0,0,False,0,0,0,0,0,"{""pre_http_starts"": 0, ""paired_results"": 0, ""pairs"": []}",157,0,True,stochastic_milp,True,0,0.0008728968017888293,True,5.431867227998737,[],"{""cache_enabled"": true, ""cache_path"": ""/workspace/MasterDissertation/results/v2_pilot/evaluation_verified_cache"", ""compact_output"": true, ""enabled"": true, ""expose_source_inventory"": true, ""llm_critic"": false, ""llm_numeric_routing"": false, ""llm_recovery_selection"": true, ""semantic_retries"": 1, ""state_recovery"": true}","{""cache_hits"": 67, ""cache_misses"": 90, ""compact_model_numeric_terms"": 0, ""model_attempts"": 0, ""model_documents"": 0, ""model_documents_attempted"": 0, ""parsed_documents"": 90, ""semantic_retries"": 0, ""source_documents"": 157, ""submitted_document_exposures"": 0, ""tool_derived_metadata_rules"": 0, ""verified_documents"": 157}",[],True,,False,0,,,,
llm_v2_recovery,B10__normal__seed29__origin0,B10,normal,29,0,1871,B10-normal-seed29-origin0:day1871,7576300483b4346955be9b69fd6ec81d7133e77d3bd8b336ba0840f5cb39ca10,executed,False,True,51.58736503052712,38.0,38.0,197.0,0,False,0,0,0,0,0,"{""pre_http_starts"": 0, ""paired_results"": 0, ""pairs"": []}",157,0,True,stochastic_milp,True,0,0.0009909172358271066,True,5.028823753000324,[],"{""cache_enabled"": true, ""cache_path"": ""/workspace/MasterDissertation/results/v2_pilot/evaluation_verified_cache"", ""compact_output"": true, ""enabled"": true, ""expose_source_inventory"": true, ""llm_critic"": false, ""llm_numeric_routing"": false, ""llm_recovery_selection"": true, ""semantic_retries"": 1, ""state_recovery"": true}","{""cache_hits"": 67, ""cache_misses"": 90, ""compact_model_numeric_terms"": 0, ""model_attempts"": 0, ""model_documents"": 0, ""model_documents_attempted"": 0, ""parsed_documents"": 90, ""semantic_retries"": 0, ""source_documents"": 157, ""submitted_document_exposures"": 0, ""tool_derived_metadata_rules"": 0, ""verified_documents"": 157}",[],True,,False,0,,,,
llm_v2_recovery,B10__derived_field_collapse__seed13__origin0,B10,derived_field_collapse,13,0,1858,B10-derived_field_collapse-seed13-origin0:day1858,bcfb9b311bf2241c04765ad07be486cbcf95eb6a2c9357f64722dd65372adef7,executed,False,True,32.11827002614737,28.0,27.0,258.0,0,False,0,0,0,0,0,"{""pre_http_starts"": 0, ""paired_results"": 0, ""pairs"": []}",157,0,True,stochastic_milp,True,0,0.000977720140421123,True,1.6502287309995154,[],"{""cache_enabled"": true, ""cache_path"": ""/workspace/MasterDissertation/results/v2_pilot/evaluation_verified_cache"", ""compact_output"": true, ""enabled"": true, ""expose_source_inventory"": true, ""llm_critic"": false, ""llm_numeric_routing"": false, ""llm_recovery_selection"": true, ""semantic_retries"": 1, ""state_recovery"": true}","{""cache_hits"": 157, ""cache_misses"": 0, ""compact_model_numeric_terms"": 0, ""model_attempts"": 0, ""model_documents"": 0, ""model_documents_attempted"": 0, ""parsed_documents"": 0, ""semantic_retries"": 0, ""source_documents"": 157, ""submitted_document_exposures"": 0, ""tool_derived_metadata_rules"": 0, ""verified_documents"": 157}",[],True,,False,0,,,,
llm_v2_recovery,B10__derived_field_collapse__seed13__origin0,B10,derived_field_collapse,13,0,1859,B10-derived_field_collapse-seed13-origin0:day1859,d8fab6fd918d94ffd4ef98eec750e878b9e885f0867ede873c9ee9f37f92fa00,executed,False,True,78.06128505182267,22.0,20.0,254.0,0,False,0,0,0,0,0,"{""pre_http_starts"": 0, ""paired_results"": 0, ""pairs"": []}",157,0,True,stochastic_milp,True,0,0.0009930932057834326,True,1.6744026899978053,[],"{""cache_enabled"": true, ""cache_path"": ""/workspace/MasterDissertation/results/v2_pilot/evaluation_verified_cache"", ""compact_output"": true, ""enabled"": true, ""expose_source_inventory"": true, ""llm_critic"": false, ""llm_numeric_routing"": false, ""llm_recovery_selection"": true, ""semantic_retries"": 1, ""state_recovery"": true}","{""cache_hits"": 157, ""cache_misses"": 0, ""compact_model_numeric_terms"": 0, ""model_attempts"": 0, ""model_documents"": 0, ""model_documents_attempted"": 0, ""parsed_documents"": 0, ""semantic_retries"": 0, ""source_documents"": 157, ""submitted_document_exposures"": 0, ""tool_derived_metadata_rules"": 0, ""verified_documents"": 157}",[],True,,False,0,,,,
llm_v2_recovery,B10__derived_field_collapse__seed13__origin0,B10,derived_field_collapse,13,0,1860,B10-derived_field_collapse-seed13-origin0:day1860,3694209d2169f612751c44fefc784c235f2226a5bd27407f6cadc3f47345e867,executed,False,True,39.31286990511418,41.0,40.0,218.0,0,False,0,0,0,0,0,"{""pre_http_starts"": 0, ""paired_results"": 0, ""pairs"": []}",157,0,True,stochastic_milp,True,0,0.0,True,1.1159175239990873,[],"{""cache_enabled"": true, ""cache_path"": ""/workspace/MasterDissertation/results/v2_pilot/evaluation_verified_cache"", ""compact_output"": true, ""enabled"": true, ""expose_source_inventory"": true, ""llm_critic"": false, ""llm_numeric_routing"": false, ""llm_recovery_selection"": true, ""semantic_retries"": 1, ""state_recovery"": true}","{""cache_hits"": 157, ""cache_misses"": 0, ""compact_model_numeric_terms"": 0, ""model_attempts"": 0, ""model_documents"": 0, ""model_documents_attempted"": 0, ""parsed_documents"": 0, ""semantic_retries"": 0, ""source_documents"": 157, ""submitted_document_exposures"": 0, ""tool_derived_metadata_rules"": 0, ""verified_documents"": 157}",[],True,,False,0,,,,
llm_v2_recovery,B10__derived_field_collapse__seed13__origin0,B10,derived_field_collapse,13,0,1861,B10-derived_field_collapse-seed13-origin0:day1861,3710762c26be08b17c81e2fa8e079585247b1d3e594b7162c2684f7aa02c6194,executed,False,True,15.348450001180172,23.0,23.0,214.0,0,False,0,0,0,0,0,"{""pre_http_starts"": 0, ""paired_results"": 0, ""pairs"": []}",157,0,True,stochastic_milp,True,0,0.00016443060687554862,True,1.134274905998609,[],"{""cache_enabled"": true, ""cache_path"": ""/workspace/MasterDissertation/results/v2_pilot/evaluation_verified_cache"", ""compact_output"": true, ""enabled"": true, ""expose_source_inventory"": true, ""llm_critic"": false, ""llm_numeric_routing"": false, ""llm_recovery_selection"": true, ""semantic_retries"": 1, ""state_recovery"": true}","{""cache_hits"": 157, ""cache_misses"": 0, ""compact_model_numeric_terms"": 0, ""model_attempts"": 0, ""model_documents"": 0, ""model_documents_attempted"": 0, ""parsed_documents"": 0, ""semantic_retries"": 0, ""source_documents"": 157, ""submitted_document_exposures"": 0, ""tool_derived_metadata_rules"": 0, ""verified_documents"": 157}",[],True,,False,0,,,,
llm_v2_recovery,B10__derived_field_collapse__seed13__origin0,B10,derived_field_collapse,13,0,1862,B10-derived_field_collapse-seed13-origin0:day1862,04e287fa351ccd40eb9e314f4f8a0202651f94be88b533fa9b4120687a19e010,executed,False,True,90.05754506522418,35.0,35.0,207.0,0,False,1,1754,0,1,0,"{""pre_http_starts"": 1, ""paired_results"": 1, ""pairs"": [{""started_ref"": ""0f87411f321792ef9e63bbd7d113949ce437ec734543a4fac42961b80dc17180"", ""result_ref"": ""9e4e4c09472b14ba557594ae69b44a8a2afb62affac2668d46ebca9b8eea1f37"", ""result_kind"": ""llm_call"", ""start_seq"": 1340, ""result_seq"": 1341}]}",157,0,True,stochastic_milp,True,0,0.0009993484682301783,True,15.57904751499882,[],"{""cache_enabled"": true, ""cache_path"": ""/workspace/MasterDissertation/results/v2_pilot/evaluation_verified_cache"", ""compact_output"": true, ""enabled"": true, ""expose_source_inventory"": true, ""llm_critic"": false, ""llm_numeric_routing"": false, ""llm_recovery_selection"": true, ""semantic_retries"": 1, ""state_recovery"": true}","{""cache_hits"": 157, ""cache_misses"": 0, ""compact_model_numeric_terms"": 0, ""model_attempts"": 0, ""model_documents"": 0, ""model_documents_attempted"": 0, ""parsed_documents"": 0, ""semantic_retries"": 0, ""source_documents"": 157, ""submitted_document_exposures"": 0, ""tool_derived_metadata_rules"": 0, ""verified_documents"": 157}",[],True,applied,True,28,True,False,reconcile_current_inventory,live_model
llm_v2_recovery,B10__derived_field_collapse__seed13__origin0,B10,derived_field_collapse,13,0,1863,B10-derived_field_collapse-seed13-origin0:day1863,0cf56b66244d4e52a6e3d13f4d036ac28b390597776858f8ae3421014d659fe6,executed,False,True,58.62312481313944,50.0,50.0,155.0,0,False,1,1720,0,1,0,"{""pre_http_starts"": 1, ""paired_results"": 1, ""pairs"": [{""started_ref"": ""50546c00bfdcd8719ede6213ec13e7f193c70d5756d04c347d58a4d01c090a2e"", ""result_ref"": ""382963bd7dc515f02118f045937cc4842eabaf1fedd34fcdebe79c5b069d8569"", ""result_kind"": ""llm_call"", ""start_seq"": 1683, ""result_seq"": 1684}]}",157,0,True,stochastic_milp,True,0,0.0008578499382019955,True,13.02786641000057,[],"{""cache_enabled"": true, ""cache_path"": ""/workspace/MasterDissertation/results/v2_pilot/evaluation_verified_cache"", ""compact_output"": true, ""enabled"": true, ""expose_source_inventory"": true, ""llm_critic"": false, ""llm_numeric_routing"": false, ""llm_recovery_selection"": true, ""semantic_retries"": 1, ""state_recovery"": true}","{""cache_hits"": 157, ""cache_misses"": 0, ""compact_model_numeric_terms"": 0, ""model_attempts"": 0, ""model_documents"": 0, ""model_documents_attempted"": 0, ""parsed_documents"": 0, ""semantic_retries"": 0, ""source_documents"": 157, ""submitted_document_exposures"": 0, ""tool_derived_metadata_rules"": 0, ""verified_documents"": 157}",[],True,applied,True,28,True,False,reconcile_current_inventory,live_model
llm_v2_recovery,B10__derived_field_collapse__seed13__origin0,B10,derived_field_collapse,13,0,1864,B10-derived_field_collapse-seed13-origin0:day1864,f75dbf39f70647e5719aff1a26e7036085d2e6c3f712ffc9da4b0157247b6d43,executed,False,True,71.51088014209272,32.0,27.0,174.0,0,False,1,1614,0,1,0,"{""pre_http_starts"": 1, ""paired_results"": 1, ""pairs"": [{""started_ref"": ""bf5bd035b7ee61bbfa585d2248b317b7ef9cc58fe8c0896b8dbf74f322d63aaa"", ""result_ref"": ""032c46e7b98ced31a10005de901a41c894409f7aa1bf5bf333fc59de0e40e9c9"", ""result_kind"": ""llm_call"", ""start_seq"": 2026, ""result_seq"": 2027}]}",157,0,True,stochastic_milp,True,0,0.0007089162844531263,True,14.514705559002325,[],"{""cache_enabled"": true, ""cache_path"": ""/workspace/MasterDissertation/results/v2_pilot/evaluation_verified_cache"", ""compact_output"": true, ""enabled"": true, ""expose_source_inventory"": true, ""llm_critic"": false, ""llm_numeric_routing"": false, ""llm_recovery_selection"": true, ""semantic_retries"": 1, ""state_recovery"": true}","{""cache_hits"": 157, ""cache_misses"": 0, ""compact_model_numeric_terms"": 0, ""model_attempts"": 0, ""model_documents"": 0, ""model_documents_attempted"": 0, ""parsed_documents"": 0, ""semantic_retries"": 0, ""source_documents"": 157, ""submitted_document_exposures"": 0, ""tool_derived_metadata_rules"": 0, ""verified_documents"": 157}",[],True,applied,True,28,True,False,reconcile_current_inventory,live_model
llm_v2_recovery,B10__derived_field_collapse__seed13__origin0,B10,derived_field_collapse,13,0,1865,B10-derived_field_collapse-seed13-origin0:day1865,01e427872682cdd35e58b14f0c55a24af9392dedd85c09d3ad68d4d31e6146e4,executed,False,True,78.82722500157357,31.0,28.0,186.0,0,False,1,1658,0,1,0,"{""pre_http_starts"": 1, ""paired_results"": 1, ""pairs"": [{""started_ref"": ""c748a9d8ec50ad42f4bdb6ed35f9dc9601ba588a837517c7ec6da822493df54d"", ""result_ref"": ""b4a0bb843584f453c483ba7345c140ee29b75ff36c0e547a51c4e3321100d8f2"", ""result_kind"": ""llm_call"", ""start_seq"": 2369, ""result_seq"": 2370}]}",157,0,True,stochastic_milp,True,0,0.0004091300927370984,True,13.56868380600281,[],"{""cache_enabled"": true, ""cache_path"": ""/workspace/MasterDissertation/results/v2_pilot/evaluation_verified_cache"", ""compact_output"": true, ""enabled"": true, ""expose_source_inventory"": true, ""llm_critic"": false, ""llm_numeric_routing"": false, ""llm_recovery_selection"": true, ""semantic_retries"": 1, ""state_recovery"": true}","{""cache_hits"": 157, ""cache_misses"": 0, ""compact_model_numeric_terms"": 0, ""model_attempts"": 0, ""model_documents"": 0, ""model_documents_attempted"": 0, ""parsed_documents"": 0, ""semantic_retries"": 0, ""source_documents"": 157, ""submitted_document_exposures"": 0, ""tool_derived_metadata_rules"": 0, ""verified_documents"": 157}",[],True,applied,True,27,True,False,reconcile_current_inventory,live_model
llm_v2_recovery,B10__derived_field_collapse__seed13__origin0,B10,derived_field_collapse,13,0,1866,B10-derived_field_collapse-seed13-origin0:day1866,c054ebc44338effafcb5641953afbbddf355d5c3bcbbaedf762136a82205d4ae,executed,False,True,85.61989493697882,31.0,24.0,224.0,0,False,1,1707,0,1,0,"{""pre_http_starts"": 1, ""paired_results"": 1, ""pairs"": [{""started_ref"": ""f251c43a6084c7b61525f0af02e4ea41958904d6a1b45d1005f71e45ee48df6b"", ""result_ref"": ""f83ee03d7bf6c053106549498f132da12720ed2e21109505d4b6aa86f45c66c0"", ""result_kind"": ""llm_call"", ""start_seq"": 2712, ""result_seq"": 2713}]}",157,0,True,stochastic_milp,True,0,0.0009361580622089923,True,13.757952789001138,[],"{""cache_enabled"": true, ""cache_path"": ""/workspace/MasterDissertation/results/v2_pilot/evaluation_verified_cache"", ""compact_output"": true, ""enabled"": true, ""expose_source_inventory"": true, ""llm_critic"": false, ""llm_numeric_routing"": false, ""llm_recovery_selection"": true, ""semantic_retries"": 1, ""state_recovery"": true}","{""cache_hits"": 157, ""cache_misses"": 0, ""compact_model_numeric_terms"": 0, ""model_attempts"": 0, ""model_documents"": 0, ""model_documents_attempted"": 0, ""parsed_documents"": 0, ""semantic_retries"": 0, ""source_documents"": 157, ""submitted_document_exposures"": 0, ""tool_derived_metadata_rules"": 0, ""verified_documents"": 157}",[],True,applied,True,27,True,False,reconcile_current_inventory,live_model
llm_v2_recovery,B10__derived_field_collapse__seed13__origin0,B10,derived_field_collapse,13,0,1867,B10-derived_field_collapse-seed13-origin0:day1867,96e12c9bed51c7615012edc6968904c2bff77517ae95f3068c6916e6bbe9760d,executed,False,True,47.82927502661944,22.0,21.0,205.0,0,False,0,0,0,0,0,"{""pre_http_starts"": 0, ""paired_results"": 0, ""pairs"": []}",157,0,True,stochastic_milp,True,0,0.0008764843050864547,True,1.599441137001122,[],"{""cache_enabled"": true, ""cache_path"": ""/workspace/MasterDissertation/results/v2_pilot/evaluation_verified_cache"", ""compact_output"": true, ""enabled"": true, ""expose_source_inventory"": true, ""llm_critic"": false, ""llm_numeric_routing"": false, ""llm_recovery_selection"": true, ""semantic_retries"": 1, ""state_recovery"": true}","{""cache_hits"": 157, ""cache_misses"": 0, ""compact_model_numeric_terms"": 0, ""model_attempts"": 0, ""model_documents"": 0, ""model_documents_attempted"": 0, ""parsed_documents"": 0, ""semantic_retries"": 0, ""source_documents"": 157, ""submitted_document_exposures"": 0, ""tool_derived_metadata_rules"": 0, ""verified_documents"": 157}",[],True,,False,0,,,,
llm_v2_recovery,B10__derived_field_collapse__seed13__origin0,B10,derived_field_collapse,13,0,1868,B10-derived_field_collapse-seed13-origin0:day1868,8debb13f4fdaaa357a439dab8ee6ba2baee8fa1126a07ca4472262a0ecabdf99,executed,False,True,21.58790000039339,27.0,27.0,218.0,0,False,0,0,0,0,0,"{""pre_http_starts"": 0, ""paired_results"": 0, ""pairs"": []}",157,0,True,stochastic_milp,True,0,0.0,True,0.9515662520025217,[],"{""cache_enabled"": true, ""cache_path"": ""/workspace/MasterDissertation/results/v2_pilot/evaluation_verified_cache"", ""compact_output"": true, ""enabled"": true, ""expose_source_inventory"": true, ""llm_critic"": false, ""llm_numeric_routing"": false, ""llm_recovery_selection"": true, ""semantic_retries"": 1, ""state_recovery"": true}","{""cache_hits"": 157, ""cache_misses"": 0, ""compact_model_numeric_terms"": 0, ""model_attempts"": 0, ""model_documents"": 0, ""model_documents_attempted"": 0, ""parsed_documents"": 0, ""semantic_retries"": 0, ""source_documents"": 157, ""submitted_document_exposures"": 0, ""tool_derived_metadata_rules"": 0, ""verified_documents"": 157}",[],True,,False,0,,,,
llm_v2_recovery,B10__derived_field_collapse__seed13__origin0,B10,derived_field_collapse,13,0,1869,B10-derived_field_collapse-seed13-origin0:day1869,5b67d641cbb1ba912d0bf48eff0f297b40df8913c5040918aa29399b2b74031a,executed,False,True,60.06421971786023,36.0,36.0,201.0,0,False,0,0,0,0,0,"{""pre_http_starts"": 0, ""paired_results"": 0, ""pairs"": []}",157,0,True,stochastic_milp,True,0,5.302112587423604e-05,True,4.320539333999477,[],"{""cache_enabled"": true, ""cache_path"": ""/workspace/MasterDissertation/results/v2_pilot/evaluation_verified_cache"", ""compact_output"": true, ""enabled"": true, ""expose_source_inventory"": true, ""llm_critic"": false, ""llm_numeric_routing"": false, ""llm_recovery_selection"": true, ""semantic_retries"": 1, ""state_recovery"": true}","{""cache_hits"": 157, ""cache_misses"": 0, ""compact_model_numeric_terms"": 0, ""model_attempts"": 0, ""model_documents"": 0, ""model_documents_attempted"": 0, ""parsed_documents"": 0, ""semantic_retries"": 0, ""source_documents"": 157, ""submitted_document_exposures"": 0, ""tool_derived_metadata_rules"": 0, ""verified_documents"": 157}",[],True,,False,0,,,,
llm_v2_recovery,B10__derived_field_collapse__seed13__origin0,B10,derived_field_collapse,13,0,1870,B10-derived_field_collapse-seed13-origin0:day1870,3458b4424c088d00d90ffd1681c7e37300f8ff5492c3a9de2d7646074e4c90b4,executed,False,True,59.64250000196695,34.0,34.0,183.0,0,False,0,0,0,0,0,"{""pre_http_starts"": 0, ""paired_results"": 0, ""pairs"": []}",157,0,True,stochastic_milp,True,0,0.0,True,1.2535165709996363,[],"{""cache_enabled"": true, ""cache_path"": ""/workspace/MasterDissertation/results/v2_pilot/evaluation_verified_cache"", ""compact_output"": true, ""enabled"": true, ""expose_source_inventory"": true, ""llm_critic"": false, ""llm_numeric_routing"": false, ""llm_recovery_selection"": true, ""semantic_retries"": 1, ""state_recovery"": true}","{""cache_hits"": 157, ""cache_misses"": 0, ""compact_model_numeric_terms"": 0, ""model_attempts"": 0, ""model_documents"": 0, ""model_documents_attempted"": 0, ""parsed_documents"": 0, ""semantic_retries"": 0, ""source_documents"": 157, ""submitted_document_exposures"": 0, ""tool_derived_metadata_rules"": 0, ""verified_documents"": 157}",[],True,,False,0,,,,
llm_v2_recovery,B10__derived_field_collapse__seed13__origin0,B10,derived_field_collapse,13,0,1871,B10-derived_field_collapse-seed13-origin0:day1871,0d3490bf8660d53c818c18d97d24288db5c7842787a79e7de8062801abd4daab,executed,False,True,22.112420002281663,38.0,38.0,162.0,0,False,0,0,0,0,0,"{""pre_http_starts"": 0, ""paired_results"": 0, ""pairs"": []}",157,0,True,stochastic_milp,True,0,2.436988150400591e-16,True,1.2741115530006937,[],"{""cache_enabled"": true, ""cache_path"": ""/workspace/MasterDissertation/results/v2_pilot/evaluation_verified_cache"", ""compact_output"": true, ""enabled"": true, ""expose_source_inventory"": true, ""llm_critic"": false, ""llm_numeric_routing"": false, ""llm_recovery_selection"": true, ""semantic_retries"": 1, ""state_recovery"": true}","{""cache_hits"": 157, ""cache_misses"": 0, ""compact_model_numeric_terms"": 0, ""model_attempts"": 0, ""model_documents"": 0, ""model_documents_attempted"": 0, ""parsed_documents"": 0, ""semantic_retries"": 0, ""source_documents"": 157, ""submitted_document_exposures"": 0, ""tool_derived_metadata_rules"": 0, ""verified_documents"": 157}",[],True,,False,0,,,,
llm_v2_recovery,B10__derived_field_collapse__seed29__origin0,B10,derived_field_collapse,29,0,1858,B10-derived_field_collapse-seed29-origin0:day1858,888c979e441c5451a21b65915432d79b2613b4a708fc1730bda996a0d9f0fe09,held,True,False,4.200570000708103,28.0,28.0,225.0,0,False,0,0,0,0,0,"{""pre_http_starts"": 0, ""paired_results"": 0, ""pairs"": []}",157,0,True,stochastic_milp,True,0,0.0005397835530322777,True,1.5644393040020077,[],"{""cache_enabled"": true, ""cache_path"": ""/workspace/MasterDissertation/results/v2_pilot/evaluation_verified_cache"", ""compact_output"": true, ""enabled"": true, ""expose_source_inventory"": true, ""llm_critic"": false, ""llm_numeric_routing"": false, ""llm_recovery_selection"": true, ""semantic_retries"": 1, ""state_recovery"": true}","{""cache_hits"": 157, ""cache_misses"": 0, ""compact_model_numeric_terms"": 0, ""model_attempts"": 0, ""model_documents"": 0, ""model_documents_attempted"": 0, ""parsed_documents"": 0, ""semantic_retries"": 0, ""source_documents"": 157, ""submitted_document_exposures"": 0, ""tool_derived_metadata_rules"": 0, ""verified_documents"": 157}",[],True,,False,0,,,,
llm_v2_recovery,B10__derived_field_collapse__seed29__origin0,B10,derived_field_collapse,29,0,1859,B10-derived_field_collapse-seed29-origin0:day1859,60f42d09a28a4021f90a458133bbadbdabef1c17d4c736817343ec194cb306e7,executed,False,True,110.90562993228436,22.0,21.0,171.0,0,False,0,0,0,0,0,"{""pre_http_starts"": 0, ""paired_results"": 0, ""pairs"": []}",157,0,True,stochastic_milp,True,0,0.0005087707639283103,True,1.1161049750007803,[],"{""cache_enabled"": true, ""cache_path"": ""/workspace/MasterDissertation/results/v2_pilot/evaluation_verified_cache"", ""compact_output"": true, ""enabled"": true, ""expose_source_inventory"": true, ""llm_critic"": false, ""llm_numeric_routing"": false, ""llm_recovery_selection"": true, ""semantic_retries"": 1, ""state_recovery"": true}","{""cache_hits"": 157, ""cache_misses"": 0, ""compact_model_numeric_terms"": 0, ""model_attempts"": 0, ""model_documents"": 0, ""model_documents_attempted"": 0, ""parsed_documents"": 0, ""semantic_retries"": 0, ""source_documents"": 157, ""submitted_document_exposures"": 0, ""tool_derived_metadata_rules"": 0, ""verified_documents"": 157}",[],True,,False,0,,,,
llm_v2_recovery,B10__derived_field_collapse__seed29__origin0,B10,derived_field_collapse,29,0,1860,B10-derived_field_collapse-seed29-origin0:day1860,ed2ba642867d47136d16439424499d65119f6d6708e9c86ef541fb079248ea08,executed,False,True,47.53594002121688,41.0,41.0,165.0,0,False,0,0,0,0,0,"{""pre_http_starts"": 0, ""paired_results"": 0, ""pairs"": []}",157,0,True,stochastic_milp,True,0,0.00038345200022108585,True,1.0954626069978983,[],"{""cache_enabled"": true, ""cache_path"": ""/workspace/MasterDissertation/results/v2_pilot/evaluation_verified_cache"", ""compact_output"": true, ""enabled"": true, ""expose_source_inventory"": true, ""llm_critic"": false, ""llm_numeric_routing"": false, ""llm_recovery_selection"": true, ""semantic_retries"": 1, ""state_recovery"": true}","{""cache_hits"": 157, ""cache_misses"": 0, ""compact_model_numeric_terms"": 0, ""model_attempts"": 0, ""model_documents"": 0, ""model_documents_attempted"": 0, ""parsed_documents"": 0, ""semantic_retries"": 0, ""source_documents"": 157, ""submitted_document_exposures"": 0, ""tool_derived_metadata_rules"": 0, ""verified_documents"": 157}",[],True,,False,0,,,,
llm_v2_recovery,B10__derived_field_collapse__seed29__origin0,B10,derived_field_collapse,29,0,1861,B10-derived_field_collapse-seed29-origin0:day1861,400a57cbca398831b3bb86443e6355e01b10e5a047edcfe1cf3fa581e2781d47,executed,False,True,114.51260502630473,23.0,22.0,202.0,0,False,0,0,0,0,0,"{""pre_http_starts"": 0, ""paired_results"": 0, ""pairs"": []}",157,0,True,stochastic_milp,True,0,0.0007424113651313583,True,2.3023566999981995,[],"{""cache_enabled"": true, ""cache_path"": ""/workspace/MasterDissertation/results/v2_pilot/evaluation_verified_cache"", ""compact_output"": true, ""enabled"": true, ""expose_source_inventory"": true, ""llm_critic"": false, ""llm_numeric_routing"": false, ""llm_recovery_selection"": true, ""semantic_retries"": 1, ""state_recovery"": true}","{""cache_hits"": 157, ""cache_misses"": 0, ""compact_model_numeric_terms"": 0, ""model_attempts"": 0, ""model_documents"": 0, ""model_documents_attempted"": 0, ""parsed_documents"": 0, ""semantic_retries"": 0, ""source_documents"": 157, ""submitted_document_exposures"": 0, ""tool_derived_metadata_rules"": 0, ""verified_documents"": 157}",[],True,,False,0,,,,
llm_v2_recovery,B10__derived_field_collapse__seed29__origin0,B10,derived_field_collapse,29,0,1862,B10-derived_field_collapse-seed29-origin0:day1862,1345fe4b05e770d2c905215b8240704c0b668a98587f0e0c10e1644813c2c0f4,executed,False,True,45.82663974964618,35.0,35.0,218.0,0,False,1,1705,0,1,0,"{""pre_http_starts"": 1, ""paired_results"": 1, ""pairs"": [{""started_ref"": ""1a1fea2c0f38d687112b76a888912a8c892ccbdf2d7bb8745cc0d385b962e01c"", ""result_ref"": ""6ac43eca1a5d8a8dfb3a4927da7a90878a9d2f2635b5371ce1756c761d2c4dc9"", ""result_kind"": ""llm_call"", ""start_seq"": 1344, ""result_seq"": 1345}]}",157,0,True,stochastic_milp,True,0,0.0006918763942873926,True,13.40888570199968,[],"{""cache_enabled"": true, ""cache_path"": ""/workspace/MasterDissertation/results/v2_pilot/evaluation_verified_cache"", ""compact_output"": true, ""enabled"": true, ""expose_source_inventory"": true, ""llm_critic"": false, ""llm_numeric_routing"": false, ""llm_recovery_selection"": true, ""semantic_retries"": 1, ""state_recovery"": true}","{""cache_hits"": 157, ""cache_misses"": 0, ""compact_model_numeric_terms"": 0, ""model_attempts"": 0, ""model_documents"": 0, ""model_documents_attempted"": 0, ""parsed_documents"": 0, ""semantic_retries"": 0, ""source_documents"": 157, ""submitted_document_exposures"": 0, ""tool_derived_metadata_rules"": 0, ""verified_documents"": 157}",[],True,applied,True,28,True,False,reconcile_current_inventory,live_model
llm_v2_recovery,B10__derived_field_collapse__seed29__origin0,B10,derived_field_collapse,29,0,1863,B10-derived_field_collapse-seed29-origin0:day1863,94f613649d54b31aa656cfec62ff34256b1dd1acd5e1ece0b3ba9c9c1e62109f,executed,False,True,35.425360053002834,50.0,48.0,231.0,0,False,1,1753,0,1,0,"{""pre_http_starts"": 1, ""paired_results"": 1, ""pairs"": [{""started_ref"": ""18628b34b2ecf61e3877ee2d7f7690e23d2a9bc92e9931a40c2cd41838552313"", ""result_ref"": ""8aba48570c98b8cf89143148668eb400ab2610144a092734dc1e9fdb4f060a0e"", ""result_kind"": ""llm_call"", ""start_seq"": 1688, ""result_seq"": 1689}]}",157,0,True,stochastic_milp,True,0,0.0,True,14.62229496800137,[],"{""cache_enabled"": true, ""cache_path"": ""/workspace/MasterDissertation/results/v2_pilot/evaluation_verified_cache"", ""compact_output"": true, ""enabled"": true, ""expose_source_inventory"": true, ""llm_critic"": false, ""llm_numeric_routing"": false, ""llm_recovery_selection"": true, ""semantic_retries"": 1, ""state_recovery"": true}","{""cache_hits"": 157, ""cache_misses"": 0, ""compact_model_numeric_terms"": 0, ""model_attempts"": 0, ""model_documents"": 0, ""model_documents_attempted"": 0, ""parsed_documents"": 0, ""semantic_retries"": 0, ""source_documents"": 157, ""submitted_document_exposures"": 0, ""tool_derived_metadata_rules"": 0, ""verified_documents"": 157}",[],True,applied,True,28,True,False,reconcile_current_inventory,live_model
llm_v2_recovery,B10__derived_field_collapse__seed29__origin0,B10,derived_field_collapse,29,0,1864,B10-derived_field_collapse-seed29-origin0:day1864,4c6a409fec7d1bde2e0fd3dc2a25915cbec4a80e53635ece999280ef0d4818e3,executed,False,True,61.79750004196168,32.0,28.0,232.0,0,False,1,1765,0,1,0,"{""pre_http_starts"": 1, ""paired_results"": 1, ""pairs"": [{""started_ref"": ""2628511e7d32ff8d71880ff25516e5c24fdc47e252c884de8eacc90573aa88e5"", ""result_ref"": ""09639945ed9bcbdbe4ba82c923781897cb38a8f7593aa6af646fcc39c9b8cb40"", ""result_kind"": ""llm_call"", ""start_seq"": 2032, ""result_seq"": 2033}]}",157,0,True,stochastic_milp,True,0,0.0005396337924683012,True,13.165063233998808,[],"{""cache_enabled"": true, ""cache_path"": ""/workspace/MasterDissertation/results/v2_pilot/evaluation_verified_cache"", ""compact_output"": true, ""enabled"": true, ""expose_source_inventory"": true, ""llm_critic"": false, ""llm_numeric_routing"": false, ""llm_recovery_selection"": true, ""semantic_retries"": 1, ""state_recovery"": true}","{""cache_hits"": 157, ""cache_misses"": 0, ""compact_model_numeric_terms"": 0, ""model_attempts"": 0, ""model_documents"": 0, ""model_documents_attempted"": 0, ""parsed_documents"": 0, ""semantic_retries"": 0, ""source_documents"": 157, ""submitted_document_exposures"": 0, ""tool_derived_metadata_rules"": 0, ""verified_documents"": 157}",[],True,applied,True,28,True,False,reconcile_current_inventory,live_model
llm_v2_recovery,B10__derived_field_collapse__seed29__origin0,B10,derived_field_collapse,29,0,1865,B10-derived_field_collapse-seed29-origin0:day1865,c873b14ab755fea83a0ec5f372932f36ebb4c0de56adfe4dcb3a3fdc26f8b586,executed,False,True,53.708974882245066,31.0,31.0,222.0,0,False,1,1720,0,1,0,"{""pre_http_starts"": 1, ""paired_results"": 1, ""pairs"": [{""started_ref"": ""fe3fb9d344658f95c95a1c888e808652ef38d2632fbca78aa6016b2fbdf1e95f"", ""result_ref"": ""c95d474ca78e0ee6e31373cf9661432d29768ad651c51e9dcac65bc74e39ac73"", ""result_kind"": ""llm_call"", ""start_seq"": 2376, ""result_seq"": 2377}]}",157,0,True,stochastic_milp,True,0,0.0008917089136470226,True,14.97521312599929,[],"{""cache_enabled"": true, ""cache_path"": ""/workspace/MasterDissertation/results/v2_pilot/evaluation_verified_cache"", ""compact_output"": true, ""enabled"": true, ""expose_source_inventory"": true, ""llm_critic"": false, ""llm_numeric_routing"": false, ""llm_recovery_selection"": true, ""semantic_retries"": 1, ""state_recovery"": true}","{""cache_hits"": 157, ""cache_misses"": 0, ""compact_model_numeric_terms"": 0, ""model_attempts"": 0, ""model_documents"": 0, ""model_documents_attempted"": 0, ""parsed_documents"": 0, ""semantic_retries"": 0, ""source_documents"": 157, ""submitted_document_exposures"": 0, ""tool_derived_metadata_rules"": 0, ""verified_documents"": 157}",[],True,applied,True,28,True,False,reconcile_current_inventory,live_model
llm_v2_recovery,B10__derived_field_collapse__seed29__origin0,B10,derived_field_collapse,29,0,1866,B10-derived_field_collapse-seed29-origin0:day1866,062ac7da082c3d0bab07ea18a9f5de8c53f9d0e6313f0c309d2e159a542d34c0,executed,False,True,85.3386649978757,31.0,25.0,205.0,0,False,1,1658,0,1,0,"{""pre_http_starts"": 1, ""paired_results"": 1, ""pairs"": [{""started_ref"": ""47999085554f7f124881be155a9fb4593036fc712f2f043a42f5b171f501a9cd"", ""result_ref"": ""3774fbd1370cd3a885a063e888683a341806624e9088c41004c8e591991deb01"", ""result_kind"": ""llm_call"", ""start_seq"": 2720, ""result_seq"": 2721}]}",157,0,True,stochastic_milp,True,0,0.0009300254267711311,True,11.567431826999382,[],"{""cache_enabled"": true, ""cache_path"": ""/workspace/MasterDissertation/results/v2_pilot/evaluation_verified_cache"", ""compact_output"": true, ""enabled"": true, ""expose_source_inventory"": true, ""llm_critic"": false, ""llm_numeric_routing"": false, ""llm_recovery_selection"": true, ""semantic_retries"": 1, ""state_recovery"": true}","{""cache_hits"": 157, ""cache_misses"": 0, ""compact_model_numeric_terms"": 0, ""model_attempts"": 0, ""model_documents"": 0, ""model_documents_attempted"": 0, ""parsed_documents"": 0, ""semantic_retries"": 0, ""source_documents"": 157, ""submitted_document_exposures"": 0, ""tool_derived_metadata_rules"": 0, ""verified_documents"": 157}",[],True,applied,True,29,True,False,reconcile_current_inventory,live_model
llm_v2_recovery,B10__derived_field_collapse__seed29__origin0,B10,derived_field_collapse,29,0,1867,B10-derived_field_collapse-seed29-origin0:day1867,31639ce713511d74df681e468cb8942df00da5972fe7f388d3d9709dab5ec43d,executed,False,True,34.07535499614477,22.0,22.0,221.0,0,False,0,0,0,0,0,"{""pre_http_starts"": 0, ""paired_results"": 0, ""pairs"": []}",157,0,True,stochastic_milp,True,0,0.0009333150929968446,True,2.1135172479989706,[],"{""cache_enabled"": true, ""cache_path"": ""/workspace/MasterDissertation/results/v2_pilot/evaluation_verified_cache"", ""compact_output"": true, ""enabled"": true, ""expose_source_inventory"": true, ""llm_critic"": false, ""llm_numeric_routing"": false, ""llm_recovery_selection"": true, ""semantic_retries"": 1, ""state_recovery"": true}","{""cache_hits"": 157, ""cache_misses"": 0, ""compact_model_numeric_terms"": 0, ""model_attempts"": 0, ""model_documents"": 0, ""model_documents_attempted"": 0, ""parsed_documents"": 0, ""semantic_retries"": 0, ""source_documents"": 157, ""submitted_document_exposures"": 0, ""tool_derived_metadata_rules"": 0, ""verified_documents"": 157}",[],True,,False,0,,,,
llm_v2_recovery,B10__derived_field_collapse__seed29__origin0,B10,derived_field_collapse,29,0,1868,B10-derived_field_collapse-seed29-origin0:day1868,b220b55ee28ef5bff4d8bbc0f0a5e8c6f9afa2178667b2bec0fefbf357ff1167,executed,False,True,111.0604498923421,27.0,25.0,213.0,0,False,0,0,0,0,0,"{""pre_http_starts"": 0, ""paired_results"": 0, ""pairs"": []}",157,0,True,stochastic_milp,True,0,0.0006336287453617411,True,3.250621928000328,[],"{""cache_enabled"": true, ""cache_path"": ""/workspace/MasterDissertation/results/v2_pilot/evaluation_verified_cache"", ""compact_output"": true, ""enabled"": true, ""expose_source_inventory"": true, ""llm_critic"": false, ""llm_numeric_routing"": false, ""llm_recovery_selection"": true, ""semantic_retries"": 1, ""state_recovery"": true}","{""cache_hits"": 157, ""cache_misses"": 0, ""compact_model_numeric_terms"": 0, ""model_attempts"": 0, ""model_documents"": 0, ""model_documents_attempted"": 0, ""parsed_documents"": 0, ""semantic_retries"": 0, ""source_documents"": 157, ""submitted_document_exposures"": 0, ""tool_derived_metadata_rules"": 0, ""verified_documents"": 157}",[],True,,False,0,,,,
llm_v2_recovery,B10__derived_field_collapse__seed29__origin0,B10,derived_field_collapse,29,0,1869,B10-derived_field_collapse-seed29-origin0:day1869,bda347b56b0fd41e1454dd6829f138fd253e9608818fd56a353967ee4a502023,executed,False,True,11.051594997167587,36.0,36.0,217.0,0,False,0,0,0,0,0,"{""pre_http_starts"": 0, ""paired_results"": 0, ""pairs"": []}",157,0,True,stochastic_milp,True,0,0.0009849056006871772,True,1.540315031998034,[],"{""cache_enabled"": true, ""cache_path"": ""/workspace/MasterDissertation/results/v2_pilot/evaluation_verified_cache"", ""compact_output"": true, ""enabled"": true, ""expose_source_inventory"": true, ""llm_critic"": false, ""llm_numeric_routing"": false, ""llm_recovery_selection"": true, ""semantic_retries"": 1, ""state_recovery"": true}","{""cache_hits"": 157, ""cache_misses"": 0, ""compact_model_numeric_terms"": 0, ""model_attempts"": 0, ""model_documents"": 0, ""model_documents_attempted"": 0, ""parsed_documents"": 0, ""semantic_retries"": 0, ""source_documents"": 157, ""submitted_document_exposures"": 0, ""tool_derived_metadata_rules"": 0, ""verified_documents"": 157}",[],True,,False,0,,,,
llm_v2_recovery,B10__derived_field_collapse__seed29__origin0,B10,derived_field_collapse,29,0,1870,B10-derived_field_collapse-seed29-origin0:day1870,04da8075e37bd1143feab99a7b3a6857f3ae940b758041ab43cb3ddea75692fe,executed,False,True,65.26786508101225,34.0,34.0,233.0,0,False,0,0,0,0,0,"{""pre_http_starts"": 0, ""paired_results"": 0, ""pairs"": []}",157,0,True,stochastic_milp,True,0,0.0008728968017888293,True,5.360050582999975,[],"{""cache_enabled"": true, ""cache_path"": ""/workspace/MasterDissertation/results/v2_pilot/evaluation_verified_cache"", ""compact_output"": true, ""enabled"": true, ""expose_source_inventory"": true, ""llm_critic"": false, ""llm_numeric_routing"": false, ""llm_recovery_selection"": true, ""semantic_retries"": 1, ""state_recovery"": true}","{""cache_hits"": 157, ""cache_misses"": 0, ""compact_model_numeric_terms"": 0, ""model_attempts"": 0, ""model_documents"": 0, ""model_documents_attempted"": 0, ""parsed_documents"": 0, ""semantic_retries"": 0, ""source_documents"": 157, ""submitted_document_exposures"": 0, ""tool_derived_metadata_rules"": 0, ""verified_documents"": 157}",[],True,,False,0,,,,
llm_v2_recovery,B10__derived_field_collapse__seed29__origin0,B10,derived_field_collapse,29,0,1871,B10-derived_field_collapse-seed29-origin0:day1871,e4612d14893083774decec1fd010a7792e2389b1c71b4d24b5890e73b9da29bc,executed,False,True,51.58736503052712,38.0,38.0,197.0,0,False,0,0,0,0,0,"{""pre_http_starts"": 0, ""paired_results"": 0, ""pairs"": []}",157,0,True,stochastic_milp,True,0,0.0009909172358271066,True,4.542116345997783,[],"{""cache_enabled"": true, ""cache_path"": ""/workspace/MasterDissertation/results/v2_pilot/evaluation_verified_cache"", ""compact_output"": true, ""enabled"": true, ""expose_source_inventory"": true, ""llm_critic"": false, ""llm_numeric_routing"": false, ""llm_recovery_selection"": true, ""semantic_retries"": 1, ""state_recovery"": true}","{""cache_hits"": 157, ""cache_misses"": 0, ""compact_model_numeric_terms"": 0, ""model_attempts"": 0, ""model_documents"": 0, ""model_documents_attempted"": 0, ""parsed_documents"": 0, ""semantic_retries"": 0, ""source_documents"": 157, ""submitted_document_exposures"": 0, ""tool_derived_metadata_rules"": 0, ""verified_documents"": 157}",[],True,,False,0,,,,
llm_v2_recovery,B10__feed_gap__seed13__origin0,B10,feed_gap,13,0,1858,B10-feed_gap-seed13-origin0:day1858,276f1a5fb5440e7b72cc8e85aed84e8a248c98f3bdd4602199f531bb185e97b3,executed,False,True,32.11827002614737,28.0,27.0,258.0,0,False,0,0,0,0,0,"{""pre_http_starts"": 0, ""paired_results"": 0, ""pairs"": []}",157,0,True,stochastic_milp,True,0,0.000977720140421123,True,1.688286368997069,[],"{""cache_enabled"": true, ""cache_path"": ""/workspace/MasterDissertation/results/v2_pilot/evaluation_verified_cache"", ""compact_output"": true, ""enabled"": true, ""expose_source_inventory"": true, ""llm_critic"": false, ""llm_numeric_routing"": false, ""llm_recovery_selection"": true, ""semantic_retries"": 1, ""state_recovery"": true}","{""cache_hits"": 157, ""cache_misses"": 0, ""compact_model_numeric_terms"": 0, ""model_attempts"": 0, ""model_documents"": 0, ""model_documents_attempted"": 0, ""parsed_documents"": 0, ""semantic_retries"": 0, ""source_documents"": 157, ""submitted_document_exposures"": 0, ""tool_derived_metadata_rules"": 0, ""verified_documents"": 157}",[],True,,False,0,,,,
llm_v2_recovery,B10__feed_gap__seed13__origin0,B10,feed_gap,13,0,1859,B10-feed_gap-seed13-origin0:day1859,690037aa75b58c6eb1205c44056e3c603a62f39980b57f7ec256b94e3658dc21,executed,False,True,78.06128505182267,22.0,20.0,254.0,0,False,0,0,0,0,0,"{""pre_http_starts"": 0, ""paired_results"": 0, ""pairs"": []}",157,0,True,stochastic_milp,True,0,0.0009930932057834326,True,1.7669012820006174,[],"{""cache_enabled"": true, ""cache_path"": ""/workspace/MasterDissertation/results/v2_pilot/evaluation_verified_cache"", ""compact_output"": true, ""enabled"": true, ""expose_source_inventory"": true, ""llm_critic"": false, ""llm_numeric_routing"": false, ""llm_recovery_selection"": true, ""semantic_retries"": 1, ""state_recovery"": true}","{""cache_hits"": 157, ""cache_misses"": 0, ""compact_model_numeric_terms"": 0, ""model_attempts"": 0, ""model_documents"": 0, ""model_documents_attempted"": 0, ""parsed_documents"": 0, ""semantic_retries"": 0, ""source_documents"": 157, ""submitted_document_exposures"": 0, ""tool_derived_metadata_rules"": 0, ""verified_documents"": 157}",[],True,,False,0,,,,
llm_v2_recovery,B10__feed_gap__seed13__origin0,B10,feed_gap,13,0,1860,B10-feed_gap-seed13-origin0:day1860,638665ffc7e16b1ec0a45b5183bb68e33067399aa08f406966800fd987c8dc30,executed,False,True,39.31286990511418,41.0,40.0,218.0,0,False,0,0,0,0,0,"{""pre_http_starts"": 0, ""paired_results"": 0, ""pairs"": []}",157,0,True,stochastic_milp,True,0,0.0,True,1.1614293780003209,[],"{""cache_enabled"": true, ""cache_path"": ""/workspace/MasterDissertation/results/v2_pilot/evaluation_verified_cache"", ""compact_output"": true, ""enabled"": true, ""expose_source_inventory"": true, ""llm_critic"": false, ""llm_numeric_routing"": false, ""llm_recovery_selection"": true, ""semantic_retries"": 1, ""state_recovery"": true}","{""cache_hits"": 157, ""cache_misses"": 0, ""compact_model_numeric_terms"": 0, ""model_attempts"": 0, ""model_documents"": 0, ""model_documents_attempted"": 0, ""parsed_documents"": 0, ""semantic_retries"": 0, ""source_documents"": 157, ""submitted_document_exposures"": 0, ""tool_derived_metadata_rules"": 0, ""verified_documents"": 157}",[],True,,False,0,,,,
llm_v2_recovery,B10__feed_gap__seed13__origin0,B10,feed_gap,13,0,1861,B10-feed_gap-seed13-origin0:day1861,296e7f9e99dc8db0d5b8cb844cdc7277f71fce1a289c4d574e239c484b3c96dd,executed,False,True,15.348450001180172,23.0,23.0,214.0,0,False,0,0,0,0,0,"{""pre_http_starts"": 0, ""paired_results"": 0, ""pairs"": []}",157,0,True,stochastic_milp,True,0,0.00016443060687554862,True,1.0328953249991173,[],"{""cache_enabled"": true, ""cache_path"": ""/workspace/MasterDissertation/results/v2_pilot/evaluation_verified_cache"", ""compact_output"": true, ""enabled"": true, ""expose_source_inventory"": true, ""llm_critic"": false, ""llm_numeric_routing"": false, ""llm_recovery_selection"": true, ""semantic_retries"": 1, ""state_recovery"": true}","{""cache_hits"": 157, ""cache_misses"": 0, ""compact_model_numeric_terms"": 0, ""model_attempts"": 0, ""model_documents"": 0, ""model_documents_attempted"": 0, ""parsed_documents"": 0, ""semantic_retries"": 0, ""source_documents"": 157, ""submitted_document_exposures"": 0, ""tool_derived_metadata_rules"": 0, ""verified_documents"": 157}",[],True,,False,0,,,,
llm_v2_recovery,B10__feed_gap__seed13__origin0,B10,feed_gap,13,0,1862,B10-feed_gap-seed13-origin0:day1862,aae3a1fb95f824cbbc855a0feaaa97e2f371d0c8b25e7a3aea0546ae55e00bc8,held,True,False,4.222515001416207,35.0,35.0,229.0,0,False,1,817,0,1,0,"{""pre_http_starts"": 1, ""paired_results"": 1, ""pairs"": [{""started_ref"": ""f9de40c935d583814d885783a25d5e096e93e42dea20c0b7954e57449b56a6b9"", ""result_ref"": ""73c57d496d08298019bb979e6f2d87665ce37eff21262fe40d72677cdcd65325"", ""result_kind"": ""llm_call"", ""start_seq"": 1340, ""result_seq"": 1341}]}",157,0,False,hold,False,not_run,,,6.028112060001149,[],"{""cache_enabled"": true, ""cache_path"": ""/workspace/MasterDissertation/results/v2_pilot/evaluation_verified_cache"", ""compact_output"": true, ""enabled"": true, ""expose_source_inventory"": true, ""llm_critic"": false, ""llm_numeric_routing"": false, ""llm_recovery_selection"": true, ""semantic_retries"": 1, ""state_recovery"": true}",{},[],,not_applicable,False,0,True,True,reconcile_current_inventory,live_model
llm_v2_recovery,B10__feed_gap__seed13__origin0,B10,feed_gap,13,0,1863,B10-feed_gap-seed13-origin0:day1863,198e8030781a825348e1653858c762a2af6373c23f44d6ef85a4c5f6c8677a04,held,True,False,8.32369992250204,50.0,49.0,186.0,0,False,1,1006,0,1,0,"{""pre_http_starts"": 1, ""paired_results"": 1, ""pairs"": [{""started_ref"": ""a3f67f9be56d87bd2445e3edd2efddb3ea7cee36f7e338c03e40c2eede699889"", ""result_ref"": ""dc2c951a4c005f03a77e49cf2ffb86056e3611505279116f9a637133af8d8252"", ""result_kind"": ""llm_call"", ""start_seq"": 1360, ""result_seq"": 1361}]}",157,0,False,hold,False,not_run,,,8.555978447999223,[],"{""cache_enabled"": true, ""cache_path"": ""/workspace/MasterDissertation/results/v2_pilot/evaluation_verified_cache"", ""compact_output"": true, ""enabled"": true, ""expose_source_inventory"": true, ""llm_critic"": false, ""llm_numeric_routing"": false, ""llm_recovery_selection"": true, ""semantic_retries"": 1, ""state_recovery"": true}",{},[],,not_applicable,False,0,True,True,reconcile_current_inventory,live_model
llm_v2_recovery,B10__feed_gap__seed13__origin0,B10,feed_gap,13,0,1864,B10-feed_gap-seed13-origin0:day1864,c14ef6fbe65371e202f94e4bdcf86a2ffc046a08984a6c72cefd6b8105068df1,held,True,False,52.974295105218886,32.0,24.0,198.0,0,False,1,1005,0,1,0,"{""pre_http_starts"": 1, ""paired_results"": 1, ""pairs"": [{""started_ref"": ""c61fd41bf8d3b36af10ae33d8d960bb592bcc7182813f9d09d347a20dc969866"", ""result_ref"": ""20f32fd03ad393001f6b440c18dacd584f9b5a89c0310f5760919eb8077a6cd9"", ""result_kind"": ""llm_call"", ""start_seq"": 1380, ""result_seq"": 1381}]}",157,0,False,hold,False,not_run,,,7.865275127001951,[],"{""cache_enabled"": true, ""cache_path"": ""/workspace/MasterDissertation/results/v2_pilot/evaluation_verified_cache"", ""compact_output"": true, ""enabled"": true, ""expose_source_inventory"": true, ""llm_critic"": false, ""llm_numeric_routing"": false, ""llm_recovery_selection"": true, ""semantic_retries"": 1, ""state_recovery"": true}",{},[],,not_applicable,False,0,True,True,reconcile_current_inventory,live_model
llm_v2_recovery,B10__feed_gap__seed13__origin0,B10,feed_gap,13,0,1865,B10-feed_gap-seed13-origin0:day1865,da796ec4d4f8eba6b8068476ce80d5afdf22b21c1ca8861c18244661d74a355f,held,True,False,41.75611000055075,31.0,25.0,179.0,0,False,1,1036,0,1,0,"{""pre_http_starts"": 1, ""paired_results"": 1, ""pairs"": [{""started_ref"": ""b6a1077240c64bedf8efcf436d6a907f2653aa461199f25f33d688c25f5b1742"", ""result_ref"": ""1fc6d37605c38c8ed76d15c9eba326cad48082d3f0630a0821059428086c52b8"", ""result_kind"": ""llm_call"", ""start_seq"": 1400, ""result_seq"": 1401}]}",157,0,False,hold,False,not_run,,,7.647561584999494,[],"{""cache_enabled"": true, ""cache_path"": ""/workspace/MasterDissertation/results/v2_pilot/evaluation_verified_cache"", ""compact_output"": true, ""enabled"": true, ""expose_source_inventory"": true, ""llm_critic"": false, ""llm_numeric_routing"": false, ""llm_recovery_selection"": true, ""semantic_retries"": 1, ""state_recovery"": true}",{},[],,not_applicable,False,0,True,True,reconcile_current_inventory,live_model
llm_v2_recovery,B10__feed_gap__seed13__origin0,B10,feed_gap,13,0,1866,B10-feed_gap-seed13-origin0:day1866,74768822c56147f40a54a22de6394948521858dc2919c51d4d9ad896d485dc63,held,True,False,57.8475700007081,31.0,22.0,157.0,0,False,1,1035,0,1,0,"{""pre_http_starts"": 1, ""paired_results"": 1, ""pairs"": [{""started_ref"": ""3829cbe2cdf9dfd51edfeaa67eeaa6cd31908d61bf4e7014b41895f60e5e64ae"", ""result_ref"": ""c9f3fda274f89c64b68c19ac4cbd3419b5dbf2d4d281a06550fdb5eda897f44c"", ""result_kind"": ""llm_call"", ""start_seq"": 1420, ""result_seq"": 1421}]}",157,0,False,hold,False,not_run,,,7.55963655999949,[],"{""cache_enabled"": true, ""cache_path"": ""/workspace/MasterDissertation/results/v2_pilot/evaluation_verified_cache"", ""compact_output"": true, ""enabled"": true, ""expose_source_inventory"": true, ""llm_critic"": false, ""llm_numeric_routing"": false, ""llm_recovery_selection"": true, ""semantic_retries"": 1, ""state_recovery"": true}",{},[],,not_applicable,False,0,True,True,reconcile_current_inventory,live_model
llm_v2_recovery,B10__feed_gap__seed13__origin0,B10,feed_gap,13,0,1867,B10-feed_gap-seed13-origin0:day1867,a1f39068a202fd8be5d4a43404c4e7a2d7433607d1c76303f2de9115d278f145,executed,False,True,197.3765148755312,22.0,12.0,112.0,0,False,0,0,0,0,0,"{""pre_http_starts"": 0, ""paired_results"": 0, ""pairs"": []}",157,0,True,stochastic_milp,True,0,0.0004087503437564951,True,1.980414639998344,[],"{""cache_enabled"": true, ""cache_path"": ""/workspace/MasterDissertation/results/v2_pilot/evaluation_verified_cache"", ""compact_output"": true, ""enabled"": true, ""expose_source_inventory"": true, ""llm_critic"": false, ""llm_numeric_routing"": false, ""llm_recovery_selection"": true, ""semantic_retries"": 1, ""state_recovery"": true}","{""cache_hits"": 157, ""cache_misses"": 0, ""compact_model_numeric_terms"": 0, ""model_attempts"": 0, ""model_documents"": 0, ""model_documents_attempted"": 0, ""parsed_documents"": 0, ""semantic_retries"": 0, ""source_documents"": 157, ""submitted_document_exposures"": 0, ""tool_derived_metadata_rules"": 0, ""verified_documents"": 157}",[],True,,False,0,,,,
llm_v2_recovery,B10__feed_gap__seed13__origin0,B10,feed_gap,13,0,1868,B10-feed_gap-seed13-origin0:day1868,ad4314b359acca133a072afd5ef23c82bf54eb7e03b15c4f4c60d7176ebb49a7,executed,False,True,70.23606995874644,27.0,24.0,95.0,0,False,0,0,0,0,0,"{""pre_http_starts"": 0, ""paired_results"": 0, ""pairs"": []}",157,0,True,stochastic_milp,True,0,0.0,True,1.362733465997735,[],"{""cache_enabled"": true, ""cache_path"": ""/workspace/MasterDissertation/results/v2_pilot/evaluation_verified_cache"", ""compact_output"": true, ""enabled"": true, ""expose_source_inventory"": true, ""llm_critic"": false, ""llm_numeric_routing"": false, ""llm_recovery_selection"": true, ""semantic_retries"": 1, ""state_recovery"": true}","{""cache_hits"": 157, ""cache_misses"": 0, ""compact_model_numeric_terms"": 0, ""model_attempts"": 0, ""model_documents"": 0, ""model_documents_attempted"": 0, ""parsed_documents"": 0, ""semantic_retries"": 0, ""source_documents"": 157, ""submitted_document_exposures"": 0, ""tool_derived_metadata_rules"": 0, ""verified_documents"": 157}",[],True,,False,0,,,,
llm_v2_recovery,B10__feed_gap__seed13__origin0,B10,feed_gap,13,0,1869,B10-feed_gap-seed13-origin0:day1869,11da3c6c93b9175ee123ed04b182074c4bea4cff869d2737ae7106bedf1ea1f2,executed,False,True,149.65964981353284,36.0,23.0,81.0,0,False,0,0,0,0,0,"{""pre_http_starts"": 0, ""paired_results"": 0, ""pairs"": []}",157,0,True,stochastic_milp,True,0,0.0,True,0.9320306109984812,[],"{""cache_enabled"": true, ""cache_path"": ""/workspace/MasterDissertation/results/v2_pilot/evaluation_verified_cache"", ""compact_output"": true, ""enabled"": true, ""expose_source_inventory"": true, ""llm_critic"": false, ""llm_numeric_routing"": false, ""llm_recovery_selection"": true, ""semantic_retries"": 1, ""state_recovery"": true}","{""cache_hits"": 157, ""cache_misses"": 0, ""compact_model_numeric_terms"": 0, ""model_attempts"": 0, ""model_documents"": 0, ""model_documents_attempted"": 0, ""parsed_documents"": 0, ""semantic_retries"": 0, ""source_documents"": 157, ""submitted_document_exposures"": 0, ""tool_derived_metadata_rules"": 0, ""verified_documents"": 157}",[],True,,False,0,,,,
llm_v2_recovery,B10__feed_gap__seed13__origin0,B10,feed_gap,13,0,1870,B10-feed_gap-seed13-origin0:day1870,5ffc2a8b1d40122f0178e5980393fbe638209c8cf55b86093450bd21e580d84a,executed,False,True,47.496489922344686,34.0,29.0,89.0,0,False,0,0,0,0,0,"{""pre_http_starts"": 0, ""paired_results"": 0, ""pairs"": []}",157,0,True,stochastic_milp,True,0,0.0007138964736574452,True,1.3280581639992306,[],"{""cache_enabled"": true, ""cache_path"": ""/workspace/MasterDissertation/results/v2_pilot/evaluation_verified_cache"", ""compact_output"": true, ""enabled"": true, ""expose_source_inventory"": true, ""llm_critic"": false, ""llm_numeric_routing"": false, ""llm_recovery_selection"": true, ""semantic_retries"": 1, ""state_recovery"": true}","{""cache_hits"": 157, ""cache_misses"": 0, ""compact_model_numeric_terms"": 0, ""model_attempts"": 0, ""model_documents"": 0, ""model_documents_attempted"": 0, ""parsed_documents"": 0, ""semantic_retries"": 0, ""source_documents"": 157, ""submitted_document_exposures"": 0, ""tool_derived_metadata_rules"": 0, ""verified_documents"": 157}",[],True,,False,0,,,,
llm_v2_recovery,B10__feed_gap__seed13__origin0,B10,feed_gap,13,0,1871,B10-feed_gap-seed13-origin0:day1871,c02040d168615093b6bdc6df258dc7e8103025b7b41ba85f987eb8ecc61cc44f,executed,False,True,111.295924880147,38.0,34.0,144.0,0,False,0,0,0,0,0,"{""pre_http_starts"": 0, ""paired_results"": 0, ""pairs"": []}",157,0,True,stochastic_milp,True,0,0.0003282285267330143,True,1.33880795100049,[],"{""cache_enabled"": true, ""cache_path"": ""/workspace/MasterDissertation/results/v2_pilot/evaluation_verified_cache"", ""compact_output"": true, ""enabled"": true, ""expose_source_inventory"": true, ""llm_critic"": false, ""llm_numeric_routing"": false, ""llm_recovery_selection"": true, ""semantic_retries"": 1, ""state_recovery"": true}","{""cache_hits"": 157, ""cache_misses"": 0, ""compact_model_numeric_terms"": 0, ""model_attempts"": 0, ""model_documents"": 0, ""model_documents_attempted"": 0, ""parsed_documents"": 0, ""semantic_retries"": 0, ""source_documents"": 157, ""submitted_document_exposures"": 0, ""tool_derived_metadata_rules"": 0, ""verified_documents"": 157}",[],True,,False,0,,,,
llm_v2_recovery,B10__feed_gap__seed29__origin0,B10,feed_gap,29,0,1858,B10-feed_gap-seed29-origin0:day1858,17399168a92792899b7df730a4e130716b2576d1751d743324f3eba1c7bea4bb,held,True,False,4.200570000708103,28.0,28.0,225.0,0,False,0,0,0,0,0,"{""pre_http_starts"": 0, ""paired_results"": 0, ""pairs"": []}",157,0,True,stochastic_milp,True,0,0.0005397835530322777,True,1.6758659049992275,[],"{""cache_enabled"": true, ""cache_path"": ""/workspace/MasterDissertation/results/v2_pilot/evaluation_verified_cache"", ""compact_output"": true, ""enabled"": true, ""expose_source_inventory"": true, ""llm_critic"": false, ""llm_numeric_routing"": false, ""llm_recovery_selection"": true, ""semantic_retries"": 1, ""state_recovery"": true}","{""cache_hits"": 157, ""cache_misses"": 0, ""compact_model_numeric_terms"": 0, ""model_attempts"": 0, ""model_documents"": 0, ""model_documents_attempted"": 0, ""parsed_documents"": 0, ""semantic_retries"": 0, ""source_documents"": 157, ""submitted_document_exposures"": 0, ""tool_derived_metadata_rules"": 0, ""verified_documents"": 157}",[],True,,False,0,,,,
llm_v2_recovery,B10__feed_gap__seed29__origin0,B10,feed_gap,29,0,1859,B10-feed_gap-seed29-origin0:day1859,b39818a6c0fdb7326db4af69ac985e176b357bd10fcb25f2d3ce03a7b727b87d,executed,False,True,110.90562993228436,22.0,21.0,171.0,0,False,0,0,0,0,0,"{""pre_http_starts"": 0, ""paired_results"": 0, ""pairs"": []}",157,0,True,stochastic_milp,True,0,0.0005087707639283103,True,1.1229442170006223,[],"{""cache_enabled"": true, ""cache_path"": ""/workspace/MasterDissertation/results/v2_pilot/evaluation_verified_cache"", ""compact_output"": true, ""enabled"": true, ""expose_source_inventory"": true, ""llm_critic"": false, ""llm_numeric_routing"": false, ""llm_recovery_selection"": true, ""semantic_retries"": 1, ""state_recovery"": true}","{""cache_hits"": 157, ""cache_misses"": 0, ""compact_model_numeric_terms"": 0, ""model_attempts"": 0, ""model_documents"": 0, ""model_documents_attempted"": 0, ""parsed_documents"": 0, ""semantic_retries"": 0, ""source_documents"": 157, ""submitted_document_exposures"": 0, ""tool_derived_metadata_rules"": 0, ""verified_documents"": 157}",[],True,,False,0,,,,
llm_v2_recovery,B10__feed_gap__seed29__origin0,B10,feed_gap,29,0,1860,B10-feed_gap-seed29-origin0:day1860,6d5533dff3c98440dc21317609aea25d90ee3336d324967efde7353d6360b2bf,executed,False,True,47.53594002121688,41.0,41.0,165.0,0,False,0,0,0,0,0,"{""pre_http_starts"": 0, ""paired_results"": 0, ""pairs"": []}",157,0,True,stochastic_milp,True,0,0.00038345200022108585,True,1.4206426319979073,[],"{""cache_enabled"": true, ""cache_path"": ""/workspace/MasterDissertation/results/v2_pilot/evaluation_verified_cache"", ""compact_output"": true, ""enabled"": true, ""expose_source_inventory"": true, ""llm_critic"": false, ""llm_numeric_routing"": false, ""llm_recovery_selection"": true, ""semantic_retries"": 1, ""state_recovery"": true}","{""cache_hits"": 157, ""cache_misses"": 0, ""compact_model_numeric_terms"": 0, ""model_attempts"": 0, ""model_documents"": 0, ""model_documents_attempted"": 0, ""parsed_documents"": 0, ""semantic_retries"": 0, ""source_documents"": 157, ""submitted_document_exposures"": 0, ""tool_derived_metadata_rules"": 0, ""verified_documents"": 157}",[],True,,False,0,,,,
llm_v2_recovery,B10__feed_gap__seed29__origin0,B10,feed_gap,29,0,1861,B10-feed_gap-seed29-origin0:day1861,c13047ac30a38d04151131e86dde7c462abdf14370e779e9cc71639b268b38b0,executed,False,True,114.51260502630473,23.0,22.0,202.0,0,False,0,0,0,0,0,"{""pre_http_starts"": 0, ""paired_results"": 0, ""pairs"": []}",157,0,True,stochastic_milp,True,0,0.0007424113651313583,True,2.428522589001659,[],"{""cache_enabled"": true, ""cache_path"": ""/workspace/MasterDissertation/results/v2_pilot/evaluation_verified_cache"", ""compact_output"": true, ""enabled"": true, ""expose_source_inventory"": true, ""llm_critic"": false, ""llm_numeric_routing"": false, ""llm_recovery_selection"": true, ""semantic_retries"": 1, ""state_recovery"": true}","{""cache_hits"": 157, ""cache_misses"": 0, ""compact_model_numeric_terms"": 0, ""model_attempts"": 0, ""model_documents"": 0, ""model_documents_attempted"": 0, ""parsed_documents"": 0, ""semantic_retries"": 0, ""source_documents"": 157, ""submitted_document_exposures"": 0, ""tool_derived_metadata_rules"": 0, ""verified_documents"": 157}",[],True,,False,0,,,,
llm_v2_recovery,B10__feed_gap__seed29__origin0,B10,feed_gap,29,0,1862,B10-feed_gap-seed29-origin0:day1862,f72874b22f619e8b24683e4108cf57b8b22d748d1b5ce67638f9eed172d96fdb,held,True,False,4.367055001258849,35.0,35.0,240.0,0,False,1,939,0,1,0,"{""pre_http_starts"": 1, ""paired_results"": 1, ""pairs"": [{""started_ref"": ""8312509ea940a16be3d83a07d6071e7c706b38239b06fb5bb04ab5e121fe8ca3"", ""result_ref"": ""778d688e2138c6c5519000da04c942527300ef71b02fca1bbea2169e6dbfe7a1"", ""result_kind"": ""llm_call"", ""start_seq"": 1344, ""result_seq"": 1345}]}",157,0,False,hold,False,not_run,,,6.556240525002067,[],"{""cache_enabled"": true, ""cache_path"": ""/workspace/MasterDissertation/results/v2_pilot/evaluation_verified_cache"", ""compact_output"": true, ""enabled"": true, ""expose_source_inventory"": true, ""llm_critic"": false, ""llm_numeric_routing"": false, ""llm_recovery_selection"": true, ""semantic_retries"": 1, ""state_recovery"": true}",{},[],,not_applicable,False,0,True,True,reconcile_current_inventory,live_model
llm_v2_recovery,B10__feed_gap__seed29__origin0,B10,feed_gap,29,0,1863,B10-feed_gap-seed29-origin0:day1863,666fc61ac86af16a5437530acc1ed944d912103939c68d4e9f9e478fa4d8a461,held,True,False,10.710535027563571,50.0,49.0,253.0,0,False,1,1162,0,1,0,"{""pre_http_starts"": 1, ""paired_results"": 1, ""pairs"": [{""started_ref"": ""7fe67ce619ccc09d79be1db425ee58e72b74da85466e26d5358e5d70ffb2a242"", ""result_ref"": ""2f7f78bbb2e970f457c1a9262fa5ee9fed372d83257b33fbe94976239fff9daa"", ""result_kind"": ""llm_call"", ""start_seq"": 1364, ""result_seq"": 1365}]}",157,0,False,hold,False,not_run,,,8.312449278000713,[],"{""cache_enabled"": true, ""cache_path"": ""/workspace/MasterDissertation/results/v2_pilot/evaluation_verified_cache"", ""compact_output"": true, ""enabled"": true, ""expose_source_inventory"": true, ""llm_critic"": false, ""llm_numeric_routing"": false, ""llm_recovery_selection"": true, ""semantic_retries"": 1, ""state_recovery"": true}",{},[],,not_applicable,False,0,True,True,reconcile_current_inventory,live_model
llm_v2_recovery,B10__feed_gap__seed29__origin0,B10,feed_gap,29,0,1864,B10-feed_gap-seed29-origin0:day1864,f55afcebc20a96d2497b729546939d9dc9da88f4a5c2207798bf8e58929d6a56,held,True,False,34.991000133097174,32.0,27.0,232.0,0,False,1,1128,0,1,0,"{""pre_http_starts"": 1, ""paired_results"": 1, ""pairs"": [{""started_ref"": ""920a53bbdc8cc2e1cb6b08effc2c1d0f2dcd0af06e2b81dc69e1a6198a424fa4"", ""result_ref"": ""439f29f63eea6d6b3d179cb3e3e93be478d47dc58c2543111c643e1211da20df"", ""result_kind"": ""llm_call"", ""start_seq"": 1384, ""result_seq"": 1385}]}",157,0,False,hold,False,not_run,,,8.80971101799878,[],"{""cache_enabled"": true, ""cache_path"": ""/workspace/MasterDissertation/results/v2_pilot/evaluation_verified_cache"", ""compact_output"": true, ""enabled"": true, ""expose_source_inventory"": true, ""llm_critic"": false, ""llm_numeric_routing"": false, ""llm_recovery_selection"": true, ""semantic_retries"": 1, ""state_recovery"": true}",{},[],,not_applicable,False,0,True,True,reconcile_current_inventory,live_model
llm_v2_recovery,B10__feed_gap__seed29__origin0,B10,feed_gap,29,0,1865,B10-feed_gap-seed29-origin0:day1865,493e9a03766188c56459af49d67a1d3351825098ed76c67989752f587ac60c43,held,True,False,44.41524992328882,31.0,24.0,208.0,0,False,1,1032,0,1,0,"{""pre_http_starts"": 1, ""paired_results"": 1, ""pairs"": [{""started_ref"": ""837f70bd6b3780dea1724ba04eda72db29e5aa762d1ab2bdbfc498d85c5c0e22"", ""result_ref"": ""fe0221e0bad891942c3ca363af644f4dc6d36af64955d264638a7260fd32240f"", ""result_kind"": ""llm_call"", ""start_seq"": 1404, ""result_seq"": 1405}]}",157,0,False,hold,False,not_run,,,7.113482013999601,[],"{""cache_enabled"": true, ""cache_path"": ""/workspace/MasterDissertation/results/v2_pilot/evaluation_verified_cache"", ""compact_output"": true, ""enabled"": true, ""expose_source_inventory"": true, ""llm_critic"": false, ""llm_numeric_routing"": false, ""llm_recovery_selection"": true, ""semantic_retries"": 1, ""state_recovery"": true}",{},[],,not_applicable,False,0,True,True,reconcile_current_inventory,live_model
llm_v2_recovery,B10__feed_gap__seed29__origin0,B10,feed_gap,29,0,1866,B10-feed_gap-seed29-origin0:day1866,8fa49eacc20bf43906a32d025ac4a3c27524d3dcb327c223ad4d0cbf1144329a,held,True,False,63.27139492321015,31.0,21.0,187.0,0,False,1,1029,0,1,0,"{""pre_http_starts"": 1, ""paired_results"": 1, ""pairs"": [{""started_ref"": ""85e4eb4bcf81e2824655c19068217aa5a6267e033719293b71a797da5db6449c"", ""result_ref"": ""abd74d39df1a9fd9e6a5313c3c95f11452311e71d1150f1f9bed7788015a77b1"", ""result_kind"": ""llm_call"", ""start_seq"": 1424, ""result_seq"": 1425}]}",157,0,False,hold,False,not_run,,,8.03905365799801,[],"{""cache_enabled"": true, ""cache_path"": ""/workspace/MasterDissertation/results/v2_pilot/evaluation_verified_cache"", ""compact_output"": true, ""enabled"": true, ""expose_source_inventory"": true, ""llm_critic"": false, ""llm_numeric_routing"": false, ""llm_recovery_selection"": true, ""semantic_retries"": 1, ""state_recovery"": true}",{},[],,not_applicable,False,0,True,True,reconcile_current_inventory,live_model
llm_v2_recovery,B10__feed_gap__seed29__origin0,B10,feed_gap,29,0,1867,B10-feed_gap-seed29-origin0:day1867,8bdbf0b49f0dd6d8390a541056d2dedc48433d884c7d7ae8b47c1c44ea503dee,executed,False,True,157.77510477125645,22.0,18.0,125.0,0,False,0,0,0,0,0,"{""pre_http_starts"": 0, ""paired_results"": 0, ""pairs"": []}",157,0,True,stochastic_milp,True,0,0.000497951050464228,True,3.4493166559987003,[],"{""cache_enabled"": true, ""cache_path"": ""/workspace/MasterDissertation/results/v2_pilot/evaluation_verified_cache"", ""compact_output"": true, ""enabled"": true, ""expose_source_inventory"": true, ""llm_critic"": false, ""llm_numeric_routing"": false, ""llm_recovery_selection"": true, ""semantic_retries"": 1, ""state_recovery"": true}","{""cache_hits"": 157, ""cache_misses"": 0, ""compact_model_numeric_terms"": 0, ""model_attempts"": 0, ""model_documents"": 0, ""model_documents_attempted"": 0, ""parsed_documents"": 0, ""semantic_retries"": 0, ""source_documents"": 157, ""submitted_document_exposures"": 0, ""tool_derived_metadata_rules"": 0, ""verified_documents"": 157}",[],True,,False,0,,,,
llm_v2_recovery,B10__feed_gap__seed29__origin0,B10,feed_gap,29,0,1868,B10-feed_gap-seed29-origin0:day1868,187b7954fb400f5ab6311a9e9841c8461bfc02d6adacd00f443ad31a8db0d740,executed,False,True,86.2434200232625,27.0,23.0,142.0,0,False,0,0,0,0,0,"{""pre_http_starts"": 0, ""paired_results"": 0, ""pairs"": []}",157,0,True,stochastic_milp,True,0,0.0003741966119006233,True,1.3494952399996691,[],"{""cache_enabled"": true, ""cache_path"": ""/workspace/MasterDissertation/results/v2_pilot/evaluation_verified_cache"", ""compact_output"": true, ""enabled"": true, ""expose_source_inventory"": true, ""llm_critic"": false, ""llm_numeric_routing"": false, ""llm_recovery_selection"": true, ""semantic_retries"": 1, ""state_recovery"": true}","{""cache_hits"": 157, ""cache_misses"": 0, ""compact_model_numeric_terms"": 0, ""model_attempts"": 0, ""model_documents"": 0, ""model_documents_attempted"": 0, ""parsed_documents"": 0, ""semantic_retries"": 0, ""source_documents"": 157, ""submitted_document_exposures"": 0, ""tool_derived_metadata_rules"": 0, ""verified_documents"": 157}",[],True,,False,0,,,,
llm_v2_recovery,B10__feed_gap__seed29__origin0,B10,feed_gap,29,0,1869,B10-feed_gap-seed29-origin0:day1869,b16ff724dc1a737293db92686ef47e01073e2bb0be3bfd9c3cfbfcc91edec478,executed,False,True,105.1067799988985,36.0,34.0,176.0,0,False,0,0,0,0,0,"{""pre_http_starts"": 0, ""paired_results"": 0, ""pairs"": []}",157,0,True,stochastic_milp,True,0,0.00015708094423219277,True,1.1801397469971562,[],"{""cache_enabled"": true, ""cache_path"": ""/workspace/MasterDissertation/results/v2_pilot/evaluation_verified_cache"", ""compact_output"": true, ""enabled"": true, ""expose_source_inventory"": true, ""llm_critic"": false, ""llm_numeric_routing"": false, ""llm_recovery_selection"": true, ""semantic_retries"": 1, ""state_recovery"": true}","{""cache_hits"": 157, ""cache_misses"": 0, ""compact_model_numeric_terms"": 0, ""model_attempts"": 0, ""model_documents"": 0, ""model_documents_attempted"": 0, ""parsed_documents"": 0, ""semantic_retries"": 0, ""source_documents"": 157, ""submitted_document_exposures"": 0, ""tool_derived_metadata_rules"": 0, ""verified_documents"": 157}",[],True,,False,0,,,,
llm_v2_recovery,B10__feed_gap__seed29__origin0,B10,feed_gap,29,0,1870,B10-feed_gap-seed29-origin0:day1870,b3e65d6832934a1c632c386a420c281a1c514844bf9153de01bd72a62568ff17,executed,False,True,45.93668996876478,34.0,34.0,197.0,0,False,0,0,0,0,0,"{""pre_http_starts"": 0, ""paired_results"": 0, ""pairs"": []}",157,0,True,stochastic_milp,True,0,0.0007851363889034444,True,3.098667754999042,[],"{""cache_enabled"": true, ""cache_path"": ""/workspace/MasterDissertation/results/v2_pilot/evaluation_verified_cache"", ""compact_output"": true, ""enabled"": true, ""expose_source_inventory"": true, ""llm_critic"": false, ""llm_numeric_routing"": false, ""llm_recovery_selection"": true, ""semantic_retries"": 1, ""state_recovery"": true}","{""cache_hits"": 157, ""cache_misses"": 0, ""compact_model_numeric_terms"": 0, ""model_attempts"": 0, ""model_documents"": 0, ""model_documents_attempted"": 0, ""parsed_documents"": 0, ""semantic_retries"": 0, ""source_documents"": 157, ""submitted_document_exposures"": 0, ""tool_derived_metadata_rules"": 0, ""verified_documents"": 157}",[],True,,False,0,,,,
llm_v2_recovery,B10__feed_gap__seed29__origin0,B10,feed_gap,29,0,1871,B10-feed_gap-seed29-origin0:day1871,ae54b7cf162df15eeb9247f20076306fb82962c53980e6d406335490b39073c9,executed,False,True,52.59060496336222,38.0,37.0,230.0,0,False,0,0,0,0,0,"{""pre_http_starts"": 0, ""paired_results"": 0, ""pairs"": []}",157,0,True,stochastic_milp,True,0,0.00011516378098714419,True,3.099361033000605,[],"{""cache_enabled"": true, ""cache_path"": ""/workspace/MasterDissertation/results/v2_pilot/evaluation_verified_cache"", ""compact_output"": true, ""enabled"": true, ""expose_source_inventory"": true, ""llm_critic"": false, ""llm_numeric_routing"": false, ""llm_recovery_selection"": true, ""semantic_retries"": 1, ""state_recovery"": true}","{""cache_hits"": 157, ""cache_misses"": 0, ""compact_model_numeric_terms"": 0, ""model_attempts"": 0, ""model_documents"": 0, ""model_documents_attempted"": 0, ""parsed_documents"": 0, ""semantic_retries"": 0, ""source_documents"": 157, ""submitted_document_exposures"": 0, ""tool_derived_metadata_rules"": 0, ""verified_documents"": 157}",[],True,,False,0,,,,
llm_v2_recovery,B10__capacity_cut__seed13__origin0,B10,capacity_cut,13,0,1858,B10-capacity_cut-seed13-origin0:day1858,0680ec8a6db904be364cd3897a3e0ba7b2cc8aeb4239471fff22868e344499d0,executed,False,True,32.11827002614737,28.0,27.0,258.0,0,False,0,0,0,0,0,"{""pre_http_starts"": 0, ""paired_results"": 0, ""pairs"": []}",157,0,True,stochastic_milp,True,0,0.000977720140421123,True,1.6337373610003851,[],"{""cache_enabled"": true, ""cache_path"": ""/workspace/MasterDissertation/results/v2_pilot/evaluation_verified_cache"", ""compact_output"": true, ""enabled"": true, ""expose_source_inventory"": true, ""llm_critic"": false, ""llm_numeric_routing"": false, ""llm_recovery_selection"": true, ""semantic_retries"": 1, ""state_recovery"": true}","{""cache_hits"": 157, ""cache_misses"": 0, ""compact_model_numeric_terms"": 0, ""model_attempts"": 0, ""model_documents"": 0, ""model_documents_attempted"": 0, ""parsed_documents"": 0, ""semantic_retries"": 0, ""source_documents"": 157, ""submitted_document_exposures"": 0, ""tool_derived_metadata_rules"": 0, ""verified_documents"": 157}",[],True,,False,0,,,,
llm_v2_recovery,B10__capacity_cut__seed13__origin0,B10,capacity_cut,13,0,1859,B10-capacity_cut-seed13-origin0:day1859,634eae9a23490ea1a24ea529313ee3614064f50a93931b914b51b62b919b56d7,executed,False,True,78.06128505182267,22.0,20.0,254.0,0,False,0,0,0,0,0,"{""pre_http_starts"": 0, ""paired_results"": 0, ""pairs"": []}",157,0,True,stochastic_milp,True,0,0.0009930932057834326,True,1.6694905900003505,[],"{""cache_enabled"": true, ""cache_path"": ""/workspace/MasterDissertation/results/v2_pilot/evaluation_verified_cache"", ""compact_output"": true, ""enabled"": true, ""expose_source_inventory"": true, ""llm_critic"": false, ""llm_numeric_routing"": false, ""llm_recovery_selection"": true, ""semantic_retries"": 1, ""state_recovery"": true}","{""cache_hits"": 157, ""cache_misses"": 0, ""compact_model_numeric_terms"": 0, ""model_attempts"": 0, ""model_documents"": 0, ""model_documents_attempted"": 0, ""parsed_documents"": 0, ""semantic_retries"": 0, ""source_documents"": 157, ""submitted_document_exposures"": 0, ""tool_derived_metadata_rules"": 0, ""verified_documents"": 157}",[],True,,False,0,,,,
llm_v2_recovery,B10__capacity_cut__seed13__origin0,B10,capacity_cut,13,0,1860,B10-capacity_cut-seed13-origin0:day1860,fbcd654b7aa98c7014fdf5cb5f59fced832f23f4f2c3c81c0809e2497f5d103b,executed,False,True,39.31286990511418,41.0,40.0,218.0,0,False,0,0,0,0,0,"{""pre_http_starts"": 0, ""paired_results"": 0, ""pairs"": []}",157,0,True,stochastic_milp,True,0,0.0,True,1.1577641049989325,[],"{""cache_enabled"": true, ""cache_path"": ""/workspace/MasterDissertation/results/v2_pilot/evaluation_verified_cache"", ""compact_output"": true, ""enabled"": true, ""expose_source_inventory"": true, ""llm_critic"": false, ""llm_numeric_routing"": false, ""llm_recovery_selection"": true, ""semantic_retries"": 1, ""state_recovery"": true}","{""cache_hits"": 157, ""cache_misses"": 0, ""compact_model_numeric_terms"": 0, ""model_attempts"": 0, ""model_documents"": 0, ""model_documents_attempted"": 0, ""parsed_documents"": 0, ""semantic_retries"": 0, ""source_documents"": 157, ""submitted_document_exposures"": 0, ""tool_derived_metadata_rules"": 0, ""verified_documents"": 157}",[],True,,False,0,,,,
llm_v2_recovery,B10__capacity_cut__seed13__origin0,B10,capacity_cut,13,0,1861,B10-capacity_cut-seed13-origin0:day1861,73186d3afcd1cc0d5d4ad8a657bc3116775a2181b75d1b50267f75f0086adce6,executed,False,True,15.348450001180172,23.0,23.0,214.0,0,False,0,0,0,0,0,"{""pre_http_starts"": 0, ""paired_results"": 0, ""pairs"": []}",157,0,True,stochastic_milp,True,0,0.00016443060687554862,True,1.0111407710028288,[],"{""cache_enabled"": true, ""cache_path"": ""/workspace/MasterDissertation/results/v2_pilot/evaluation_verified_cache"", ""compact_output"": true, ""enabled"": true, ""expose_source_inventory"": true, ""llm_critic"": false, ""llm_numeric_routing"": false, ""llm_recovery_selection"": true, ""semantic_retries"": 1, ""state_recovery"": true}","{""cache_hits"": 157, ""cache_misses"": 0, ""compact_model_numeric_terms"": 0, ""model_attempts"": 0, ""model_documents"": 0, ""model_documents_attempted"": 0, ""parsed_documents"": 0, ""semantic_retries"": 0, ""source_documents"": 157, ""submitted_document_exposures"": 0, ""tool_derived_metadata_rules"": 0, ""verified_documents"": 157}",[],True,,False,0,,,,
llm_v2_recovery,B10__capacity_cut__seed13__origin0,B10,capacity_cut,13,0,1862,B10-capacity_cut-seed13-origin0:day1862,24845c33b69bedd0d936ad6b058ad486888a73c4f02587e38df9963a27df9793,executed,False,True,90.05754506522418,35.0,35.0,207.0,0,False,1,759,0,1,0,"{""pre_http_starts"": 1, ""paired_results"": 1, ""pairs"": [{""started_ref"": ""271ca3201b1bb2245be38af547f81b77a74845ed151d94aab309a3391d47db23"", ""result_ref"": ""67258ed65e50db48f872db7cf09db2924c8c3658a6dd849d9dad63b99e8212db"", ""result_kind"": ""llm_call"", ""start_seq"": 1662, ""result_seq"": 1663}]}",157,1,True,stochastic_milp,True,0,0.0009654206072731227,True,6.152345009999408,[],"{""cache_enabled"": true, ""cache_path"": ""/workspace/MasterDissertation/results/v2_pilot/evaluation_verified_cache"", ""compact_output"": true, ""enabled"": true, ""expose_source_inventory"": true, ""llm_critic"": false, ""llm_numeric_routing"": false, ""llm_recovery_selection"": true, ""semantic_retries"": 1, ""state_recovery"": true}","{""cache_hits"": 154, ""cache_misses"": 3, ""compact_model_numeric_terms"": 1, ""model_attempts"": 1, ""model_documents"": 1, ""model_documents_attempted"": 1, ""parsed_documents"": 2, ""semantic_retries"": 0, ""source_documents"": 157, ""submitted_document_exposures"": 1, ""tool_derived_metadata_rules"": 1, ""verified_documents"": 157}",[],True,,False,0,,,,
llm_v2_recovery,B10__capacity_cut__seed13__origin0,B10,capacity_cut,13,0,1863,B10-capacity_cut-seed13-origin0:day1863,c3cd0a14ebebc6783e0430932e783e9cd8f01ddb617fa9c3cbfa8197f41eafdb,executed,False,True,57.48780481243134,50.0,50.0,159.0,0,False,1,750,0,1,0,"{""pre_http_starts"": 1, ""paired_results"": 1, ""pairs"": [{""started_ref"": ""8cf7219264098c5deeb923008a5c29449a73fe6d68c281bd08492e367d2077b8"", ""result_ref"": ""a3dd39b1c2fb4627fac45ff4b573d608847e30d8241ab17ca2be9ad4bd8725cf"", ""result_kind"": ""llm_call"", ""start_seq"": 2001, ""result_seq"": 2002}]}",157,1,True,stochastic_milp,True,0,0.0009933291519870604,True,9.281694639001216,[],"{""cache_enabled"": true, ""cache_path"": ""/workspace/MasterDissertation/results/v2_pilot/evaluation_verified_cache"", ""compact_output"": true, ""enabled"": true, ""expose_source_inventory"": true, ""llm_critic"": false, ""llm_numeric_routing"": false, ""llm_recovery_selection"": true, ""semantic_retries"": 1, ""state_recovery"": true}","{""cache_hits"": 154, ""cache_misses"": 3, ""compact_model_numeric_terms"": 1, ""model_attempts"": 1, ""model_documents"": 1, ""model_documents_attempted"": 1, ""parsed_documents"": 2, ""semantic_retries"": 0, ""source_documents"": 157, ""submitted_document_exposures"": 1, ""tool_derived_metadata_rules"": 1, ""verified_documents"": 157}",[],True,,False,0,,,,
llm_v2_recovery,B10__capacity_cut__seed13__origin0,B10,capacity_cut,13,0,1864,B10-capacity_cut-seed13-origin0:day1864,c9a83759d8b8d9eb0ca5c7c9fc8e87858e8fe987c9d1f3c46c922f1164fdeaa7,executed,False,True,72.36682514280082,32.0,27.0,171.0,0,True,1,761,0,1,0,"{""pre_http_starts"": 1, ""paired_results"": 1, ""pairs"": [{""started_ref"": ""f0b3e5a117ce35daf9abff25e7e2ec50ee9010458e46e6c6c3f5fe77fb476342"", ""result_ref"": ""a4940cb484d89e145f40b563690c7f2e3201c43a0bd3abc4c6d7c0450a82f5c8"", ""result_kind"": ""llm_call"", ""start_seq"": 2340, ""result_seq"": 2341}]}",157,1,True,stochastic_milp,True,0,0.0007602960889313556,True,4.899597122999694,[],"{""cache_enabled"": true, ""cache_path"": ""/workspace/MasterDissertation/results/v2_pilot/evaluation_verified_cache"", ""compact_output"": true, ""enabled"": true, ""expose_source_inventory"": true, ""llm_critic"": false, ""llm_numeric_routing"": false, ""llm_recovery_selection"": true, ""semantic_retries"": 1, ""state_recovery"": true}","{""cache_hits"": 154, ""cache_misses"": 3, ""compact_model_numeric_terms"": 1, ""model_attempts"": 1, ""model_documents"": 1, ""model_documents_attempted"": 1, ""parsed_documents"": 2, ""semantic_retries"": 0, ""source_documents"": 157, ""submitted_document_exposures"": 1, ""tool_derived_metadata_rules"": 1, ""verified_documents"": 157}",[],True,,False,0,,,,
llm_v2_recovery,B10__capacity_cut__seed13__origin0,B10,capacity_cut,13,0,1865,B10-capacity_cut-seed13-origin0:day1865,f1c25b0b228b90e373744610e9aef3ff27bd28b9a332f4a648bf46118e7dc483,executed,False,True,68.08152000188828,31.0,30.0,183.0,0,False,1,749,0,1,0,"{""pre_http_starts"": 1, ""paired_results"": 1, ""pairs"": [{""started_ref"": ""a6c40141f87670ef94777efc25d9a0ac28badbf774a0ac1f422deb4b207abfc1"", ""result_ref"": ""563317446e41621ea16497cafe0e6081c3dac5f7da99fc97c6aea96f1649dbd8"", ""result_kind"": ""llm_call"", ""start_seq"": 2679, ""result_seq"": 2680}]}",157,1,True,stochastic_milp,True,0,0.0008379330694272196,True,3.8322047640031087,[],"{""cache_enabled"": true, ""cache_path"": ""/workspace/MasterDissertation/results/v2_pilot/evaluation_verified_cache"", ""compact_output"": true, ""enabled"": true, ""expose_source_inventory"": true, ""llm_critic"": false, ""llm_numeric_routing"": false, ""llm_recovery_selection"": true, ""semantic_retries"": 1, ""state_recovery"": true}","{""cache_hits"": 154, ""cache_misses"": 3, ""compact_model_numeric_terms"": 1, ""model_attempts"": 1, ""model_documents"": 1, ""model_documents_attempted"": 1, ""parsed_documents"": 2, ""semantic_retries"": 0, ""source_documents"": 157, ""submitted_document_exposures"": 1, ""tool_derived_metadata_rules"": 1, ""verified_documents"": 157}",[],True,,False,0,,,,
llm_v2_recovery,B10__capacity_cut__seed13__origin0,B10,capacity_cut,13,0,1866,B10-capacity_cut-seed13-origin0:day1866,0e3030be92fd3f7123cf812265742be9568ea352f61252205fb199be4cc72356,executed,False,True,80.63557993674279,31.0,25.0,219.0,0,False,1,759,0,1,0,"{""pre_http_starts"": 1, ""paired_results"": 1, ""pairs"": [{""started_ref"": ""a3c61b93f8cf760f609f53deafefa01bbe710e5b3d0e9f2327b92d97c9815b23"", ""result_ref"": ""3dc875a5aef1892e82e46bfe6f5b49296d9652dcd28cc3430ddb32504d7398f6"", ""result_kind"": ""llm_call"", ""start_seq"": 3018, ""result_seq"": 3019}]}",157,1,True,stochastic_milp,True,0,0.000864199423544455,True,3.902523235999979,[],"{""cache_enabled"": true, ""cache_path"": ""/workspace/MasterDissertation/results/v2_pilot/evaluation_verified_cache"", ""compact_output"": true, ""enabled"": true, ""expose_source_inventory"": true, ""llm_critic"": false, ""llm_numeric_routing"": false, ""llm_recovery_selection"": true, ""semantic_retries"": 1, ""state_recovery"": true}","{""cache_hits"": 154, ""cache_misses"": 3, ""compact_model_numeric_terms"": 1, ""model_attempts"": 1, ""model_documents"": 1, ""model_documents_attempted"": 1, ""parsed_documents"": 2, ""semantic_retries"": 0, ""source_documents"": 157, ""submitted_document_exposures"": 1, ""tool_derived_metadata_rules"": 1, ""verified_documents"": 157}",[],True,,False,0,,,,
llm_v2_recovery,B10__capacity_cut__seed13__origin0,B10,capacity_cut,13,0,1867,B10-capacity_cut-seed13-origin0:day1867,e99c51d72de5a007ac176382f65cb6139a5f1e959806db48044ad33458d82ee2,executed,False,True,45.68817000031471,22.0,22.0,205.0,0,False,1,747,0,1,0,"{""pre_http_starts"": 1, ""paired_results"": 1, ""pairs"": [{""started_ref"": ""3765e3db668073b96e407c4a3148ead0218539b7c654c9df4b98b8033f883ca7"", ""result_ref"": ""629ace45767da4920baa92e8180d1b04f148e9527db2de2f05fe07f471e6e8c7"", ""result_kind"": ""llm_call"", ""start_seq"": 3357, ""result_seq"": 3358}]}",157,1,True,stochastic_milp,True,0,0.0009732502333960195,True,3.575247621000017,[],"{""cache_enabled"": true, ""cache_path"": ""/workspace/MasterDissertation/results/v2_pilot/evaluation_verified_cache"", ""compact_output"": true, ""enabled"": true, ""expose_source_inventory"": true, ""llm_critic"": false, ""llm_numeric_routing"": false, ""llm_recovery_selection"": true, ""semantic_retries"": 1, ""state_recovery"": true}","{""cache_hits"": 154, ""cache_misses"": 3, ""compact_model_numeric_terms"": 1, ""model_attempts"": 1, ""model_documents"": 1, ""model_documents_attempted"": 1, ""parsed_documents"": 2, ""semantic_retries"": 0, ""source_documents"": 157, ""submitted_document_exposures"": 1, ""tool_derived_metadata_rules"": 1, ""verified_documents"": 157}",[],True,,False,0,,,,
llm_v2_recovery,B10__capacity_cut__seed13__origin0,B10,capacity_cut,13,0,1868,B10-capacity_cut-seed13-origin0:day1868,58b2a99afe43a25620d5b113482890326d87c305ad169b40ceea68f66aa46469,executed,False,True,40.23128981101513,27.0,27.0,212.0,0,False,1,759,0,1,0,"{""pre_http_starts"": 1, ""paired_results"": 1, ""pairs"": [{""started_ref"": ""492b2f84b6795b034b5c9c25d5f8193f8bc0e00d2c374ace398d00091d8048db"", ""result_ref"": ""4a7a2644cc41b83a69404a0e3bb50147561f7f05da96556effb1bd91b19cbae8"", ""result_kind"": ""llm_call"", ""start_seq"": 3696, ""result_seq"": 3697}]}",157,1,True,stochastic_milp,True,0,0.0008261374654000909,True,4.47936295099862,[],"{""cache_enabled"": true, ""cache_path"": ""/workspace/MasterDissertation/results/v2_pilot/evaluation_verified_cache"", ""compact_output"": true, ""enabled"": true, ""expose_source_inventory"": true, ""llm_critic"": false, ""llm_numeric_routing"": false, ""llm_recovery_selection"": true, ""semantic_retries"": 1, ""state_recovery"": true}","{""cache_hits"": 154, ""cache_misses"": 3, ""compact_model_numeric_terms"": 1, ""model_attempts"": 1, ""model_documents"": 1, ""model_documents_attempted"": 1, ""parsed_documents"": 2, ""semantic_retries"": 0, ""source_documents"": 157, ""submitted_document_exposures"": 1, ""tool_derived_metadata_rules"": 1, ""verified_documents"": 157}",[],True,,False,0,,,,
llm_v2_recovery,B10__capacity_cut__seed13__origin0,B10,capacity_cut,13,0,1869,B10-capacity_cut-seed13-origin0:day1869,7d4fc665574e609b8b163b3f4a4dc723927f5254a2ef8609b50d0744ba0c6af0,executed,False,True,73.42248500055075,36.0,33.0,210.0,0,False,1,752,0,1,0,"{""pre_http_starts"": 1, ""paired_results"": 1, ""pairs"": [{""started_ref"": ""7c96dc022917952b64f1a6dc851687afb61e533a09ae6de16ac4d219042c1aed"", ""result_ref"": ""980e628dfc5528ed612286e438e443af103c54a3b957f526f193c0657515e004"", ""result_kind"": ""llm_call"", ""start_seq"": 4035, ""result_seq"": 4036}]}",157,1,True,stochastic_milp,True,0,0.0006290843579821609,True,4.857494386000326,[],"{""cache_enabled"": true, ""cache_path"": ""/workspace/MasterDissertation/results/v2_pilot/evaluation_verified_cache"", ""compact_output"": true, ""enabled"": true, ""expose_source_inventory"": true, ""llm_critic"": false, ""llm_numeric_routing"": false, ""llm_recovery_selection"": true, ""semantic_retries"": 1, ""state_recovery"": true}","{""cache_hits"": 154, ""cache_misses"": 3, ""compact_model_numeric_terms"": 1, ""model_attempts"": 1, ""model_documents"": 1, ""model_documents_attempted"": 1, ""parsed_documents"": 2, ""semantic_retries"": 0, ""source_documents"": 157, ""submitted_document_exposures"": 1, ""tool_derived_metadata_rules"": 1, ""verified_documents"": 157}",[],True,,False,0,,,,
llm_v2_recovery,B10__capacity_cut__seed13__origin0,B10,capacity_cut,13,0,1870,B10-capacity_cut-seed13-origin0:day1870,4b8aae101212efd6c58e4c71b88e0602ad16a5bc9b02441f4c90a4e2f1d6fd43,executed,False,True,24.452645001888275,34.0,34.0,186.0,0,False,1,760,0,1,0,"{""pre_http_starts"": 1, ""paired_results"": 1, ""pairs"": [{""started_ref"": ""976bd4d399e3ccc4f88ffb223f7f036fabe978e3528143edec3ae8f5dab1ad23"", ""result_ref"": ""53f3541cb58381c145d13fba0891b7c428c727ddaebb1746b56d040ff9a9b843"", ""result_kind"": ""llm_call"", ""start_seq"": 4374, ""result_seq"": 4375}]}",157,1,True,stochastic_milp,True,0,0.0008796589117106651,True,4.344354880999163,[],"{""cache_enabled"": true, ""cache_path"": ""/workspace/MasterDissertation/results/v2_pilot/evaluation_verified_cache"", ""compact_output"": true, ""enabled"": true, ""expose_source_inventory"": true, ""llm_critic"": false, ""llm_numeric_routing"": false, ""llm_recovery_selection"": true, ""semantic_retries"": 1, ""state_recovery"": true}","{""cache_hits"": 154, ""cache_misses"": 3, ""compact_model_numeric_terms"": 1, ""model_attempts"": 1, ""model_documents"": 1, ""model_documents_attempted"": 1, ""parsed_documents"": 2, ""semantic_retries"": 0, ""source_documents"": 157, ""submitted_document_exposures"": 1, ""tool_derived_metadata_rules"": 1, ""verified_documents"": 157}",[],True,,False,0,,,,
llm_v2_recovery,B10__capacity_cut__seed13__origin0,B10,capacity_cut,13,0,1871,B10-capacity_cut-seed13-origin0:day1871,20a452ccfa4dc7d62e730029ee4219961d674db7ced0d5f27f2ed30486209bc5,executed,False,True,33.10150493228436,38.0,37.0,178.0,0,False,1,752,0,1,0,"{""pre_http_starts"": 1, ""paired_results"": 1, ""pairs"": [{""started_ref"": ""ad4b94022ff7001c8f923c68516518cdf32ed07f087d92b3de4e942775a4caec"", ""result_ref"": ""d1acf7cae77fc88a5f196acf2658b21b5291790d57736a8aec1b26a279e69ebd"", ""result_kind"": ""llm_call"", ""start_seq"": 4713, ""result_seq"": 4714}]}",157,1,True,stochastic_milp,True,0,3.1887196167309794e-16,True,4.468145483999251,[],"{""cache_enabled"": true, ""cache_path"": ""/workspace/MasterDissertation/results/v2_pilot/evaluation_verified_cache"", ""compact_output"": true, ""enabled"": true, ""expose_source_inventory"": true, ""llm_critic"": false, ""llm_numeric_routing"": false, ""llm_recovery_selection"": true, ""semantic_retries"": 1, ""state_recovery"": true}","{""cache_hits"": 154, ""cache_misses"": 3, ""compact_model_numeric_terms"": 1, ""model_attempts"": 1, ""model_documents"": 1, ""model_documents_attempted"": 1, ""parsed_documents"": 2, ""semantic_retries"": 0, ""source_documents"": 157, ""submitted_document_exposures"": 1, ""tool_derived_metadata_rules"": 1, ""verified_documents"": 157}",[],True,,False,0,,,,
llm_v2_recovery,B10__capacity_cut__seed29__origin0,B10,capacity_cut,29,0,1858,B10-capacity_cut-seed29-origin0:day1858,1505520e74119d59116643cab0af3f69b44ed439450d810740e5d1af2a091a08,held,True,False,4.200570000708103,28.0,28.0,225.0,0,False,0,0,0,0,0,"{""pre_http_starts"": 0, ""paired_results"": 0, ""pairs"": []}",157,0,True,stochastic_milp,True,0,0.0005397835530322777,True,1.6931640149996383,[],"{""cache_enabled"": true, ""cache_path"": ""/workspace/MasterDissertation/results/v2_pilot/evaluation_verified_cache"", ""compact_output"": true, ""enabled"": true, ""expose_source_inventory"": true, ""llm_critic"": false, ""llm_numeric_routing"": false, ""llm_recovery_selection"": true, ""semantic_retries"": 1, ""state_recovery"": true}","{""cache_hits"": 157, ""cache_misses"": 0, ""compact_model_numeric_terms"": 0, ""model_attempts"": 0, ""model_documents"": 0, ""model_documents_attempted"": 0, ""parsed_documents"": 0, ""semantic_retries"": 0, ""source_documents"": 157, ""submitted_document_exposures"": 0, ""tool_derived_metadata_rules"": 0, ""verified_documents"": 157}",[],True,,False,0,,,,
llm_v2_recovery,B10__capacity_cut__seed29__origin0,B10,capacity_cut,29,0,1859,B10-capacity_cut-seed29-origin0:day1859,fc277b21ffd5b34438d1dd0a192c0e1343b73d43476a15a92f47d8c4dd230d09,executed,False,True,110.90562993228436,22.0,21.0,171.0,0,False,0,0,0,0,0,"{""pre_http_starts"": 0, ""paired_results"": 0, ""pairs"": []}",157,0,True,stochastic_milp,True,0,0.0005087707639283103,True,1.1709604110001235,[],"{""cache_enabled"": true, ""cache_path"": ""/workspace/MasterDissertation/results/v2_pilot/evaluation_verified_cache"", ""compact_output"": true, ""enabled"": true, ""expose_source_inventory"": true, ""llm_critic"": false, ""llm_numeric_routing"": false, ""llm_recovery_selection"": true, ""semantic_retries"": 1, ""state_recovery"": true}","{""cache_hits"": 157, ""cache_misses"": 0, ""compact_model_numeric_terms"": 0, ""model_attempts"": 0, ""model_documents"": 0, ""model_documents_attempted"": 0, ""parsed_documents"": 0, ""semantic_retries"": 0, ""source_documents"": 157, ""submitted_document_exposures"": 0, ""tool_derived_metadata_rules"": 0, ""verified_documents"": 157}",[],True,,False,0,,,,
llm_v2_recovery,B10__capacity_cut__seed29__origin0,B10,capacity_cut,29,0,1860,B10-capacity_cut-seed29-origin0:day1860,17e4757ef50c0ff6cd71f17ba26a58e026e36fe210b7955b6d3e165da044a395,executed,False,True,47.53594002121688,41.0,41.0,165.0,0,False,0,0,0,0,0,"{""pre_http_starts"": 0, ""paired_results"": 0, ""pairs"": []}",157,0,True,stochastic_milp,True,0,0.00038345200022108585,True,1.1600411310027994,[],"{""cache_enabled"": true, ""cache_path"": ""/workspace/MasterDissertation/results/v2_pilot/evaluation_verified_cache"", ""compact_output"": true, ""enabled"": true, ""expose_source_inventory"": true, ""llm_critic"": false, ""llm_numeric_routing"": false, ""llm_recovery_selection"": true, ""semantic_retries"": 1, ""state_recovery"": true}","{""cache_hits"": 157, ""cache_misses"": 0, ""compact_model_numeric_terms"": 0, ""model_attempts"": 0, ""model_documents"": 0, ""model_documents_attempted"": 0, ""parsed_documents"": 0, ""semantic_retries"": 0, ""source_documents"": 157, ""submitted_document_exposures"": 0, ""tool_derived_metadata_rules"": 0, ""verified_documents"": 157}",[],True,,False,0,,,,
llm_v2_recovery,B10__capacity_cut__seed29__origin0,B10,capacity_cut,29,0,1861,B10-capacity_cut-seed29-origin0:day1861,21ffd8eb262d1c2ca6f661f7b6a108a991bbf47d6362eab5e91215a253bc3fbc,executed,False,True,114.51260502630473,23.0,22.0,202.0,0,False,0,0,0,0,0,"{""pre_http_starts"": 0, ""paired_results"": 0, ""pairs"": []}",157,0,True,stochastic_milp,True,0,0.0007424113651313583,True,2.2843186700010847,[],"{""cache_enabled"": true, ""cache_path"": ""/workspace/MasterDissertation/results/v2_pilot/evaluation_verified_cache"", ""compact_output"": true, ""enabled"": true, ""expose_source_inventory"": true, ""llm_critic"": false, ""llm_numeric_routing"": false, ""llm_recovery_selection"": true, ""semantic_retries"": 1, ""state_recovery"": true}","{""cache_hits"": 157, ""cache_misses"": 0, ""compact_model_numeric_terms"": 0, ""model_attempts"": 0, ""model_documents"": 0, ""model_documents_attempted"": 0, ""parsed_documents"": 0, ""semantic_retries"": 0, ""source_documents"": 157, ""submitted_document_exposures"": 0, ""tool_derived_metadata_rules"": 0, ""verified_documents"": 157}",[],True,,False,0,,,,
llm_v2_recovery,B10__capacity_cut__seed29__origin0,B10,capacity_cut,29,0,1862,B10-capacity_cut-seed29-origin0:day1862,5a4efa7a19222bcdae0fbb4f6083395f63dae0a12bca64612d4b2ecf568303c3,executed,False,True,45.82663974964618,35.0,35.0,218.0,0,False,0,0,0,0,0,"{""pre_http_starts"": 0, ""paired_results"": 0, ""pairs"": []}",157,0,True,stochastic_milp,True,0,0.0,True,1.1405609380017268,[],"{""cache_enabled"": true, ""cache_path"": ""/workspace/MasterDissertation/results/v2_pilot/evaluation_verified_cache"", ""compact_output"": true, ""enabled"": true, ""expose_source_inventory"": true, ""llm_critic"": false, ""llm_numeric_routing"": false, ""llm_recovery_selection"": true, ""semantic_retries"": 1, ""state_recovery"": true}","{""cache_hits"": 157, ""cache_misses"": 0, ""compact_model_numeric_terms"": 0, ""model_attempts"": 0, ""model_documents"": 0, ""model_documents_attempted"": 0, ""parsed_documents"": 0, ""semantic_retries"": 0, ""source_documents"": 157, ""submitted_document_exposures"": 0, ""tool_derived_metadata_rules"": 0, ""verified_documents"": 157}",[],True,,False,0,,,,
llm_v2_recovery,B10__capacity_cut__seed29__origin0,B10,capacity_cut,29,0,1863,B10-capacity_cut-seed29-origin0:day1863,705933b9f0bcd88919d79625db9ca4f3b8cb33931f43e48f1041260a34ae955e,executed,False,True,35.425360053002834,50.0,48.0,231.0,0,False,0,0,0,0,0,"{""pre_http_starts"": 0, ""paired_results"": 0, ""pairs"": []}",157,0,True,stochastic_milp,True,0,0.0006424047602981631,True,2.7379737830015074,[],"{""cache_enabled"": true, ""cache_path"": ""/workspace/MasterDissertation/results/v2_pilot/evaluation_verified_cache"", ""compact_output"": true, ""enabled"": true, ""expose_source_inventory"": true, ""llm_critic"": false, ""llm_numeric_routing"": false, ""llm_recovery_selection"": true, ""semantic_retries"": 1, ""state_recovery"": true}","{""cache_hits"": 157, ""cache_misses"": 0, ""compact_model_numeric_terms"": 0, ""model_attempts"": 0, ""model_documents"": 0, ""model_documents_attempted"": 0, ""parsed_documents"": 0, ""semantic_retries"": 0, ""source_documents"": 157, ""submitted_document_exposures"": 0, ""tool_derived_metadata_rules"": 0, ""verified_documents"": 157}",[],True,,False,0,,,,
llm_v2_recovery,B10__capacity_cut__seed29__origin0,B10,capacity_cut,29,0,1864,B10-capacity_cut-seed29-origin0:day1864,db4f708158fc447caf8861f027b8df288ba0c16ce76d01a3447c728c95afdc9b,executed,False,True,60.70162504196168,32.0,28.0,232.0,0,False,0,0,0,0,0,"{""pre_http_starts"": 0, ""paired_results"": 0, ""pairs"": []}",157,0,True,stochastic_milp,True,0,0.0009343737572056963,True,2.339130876996933,[],"{""cache_enabled"": true, ""cache_path"": ""/workspace/MasterDissertation/results/v2_pilot/evaluation_verified_cache"", ""compact_output"": true, ""enabled"": true, ""expose_source_inventory"": true, ""llm_critic"": false, ""llm_numeric_routing"": false, ""llm_recovery_selection"": true, ""semantic_retries"": 1, ""state_recovery"": true}","{""cache_hits"": 157, ""cache_misses"": 0, ""compact_model_numeric_terms"": 0, ""model_attempts"": 0, ""model_documents"": 0, ""model_documents_attempted"": 0, ""parsed_documents"": 0, ""semantic_retries"": 0, ""source_documents"": 157, ""submitted_document_exposures"": 0, ""tool_derived_metadata_rules"": 0, ""verified_documents"": 157}",[],True,,False,0,,,,
llm_v2_recovery,B10__capacity_cut__seed29__origin0,B10,capacity_cut,29,0,1865,B10-capacity_cut-seed29-origin0:day1865,1b466fc5e8dbf2c169913535c53bff8bdcbd88fbea0c979a81ee1428c2dec70a,executed,False,True,72.18905986142158,31.0,31.0,222.0,0,False,0,0,0,0,0,"{""pre_http_starts"": 0, ""paired_results"": 0, ""pairs"": []}",157,0,True,stochastic_milp,True,0,0.000830547916787984,True,2.0100566090004577,[],"{""cache_enabled"": true, ""cache_path"": ""/workspace/MasterDissertation/results/v2_pilot/evaluation_verified_cache"", ""compact_output"": true, ""enabled"": true, ""expose_source_inventory"": true, ""llm_critic"": false, ""llm_numeric_routing"": false, ""llm_recovery_selection"": true, ""semantic_retries"": 1, ""state_recovery"": true}","{""cache_hits"": 157, ""cache_misses"": 0, ""compact_model_numeric_terms"": 0, ""model_attempts"": 0, ""model_documents"": 0, ""model_documents_attempted"": 0, ""parsed_documents"": 0, ""semantic_retries"": 0, ""source_documents"": 157, ""submitted_document_exposures"": 0, ""tool_derived_metadata_rules"": 0, ""verified_documents"": 157}",[],True,,False,0,,,,
llm_v2_recovery,B10__capacity_cut__seed29__origin0,B10,capacity_cut,29,0,1866,B10-capacity_cut-seed29-origin0:day1866,a6d22b80a7b8726bb72cf5c50d46195ab003e49650df54eebfc8a8cab9249898,executed,False,True,76.50499999803304,31.0,25.0,206.0,0,False,0,0,0,0,0,"{""pre_http_starts"": 0, ""paired_results"": 0, ""pairs"": []}",157,0,True,stochastic_milp,True,0,0.0007079761370172424,True,1.5499764359992696,[],"{""cache_enabled"": true, ""cache_path"": ""/workspace/MasterDissertation/results/v2_pilot/evaluation_verified_cache"", ""compact_output"": true, ""enabled"": true, ""expose_source_inventory"": true, ""llm_critic"": false, ""llm_numeric_routing"": false, ""llm_recovery_selection"": true, ""semantic_retries"": 1, ""state_recovery"": true}","{""cache_hits"": 157, ""cache_misses"": 0, ""compact_model_numeric_terms"": 0, ""model_attempts"": 0, ""model_documents"": 0, ""model_documents_attempted"": 0, ""parsed_documents"": 0, ""semantic_retries"": 0, ""source_documents"": 157, ""submitted_document_exposures"": 0, ""tool_derived_metadata_rules"": 0, ""verified_documents"": 157}",[],True,,False,0,,,,
llm_v2_recovery,B10__capacity_cut__seed29__origin0,B10,capacity_cut,29,0,1867,B10-capacity_cut-seed29-origin0:day1867,ba8c58413b7f65306f543123b007d77a52304bed735331087422e95bf2f0d799,executed,False,True,44.85776502174139,22.0,21.0,239.0,0,False,0,0,0,0,0,"{""pre_http_starts"": 0, ""paired_results"": 0, ""pairs"": []}",157,0,True,stochastic_milp,True,0,0.00045857206761565816,True,3.117516941998474,[],"{""cache_enabled"": true, ""cache_path"": ""/workspace/MasterDissertation/results/v2_pilot/evaluation_verified_cache"", ""compact_output"": true, ""enabled"": true, ""expose_source_inventory"": true, ""llm_critic"": false, ""llm_numeric_routing"": false, ""llm_recovery_selection"": true, ""semantic_retries"": 1, ""state_recovery"": true}","{""cache_hits"": 157, ""cache_misses"": 0, ""compact_model_numeric_terms"": 0, ""model_attempts"": 0, ""model_documents"": 0, ""model_documents_attempted"": 0, ""parsed_documents"": 0, ""semantic_retries"": 0, ""source_documents"": 157, ""submitted_document_exposures"": 0, ""tool_derived_metadata_rules"": 0, ""verified_documents"": 157}",[],True,,False,0,,,,
llm_v2_recovery,B10__capacity_cut__seed29__origin0,B10,capacity_cut,29,0,1868,B10-capacity_cut-seed29-origin0:day1868,e97406a236d70c68217e756b02d84f7eeedb02fabe19f78ced25eba8b3bd5b42,executed,False,True,101.25528509706258,27.0,25.0,229.0,0,False,0,0,0,0,0,"{""pre_http_starts"": 0, ""paired_results"": 0, ""pairs"": []}",157,0,True,stochastic_milp,True,0,0.0009408578853071826,True,3.370258122999076,[],"{""cache_enabled"": true, ""cache_path"": ""/workspace/MasterDissertation/results/v2_pilot/evaluation_verified_cache"", ""compact_output"": true, ""enabled"": true, ""expose_source_inventory"": true, ""llm_critic"": false, ""llm_numeric_routing"": false, ""llm_recovery_selection"": true, ""semantic_retries"": 1, ""state_recovery"": true}","{""cache_hits"": 157, ""cache_misses"": 0, ""compact_model_numeric_terms"": 0, ""model_attempts"": 0, ""model_documents"": 0, ""model_documents_attempted"": 0, ""parsed_documents"": 0, ""semantic_retries"": 0, ""source_documents"": 157, ""submitted_document_exposures"": 0, ""tool_derived_metadata_rules"": 0, ""verified_documents"": 157}",[],True,,False,0,,,,
llm_v2_recovery,B10__capacity_cut__seed29__origin0,B10,capacity_cut,29,0,1869,B10-capacity_cut-seed29-origin0:day1869,8177cc5b2b131ddad76d2bebc4121d4f3bad5e4af00b527555831430c9dd13f9,executed,False,True,27.766109998583797,36.0,36.0,219.0,0,False,0,0,0,0,0,"{""pre_http_starts"": 0, ""paired_results"": 0, ""pairs"": []}",157,0,True,stochastic_milp,True,0,0.00038493544294905893,True,1.46939740200105,[],"{""cache_enabled"": true, ""cache_path"": ""/workspace/MasterDissertation/results/v2_pilot/evaluation_verified_cache"", ""compact_output"": true, ""enabled"": true, ""expose_source_inventory"": true, ""llm_critic"": false, ""llm_numeric_routing"": false, ""llm_recovery_selection"": true, ""semantic_retries"": 1, ""state_recovery"": true}","{""cache_hits"": 157, ""cache_misses"": 0, ""compact_model_numeric_terms"": 0, ""model_attempts"": 0, ""model_documents"": 0, ""model_documents_attempted"": 0, ""parsed_documents"": 0, ""semantic_retries"": 0, ""source_documents"": 157, ""submitted_document_exposures"": 0, ""tool_derived_metadata_rules"": 0, ""verified_documents"": 157}",[],True,,False,0,,,,
llm_v2_recovery,B10__capacity_cut__seed29__origin0,B10,capacity_cut,29,0,1870,B10-capacity_cut-seed29-origin0:day1870,0e75e4151f30f3b15fc439a5823a1c17b2a8c5efc0f9fde1378cfd033c18a16d,executed,False,True,37.50669999921322,34.0,34.0,226.0,0,False,0,0,0,0,0,"{""pre_http_starts"": 0, ""paired_results"": 0, ""pairs"": []}",157,0,True,stochastic_milp,True,1,0.025022416530240264,False,5.678618576002918,[],"{""cache_enabled"": true, ""cache_path"": ""/workspace/MasterDissertation/results/v2_pilot/evaluation_verified_cache"", ""compact_output"": true, ""enabled"": true, ""expose_source_inventory"": true, ""llm_critic"": false, ""llm_numeric_routing"": false, ""llm_recovery_selection"": true, ""semantic_retries"": 1, ""state_recovery"": true}","{""cache_hits"": 157, ""cache_misses"": 0, ""compact_model_numeric_terms"": 0, ""model_attempts"": 0, ""model_documents"": 0, ""model_documents_attempted"": 0, ""parsed_documents"": 0, ""semantic_retries"": 0, ""source_documents"": 157, ""submitted_document_exposures"": 0, ""tool_derived_metadata_rules"": 0, ""verified_documents"": 157}",[],True,,False,0,,,,
llm_v2_recovery,B10__capacity_cut__seed29__origin0,B10,capacity_cut,29,0,1871,B10-capacity_cut-seed29-origin0:day1871,64981e98d4ffe22f9ae84ee2bbb2bd6015d34916887646e933defb39afc8ebc4,executed,False,True,80.58428992116451,38.0,37.0,223.0,0,False,0,0,0,0,0,"{""pre_http_starts"": 0, ""paired_results"": 0, ""pairs"": []}",157,0,True,stochastic_milp,True,0,0.0009281115455726599,True,2.6989630959978967,[],"{""cache_enabled"": true, ""cache_path"": ""/workspace/MasterDissertation/results/v2_pilot/evaluation_verified_cache"", ""compact_output"": true, ""enabled"": true, ""expose_source_inventory"": true, ""llm_critic"": false, ""llm_numeric_routing"": false, ""llm_recovery_selection"": true, ""semantic_retries"": 1, ""state_recovery"": true}","{""cache_hits"": 157, ""cache_misses"": 0, ""compact_model_numeric_terms"": 0, ""model_attempts"": 0, ""model_documents"": 0, ""model_documents_attempted"": 0, ""parsed_documents"": 0, ""semantic_retries"": 0, ""source_documents"": 157, ""submitted_document_exposures"": 0, ""tool_derived_metadata_rules"": 0, ""verified_documents"": 157}",[],True,,False,0,,,,
