tree
version=v4
num_class=1
num_tree_per_iteration=1
label_index=0
max_feature_idx=10
objective=regression
feature_names=Column_0 Column_1 Column_2 Column_3 Column_4 Column_5 Column_6 Column_7 Column_8 Column_9 Column_10
feature_infos=[0:32] [0:32] [0:32] [0:32] [0:23.857142857142858] [0:18.857142857142858] [0:7.7099855739826397] [0:1] [0:29] [0:6] [1:12]
tree_sizes=1779 1837 1827 1845 1836 1853 1855 1812 1815 1837 1850 1815 1873 1842 1851 1852 1837 1906 1868 1862 1879 1885 1859 1840 1843 1859 1891 1867 1916 1813 1900 1785 1787 1783 1319 1406 1525 1607 1866 1482 1275 1602 1587 1292 1403 1729 1869 1135 999 1911 1108 1885 1130 1906 780 779 1907 1046 766 1895 876 1394 1929 1198 1888 903 1045 1025 718 893 1377 880 1201 791 1134 1905 1919 1897 763 1282 1918 1272 1440 1257 1663 1882 1888 883 1861 1123 1926 1943 764 1471 1854 1691 892 1855 702 1912 1140 1888 1194 1654 1932 1908 1932 781 1920 1908 1184 894 1875 879 1918 1861 1901 925 1927 1039 1112 1863 1723 961 783 956 1111 895 1398 782 1635 1867 1059 779 1045 721 1037 702 702 1891 1368 1221 1883 1661 1862 1560 1888 1910 1580 1924

Tree=0
num_leaves=20
num_cat=0
split_feature=5 5 5 4 9 4 9 4 8 5 0 0 5 4 9 9 5 4 4
split_gain=68046.8 8608.59 4234.91 2315.81 1173.78 909.888 744.63 531.809 510.463 492.329 379.215 330.225 314.212 303.265 178.445 161.068 148.32 143.066 130.421
threshold=4.9107142857142874 9.196428571428573 1.4821428571428574 15.642857142857144 3.5000000000000004 3.0714285714285716 4.5000000000000009 1.0000000180025095e-35 22.500000000000004 13.392857142857144 13.500000000000002 18.500000000000004 2.2678571428571432 4.3571428571428585 4.5000000000000009 2.5000000000000004 1.0535714285714288 6.6428571428571432 6.5000000000000009
decision_type=2 2 2 2 2 2 2 2 2 2 2 2 2 2 2 2 2 2 2
left_child=2 6 7 4 11 12 8 -1 -2 -6 -5 -3 -4 -7 -15 -12 -9 -8 -10
right_child=1 3 5 10 9 13 17 16 18 -11 15 -13 -14 14 -16 -17 -18 -19 -20
leaf_value=2.1371613026319203 2.6402775779196199 3.0730022850699661 2.3028427043000552 3.4497397260429112 3.3660440803639604 2.4185740211796465 2.8684897351166536 2.2123758719181414 2.7327043338655947 3.8771206569236165 3.7826344571598334 3.4947397263409341 2.3743597026560597 2.5080730608402177 2.7396333451249864 4.1547396913728765 2.2474743072598011 3.0191841803386787 2.8602469803022208
leaf_weight=797 251 259 1845 15.999999999999998 184 519 112 3397 113 21 19 20 921 114 47 30 1865 144 276
leaf_count=797 251 259 1845 16 184 519 112 3397 113 21 19 20 921 114 47 30 1865 144 276
internal_value=2.36082 3.00017 2.26362 3.31199 3.23672 2.35213 2.80911 2.21329 2.75146 3.4184 3.87243 3.10323 2.32666 2.45577 2.57567 4.01045 2.22482 2.95326 2.8232
internal_weight=10950 1445 9505 549 484 3446 896 6059 640 205 65 279 2766 680 161 49 5262 256 389
internal_count=10950 1445 9505 549 484 3446 896 6059 640 205 65 279 2766 680 161 49 5262 256 389
is_linear=0
shrinkage=1


Tree=1
num_leaves=20
num_cat=0
split_feature=5 5 5 4 9 4 9 4 5 5 0 4 5 4 4 9 3 4 7
split_gain=55117.9 6972.95 3430.28 1875.81 950.759 737.009 603.151 430.766 419.535 398.786 307.164 300.359 256.949 245.645 154.137 144.541 133.263 123.677 122.908
threshold=4.9107142857142874 9.196428571428573 1.4821428571428574 15.642857142857144 3.5000000000000004 3.0714285714285716 4.5000000000000009 1.0000000180025095e-35 6.8750000000000009 13.392857142857144 13.500000000000002 10.785714285714286 2.1964285714285716 4.3571428571428585 6.5000000000000009 4.5000000000000009 16.500000000000004 1.2142857142857146 0.19642857142857145
decision_type=2 2 2 2 2 2 2 2 2 2 2 2 2 2 2 2 2 2 2
left_child=2 6 7 4 11 12 8 -1 -2 -6 -5 -3 -4 -7 -10 -15 -12 -9 -19
right_child=1 3 5 10 9 13 -8 17 14 -11 16 -13 -14 15 -16 -17 -18 18 -20
leaf_value=-0.20129454469254507 0.273100295762221 0.54334432751332462 -0.053630791660956301 0.98002603948116307 0.9046999354077423 0.051976894597327322 0.53319009412953167 -0.13195996129732965 0.29820977825384876 1.364668862024943 1.3644684702157974 0.75441521769671738 0.0098494165789040789 0.13252602990782053 0.47142826515801101 0.34093027653846336 1.710928524241728 0.16190076006783383 -0.10102063018157362
leaf_weight=797 330 114 1769 15.999999999999998 184 519 256 3790 65 21 32 165 997 114 245 47 17 18 1454
leaf_count=797 330 114 1769 16 184 519 256 3790 65 21 32 165 997 114 245 47 17 18 1454
internal_value=1.99614e-09 0.575415 -0.0874777 0.856051 0.788311 -0.0078193 0.403464 -0.132783 0.351573 0.951819 1.36045 0.668171 -0.0307495 0.0854525 0.435108 0.193365 1.48467 -0.122406 -0.0978056
internal_weight=10950 1445 9505 549 484 3446 896 6059 640 205 65 279 2766 680 310 161 49 5262 1472
internal_count=10950 1445 9505 549 484 3446 896 6059 640 205 65 279 2766 680 310 161 49 5262 1472
is_linear=0
shrinkage=0.1


Tree=2
num_leaves=20
num_cat=0
split_feature=5 5 5 4 9 4 9 5 4 5 9 0 4 0 5 9 5 3 4
split_gain=44645.5 5648.09 2778.52 1519.4 770.115 609.738 488.85 361.985 348.92 328.595 265.622 259.259 248.16 144.809 140.962 117.078 112.38 110.435 107.06
threshold=4.9107142857142874 9.196428571428573 1.4821428571428574 15.642857142857144 3.5000000000000004 2.785714285714286 3.5000000000000004 7.0535714285714297 1.0000000180025095e-35 14.196428571428573 3.5000000000000004 18.500000000000004 4.3571428571428585 6.5000000000000009 2.1964285714285716 4.5000000000000009 1.0535714285714288 8.5000000000000018 17.785714285714288
decision_type=2 2 2 2 2 2 2 2 2 2 2 2 2 2 2 2 2 2 2
left_child=2 6 8 4 11 14 7 -2 -1 -6 18 -3 -7 -8 -4 -14 -10 -15 -5
right_child=1 3 5 10 9 12 13 -9 16 -11 -12 -13 15 17 -16 -17 -18 -19 -20
leaf_value=-0.18116509080344492 0.22194988912879321 0.57456669688915196 -0.049332959322368398 0.8316652830441793 0.81735706517403139 0.037898610618396028 0.38276433759187867 0.39093779295906744 -0.12099332498331122 1.2647099375724793 1.4361104503754647 0.94825056076049818 0.11927342171731747 0.44010618426428555 0.0018116960885104724 0.30683725961345309 -0.0904417810079719 0.58783218055799769 1.189045770544755
leaf_weight=797 278 259 1700 14.999999999999998 187 796 180 233 3397 18 31 20 114 114 789 47 1865 91 19
leaf_count=797 278 259 1700 15 187 796 180 233 3397 18 31 20 114 114 789 47 1865 91 19
internal_value=-1.22933e-09 0.517874 -0.0787299 0.770446 0.70948 -0.00703737 0.363117 0.299003 -0.119504 0.856637 1.2244 0.601354 0.0608002 0.448214 -0.0331204 0.174028 -0.110165 0.505682 1.03138
internal_weight=10950 1445 9505 549 484 3446 896 511 6059 205 65 279 957 385 2489 161 5262 205 34
internal_count=10950 1445 9505 549 484 3446 896 511 6059 205 65 279 957 385 2489 161 5262 205 34
is_linear=0
shrinkage=0.1


Tree=3
num_leaves=20
num_cat=0
split_feature=5 5 5 4 9 4 9 8 0 4 4 0 4 9 7 4 3 3 5
split_gain=36162.9 4574.96 2250.6 1230.72 623.793 493.888 412.785 310.965 290.745 282.625 248.873 232.44 201.009 137.457 109.341 107.085 101.716 101.567 96.6357
threshold=4.9107142857142874 9.196428571428573 1.4821428571428574 15.642857142857144 3.5000000000000004 2.785714285714286 4.5000000000000009 22.500000000000004 7.5000000000000009 1.0000000180025095e-35 11.928571428571431 13.500000000000002 4.3571428571428585 5.5000000000000009 0.8392857142857143 6.6428571428571432 16.500000000000004 13.500000000000002 0.87500000000000011
decision_type=2 2 2 2 2 2 2 2 2 2 2 2 2 2 2 2 2 2 2
left_child=2 6 9 4 10 13 7 -2 -6 -1 -3 -5 -7 14 -4 -8 -13 -9 -11
right_child=1 3 5 11 8 12 15 17 -10 18 -12 16 -14 -15 -16 -17 -18 -19 -20
leaf_value=-0.16304858086100188 0.19710086922484091 0.47604428819089972 -0.055932370272383174 0.77103346027433872 0.52909790402278301 0.034108750106551539 0.36078890244409978 0.32861485099294435 0.82960957658561796 -0.11387932864222428 0.67808485200007762 1.1050088576972485 0.15662527603577384 0.026341213936593656 -0.0079501211705393527 0.49116379378182401 1.4076956748962404 0.57185098760657849 -0.086681570590653456
leaf_weight=797 251 189 1399 15.999999999999998 40 796 112 371 165 2412 90 32 161 371 719 144 17 18 2850
leaf_count=797 251 189 1399 16 40 796 112 371 165 2412 90 32 161 371 719 144 17 18 2850
internal_value=3.4049e-10 0.466086 -0.0708569 0.693401 0.638532 -0.00633363 0.326805 0.283878 0.770973 -0.107554 0.541219 1.10196 0.0547202 -0.0298083 -0.0396438 0.434125 1.21002 0.33987 -0.0991485
internal_weight=10950 1445 9505 549 484 3446 896 640 205 6059 279 65 957 2489 2118 256 49 389 5262
internal_count=10950 1445 9505 549 484 3446 896 640 205 6059 279 65 957 2489 2118 256 49 389 5262
is_linear=0
shrinkage=0.1


Tree=4
num_leaves=20
num_cat=0
split_feature=5 5 5 5 9 5 9 9 0 5 4 0 4 5 1 9 4 0 0
split_gain=29291.9 3705.71 1839.76 997.154 461.663 409.727 347.705 337.341 301.639 258.418 255.815 217.932 171.282 145.362 127.433 124.082 106.133 126.535 97.4108
threshold=4.9107142857142874 9.196428571428573 1.9464285714285716 13.732142857142859 3.5000000000000004 1.1964285714285716 3.5000000000000004 3.5000000000000004 18.500000000000004 7.0535714285714297 4.2142857142857153 7.5000000000000009 1.0000000180025095e-35 16.357142857142858 17.500000000000004 5.5000000000000009 6.9285714285714297 3.5000000000000004 5.5000000000000009
decision_type=2 2 2 2 2 2 2 2 2 2 2 2 2 2 2 2 2 2 2
left_child=2 7 5 4 8 12 14 9 -3 -2 15 -6 -1 -8 -5 -4 17 -9 -12
right_child=1 3 10 6 11 -7 13 16 -10 -11 18 -13 -14 -15 -16 -17 -18 -19 -20
leaf_value=-0.14712945929181104 0.17576121560318009 0.44028556400632612 -0.0028888985158328556 0.66341037060632269 0.46196431541129163 -0.054627117254590032 0.94272378966921855 0.17111173931588519 0.84482888460159311 0.31854248813677244 0.077686322001906921 0.72902343059675057 -0.096017760375977437 1.3147984533082873 1.0019226042429608 0.068414698515204195 0.4199778348187117 0.35842391240019955 0.22903311845201713
leaf_weight=781 278 235 1631 43 38 2533 21 47 20 233 123 156 4085 21 14.999999999999998 287 183 155 65
leaf_count=781 278 235 1631 43 38 2533 21 47 20 233 123 156 4085 21 15 287 183 155 65
internal_value=4.16552e-10 0.419478 -0.0637712 0.624061 0.560459 -0.087243 0.909635 0.294125 0.472014 0.240865 0.0186922 0.676713 -0.104221 1.12876 0.750957 0.00778062 0.364815 0.314841 0.130014
internal_weight=10950 1445 9505 549 449 7399 100 896 255 511 2106 194 4866 42 58 1918 385 202 188
internal_count=10950 1445 9505 549 449 7399 100 896 255 511 2106 194 4866 42 58 1918 385 202 188
is_linear=0
shrinkage=0.1


Tree=5
num_leaves=20
num_cat=0
split_feature=5 5 4 4 9 5 9 8 4 3 4 0 5 0 4 1 7 0 9
split_gain=23739.3 3077.72 1462.09 842.792 403.57 346.199 301.662 243.301 235.25 218.961 193.165 177.391 162.761 114.421 101.032 91.8281 90.759 87.124 82.8323
threshold=4.4821428571428585 9.196428571428573 1.642857142857143 15.642857142857144 3.5000000000000004 2.2678571428571432 4.5000000000000009 22.500000000000004 1.0000000180025095e-35 20.500000000000004 10.785714285714286 13.500000000000002 1.1964285714285716 2.5000000000000004 4.3571428571428585 10.500000000000002 0.94642857142857151 3.5000000000000004 2.5000000000000004
decision_type=2 2 2 2 2 2 2 2 2 2 2 2 2 2 2 2 2 2 2
left_child=2 6 8 4 10 -4 7 17 -1 -6 -3 -5 -10 -8 -7 -9 -15 -2 -13
right_child=1 3 5 11 9 14 13 15 12 -11 -12 18 -14 16 -16 -17 -18 -19 -20
leaf_value=-0.13485267630903863 0.065162224423738174 0.33787226856016278 -0.031372343053405541 0.61065157949924476 0.58694322467501692 0.027278936599989576 0.12807262156690871 0.29504347360452488 -0.089043098994681949 0.92084853344342932 0.50713921566804254 0.83077553428317374 -0.052260176595919187 0.60155398249626169 0.11720777721070558 0.15227052492017931 0.35520533164841117 0.1898341045192965 1.097621431350708
leaf_weight=823 81 114 1673 15.999999999999998 183 1234 21 337 3868 22 165 19 1746 15.999999999999998 139 52 229 182 30
leaf_count=823 81 114 1673 16 183 1234 21 337 3868 22 165 19 1746 16 139 52 229 182 30
internal_value=-3.4191e-10 0.374356 -0.0579121 0.561655 0.516249 -0.000831202 0.262344 0.22573 -0.0849229 0.622777 0.437976 0.899751 -0.0776033 0.352092 0.0363832 0.275958 0.371293 0.151437 0.994151
internal_weight=10950 1467 9483 549 484 3046 918 652 6437 205 279 65 5614 266 1373 389 245 263 49
internal_count=10950 1467 9483 549 484 3046 918 652 6437 205 279 65 5614 266 1373 389 245 263 49
is_linear=0
shrinkage=0.1


Tree=6
num_leaves=20
num_cat=0
split_feature=5 5 5 5 0 4 4 3 3 4 9 0 6 8 4 9 9 4 9
split_gain=19229.3 2428.5 1236.12 693.949 316.453 298.509 267.328 248.09 197.135 186.398 169.994 158.958 150.897 148.898 145.849 131.977 111.767 111.271 112.594
threshold=4.9107142857142874 9.196428571428573 1.4821428571428574 13.392857142857144 9.5000000000000018 3.0714285714285716 6.3571428571428585 18.500000000000004 9.5000000000000018 14.357142857142859 2.5000000000000004 17.500000000000004 6.2941793083053676 18.500000000000004 1.0000000180025095e-35 4.5000000000000009 5.5000000000000009 0.35714285714285715 4.5000000000000009
decision_type=2 2 2 2 2 2 2 2 2 2 2 2 2 2 2 2 2 2 2
left_child=2 6 14 4 15 17 10 12 16 -6 -2 -9 -5 -7 -1 -3 -8 -4 -19
right_child=1 3 5 7 9 13 8 11 -10 -11 -12 -13 -14 -15 -16 -17 -18 18 -20
leaf_value=-0.11873121278049657 0.094834347924440177 0.31082456146693782 -0.20097084108627206 0.72934043495094081 0.49245655039782854 0.016358533471822739 0.23157325352320851 0.74596956521272662 0.39644481505927009 0.76162299734765093 0.23247005618493821 1.191724280267954 0.41600765890695834 0.11143857970301595 -0.072827503999255541 0.52389836576249871 0.39249906670682289 -0.02914769273913654 0.015677063537257448
leaf_weight=797 159 151 33 51 228 400 362 15.999999999999998 120 29 206 15.999999999999998 22 280 5262 36 49 1946 787
leaf_count=797 159 151 33 51 228 400 362 16 120 29 206 16 22 280 5262 36 49 1946 787
internal_value=-3.95281e-11 0.339873 -0.0516693 0.505489 0.450815 -0.00385066 0.238396 0.736682 0.283682 0.522829 0.172514 0.968847 0.634911 0.0555091 -0.0788657 0.351844 0.250759 -0.0184438 -0.0162399
internal_weight=10950 1445 9505 549 444 3446 896 105 531 257 365 32 73 680 6059 187 411 2766 2733
internal_count=10950 1445 9505 549 444 3446 896 105 531 257 365 32 73 680 6059 187 411 2766 2733
is_linear=0
shrinkage=0.1


Tree=7
num_leaves=20
num_cat=0
split_feature=5 5 4 4 3 5 9 2 5 5 2 6 5 4 3 9 4 9 4
split_gain=15584.5 2016.92 1000.47 582.17 308.493 245.006 212.806 206.919 189.012 175.803 147.229 144.97 124.754 116.537 114.835 92.4491 87.5368 72.2841 70.6757
threshold=4.4821428571428585 9.196428571428573 1.642857142857143 15.642857142857144 12.500000000000002 2.2678571428571432 3.5000000000000004 17.500000000000004 7.4821428571428585 0.87500000000000011 17.500000000000004 4.9530963244207902 7.7678571428571432 3.785714285714286 2.5000000000000004 5.5000000000000009 17.785714285714288 5.5000000000000009 8.071428571428573
decision_type=2 2 2 2 2 2 2 2 2 2 2 2 2 2 2 2 2 2 2
left_child=2 6 9 4 7 -4 8 -3 18 -1 16 -6 -10 -8 -15 -11 -5 -7 -2
right_child=1 3 5 10 11 17 13 -9 12 15 -12 -13 -14 14 -16 -17 -18 -19 -20
leaf_value=-0.08653012726472871 0.11549090931405409 0.32854846166172891 -0.025397640172763993 0.46703131046146162 0.6122136944926333 0.022350265460434254 0.01932398747238848 0.62917242074012769 0.40677027964795176 -0.06029427925624499 0.92026533071811389 0.43569127959385523 0.20673931860756653 0.5193440619267915 0.26707798427121304 -0.013254974553921474 0.76676524438356097 0.088508083391934639 0.24553785156458618
leaf_weight=3078 323 272 1673 20 87 1181 18 25 44 2870 26 100 107 19 359 489 19 192 48
leaf_count=3078 323 272 1673 20 87 1181 18 25 44 2870 26 100 107 19 359 489 19 192 48
internal_value=-1.007e-09 0.303318 -0.0469226 0.45494 0.417203 0.000295129 0.212641 0.353854 0.170706 -0.0692661 0.735939 0.517817 0.265026 0.26792 0.279758 -0.0534463 0.613056 0.0316018 0.132316
internal_weight=10950 1467 9483 549 484 3046 918 297 522 6437 65 187 151 396 378 3359 39 1373 371
internal_count=10950 1467 9483 549 484 3046 918 297 522 6437 65 187 151 396 378 3359 39 1373 371
is_linear=0
shrinkage=0.1


Tree=8
num_leaves=20
num_cat=0
split_feature=5 5 5 0 1 4 4 9 9 3 0 4 9 1 5 3 7 4 4
split_gain=12631.6 1498.06 917.843 523.536 369.243 197.317 193.209 166.299 164.667 146.548 131.29 129.835 127.779 129.843 111.697 109.178 96.5229 85.3667 83.0666
threshold=5.3392857142857144 9.1250000000000018 1.9464285714285716 9.5000000000000018 17.500000000000004 0.92857142857142871 4.3571428571428585 4.5000000000000009 3.5000000000000004 17.500000000000004 2.5000000000000004 6.3571428571428585 1.5000000000000002 10.500000000000002 4.4821428571428585 9.5000000000000018 0.19642857142857145 9.5000000000000018 0.6428571428571429
decision_type=2 2 2 2 2 2 2 2 2 2 2 2 2 2 2 2 2 2 2
left_child=2 7 5 12 8 -1 18 11 -5 -6 -8 -2 17 -14 -12 -13 -7 -3 -4
right_child=1 3 6 4 9 16 10 -9 -10 -11 14 15 13 -15 -16 -17 -18 -19 -20
leaf_value=-0.074236221209813116 0.11069935904874738 -0.010149176269769669 -0.1704195810481906 0.36567488719709218 0.59709693623463744 0.12868942778670428 -0.044609670686285671 0.26646349248745715 0.51885801370739937 0.92133820891380314 0.11249789561590423 0.1816754522109435 0.43715701130720286 0.24740467134081287 0.32637653319585708 0.33036290811280078 -0.043098453920672464 0.24288245452567936 0.0095161914301210467
leaf_weight=3678 237 20 26 160 46 33 41 242 125 20 115 303 65 81 31 59 3688 40 1940
leaf_count=3678 237 20 26 160 46 33 41 242 125 20 115 303 65 81 31 59 3688 40 1940
internal_value=9.40283e-10 0.280747 -0.0410893 0.407946 0.482218 -0.0578107 0.0163755 0.196503 0.43286 0.695352 0.113508 0.168238 0.281395 0.331883 0.15791 0.205909 -0.0415749 0.158539 0.00713657
internal_weight=10950 1398 9552 557 351 7399 2153 841 285 66 187 599 206 146 146 362 3721 60 1966
internal_count=10950 1398 9552 557 351 7399 2153 841 285 66 187 599 206 146 146 362 3721 60 1966
is_linear=0
shrinkage=0.1


Tree=9
num_leaves=20
num_cat=0
split_feature=5 4 5 5 3 9 6 5 0 2 2 9 0 1 8 8 4 9 6
split_gain=10231.6 1251.63 754.71 416.599 361.572 316.965 371.198 240.122 145.762 134.045 139.415 119.174 106.085 134.317 103.23 100.021 88.4552 86.7785 74.324
threshold=5.3392857142857144 11.928571428571431 1.3750000000000002 8.5892857142857171 14.500000000000002 2.5000000000000004 4.9530963244207902 2.6964285714285716 21.500000000000004 17.500000000000004 13.500000000000002 3.5000000000000004 2.5000000000000004 6.5000000000000009 22.500000000000004 26.500000000000004 1.0000000180025095e-35 5.5000000000000009 3.0167473528703233
decision_type=2 2 2 2 2 2 2 2 2 2 2 2 2 2 2 2 2 2 2
left_child=2 3 16 11 9 15 -7 17 -6 10 -3 14 18 -14 -2 -5 -1 -4 -9
right_child=1 4 7 5 8 6 -8 12 -10 -11 -12 -13 13 -15 -16 -17 -18 -19 -20
leaf_value=-0.091136087623172962 0.074123326387536312 0.38211302676278613 -0.023843002338338012 0.26094966218854809 0.56835029583753038 0.46509496138833867 0.19079058254892764 0.024455514514487086 0.90381569284945729 0.57623303819161198 0.11580562376976014 0.21367382821655015 0.052950182739066098 0.2129108207363446 0.17306952189240191 0.10830270347802283 -0.055166231031540669 0.02432196695264217 -0.084337120167911062
leaf_weight=795 173 92 2529 97 68 148 74 292 15.999999999999998 26 25 332 476 59 270 77 4882 439 80
leaf_count=795 173 92 2529 97 68 148 74 292 16 26 25 332 476 59 270 77 4882 439 80
internal_value=-3.2473e-10 0.252673 -0.0369803 0.211013 0.467579 0.294455 0.37366 -0.00295782 0.632248 0.37085 0.32521 0.168377 0.0420728 0.0705907 0.134429 0.193399 -0.0602034 -0.0167189 0.00105925
internal_weight=10950 1398 9552 1171 227 396 222 3875 84 143 117 775 907 535 443 174 5677 2968 372
internal_count=10950 1398 9552 1171 227 396 222 3875 84 143 117 775 907 535 443 174 5677 2968 372
is_linear=0
shrinkage=0.1


Tree=10
num_leaves=20
num_cat=0
split_feature=4 5 7 5 9 6 1 4 3 9 3 6 0 0 9 5 4 2 5
split_gain=8338.24 1182.51 514.576 397.319 218.531 187.703 168.261 162.264 160.525 134.731 116.437 116.431 115.615 104.077 99.9444 73.5874 70.8466 51.2732 80.7207
threshold=4.3571428571428585 8.5892857142857171 0.62500000000000011 13.392857142857144 2.5000000000000004 4.9530963244207902 14.500000000000002 2.6428571428571437 18.500000000000004 4.5000000000000009 5.5000000000000009 6.2941793083053676 6.5000000000000009 17.500000000000004 4.5000000000000009 7.7678571428571432 1.0000000180025095e-35 7.5000000000000009 6.5892857142857144
decision_type=2 2 2 2 2 2 2 2 2 2 2 2 2 2 2 2 2 2 2
left_child=2 9 16 4 6 -6 -3 14 11 10 12 -5 -2 -10 -4 -12 -1 -11 -19
right_child=1 3 7 8 5 -7 -8 -9 13 17 15 -13 -14 -15 -16 -17 -18 18 -20
leaf_value=-0.083818673397182991 0.035285253724544698 0.18362845708036898 -0.031284373451322949 0.5001287915981284 0.40031705868168505 0.2340261509375913 0.502767484386762 0.02644214907694168 0.50545266270637512 0.16395484816107975 0.18992466889088 0.22489628873088141 0.14912743998864136 0.86614073961973193 0.0070763165272083612 0.058660064433486418 -0.051697626499351827 0.3488271823525429 0.18246709401586225
leaf_weight=817 218 201 2370 51 192 105 18 957 15.999999999999998 149 239 22 151 15.999999999999998 952 52 4304 50 70
leaf_count=817 218 201 2370 51 192 105 18 957 16 149 239 22 151 16 952 52 4304 50 70
internal_value=-2.54715e-10 0.214896 -0.035435 0.321727 0.285645 0.341527 0.209859 -0.00983926 0.499046 0.143483 0.119171 0.417182 0.0818711 0.685797 -0.0202912 0.166468 -0.0568222 0.203135 0.251784
internal_weight=10950 1550 9400 621 516 297 219 4279 105 929 660 73 369 32 3322 291 5121 269 120
internal_count=10950 1550 9400 621 516 297 219 4279 105 929 660 73 369 32 3322 291 5121 269 120
is_linear=0
shrinkage=0.1


Tree=11
num_leaves=20
num_cat=0
split_feature=4 5 4 0 3 2 10 9 4 9 5 2 1 4 10 0 7 10 8
split_gain=6753.97 986.403 439.131 307.071 196.781 181.045 150.689 140.405 132.308 118.1 115.805 104.59 101.879 92.3461 91.5315 86.7477 85.0768 66.9503 55.3668
threshold=4.3571428571428585 10.053571428571431 1.5000000000000002 17.500000000000004 8.5000000000000018 17.500000000000004 8.5000000000000018 1.5000000000000002 6.9285714285714297 4.5000000000000009 2.2678571428571432 7.5000000000000009 10.500000000000002 17.500000000000004 1.5000000000000002 6.5000000000000009 0.44642857142857145 6.5000000000000009 16.500000000000004
decision_type=2 2 2 2 2 2 2 2 2 2 2 2 2 2 2 2 2 2 2
left_child=2 4 16 5 9 7 -7 -3 15 12 18 -11 -2 17 -10 -6 -1 -5 -4
right_child=1 3 10 13 8 6 -8 -9 14 11 -12 -13 -14 -15 -16 -17 -18 -19 -20
leaf_value=-0.063021869438651859 0.10834414053605784 0.14489586887800174 -0.030171605326269325 0.27227358112209726 0.048575012719330311 0.56665336758726181 0.2295853539591744 0.29191472095803978 0.45168433785438539 0.12202434130883384 0.019800982458973833 0.2748569227658309 -0.026938903481969912 0.66702055578882047 0.23519953477314148 0.22919354630841152 -0.03861252460960627 0.49849816138989161 0.0036128289321909267
leaf_weight=2361 545 92 1341 19 65 36 21 221 22 107 1325 77 62 22 174 45 3613 42 760
leaf_count=2361 545 92 1341 19 65 36 21 221 22 107 1325 77 62 22 174 45 3613 42 760
internal_value=-3.7717e-10 0.193406 -0.0318915 0.317547 0.142143 0.278552 0.44247 0.248702 0.210238 0.1158 -0.00335028 0.185981 0.0945261 0.49138 0.259499 0.122464 -0.0482594 0.428035 -0.0179507
internal_weight=10950 1550 9400 453 1097 370 57 313 306 791 3426 184 607 83 196 110 5974 61 2101
internal_count=10950 1550 9400 453 1097 370 57 313 306 791 3426 184 607 83 196 110 5974 61 2101
is_linear=0
shrinkage=0.1


Tree=12
num_leaves=20
num_cat=0
split_feature=5 4 4 3 3 5 4 9 3 5 6 6 0 3 5 0 7 4 4
split_gain=5499.25 742.932 392.316 252.812 238.448 181.661 227.285 115.822 193.778 115.775 99.6562 95.0505 111.556 96.7538 91.057 73.1035 70.7193 70.1502 68.807
threshold=4.4821428571428585 12.071428571428573 1.5000000000000002 9.5000000000000018 14.500000000000002 11.660714285714286 6.9285714285714297 2.5000000000000004 1.5000000000000002 2.6964285714285716 6.7027588307436234 5.2249156877829472 16.500000000000004 9.5000000000000018 16.839285714285719 9.5000000000000018 0.19642857142857145 6.6428571428571432 0.2142857142857143
decision_type=2 2 2 2 2 2 2 2 2 2 2 2 2 2 2 2 2 2 2
left_child=2 3 18 7 11 6 -5 17 -9 16 14 13 -13 -3 -6 -7 -4 -2 -1
right_child=1 4 9 5 10 15 -8 8 -10 -11 -12 12 -14 -15 -16 -17 -18 -19 -20
leaf_value=-0.066922584398738813 0.035044361419702116 0.45240425386944338 0.20522373460233212 0.10406560258249219 0.4638293938885909 -0.13051311428609647 0.29005706680278143 0.43957502417590311 0.14141663476150276 0.03176512250796034 0.25939972181804477 0.043280442731995744 0.37548039654890697 0.24167904779314997 0.72246992995864467 0.15959939137101176 -0.012514153907167164 0.11714262018360254 -0.038554324415864719
leaf_weight=1034 174 37 14.999999999999998 89 48 19 251 23 417 812 15.999999999999998 31 14.999999999999998 53 19 15.999999999999998 2683 259 4939
leaf_count=1034 174 37 15 89 48 19 251 23 417 812 16 31 15 53 19 16 2683 259 4939
internal_value=4.55015e-10 0.180178 -0.0278732 0.150367 0.350059 0.21904 0.241371 0.120869 0.157002 -0.00134013 0.483628 0.268543 0.151607 0.328311 0.537175 0.00210975 -0.0113036 0.0841516 -0.0434652
internal_weight=10950 1467 9483 1248 219 375 340 873 440 3510 83 136 46 90 67 35 2698 433 5973
internal_count=10950 1467 9483 1248 219 375 340 873 440 3510 83 136 46 90 67 35 2698 433 5973
is_linear=0
shrinkage=0.1


Tree=13
num_leaves=20
num_cat=0
split_feature=4 5 7 0 2 0 9 5 10 6 9 9 8 3 6 7 0 4 5
split_gain=4462.95 670.644 301.94 216.254 142.444 136.597 132.996 127.184 110.893 109.351 104.511 94.7867 79.4962 78.5392 93.5736 67.2936 64.0481 47.0961 39.6898
threshold=4.3571428571428585 10.053571428571431 0.66071428571428592 17.500000000000004 17.500000000000004 1.0000000180025095e-35 2.5000000000000004 8.5892857142857171 8.5000000000000018 5.0390692973753222 1.5000000000000002 4.5000000000000009 1.5000000000000002 18.500000000000004 5.0390692973753222 0.98214285714285732 3.5000000000000004 1.0000000180025095e-35 1.8035714285714288
decision_type=2 2 2 2 2 2 2 2 2 2 2 2 2 2 2 2 2 2 2
left_child=2 5 17 4 10 -2 9 -8 -6 -7 -3 12 -4 14 -5 18 -14 -1 -13
right_child=1 3 11 13 8 6 7 -9 -10 -11 -12 15 16 -15 -16 -17 -18 -19 -20
leaf_value=-0.062856824534134409 -0.13171794455159794 0.11081717163324356 0.042370210811988114 0.45674694261380611 0.47878175533066197 0.067741398842537506 0.13136727167284509 0.25888506797668726 0.18962855622881936 0.28279563207924369 0.23765895559965547 -0.0062875722861234235 -0.026921515216660349 0.57260227685882936 0.20897245313282364 0.18272476559877396 0.015229503393822272 -0.03690237148748432 0.032751493257581719
leaf_weight=819 22 92 227 35 36 436 522 92 21 25 221 441 2037 21 27 25 438 4777 636
leaf_count=819 22 92 227 35 36 436 522 92 21 25 221 441 2037 21 27 25 438 4777 636
internal_value=2.10392e-10 0.157218 -0.0259242 0.259579 0.226854 0.114948 0.119997 0.150474 0.372252 0.0794038 0.200376 -0.00418647 -0.0142674 0.405458 0.348845 0.0205311 -0.0194621 -0.0407009 0.0167661
internal_weight=10950 1550 9400 453 370 1097 1075 614 57 461 313 3804 2702 83 62 1102 2475 5596 1077
internal_count=10950 1550 9400 453 370 1097 1075 614 57 461 313 3804 2702 83 62 1102 2475 5596 1077
is_linear=0
shrinkage=0.1


Tree=14
num_leaves=20
num_cat=0
split_feature=5 4 4 3 0 3 5 7 9 10 2 4 6 10 3 9 3 9 2
split_gain=3634.66 449.009 319.373 171.139 154.105 202.951 112.725 97.4126 94.3632 90.4918 152.019 83.7753 77.2809 88.0422 73.8621 71.5815 66.5622 64.7011 58.7304
threshold=5.6250000000000009 11.928571428571431 2.0714285714285716 14.500000000000002 6.5000000000000009 12.500000000000002 11.589285714285717 0.98214285714285732 2.5000000000000004 8.5000000000000018 17.500000000000004 0.6428571428571429 6.7027588307436234 7.5000000000000009 5.5000000000000009 4.5000000000000009 10.500000000000002 4.5000000000000009 15.500000000000002
decision_type=2 2 2 2 2 2 2 2 2 2 2 2 2 2 2 2 2 2 2
left_child=2 4 11 9 18 8 -7 -4 -6 10 -3 -1 13 -5 17 -13 -11 -9 -2
right_child=1 3 7 12 5 6 -8 14 -10 16 -12 15 -14 -15 -16 -17 -18 -19 -20
leaf_value=-0.046332831908785531 0.074778928582771811 0.20619897870125162 0.0076610252316516156 0.32565907990969156 0.088127496239283815 0.31493448514913053 0.06133459884495962 0.016183981954148323 0.17275113276629286 -0.022387100367442424 0.51296735018491746 -0.031319331804878656 0.1985780341550708 0.55333066612482074 0.27858494529500605 -0.0048492994802842235 0.24320929050445558 0.21420618409121578 0.235577409217755
leaf_weight=2454 424 84 2040 33 253 106 21 66 275 23 20 3590 15.999999999999998 35 20 1428 15.999999999999998 22 24
leaf_count=2454 424 84 2040 33 253 106 21 66 275 23 20 3590 16 35 20 1428 16 22 24
internal_value=5.01521e-11 0.154948 -0.0214222 0.283027 0.128589 0.159502 0.273001 0.0125609 0.132202 0.216479 0.265193 -0.0311914 0.396316 0.442843 0.105115 -0.0237866 0.0865755 0.0656895 0.0833931
internal_weight=10950 1330 9620 227 1103 655 127 2148 528 143 104 7472 84 68 108 5018 39 88 448
internal_count=10950 1330 9620 227 1103 655 127 2148 528 143 104 7472 84 68 108 5018 39 88 448
is_linear=0
shrinkage=0.1


Tree=15
num_leaves=20
num_cat=0
split_feature=4 5 7 0 1 6 1 0 9 0 5 6 7 9 9 8 3 0 7
split_gain=2957.6 446.668 213.588 164.293 188.719 115.46 229.132 104.305 93.3863 92.9551 89.1958 84.1816 74.0615 69.2663 63.7842 36.6496 34.1076 29.7516 92.2395
threshold=4.3571428571428585 10.053571428571431 0.62500000000000011 9.5000000000000018 17.500000000000004 4.1695568095484168 8.5000000000000018 1.0000000180025095e-35 2.5000000000000004 22.500000000000004 8.5892857142857171 5.0390692973753222 0.87500000000000011 5.5000000000000009 5.5000000000000009 1.5000000000000002 5.5000000000000009 1.5000000000000002 0.12500000000000003
decision_type=2 2 2 2 2 2 2 2 2 2 2 2 2 2 2 2 2 2 2
left_child=2 7 17 5 9 -3 -7 -2 11 -5 -10 -9 13 15 -6 -4 -15 -1 -19
right_child=1 3 12 4 14 6 -8 8 10 -11 -12 -13 -14 16 -16 -17 -18 18 -20
leaf_value=-0.038665689407295013 -0.12205798239870505 0.34906583040952688 0.027951330837845074 0.19636460808105768 0.47356662936508659 0.28609363798324655 -0.00012912340673872015 0.053652750294166413 0.10743838262662178 0.44585747178643942 0.21422753104859074 0.24234138244390488 0.018692640998068392 0.016552594271984772 0.25818667367100717 -0.020923564546569687 0.1285108939455501 0.15944837390312128 -0.0246170002708734
leaf_weight=4109 22 20 163 224 44 41 88 436 522 15.999999999999998 92 25 1034 441 20 2612 29 28 984
leaf_count=4109 22 20 163 224 44 41 88 436 522 16 92 25 1034 441 20 2612 29 28 984
internal_value=1.86626e-10 0.127985 -0.021104 0.211523 0.253684 0.125502 0.0908409 0.0934892 0.0979004 0.212997 0.123439 0.0638853 -0.0046136 -0.01204 0.40626 -0.0180527 0.0234607 -0.034883 -0.0195243
internal_weight=10950 1550 9400 453 304 149 129 1097 1075 240 614 461 4279 3245 64 2775 470 5121 1012
internal_count=10950 1550 9400 453 304 149 129 1097 1075 240 614 461 4279 3245 64 2775 470 5121 1012
is_linear=0
shrinkage=0.1


Tree=16
num_leaves=20
num_cat=0
split_feature=4 4 3 2 4 9 5 0 8 1 3 1 5 6 0 6 4 9 4
split_gain=2407.3 279.938 260.382 220.454 120.865 104.418 99.4921 94.8331 88.7495 86.951 84.7785 99.3197 67.7862 62.8579 55.4089 71.4886 50.2043 43.4303 41.5589
threshold=6.0714285714285721 2.785714285714286 12.500000000000002 17.500000000000004 7.6428571428571432 5.5000000000000009 1.3750000000000002 17.500000000000004 18.500000000000004 11.500000000000002 5.5000000000000009 12.500000000000002 12.660714285714286 2.5683264989080006 6.5000000000000009 3.4191648919094288 9.9285714285714306 5.5000000000000009 5.6428571428571432
decision_type=2 2 2 2 2 2 2 2 2 2 2 2 2 2 2 2 2 2 2
left_child=1 6 3 10 -4 7 -1 -6 13 -7 11 -2 -5 -3 18 -16 -12 -8 -10
right_child=2 8 4 12 5 9 17 -9 14 -11 16 -13 -14 -15 15 -17 -18 -19 -20
leaf_value=-0.030337034605211963 0.075679493984242133 0.010610536514539963 0.0022700932524774386 0.2386597233896072 0.17407412651949858 0.23586675524711609 -0.012603673488039769 0.35002348099492098 0.048264472364783928 0.49208299924653992 0.10161876275223938 -0.11334639263129043 0.50560996611913056 -0.099805675721482232 0.16297160474520722 0.011558667729453494 0.16645733152436359 0.022065168466498059 -0.042943161099018266
leaf_weight=5664 269 540 23 26 158 26 2445 38 463 27 376 31 14.999999999999998 57 89 48 175 424 56
leaf_count=5664 269 540 23 26 158 26 2445 38 463 27 376 31 15 57 89 48 175 424 56
internal_value=3.06532e-10 -0.0161708 0.135952 0.109834 0.221601 0.241861 -0.022652 0.208187 0.0279662 0.366392 0.0989221 0.0561468 0.336324 6.82851e-05 0.0533551 0.109922 0.122212 -0.00748008 0.0384232
internal_weight=10950 9786 1164 892 272 249 8533 196 1253 53 851 300 41 597 656 137 551 2869 519
internal_count=10950 9786 1164 892 272 249 8533 196 1253 53 851 300 41 597 656 137 551 2869 519
is_linear=0
shrinkage=0.1


Tree=17
num_leaves=20
num_cat=0
split_feature=5 4 3 4 3 9 3 8 0 0 1 7 5 7 7 9 8 10 8
split_gain=1957.4 270.622 203.447 154.941 152.599 94.3229 126.831 108.035 73.6289 59.7098 67.5641 53.8639 50.6412 41.1834 39.812 38.2677 33.3908 24.6286 17.2317
threshold=4.4821428571428585 10.785714285714286 23.500000000000004 1.5000000000000002 4.5000000000000009 2.5000000000000004 1.5000000000000002 26.500000000000004 22.500000000000004 14.500000000000002 10.500000000000002 0.19642857142857145 2.2678571428571432 0.44642857142857145 0.66071428571428592 5.5000000000000009 16.500000000000004 4.5000000000000009 3.5000000000000004
decision_type=2 2 2 2 2 2 2 2 2 2 2 2 2 2 2 2 2 2 2
left_child=3 5 4 13 -3 9 -7 -8 -6 10 -2 -5 16 -1 -14 18 -13 -17 -15
right_child=1 2 -4 11 8 6 7 -9 -10 -11 -12 12 14 15 -16 17 -18 -19 -20
leaf_value=-0.036698477789885865 0.054609117523900103 -0.092928162500971856 0.53304989188909535 0.18913727824886639 0.17315308105328989 0.35004002040340787 0.076769104552117481 0.17334026825961238 0.37635483710389389 0.2334868934224634 -0.08150469262152911 -0.020098782504178056 0.17601489855597419 -0.007252238230810332 0.012218762037759434 0.037705120255533561 0.0061593586973611595 -0.009376181910257457 -0.027237161470742684
leaf_weight=2361 413 21 15.999999999999998 14.999999999999998 290 21 477 153 19 17 40 1338 14.999999999999998 518 1383 163 759 349 2582
leaf_count=2361 413 21 16 15 290 21 477 153 19 17 40 1338 15 518 1383 163 759 349 2582
internal_value=4.7264e-10 0.107495 0.184805 -0.0166293 0.16792 0.0836337 0.108281 0.100222 0.185648 0.049495 0.0425902 4.51888e-05 -0.000766365 -0.026428 0.0139762 -0.0197147 -0.0105948 0.00561259 -0.0238977
internal_weight=10950 1467 346 9483 330 1121 651 630 309 470 453 3510 3495 5973 1398 3612 2097 512 3100
internal_count=10950 1467 346 9483 330 1121 651 630 309 470 453 3510 3495 5973 1398 3612 2097 512 3100
is_linear=0
shrinkage=0.1


Tree=18
num_leaves=20
num_cat=0
split_feature=4 4 3 2 0 3 3 2 4 9 5 1 8 6 0 9 9 7 6
split_gain=1605.87 182.11 181.403 169.646 92.4179 94.7713 87.3764 133.835 81.929 67.4011 115.259 73.3545 64.9531 70.277 59.9332 52.2212 46.4364 37.6246 34.3099
threshold=6.0714285714285721 3.0714285714285716 12.500000000000002 17.500000000000004 6.5000000000000009 15.500000000000002 23.500000000000004 12.500000000000002 1.0714285714285716 4.5000000000000009 6.6964285714285721 10.500000000000002 18.500000000000004 3.4191648919094288 2.5000000000000004 4.5000000000000009 4.5000000000000009 0.2678571428571429 2.5683264989080006
decision_type=2 2 2 2 2 2 2 2 2 2 2 2 2 2 2 2 2 2 2
left_child=1 8 3 9 5 -4 7 -6 -1 11 -11 -2 18 14 -14 -5 -10 -18 -3
right_child=2 12 4 15 6 -7 -8 -9 16 10 -12 -13 13 -15 -16 -17 17 -19 -20
leaf_value=-0.027574983208962629 0.082534013793523708 0.0067769245155462638 0.16782670632334584 0.19763638639450076 0.25760744013747233 -0.14637078875675799 0.41833587015668555 0.097865999975930096 -0.014610316652677641 0.24886035526107098 0.082859620273113263 0.0032154075996158951 0.0057117828538603317 -0.0028360194393566678 0.096050792169175503 0.42899492662400007 0.15576308338957676 0.0059805727572040225 -0.09199450715230062
leaf_weight=4310 490 358 24 25 122 15.999999999999998 18 92 3253 58 150 153 98 175 293 15.999999999999998 17 1243 39
leaf_count=4310 490 358 24 25 122 16 18 92 3253 58 150 153 98 175 293 16 17 1243 39
internal_value=2.93751e-10 -0.0132075 0.111039 0.0892391 0.182528 0.0421477 0.206732 0.188934 -0.0177144 0.0796668 0.129148 0.0636604 0.0280838 0.0498345 0.0734083 0.287923 -0.00829726 0.00800145 -0.00292606
internal_weight=10950 9786 1164 892 272 40 232 214 8823 851 208 643 963 566 391 41 4513 1260 397
internal_count=10950 9786 1164 892 272 40 232 214 8823 851 208 643 963 566 391 41 4513 1260 397
is_linear=0
shrinkage=0.1


Tree=19
num_leaves=20
num_cat=0
split_feature=5 4 0 2 2 3 7 3 5 5 2 5 7 1 3 3 5 6 0
split_gain=1305.39 181.82 141.592 109.15 100.469 81.5127 75.3907 74.3855 163.975 124.815 72.5649 65.5851 63.2941 59.0666 56.056 50.3351 45.7247 40.6954 40.3235
threshold=5.6250000000000009 12.071428571428573 1.5000000000000002 6.5000000000000009 1.5000000000000002 20.500000000000004 0.12500000000000003 9.5000000000000018 11.660714285714286 11.267857142857144 13.500000000000002 11.982142857142859 0.98214285714285732 10.500000000000002 2.5000000000000004 1.5000000000000002 4.3392857142857144 0.76888916740181312 10.500000000000002
decision_type=2 2 2 2 2 2 2 2 2 2 2 2 2 2 2 2 2 2 2
left_child=2 7 16 -3 6 10 -4 11 9 -9 -5 15 18 -10 -14 -2 17 -1 -6
right_child=1 3 4 5 12 -7 -8 8 13 -11 -12 -13 14 -15 -16 -17 -18 -19 -20
leaf_value=-0.039387007098710361 0.17590287867933513 -0.035120296207341278 0.14934083516044278 0.2350117925392545 0.017927966415185796 0.36469380695086262 -0.016065601739875875 0.11703452875212757 0.048876257240772249 0.3452259123325348 0.10434836877297751 0.23686639547348021 -0.063952181907370689 -0.21190002866481483 0.14379537925664065 0.047613554800066737 -0.18573698366389557 -0.017792836350282278 -0.12494599972851575
leaf_weight=1054 32 22 28 92 1605 26 1737 307 15.999999999999998 26 79 20 15.999999999999998 19 69 691 17 5074 20
leaf_count=1054 32 22 28 92 1605 26 1737 307 16 26 79 20 16 19 69 691 17 5074 20
internal_value=-1.64354e-10 0.0928591 -0.0128381 0.176137 0.00329488 0.199729 -0.0134416 0.0764434 0.11321 0.134851 0.174647 0.0582331 0.0205697 -0.092688 0.10469 0.0532916 -0.0219613 -0.021507 0.0161695
internal_weight=10950 1330 9620 219 3475 197 1765 1111 368 333 171 743 1710 35 85 723 6145 6128 1625
internal_count=10950 1330 9620 219 3475 197 1765 1111 368 333 171 743 1710 35 85 723 6145 6128 1625
is_linear=0
shrinkage=0.1


Tree=20
num_leaves=20
num_cat=0
split_feature=4 4 3 4 3 1 1 0 9 5 3 4 6 8 5 6 1 9 5
split_gain=1070.25 140.532 136.167 94.8685 121.379 78.6724 116.477 98.9895 74.6928 59.1411 64.658 59.2817 57.5224 56.3979 66.4936 57.8116 71.5132 47.5043 43.7964
threshold=6.3571428571428585 2.785714285714286 5.5000000000000009 10.785714285714286 23.500000000000004 10.500000000000002 12.500000000000002 2.5000000000000004 4.5000000000000009 5.3392857142857144 1.5000000000000002 11.500000000000002 1.2034693168552477 20.500000000000004 6.3035714285714297 3.1757607911566623 6.5000000000000009 5.5000000000000009 5.6250000000000009
decision_type=2 2 2 2 2 2 2 2 2 2 2 2 2 2 2 2 2 2 2
left_child=1 12 9 5 8 7 -7 -4 -5 -2 -11 -12 -1 14 -3 16 -15 -14 -17
right_child=2 13 3 4 -6 6 -8 -9 -10 10 11 -13 17 15 -16 18 -18 -19 -20
leaf_value=-0.023745119381546501 -0.12041873319641404 0.011856500120313924 0.35596266482025385 0.11307779838835155 0.42590245436877017 -0.078291068706781639 0.10151569549709039 0.10149371479760105 0.22710532015756679 0.21509771833107588 0.045588044341962598 -0.15386847741901877 -0.01154157795044972 0.051195411479735747 -0.10378964586921458 -0.071936512686181495 0.17961859840613148 0.017756098978742498 0.038940619112629637
leaf_weight=4059 23 803 15.999999999999998 218 15.999999999999998 62 86 343 78 21 217 15.999999999999998 3827 261 53 57 52 647 95
leaf_count=4059 23 803 16 218 16 62 86 343 78 21 217 16 3827 261 53 57 52 647 95
internal_value=-9.25975e-11 -0.0104264 0.0937425 0.114241 0.157627 0.0875425 0.0261912 0.112835 0.143126 0.033134 0.0470384 0.0318915 -0.0151251 0.0199251 0.00469617 0.0479595 0.0725309 -0.00730474 -0.00263831
internal_weight=10950 9854 1096 819 312 507 148 359 296 277 254 233 8533 1321 856 465 313 4474 152
internal_count=10950 9854 1096 819 312 507 148 359 296 277 254 233 8533 1321 856 465 313 4474 152
is_linear=0
shrinkage=0.1


Tree=21
num_leaves=20
num_cat=0
split_feature=4 0 4 3 2 4 9 7 1 0 9 0 4 3 7 1 1 8 4
split_gain=866.903 116.384 115.835 96.7125 82.6097 79.8306 74.9307 62.5118 61.4929 58.0944 57.2962 56.3538 52.1588 40.2313 30.8662 26.8464 36.0608 23.3445 22.1357
threshold=6.3571428571428585 1.5000000000000002 15.642857142857144 5.5000000000000009 1.5000000000000002 11.500000000000002 2.5000000000000004 0.16071428571428573 7.5000000000000009 2.5000000000000004 4.5000000000000009 5.5000000000000009 3.9285714285714293 14.500000000000002 0.69642857142857151 7.5000000000000009 6.5000000000000009 18.500000000000004 4.7857142857142865
decision_type=2 2 2 2 2 2 2 2 2 2 2 2 2 2 2 2 2 2 2
left_child=1 14 3 5 7 8 -4 17 -2 -5 -6 -11 -12 -8 -1 16 -16 -3 -9
right_child=2 4 6 9 10 -7 13 18 -10 11 12 -13 -14 -15 15 -17 -18 -19 -20
leaf_value=-0.021732522667548281 -0.0047289094220306855 0.045413584936232793 0.082345489527170482 0.24156381657096346 0.0071510553509865626 -0.19135076198726894 0.42998099644978843 -0.015199926750209725 0.093340171993021748 0.022033661639071861 0.030049760174192863 0.1008974744766676 0.10423389897705654 0.22121345774891477 -0.0050047732622911833 -0.10779065454006197 0.14151416964390701 0.20304765648701611 0.072907938422827889
leaf_weight=4707 144 21 26 26 1308 15.999999999999998 14.999999999999998 1703 115 106 499 624 117 24 1411 25 17 17 29
leaf_count=4707 144 21 26 26 1308 16 15 1703 115 106 499 624 117 24 1411 25 17 17 29
internal_value=-6.49124e-11 -0.00938376 0.0843683 0.0762054 0.00465028 0.0254238 0.213843 -0.010941 0.0388153 0.0946776 0.0189936 0.089446 0.0441399 0.301509 -0.0177996 -0.00505902 -0.0032605 0.115934 -0.0137247
internal_weight=10950 9854 1096 1031 3694 275 65 1770 259 756 1924 730 616 39 6160 1453 1428 38 1732
internal_count=10950 9854 1096 1031 3694 275 65 1770 259 756 1924 730 616 39 6160 1453 1428 38 1732
is_linear=0
shrinkage=0.1


Tree=22
num_leaves=20
num_cat=0
split_feature=5 0 3 5 2 2 3 2 6 1 2 6 9 1 9 6 0 10 8
split_gain=709.02 177.333 116.875 140.509 141.679 103.132 93.0076 81.4426 56.1696 54.7338 63.7068 43.64 41.6129 32.2266 47.6092 36.9214 27.2763 33.0862 21.7801
threshold=3.5535714285714293 6.5000000000000009 14.500000000000002 16.357142857142858 15.500000000000002 17.500000000000004 2.5000000000000004 19.500000000000004 1.3100375744044979 16.500000000000004 15.500000000000002 5.5357715219715358 4.5000000000000009 6.5000000000000009 1.0000000180025095e-35 2.3833762875235442 1.0000000180025095e-35 1.5000000000000002 25.500000000000004
decision_type=2 2 2 2 2 2 2 2 2 2 2 2 2 2 2 2 2 2 2
left_child=8 9 5 4 -4 6 -3 -7 18 10 11 -2 13 15 -15 -10 17 -14 -1
right_child=1 2 3 -5 -6 7 -8 -9 12 -11 -12 -13 16 14 -16 -17 -18 -19 -20
leaf_value=-0.014828755631906968 0.026024883413668005 0.19257142536488236 0.18060217584782054 0.36394082022638158 -0.049009223613474109 0.36119719786303389 0.052474913124679994 0.10068066497998579 -0.0073729811860347889 -0.12536840963487825 0.17601927519509836 -0.1410753865086008 0.075870330746357267 0.19803171263386807 0.010666266717016697 -0.05113411130842524 0.021970580907158095 -0.021858621519509583 -0.031460701446266608
leaf_weight=3940 674 51 106 29 36 21 669 28 2810 24 28 15.999999999999998 39 18 55 207 905 310 984
leaf_count=3940 674 51 106 29 36 21 669 28 2810 24 28 16 39 18 55 207 905 310 984
internal_value=6.34954e-11 0.0597313 0.0885796 0.163355 0.122391 0.071952 0.0623984 0.212331 -0.0108403 0.023185 0.0281506 0.0221501 -0.00255191 -0.00878693 0.056866 -0.0103755 0.0128119 -0.0109376 -0.0181524
internal_weight=10950 1682 940 171 142 769 720 49 9268 742 718 690 4344 3090 73 3017 1254 349 4924
internal_count=10950 1682 940 171 142 769 720 49 9268 742 718 690 4344 3090 73 3017 1254 349 4924
is_linear=0
shrinkage=0.1


Tree=23
num_leaves=20
num_cat=0
split_feature=7 9 4 3 1 2 4 6 1 3 5 0 6 8 6 0 6 7 6
split_gain=587.468 110.109 103.329 80.205 97.1353 100.145 79.7893 71.62 69.2016 74.725 61.4215 57.6416 49.5864 40.9234 52.7885 46.3955 44.8679 38.2666 38.1163
threshold=0.98214285714285732 4.5000000000000009 10.642857142857144 5.5000000000000009 18.500000000000004 13.500000000000002 3.0714285714285716 2.7422198572655656 12.500000000000002 18.500000000000004 7.3392857142857144 6.5000000000000009 5.0390692973753222 18.500000000000004 1.8398922797363475 6.5000000000000009 4.0443175935408799 0.62500000000000011 2.2221917305225101
decision_type=2 2 2 2 2 2 2 2 2 2 2 2 2 2 2 2 2 2 2
left_child=6 3 7 10 5 -5 17 -3 -4 -10 18 -12 -9 15 -15 -8 -16 -1 -2
right_child=1 2 8 4 -6 -7 13 12 9 -11 11 -13 -14 14 16 -17 -18 -19 -20
leaf_value=-0.016621178284537266 0.093128273927647137 0.23344861386077748 0.38447816868623103 0.079315087646457616 0.25888036970908823 -0.043628657886233088 0.0049996999082784653 0.079095639517963542 0.10582591871945904 0.35295601300895219 -0.050439474625246866 0.12003916824126946 -0.082511719316244125 0.14203840027195078 0.0097433889055903791 -0.111524752208865 0.073416304660311557 -0.003268213618600769 -0.044085730671794457
leaf_weight=5101 23 28 18 440 26 78 339 198 52 15.999999999999998 28 68 21 43 407 38 152 3705 169
leaf_count=5101 23 28 18 440 26 78 339 198 52 16 28 68 21 43 407 38 152 3705 169
internal_value=1.43967e-11 0.0671278 0.115723 0.0476783 0.0702693 0.0608023 -0.00799222 0.0828532 0.210126 0.163974 0.00500632 0.0703162 0.063599 0.0190903 0.0352699 -0.00674547 0.027057 -0.0110031 -0.0276486
internal_weight=10950 1165 333 832 544 518 9785 247 86 68 288 96 219 979 602 377 559 8806 192
internal_count=10950 1165 333 832 544 518 9785 247 86 68 288 96 219 979 602 377 559 8806 192
is_linear=0
shrinkage=0.1


Tree=24
num_leaves=20
num_cat=0
split_feature=7 5 5 6 9 10 3 10 9 6 4 5 1 9 6 6 0 9 3
split_gain=475.849 95.4013 148.252 91.7008 116.393 88.6216 105.796 91.6257 81.3117 89.9743 65.6455 108.533 86.9169 96.7939 69.6264 56.2474 47.6994 52.7707 41.6298
threshold=0.98214285714285732 10.053571428571431 10.232142857142859 4.872611914594807 1.5000000000000002 8.5000000000000018 20.500000000000004 11.500000000000002 2.5000000000000004 4.5248742452489186 7.6428571428571432 8.446428571428573 10.500000000000002 1.5000000000000002 5.1311249473051559 4.0443175935408799 1.0000000180025095e-35 5.5000000000000009 5.5000000000000009
decision_type=2 2 2 2 2 2 2 2 2 2 2 2 2 2 2 2 2 2 2
left_child=10 3 -3 8 -5 6 -4 -7 18 -10 14 15 13 -13 16 -12 -1 -18 -2
right_child=1 2 5 4 -6 7 -8 -9 9 -11 11 12 -14 -15 -16 -17 17 -19 -20
leaf_value=-0.01691495857016918 -0.027393320868938965 0.38925269246101379 0.10207890724416549 0.11239525871351362 -0.20546604914125055 -0.023525148168169332 0.33651220177610719 0.19030224992334843 0.067457574449536456 0.284889315366745 0.043907023327691218 -0.10994327864364575 -0.14983197363286183 0.17670633946695635 0.20712553282578786 0.25326110738696478 -0.0066431866539648837 0.020456833186137582 0.046264777716714889
leaf_weight=3959 151 17 231 18 32 101 21 25 393 20 21 19 29 31 14.999999999999998 33 4834 844 156
leaf_count=3959 151 17 231 18 32 101 21 25 393 20 21 19 29 31 15 33 4834 844 156
internal_value=-1.34223e-11 0.060415 0.100369 0.0399191 -0.091036 0.087377 0.121615 0.0189009 0.0490132 0.077987 -0.007193 0.0625828 -0.0121032 0.0677795 -0.00815448 0.171846 -0.00848956 -0.00261493 0.0100356
internal_weight=10950 1165 395 770 50 378 252 126 720 413 9785 133 79 50 9652 54 9637 5678 307
internal_count=10950 1165 395 770 50 378 252 126 720 413 9785 133 79 50 9652 54 9637 5678 307
is_linear=0
shrinkage=0.1


Tree=25
num_leaves=20
num_cat=0
split_feature=7 9 2 10 5 6 4 5 0 3 4 4 3 1 1 0 3 0 3
split_gain=385.438 80.1218 84.7185 80.3181 99.1165 64.6594 56.3481 55.4558 54.2132 60.0513 72.6196 66.2399 50.3964 74.618 37.8566 35.9468 81.5468 88.8489 52.5727
threshold=0.98214285714285732 4.5000000000000009 12.500000000000002 10.500000000000002 11.982142857142859 2.7422198572655656 3.0714285714285716 11.410714285714286 14.500000000000002 12.500000000000002 14.785714285714286 10.642857142857144 5.5000000000000009 17.500000000000004 10.500000000000002 13.500000000000002 12.500000000000002 8.5000000000000018 1.5000000000000002
decision_type=2 2 2 2 2 2 2 2 2 2 2 2 2 2 2 2 2 2 2
left_child=6 8 5 4 -4 -3 -1 -7 12 11 -11 -10 14 -14 -2 16 18 -18 -8
right_child=1 2 3 -5 -6 7 15 -9 9 10 -12 -13 13 -15 -16 -17 17 -19 -20
leaf_value=-0.0090039392866954476 0.0054845593817275575 0.20335799429033485 0.28796675704818753 -0.03749109199270606 0.073447823524475098 0.025854006926707231 0.049765985425207833 0.22585633993148804 0.20624781855278546 0.36512070745229724 0.094347991421818739 -0.020026185071986655 0.039638433413881249 0.23717433035373692 -0.12609232005973656 -0.087955608835909527 0.031410234972186715 0.33289654206703689 -0.0024017344678271633
leaf_weight=8806 246 28 56 15.999999999999998 35 183 279 14.999999999999998 18 15.999999999999998 26 46 436 20 24 32 23 17 628
leaf_count=8806 246 28 56 16 35 183 279 15 18 16 26 46 436 20 24 32 23 17 628
internal_value=2.17032e-11 0.0543735 0.0958261 0.16913 0.205459 0.0611201 -0.0064737 0.0410057 0.0377825 0.104587 0.1975 0.0436134 0.0280287 0.0483023 -0.00621116 0.0162855 0.0198079 0.159542 0.0136454
internal_weight=10950 1165 333 107 91 226 9785 198 832 106 42 64 726 456 270 979 947 40 907
internal_count=10950 1165 333 107 91 226 9785 198 832 106 42 64 726 456 270 979 947 40 907
is_linear=0
shrinkage=0.1


Tree=26
num_leaves=20
num_cat=0
split_feature=3 4 9 1 4 8 2 0 8 1 1 4 5 1 5 6 6 6 9
split_gain=315.022 82.6924 87.4553 130.141 86.9995 76.3696 100.554 60.9184 55.1466 68.2774 46.3855 31.7512 33.011 97.2338 65.4477 29.4575 28.1814 27.9271 33.3167
threshold=5.5000000000000009 10.642857142857144 4.5000000000000009 13.500000000000002 13.642857142857144 26.500000000000004 15.500000000000002 2.5000000000000004 17.500000000000004 13.500000000000002 7.5000000000000009 0.50000000000000011 11.660714285714286 9.5000000000000018 11.267857142857144 2.1803268474408757 3.1183090279500028 0.84628464585371099 5.5000000000000009
decision_type=2 2 2 2 2 2 2 2 2 2 2 2 2 2 2 2 2 2 2
left_child=7 11 5 -4 -5 6 -3 16 15 10 -10 -2 14 -14 -13 -9 17 -1 -19
right_child=1 2 3 4 -6 -7 -8 8 9 -11 -12 12 13 -15 -16 -17 -18 18 -20
leaf_value=-0.021961364040828459 -0.073146924615970679 0.14253084119409323 0.39948257401585585 0.0026526531049360833 0.22926660589873793 -0.032824670602426387 -0.031362716950800111 -0.00044728027709009722 0.020503007298834124 -0.13786948475241662 0.081324593395907058 0.034393738876941207 0.10936802309006453 -0.23926103165140378 0.21729220896959306 -0.048629070242931109 -0.056674529657914086 -0.0096351151090676851 0.012146764422932929
leaf_weight=1483 28 120 20 36 32 66 46 1016 853 25 147 899 15.999999999999998 15.999999999999998 20 145 130 5036 816
leaf_count=1483 28 120 20 36 32 66 46 1016 853 25 147 899 16 16 20 145 130 5036 816
internal_value=-7.03655e-11 0.0462322 0.0903633 0.175246 0.109295 0.0581663 0.0943435 -0.00622274 0.00845901 0.025363 0.0294438 0.0318074 0.0348975 -0.0649465 0.0383741 -0.00646482 -0.010522 -0.00970407 -0.00659786
internal_weight=10950 1299 320 88 68 232 166 9651 2186 1025 1000 979 951 32 919 1161 7465 7335 5852
internal_count=10950 1299 320 88 68 232 166 9651 2186 1025 1000 979 951 32 919 1161 7465 7335 5852
is_linear=0
shrinkage=0.1


Tree=27
num_leaves=20
num_cat=0
split_feature=5 0 1 3 9 10 3 9 0 3 9 4 6 10 8 9 8 1 4
split_gain=259.059 74.3866 66.181 73.3929 65.5332 61.3317 55.7197 48.2104 40.9408 38.3035 75.0098 61.6146 32.2148 33.0738 22.0024 38.197 24.3682 17.9277 27.7282
threshold=3.5535714285714293 6.5000000000000009 17.500000000000004 2.5000000000000004 3.5000000000000004 6.5000000000000009 15.500000000000002 5.5000000000000009 8.5000000000000018 6.5000000000000009 4.5000000000000009 6.2142857142857153 1.2034693168552477 9.5000000000000018 15.500000000000002 1.0000000180025095e-35 8.5000000000000018 2.5000000000000004 2.3571428571428572
decision_type=2 2 2 2 2 2 2 2 2 2 2 2 2 2 2 2 2 2 2
left_child=12 6 3 8 -5 -4 9 -7 -3 10 -2 -11 -1 14 16 -16 -14 18 -15
right_child=1 2 5 4 -6 7 -8 -9 -10 11 -12 -13 13 17 15 -17 -18 -19 -20
leaf_value=-0.013231445310501938 -0.021477962353172723 0.24705540526796274 0.0052718035876750946 0.014006719713333671 0.071543711468052024 0.25238691969619448 -0.13431909924745561 0.052793049812316896 0.069461519956588752 -0.0091191031936822195 0.078595443867931242 0.088096940515933031 0.0040036274949863861 -0.015864123424906219 0.051536781390515179 0.0062001035551715452 -0.017902341940760857 0.0042976543355338209 -0.068010879352945711
leaf_weight=4059 354 27 24 454 351 42 25 17 25 112 95 156 1658 843 217 1294 732 349 116
leaf_count=4059 354 27 24 454 351 42 25 17 25 112 95 156 1658 843 217 1294 732 349 116
internal_value=-1.86027e-11 0.0361054 0.0547896 0.046532 0.0390943 0.140051 0.0124355 0.194877 0.161674 0.0175525 -0.000304302 0.0474693 -0.00655258 -0.00134823 0.00326581 0.0127111 -0.00270565 -0.0151092 -0.0221718
internal_weight=10950 1682 940 857 805 83 742 59 52 717 449 268 9268 5209 3901 1511 2390 1308 959
internal_count=10950 1682 940 857 805 83 742 59 52 717 449 268 9268 5209 3901 1511 2390 1308 959
is_linear=0
shrinkage=0.1


Tree=28
num_leaves=20
num_cat=0
split_feature=7 0 9 8 2 0 1 6 4 5 3 2 0 5 4 4 6 4 8
split_gain=214.293 52.2092 54.8358 54.9567 62.2153 48.0676 79.0248 75.7759 42.5388 116.457 49.3759 38.1574 32.0829 56.9767 43.3391 82.8363 33.2385 32.1757 27.0038
threshold=0.98214285714285732 18.500000000000004 1.5000000000000002 26.500000000000004 7.5000000000000009 7.5000000000000009 9.5000000000000018 2.8174699142208026 17.500000000000004 12.660714285714286 11.500000000000002 1.5000000000000002 1.5000000000000002 6.1250000000000009 9.9285714285714306 7.9285714285714297 5.5357715219715358 2.5000000000000004 25.500000000000004
decision_type=2 2 2 2 2 2 2 2 2 2 2 2 2 2 2 2 2 2 2
left_child=11 2 3 4 -2 6 -4 -7 9 10 -3 18 13 17 15 -14 -16 -13 -1
right_child=1 8 5 -5 -6 7 -8 -9 -10 -11 -12 12 14 -15 16 -17 -18 -19 -20
leaf_value=-0.0068373951329140266 -0.016957389447809192 0.077641221490644285 0.051347555093643429 -0.067137283997170713 0.094032281529472544 0.28044317084200243 -0.048928305476242419 0.064559925265170778 0.25169324310202351 -0.14762531593441963 0.31519040385882063 -0.0034614989813267468 0.01055525140359985 0.18769043842951458 0.016499361535534263 0.12385800501971103 -0.17292733971368185 -0.048573402094189082 -0.025448010727671572
leaf_weight=5271 129 21 296 89 83 17 107 373 19 15.999999999999998 14.999999999999998 1555 1748 14.999999999999998 15.999999999999998 67 22 176 915
leaf_count=5271 129 21 296 89 83 17 107 373 19 16 15 1555 1748 15 16 67 22 176 915
internal_value=1.10207e-10 0.0405428 0.0351498 -0.00118951 0.0264961 0.0489432 0.0247234 0.0739702 0.123641 0.0768522 0.17662 -0.00482702 0.00335995 -0.00636666 0.0125249 0.0147378 -0.0931687 -0.00804827 -0.00959018
internal_weight=10950 1165 1094 301 212 793 403 390 71 52 36 9785 3599 1746 1853 1815 38 1731 6186
internal_count=10950 1165 1094 301 212 793 403 390 71 52 36 9785 3599 1746 1853 1815 38 1731 6186
is_linear=0
shrinkage=0.1


Tree=29
num_leaves=19
num_cat=0
split_feature=3 4 3 6 4 2 4 6 2 1 1 6 3 1 3 0 3 6
split_gain=176.739 55.7258 77.4593 54.022 109.602 50.6309 66.1535 49.1718 39.5493 46.3538 28.4969 80.6115 79.4133 48.9476 69.1722 44.1375 37.6983 24.7809
threshold=5.5000000000000009 10.642857142857144 23.500000000000004 6.2941793083053676 14.928571428571431 16.500000000000004 11.357142857142859 3.9811417574949366 1.5000000000000002 12.500000000000002 10.500000000000002 4.9530963244207902 10.500000000000002 9.5000000000000018 11.500000000000002 8.5000000000000018 16.500000000000004 3.1183090279500028
decision_type=2 2 2 2 2 2 2 2 2 2 2 2 2 2 2 2 2 2
left_child=5 10 3 7 -5 6 8 -3 17 -10 13 12 -12 16 -15 -13 -2 -1
right_child=1 2 -4 4 -6 -7 -8 -9 9 -11 11 15 -14 14 -16 -17 -18 -19
leaf_value=-0.0088470161289414644 0.028789747862047872 -0.026047287554275701 0.28531289268285037 0.11467718477878307 -0.23938768023953721 0.16289741372068722 -0.20206573009490969 0.092905602364273948 0.0047449855292267407 -0.12678235813423441 -0.038999398196318064 -0.28497739603122069 0.12718226169659333 0.046381218539816998 0.29737140499055387 -0.042387302517890933 -0.077432415442807337 -0.06869267511580672
leaf_weight=5990 736 41 15.999999999999998 18 17 18 17 228 3529 27 83 15.000000000000002 44 35 15.999999999999998 14.999999999999998 35 70
leaf_count=5990 736 41 16 18 17 18 17 228 3529 27 83 15 44 35 16 15 35 70
internal_value=2.09508e-12 0.0346291 0.0708567 0.0595695 -0.0572972 -0.00466098 -0.00497408 0.0747752 -0.00462564 0.00374632 0.0227875 -0.016251 0.0185754 0.0302438 0.125123 -0.163682 0.0239677 -0.0095383
internal_weight=10950 1299 320 304 35 9651 9633 269 9616 3556 979 157 127 822 51 30 771 6060
internal_count=10950 1299 320 304 35 9651 9633 269 9616 3556 979 157 127 822 51 30 771 6060
is_linear=0
shrinkage=0.1


Tree=30
num_leaves=20
num_cat=0
split_feature=7 9 2 2 10 6 3 3 5 1 2 5 6 6 9 2 10 4 5
split_gain=150.398 42.6895 53.0672 61.3952 64.6679 51.7916 36.9123 30.0788 71.9834 62.2363 57.6454 58.72 42.3225 28.2886 31.0542 32.6168 36.9358 29.363 105.883
threshold=0.98214285714285732 4.5000000000000009 12.500000000000002 21.500000000000004 10.500000000000002 2.7422198572655656 14.500000000000002 4.5000000000000009 5.7678571428571432 19.500000000000004 10.500000000000002 7.2321428571428585 2.9794148257708177 1.3100375744044979 4.5000000000000009 13.500000000000002 6.5000000000000009 7.6428571428571432 7.8035714285714297
decision_type=2 2 2 2 2 2 2 2 2 2 2 2 2 2 2 2 2 2 2
left_child=13 7 5 4 -4 -3 -7 10 12 -10 11 -2 -9 -1 17 16 -16 -15 -19
right_child=1 2 3 -5 -6 6 -8 8 9 -11 -12 -13 -14 14 15 -17 -18 18 -20
leaf_value=-0.0093861678721167113 -0.027456929400062363 0.16405478413882002 0.1914528986488126 -0.058409685548394923 -0.035749376267194752 -0.0026313117306984071 0.10593304282579669 0.064838822583357478 0.019317412197900317 0.20808759282032649 -0.14253693541094403 0.10356899801796925 0.30238874276479089 -0.0052533279815992068 0.029901610880812654 -0.10980932130700066 -0.0030700397355278501 0.24334634249521928 -0.0085943313593895218
leaf_weight=4924 119 28 76 15.999999999999998 14.999999999999998 159 39 15.000000000000002 588 18 29 48 14.999999999999998 3362 792 21 595 22 69
leaf_count=4924 119 28 76 16 15 159 39 15 588 18 29 48 15 3362 792 21 595 22 69
internal_value=1.1601e-10 0.0339649 0.0642227 0.122239 0.154002 0.0367546 0.0187526 0.0218546 0.0324098 0.0249244 -0.0123961 0.0102032 0.183614 -0.00404386 0.00136769 0.0138845 0.0157573 -0.00373619 0.0523144
internal_weight=10950 1165 333 107 91 226 198 832 636 606 196 167 30 9785 4861 1408 1387 3453 91
internal_count=10950 1165 333 107 91 226 198 832 636 606 196 167 30 9785 4861 1408 1387 3453 91
is_linear=0
shrinkage=0.1


Tree=31
num_leaves=19
num_cat=0
split_feature=2 0 5 5 4 5 7 10 10 4 5 10 10 6 9 3 1 6
split_gain=124.451 66.802 57.6815 68.9298 86.5838 50.35 56.9497 66.1014 44.294 48.6579 49.7927 37.7575 28.9919 35.9642 27.4134 33.335 24.9396 19.5396
threshold=6.5000000000000009 5.5000000000000009 11.589285714285717 10.017857142857144 11.500000000000002 5.1607142857142874 0.98214285714285732 1.5000000000000002 5.5000000000000009 8.3571428571428594 7.5535714285714297 1.5000000000000002 9.5000000000000018 3.7193474877464605 5.5000000000000009 5.5000000000000009 9.5000000000000018 3.2574481998115177
decision_type=2 2 2 2 2 2 2 2 2 2 2 2 2 2 2 2 2 2
left_child=2 8 3 14 -5 -3 11 -8 9 10 -2 -7 17 -14 16 -16 -1 -10
right_child=1 5 -4 4 -6 6 7 -9 12 -11 -12 -13 13 -15 15 -17 -18 -19
leaf_value=-0.005265263248466677 0.036596678464763589 0.22073786188574399 -0.17314045373350384 0.26094353212551641 -0.034790125696195495 0.065920089376404103 0.26019493136554955 0.053965123487048156 -0.021521151991605404 -0.10872776061296463 0.22404266968369485 -0.054900489894696231 -0.03495645888516323 0.1116188269108534 0.0051329441941256482 0.066216588390913475 -0.05970686118830653 -0.099096094419373504
leaf_weight=8363 124 17 20 22 18 38 15.999999999999998 543 63 20 15.999999999999998 81 47 26 1288 96 85 67
leaf_count=8363 124 17 20 22 18 38 16 543 63 20 16 81 47 26 1288 96 85 67
internal_value=1.95631e-11 0.032598 -0.00348653 -0.00314282 0.127863 0.0507579 0.0464959 0.0598679 -0.00217085 0.0371757 0.0580191 -0.0163191 -0.0331829 0.0172484 -0.0036758 0.00936996 -0.00581303 -0.0615021
internal_weight=10950 1058 9892 9872 40 695 678 559 363 160 140 119 203 73 9832 1384 8448 130
internal_count=10950 1058 9892 9872 40 695 678 559 363 160 140 119 203 73 9832 1384 8448 130
is_linear=0
shrinkage=0.1


Tree=32
num_leaves=19
num_cat=0
split_feature=1 10 5 5 5 3 8 4 10 2 0 8 0 2 5 3 0 4
split_gain=107.665 42.1931 139.766 139.373 83.7176 66.5752 77.4176 69.3784 62.9337 40.1939 35.3066 25.0497 33.8873 43.0629 29.4918 28.4802 36.9625 9.12076
threshold=6.5000000000000009 3.5000000000000004 11.589285714285717 10.517857142857144 9.9107142857142865 1.5000000000000002 21.500000000000004 6.5000000000000009 5.5000000000000009 24.500000000000004 16.500000000000004 25.500000000000004 10.500000000000002 10.500000000000002 9.2857142857142865 11.500000000000002 8.5000000000000018 3.2142857142857149
decision_type=2 2 2 2 2 2 2 2 2 2 2 2 2 2 2 2 2 2
left_child=10 2 3 4 -2 6 17 8 -7 -9 11 12 13 -1 -14 16 -13 -3
right_child=1 5 -4 -5 -6 7 -8 9 -10 -11 -12 15 14 -15 -16 -17 -18 -19
leaf_value=-0.0017411891995985037 0.013946418636589356 0.12806145648161571 -0.26012465775012972 0.25471496934240517 -0.1857170693576336 0.057338210651329879 0.30880741677001905 0.052207481550616976 -0.07312486554774475 -0.11353421536584696 0.1262695068404788 -0.016027474166646533 -0.10510933405852743 0.073868058663547828 0.039072532226380546 0.10438588920392489 -0.12337150061220835 0.030806274022217153
leaf_weight=8512 168 14.999999999999998 20 22 24 58 19 596 102 14.999999999999998 21 1148 56 76 19 19 33 27
leaf_count=8512 168 15 20 22 24 58 19 596 102 15 21 1148 56 76 19 19 33 27
internal_value=-2.02358e-11 0.0301938 -0.00732041 0.0163062 -0.0110115 0.0407447 0.141312 0.032788 -0.025832 0.0481385 -0.00325643 -0.00353222 -0.00165656 -0.00107208 -0.0685833 -0.0170729 -0.0190269 0.0655403
internal_weight=10950 1066 234 214 192 832 61 771 160 611 9884 9863 8663 8588 75 1200 1181 42
internal_count=10950 1066 234 214 192 832 61 771 160 611 9884 9863 8663 8588 75 1200 1181 42
is_linear=0
shrinkage=0.1


Tree=33
num_leaves=19
num_cat=0
split_feature=5 6 0 1 3 1 3 5 2 4 4 2 8 0 0 4 7 5
split_gain=88.7678 37.9256 41.0822 45.2376 52.6722 49.9617 42.0295 37.4103 29.6134 71.3296 37.5964 75.3215 32.6573 24.8651 22.5919 19.4936 20.6214 15.9083
threshold=3.5535714285714293 2.7823926493780227 6.5000000000000009 17.500000000000004 2.5000000000000004 23.500000000000004 15.500000000000002 6.8750000000000009 3.5000000000000004 6.6428571428571432 5.6428571428571432 2.5000000000000004 6.5000000000000009 10.500000000000002 8.5000000000000018 1.0000000180025095e-35 0.12500000000000003 1.517857142857143
decision_type=2 2 2 2 2 2 2 2 2 2 2 2 2 2 2 2 2 2
left_child=13 8 6 4 -4 -5 7 -3 10 12 11 -2 -10 14 15 17 -17 -1
right_child=1 2 3 5 -6 -7 -8 -9 9 -11 -12 -13 -14 -15 -16 16 -18 -19
leaf_value=-0.016465812873034665 0.062655820092186329 -0.018688741504586975 0.12419450228723389 0.14096169648262172 0.016178980604677963 -0.047301252020729913 -0.13071454977989197 0.03256798378681227 -0.10427379142098897 0.21368345156725913 -0.021902780234813693 0.31003962491755377 0.032806189653892363 -0.13248200287421547 0.093269193420807528 0.051604160780885394 -0.0028994523544110737 -0.1090503193830189
leaf_weight=799 32 359 48 65 759 18 25 236 24 18 14.999999999999998 20 63 14.999999999999998 24 70 8341 19
leaf_count=799 32 359 48 65 759 18 25 236 24 18 15 20 63 15 24 70 8341 19
internal_value=-2.88098e-11 0.0211349 0.016067 0.029834 0.0226037 0.100134 -0.00369529 0.00164166 0.0656265 0.0324812 0.117571 0.157803 -0.00500898 -0.00383567 -0.00362712 -0.0038791 -0.00244585 -0.0186163
internal_weight=10950 1682 1510 890 807 83 620 595 172 105 67 52 87 9268 9253 9229 8411 818
internal_count=10950 1682 1510 890 807 83 620 595 172 105 67 52 87 9268 9253 9229 8411 818
is_linear=0
shrinkage=0.1


Tree=34
num_leaves=13
num_cat=0
split_feature=3 2 4 1 6 3 5 5 0 1 4 4
split_gain=75.1091 35.0761 57.841 33.843 33.5137 30.8913 76.586 56.4307 26.5896 72.057 34.9547 21.2118
threshold=5.5000000000000009 16.500000000000004 11.357142857142859 21.500000000000004 5.680592348192774 20.500000000000004 11.339285714285717 17.517857142857146 2.5000000000000004 12.500000000000002 5.6428571428571432 0.50000000000000011
decision_type=2 2 2 2 2 2 2 2 2 2 2 2
left_child=1 2 8 5 -5 7 -7 11 10 -10 -1 -2
right_child=3 -3 -4 4 -6 6 -8 -9 9 -11 -12 -13
leaf_value=-0.0053636673499760021 -0.066334880861852852 0.13642608703424533 -0.18759250535684474 0.23324701229731237 0.021858984033266707 -0.060300641786307098 0.22459329392599023 -0.17545897394418719 0.0087555049516767815 -0.16549155904601021 -0.11352371824284396 0.021723924306509254
leaf_weight=7432 28 18 17 15.000000000000002 14.999999999999998 15.999999999999998 23 14.999999999999998 2130 24 30 1187
leaf_count=7432 28 18 17 15 15 16 23 15 2130 24 30 1187
internal_value=1.17276e-11 -0.00303849 -0.00329909 0.0225746 0.127553 0.0200929 0.107714 0.0173147 -0.00297328 0.00681403 -0.00579851 0.0196946
internal_weight=10950 9651 9633 1299 30 1269 39 1230 9616 2154 7462 1215
internal_count=10950 9651 9633 1299 30 1269 39 1230 9616 2154 7462 1215
is_linear=0
shrinkage=0.1


Tree=35
num_leaves=14
num_cat=0
split_feature=1 2 3 5 6 0 5 2 5 5 4 0 5
split_gain=65.5818 34.251 51.1779 92.4479 30.9858 89.1182 36.038 27.818 32.4527 67.5628 86.4203 51.4738 40.7999
threshold=6.5000000000000009 23.500000000000004 20.500000000000004 14.642857142857144 6.2941793083053676 12.500000000000002 14.196428571428573 16.500000000000004 7.7678571428571432 7.5535714285714297 8.6428571428571441 5.5000000000000009 7.9464285714285721
decision_type=2 2 2 2 2 2 2 2 2 2 2 2 2
left_child=7 2 4 -4 6 -6 -2 8 9 10 -1 -10 -13
right_child=1 -3 3 -5 5 -7 -8 -9 11 -11 -12 12 -14
leaf_value=-0.0028629431663344672 0.020903353088986169 -0.10949687140160486 -0.0042574115925365025 0.33188515583674116 0.094230908950169862 -0.25047799408435822 0.11349833119046791 0.1252685000791269 -0.1809794661998749 0.1691027900123078 0.23735084598263106 -0.17528453027208646 0.0021827183232495657
leaf_weight=9694 940 19 18 14.999999999999998 15.000000000000002 14.999999999999998 44 17 25 23 14.999999999999998 14.999999999999998 95
leaf_count=9694 940 19 18 15 15 15 44 17 25 23 15 15 95
internal_value=-4.47651e-11 0.0235653 0.02598 0.148535 0.0219915 -0.0781235 0.0250438 -0.00254154 -0.00276175 -0.00208629 -0.00249182 -0.0514548 -0.0220174
internal_weight=10950 1066 1047 33 1014 30 984 9884 9867 9732 9709 135 110
internal_count=10950 1066 1047 33 1014 30 984 9884 9867 9732 9709 135 110
is_linear=0
shrinkage=0.1


Tree=36
num_leaves=16
num_cat=0
split_feature=7 6 9 5 1 5 0 10 2 8 4 8 9 5 4
split_gain=56.2901 32.766 31.8536 62.7562 45.0913 38.9093 87.1425 36.8528 83.7449 47.1149 27.4968 39.6982 19.1319 23.4651 15.6349
threshold=0.87500000000000011 3.6769239915494212 3.5000000000000004 16.357142857142858 17.500000000000004 15.000000000000002 18.500000000000004 10.500000000000002 10.500000000000002 26.500000000000004 4.3571428571428585 20.500000000000004 5.5000000000000009 1.767857142857143 3.9285714285714293
decision_type=2 2 2 2 2 2 2 2 2 2 2 2 2 2 2
left_child=1 10 4 7 5 6 -2 9 -9 -4 12 -12 14 -14 -1
right_child=2 -3 3 -5 -6 -7 -8 8 -10 -11 11 -13 13 -15 -16
leaf_value=-0.0057260484927303167 -0.00026226201807035845 -0.1206114302078883 0.02006641614877365 0.19717629468511969 0.12677013561900319 -0.1138342280583135 0.1845528311454333 0.027016459665212197 -0.15992251973067012 0.084412362895002868 0.17942201845347883 -0.0079750903094044107 0.0013677817718986591 0.038706719053743205 -0.086574953577170766
leaf_weight=7111 1361 24 825 21 29 29 26 76 35 132 20 26 1009 202 24
leaf_count=7111 1361 24 825 21 29 29 26 76 35 132 20 26 1009 202 24
internal_value=-4.43126e-11 -0.00393423 0.0130665 0.0259815 0.00333327 0.000805256 0.00320219 0.0226153 -0.0319283 0.0289417 -0.00360055 0.0735019 -0.00402551 0.00759608 -0.005998
internal_weight=10950 8416 2534 1089 1445 1416 1387 1068 111 957 8392 46 8346 1211 7135
internal_count=10950 8416 2534 1089 1445 1416 1387 1068 111 957 8392 46 8346 1211 7135
is_linear=0
shrinkage=0.1


Tree=37
num_leaves=17
num_cat=0
split_feature=2 5 3 1 5 10 0 3 4 2 1 9 1 6 5 9
split_gain=46.9129 49.0881 50.5051 50.1674 71.8829 42.0446 70.8246 54.3985 50.019 96.5481 140.531 62.8348 47.153 46.4553 37.7759 18.4367
threshold=6.5000000000000009 11.589285714285717 14.500000000000002 9.5000000000000018 10.017857142857144 1.5000000000000002 9.5000000000000018 3.5000000000000004 11.785714285714286 13.500000000000002 19.500000000000004 3.5000000000000004 18.500000000000004 3.4709986202323297 7.3035714285714297 2.5000000000000004
decision_type=2 2 2 2 2 2 2 2 2 2 2 2 2 2 2 2
left_child=1 2 3 4 -1 6 7 -2 12 10 -10 -11 13 -7 -5 -9
right_child=5 -3 -4 14 -6 8 -8 15 9 11 -12 -13 -14 -15 -16 -17
leaf_value=-0.0017957189163189413 0.15353356812681473 -0.15864757054485382 0.13228971069412573 -0.015386132787053404 0.19290185566795501 0.028379430942004548 0.21410584364985596 0.040872952795277043 0.17094007984909054 -0.10787582461063455 -0.15940909425417582 0.053293413176374919 0.16209894633955427 -0.022429477201897204 -0.12855513595320561 -0.10045339626570543
leaf_weight=9706 21 20 28 65 19 304 29 14.999999999999998 91 41 14.999999999999998 59 18 441 54 24
leaf_count=9706 21 20 28 65 19 304 29 15 91 41 15 59 18 441 54 24
internal_value=1.06405e-10 -0.00214062 -0.00182355 -0.00220502 -0.00141533 0.0200142 0.085792 0.0237736 0.0139727 0.0576981 0.124193 -0.012786 0.0021674 -0.00169671 -0.0667401 -0.0460971
internal_weight=10950 9892 9872 9844 9725 1058 89 60 969 206 106 100 763 745 119 39
internal_count=10950 9892 9872 9844 9725 1058 89 60 969 206 106 100 763 745 119 39
is_linear=0
shrinkage=0.1


Tree=38
num_leaves=20
num_cat=0
split_feature=7 9 8 9 6 4 5 6 0 5 3 0 9 0 3 0 7 1 1
split_gain=42.0783 24.3705 48.8901 47.7238 92.7875 79.2791 42.4554 85.1052 110.823 43.3473 28.7494 29.5662 25.7683 23.5304 49.8568 57.7965 38.7697 32.3358 32.7365
threshold=0.98214285714285732 2.5000000000000004 26.500000000000004 1.0000000180025095e-35 4.6090804009740074 15.500000000000002 16.357142857142858 4.872611914594807 11.500000000000002 8.5892857142857171 8.5000000000000018 11.500000000000002 1.5000000000000002 13.500000000000002 12.500000000000002 8.5000000000000018 0.94642857142857151 14.500000000000002 10.500000000000002
decision_type=2 2 2 2 2 2 2 2 2 2 2 2 2 2 2 2 2 2 2
left_child=13 2 3 4 -2 -5 7 9 -9 -3 12 -12 -4 14 17 -16 -15 18 -1
right_child=1 6 10 5 -6 -7 -8 8 -10 -11 11 -13 -14 16 15 -17 -18 -19 -20
leaf_value=-0.0022453001364427703 0.013185949825946196 0.021391849462782185 -0.049639353215478473 0.011903198972861562 0.20432188961956954 -0.20649406438072526 0.15096933602222376 -0.14510971757232166 0.051589387543154536 0.081848244432833325 -0.16640172237530351 0.003746105432510376 0.064103783241340098 -0.19114309251308442 0.017411015431086221 0.24819977292243173 0.029429222146670028 0.12159884891339712 -0.091791157906011833
leaf_weight=9644 81 344 69 217 37 18 28 61 54 181 32 14.999999999999998 28 17 30 17 14.999999999999998 21 41
leaf_count=9644 81 344 69 217 37 18 28 61 54 181 32 15 28 17 30 17 15 21 41
internal_value=1.05301e-11 0.0179655 0.00119759 0.0212297 0.0731184 -0.0048251 0.030441 0.0251679 -0.0527467 0.0422349 -0.0479088 -0.112099 -0.0168063 -0.00213897 -0.00185808 0.100888 -0.0877498 -0.00235561 -0.00262438
internal_weight=10950 1165 497 353 118 235 668 640 115 525 144 47 97 9785 9753 47 32 9706 9685
internal_count=10950 1165 497 353 118 235 668 640 115 525 144 47 97 9785 9753 47 32 9706 9685
is_linear=0
shrinkage=0.1


Tree=39
num_leaves=15
num_cat=0
split_feature=7 6 5 4 8 2 2 5 5 9 5 6 0 4
split_gain=36.2752 25.7038 23.7614 22.9662 32.0982 22.7828 20.7794 62.5485 37.409 15.4751 19.5826 14.0558 15.5573 12.6988
threshold=0.87500000000000011 3.6769239915494212 1.9107142857142858 4.3571428571428585 20.500000000000004 1.0000000180025095e-35 17.500000000000004 17.410714285714288 17.517857142857146 5.5000000000000009 1.9464285714285716 3.824181097940357 2.5000000000000004 3.9285714285714293
decision_type=2 2 2 2 2 2 2 2 2 2 2 2 2 2
left_child=1 3 -2 9 -5 11 8 -8 -7 13 -11 12 -4 -1
right_child=2 -3 5 4 -6 6 7 -9 -10 10 -12 -13 -14 -15
leaf_value=-0.004780003850572043 0.13196807459462434 -0.10649937217434247 -0.072750969005353536 0.16284501431509854 -0.0056617851010881941 0.0084971013553823589 0.08895462827164341 -0.12057110264020808 0.16193299865117297 0.0024926766071210623 0.041545813567043371 -0.12862609634796779 0.020540983783893099 -0.077643166292303556
leaf_weight=7111 15.999999999999998 24 33 20 26 2310 88 17 15.999999999999998 1065 146 14.999999999999998 39 24
leaf_count=7111 16 24 33 20 26 2310 88 17 16 1065 146 15 39 24
internal_value=-2.48866e-11 -0.00315826 0.0104893 -0.00286272 0.067602 0.00971742 0.0115169 0.0550314 0.00955255 -0.0032511 0.00720098 -0.0405641 -0.0222178 -0.00502509
internal_weight=10950 8416 2534 8392 46 2518 2431 105 2326 8346 1211 87 72 7135
internal_count=10950 8416 2534 8392 46 2518 2431 105 2326 8346 1211 87 72 7135
is_linear=0
shrinkage=0.1


Tree=40
num_leaves=13
num_cat=0
split_feature=0 7 2 9 8 2 2 4 5 4 3 5
split_gain=30.9099 43.5558 32.7997 25.2594 41.0109 29.2291 17.523 33.2925 21.9287 19.2392 17.1558 14.8664
threshold=1.5000000000000002 0.12500000000000003 1.5000000000000002 4.5000000000000009 24.500000000000004 21.500000000000004 10.500000000000002 6.2142857142857153 5.6964285714285721 3.785714285714286 8.5000000000000018 3.9821428571428577
decision_type=2 2 2 2 2 2 2 2 2 2 2 2
left_child=6 -2 10 4 -4 -5 7 8 9 -1 11 -3
right_child=1 2 3 5 -6 -7 -8 -9 -10 -11 -12 -13
leaf_value=-0.0043197965453061283 0.13040631452375759 -0.0051949888791179635 0.011757058480923828 0.027823728997707121 -0.026756405687898006 -0.10451575947158478 0.093857182458870939 -0.12504017806571463 0.10891451502547544 -0.067879414616618311 0.086654055714607242 -0.07197002491311115
leaf_weight=6077 28 1720 1705 913 330 17 18 23 17 48 20 34
leaf_count=6077 28 1720 1705 913 330 17 18 23 17 48 20 34
internal_value=1.23694e-11 0.00605088 0.00531614 0.0117513 0.00551163 0.0254046 -0.00466514 -0.0049528 -0.0045031 -0.0048179 -0.00543928 -0.00648937
internal_weight=10950 4767 4739 2965 2035 930 6183 6165 6142 6125 1774 1754
internal_count=10950 4767 4739 2965 2035 930 6183 6165 6142 6125 1774 1754
is_linear=0
shrinkage=0.1


Tree=41
num_leaves=17
num_cat=0
split_feature=7 0 6 0 2 2 3 3 4 6 0 4 0 0 1 4
split_gain=26.51 21.5964 29.8017 65.3683 44.4578 39.0839 70.1858 40.6532 21.2697 63.8826 63.3662 94.2122 43.5502 32.5186 42.9402 25.3143
threshold=0.98214285714285732 22.500000000000004 4.9530963244207902 4.5000000000000009 7.5000000000000009 17.500000000000004 11.500000000000002 14.500000000000002 9.9285714285714306 4.9530963244207902 9.5000000000000018 8.3571428571428594 10.500000000000002 10.500000000000002 6.5000000000000009 8.071428571428573
decision_type=2 2 2 2 2 2 2 2 2 2 2 2 2 2 2 2
left_child=8 2 5 -4 -5 7 -7 -2 9 13 11 -11 -10 15 -15 -1
right_child=1 -3 3 4 -6 6 -8 -9 12 10 -12 -13 -14 14 -16 -17
leaf_value=-0.001848980331217251 0.0086935382946467573 0.1081381627668937 -0.17796687949448825 -0.093709065206348904 0.026958975129464803 0.28732672097782291 0.013712244629859925 0.082926192235799487 0.01566276580095291 0.1696325951500943 0.24266076428549632 -0.16561888523399831 -0.18518856246220439 -0.15193559974431992 0.041130327764484623 0.095115040973932655
leaf_weight=9609 827 24 24 40 129 14.999999999999998 25 81 25 19 21 14.999999999999998 19 32 18 27
leaf_count=9609 827 24 24 40 129 15 25 81 25 19 21 15 19 32 18 27
internal_value=2.12099e-13 0.0142599 0.0122852 -0.023533 -0.00160151 0.0195773 0.116318 0.0153156 -0.00169778 -0.00138443 0.106084 0.0217275 -0.0710685 -0.00199467 -0.0824319 -0.00157729
internal_weight=10950 1165 1141 193 169 948 40 908 9785 9741 55 34 44 9686 50 9636
internal_count=10950 1165 1141 193 169 948 40 908 9785 9741 55 34 44 9686 50 9636
is_linear=0
shrinkage=0.1


Tree=42
num_leaves=16
num_cat=0
split_feature=0 7 2 9 8 2 5 4 5 5 4 4 9 0 0
split_gain=22.9325 35.5447 23.8745 19.5875 34.8289 24.5929 15.91 28.1631 26.9701 18.6262 35.8144 23.7545 15.6332 26.5148 20.9634
threshold=1.5000000000000002 0.12500000000000003 1.5000000000000002 4.5000000000000009 24.500000000000004 21.500000000000004 6.5892857142857144 4.7857142857142865 4.4821428571428585 3.0178571428571432 3.785714285714286 1.642857142857143 2.5000000000000004 8.5000000000000018 8.5000000000000018
decision_type=2 2 2 2 2 2 2 2 2 2 2 2 2 2 2
left_child=6 -2 12 4 -4 -5 7 9 -9 10 -1 -11 14 -14 -3
right_child=1 2 3 5 -6 -7 -8 8 -10 11 -12 -13 13 -15 -16
leaf_value=-0.0041935898939077952 0.1175505833234638 0.0027204367560695348 0.010299232794938724 0.024280471773614122 -0.025192954131881846 -0.097110569564735183 0.080870327353477489 0.007593126563976209 -0.1697908776253462 -0.081792629559834795 -0.15890625635782879 0.052985663397931586 -0.011267864889690284 -0.14111012644134463 0.10164813672785054
leaf_weight=5994 28 813 1705 913 330 17 22 14.999999999999998 20 14.999999999999998 14.999999999999998 102 923 15.999999999999998 22
leaf_count=5994 28 813 1705 913 330 17 22 15 20 15 15 102 923 16 22
internal_value=2.80856e-11 0.00521189 0.00454815 0.0100384 0.00454374 0.0220615 -0.00401829 -0.00432142 -0.0937692 -0.00381037 -0.00457979 0.0357064 -0.00462797 -0.0134803 0.00532692
internal_weight=10950 4767 4739 2965 2035 930 6183 6161 35 6126 6009 117 1774 939 835
internal_count=10950 4767 4739 2965 2035 930 6183 6161 35 6126 6009 117 1774 939 835
is_linear=0
shrinkage=0.1


Tree=43
num_leaves=13
num_cat=0
split_feature=3 9 10 4 4 3 5 4 3 3 5 4
split_gain=21.6248 19.2555 34.8607 79.7854 49.4849 53.8746 51.8264 35.8199 33.2391 146.307 31.7862 28.7898
threshold=23.500000000000004 3.5000000000000004 10.500000000000002 10.500000000000002 13.642857142857144 14.500000000000002 11.982142857142859 8.3571428571428594 15.500000000000002 14.500000000000002 16.357142857142858 12.928571428571431
decision_type=2 2 2 2 2 2 2 2 2 2 2 2
left_child=1 8 4 7 6 -6 -3 -4 9 10 -1 -10
right_child=-2 2 3 -5 5 -7 -8 -9 11 -11 -12 -13
leaf_value=-0.003614186519539592 0.094818733260035523 0.0080294884928221785 -0.013572704483397905 -0.20276789914139293 0.2401853857856048 0.023546289781044269 -0.1425260893676592 0.11066292246493202 -0.15792813782508558 0.30870980183283492 -0.14474544050171972 0.0016585542261600495
leaf_weight=6155 24 3874 703 22 19 29 23 24 26 14.999999999999998 15.999999999999998 20
leaf_count=6155 24 3874 703 22 19 29 23 24 26 15 16 20
internal_value=-6.78956e-11 -0.000208278 0.00462887 -0.015149 0.0083839 0.109299 0.00714091 -0.00947139 -0.00385166 -0.00322189 -0.00398011 -0.0885426
internal_weight=10950 10926 4694 749 3945 48 3897 727 6232 6186 6171 46
internal_count=10950 10926 4694 749 3945 48 3897 727 6232 6186 6171 46
is_linear=0
shrinkage=0.1


Tree=44
num_leaves=14
num_cat=0
split_feature=2 5 2 0 3 5 5 1 0 5 3 5 2
split_gain=20.5075 50.7779 94.2338 56.3886 48.5232 32.4672 44.2651 76.5732 109.89 72.8867 38.9101 31.0953 30.2762
threshold=17.500000000000004 11.267857142857144 20.500000000000004 17.500000000000004 13.500000000000002 17.517857142857146 12.410714285714286 12.500000000000002 13.500000000000002 12.196428571428573 13.500000000000002 13.732142857142859 19.500000000000004
decision_type=2 2 2 2 2 2 2 2 2 2 2 2 2
left_child=5 12 4 -4 -3 6 9 8 -8 10 -1 -9 -2
right_child=1 2 3 -5 -6 -7 7 11 -10 -11 -12 -13 -14
leaf_value=-0.0011550846838812082 -0.14924501995829975 0.30994130939245229 0.11534774099787078 -0.14717740217844646 0.076299255341291436 0.14191914771217853 -0.13305413431542762 -0.27349563967436552 0.2382965616385142 0.18602006087700529 0.051911185450319731 -0.09873856125133379 0.034451257692355859
leaf_weight=10592 17 20 14.999999999999998 18 15.999999999999998 15.999999999999998 17 15.999999999999998 14.999999999999998 21 140 28 19
leaf_count=10592 17 20 15 18 16 16 17 16 15 21 140 28 19
internal_value=4.84479e-11 0.0439814 0.0942121 -0.0278478 0.2061 -0.000425823 -0.000636139 -0.0766853 0.0410165 -9.86394e-05 -0.00046283 -0.162287 -0.0522942
internal_weight=10950 105 69 33 36 10845 10829 76 32 10753 10732 44 36
internal_count=10950 105 69 33 36 10845 10829 76 32 10753 10732 44 36
is_linear=0
shrinkage=0.1


Tree=45
num_leaves=18
num_cat=0
split_feature=6 9 3 6 1 6 4 1 1 4 7 8 0 2 4 10 10
split_gain=18.2569 19.2308 47.6771 63.6638 36.1574 27.4972 51.4148 19.7591 42.2286 29.2288 6.58518 6.58478 11.0831 7.18505 6.58796 5.34617 3.46256
threshold=0.84628464585371099 5.5000000000000009 13.500000000000002 4.4379935189811937 11.500000000000002 5.2249156877829472 8.6428571428571441 23.500000000000004 19.500000000000004 15.357142857142859 0.69642857142857151 9.5000000000000018 2.5000000000000004 1.5000000000000002 0.2142857142857143 7.5000000000000009 4.5000000000000009
decision_type=2 2 2 2 2 2 2 2 2 2 2 2 2 2 2 2 2
left_child=10 7 5 -4 -5 6 -3 8 9 -2 11 14 13 -13 16 -16 -1
right_child=1 2 3 4 -6 -7 -8 -9 -10 -11 -12 12 -14 -15 15 -17 -18
leaf_value=-0.015652039460837843 5.1854207813936356e-05 0.0070514215938761579 0.25821471007333863 -0.066915170524627782 0.13383154334390865 -0.12582693010568621 0.12990960709750651 -0.10488783410853811 0.13530813624029575 -0.083589403561892969 -0.076144973685344064 -0.0081777629569745654 0.075341349117019604 0.030400912215312322 -0.035715760217142213 -0.011688743665906954 0.015581941647189006
leaf_weight=72 7983 1272 18 19 17 14.999999999999998 35 18 23 42 14.999999999999998 904 17 51 218 161 70
leaf_count=72 7983 1272 18 19 17 15 35 18 23 42 15 904 17 51 218 161 70
internal_value=-5.39225e-11 0.00163183 0.0125585 0.104659 0.0278819 0.0087964 0.0103414 -0.000232172 1.89915e-06 -0.000385894 -0.0102173 -0.00955498 -0.00469285 -0.00611754 -0.018626 -0.025509 -0.000255007
internal_weight=10950 9442 1376 54 36 1322 1307 8066 8048 8025 1508 1493 972 955 521 379 142
internal_count=10950 9442 1376 54 36 1322 1307 8066 8048 8025 1508 1493 972 955 521 379 142
is_linear=0
shrinkage=0.1


Tree=46
num_leaves=20
num_cat=0
split_feature=0 8 9 1 0 0 5 4 3 1 1 8 4 1 2 3 6 5 7
split_gain=16.8407 24.6562 22.4091 22.7223 113.785 88.3415 58.9233 93.5786 61.0242 21.0029 67.3798 80.3006 61.7112 69.6114 50.0004 44.2946 18.6145 17.4692 31.8565
threshold=1.0000000180025095e-35 1.5000000000000002 4.5000000000000009 9.5000000000000018 3.5000000000000004 7.5000000000000009 6.6250000000000009 6.0714285714285721 6.5000000000000009 10.500000000000002 8.5000000000000018 22.500000000000004 10.785714285714286 11.500000000000002 6.5000000000000009 10.500000000000002 2.3166155591656206 1.8035714285714288 0.91071428571428592
decision_type=2 2 2 2 2 2 2 2 2 2 2 2 2 2 2 2 2 2 2
left_child=1 -1 9 6 -5 -6 7 -4 -8 10 15 -12 13 -11 -14 -2 -3 -18 -19
right_child=2 16 3 4 5 -7 8 -9 -10 12 11 -13 14 -15 -16 -17 17 18 -20
leaf_value=0.02649948471258556 0.00039479019423193626 -0.005814919566791474 0.0092030451158287736 0.28338933587074283 -0.10219258478946157 0.057808826642261973 -0.20589882174263829 0.15699688363820316 -0.02472648007468772 -0.19927769686494556 -0.084794708873544428 0.10342517327517271 -0.13648253177341663 -0.032813062573772638 0.036940133571099577 -0.061681761777312577 0.0065335697266790602 -0.10863780785472162 0.025081114560365676
leaf_weight=231 4442 3602 1627 18 45 148 23 44 97 35 28 119 19 89 133 118 45 62 25
leaf_count=231 4442 3602 1627 18 45 148 23 44 97 35 28 119 19 89 133 118 45 62 25
internal_value=5.65677e-11 -0.00520516 0.00295468 0.0118907 0.0429291 0.0205028 0.00823399 0.0130947 -0.0594512 -0.000635492 0.000936595 0.0675738 -0.0274464 -0.079799 0.0152623 -0.00121158 -0.00716654 -0.0440493 -0.0702128
internal_weight=10950 3965 6985 2002 211 193 1791 1671 120 4983 4707 147 276 124 152 4560 3734 132 87
internal_count=10950 3965 6985 2002 211 193 1791 1671 120 4983 4707 147 276 124 152 4560 3734 132 87
is_linear=0
shrinkage=0.1


Tree=47
num_leaves=11
num_cat=0
split_feature=3 6 1 1 10 4 4 4 2 4
split_gain=15.6254 14.4465 38.5835 31.7457 44.1875 66.1835 33.1406 99.136 83.2319 5.00663
threshold=25.500000000000004 6.2941793083053676 11.500000000000002 14.500000000000002 11.500000000000002 15.214285714285717 13.357142857142859 12.071428571428573 13.500000000000002 15.357142857142859
decision_type=2 2 2 2 2 2 2 2 2 2
left_child=1 3 -3 6 5 -5 7 -1 -8 -4
right_child=-2 2 9 4 -6 -7 8 -9 -10 -11
leaf_value=-0.00075283821898458158 0.10199358552694321 0.055049992129206665 -0.081596129735310857 -0.01175425972915807 0.18641400409549916 0.14153049842429322 0.012750856652855875 0.16321934011538286 -0.2472237238758489 -0.16201317129598466
leaf_weight=10619 14.999999999999998 20 15.000000000000002 118 19 37 35 37 19 15.999999999999998
leaf_count=10619 15 20 15 118 19 37 35 37 19 16
internal_value=-1.3002e-10 -0.000139909 -0.0532383 0.000108898 0.0424798 0.0248363 -0.000579481 -0.00018349 -0.0787217 -0.123102
internal_weight=10950 10935 51 10884 174 155 10710 10656 54 31
internal_count=10950 10935 51 10884 174 155 10710 10656 54 31
is_linear=0
shrinkage=0.1


Tree=48
num_leaves=9
num_cat=0
split_feature=5 3 5 0 0 5 5 5
split_gain=15.3018 73.1444 28.1974 20.9082 19.547 16.0368 104.798 40.6536
threshold=16.357142857142858 18.500000000000004 15.232142857142859 15.500000000000002 22.500000000000004 12.410714285714286 13.392857142857144 12.303571428571431
decision_type=2 2 2 2 2 2 2 2
left_child=2 3 4 -2 5 7 -7 -1
right_child=1 -3 -4 -5 -6 6 -8 -9
leaf_value=-0.00013188344139921382 0.0442010795076688 0.21570293882654773 -0.13726036707560221 -0.12276481573780379 0.11401703039805094 -0.18600099331909611 0.057650920212632274 0.16461062616901473
leaf_weight=10785 15.000000000000002 18 14.999999999999998 14.999999999999998 14.999999999999998 31 41 14.999999999999998
leaf_count=10785 15 18 15 15 15 31 41 15
internal_value=1.99208e-11 0.0563374 -0.000248046 -0.0392819 -5.92717e-05 -0.000216662 -0.0472548 9.69256e-05
internal_weight=10950 48 10902 30 10887 10872 72 10800
internal_count=10950 48 10902 30 10887 10872 72 10800
is_linear=0
shrinkage=0.1


Tree=49
num_leaves=20
num_cat=0
split_feature=6 10 4 4 4 5 6 5 10 5 1 2 3 8 5 6 5 8 8
split_gain=14.4044 15.5013 48.1928 40.1068 27.835 64.422 49.4108 41.5204 117.985 91.7241 25.5519 9.34631 19.8319 12.5726 10.6391 8.7239 11.4196 9.21403 9.80546
threshold=1.2034693168552477 8.5000000000000018 14.928571428571431 13.642857142857144 14.928571428571431 17.410714285714288 4.6625270142475213 11.589285714285717 5.5000000000000009 11.267857142857144 2.5000000000000004 2.5000000000000004 1.5000000000000002 6.5000000000000009 1.3750000000000002 1.158374673768235 1.3750000000000002 25.500000000000004 14.500000000000002
decision_type=2 2 2 2 2 2 2 2 2 2 2 2 2 2 2 2 2 2 2
left_child=11 4 3 10 7 6 -6 9 -9 -2 -3 15 13 -13 -14 17 -17 18 -1
right_child=1 2 -4 -5 5 -7 -8 8 -10 -11 -12 12 14 -15 -16 16 -18 -19 -20
leaf_value=-0.0044293792378131509 0.0052311285282494865 -0.013318078833761147 -0.16713660922315388 0.15490785948932173 0.29244859019915265 -0.048893835768103605 0.066084182869505001 -0.24190020009588739 0.008558233268558979 0.17513393741101027 0.008774318903522536 -0.044721868796309891 0.03820212150905998 0.014297358018851257 0.1314513036981225 -0.016339600795130853 -0.083977715498102568 -0.013591349015419099 0.011831725020693649
leaf_weight=2250 4514 1242 18 15.999999999999998 14.999999999999998 28 27 26 68 32 905 52 52 118 15.999999999999998 230 28 869 444
leaf_count=2250 4514 1242 18 16 15 28 27 26 68 32 905 52 52 118 16 230 28 869 444
internal_value=-8.55064e-11 0.00278362 -0.00418626 -0.00283022 0.00601107 0.0685996 0.146929 0.00506684 -0.0607175 0.0064271 -0.00400573 -0.00472577 0.0145012 -0.00375558 0.0601431 -0.00592337 -0.0236802 -0.00463758 -0.00174938
internal_weight=10950 6891 2181 2163 4710 70 42 4640 94 4546 2147 4059 238 170 68 3821 258 3563 2694
internal_count=10950 6891 2181 2163 4710 70 42 4640 94 4546 2147 4059 238 170 68 3821 258 3563 2694
is_linear=0
shrinkage=0.1


Tree=50
num_leaves=11
num_cat=0
split_feature=2 2 5 4 4 2 3 3 1 8
split_gain=14.2747 33.3768 65.6242 80.351 60.2623 25.7812 25.6583 109.11 23.1192 12.3346
threshold=23.500000000000004 17.500000000000004 11.267857142857144 12.785714285714286 16.142857142857146 16.500000000000004 14.500000000000002 15.500000000000002 10.500000000000002 23.500000000000004
decision_type=2 2 2 2 2 2 2 2 2 2
left_child=1 5 9 -4 -5 6 8 -8 -1 -3
right_child=-2 2 3 4 -6 -7 7 -9 -10 -11
leaf_value=0.00012607484613012351 -0.080470268631523303 0.0092684441804885866 0.29494293488954243 -0.11164653579394022 0.15647996891486018 -0.094482480965811633 0.21158659969766935 -0.00061480019182439836 -0.028311032464024517 -0.11897385612130165
leaf_weight=10366 22 15 19 14.999999999999998 19 29 30 126 294 15
leaf_count=10366 22 15 19 15 19 29 30 126 294 15
internal_value=-3.87505e-11 0.000162001 0.0633344 0.130233 0.0381889 -0.000321476 -6.90106e-05 0.0401932 -0.000658213 -0.0548527
internal_weight=10950 10928 83 53 34 10845 10816 156 10660 30
internal_count=10950 10928 83 53 34 10845 10816 156 10660 30
is_linear=0
shrinkage=0.1


Tree=51
num_leaves=20
num_cat=0
split_feature=4 9 10 2 2 0 1 0 1 10 3 0 2 6 5 8 5 9 4
split_gain=13.186 14.2315 32.214 74.9538 36.9925 29.0158 56.2737 36.2788 27.1437 141.719 47.1514 25.5213 24.0513 19.147 11.8136 5.80352 3.93401 5.33254 3.77068
threshold=0.2142857142857143 3.5000000000000004 10.500000000000002 10.500000000000002 13.500000000000002 9.5000000000000018 12.500000000000002 10.500000000000002 14.500000000000002 9.5000000000000018 9.5000000000000018 18.500000000000004 17.500000000000004 3.4709986202323297 1.517857142857143 8.5000000000000018 0.80357142857142871 2.5000000000000004 1.0000000180025095e-35
decision_type=2 2 2 2 2 2 2 2 2 2 2 2 2 2 2 2 2 2 2
left_child=14 8 5 13 -5 6 -3 -7 11 10 -10 12 -2 -4 15 16 17 -1 -18
right_child=1 2 3 4 -6 7 -8 -9 9 -11 -12 -13 -14 -15 -16 -17 18 -19 -20
leaf_value=0.036100455866410183 -0.003745286831490799 0.008452317388832304 -0.010941769526497893 -0.27590391953786214 -0.068159034759737544 0.13854343785959131 -0.095410972074517666 0.02700895907000991 0.10746872346434329 0.31067221375072707 -0.093736451175628288 0.097872735261917115 0.11903696408262476 0.067310190065340558 -0.076023794213930768 -0.012621328992791836 0.014332721578447442 -0.002681633600821862 -0.044767533019185068
leaf_weight=65 5539 3312 596 14.999999999999998 20 34 53 205 18 17 33 25 15.999999999999998 33 27 820 19 78 25
leaf_count=65 5539 3312 596 15 20 34 53 205 18 17 33 25 16 33 27 820 19 78 25
internal_value=4.6229e-11 0.00112058 0.00547863 -0.0147617 -0.157193 0.00920772 0.00681643 0.0428758 -0.00217266 0.0606259 -0.0227229 -0.00293795 -0.00339164 -0.00683634 -0.0107463 -0.00899602 0.00690105 0.0149466 -0.019247
internal_weight=10950 9916 4268 664 35 3604 3365 239 5648 68 51 5580 5555 629 1034 1007 187 143 44
internal_count=10950 9916 4268 664 35 3604 3365 239 5648 68 51 5580 5555 629 1034 1007 187 143 44
is_linear=0
shrinkage=0.1


Tree=52
num_leaves=11
num_cat=0
split_feature=2 2 5 4 4 5 4 4 9 8
split_gain=12.7393 25.3269 53.4186 63.3984 48.1276 24.9759 42.4826 65.9843 10.7081 9.60196
threshold=23.500000000000004 17.500000000000004 11.267857142857144 12.785714285714286 16.142857142857146 17.517857142857146 15.500000000000002 14.785714285714286 2.5000000000000004 23.500000000000004
decision_type=2 2 2 2 2 2 2 2 2 2
left_child=1 5 9 -4 -5 6 7 -1 -8 -3
right_child=-2 2 3 4 -6 -7 8 -9 -10 -11
leaf_value=-0.00042204136260224853 -0.076019378785382619 0.0051257205009460453 0.26184656020057834 -0.10012225016951562 0.13949292851121803 0.12457952769473196 -0.17708578666051231 0.19674675000064515 -0.061165134433437796 -0.10802288790543874
leaf_weight=10780 22 15 19 14.999999999999998 19 15.999999999999998 14.999999999999998 17 17 15
leaf_count=10780 22 15 19 15 19 16 15 17 17 15
internal_value=-8.43526e-12 0.00015304 0.0551826 0.11554 0.0337803 -0.000268117 -0.000452582 -0.000111597 -0.115503 -0.0514486
internal_weight=10950 10928 83 53 34 10845 10829 10797 32 30
internal_count=10950 10928 83 53 34 10845 10829 10797 32 30
is_linear=0
shrinkage=0.1


Tree=53
num_leaves=20
num_cat=0
split_feature=5 10 2 5 6 6 2 2 10 2 4 7 8 0 8 4 6 4 6
split_gain=11.3053 10.8579 64.1926 86.6599 57.1509 38.1205 17.6006 27.7361 40.0803 30.4928 7.28384 22.5278 3.12128 11.661 18.8089 10.2687 4.54738 3.29839 2.37921
threshold=0.5178571428571429 1.5000000000000002 10.500000000000002 9.8035714285714306 4.4379935189811937 4.9530963244207902 23.500000000000004 17.500000000000004 8.5000000000000018 14.500000000000002 1.0714285714285716 0.19642857142857145 10.500000000000002 1.5000000000000002 27.500000000000004 0.35714285714285715 0.67903972936192736 1.0000000180025095e-35 1.0853264887333565
decision_type=2 2 2 2 2 2 2 2 2 2 2 2 2 2 2 2 2 2 2
left_child=10 2 3 4 -2 -4 7 9 -9 -3 12 -12 15 17 -15 18 -17 -14 -1
right_child=1 6 5 -5 -6 -7 -8 8 -10 -11 11 -13 13 14 -16 16 -18 -19 -20
leaf_value=-0.0055107949630302548 0.0068538385066985175 0.00045081306204883276 0.24698213819000456 -0.21039815735485823 0.17043060501190752 0.031130895217259726 -0.0959851760613291 0.10809418905043491 -0.043027618183539465 -0.05621937162941322 0.11782858886031643 -0.023680100763837499 -0.013256240320952276 0.10475466316160949 -0.039179685066143673 -0.047160939713126251 -0.019520346677683771 0.0027502566192831313 0.034168857429176573
leaf_weight=272 733 8669 18 18 22 14.999999999999998 19 54 26 96 18 30 487 23 14.999999999999998 103 141 175 15.999999999999998
leaf_count=272 733 8669 18 18 22 15 19 54 26 96 18 30 487 23 15 103 141 175 16
internal_value=-1.7305e-11 0.00116903 0.0122814 0.00645041 0.0116203 0.148868 0.000158584 0.000365111 0.0589796 -0.000169876 -0.00883164 0.0293857 -0.0103206 -0.00593262 0.0479385 -0.0160943 -0.0311883 -0.00902492 -0.00330637
internal_weight=10950 9670 806 773 755 33 8864 8845 80 8765 1280 48 1232 700 38 532 244 662 288
internal_count=10950 9670 806 773 755 33 8864 8845 80 8765 1280 48 1232 700 38 532 244 662 288
is_linear=0
shrinkage=0.1


Tree=54
num_leaves=7
num_cat=0
split_feature=1 4 0 2 4 5
split_gain=11.0844 34.0807 14.5096 22.6976 68.5919 49.5801
threshold=25.500000000000004 18.214285714285719 20.500000000000004 17.500000000000004 15.500000000000002 10.553571428571431
decision_type=2 2 2 2 2 2
left_child=1 2 3 4 -1 -5
right_child=-2 -3 -4 5 -6 -7
leaf_value=-1.6857913285622028e-06 -0.085903859014312425 0.12445630383762447 -0.07077280298389238 -0.065572850763797763 -0.18536502934992316 0.10289184502486526
leaf_weight=10781 14.999999999999998 22 29 25 20 58
leaf_count=10781 15 22 29 25 20 58
internal_value=1.38553e-11 0.000117838 -0.000132821 5.53961e-05 -0.000344919 0.0521495
internal_weight=10950 10935 10913 10884 10801 83
internal_count=10950 10935 10913 10884 10801 83
is_linear=0
shrinkage=0.1


Tree=55
num_leaves=7
num_cat=0
split_feature=2 5 3 5 4 5
split_gain=9.47401 18.2609 87.6637 18.6115 16.2374 16.6897
threshold=23.500000000000004 16.357142857142858 17.500000000000004 15.000000000000002 16.500000000000004 13.392857142857144
decision_type=2 2 2 2 2 2
left_child=1 3 -3 4 5 -1
right_child=-2 2 -4 -5 -6 -7
leaf_value=-0.00027500823075780575 -0.065556975572623993 -0.05632159330416471 0.24048375916831635 -0.10171907477908665 0.10402062291900316 0.084999815127609873
leaf_weight=10831 22 24 17 18 14.999999999999998 23
leaf_count=10831 22 24 17 18 15 23
internal_value=-1.80527e-11 0.000131978 0.066744 -0.000118881 4.93781e-05 -9.43079e-05
internal_weight=10950 10928 41 10887 10869 10854
internal_count=10950 10928 41 10887 10869 10854
is_linear=0
shrinkage=0.1


Tree=56
num_leaves=20
num_cat=0
split_feature=9 6 0 0 4 0 3 4 6 1 9 2 3 3 2 1 1 5 5
split_gain=9.35464 38.577 52.0106 48.4438 46.7085 58.8548 41.1697 34.9592 66.1935 27.1925 19.5683 46.7537 91.4151 73.5655 78.5534 33.4274 29.9195 23.8903 24.2614
threshold=1.0000000180025095e-35 4.7220573954992382 8.5000000000000018 9.5000000000000018 5.9285714285714297 13.500000000000002 10.500000000000002 3.2142857142857149 2.0896667910248694 5.5000000000000009 3.5000000000000004 13.500000000000002 11.500000000000002 13.500000000000002 6.5000000000000009 14.500000000000002 7.5000000000000009 16.357142857142858 11.982142857142859
decision_type=2 2 2 2 2 2 2 2 2 2 2 2 2 2 2 2 2 2 2
left_child=1 2 7 -3 -4 -6 -5 9 -9 -1 11 13 16 15 -15 -2 -13 18 -12
right_child=10 3 4 6 5 -7 -8 8 -10 -11 17 12 -14 14 -16 -17 -18 -19 -20
leaf_value=0.001845009199039494 -0.0064602290962854905 -0.057093377877026799 0.090920589864253998 0.24968606479465963 -0.1701959290720047 0.015061722419880056 0.044130495543542668 0.17507825930203713 0.017357572341790875 0.13304014599416406 0.0037014482108647553 0.10880150715510051 -0.25578719865192068 -0.041807286362898981 0.21805492296814918 0.12310540825128556 -0.066218053672595742 0.10978093122442563 -0.060298414751887325
leaf_weight=1254 4546 15.999999999999998 14.999999999999998 20 47 27 19 35 111 15.999999999999998 4629 14.999999999999998 22 19 30 20 28 21 60
leaf_count=1254 4546 16 15 20 47 27 19 35 111 16 4629 15 22 19 30 20 28 21 60
internal_value=-5.16693e-12 0.00717095 0.00416477 0.089431 -0.0699858 -0.102602 0.149544 0.00882536 0.0551673 0.00349786 -0.00119134 -0.00577098 -0.0899908 -0.00458479 0.117292 -0.00589271 -0.00516472 0.00335913 0.00288251
internal_weight=10950 1560 1505 55 89 74 39 1416 146 1270 9390 4680 65 4615 49 4566 43 4710 4689
internal_count=10950 1560 1505 55 89 74 39 1416 146 1270 9390 4680 65 4615 49 4566 43 4710 4689
is_linear=0
shrinkage=0.1


Tree=57
num_leaves=10
num_cat=0
split_feature=1 1 8 6 8 0 8 6 0
split_gain=10.7252 24.6548 9.14528 23.3366 32.3971 12.6095 28.2613 16.7194 10.3395
threshold=25.500000000000004 21.500000000000004 1.5000000000000002 2.3833762875235442 1.0000000180025095e-35 1.0000000180025095e-35 2.5000000000000004 2.3166155591656206 3.5000000000000004
decision_type=2 2 2 2 2 2 2 2 2
left_child=1 2 3 4 -1 7 -7 -4 -5
right_child=-2 -3 5 8 -6 6 -8 -9 -10
leaf_value=-0.003983382041759553 -0.08450045804182689 0.11393008122318669 -0.004201034693533565 -0.020713033161911309 0.040455279584790838 -0.039551414198514011 0.0028783382608292413 -0.040436880733944816 -0.10713755802104348
leaf_weight=355 14.999999999999998 19 3602 51 305 161 6291 132 19
leaf_count=355 15 19 3602 51 305 161 6291 132 19
internal_value=-8.06009e-11 0.000115913 -8.21881e-05 0.0107298 0.0165527 -0.000857053 0.00181957 -0.005482 -0.0441711
internal_weight=10950 10935 10916 730 660 10186 6452 3734 70
internal_count=10950 10935 10916 730 660 10186 6452 3734 70
is_linear=0
shrinkage=0.1


Tree=58
num_leaves=7
num_cat=0
split_feature=1 4 4 10 6 1
split_gain=9.26212 23.2111 15.8983 69.7432 32.8721 20.502
threshold=23.500000000000004 17.785714285714288 15.357142857142859 7.5000000000000009 6.7027588307436234 16.500000000000004
decision_type=2 2 2 2 2 2
left_child=1 2 4 -4 5 -1
right_child=-2 -3 3 -5 -6 -7
leaf_value=0.00028400205380858351 -0.064819710125977356 0.098365259791413945 0.065042043468427096 -0.19588456094264983 0.13909586571595248 -0.053629255063936745
leaf_weight=10775 22 24 21 20 17 71
leaf_count=10775 22 24 21 20 17 71
internal_value=-8.73401e-11 0.000130493 -8.57239e-05 -0.0622392 0.000148861 -6.89245e-05
internal_weight=10950 10928 10904 41 10863 10846
internal_count=10950 10928 10904 41 10863 10846
is_linear=0
shrinkage=0.1


Tree=59
num_leaves=20
num_cat=0
split_feature=8 2 1 4 8 7 8 9 1 6 3 5 4 8 9 4 3 9 6
split_gain=8.49216 22.1029 17.6837 10.3015 14.8187 45.4898 35.9015 28.9289 13.9476 16.625 11.8015 8.6628 5.97106 4.72816 4.26456 4.08601 3.53601 3.34523 2.41829
threshold=28.500000000000004 1.5000000000000002 1.5000000000000002 0.2142857142857143 14.500000000000002 0.23214285714285718 20.500000000000004 1.0000000180025095e-35 5.5000000000000009 2.3833762875235442 3.5000000000000004 1.517857142857143 0.35714285714285715 7.5000000000000009 4.5000000000000009 0.92857142857142871 1.5000000000000002 3.5000000000000004 0.94457359363304438
decision_type=2 2 2 2 2 2 2 2 2 2 2 2 2 2 2 2 2 2 2
left_child=3 12 18 11 8 6 -6 -7 9 -5 -10 13 17 16 15 -14 -1 -2 -3
right_child=1 2 -4 4 5 7 -8 -9 10 -11 -12 -13 14 -15 -16 -17 -18 -19 -20
leaf_value=0.013775445212577953 -0.018049568571150306 -0.034078875780105586 0.11049532380117022 -0.0020313732943545992 0.21346296005778842 0.024105854558113676 0.036928202630951999 0.0013186867353164218 0.013342561278457069 -0.034048042611064894 0.083487426705898787 -0.065032663996572856 -0.030774019299436819 -0.010896621501862458 -0.052458501374969879 0.011097751996879068 -0.023433554124447607 0.026557999952086089 0.021810476109385492
leaf_weight=145 40 15.000000000000002 23 4685 18 650 32 3899 106 168 31 27 139 793 75 28 31 29 15.999999999999998
leaf_count=145 40 15 23 4685 18 650 32 3899 106 168 31 27 139 793 75 28 31 29 16
internal_value=9.52678e-11 -0.0149969 0.0440588 0.000517134 0.00152255 0.0056174 0.100481 0.00457471 -0.00225143 -0.00313972 0.0292148 -0.00916255 -0.0252509 -0.0076058 -0.0326497 -0.0237536 0.00722159 0.00069854 -0.00523276
internal_weight=10950 365 54 10585 9589 4599 50 4549 4990 4853 137 996 311 969 242 167 176 69 31
internal_count=10950 365 54 10585 9589 4599 50 4549 4990 4853 137 996 311 969 242 167 176 69 31
is_linear=0
shrinkage=0.1


Tree=60
num_leaves=8
num_cat=0
split_feature=0 5 3 5 1 1 4
split_gain=8.58556 18.1161 36.1303 30.5461 10.4703 72.3473 45.4441
threshold=25.500000000000004 16.357142857142858 14.500000000000002 15.000000000000002 14.500000000000002 16.500000000000004 13.357142857142859
decision_type=2 2 2 2 2 2 2
left_child=1 3 -3 4 6 -6 -1
right_child=-2 2 -4 -5 5 -7 -8
leaf_value=8.8539297181925282e-05 -0.075603359738985701 -0.052579080942086881 0.1384122436877358 -0.1303105781475703 0.11128928570962343 -0.026635688957343303 -0.10539377289483461
leaf_weight=10672 14.999999999999998 15.999999999999998 26 18 61 101 41
leaf_count=10672 15 16 26 18 61 101 41
internal_value=7.05479e-11 0.000103708 0.0656536 -0.000149032 6.64081e-05 0.025299 -0.000315155
internal_weight=10950 10935 42 10893 10875 162 10713
internal_count=10950 10935 42 10893 10875 162 10713
is_linear=0
shrinkage=0.1


Tree=61
num_leaves=14
num_cat=0
split_feature=2 2 5 4 4 2 4 4 4 9 4 5 5
split_gain=8.79916 12.7094 39.8458 51.1742 34.7192 16.5693 83.359 46.2001 38.6393 49.9303 22.3009 14.9471 8.45639
threshold=23.500000000000004 17.500000000000004 11.267857142857144 12.785714285714286 16.142857142857146 14.500000000000002 10.928571428571431 9.071428571428573 14.642857142857144 2.5000000000000004 14.928571428571431 12.339285714285717 10.017857142857144
decision_type=2 2 2 2 2 2 2 2 2 2 2 2 2
left_child=1 5 12 -4 -5 8 7 -7 11 -10 -8 -1 -3
right_child=-2 2 3 4 -6 6 10 -9 9 -11 -12 -13 -14
leaf_value=1.9061185791462875e-05 -0.063178966803984202 0.00010817150274912513 0.22268478760593818 -0.095948017636934918 0.10756950221563642 -0.029219270876098064 -0.086663617588141395 0.16288308671542578 -0.0080961866080760964 0.19606285232888618 -0.22983180955052376 -0.066390491408460289 -0.10607653637727102
leaf_weight=10661 22 15.000000000000002 19 14.999999999999998 19 31 34 21 25 23 15.999999999999998 34 14.999999999999998
leaf_count=10661 22 15 19 15 19 31 34 21 25 23 16 34 15
internal_value=-4.52504e-11 0.00012719 0.0391095 0.0912379 0.0177824 -0.000171153 -0.0402855 0.0483605 0.000209716 0.08973 -0.132477 -0.000192058 -0.0529842
internal_weight=10950 10928 83 53 34 10845 102 52 10743 48 50 10695 30
internal_count=10950 10928 83 53 34 10845 102 52 10743 48 50 10695 30
is_linear=0
shrinkage=0.1


Tree=62
num_leaves=20
num_cat=0
split_feature=9 10 4 2 6 8 4 6 8 0 1 0 6 2 1 0 1 4 6
split_gain=7.82454 20.8623 60.9196 28.2775 70.6331 26.4672 21.346 22.442 18.0116 31.6993 26.8964 101.201 37.9886 31.935 40.0944 26.891 21.418 17.5098 15.5364
threshold=3.5000000000000004 10.500000000000002 10.500000000000002 10.500000000000002 3.8007614647802193 18.500000000000004 1.0714285714285716 3.4709986202323297 24.500000000000004 8.5000000000000018 14.500000000000002 12.500000000000002 4.872611914594807 17.500000000000004 10.500000000000002 7.5000000000000009 10.500000000000002 3.785714285714286 1.6696188854741321
decision_type=2 2 2 2 2 2 2 2 2 2 2 2 2 2 2 2 2 2 2
left_child=8 5 3 4 -3 17 -7 -8 10 15 13 12 -12 14 -1 -10 -11 18 -2
right_child=1 2 -4 -5 -6 6 7 -9 9 16 11 -13 -14 -15 -16 -17 -18 -19 -20
leaf_value=7.2450805653602289e-05 -0.0036802207094149032 -0.0087518702069724914 -0.1761625606228005 -0.1245233926922083 0.20377206290140748 -0.0025461338446882455 0.035727798424983546 0.0053847764513622496 -0.011810290255561601 -0.095637159794569021 0.30851045091946916 -0.065992618018183222 0.083451786184062571 0.14500779904425146 -0.06690222401745044 0.08943838157035687 0.023725147859046336 -0.065879889996722341 0.014816008820232433
leaf_weight=5035 1868 692 22 20 15.999999999999998 412 650 390 922 72 15.000000000000002 29 14.999999999999998 14.999999999999998 91 27 19 40 600
leaf_count=5035 1868 692 22 20 16 412 650 390 922 72 15 29 15 15 91 27 19 40 600
internal_value=-2.53474e-11 0.00307684 -0.012216 -0.00726155 -0.00394907 0.0059732 0.0167177 0.0243492 -0.00232242 -0.0143359 8.02792e-05 0.0672144 0.195981 -0.000690176 -0.00111653 -0.00892966 -0.0707154 -0.000247306 0.000816432
internal_weight=10950 4710 750 728 708 3960 1452 1040 6240 1040 5200 59 30 5141 5126 949 91 2508 2468
internal_count=10950 4710 750 728 708 3960 1452 1040 6240 1040 5200 59 30 5141 5126 949 91 2508 2468
is_linear=0
shrinkage=0.1


Tree=63
num_leaves=12
num_cat=0
split_feature=2 4 1 4 4 1 4 10 5 2 4
split_gain=8.10812 11.544 48.5619 66.7545 35.9754 35.2045 58.5809 37.4856 30.8173 27.7195 28.6565
threshold=23.500000000000004 13.928571428571431 10.500000000000002 15.357142857142859 16.142857142857146 16.500000000000004 11.214285714285717 4.5000000000000009 11.857142857142859 18.500000000000004 12.071428571428573
decision_type=2 2 2 2 2 2 2 2 2 2 2
left_child=1 5 -3 -4 -5 9 7 -7 -8 10 -1
right_child=-2 2 3 4 -6 6 8 -9 -10 -11 -12
leaf_value=-0.00040510687075507348 -0.060647366670044993 -0.12305245329351987 0.18662205224150216 -0.120931954944835 0.048821738346460024 -0.10866635690132778 -0.076754962770562429 0.092851485249896851 -0.26511736451648177 0.099635887784617294 0.064718687074149364
leaf_weight=10648 22 17 29 17 47 14.999999999999998 19 24 15.999999999999998 28 68
leaf_count=10648 22 17 29 17 47 15 19 24 16 28 68
internal_value=-2.48512e-13 0.000122094 0.0323539 0.0607615 0.00373091 -0.000205647 -0.068943 0.0153446 -0.162863 0.000267786 8.14602e-06
internal_weight=10950 10928 110 93 64 10818 74 39 35 10744 10716
internal_count=10950 10928 110 93 64 10818 74 39 35 10744 10716
is_linear=0
shrinkage=0.1


Tree=64
num_leaves=20
num_cat=0
split_feature=8 5 8 5 3 9 5 7 9 3 6 1 5 4 3 3 5 1 2
split_gain=7.78464 21.7624 19.6749 41.9448 31.1555 27.5351 20.2179 15.4885 10.9779 36.5809 52.0661 39.0579 27.2151 84.8299 25.7816 60.732 58.8078 25.4784 22.9171
threshold=1.5000000000000002 3.8750000000000004 1.0000000180025095e-35 1.1250000000000002 1.5000000000000002 5.5000000000000009 3.2678571428571432 0.5892857142857143 5.5000000000000009 13.500000000000002 4.4379935189811937 11.500000000000002 10.303571428571431 8.6428571428571441 15.500000000000002 14.500000000000002 16.839285714285719 16.500000000000004 17.500000000000004
decision_type=2 2 2 2 2 2 2 2 2 2 2 2 2 2 2 2 2 2 2
left_child=1 2 3 7 6 -6 -4 -1 14 12 -11 -12 13 -10 15 18 17 -16 -2
right_child=8 -3 4 -5 5 -7 -8 -9 9 10 11 -13 -14 -15 16 -17 -18 -19 -20
leaf_value=0.023478946740825422 -0.0022477284742494336 -0.10922979642947515 0.083310562347699166 -0.061325628843475533 0.020398128254492668 -0.082766851584116619 -0.030731778927858819 -0.062303768697640177 0.0032879520875388995 0.22689958595567281 -0.079925246615158888 0.12871814738301671 -0.091697998961497995 0.21603463731314007 -0.056420407172602917 0.14564740844070911 0.10360751003026963 -0.19656171940267086 0.068525457345759086
leaf_weight=248 8529 14.999999999999998 114 94 188 30 18 23 1382 18 19 17 29 19 96 28 22 14.999999999999998 46
leaf_count=248 8529 15 114 94 188 30 18 23 1382 18 19 17 29 19 96 28 22 15 46
internal_value=5.97904e-11 0.00997645 0.0124773 -0.00376662 0.0294174 0.00620111 0.0677593 0.0161985 -0.000712604 0.00723934 0.0880337 0.0186008 0.00418837 0.00617317 -0.00206342 -0.00138796 -0.045755 -0.0753584 -0.00186807
internal_weight=10950 730 715 365 350 218 132 271 10220 1484 54 36 1430 1401 8736 8603 133 111 8575
internal_count=10950 730 715 365 350 218 132 271 10220 1484 54 36 1430 1401 8736 8603 133 111 8575
is_linear=0
shrinkage=0.1


Tree=65
num_leaves=8
num_cat=0
split_feature=0 5 3 5 5 5 1
split_gain=8.03527 11.9531 28.3679 23.1314 11.5179 22.9254 19.0564
threshold=25.500000000000004 16.357142857142858 14.500000000000002 15.000000000000002 13.732142857142859 12.410714285714286 16.500000000000004
decision_type=2 2 2 2 2 2 2
left_child=1 3 -3 4 5 -1 -6
right_child=-2 2 -4 -5 6 -7 -8
leaf_value=0.00018474468947338131 -0.073140327533086136 -0.051419211528263987 0.11781622053912054 -0.11337254974577163 0.13686451888643203 -0.076623572079608071 -0.020025556782881419
leaf_weight=10805 14.999999999999998 15.999999999999998 26 18 16.000000000000004 39 14.999999999999998
leaf_count=10805 15 16 26 18 16 39 15
internal_value=-4.1074e-11 0.00010033 0.0533456 -0.000104967 8.251e-05 -9.14933e-05 0.06095
internal_weight=10950 10935 42 10893 10875 10844 31
internal_count=10950 10935 42 10893 10875 10844 31
is_linear=0
shrinkage=0.1


Tree=66
num_leaves=10
num_cat=0
split_feature=2 0 9 9 0 5 6 1 5
split_gain=8.44587 11.5582 28.7154 25.1949 39.5266 13.0165 17.7285 68.2739 17.7882
threshold=23.500000000000004 18.500000000000004 1.0000000180025095e-35 4.5000000000000009 20.500000000000004 16.357142857142858 6.0661202798106135 10.500000000000002 12.660714285714286
decision_type=2 2 2 2 2 2 2 2 2
left_child=1 5 -3 -4 -5 6 8 -8 -1
right_child=-2 2 3 4 -6 -7 7 -9 -10
leaf_value=-0.00025328646745542894 -0.061897638440132144 0.13847583163352239 -0.081358214467763909 0.17431826353073118 -0.05525114456812541 0.071931590063497419 0.057657572627067569 -0.16937948630915747 0.072192510973443008
leaf_weight=10743 22 21 22 15.000000000000002 14.999999999999998 25 26 27 34
leaf_count=10743 22 21 22 15 15 25 26 27 34
internal_value=-1.39236e-11 0.000124611 0.0397824 -7.44987e-05 0.0595336 -0.000142088 -0.000308464 -0.0580028 -2.47296e-05
internal_weight=10950 10928 73 52 30 10855 10830 53 10777
internal_count=10950 10928 73 52 30 10855 10830 53 10777
is_linear=0
shrinkage=0.1


Tree=67
num_leaves=10
num_cat=0
split_feature=5 0 3 9 6 2 8 3 0
split_gain=8.20065 25.8242 13.8445 63.0475 54.7928 32.7417 72.9278 61.8046 23.6077
threshold=17.803571428571434 23.500000000000004 15.500000000000002 5.5000000000000009 4.6090804009740074 17.500000000000004 23.500000000000004 14.500000000000002 8.5000000000000018
decision_type=2 2 2 2 2 2 2 2 2
left_child=1 2 5 8 -5 7 -7 -1 -4
right_child=-2 -3 3 4 -6 6 -8 -9 -10
leaf_value=-0.00045683325544096745 -0.05720813342928887 0.11981020867824554 -0.11966559605950372 0.23262031899144253 -0.020213483422994616 0.15492453232783682 -0.076218202284404221 0.14327723724146685 -0.028551553077219679
leaf_weight=10663 25 18 47 14.999999999999998 20 39 21 30 72
leaf_count=10663 25 18 47 15 20 39 21 30 72
internal_value=-6.13862e-11 0.000130911 -6.65977e-05 -0.0298374 0.0881439 0.000359767 0.0740246 -5.35767e-05 -0.0645378
internal_weight=10950 10925 10907 154 35 10753 60 10693 119
internal_count=10950 10925 10907 154 35 10753 60 10693 119
is_linear=0
shrinkage=0.1


Tree=68
num_leaves=6
num_cat=0
split_feature=1 1 5 0 1
split_gain=7.19379 15.9533 10.8876 17.1817 14.9652
threshold=25.500000000000004 21.500000000000004 17.803571428571434 22.500000000000004 10.500000000000002
decision_type=2 2 2 2 2
left_child=1 2 3 4 -1
right_child=-2 -3 -4 -5 -6
leaf_value=0.00061185548049843478 -0.069204700017968815 0.091647645046836465 -0.082494716066867119 0.092658285908401028 -0.0190726138609566
leaf_weight=10479 14.999999999999998 19 15.999999999999998 20 401
leaf_count=10479 15 19 16 20 401
internal_value=4.00564e-11 9.4931e-05 -6.44223e-05 5.65763e-05 -0.000113647
internal_weight=10950 10935 10916 10900 10880
internal_count=10950 10935 10916 10900 10880
is_linear=0
shrinkage=0.1


Tree=69
num_leaves=8
num_cat=0
split_feature=0 5 3 5 5 5 4
split_gain=8.13882 9.95577 23.1386 19.9704 9.85327 25.6735 14.1004
threshold=25.500000000000004 16.357142857142858 14.500000000000002 15.000000000000002 13.392857142857144 12.410714285714286 13.500000000000002
decision_type=2 2 2 2 2 2 2
left_child=1 3 -3 4 5 -1 -6
right_child=-2 2 -4 -5 6 -7 -8
leaf_value=0.00018734509422100543 -0.073610090613365181 -0.045922918245196342 0.10692038997434652 -0.10533053709401026 0.1263681784272194 -0.086845942115520727 -0.00057555868600805602
leaf_weight=10805 14.999999999999998 15.999999999999998 26 18 14.999999999999998 34 21
leaf_count=10805 15 16 26 18 15 34 21
internal_value=6.90864e-12 0.000100974 0.0486944 -8.63869e-05 8.78104e-05 -8.56627e-05 0.0523177
internal_weight=10950 10935 42 10893 10875 10839 36
internal_count=10950 10935 42 10893 10875 10839 36
is_linear=0
shrinkage=0.1


Tree=70
num_leaves=14
num_cat=0
split_feature=2 1 3 8 4 5 5 4 5 0 4 2 10
split_gain=7.1575 8.63246 33.8253 64.2738 37.8974 22.6788 46.7127 63.3757 40.5137 34.8629 21.5659 39.6321 28.4585
threshold=23.500000000000004 6.5000000000000009 1.5000000000000002 22.500000000000004 5.7857142857142865 7.7678571428571432 7.5535714285714297 8.6428571428571441 7.9464285714285721 14.500000000000002 6.0714285714285721 4.5000000000000009 4.5000000000000009
decision_type=2 2 2 2 2 2 2 2 2 2 2 2 2
left_child=1 5 3 4 -3 6 7 -1 -7 -10 11 -4 -12
right_child=-2 2 10 -5 -6 8 -8 -9 9 -11 12 -13 -14
leaf_value=-0.00087026376491135596 -0.056981345926496119 0.064077611734631196 0.018804752232418176 0.24273934451972737 -0.11489806075890859 -0.17220389391295612 0.14212875767894415 0.20483775744835536 -0.039866240991762392 0.11419743404668921 -0.020601049358924477 -0.078925971918534954 0.021829687024588172
leaf_weight=9698 22 56 84 17 14.999999999999998 20 23 14.999999999999998 108 17 218 82 575
leaf_count=9698 22 56 84 17 15 20 23 15 108 17 218 82 575
internal_value=-3.37024e-11 0.000114714 0.00874895 0.0680846 0.0262658 -0.000800179 -0.000215519 -0.000552584 -0.0400571 -0.0189136 0.00330418 -0.0294719 0.0101652
internal_weight=10950 10928 1047 88 71 9881 9736 9713 145 125 959 166 793
internal_count=10950 10928 1047 88 71 9881 9736 9713 145 125 959 166 793
is_linear=0
shrinkage=0.1


Tree=71
num_leaves=8
num_cat=0
split_feature=0 5 2 5 1 1 1
split_gain=7.07143 7.79873 20.2112 16.5092 8.37114 52.0434 40.0156
threshold=25.500000000000004 16.357142857142858 15.500000000000002 15.000000000000002 14.500000000000002 16.500000000000004 13.500000000000002
decision_type=2 2 2 2 2 2 2
left_child=1 3 -3 4 6 -6 -1
right_child=-2 2 -4 -5 5 -7 -8
leaf_value=8.0025587119366559e-05 -0.068613630135854087 0.13153214287012815 -0.01131594845881829 -0.095762016044722675 0.095581045062815562 -0.021399738606397468 -0.11191255147568882
leaf_weight=10681 14.999999999999998 15.999999999999998 26 18 61 101 32
leaf_count=10681 15 16 26 18 61 101 32
internal_value=6.24233e-11 9.41203e-05 0.0431024 -7.17061e-05 8.66779e-05 0.0226486 -0.000254499
internal_weight=10950 10935 42 10893 10875 162 10713
internal_count=10950 10935 42 10893 10875 162 10713
is_linear=0
shrinkage=0.1


Tree=72
num_leaves=12
num_cat=0
split_feature=10 2 5 6 4 6 2 2 0 4 4
split_gain=6.8864 50.9616 67.4956 48.1192 50.6904 30.3525 10.6039 12.7875 21.3825 8.72872 15.1257
threshold=1.5000000000000002 10.500000000000002 9.8035714285714306 4.4379935189811937 5.9285714285714297 4.9530963244207902 23.500000000000004 19.500000000000004 15.500000000000002 18.785714285714288 15.500000000000002
decision_type=2 2 2 2 2 2 2 2 2 2 2
left_child=1 2 3 4 -1 -3 7 9 -9 10 -2
right_child=6 5 -4 -5 -6 -7 -8 8 -10 -11 -12
leaf_value=0.0085503787807376993 -0.00072006481054252749 0.217825079895556 -0.18794848860965835 0.15369751460172915 -0.12377395045633117 0.025217945873737338 -0.075399210205987888 0.13616058960970906 -0.015935014815706954 0.075385794434696451 -0.065657288394868382
leaf_weight=827 9913 18 18 22 30 14.999999999999998 19 18 19 14.999999999999998 36
leaf_count=827 9913 18 18 22 30 15 19 18 19 15 36
internal_value=2.69799e-11 0.00823155 0.0037416 0.007667 0.00391826 0.130276 -0.000764006 -0.000622213 0.0580574 -0.000840112 -0.000955037
internal_weight=10950 930 897 879 857 33 10020 10001 37 9964 9949
internal_count=10950 930 897 879 857 33 10020 10001 37 9964 9949
is_linear=0
shrinkage=0.1


Tree=73
num_leaves=7
num_cat=0
split_feature=5 0 0 0 2 4
split_gain=6.99209 19.9154 12.7851 14.1656 20.455 17.0825
threshold=17.803571428571434 23.500000000000004 20.500000000000004 18.500000000000004 22.500000000000004 12.642857142857144
decision_type=2 2 2 2 2 2
left_child=1 2 3 4 -1 -5
right_child=-2 -3 -4 5 -6 -7
leaf_value=-0.0002835695835408077 -0.052824705868959432 0.10522028139481943 -0.086706546650213365 0.12770878970623017 0.1165732283393542 -0.01253169383853674
leaf_weight=10840 25 18 17 19 14.999999999999998 15.999999999999998
leaf_count=10840 25 18 17 19 15 16
internal_value=1.53278e-11 0.00012088 -5.25669e-05 8.27056e-05 -0.000122091 0.0635989
internal_weight=10950 10925 10907 10890 10855 35
internal_count=10950 10925 10907 10890 10855 35
is_linear=0
shrinkage=0.1


Tree=74
num_leaves=11
num_cat=0
split_feature=0 5 3 3 9 6 3 0 2 1
split_gain=7.10171 7.63269 18.9697 13.9788 51.0431 65.445 41.5628 80.553 25.4132 21.1838
threshold=25.500000000000004 16.357142857142858 14.500000000000002 15.500000000000002 5.5000000000000009 4.7220573954992382 13.500000000000002 12.500000000000002 17.500000000000004 9.5000000000000018
decision_type=2 2 2 2 2 2 2 2 2 2
left_child=1 3 -3 6 9 -6 8 -8 -1 -5
right_child=-2 2 -4 4 5 -7 7 -9 -10 -11
leaf_value=-0.0004851719584918214 -0.068760385314623515 -0.043028461467474702 0.09536272324621678 -0.11781095071187751 0.22288297447375954 -0.05889749632162207 0.15865803147158164 -0.069094574141005671 0.071697013392778383 -0.027958112439283957
leaf_weight=10634 14.999999999999998 15.999999999999998 26 44 15.999999999999998 17 44 24 49 65
leaf_count=10634 15 16 26 44 16 17 44 24 49 65
internal_value=-6.29727e-11 9.43215e-05 0.0426423 -6.97301e-05 -0.0312401 0.0777233 0.00034197 0.0782748 -0.000154092 -0.064229
internal_weight=10950 10935 42 10893 142 33 10751 68 10683 109
internal_count=10950 10935 42 10893 142 33 10751 68 10683 109
is_linear=0
shrinkage=0.1


Tree=75
num_leaves=20
num_cat=0
split_feature=9 6 0 4 0 0 8 4 3 5 6 4 6 3 1 4 0 6 4
split_gain=6.90646 29.6917 40.8476 38.0184 40.6405 31.6771 29.9225 49.9696 25.9771 21.9268 16.1255 45.9694 35.2578 15.2449 75.4236 87.1603 66.1739 21.0123 48.4336
threshold=1.0000000180025095e-35 4.7220573954992382 8.5000000000000018 5.9285714285714297 13.500000000000002 9.5000000000000018 10.500000000000002 3.0714285714285716 10.500000000000002 1.6964285714285716 6.2941793083053676 14.928571428571431 6.7027588307436234 13.500000000000002 9.5000000000000018 9.3571428571428594 10.500000000000002 4.872611914594807 7.7857142857142865
decision_type=2 2 2 2 2 2 2 2 2 2 2 2 2 2 2 2 2 2 2
left_child=1 2 6 -4 -5 -3 9 -8 -7 -1 13 12 -12 17 16 -16 -15 -2 -19
right_child=10 5 3 4 -6 8 7 -9 -10 -11 11 -13 -14 14 15 -17 -18 18 -20
leaf_value=0.0026257338023128796 -0.00066128663591250546 -0.040155823249369865 0.082979535261789972 -0.14778387023413436 0.0061608227314772432 0.2064855227712542 0.0096483372324272839 0.079053394893599943 0.04320457471828712 -0.040424705490780373 -0.087894820835855272 -0.19743702556006612 0.11612429842352867 0.0097101088716751993 0.27427993793236582 0.039655469773631352 -0.19604089720682666 0.082428703882864551 -0.062275670422591217
leaf_weight=400 8989 15.999999999999998 14.999999999999998 47 27 20 727 121 19 168 18 15.999999999999998 15.999999999999998 54 19 95 22 28 133
leaf_count=400 8989 16 15 47 27 20 727 121 19 168 18 16 16 54 19 95 22 28 133
internal_value=5.90071e-11 0.00616157 0.00352421 -0.0621888 -0.0916149 0.0783292 0.00765448 0.0195517 0.126938 -0.0101075 -0.00102365 -0.0576622 0.00811418 -0.000720442 0.027316 0.0787595 -0.0498494 -0.00130262 -0.0371097
internal_weight=10950 1560 1505 89 74 55 1416 848 39 568 9390 50 34 9340 190 114 76 9150 161
internal_count=10950 1560 1505 89 74 55 1416 848 39 568 9390 50 34 9340 190 114 76 9150 161
is_linear=0
shrinkage=0.1


Tree=76
num_leaves=20
num_cat=0
split_feature=8 5 8 5 3 9 6 7 9 6 5 7 3 3 9 2 3 3 8
split_gain=6.8025 17.4514 16.5155 34.0015 24.9356 22.6344 17.1214 12.739 9.42226 23.3372 62.325 23.9884 36.0162 17.5406 14.1131 42.3234 70.6435 50.046 16.8389
threshold=1.5000000000000002 3.8750000000000004 1.0000000180025095e-35 1.1250000000000002 1.5000000000000002 5.5000000000000009 2.3833762875235442 0.41071428571428575 1.0000000180025095e-35 4.6090804009740074 10.482142857142859 0.98214285714285732 13.500000000000002 8.5000000000000018 3.5000000000000004 13.500000000000002 11.500000000000002 13.500000000000002 18.500000000000004
decision_type=2 2 2 2 2 2 2 2 2 2 2 2 2 2 2 2 2 2 2
left_child=1 2 3 7 6 -6 -4 -1 9 10 13 -11 -13 -2 15 17 -17 -10 -16
right_child=8 -3 4 -5 5 -7 -8 -9 14 11 -12 12 -14 -15 18 16 -18 -19 -20
leaf_value=-0.021048744081532303 0.0081734623524549951 -0.097422540163000435 0.074763328294622997 -0.055140377352251968 0.01918770253777187 -0.074347122659285864 -0.035585559718310837 0.027823010414446039 -0.005877117943030169 -0.036729861423373221 -0.1862525389474981 0.16275433527771385 -0.020998770464211704 -0.065624415784171136 -0.0028821452092114138 -0.011450697880151661 -0.23176733323118906 0.095764919438836527 0.0097904485684065096
leaf_weight=73 1341 14.999999999999998 116 94 188 30 15.999999999999998 198 4254 17 17 32 15.999999999999998 33 2669 43 22 49 1727
leaf_count=73 1341 15 116 94 188 30 16 198 4254 17 17 32 16 33 2669 43 22 49 1727
internal_value=-2.91644e-11 0.00932591 0.0115654 -0.00331725 0.0270859 0.00631594 0.0613877 0.0146583 -0.000666137 0.00678329 0.00404652 0.06535 0.101503 0.00640102 -0.00190374 -0.0059295 -0.0860194 -0.00471968 0.00209637
internal_weight=10950 730 715 365 350 218 132 271 10220 1456 1391 65 48 1374 8764 4368 65 4303 4396
internal_count=10950 730 715 365 350 218 132 271 10220 1456 1391 65 48 1374 8764 4368 65 4303 4396
is_linear=0
shrinkage=0.1


Tree=77
num_leaves=20
num_cat=0
split_feature=8 2 1 4 7 8 10 5 5 8 5 5 4 8 9 9 1 6 6
split_gain=6.28403 17.5004 14.101 7.15536 11.5084 32.5838 20.2599 9.37527 11.9437 9.19205 7.12347 7.12302 5.09067 3.75994 3.45161 4.32612 3.2583 1.99927 1.5689
threshold=28.500000000000004 1.5000000000000002 1.5000000000000002 0.2142857142857143 0.19642857142857145 11.500000000000002 6.5000000000000009 0.5178571428571429 0.55357142857142871 10.500000000000002 0.23214285714285718 1.517857142857143 0.2142857142857143 7.5000000000000009 4.5000000000000009 3.5000000000000004 1.0000000180025095e-35 0.94457359363304438 1.0173870612383271
decision_type=2 2 2 2 2 2 2 2 2 2 2 2 2 2 2 2 2 2 2
left_child=3 12 17 11 5 10 -7 9 -9 -6 -5 13 -2 16 15 -14 -1 -3 -16
right_child=1 2 -4 4 7 6 -8 8 -10 -11 -12 -13 14 -15 18 -17 -18 -19 -20
leaf_value=0.011604036296470256 0.013336003882189593 -0.030596361011266698 0.098973764236206602 -0.048237104909984695 -0.022239774027127665 0.15573683031227278 0.038978940496842071 0.040484678358412712 0.0011847490136552763 0.018468406615669238 0.025494386628270152 -0.058284442678645812 -0.024262378699916032 -0.0091453946515281243 -0.037236054668969974 0.026006601750850677 -0.033300160616636279 0.020220807101577521 -0.072966358860333758
leaf_weight=158 36 15.000000000000002 23 38 301 23 42 78 9019 68 20 27 173 793 68 19 18 15.999999999999998 14.999999999999998
leaf_count=158 36 15 23 38 301 23 42 78 9019 68 20 27 173 793 68 19 18 16 15
internal_value=2.22868e-11 -0.0129006 0.0396479 0.00044485 0.00128279 0.0316743 0.0802933 0.000887887 0.00152172 -0.014738 -0.0228125 -0.00762243 -0.0220248 -0.0062108 -0.0266539 -0.0192878 0.00701156 -0.00436815 -0.0436933
internal_weight=10950 365 54 10585 9589 123 65 9466 9097 369 58 996 311 969 275 192 176 31 83
internal_count=10950 365 54 10585 9589 123 65 9466 9097 369 58 996 311 969 275 192 176 31 83
is_linear=0
shrinkage=0.1


Tree=78
num_leaves=7
num_cat=0
split_feature=1 4 0 5 5 0
split_gain=5.84329 15.8641 14.1176 10.1755 63.8698 44.1984
threshold=23.500000000000004 17.785714285714288 20.500000000000004 13.392857142857144 12.410714285714286 15.500000000000002
decision_type=2 2 2 2 2 2
left_child=1 2 3 4 -1 -5
right_child=-2 -3 -4 5 -6 -7
leaf_value=0.00028817844095901756 -0.051484972492537723 0.081316385107735797 -0.069754211553211862 -0.021801930847458351 -0.1458253030354778 0.15814181963602703
leaf_weight=10785 22 24 29 39 30 21
leaf_count=10785 22 24 29 39 30 21
internal_value=1.5243e-12 0.000103648 -7.51031e-05 0.000110708 -0.000117129 0.0411784
internal_weight=10950 10928 10904 10875 10815 60
internal_count=10950 10928 10904 10875 10815 60
is_linear=0
shrinkage=0.1


Tree=79
num_leaves=13
num_cat=0
split_feature=2 4 1 4 1 4 5 0 4 4 0 1
split_gain=6.55971 9.04875 35.9977 49.8577 25.3477 51.4846 36.8516 26.7839 24.4034 23.7795 59.9337 30.9918
threshold=23.500000000000004 13.928571428571431 10.500000000000002 15.357142857142859 16.500000000000004 11.214285714285717 10.375000000000002 10.500000000000002 16.142857142857146 12.071428571428573 14.500000000000002 15.500000000000002
decision_type=2 2 2 2 2 2 2 2 2 2 2 2
left_child=1 4 -3 -4 9 6 -6 -7 -5 11 -11 -1
right_child=-2 2 3 8 5 7 -8 -9 -10 10 -12 -13
leaf_value=-0.00040723789484111979 -0.054549941285090012 -0.10515433882965762 0.16187619446166632 -0.098856420727337121 -0.056337324739918898 -0.24188265344128013 0.14346904774506888 -0.066278696217034999 0.040954707301360499 0.12563488655116248 -0.066725538253784175 0.11840472001243721
leaf_weight=10651 22 17 29 17 24 15.999999999999998 14.999999999999998 19 47 46 25 22
leaf_count=10651 22 17 29 17 24 16 15 19 47 46 25 22
internal_value=7.74772e-11 0.000109819 0.0286463 0.0531045 -0.000180347 -0.0585065 0.0205113 -0.146555 0.00381738 0.000221377 0.0579023 -0.000162334
internal_weight=10950 10928 110 93 10818 74 39 35 64 10744 71 10673
internal_count=10950 10928 110 93 10818 74 39 35 64 10744 71 10673
is_linear=0
shrinkage=0.1


Tree=80
num_leaves=20
num_cat=0
split_feature=1 10 5 3 1 4 2 6 4 10 2 9 9 10 3 1 6 1 0
split_gain=6.36006 53.0165 32.8424 39.616 30.2272 39.8066 157.662 75.0471 41.9925 53.6858 30.8299 23.7923 29.1331 38.7348 28.3758 26.8454 45.2108 38.1606 20.8172
threshold=10.500000000000002 3.5000000000000004 11.589285714285717 10.500000000000002 8.5000000000000018 6.3571428571428585 3.5000000000000004 3.0678948373552886 5.3571428571428585 6.5000000000000009 5.5000000000000009 4.5000000000000009 3.5000000000000004 10.500000000000002 9.5000000000000018 12.500000000000002 4.8126902317970144 11.500000000000002 8.5000000000000018
decision_type=2 2 2 2 2 2 2 2 2 2 2 2 2 2 2 2 2 2 2
left_child=4 2 3 -2 18 8 -7 -8 9 -6 -10 12 13 -3 -14 17 -17 -13 -1
right_child=1 11 -4 -5 5 6 7 -9 10 -11 -12 15 14 -15 -16 16 -18 -19 -20
leaf_value=0.00051314415194651992 -0.10162078134715558 -0.017952903122432643 -0.21709590554237368 0.064906076951883732 0.16980545187697693 0.36005399702116847 0.18881519901752475 -0.00048997037278762623 -0.21877792795499162 -0.085407247766852379 -0.016030500928560894 0.023299916494976394 -0.16477947910739618 0.1001899945310184 -0.02399941831827164 -0.046155343751112625 0.086441711063186336 0.22626808919012548 -0.025130068546087004
leaf_weight=9930 50 134 14.999999999999998 20 17 15.999999999999998 25 129 15.000000000000002 15.999999999999998 14.999999999999998 22 22 35 41 60 45 15.999999999999998 327
leaf_count=9930 50 134 15 20 17 16 25 129 15 16 15 22 22 35 41 60 45 16 327
internal_value=9.11737e-11 -0.0115089 -0.082816 -0.0540417 0.000504678 0.0361205 0.0612826 0.0302414 -0.031777 0.046066 -0.117404 0.00465408 -0.0151214 0.00651456 -0.0731607 0.0367374 0.010672 0.10876 -0.000304379
internal_weight=10950 460 85 70 10490 233 170 154 63 33 30 375 232 169 63 143 105 38 10257
internal_count=10950 460 85 70 10490 233 170 154 63 33 30 375 232 169 63 143 105 38 10257
is_linear=0
shrinkage=0.1


Tree=81
num_leaves=13
num_cat=0
split_feature=2 4 1 4 9 1 10 6 9 1 5 6
split_gain=5.79265 7.71177 28.9658 40.9163 24.8183 21.232 47.8543 38.9743 35.8556 26.3604 26.2863 25.4826
threshold=23.500000000000004 13.928571428571431 10.500000000000002 15.357142857142859 3.5000000000000004 10.500000000000002 3.5000000000000004 5.680592348192774 5.5000000000000009 8.5000000000000018 10.803571428571431 5.680592348192774
decision_type=2 2 2 2 2 2 2 2 2 2 2 2
left_child=1 5 -3 -4 -5 7 8 9 -7 -1 -9 -8
right_child=-2 2 3 4 -6 6 11 10 -10 -11 -12 -13
leaf_value=-0.00045534946214064213 -0.051261413914405488 -0.093575314739171203 0.14692363990791912 -0.058534938620869073 0.06600997899658978 -0.13032488837838171 0.0039417398030187675 -0.009354337006807328 0.034196968288982617 0.035589739332056565 0.15575123716283729 -0.11067861233438765
leaf_weight=10217 22 17 29 32 32 60 254 14.999999999999998 17 207 27 21
leaf_count=10217 22 17 29 32 32 60 254 15 17 207 27 21
internal_value=4.9056e-11 0.000103198 0.0264473 0.048387 0.00373752 -0.000164675 -0.0243216 0.000647787 -0.0940019 0.000260435 0.096785 -0.00481109
internal_weight=10950 10928 110 93 64 10818 352 10466 77 10424 42 275
internal_count=10950 10928 110 93 64 10818 352 10466 77 10424 42 275
is_linear=0
shrinkage=0.1


Tree=82
num_leaves=15
num_cat=0
split_feature=10 2 5 3 6 6 2 5 5 3 6 9 2 6
split_gain=5.84872 42.1104 49.9658 37.1216 23.5243 22.1383 8.89491 7.45428 30.0115 81.2391 26.6539 59.4338 36.1692 18.7311
threshold=1.5000000000000002 10.500000000000002 9.8035714285714306 9.5000000000000018 4.9530963244207902 3.2178551365177173 23.500000000000004 8.5892857142857171 7.7678571428571432 7.5000000000000009 3.6385653980085126 2.5000000000000004 5.5000000000000009 3.8772623276074114
decision_type=2 2 2 2 2 2 2 2 2 2 2 2 2 2
left_child=1 2 3 5 -3 -1 7 8 13 -10 11 -9 -12 -2
right_child=6 4 -4 -5 -6 -7 -8 10 9 -11 12 -13 -14 -15
leaf_value=0.007976007104531271 -6.3497296889590473e-05 0.19560166638758447 -0.16142498759759799 0.14901148879693613 0.026037743488947551 -0.059336833874336803 -0.069060894905736567 -0.042690802230076361 0.051804720714760666 -0.14450095770310384 0.076747662747899695 0.1769491599074432 -0.0058972293659585208 -0.03220259441918618
leaf_weight=809 9169 18 18 18 14.999999999999998 52 19 22 37 49 60 28 451 185
leaf_count=809 9169 18 18 18 15 52 19 22 37 49 60 28 451 185
internal_value=-2.2171e-11 0.00758605 0.00350461 0.006882 0.118527 0.00391066 -0.000704095 -0.00057423 -0.00123977 -0.0600439 0.0106249 0.0803076 0.00380667 -0.000699133
internal_weight=10950 930 897 879 33 861 10020 10001 9440 86 561 50 511 9354
internal_count=10950 930 897 879 33 861 10020 10001 9440 86 561 50 511 9354
is_linear=0
shrinkage=0.1


Tree=83
num_leaves=12
num_cat=0
split_feature=8 4 4 4 3 3 3 2 5 2 1
split_gain=6.18775 32.2129 28.4461 33.2438 29.5727 11.0712 14.6637 32.7894 18.5304 42.118 3.21833
threshold=25.500000000000004 13.500000000000002 12.071428571428573 11.357142857142859 11.500000000000002 23.500000000000004 19.500000000000004 15.500000000000002 17.410714285714288 19.500000000000004 11.500000000000002
decision_type=2 2 2 2 2 2 2 2 2 2 2
left_child=5 2 3 4 -2 6 8 -8 9 -1 -4
right_child=1 -3 10 -5 -6 -7 7 -9 -10 -11 -12
leaf_value=0.00085108195239297574 -0.0080388363301446483 -0.14717191234230995 0.059063997119665139 -0.13458630464971066 0.059578614451867698 0.075255500557832422 0.031691181100904936 -0.17410712967316311 -0.084978875696659087 0.11952800345917543 0.12353882730007171
leaf_weight=9384 1325 15.999999999999998 16.000000000000004 20 68 20 16.000000000000004 14.999999999999998 25 30 14.999999999999998
leaf_count=9384 1325 16 16 20 68 20 16 15 25 30 15
internal_value=4.88144e-11 -0.0060606 -0.00449704 -0.00657596 -0.00473806 0.000932401 0.000775435 -0.0678886 0.00100095 0.00122927 0.0902615
internal_weight=10950 1460 1444 1413 1393 9490 9470 31 9439 9414 31
internal_count=10950 1460 1444 1413 1393 9490 9470 31 9439 9414 31
is_linear=0
shrinkage=0.1


Tree=84
num_leaves=17
num_cat=0
split_feature=10 5 5 5 5 4 0 1 4 4 3 5 4 5 4 1
split_gain=5.76134 27.8305 67.6699 58.8412 56.8541 54.5803 51.5475 45.8797 29.8516 28.658 14.6367 15.9297 60.8972 34.6316 32.6752 12.777
threshold=8.5000000000000018 10.696428571428573 11.589285714285717 12.410714285714286 10.053571428571431 10.642857142857144 13.500000000000002 12.500000000000002 11.785714285714286 6.3571428571428585 20.500000000000004 17.410714285714288 14.928571428571431 11.660714285714286 16.785714285714288 13.500000000000002
decision_type=2 2 2 2 2 2 2 2 2 2 2 2 2 2 2 2
left_child=10 4 8 -4 6 -6 9 -5 -3 -2 11 12 13 -1 -14 -12
right_child=1 2 3 7 5 -7 -8 -9 -10 -11 15 -13 14 -15 -16 -17
leaf_value=0.0016888252836281569 -0.004385432644371706 -0.083353863008044385 0.14040744039027586 0.072800339572131639 0.019249763091405234 0.26900450984636942 -0.15221273328946985 -0.14405594176054001 -0.25251627599491794 0.032588081045832953 0.006069430162509281 -0.079998047122110935 0.23785967715084555 -0.06488728184205822 0.046131737604737287 0.13659163554509482
leaf_weight=7121 3269 27 23 15.999999999999998 21 14.999999999999998 23 25 17 224 15.000000000000002 24 15.999999999999998 79 20 14.999999999999998
leaf_count=7121 3269 27 23 16 21 15 23 25 17 224 15 24 16 79 20 15
internal_value=-2.81147e-11 -0.00323726 -0.0532459 0.0123872 -0.00171673 0.123314 -0.00299691 -0.0594291 -0.148712 -0.00201439 0.00162529 0.00133725 0.00160702 0.000958337 0.131344 0.0713305
internal_weight=10950 3660 108 64 3552 36 3516 41 44 3493 7290 7260 7236 7200 36 30
internal_count=10950 3660 108 64 3552 36 3516 41 44 3493 7290 7260 7236 7200 36 30
is_linear=0
shrinkage=0.1


Tree=85
num_leaves=20
num_cat=0
split_feature=8 6 6 3 8 7 9 6 5 0 0 3 6 1 1 8 6 0 6
split_gain=5.36986 14.6058 25.4238 14.1677 18.6613 10.9572 8.606 20.644 30.0386 25.0717 17.1889 15.3437 12.6879 30.0247 12.995 22.3995 13.6616 7.78567 14.1032
threshold=1.5000000000000002 2.3833762875235442 2.3358070194338327 4.5000000000000009 1.0000000180025095e-35 0.94642857142857151 1.0000000180025095e-35 4.7220573954992382 10.732142857142859 9.5000000000000018 8.5000000000000018 10.500000000000002 6.2941793083053676 12.500000000000002 14.500000000000002 20.500000000000004 4.872611914594807 3.5000000000000004 2.6891446411622892
decision_type=2 2 2 2 2 2 2 2 2 2 2 2 2 2 2 2 2 2 2
left_child=1 2 3 4 -1 -5 7 8 10 -9 -2 -11 14 -14 16 -16 -8 18 -3
right_child=6 17 -4 5 -6 -7 12 9 -10 11 -12 -13 13 -15 15 -17 -18 -19 -20
leaf_value=-0.0011000920085729483 0.008420921232186197 -0.062452103570103647 0.13359859524404302 -0.071070157840020132 0.034890365764871242 0.026341961762484385 -0.001437151964348079 -0.038785501748498069 -0.12795030685032116 0.17100564066320659 -0.041436477730127236 0.045516568598778624 0.039058177527927222 -0.11794766096462464 0.14318648745616278 0.014736524779167211 -0.02982702596662189 -0.089787154036917186 0.043229705160078798
leaf_weight=340 1311 28 17 36 250 17 8383 15.999999999999998 17 20 73 19 21 29 14.999999999999998 143 173 19 23
leaf_count=340 1311 28 17 36 250 17 8383 16 17 20 73 19 21 29 15 143 173 19 23
internal_value=9.83121e-11 0.00828588 0.0128925 0.00970116 0.0141501 -0.0398248 -0.000591848 0.00652759 0.00416832 0.0666247 0.00579116 0.10987 -0.00177463 -0.0520052 -0.00148641 0.0269311 -0.00201119 -0.0351476 -0.0147917
internal_weight=10950 730 660 643 590 53 10220 1456 1401 55 1384 39 8764 50 8714 158 8556 70 51
internal_count=10950 730 660 643 590 53 10220 1456 1401 55 1384 39 8764 50 8714 158 8556 70 51
is_linear=0
shrinkage=0.1


Tree=86
num_leaves=20
num_cat=0
split_feature=9 10 1 4 4 5 0 4 3 4 4 1 10 3 1 4 10 0 5
split_gain=4.94764 16.1286 55.9833 49.6348 22.8391 19.7458 18.6631 17.6329 32.6388 19.2716 20.3557 14.6582 77.6608 25.0932 20.7325 51.952 39.395 22.8598 14.3941
threshold=3.5000000000000004 10.500000000000002 7.5000000000000009 6.6428571428571432 10.500000000000002 8.8750000000000018 5.5000000000000009 13.785714285714286 14.500000000000002 12.642857142857144 11.500000000000002 14.500000000000002 9.5000000000000018 9.5000000000000018 10.500000000000002 10.785714285714286 4.5000000000000009 18.500000000000004 17.339285714285719
decision_type=2 2 2 2 2 2 2 2 2 2 2 2 2 2 2 2 2 2 2
left_child=11 7 3 6 5 -4 -3 9 -9 10 -2 14 13 -13 17 16 -16 -1 -10
right_child=1 2 4 -5 -6 -7 -8 8 18 -11 -12 12 -14 -15 15 -17 -18 -19 -20
leaf_value=-0.0018253037055998506 0.0042163518238347748 -0.0034552343941896707 -0.12355349841325179 0.17154475157149138 -0.185065679003795 0.008962577276609162 -0.09326661151523391 0.16716308338861718 -0.069609934886296576 -0.089083768579770226 0.098571844204612402 0.077604167370332613 0.22942857672186459 -0.069176934095043136 -0.22268331301839731 0.025204766491457583 -0.054852391786451606 0.11103687021467422 0.06892591923475265
leaf_weight=6019 3866 644 23 15.999999999999998 21 22 24 19 15.000000000000002 22 23 18 17 33 19 63 53 18 14.999999999999998
leaf_count=6019 3866 644 23 16 21 22 24 19 15 22 23 18 17 33 19 63 53 18 15
internal_value=5.60291e-11 0.00244666 -0.0109997 -0.00251294 -0.0989535 -0.0587679 -0.00668199 0.00499332 0.0646089 0.00424641 0.00477438 -0.00184676 0.0443283 -0.0173718 -0.00235549 -0.041113 -0.0991411 -0.00148879 -0.000342008
internal_weight=10950 4710 750 684 66 45 668 3960 49 3911 3889 6240 68 51 6172 135 72 6037 30
internal_count=10950 4710 750 684 66 45 668 3960 49 3911 3889 6240 68 51 6172 135 72 6037 30
is_linear=0
shrinkage=0.1


Tree=87
num_leaves=8
num_cat=0
split_feature=0 5 5 2 4 1 5
split_gain=5.78391 10.3955 13.7903 12.8907 6.94116 24.9438 23.2291
threshold=25.500000000000004 16.357142857142858 15.000000000000002 15.500000000000002 11.928571428571431 19.500000000000004 11.660714285714286
decision_type=2 2 2 2 2 2 2
left_child=1 2 4 -3 6 -6 -1
right_child=-2 3 -4 -5 5 -7 -8
leaf_value=8.1951710528571189e-05 -0.062053669492403665 0.12036226596683264 -0.087562658058272472 0.0062804054468870163 0.037844675918690923 -0.072919629203776523 -0.062314455190983914
leaf_weight=10658 14.999999999999998 15.999999999999998 18 26 133 24 60
leaf_count=10658 15 16 18 26 133 24 60
internal_value=-1.16411e-10 8.51215e-05 -0.000106333 0.0497402 3.84225e-05 0.0209126 -0.000267347
internal_weight=10950 10935 10893 42 10875 157 10718
internal_count=10950 10935 10893 42 10875 157 10718
is_linear=0
shrinkage=0.1


Tree=88
num_leaves=20
num_cat=0
split_feature=5 10 0 3 3 1 5 5 6 5 4 4 8 4 8 4 5 10 3
split_gain=4.86672 7.0644 26.4704 105.665 31.1103 57.3295 45.2101 13.2907 71.3129 80.1206 35.9423 36.5419 4.36793 9.92412 20.0536 8.19396 6.61992 4.11017 5.10425
threshold=0.5178571428571429 8.5000000000000018 15.500000000000002 12.500000000000002 15.500000000000002 9.5000000000000018 11.803571428571431 10.517857142857144 3.9811417574949366 11.660714285714286 11.357142857142859 10.785714285714286 10.500000000000002 0.6428571428571429 25.500000000000004 0.35714285714285715 0.33928571428571436 7.5000000000000009 1.0000000180025095e-35
decision_type=2 2 2 2 2 2 2 2 2 2 2 2 2 2 2 2 2 2 2
left_child=12 7 4 -4 6 -6 -3 10 -9 -10 11 -2 15 -14 16 -1 -15 -17 -19
right_child=1 2 3 -5 5 -7 -8 8 9 -11 -12 -13 13 14 -16 17 -18 18 -20
leaf_value=-0.0010182660693923633 0.0017293273036393627 -0.0019133110794507008 -0.20431600709756217 0.10847531639867358 -0.21051310181617736 0.01872914293780923 0.12804438070290619 -0.16789112455315061 0.10823539769197016 -0.0072186358957825342 -0.12303961065152419 0.12801314433631691 -0.0047989474697381577 0.1250553624911441 -0.022349060170300722 -0.034856765496706264 0.045521092675626283 -0.020726374238729479 0.037716969455543321
leaf_weight=288 6110 3128 27 18 20 24 27 18 99 153 23 23 657 18 36 167 25 70 19
leaf_count=288 6110 3128 27 18 20 24 27 18 99 153 23 23 657 18 36 167 25 70 19
internal_value=9.15666e-11 0.000767013 -0.00303711 -0.0791995 -0.00196574 -0.0854719 -0.000801153 0.00268743 0.024403 0.0381383 0.00173499 0.00220292 -0.00579454 -0.000772352 0.0327147 -0.0125893 0.0788145 -0.0256067 -0.00824971
internal_weight=10950 9670 3244 45 3199 44 3155 6426 270 252 6156 6133 1280 736 79 544 43 256 89
internal_count=10950 9670 3244 45 3199 44 3155 6426 270 252 6156 6133 1280 736 79 544 43 256 89
is_linear=0
shrinkage=0.1


Tree=89
num_leaves=11
num_cat=0
split_feature=0 5 3 9 6 3 0 2 2 6
split_gain=4.71291 8.93154 12.5293 41.1195 52.5444 23.7721 59.9122 18.735 14.3275 12.1678
threshold=25.500000000000004 16.357142857142858 15.500000000000002 5.5000000000000009 4.7220573954992382 13.500000000000002 12.500000000000002 17.500000000000004 12.500000000000002 5.1311249473051559
decision_type=2 2 2 2 2 2 2 2 2 2
left_child=1 2 5 8 -5 7 -7 -1 -4 -3
right_child=-2 9 3 4 -6 6 -8 -9 -10 -11
leaf_value=-0.00037028371116435674 -0.056014591058095302 -0.019169103880138958 -0.032695919952788192 0.19825675040483476 -0.054228300732724811 0.12855183244259522 -0.067865684752662983 0.061606253636525755 -0.10877708487065607 0.090487690448760982
leaf_weight=10634 14.999999999999998 17 71 15.999999999999998 17 44 24 49 38 25
leaf_count=10634 15 17 71 16 17 44 24 49 38 25
internal_value=-3.48172e-11 7.68375e-05 -0.000100624 -0.0296107 0.0681887 0.000289146 0.059228 -8.60143e-05 -0.0592196 0.0461028
internal_weight=10950 10935 10893 142 33 10751 68 10683 109 42
internal_count=10950 10935 10893 142 33 10751 68 10683 109 42
is_linear=0
shrinkage=0.1


Tree=90
num_leaves=20
num_cat=0
split_feature=8 4 4 4 3 8 1 10 10 2 4 4 6 0 10 4 1 4 4
split_gain=4.76829 26.0787 23.713 19.9657 22.9216 10.6555 17.0655 42.9712 29.1447 22.219 19.208 33.5942 28.5649 11.6483 23.1597 12.6051 11.5302 18.59 16.4735
threshold=25.500000000000004 13.500000000000002 12.214285714285717 11.357142857142859 11.500000000000002 16.500000000000004 3.5000000000000004 6.5000000000000009 5.5000000000000009 4.5000000000000009 6.0714285714285721 5.6428571428571432 2.7823926493780227 4.5000000000000009 11.500000000000002 2.3571428571428572 4.5000000000000009 1.2142857142857146 1.3571428571428574
decision_type=2 2 2 2 2 2 2 2 2 2 2 2 2 2 2 2 2 2 2
left_child=5 2 3 4 -2 13 7 8 -7 -9 11 -8 -12 16 15 -15 18 -18 -1
right_child=1 -3 -4 -5 -6 6 10 9 -10 -11 12 -13 -14 14 -16 -17 17 -19 -20
leaf_value=0.0022132750977439416 -0.0070302334321873652 -0.13228698815219106 0.088921711069566242 -0.096115316792080796 0.052499775076285005 0.019388199512980153 -0.008037101640857313 0.0026816179080744514 0.068343584626240447 -0.042634636572291773 0.090853429404206765 -0.083073574321261098 0.0030298788478355667 -0.0024170334626621797 0.091468735198106832 -0.047165217821396169 -0.086814544002215069 0.028210238602247324 -0.0092109251795238056
leaf_weight=3800 1325 15.999999999999998 27 24 68 782 545 849 144 124 39 67 735 106 17 155 14.999999999999998 222 1890
leaf_count=3800 1325 16 27 24 68 782 545 849 144 124 39 67 735 106 17 155 15 222 1890
internal_value=-2.97511e-11 -0.00532024 -0.0039134 -0.00568232 -0.00412425 0.000818498 0.00542379 0.0115814 0.0270011 -0.00309353 -0.00301292 -0.0162519 0.0074551 -0.0016196 -0.0216253 -0.0289916 -0.000681247 0.0209302 -0.00158141
internal_weight=10950 1460 1444 1417 1393 9490 3285 1899 926 973 1386 612 774 6205 278 261 5927 237 5690
internal_count=10950 1460 1444 1417 1393 9490 3285 1899 926 973 1386 612 774 6205 278 261 5927 237 5690
is_linear=0
shrinkage=0.1


Tree=91
num_leaves=20
num_cat=0
split_feature=8 5 8 5 9 3 6 7 9 0 8 5 10 6 4 6 3 9 6
split_gain=4.89185 13.9698 11.8263 26.9652 20.8988 16.5766 16.5157 13.0258 7.65706 17.8877 14.9428 29.1999 24.035 11.7693 28.9244 27.8903 12.0005 18.3142 14.1447
threshold=1.5000000000000002 3.8750000000000004 1.0000000180025095e-35 1.1250000000000002 4.5000000000000009 2.5000000000000004 2.3833762875235442 0.5892857142857143 1.0000000180025095e-35 18.500000000000004 10.500000000000002 1.6964285714285716 6.5000000000000009 6.2941793083053676 14.928571428571431 6.7027588307436234 2.5000000000000004 1.5000000000000002 4.6625270142475213
decision_type=2 2 2 2 2 2 2 2 2 2 2 2 2 2 2 2 2 2 2
left_child=1 2 3 7 6 -6 -4 -1 9 10 11 -2 -12 16 15 -15 18 -18 -10
right_child=8 -3 4 -5 5 -7 -8 -9 13 -11 12 -13 -14 14 -16 -17 17 -19 -20
leaf_value=0.020002817713060311 0.0049441626115104545 -0.08759983435273172 0.049707242166623478 -0.048832119156685755 0.021727713630958038 -0.059620437415509042 -0.021153614459893642 -0.058665059780216092 -0.0035482667830250615 0.095637505298311068 0.027461835403035345 -0.051953630700524223 -0.004087974835676288 -0.083273696899414065 -0.16093186810612681 0.098181530839065098 -0.015589332706498458 0.0079874741182136121 -0.10077377587556841
leaf_weight=248 346 14.999999999999998 210 94 55 46 39 23 6157 22 489 122 477 18 15.999999999999998 15.999999999999998 389 2153 14.999999999999998
leaf_count=248 346 15 210 94 55 46 39 23 6157 22 489 122 477 18 16 16 389 2153 15
internal_value=-1.24501e-11 0.00790849 0.00991216 -0.00268169 0.0230458 -0.0153219 0.0386086 0.0133262 -0.000564892 0.00615057 0.00477769 -0.00988817 0.0118829 -0.00168056 -0.0500586 0.002117 -0.00140297 0.00437954 -0.00378456
internal_weight=10950 730 715 365 350 101 249 271 10220 1456 1434 468 966 8764 50 34 8714 2542 6172
internal_count=10950 730 715 365 350 101 249 271 10220 1456 1434 468 966 8764 50 34 8714 2542 6172
is_linear=0
shrinkage=0.1


Tree=92
num_leaves=7
num_cat=0
split_feature=4 5 5 3 2 4
split_gain=4.67271 11.0157 9.00405 8.35192 41.3525 15.463
threshold=18.785714285714288 17.517857142857146 16.357142857142858 19.500000000000004 14.500000000000002 15.642857142857144
decision_type=2 2 2 2 2 2
left_child=1 2 3 5 -5 -1
right_child=-2 -3 -4 4 -6 -7
leaf_value=-6.6035037346823307e-05 0.047125731107024921 -0.080525168951819937 0.070703002003331988 0.02846438684811195 -0.16675120136317087 0.085827059262166064
leaf_weight=10826 21 17 18 30 17 21
leaf_count=10826 21 17 18 30 17 21
internal_value=5.74963e-11 -9.05517e-05 3.47588e-05 -8.20053e-05 -0.0421455 0.000100256
internal_weight=10950 10929 10912 10894 47 10847
internal_count=10950 10929 10912 10894 47 10847
is_linear=0
shrinkage=0.1


Tree=93
num_leaves=15
num_cat=0
split_feature=1 10 5 3 6 4 4 5 5 6 10 5 4 6
split_gain=4.58351 32.2072 25.5066 33.3213 22.9964 19.302 20.4228 25.0341 18.0424 44.4529 34.695 23.7638 17.231 14.5154
threshold=10.500000000000002 3.5000000000000004 11.589285714285717 10.500000000000002 5.680592348192774 13.500000000000002 11.928571428571431 11.125000000000002 6.2678571428571432 3.3653015507413202 8.5000000000000018 5.5178571428571432 9.9285714285714306 4.872611914594807
decision_type=2 2 2 2 2 2 2 2 2 2 2 2 2 2
left_child=4 2 3 13 5 6 7 -1 11 -10 -11 -3 -6 -2
right_child=1 8 -4 -5 12 -7 -8 -9 9 10 -12 -13 -14 -15
leaf_value=0.00038731176645594845 -0.048353175635316548 0.0033721369924023751 -0.18368502919872604 0.069098949920735328 0.13446912806142461 -0.10059213246169843 0.092431948830684035 -0.077907322492541342 -0.13033180087804794 0.033248051404386657 -0.03511416364401098 0.1607059381902218 0.015245988302760655 -0.16592947999636332
leaf_weight=10357 35 24 14.999999999999998 20 22 19 24 41 26 185 124 15.999999999999998 27 14.999999999999998
leaf_count=10357 35 24 15 20 22 19 24 41 26 185 124 16 27 15
internal_value=-5.41627e-11 -0.00977015 -0.0653482 -0.0399903 0.000428433 0.000107682 0.000291264 7.85909e-05 0.00282755 -0.00475192 0.00581467 0.0663057 0.0687747 -0.0836261
internal_weight=10950 460 85 70 10490 10441 10422 10398 375 335 309 40 49 50
internal_count=10950 460 85 70 10490 10441 10422 10398 375 335 309 40 49 50
is_linear=0
shrinkage=0.1


Tree=94
num_leaves=20
num_cat=0
split_feature=9 10 2 6 5 0 7 8 5 5 6 2 0 4 6 4 9 5 1
split_gain=4.33758 15.4765 39.9526 39.6508 27.4504 43.4438 40.5073 11.7117 23.85 101.792 29.8746 29.8199 22.1796 21.5745 49.512 17.3536 38.6016 35.6676 16.7848
threshold=3.5000000000000004 2.5000000000000004 10.500000000000002 4.8126902317970144 6.6250000000000009 7.5000000000000009 0.98214285714285732 24.500000000000004 7.4821428571428585 7.7678571428571432 3.5652623985944483 6.5000000000000009 8.5000000000000018 6.7857142857142865 3.9811417574949366 7.9285714285714297 2.5000000000000004 7.4107142857142874 10.500000000000002
decision_type=2 2 2 2 2 2 2 2 2 2 2 2 2 2 2 2 2 2 2
left_child=7 2 4 -4 5 -2 -6 8 13 11 -11 -10 15 -1 -15 17 -17 -9 -14
right_child=1 -3 3 -5 6 -7 -8 12 9 10 -12 -13 18 14 -16 16 -18 -19 -20
leaf_value=-0.00050885766300246362 0.010866258358574597 -0.0003215152721770723 0.20236849141391844 0.0022403265039126082 0.050071954315430246 0.17264195663087512 -0.13777822240673263 -0.0078879084185359463 0.091428968852216561 -0.12372862175107002 0.013100872349280576 0.26014296283945443 -0.080638463238978553 -0.082043456603937304 0.075652561594660467 -0.0073451750495649396 0.15852797126397492 -0.15856680951837918 0.025027622988349513
leaf_weight=4770 705 3900 22 18 19 17 29 866 22 17 260 20 72 85 26 47 20 15.999999999999998 19
leaf_count=4770 705 3900 22 18 19 17 29 866 22 17 260 20 72 85 26 47 20 16 19
internal_value=-1.79573e-11 0.00229086 0.014869 0.112311 0.00980704 0.0146754 -0.0634209 -0.00172916 0.0002083 0.0266995 0.00470339 0.171769 -0.0114164 -0.00152304 -0.0451057 -0.00689427 0.0421692 -0.0106213 -0.0585763
internal_weight=10950 4710 810 40 770 722 48 6240 5200 319 277 42 1040 4881 111 949 67 882 91
internal_count=10950 4710 810 40 770 722 48 6240 5200 319 277 42 1040 4881 111 949 67 882 91
is_linear=0
shrinkage=0.1


Tree=95
num_leaves=18
num_cat=0
split_feature=1 0 6 0 2 2 6 0 5 0 1 6 6 1 6 5 4
split_gain=4.62097 29.9421 62.4341 53.2705 54.0506 29.4998 25.301 86.7007 28.1685 22.3185 40.5035 17.9381 16.3108 16.0426 31.0878 21.2639 13.9655
threshold=10.500000000000002 8.5000000000000018 5.680592348192774 3.5000000000000004 13.500000000000002 8.5000000000000018 4.0443175935408799 10.500000000000002 9.9107142857142865 9.5000000000000018 12.500000000000002 5.680592348192774 5.5357715219715358 8.5000000000000018 3.3288127244824408 11.482142857142859 9.9285714285714306
decision_type=2 2 2 2 2 2 2 2 2 2 2 2 2 2 2 2 2
left_child=11 2 3 5 -5 -2 7 -3 -9 -8 -11 12 13 15 -15 -1 -13
right_child=1 6 -4 4 -6 -7 9 8 -10 10 -12 16 -14 14 -16 -17 -18
leaf_value=-0.00048747690749854434 0.012479308906656045 0.099403276708390984 -0.21804320116837822 -0.027372808663069077 -0.21479540243744852 0.18858334581057232 -0.07789815465609233 -0.057218202017247678 -0.22019787775842767 0.14117464940063656 0.017735623874387162 0.11993621838363736 -0.094963204115629196 0.078767941372567096 -0.00087657531426436658 0.090062458025148284 0.01260338083461479
leaf_weight=10183 26 27 18 106 18 14.999999999999998 18 24 19 32 157 22 18 76 138 26 27
leaf_count=10183 26 27 18 106 18 15 18 24 19 32 157 22 18 76 138 26 27
internal_value=-3.20028e-11 -0.00980999 -0.0411989 -0.0219068 -0.0545793 0.0769076 0.0109271 -0.0410444 -0.129232 0.028502 0.0386354 0.00043018 0.000146893 0.000311143 0.0274084 -0.000256867 0.0607936
internal_weight=10950 460 183 165 124 41 277 70 43 207 189 10490 10441 10423 214 10209 49
internal_count=10950 460 183 165 124 41 277 70 43 207 189 10490 10441 10423 214 10209 49
is_linear=0
shrinkage=0.1


Tree=96
num_leaves=8
num_cat=0
split_feature=0 4 4 2 5 0 5
split_gain=4.00346 6.73931 7.67913 55.2325 14.9044 41.3237 40.4216
threshold=25.500000000000004 18.785714285714288 15.500000000000002 17.500000000000004 12.660714285714286 10.500000000000002 12.410714285714286
decision_type=2 2 2 2 2 2 2
left_child=1 2 4 -4 6 -6 -1
right_child=-2 -3 3 -5 5 -7 -8
leaf_value=0.00010557046713673138 -0.051626718441645306 0.064923778641968966 -0.12865290311830385 0.095870156192945116 -0.077773792876137629 0.10269169803968697 -0.15895716950763017
leaf_weight=10796 14.999999999999998 15.999999999999998 28 18 18 43 15.999999999999998
leaf_count=10796 15 16 28 18 18 43 16
internal_value=7.57497e-14 7.08185e-05 -2.42128e-05 -0.0407961 0.000148279 0.0494396 -0.000129816
internal_weight=10950 10935 10919 46 10873 61 10812
internal_count=10950 10935 10919 46 10873 61 10812
is_linear=0
shrinkage=0.1


Tree=97
num_leaves=20
num_cat=0
split_feature=2 4 4 8 9 5 6 6 1 1 1 1 9 5 6 3 1 4 8
split_gain=4.20605 21.7132 63.2907 50.3726 62.5328 56.6351 41.2574 25.8663 30.7664 15.5504 39.3176 27.6969 25.3153 30.1878 20.7115 22.6831 19.3051 15.2341 52.084
threshold=13.500000000000002 10.785714285714286 10.500000000000002 23.500000000000004 1.5000000000000002 12.410714285714286 4.9530963244207902 4.4379935189811937 9.5000000000000018 12.500000000000002 11.500000000000002 20.500000000000004 5.5000000000000009 10.946428571428573 4.6625270142475213 11.500000000000002 16.500000000000004 9.2142857142857171 23.500000000000004
decision_type=2 2 2 2 2 2 2 2 2 2 2 2 2 2 2 2 2 2 2
left_child=1 2 17 4 6 -6 -3 -5 -9 10 12 14 13 -2 15 -11 -16 -1 -19
right_child=9 3 -4 7 5 -7 -8 8 -10 11 -12 -13 -14 -15 16 -17 -18 18 -20
leaf_value=0.00040691460595252451 0.056176286465564718 0.072748002438591072 -0.17807031497359277 -0.12000552882318911 0.18865173163221163 0.01726233845937156 -0.105399294068607 -0.095823279842734338 0.056728318400489974 -0.042536479532718663 0.16271006306012473 0.04603468605450222 -0.10085581856158872 -0.061414435199078389 -0.079175155167467898 -0.21125252483522192 0.044217626094108536 0.047753414190423858 -0.086167734069749716
leaf_weight=10344 61 26 20 23 51 31 26 20 39 14.999999999999998 14.999999999999998 28 24 34 32 17 21 47 76
leaf_count=10344 61 26 20 23 51 31 26 20 39 15 15 28 24 34 32 17 21 47 76
internal_value=1.80906e-11 0.000297732 -0.000348681 0.0316817 0.0694585 0.123858 -0.0163256 -0.0300511 0.00501591 -0.0129013 0.0101401 -0.0402248 -0.0090914 0.0140912 -0.0686397 -0.132167 -0.0302837 -9.09646e-06 -0.0349946
internal_weight=10950 10703 10487 216 134 82 52 82 59 247 134 113 119 95 85 32 53 10467 123
internal_count=10950 10703 10487 216 134 82 52 82 59 247 134 113 119 95 85 32 53 10467 123
is_linear=0
shrinkage=0.1


Tree=98
num_leaves=6
num_cat=0
split_feature=1 4 0 0 5
split_gain=4.47798 11.6559 10.3449 10.4909 9.28111
threshold=25.500000000000004 18.214285714285719 20.500000000000004 19.500000000000004 13.392857142857144
decision_type=2 2 2 2 2
left_child=1 2 3 4 -1
right_child=-2 -3 -4 -5 -6
leaf_value=-0.00025693548646392857 -0.054600651611884432 0.072790023887699298 -0.059718372351650541 0.078582193570978509 0.03854439208704618
leaf_weight=10805 14.999999999999998 22 29 17 62
leaf_count=10805 15 22 29 17 62
internal_value=-3.45193e-11 7.4898e-05 -7.16917e-05 8.72346e-05 -3.55605e-05
internal_weight=10950 10935 10913 10884 10867
internal_count=10950 10935 10913 10884 10867
is_linear=0
shrinkage=0.1


Tree=99
num_leaves=20
num_cat=0
split_feature=1 10 9 0 5 6 9 9 1 10 3 0 1 4 2 6 10 6 3
split_gain=4.35715 25.591 21.9224 44.9285 22.2325 20.3016 17.7999 22.9364 30.9062 22.3582 20.4243 39.7762 15.5229 32.8716 115.246 50.786 32.9978 26.1677 23.139
threshold=10.500000000000002 3.5000000000000004 5.5000000000000009 8.5000000000000018 7.9464285714285721 4.3366025991480655 4.5000000000000009 3.5000000000000004 11.500000000000002 9.5000000000000018 6.5000000000000009 9.5000000000000018 8.5000000000000018 6.3571428571428585 3.5000000000000004 3.0678948373552886 5.5000000000000009 3.1757607911566623 10.500000000000002
decision_type=2 2 2 2 2 2 2 2 2 2 2 2 2 2 2 2 2 2 2
left_child=12 2 3 4 -2 -5 7 8 -3 -9 -8 -12 18 16 -15 -16 17 -14 -1
right_child=1 6 -4 5 -6 -7 10 9 -10 -11 11 -13 13 14 15 -17 -18 -19 -20
leaf_value=0.00047987144081868818 -0.078596462110678361 -0.083018102338819788 0.038912032379044427 0.077245047735050323 -0.24343888113896051 -0.077568280696868899 0.12317626520991326 -0.029222148764464592 0.024861662250066946 -0.16109233680698609 -0.067701208256185058 0.053692158661692982 0.12672930012922731 0.30424615694209933 0.15271459203958512 -0.0030137208849913624 -0.10699201561510563 -0.057118364572525032 -0.035304588969270495
leaf_weight=10073 14.999999999999998 33 18 15.999999999999998 18 18 20 45 136 18 40 83 16.000000000000004 15.999999999999998 25 129 32 14.999999999999998 184
leaf_count=10073 15 33 18 16 18 18 20 45 136 18 40 83 16 16 25 129 32 15 184
internal_value=3.48281e-11 -0.00952583 -0.0590675 -0.0853904 -0.168511 -0.00471495 0.00170362 -0.0154012 0.00379638 -0.0668993 0.029454 0.0142146 0.00041772 0.0259407 0.0488061 0.0222668 -0.0357595 0.0377708 -0.000162065
internal_weight=10950 460 85 67 33 34 375 232 169 63 143 123 10490 233 170 154 63 31 10257
internal_count=10950 460 85 67 33 34 375 232 169 63 143 123 10490 233 170 154 63 31 10257
is_linear=0
shrinkage=0.1


Tree=100
num_leaves=11
num_cat=0
split_feature=4 4 3 2 9 5 0 0 1 5
split_gain=4.18426 13.7482 9.94464 17.0216 12.8393 9.57822 19.4097 12.6248 45.8549 22.4682
threshold=15.500000000000002 14.642857142857144 10.500000000000002 14.500000000000002 4.5000000000000009 13.732142857142859 13.500000000000002 10.500000000000002 18.500000000000004 11.660714285714286
decision_type=2 2 2 2 2 2 2 2 2 2
left_child=1 5 -2 -4 -5 7 -7 9 -9 -1
right_child=2 -3 3 4 -6 6 -8 8 -10 -11
leaf_value=0.00077307975783614321 0.047803399562835691 0.075759548054581197 0.02407951072197069 -0.14999021949136959 -0.025182166951708496 -0.012273921072483063 0.13820749084154765 -0.026836022105377489 0.1414915317998213 -0.065763354126144855
leaf_weight=10416 14.999999999999998 24 22 17 15.999999999999998 20 14.999999999999998 337 17 51
leaf_count=10416 15 24 22 17 16 20 15 337 17 51
internal_value=-7.21917e-11 0.000156797 -0.0243707 -0.0440545 -0.0894772 -1.03428e-05 0.0522181 -0.000179273 -0.0187525 0.000448884
internal_weight=10950 10880 70 55 33 10856 35 10821 354 10467
internal_count=10950 10880 70 55 33 10856 35 10821 354 10467
is_linear=0
shrinkage=0.1


Tree=101
num_leaves=20
num_cat=0
split_feature=3 0 4 6 2 1 4 5 8 5 6 2 3 9 10 0 5 10 2
split_gain=4.3261 16.6497 58.5337 42.315 18.0856 22.337 15.1193 41.929 59.5158 48.603 28.265 48.6737 37.307 24.2132 13.1222 73.35 102.401 28.1856 40.7473
threshold=5.5000000000000009 2.5000000000000004 5.6428571428571432 3.9811417574949366 4.5000000000000009 2.5000000000000004 10.500000000000002 7.9464285714285721 23.500000000000004 8.5892857142857171 3.3653015507413202 9.5000000000000018 3.5000000000000004 2.5000000000000004 2.5000000000000004 10.500000000000002 8.946428571428573 5.5000000000000009 11.500000000000002
decision_type=2 2 2 2 2 2 2 2 2 2 2 2 2 2 2 2 2 2 2
left_child=6 2 4 -4 5 -2 7 10 -9 -10 11 -1 -12 -8 15 -3 -17 18 -16
right_child=1 14 3 -5 -6 -7 13 8 9 -11 12 -13 -14 -15 17 16 -18 -19 -20
leaf_value=-0.00052189604058304917 -0.0062060948808423501 -0.014737487454275208 0.26319273885558631 0.03661359152174555 -0.081073684655129916 0.072324947129797063 0.0037795959711074828 0.24228485171847486 0.14754831580794417 -0.083798029273748409 -0.0025863885808783244 0.11002686613239349 -0.07949053755473523 -0.1483291730284691 -0.015913369930008563 0.34810248211026196 0.029826599587836573 0.0061970600601246898 -0.12865490940840621
leaf_weight=9251 110 121 17 15.999999999999998 20 54 25 17 15.999999999999998 21 158 40 105 18 205 14.999999999999998 31 672 38
leaf_count=9251 110 121 17 16 20 54 25 17 16 21 158 40 105 18 205 15 31 672 38
internal_value=7.40114e-12 0.0054178 0.0306981 0.153336 0.00870328 0.0196517 -0.000729222 -0.000464434 0.0874048 0.0162436 -0.000961078 -4.59569e-05 -0.0332896 -0.0598938 0.000347711 0.0261253 0.133612 -0.00435705 -0.0335437
internal_weight=10950 1299 217 33 184 164 9651 9608 54 37 9554 9291 263 43 1082 167 46 915 243
internal_count=10950 1299 217 33 184 164 9651 9608 54 37 9554 9291 263 43 1082 167 46 915 243
is_linear=0
shrinkage=0.1


Tree=102
num_leaves=12
num_cat=0
split_feature=2 5 5 0 6 4 8 0 4 6 0
split_gain=4.18775 5.40198 36.579 31.5018 56.4561 22.2362 40.873 43.3615 35.2143 24.4204 22.2265
threshold=23.500000000000004 10.053571428571431 10.232142857142859 3.5000000000000004 3.9811417574949366 9.071428571428573 23.500000000000004 11.500000000000002 8.9285714285714306 4.1695568095484168 12.500000000000002
decision_type=2 2 2 2 2 2 2 2 2 2 2
left_child=1 5 -3 -4 -5 8 9 -8 10 -7 -1
right_child=-2 2 3 4 -6 6 7 -9 -10 -11 -12
leaf_value=-0.00041155390885597653 -0.043585505878383467 0.14669542806713207 0.13420774998764198 -0.143503865141135 0.0089150377927267911 0.088186547998338943 -0.025398353013125336 -0.16063606556807017 0.12657353281974792 -0.063121558725833901 0.064514008361213612
leaf_weight=10267 22 19 18 26 372 32 66 37 22 15.999999999999998 53
leaf_count=10267 22 19 18 26 372 32 66 37 22 16 53
internal_value=1.12654e-11 8.77454e-05 0.0110075 0.00481018 -0.00104198 -0.000364945 -0.0384623 -0.0739789 0.000191301 0.0377505 -7.81184e-05
internal_weight=10950 10928 435 416 398 10493 151 103 10342 48 10320
internal_count=10950 10928 435 416 398 10493 151 103 10342 48 10320
is_linear=0
shrinkage=0.1


Tree=103
num_leaves=17
num_cat=0
split_feature=6 0 2 1 5 5 0 6 0 10 9 5 0 5 6 5
split_gain=3.83256 27.0124 34.0367 17.472 7.16404 66.2013 24.9089 45.6406 14.8067 50.0804 87.6893 84.0702 17.5285 68.9964 27.0301 3.89277
threshold=6.0661202798106135 8.5000000000000018 15.500000000000002 10.500000000000002 10.053571428571431 10.232142857142859 4.5000000000000009 3.9811417574949366 10.500000000000002 2.5000000000000004 5.5000000000000009 8.2678571428571441 9.5000000000000018 6.2321428571428585 3.8772623276074114 16.839285714285719
decision_type=2 2 2 2 2 2 2 2 2 2 2 2 2 2 2 2
left_child=4 -2 3 -3 8 -6 -7 -8 12 11 -11 -10 14 -14 -1 -4
right_child=1 2 15 -5 5 6 7 -9 9 10 -12 -13 13 -15 -16 -17
leaf_value=0.00068945463515118408 -0.11125920419581235 0.15882763694971802 -0.027788039017468687 0.013233380912638763 0.20658802302444684 0.11296915585175156 -0.12915347758680581 0.0088172636920126612 0.2097318173164413 -0.094675447250533312 0.096961133678754183 -0.073229042263258076 0.24014155805110932 -0.0027901047383839233 -0.031910215034769582 -0.098697606722513834
leaf_weight=9973 24 15.999999999999998 16.000000000000004 17 17 20 26 308 21 117 30 21 14.999999999999998 53 261 14.999999999999998
leaf_count=9973 24 16 16 17 17 20 26 308 21 117 30 21 15 53 261 15
internal_value=7.24333e-12 -0.020785 0.0131428 0.0838245 0.000168393 0.0138251 0.00456811 -0.00192297 -0.000314557 -0.028051 -0.0555659 0.0682514 0.000194294 0.0507978 -0.000141942 -0.0620991
internal_weight=10950 88 64 33 10862 371 354 334 10491 189 147 42 10302 68 10234 31
internal_count=10950 88 64 33 10862 371 354 334 10491 189 147 42 10302 68 10234 31
is_linear=0
shrinkage=0.1


Tree=104
num_leaves=20
num_cat=0
split_feature=7 5 3 6 10 8 3 0 5 5 10 1 0 5 5 2 7 3 1
split_gain=3.90751 16.1303 49.8046 39.854 41.0709 21.8823 49.4901 40.1751 35.069 52.7496 42.6325 29.5927 14.6325 25.8975 29.671 22.2246 21.116 18.6034 14.7821
threshold=0.98214285714285732 5.5892857142857144 2.5000000000000004 3.286296165539643 7.5000000000000009 22.500000000000004 4.5000000000000009 5.5000000000000009 7.2678571428571432 7.3392857142857144 6.5000000000000009 6.5000000000000009 13.500000000000002 10.625000000000002 11.660714285714286 12.500000000000002 0.94642857142857151 13.500000000000002 6.5000000000000009
decision_type=2 2 2 2 2 2 2 2 2 2 2 2 2 2 2 2 2 2 2
left_child=12 2 -2 4 -4 6 11 -8 10 -10 -7 -3 13 15 -15 17 -14 -1 -17
right_child=1 5 3 -5 -6 8 7 -9 9 -11 -12 -13 16 14 -16 18 -18 -19 -20
leaf_value=-0.00065986610053463818 -0.081297544312352935 -0.056309206645156068 0.19300748898702511 -0.061583123207092284 0.026045845183902062 0.02066041113300757 0.069107611118150614 -0.050150069176105032 -0.17477315822068384 0.0034310355905668231 0.142344827672992 -0.20616612497128939 -0.14446737836388981 0.19186621735493337 -0.0039017492323182527 -0.013939167062441506 0.018316292762756349 0.091401609046046037 -0.15211851578205826
leaf_weight=9669 24 43 34 14.999999999999998 26 110 56 57 17 725 39 19 17 15.000000000000002 15.999999999999998 15.000000000000002 14.999999999999998 22 15.999999999999998
leaf_count=9669 24 43 34 15 26 110 56 57 17 725 39 19 17 15 16 15 15 22 16
internal_value=-1.17112e-11 0.0054747 0.0440865 0.0842093 0.120657 0.00188881 -0.0304399 0.00895108 0.00823844 -0.00065181 0.0525107 -0.102233 -0.000651817 -0.000430312 0.0908247 -0.000721291 -0.0681625 -0.000450873 -0.0852575
internal_weight=10950 1165 99 75 60 1066 175 113 891 742 149 62 9785 9753 31 9722 32 9691 31
internal_count=10950 1165 99 75 60 1066 175 113 891 742 149 62 9785 9753 31 9722 32 9691 31
is_linear=0
shrinkage=0.1


Tree=105
num_leaves=20
num_cat=0
split_feature=9 8 2 4 6 2 2 5 10 2 3 6 4 6 0 4 3 6 3
split_gain=3.74458 19.5757 17.4168 69.7446 113.491 38.9115 27.3844 14.9734 17.2621 14.3975 13.6577 11.3682 24.7502 24.131 12.1491 11.1728 14.7029 9.75608 9.52842
threshold=1.0000000180025095e-35 10.500000000000002 5.5000000000000009 3.0714285714285716 2.0896667910248694 9.5000000000000018 8.5000000000000018 2.0892857142857149 7.5000000000000009 4.5000000000000009 10.500000000000002 6.2941793083053676 14.928571428571431 6.7027588307436234 22.500000000000004 15.785714285714286 13.500000000000002 1.9870431738696164 1.5000000000000002
decision_type=2 2 2 2 2 2 2 2 2 2 2 2 2 2 2 2 2 2 2
left_child=1 7 3 9 -5 6 -4 -1 17 -3 -7 14 13 -13 15 -2 -17 -9 -10
right_child=11 2 5 4 -6 10 -8 8 18 -11 -12 12 -14 -15 -16 16 -18 -19 -20
leaf_value=-0.0024242006931754372 -0.00045000892737100204 0.0094182637916251123 -0.028229949335019069 0.28891921453177932 0.042089937064245499 0.085362016164830759 -0.15550422678616915 -0.044426830560486352 -0.033329131278921578 -0.072761863470077515 -0.0092983516985205589 -0.079472753436615085 -0.15087073509348559 0.089311034139245751 0.083961010899613886 0.0081434183754026893 -0.12742455117404461 0.035092871056662665 -0.12890110204203262
leaf_weight=465 9291 688 73 23 98 35 22 36 17 22 27 18 15.999999999999998 15.999999999999998 17 15.999999999999998 15.999999999999998 27 27
leaf_count=465 9291 688 73 23 98 35 22 36 17 22 27 18 16 16 17 16 16 27 27
internal_value=6.26771e-11 0.00453696 0.0130604 0.0188315 0.0890079 -0.0174858 -0.057704 -0.0101854 -0.0439139 0.00687184 0.044139 -0.000753744 -0.0483093 -4.50887e-05 -0.000499164 -0.000653173 -0.0596406 -0.010347 -0.0919756
internal_weight=10950 1560 988 831 121 157 95 572 107 710 62 9390 50 34 9340 9323 32 63 44
internal_count=10950 1560 988 831 121 157 95 572 107 710 62 9390 50 34 9340 9323 32 63 44
is_linear=0
shrinkage=0.1


Tree=106
num_leaves=20
num_cat=0
split_feature=8 5 8 4 9 6 3 7 5 9 6 5 7 3 5 6 4 6 0
split_gain=3.71045 14.6324 9.69602 22.3748 17.3494 14.2174 13.7312 13.0958 8.32903 5.80132 13.4189 34.8435 18.1941 21.2251 14.0072 8.87707 20.0477 19.5461 10.0432
threshold=1.5000000000000002 3.8750000000000004 1.0000000180025095e-35 0.92857142857142871 4.5000000000000009 2.3833762875235442 2.5000000000000004 0.41071428571428575 1.1250000000000002 1.0000000180025095e-35 4.6090804009740074 10.482142857142859 0.98214285714285732 13.500000000000002 8.7321428571428594 6.2941793083053676 14.928571428571431 6.7027588307436234 22.500000000000004
decision_type=2 2 2 2 2 2 2 2 2 2 2 2 2 2 2 2 2 2 2
left_child=1 2 3 7 5 -4 -6 -1 -5 10 11 14 -12 -14 -2 18 17 -17 -11
right_child=9 -3 4 8 6 -7 -8 -9 -10 15 12 -13 13 -15 -16 16 -18 -19 -20
leaf_value=-0.013683969488945499 0.0039084615028348686 -0.090859298457702006 0.045307604023920645 -0.0084787112451158476 0.019592476541345771 -0.020438110637359133 -0.054445402660285649 0.045226702406243602 -0.050292516022012873 -0.0013720979663673165 -0.039136989803656062 -0.13900927761021784 0.12827015947550535 -0.012792054792953422 0.095247261971235286 -0.071525476086470821 -0.13578366143628956 0.080379928275942814 0.075564911293194578
leaf_weight=58 1357 14.999999999999998 210 120 55 39 46 108 79 8697 17 17 32 15.999999999999998 17 18 15.999999999999998 15.999999999999998 17
leaf_count=58 1357 15 210 120 55 39 46 108 79 8697 17 17 32 16 17 18 16 16 17
internal_value=-1.07143e-10 0.00688764 0.00893828 -0.00246504 0.0208303 0.0350101 -0.0141277 0.0246435 -0.0250782 -0.000491975 0.00535335 0.00327809 0.0497637 0.0812494 0.00503856 -0.00146308 -0.0434784 -4.05799e-05 -0.001222
internal_weight=10950 730 715 365 350 249 101 166 199 10220 1456 1391 65 48 1374 8764 50 34 8714
internal_count=10950 730 715 365 350 249 101 166 199 10220 1456 1391 65 48 1374 8764 50 34 8714
is_linear=0
shrinkage=0.1


Tree=107
num_leaves=7
num_cat=0
split_feature=4 4 3 5 0 0
split_gain=3.65272 7.97224 42.412 11.3227 8.6563 8.52082
threshold=18.785714285714288 15.500000000000002 14.500000000000002 16.017857142857146 20.500000000000004 18.500000000000004
decision_type=2 2 2 2 2 2
left_child=1 3 -3 4 5 -1
right_child=-2 2 -4 -5 -6 -7
leaf_value=-4.4307263920619057e-05 0.041665981242078404 0.047177696399963824 -0.13924208853555761 0.086923017899195362 -0.071320678206051105 0.05727158910953082
leaf_weight=10822 21 26 23 14.999999999999998 17 26
leaf_count=10822 21 26 23 15 17 26
internal_value=-4.36668e-11 -8.00609e-05 -0.0403255 0.000101191 -1.86731e-05 9.30649e-05
internal_weight=10950 10929 49 10880 10865 10848
internal_count=10950 10929 49 10880 10865 10848
is_linear=0
shrinkage=0.1


Tree=108
num_leaves=20
num_cat=0
split_feature=9 10 2 4 5 6 7 1 10 5 1 1 3 4 3 1 8 1 0
split_gain=3.68954 11.8823 30.1233 27.0284 18.8074 28.2347 27.0572 10.1309 63.7867 22.0651 20.1606 15.8478 60.3983 42.2246 29.8514 22.4724 66.0427 18.9273 9.23227
threshold=3.5000000000000004 2.5000000000000004 10.500000000000002 9.7857142857142865 6.6250000000000009 1.9356680966124193 0.98214285714285732 14.500000000000002 9.5000000000000018 11.589285714285717 17.500000000000004 9.5000000000000018 13.500000000000002 10.214285714285717 15.500000000000002 6.5000000000000009 21.500000000000004 3.5000000000000004 1.0000000180025095e-35
decision_type=2 2 2 2 2 2 2 2 2 2 2 2 2 2 2 2 2 2 2
left_child=7 2 4 -4 5 -2 -6 11 9 -9 -11 15 13 -13 -14 17 -17 -1 -3
right_child=1 18 3 -5 6 -7 -8 8 -10 10 -12 12 14 -15 -16 16 -18 -19 -20
leaf_value=-0.00039310554228339054 0.0047932537546270379 -0.0064454586664961198 0.16141764259338379 -0.0083773520588874811 0.040881750649331437 0.061803621790454823 -0.11264579116270459 0.082774946776529162 0.20454623203943756 -0.1248298500265394 0.02696192083259424 -0.10083784754950922 0.19533041099707285 0.0061691546452141578 0.0066185396752859423 -0.044893730712262381 0.060751835039338557 -0.018495454737997654 0.0035997550726306511
leaf_weight=5061 621 1466 25 14.999999999999998 19 101 29 14.999999999999998 17 21 14.999999999999998 91 14.999999999999998 62 19 87 185 652 2434
leaf_count=5061 621 1466 25 15 19 101 29 15 17 21 15 91 15 62 19 87 185 652 2434
internal_value=-7.4301e-11 0.00211281 0.0131341 0.0977445 0.0087387 0.0127684 -0.0518745 -0.00159477 0.0367928 -0.019125 -0.0615833 -0.0020177 -0.0306847 -0.0574755 0.0898738 -0.00112201 0.0269608 -0.00245905 -0.000176215
internal_weight=10950 4710 810 40 770 722 48 6240 68 51 36 6172 187 153 34 5985 272 5713 3900
internal_count=10950 4710 810 40 770 722 48 6240 68 51 36 6172 187 153 34 5985 272 5713 3900
is_linear=0
shrinkage=0.1


Tree=109
num_leaves=20
num_cat=0
split_feature=8 2 1 4 7 4 8 5 5 8 7 4 8 9 9 1 6 6 9
split_gain=3.3923 14.0349 11.4586 4.55651 8.83704 24.0672 8.46591 5.79132 10.1034 6.83807 5.34383 4.26599 3.68858 2.90333 3.39778 2.89679 1.69754 1.64179 1.23492
threshold=28.500000000000004 1.5000000000000002 1.5000000000000002 0.2142857142857143 0.19642857142857145 1.0714285714285716 11.500000000000002 0.5178571428571429 0.55357142857142871 10.500000000000002 0.5892857142857143 0.2142857142857143 7.5000000000000009 4.5000000000000009 3.5000000000000004 1.0000000180025095e-35 1.7618041283866632 0.94457359363304438 3.5000000000000004
decision_type=2 2 2 2 2 2 2 2 2 2 2 2 2 2 2 2 2 2 2
left_child=3 11 17 10 5 6 -5 9 -9 -6 12 18 15 14 -13 -1 -14 -3 -2
right_child=1 2 -4 4 7 -7 -8 8 -10 -11 -12 13 16 -15 -16 -17 -18 -19 -20
leaf_value=0.012762462096167848 -0.00093259165684382117 -0.025865751951932903 0.091059743839761495 -0.018346770313279383 -0.018102047990920935 0.11986229936389819 0.040605165034399503 0.036983439630757162 0.00083770805304480525 0.017008862858090331 -0.05272566424682737 -0.019539944745729426 -0.0066784282495324504 -0.0375146882653416 0.02501015067100525 -0.029633679903215832 -0.026465931146041205 0.020184700656682254 0.036635209371646243
leaf_weight=154 21 15.000000000000002 23 58 301 23 42 78 9019 68 24 173 754 83 19 18 46 15.999999999999998 14.999999999999998
leaf_count=154 21 15 23 58 301 23 42 78 9019 68 24 173 754 83 19 18 46 16 15
internal_value=-1.00331e-11 -0.00947849 0.0375804 0.000326845 0.000995518 0.0276271 0.00641304 0.00064947 0.00114763 -0.0116317 -0.00611081 -0.0176495 -0.00495983 -0.021887 -0.0151313 0.00832566 -0.00781621 -0.00209778 0.0147207
internal_weight=10950 365 54 10585 9589 123 100 9466 9097 369 996 311 972 275 192 172 800 31 36
internal_count=10950 365 54 10585 9589 123 100 9466 9097 369 996 311 972 275 192 172 800 31 36
is_linear=0
shrinkage=0.1


Tree=110
num_leaves=12
num_cat=0
split_feature=9 3 6 4 6 5 1 1 3 1 5
split_gain=3.32098 14.3354 24.316 27.869 35.8242 34.1775 11.9077 10.4588 14.7363 39.4346 11.7985
threshold=5.5000000000000009 19.500000000000004 5.2249156877829472 8.5000000000000018 3.6385653980085126 10.803571428571431 23.500000000000004 19.500000000000004 16.500000000000004 9.5000000000000018 12.410714285714286
decision_type=2 2 2 2 2 2 2 2 2 2 2
left_child=6 2 3 4 -2 -5 7 8 10 -10 -1
right_child=1 -3 -4 5 -6 -7 -8 -9 9 -11 -12
leaf_value=-4.0450920763762409e-05 0.0049896740382689448 0.088353524506092074 -0.10123898739164526 0.13240269679162239 -0.078726605431370014 -0.028123732407887778 -0.081974662219484656 0.066789422410985705 -0.13222782411161932 0.0079120662912987843 -0.043126198498066516
leaf_weight=9167 1438 20 22 36 53 21 18 23 31 57 64
leaf_count=9167 1438 20 22 36 53 21 18 23 31 57 64
internal_value=3.49529e-11 0.00422538 0.00315368 0.0046373 0.00201384 0.0732614 -0.000717773 -0.000561208 -0.000727435 -0.0414554 -0.000339171
internal_weight=10950 1590 1570 1548 1491 57 9360 9342 9319 88 9231
internal_count=10950 1590 1570 1548 1491 57 9360 9342 9319 88 9231
is_linear=0
shrinkage=0.1


Tree=111
num_leaves=8
num_cat=0
split_feature=4 4 2 5 0 0 2
split_gain=3.28959 6.22606 38.2917 9.94976 7.96901 6.70957 5.16481
threshold=18.785714285714288 15.500000000000002 17.500000000000004 16.017857142857146 20.500000000000004 18.500000000000004 12.500000000000002
decision_type=2 2 2 2 2 2 2
left_child=1 3 6 4 5 -1 -3
right_child=-2 2 -4 -5 -6 -7 -8
leaf_value=-4.2853107255378201e-05 0.039540727272452343 -0.064500615795453381 0.075438738065330607 0.081472322742144276 -0.068441009872099931 0.050817777560307434 -0.14748500347137453
leaf_weight=10822 21 15.000000000000002 19 14.999999999999998 17 26 14.999999999999998
leaf_count=10822 21 15 19 15 17 26 15
internal_value=5.20655e-11 -7.59772e-05 -0.0356418 8.41998e-05 -2.8163e-05 7.90474e-05 -0.105993
internal_weight=10950 10929 49 10880 10865 10848 30
internal_count=10950 10929 49 10880 10865 10848 30
is_linear=0
shrinkage=0.1


Tree=112
num_leaves=20
num_cat=0
split_feature=8 9 2 4 6 2 0 2 5 0 8 5 8 6 6 7 10 6 8
split_gain=3.20058 10.3589 18.188 53.5524 92.1217 31.797 20.5589 12.201 12.1887 10.0111 10.5477 26.4748 11.402 9.95807 26.9456 21.5431 9.18201 9.81368 9.15691
threshold=14.500000000000002 1.0000000180025095e-35 5.5000000000000009 3.0714285714285716 2.0896667910248694 9.5000000000000018 7.5000000000000009 4.5000000000000009 11.803571428571431 6.5000000000000009 8.5000000000000018 1.1250000000000002 11.500000000000002 2.2221917305225101 1.7798116641198651 0.48214285714285721 4.5000000000000009 2.0896667910248694 9.5000000000000018
decision_type=2 2 2 2 2 2 2 2 2 2 2 2 2 2 2 2 2 2 2
left_child=9 2 3 7 -5 6 -4 -2 -7 10 13 18 -13 14 -1 -15 -11 -18 -12
right_child=1 -3 5 4 -6 8 -8 -9 -10 16 11 12 -14 15 -16 -17 17 -19 -20
leaf_value=-0.00044508377188092287 0.0087948047715364058 -6.3292395107297347e-05 -0.0041299193033150269 0.25981747559879137 0.037436993911919396 0.070995507484827289 -0.099033938094973573 -0.070904888361692439 -0.020790880241269329 0.0093065271675586703 -0.014621140904529102 -0.045461717195171406 -0.015232772346430768 0.054714836289640516 0.023968220436812751 -0.023587245531186823 -0.12621227264650822 -0.029891754098103514 0.0037758094716565773
leaf_weight=2329 485 4695 42 23 98 39 50 20 23 25 343 187 375 40 561 289 17 28 1281
leaf_count=2329 485 4695 42 23 98 39 50 20 23 25 343 187 375 40 561 289 17 28 1281
internal_value=-4.88275e-11 0.00170965 0.0123814 0.0199553 0.0797077 -0.018406 -0.0557082 0.00563838 0.0369457 -0.00170965 -0.00122302 -0.00658366 -0.0252912 0.00241735 0.00429397 -0.0140672 -0.0392845 -0.0662795 -0.000109753
internal_weight=10950 5475 780 626 121 154 92 505 62 5475 5405 2186 562 3219 2890 329 70 45 1624
internal_count=10950 5475 780 626 121 154 92 505 62 5475 5405 2186 562 3219 2890 329 70 45 1624
is_linear=0
shrinkage=0.1


Tree=113
num_leaves=8
num_cat=0
split_feature=3 6 5 0 5 5 5
split_gain=3.03092 5.25256 18.8528 5.86893 6.8736 27.2055 23.0071
threshold=25.500000000000004 6.2941793083053676 14.392857142857144 22.500000000000004 12.410714285714286 12.196428571428573 12.660714285714286
decision_type=2 2 2 2 2 2 2
left_child=1 3 -3 4 5 -1 -6
right_child=-2 2 -4 -5 6 -7 -8
leaf_value=-4.0419124220617618e-05 0.044920432368914291 0.032409054778205854 -0.089401627635514291 0.055617839374922609 -0.13635368952527643 0.098658897075802096 -0.0034394684700029239
leaf_weight=10751 14.999999999999998 24 27 19 15.999999999999998 28 70
leaf_count=10751 15 24 27 19 16 28 70
internal_value=8.26459e-12 -6.16192e-05 -0.032079 8.84069e-05 -8.69938e-06 0.000215967 -0.0281677
internal_weight=10950 10935 51 10884 10865 10779 86
internal_count=10950 10935 51 10884 10865 10779 86
is_linear=0
shrinkage=0.1


Tree=114
num_leaves=20
num_cat=0
split_feature=8 5 8 5 3 5 9 0 10 8 0 6 4 0 6 4 8 9 0
split_gain=2.99691 11.9284 8.20689 18.6887 15.7926 15.5704 14.3614 11.825 5.91008 4.852 14.3838 13.109 8.18676 6.3208 21.772 21.9206 13.119 10.4603 22.909
threshold=1.5000000000000002 3.8750000000000004 1.0000000180025095e-35 1.1250000000000002 1.5000000000000002 3.2678571428571432 5.5000000000000009 1.0000000180025095e-35 7.5000000000000009 2.5000000000000004 1.0000000180025095e-35 1.7185586528025272 0.50000000000000011 1.0000000180025095e-35 1.6184125659270636 1.2142857142857146 8.5000000000000018 5.5000000000000009 1.5000000000000002
decision_type=2 2 2 2 2 2 2 2 2 2 2 2 2 2 2 2 2 2 2
left_child=1 2 3 7 5 -4 -6 -1 -5 10 11 12 -2 14 15 -11 -16 -15 -19
right_child=9 -3 4 8 6 -7 -8 -9 -10 13 -12 -13 -14 17 16 -17 -18 18 -20
leaf_value=0.030934647342681611 0.020485285585850815 -0.082064453164736428 0.059927840524336751 -0.0803693871807169 0.012706163130264651 -0.040152332248787087 -0.061799203244348372 -0.010877728056735718 -0.024952596868040848 -0.0036139971443233591 -0.034109591805196786 0.09276529136113823 -0.021309525814057904 0.00017751089205864532 0.00014412090719784077 0.02003916366517448 -0.031145381109223737 0.035759774872206072 0.001463106320177137
leaf_weight=141 89 14.999999999999998 114 27 188 18 30 130 67 2461 161 15.999999999999998 99 5392 201 466 402 277 656
leaf_count=141 89 15 114 27 188 18 30 130 67 2461 161 16 99 5392 201 466 402 277 656
internal_value=9.56555e-11 0.00619004 0.00804154 -0.00244964 0.0189823 0.0462805 0.00245313 0.0108771 -0.0408702 -0.000442146 -0.011764 0.00587153 -0.00152368 -2.28186e-05 -0.00341282 0.000151761 -0.0207155 0.00186915 0.0116455
internal_weight=10950 730 715 365 350 132 218 271 94 10220 365 204 188 9855 3530 2927 603 6325 933
internal_count=10950 730 715 365 350 132 218 271 94 10220 365 204 188 9855 3530 2927 603 6325 933
is_linear=0
shrinkage=0.1


Tree=115
num_leaves=20
num_cat=0
split_feature=5 6 10 10 8 5 3 0 4 6 4 5 5 6 5 6 9 6 5
split_gain=3.11845 34.5855 26.339 27.9122 29.7781 25.1496 17.9182 31.7951 55.8997 29.0749 33.436 23.2111 18.0123 8.41977 31.8325 11.8018 27.3592 17.2782 9.78594
threshold=3.5535714285714293 2.7823926493780227 3.5000000000000004 5.5000000000000009 20.500000000000004 3.8750000000000004 2.5000000000000004 7.5000000000000009 7.2142857142857153 2.9262832173952424 5.3571428571428585 5.3392857142857144 6.8035714285714297 2.3833762875235442 1.517857142857143 2.3358070194338327 2.5000000000000004 2.3166155591656206 3.4464285714285716
decision_type=2 2 2 2 2 2 2 2 2 2 2 2 2 2 2 2 2 2 2
left_child=13 2 -2 5 -5 -4 7 8 -3 10 -8 -11 -9 15 -15 17 -17 -1 -16
right_child=1 6 3 4 -6 -7 9 12 -10 11 -12 -13 -14 14 18 16 -18 -19 -20
leaf_value=-0.00018634787161846914 0.14604969283808833 0.038536606585771287 0.063593968778848653 0.0062322189639273445 0.12772908675116162 -0.062535228134067949 0.040731019420283184 0.055097898840904241 -0.1554527073270745 -0.048220986073526248 -0.10877441325081656 0.0028777775581891991 0.19720896330972515 0.083293592184782037 -0.021591576216708156 0.11936954716936901 -0.028692825604230168 -0.083437621317803856 -0.094067426868714388
leaf_weight=8872 23 85 25 38 43 43 21 22 18 96 52 1201 14.999999999999998 29 272 26 24 25 20
leaf_count=8872 23 85 25 38 43 43 21 22 18 96 52 1201 15 29 272 26 24 25 20
internal_value=1.65008e-12 0.00396134 0.0464486 0.0310739 0.0707306 -0.0161642 -0.000878259 0.0331982 0.00463556 -0.00436053 -0.065766 -0.000904398 0.11271 -0.000718923 -0.0166316 -0.000148009 0.0482996 -0.000420279 -0.0265557
internal_weight=10950 1682 172 149 81 68 1510 140 103 1370 73 1297 37 9268 321 8947 50 8897 292
internal_count=10950 1682 172 149 81 68 1510 140 103 1370 73 1297 37 9268 321 8947 50 8897 292
is_linear=0
shrinkage=0.1


Tree=116
num_leaves=20
num_cat=0
split_feature=8 9 8 7 7 5 0 1 7 0 10 4 10 1 4 2 4 5 6
split_gain=2.89273 8.38912 15.8536 28.9651 27.6806 23.285 22.0915 44.2636 18.8418 8.34624 16.6156 13.5165 13.6923 11.4904 16.4102 15.2116 12.6655 14.9292 14.8925
threshold=14.500000000000002 1.0000000180025095e-35 24.500000000000004 0.8392857142857143 0.73214285714285732 7.3392857142857144 3.5000000000000004 3.5000000000000004 0.94642857142857151 4.5000000000000009 11.500000000000002 2.3571428571428572 5.5000000000000009 4.5000000000000009 1.2142857142857146 4.5000000000000009 1.3571428571428574 1.4821428571428574 1.7618041283866632
decision_type=2 2 2 2 2 2 2 2 2 2 2 2 2 2 2 2 2 2 2
left_child=9 2 6 4 -4 -5 8 -8 -2 13 11 -11 -13 16 -15 -16 17 -1 -18
right_child=1 -3 3 5 -6 -7 7 -9 -10 10 -12 12 -14 14 15 -17 18 -19 -20
leaf_value=0.00010256007330016712 0.009893586553919774 2.9854668146624164e-05 -0.0056205380915255263 -0.13324870323312696 0.09885298180083435 -0.013571816818738307 0.10267941943672768 0.012188121844683925 -0.086486717178062958 0.00449155697619522 0.082716472297906879 -0.014234690156740113 -0.075275474858202351 -0.078789346814155586 0.04125979471109098 -0.03716754037244567 -0.016248797266947522 0.02887798560178639 0.0038857873166697637
leaf_weight=3218 260 4695 164 29 30 37 83 155 22 91 14.999999999999998 74 73 14.999999999999998 168 29 1030 191 571
leaf_count=3218 260 4695 164 29 30 37 83 155 22 91 15 74 73 15 168 29 1030 191 571
internal_value=2.67921e-11 0.00162535 0.011229 -0.00893288 0.0105352 -0.0661571 0.02131 0.043746 0.00237456 -0.00162535 -0.0193636 -0.0257972 -0.0445475 -0.000765951 0.0220375 0.0297147 -0.00173089 0.00171479 -0.00906776
internal_weight=10950 5475 780 260 194 66 520 238 282 5475 253 238 147 5222 212 197 5010 3409 1601
internal_count=10950 5475 780 260 194 66 520 238 282 5475 253 238 147 5222 212 197 5010 3409 1601
is_linear=0
shrinkage=0.1


Tree=117
num_leaves=9
num_cat=0
split_feature=4 6 2 3 2 0 0 5
split_gain=2.85248 5.53424 21.7454 13.2044 22.0497 7.70448 8.04108 16.4168
threshold=18.785714285714288 6.0661202798106135 8.5000000000000018 18.500000000000004 13.500000000000002 21.500000000000004 19.500000000000004 14.196428571428573
decision_type=2 2 2 2 2 2 2 2
left_child=1 5 -3 4 -4 6 7 -1
right_child=-2 2 3 -5 -6 -7 -8 -9
leaf_value=-0.00011459506749221598 0.036820086286891075 0.073051117798861337 -0.1060570566179721 -0.12968160422409283 0.038138832276066147 -0.063504247641877121 0.060625877299092037 0.068483921233564615
leaf_weight=10776 21 17 19 17 24 19 22 35
leaf_count=10776 21 17 19 17 24 19 22 35
internal_value=7.60678e-11 -7.07495e-05 -0.0267853 -0.0550723 -0.0255756 0.000118803 0.000230391 0.000107489
internal_weight=10950 10929 77 60 43 10852 10833 10811
internal_count=10950 10929 77 60 43 10852 10833 10811
is_linear=0
shrinkage=0.1


Tree=118
num_leaves=20
num_cat=0
split_feature=9 10 2 6 3 3 4 4 5 3 5 2 3 5 1 10 3 10 6
split_gain=2.89975 11.16 41.9958 25.8706 19.7221 41.3353 13.6103 23.5079 18.6918 18.3932 11.5114 10.131 48.2127 38.8579 26.9256 22.8111 21.6097 65.0354 43.2526
threshold=3.5000000000000004 10.500000000000002 10.500000000000002 4.5248742452489186 12.500000000000002 8.5000000000000018 13.785714285714286 12.642857142857144 11.267857142857144 14.500000000000002 17.339285714285719 13.500000000000002 11.500000000000002 12.125000000000002 7.5000000000000009 7.5000000000000009 12.500000000000002 9.5000000000000018 3.9811417574949366
decision_type=2 2 2 2 2 2 2 2 2 2 2 2 2 2 2 2 2 2 2
left_child=11 6 4 -4 5 -3 7 8 -2 -8 -11 16 13 14 -13 -14 -1 18 -18
right_child=1 2 3 -5 -6 -7 9 -9 -10 10 -12 12 15 -15 -16 -17 17 -19 -20
leaf_value=-0.0016450045362569516 0.0031939800514612995 -0.0055173454193532387 -0.19516003233821769 -0.022576080542057755 -0.11385126074310392 0.14801119913657507 0.13335383871668263 -0.099743793091990732 0.070268692093945692 -0.054335351387659693 0.069553801960622275 0.05310728904840193 -0.21483383234590292 0.1437763127187888 -0.1111884234207017 -0.052775748623044877 -0.14937265833218893 0.20179588688271388 0.042197730299085384
leaf_weight=6056 3847 681 19 15.999999999999998 15.999999999999998 18 19 22 42 15.000000000000002 14.999999999999998 19 15.999999999999998 18 21 19 14.999999999999998 21 55
leaf_count=6056 3847 681 19 16 16 18 19 22 42 15 15 19 16 18 21 19 15 21 55
internal_value=-1.54543e-12 0.00187307 -0.00931198 -0.116265 -0.00407655 -0.00156382 0.00399146 0.00333525 0.00391837 0.0563673 0.00760923 -0.00141381 -0.0341723 0.0217596 -0.033148 -0.126859 -0.000918196 0.0474505 0.00114693
internal_weight=10950 4710 750 35 715 699 3960 3911 3889 49 30 6240 93 58 40 35 6147 91 70
internal_count=10950 4710 750 35 715 699 3960 3911 3889 49 30 6240 93 58 40 35 6147 91 70
is_linear=0
shrinkage=0.1


Tree=119
num_leaves=10
num_cat=0
split_feature=0 5 1 0 4 9 1 5 0
split_gain=3.04595 7.91394 6.32348 27.6186 23.6463 20.7487 16.4708 13.1044 9.26279
threshold=25.500000000000004 17.946428571428573 16.500000000000004 10.500000000000002 11.214285714285717 4.5000000000000009 15.500000000000002 13.732142857142859 10.500000000000002
decision_type=2 2 2 2 2 2 2 2 2
left_child=1 2 6 4 -4 -5 7 -1 -8
right_child=-2 -3 3 5 -6 -7 8 -9 -10
leaf_value=-0.00020348952591438144 -0.045031693987548353 0.06631428185436461 -0.021618499593050393 -0.038430584191034241 -0.1650794455781579 0.068205684826180751 0.1253571172244847 0.062909523691191821 0.019347967119777904
leaf_weight=10731 14.999999999999998 18 27 36 20 37 15.999999999999998 33 17
leaf_count=10731 15 18 27 36 20 37 16 33 17
internal_value=6.07592e-12 6.17719e-05 -4.74656e-05 -0.0228765 -0.0826657 0.0156179 0.000206261 -9.99924e-06 0.0707463
internal_weight=10950 10935 10917 120 47 73 10797 10764 33
internal_count=10950 10935 10917 120 47 73 10797 10764 33
is_linear=0
shrinkage=0.1


Tree=120
num_leaves=11
num_cat=0
split_feature=2 3 4 6 4 10 0 5 5 5
split_gain=3.12855 12.4532 7.30595 7.6927 26.7311 30.459 23.6233 20.3772 37.813 28.1265
threshold=20.500000000000004 17.500000000000004 18.214285714285719 4.872611914594807 7.7857142857142865 6.5000000000000009 11.500000000000002 8.5892857142857171 8.8750000000000018 7.7678571428571432
decision_type=2 2 2 2 2 2 2 2 2 2
left_child=2 -2 3 7 5 -5 -6 9 -9 -1
right_child=1 -3 -4 4 6 -7 -8 8 -10 -11
leaf_value=0.0001395514613556115 -0.070876904290456039 0.037327210108439132 0.060491749374195936 0.16512086112052204 -0.05842169217407131 -0.0057294655839602157 0.0043906981746355692 0.14581135834256809 0.01543009361515655 -0.056321990391595314
leaf_weight=10182 26 18 20 15.999999999999998 130 30 111 24 304 89
leaf_count=10182 26 18 20 16 130 30 111 24 304 89
internal_value=-4.77672e-11 -0.0266116 0.000107364 -3.57577e-06 -0.0161582 0.0536967 -0.0294915 0.00043386 0.0249702 -0.000349698
internal_weight=10950 44 10906 10886 287 46 241 10599 328 10271
internal_count=10950 44 10906 10886 287 46 241 10599 328 10271
is_linear=0
shrinkage=0.1


Tree=121
num_leaves=20
num_cat=0
split_feature=0 6 0 3 3 1 10 5 6 3 0 4 4 1 8 9 3 3 9
split_gain=3.0237 22.4846 25.8823 28.966 28.4166 20.9032 37.6474 37.1031 45.016 28.7005 25.0879 41.7055 48.3242 32.6469 26.8747 23.019 18.4957 29.7591 23.51
threshold=8.5000000000000018 6.0661202798106135 7.5000000000000009 2.5000000000000004 13.500000000000002 9.5000000000000018 3.5000000000000004 11.857142857142859 4.4379935189811937 9.5000000000000018 12.500000000000002 9.5000000000000018 10.785714285714286 18.500000000000004 26.500000000000004 4.5000000000000009 10.500000000000002 6.5000000000000009 1.5000000000000002
decision_type=2 2 2 2 2 2 2 2 2 2 2 2 2 2 2 2 2 2 2
left_child=1 2 16 -4 -5 6 9 8 -8 15 13 -12 -13 14 -7 -2 17 -1 -18
right_child=5 -3 3 4 -6 10 7 -9 -10 -11 11 12 -14 -15 -16 -17 18 -19 -20
leaf_value=-0.00047956679774994581 0.035551412479609863 -0.09624580326490105 0.13080419379061667 0.0042280476446412193 0.15028408050537112 -0.0090422760180540792 -0.030387321936432274 0.067692980569388189 -0.13171261329399914 0.12104987212671683 0.12906539785234553 -0.16915544576588132 -0.0070545713291377647 0.17466019093990326 0.090631673165730064 -0.089585349673316605 0.060486921058459722 0.029841675501066579 -0.051484293107852699
leaf_weight=9585 49 24 29 119 14.999999999999998 76 190 28 57 26 19 21 148 17 42 21 22 335 127
leaf_count=9585 49 24 29 119 15 76 190 28 57 26 19 21 148 17 42 21 22 335 127
internal_value=7.7695e-11 0.000432268 0.000659035 0.0401885 0.0205776 -0.0063881 -0.0225816 -0.0414029 -0.0537701 0.0313336 0.0122119 -0.0114048 -0.0271973 0.0451003 0.0264349 -0.00198962 1.91201e-05 0.000544386 -0.0349516
internal_weight=10950 10256 10232 163 134 694 371 275 247 96 323 188 169 135 118 70 10069 9920 149
internal_count=10950 10256 10232 163 134 694 371 275 247 96 323 188 169 135 118 70 10069 9920 149
is_linear=0
shrinkage=0.1


Tree=122
num_leaves=18
num_cat=0
split_feature=1 0 0 5 6 6 10 7 9 4 1 8 3 6 5 4 5
split_gain=3.27319 17.1274 37.5009 33.2744 21.625 20.8303 18.1669 17.5594 28.8584 13.1783 16.7418 25.2251 86.8408 36.4065 10.9217 34.7442 31.0263
threshold=10.500000000000002 3.5000000000000004 7.5000000000000009 10.875000000000002 3.3653015507413202 3.6385653980085126 4.5000000000000009 0.94642857142857151 3.5000000000000004 14.071428571428573 6.5000000000000009 21.500000000000004 2.5000000000000004 3.286296165539643 7.7678571428571432 9.7857142857142865 7.5535714285714297
decision_type=2 2 2 2 2 2 2 2 2 2 2 2 2 2 2 2 2
left_child=9 7 3 6 -4 -6 -3 -2 -9 10 14 13 -13 -12 16 -16 -1
right_child=1 2 4 -5 5 -7 -8 8 -10 -11 11 12 -14 -15 15 -17 -18
leaf_value=-0.00034608872545263182 -0.040332914193471278 -0.092363459194699932 -0.10753590920392204 -0.16310300711128448 0.10206483697349376 0.00094219695302573132 0.0095242479239546138 -0.01030594168851773 0.17999507254537417 -0.090323617961257707 0.01568015979878477 0.18426122246857954 0.017047635084705578 -0.078073565739254336 -0.061086961578088572 0.044091975324503756 0.11593639678929164
leaf_weight=9715 14.999999999999998 30 17 27 22 275 42 14.999999999999998 17 15.999999999999998 139 34 359 59 99 46 23
leaf_count=9715 15 30 17 27 22 275 42 15 17 16 139 34 359 59 99 46 23
internal_value=2.66199e-11 -0.00825633 -0.0147657 -0.068431 0.0021542 0.00843276 -0.032929 0.0489433 0.0907915 0.000362051 0.000500582 0.0168497 0.031514 -0.0122566 -0.000477091 -0.0277199 -7.14433e-05
internal_weight=10950 460 413 99 314 297 72 47 32 10490 10474 591 393 198 9883 145 9738
internal_count=10950 460 413 99 314 297 72 47 32 10490 10474 591 393 198 9883 145 9738
is_linear=0
shrinkage=0.1


Tree=123
num_leaves=9
num_cat=0
split_feature=4 4 4 0 3 4 4 4
split_gain=2.71565 13.8008 12.8418 13.1406 15.4346 7.45458 10.2556 15.6697
threshold=15.357142857142859 14.642857142857144 16.142857142857146 21.500000000000004 15.500000000000002 14.214285714285717 13.785714285714286 13.357142857142859
decision_type=2 2 2 2 2 2 2 2
left_child=1 5 -2 4 -4 6 7 -1
right_child=2 -3 3 -5 -6 -7 -8 -9
leaf_value=0.00011400641788994505 -0.092569356825616622 0.083122020890004936 0.026864601206034424 0.084612394124269491 -0.097675732654683739 -0.070470495459934085 0.071617124974727636 -0.084367343986576249
leaf_weight=10799 18 20 24 14.999999999999998 17 14.999999999999998 20 22
leaf_count=10799 18 20 24 15 17 15 20 22
internal_value=-2.85568e-11 0.000129901 -0.0190919 0.00452587 -0.0247741 -2.29957e-05 7.4478e-05 -5.77512e-05
internal_weight=10950 10876 74 56 41 10856 10841 10821
internal_count=10950 10876 74 56 41 10856 10841 10821
is_linear=0
shrinkage=0.1


Tree=124
num_leaves=7
num_cat=0
split_feature=2 5 3 5 0 4
split_gain=2.70569 3.53964 27.1886 7.43718 4.6488 8.14913
threshold=23.500000000000004 16.357142857142858 17.500000000000004 15.000000000000002 22.500000000000004 13.357142857142859
decision_type=2 2 2 2 2 2
left_child=1 3 -3 4 5 -1
right_child=-2 2 -4 -5 -6 -7
leaf_value=0.00022715913167173441 -0.035034095360474159 -0.039138497163852058 0.12615484349867875 -0.064265590243869353 0.055698493321736653 -0.031610392389946944
leaf_weight=10773 22 24 17 18 14.999999999999998 81
leaf_count=10773 22 24 17 18 15 81
internal_value=-1.25391e-10 7.05297e-05 0.0293978 -3.99155e-05 6.64478e-05 -1.04345e-05
internal_weight=10950 10928 41 10887 10869 10854
internal_count=10950 10928 41 10887 10869 10854
is_linear=0
shrinkage=0.1


Tree=125
num_leaves=9
num_cat=0
split_feature=0 5 1 3 6 1 5 0
split_gain=2.90723 6.31175 4.8606 21.3951 25.5348 13.348 11.6603 6.84465
threshold=25.500000000000004 17.946428571428573 16.500000000000004 7.5000000000000009 4.8126902317970144 15.500000000000002 12.517857142857144 10.500000000000002
decision_type=2 2 2 2 2 2 2 2
left_child=1 2 5 -4 -5 6 -1 -7
right_child=-2 -3 3 4 -6 7 -8 -9
leaf_value=-0.00024745514601505724 -0.043994300365447998 0.059227538274394143 -0.10676599468873896 -0.052410676108395809 0.050253231685608628 0.1106313449330628 0.045502759303365441 0.01950415355317733
leaf_weight=10708 14.999999999999998 18 23 47 50 15.999999999999998 56 17
leaf_count=10708 15 18 23 47 50 16 56 17
internal_value=5.44242e-12 6.03488e-05 -3.72063e-05 -0.0200522 0.000508864 0.000185244 -9.43842e-06 0.063687
internal_weight=10950 10935 10917 120 97 10797 10764 33
internal_count=10950 10935 10917 120 97 10797 10764 33
is_linear=0
shrinkage=0.1


Tree=126
num_leaves=11
num_cat=0
split_feature=2 1 2 1 9 4 4 4 2 1
split_gain=2.70073 3.05901 5.19241 27.4038 30.3587 28.0436 16.1017 45.2082 39.0304 1.68889
threshold=23.500000000000004 21.500000000000004 13.500000000000002 12.500000000000002 3.5000000000000004 15.642857142857144 10.785714285714286 10.500000000000002 11.500000000000002 24.500000000000004
decision_type=2 2 2 2 2 2 2 2 2 2
left_child=1 2 6 4 -4 -5 7 -1 -8 -3
right_child=-2 9 3 5 -6 -7 8 -9 -10 -11
leaf_value=2.1226666084249653e-05 -0.03500197936188091 0.055400497317314147 -0.047450373032871557 -0.092473576547548411 0.053759691864252092 0.049057795645462143 0.0057715499257466885 -0.1504689368605614 0.11267370070915583 0.0093636612537974385
leaf_weight=10462 22 14.999999999999998 49 63 75 18 166 20 43 17
leaf_count=10462 22 15 49 63 75 18 166 20 43 17
internal_value=7.55227e-11 7.04653e-05 -2.02042e-05 -0.0157848 0.0137654 -0.0610222 0.000282082 -0.000265914 0.0277658 0.0309434
internal_weight=10950 10928 10896 205 124 81 10691 10482 209 32
internal_count=10950 10928 10896 205 124 81 10691 10482 209 32
is_linear=0
shrinkage=0.1


Tree=127
num_leaves=8
num_cat=0
split_feature=4 4 2 4 0 0 2
split_gain=2.88115 9.16194 8.17523 20.0204 6.25553 8.01146 9.6048
threshold=15.500000000000002 14.642857142857144 17.500000000000004 18.500000000000004 20.500000000000004 18.500000000000004 22.500000000000004
decision_type=2 2 2 2 2 2 2
left_child=1 4 3 -2 5 6 -1
right_child=2 -3 -4 -5 -6 -7 -8
leaf_value=-0.00016504017493370644 -0.099829578841174105 0.061847655444095533 0.022904600092658291 0.041336094372672966 -0.064539957046508792 0.055526093278939904 0.077371364436112353
leaf_weight=10799 27 24 27 15.999999999999998 14.999999999999998 26 15.999999999999998
leaf_count=10799 27 24 27 16 15 26 16
internal_value=-1.03577e-10 0.00013011 -0.0202228 -0.0473028 -6.33271e-06 8.29583e-05 -5.03307e-05
internal_weight=10950 10880 70 43 10856 10841 10815
internal_count=10950 10880 70 43 10856 10841 10815
is_linear=0
shrinkage=0.1


Tree=128
num_leaves=14
num_cat=0
split_feature=2 8 2 8 4 1 3 10 0 1 2 10 4
split_gain=3.15138 2.72275 12.1023 3.73125 9.03864 15.2017 11.2994 7.39146 27.4331 19.9554 3.22578 5.07151 3.65252
threshold=23.500000000000004 28.500000000000004 2.5000000000000004 16.500000000000004 1.3571428571428574 5.5000000000000009 3.5000000000000004 8.5000000000000018 15.500000000000002 3.5000000000000004 1.5000000000000002 4.5000000000000009 0.35714285714285715
decision_type=2 2 2 2 2 2 2 2 2 2 2 2 2
left_child=1 3 10 4 6 -6 -1 9 -9 -5 12 -12 -3
right_child=-2 2 -4 7 5 -7 -8 8 -10 -11 11 -13 -14
leaf_value=0.00055748588914309924 -0.037809596735645427 0.0045347407460212706 0.073970390768612143 0.012422108036241566 -0.0080669233732287692 0.02637408427647589 0.025759030128256446 -0.00080084549657191315 -0.081876445960166855 -0.0044675385341313208 -0.02694164221175015 0.04778918148506256 -0.021547464667703988
leaf_weight=3660 22 69 17 1716 2222 136 187 1418 43 1181 15.999999999999998 21 242
leaf_count=3660 22 69 17 1716 2222 136 187 1418 43 1181 16 21 242
internal_value=-2.57479e-11 7.61174e-05 -0.0084153 0.000369535 -0.00120556 -0.0060805 0.00178252 0.00261218 -0.00318705 0.00553682 -0.0124399 0.0154731 -0.0157607
internal_weight=10950 10928 365 10563 6205 2358 3847 4358 1461 2897 348 37 311
internal_count=10950 10928 365 10563 6205 2358 3847 4358 1461 2897 348 37 311
is_linear=0
shrinkage=0.1


Tree=129
num_leaves=7
num_cat=0
split_feature=5 0 0 6 1 0
split_gain=2.95037 13.8263 8.26786 6.50568 25.6169 11.2281
threshold=17.803571428571434 23.500000000000004 20.500000000000004 6.0661202798106135 10.500000000000002 19.500000000000004
decision_type=2 2 2 2 2 2
left_child=1 2 3 5 -5 -1
right_child=-2 -3 -4 4 -6 -7
leaf_value=0.00010385824866718258 -0.034314032137393952 0.087649089097976696 -0.069750029812840855 0.034129019379615787 -0.094495500397169974 0.083936731144785892
leaf_weight=10812 25 18 17 30 32 15.999999999999998
leaf_count=10812 25 18 17 30 32 16
internal_value=-5.0141e-12 7.85218e-05 -6.59973e-05 4.2784e-05 -0.0322578 0.000227734
internal_weight=10950 10925 10907 10890 62 10828
internal_count=10950 10925 10907 10890 62 10828
is_linear=0
shrinkage=0.1


Tree=130
num_leaves=17
num_cat=0
split_feature=7 5 8 4 10 4 10 2 5 10 5 0 5 3 3 7
split_gain=2.96054 14.3615 47.5945 43.0552 74.0719 42.9533 22.3844 22.9026 17.0158 39.1711 39.0692 12.9252 21.0793 20.7208 28.6582 15.9193
threshold=0.98214285714285732 6.3035714285714297 22.500000000000004 7.7857142857142865 2.5000000000000004 7.0714285714285721 2.5000000000000004 5.5000000000000009 7.2678571428571432 4.5000000000000009 7.3392857142857144 13.500000000000002 10.732142857142859 13.500000000000002 7.5000000000000009 0.94642857142857151
decision_type=2 2 2 2 2 2 2 2 2 2 2 2 2 2 2 2
left_child=11 3 6 4 -2 -6 -3 -8 9 -4 -10 12 13 14 -1 -13
right_child=1 2 8 -5 5 -7 7 -9 10 -11 -12 15 -14 -15 -16 -17
leaf_value=-9.527433205664597e-05 0.22798931363381839 -0.010744955423085588 -0.027581325487471095 -0.11399734497070313 0.0084052556936434885 0.18428163471321266 -0.052716782316565514 -0.21248573684378674 -0.1505391604760114 0.086965833149022537 0.0028256754735163578 -0.13027099248240978 0.084770807906471457 0.092189820560937136 -0.040372142026511335 0.011069604555765788
leaf_weight=9520 19 23 51 20 187 14.999999999999998 17 19 17 72 725 17 29 24 180 14.999999999999998
leaf_count=9520 19 23 51 20 187 15 17 19 17 72 725 17 29 24 180 15
internal_value=-3.55339e-11 0.00476537 -0.000904986 0.0265056 0.0392208 0.0214654 -0.0878059 -0.137039 0.00502236 0.0394707 -0.000688074 -0.000567363 -0.000359181 -0.000613065 -0.00084268 -0.0640176
internal_weight=10950 1165 924 241 221 202 59 36 865 123 742 9785 9753 9724 9700 32
internal_count=10950 1165 924 241 221 202 59 36 865 123 742 9785 9753 9724 9700 32
is_linear=0
shrinkage=0.1


Tree=131
num_leaves=20
num_cat=0
split_feature=8 4 5 0 0 1 1 3 6 5 0 4 9 10 5 1 4 4 8
split_gain=2.88388 17.5728 14.2831 26.6084 23.6432 32.8657 25 6.8917 39.2341 37.7916 60.6066 43.497 31.198 34.2402 28.542 38.2705 34.1918 19.9087 11.493
threshold=24.500000000000004 13.500000000000002 11.339285714285717 11.500000000000002 11.500000000000002 6.5000000000000009 6.5000000000000009 10.500000000000002 4.4379935189811937 11.660714285714286 12.500000000000002 11.500000000000002 1.5000000000000002 2.5000000000000004 11.482142857142859 9.5000000000000018 13.642857142857144 12.214285714285717 22.500000000000004
decision_type=2 2 2 2 2 2 2 2 2 2 2 2 2 2 2 2 2 2 2
left_child=7 2 4 -4 5 -2 -6 14 12 10 -10 -11 -9 -14 17 -16 -17 18 -1
right_child=1 -3 3 -5 6 -7 -8 8 9 11 -12 -13 13 -15 15 16 -18 -19 -20
leaf_value=0.00025865905125563017 -0.0063506170397392902 -0.10796808488667012 -0.0065570796281099325 0.14723471692866749 0.049123319983482364 0.041816268655925228 -0.09841889433030572 0.048448518693447115 0.1347139108853013 -0.15574894422665239 -0.040851421700790529 0.0072893205709341508 0.048433691655334676 -0.098125993889389626 0.19748589002034245 -0.074077214347198606 0.110832936167717 -0.10144917792395543 0.018223378052985077
leaf_weight=8341 1541 15.999999999999998 30 18 14.999999999999998 156 49 25 51 20 32 90 19 99 17 20 20 19 372
leaf_count=8341 1541 16 30 18 15 156 49 25 51 20 32 90 19 99 17 20 20 19 372
internal_value=-1.85308e-11 -0.00362883 -0.00270598 0.0511148 -0.00417299 -0.00192278 -0.0638387 0.000725766 -0.0133298 0.0160841 0.0670261 -0.022354 -0.0530281 -0.0745274 0.0012631 0.071796 0.0183779 0.000802684 0.00102566
internal_weight=10950 1825 1809 48 1761 1697 64 9125 336 193 83 110 143 118 8789 57 40 8732 8713
internal_count=10950 1825 1809 48 1761 1697 64 9125 336 193 83 110 143 118 8789 57 40 8732 8713
is_linear=0
shrinkage=0.1


Tree=132
num_leaves=10
num_cat=0
split_feature=0 5 3 9 6 0 3 10 2
split_gain=3.10658 5.29681 4.35099 19.3396 30.592 12.5351 11.9555 46.2758 14.1124
threshold=25.500000000000004 17.946428571428573 15.500000000000002 5.5000000000000009 4.6090804009740074 8.5000000000000018 14.500000000000002 8.5000000000000018 17.500000000000004
decision_type=2 2 2 2 2 2 2 2 2
left_child=1 2 6 5 -5 -4 8 -8 -1
right_child=-2 -3 3 4 -6 -7 7 -9 -10
leaf_value=-0.00024214672670793463 -0.045477616985638937 0.054264142447047761 -0.075931173800788038 0.1568130272626877 -0.032106700763106344 -0.0098934615584644128 -0.046954449540690377 0.18386603248582106 0.049648627874098329
leaf_weight=10669 14.999999999999998 18 47 14.999999999999998 20 74 19 15.999999999999998 57
leaf_count=10669 15 18 47 15 20 74 19 16 57
internal_value=6.5667e-11 6.23836e-05 -2.69845e-05 -0.0166078 0.0488589 -0.0355445 0.000213384 0.0585635 2.29823e-05
internal_weight=10950 10935 10917 156 35 121 10761 35 10726
internal_count=10950 10935 10917 156 35 121 10761 35 10726
is_linear=0
shrinkage=0.1


Tree=133
num_leaves=7
num_cat=0
split_feature=5 0 0 6 4 0
split_gain=3.21888 11.6957 6.52697 5.74202 22.2784 9.10841
threshold=17.803571428571434 23.500000000000004 20.500000000000004 6.0661202798106135 12.785714285714286 19.500000000000004
decision_type=2 2 2 2 2 2
left_child=1 2 3 5 -5 -1
right_child=-2 -3 -4 4 -6 -7
leaf_value=0.0001079354548566925 -0.035841484963893888 0.080623354845576811 -0.061965439863064714 0.018973857345613274 -0.103225084066391 0.075614100322127342
leaf_weight=10812 25 18 17 37 25 15.999999999999998
leaf_count=10812 25 18 17 37 25 16
internal_value=1.35747e-11 8.20171e-05 -5.09015e-05 4.57511e-05 -0.0302999 0.000219507
internal_weight=10950 10925 10907 10890 62 10828
internal_count=10950 10925 10907 10890 62 10828
is_linear=0
shrinkage=0.1


Tree=134
num_leaves=10
num_cat=0
split_feature=0 5 3 10 10 6 5 6 2
split_gain=3.16268 4.94276 3.92842 33.1353 37.0176 36.4346 33.0288 20.5004 17.1457
threshold=25.500000000000004 17.946428571428573 11.500000000000002 1.5000000000000002 5.5000000000000009 5.2249156877829472 12.196428571428573 5.680592348192774 12.500000000000002
decision_type=2 2 2 2 2 2 2 2 2
left_child=1 2 6 5 -5 -4 7 -1 -8
right_child=-2 -3 3 4 -6 -7 8 -9 -10
leaf_value=0.00018765704513686133 -0.045886456072330474 0.05242187703649203 0.17569471848638435 -0.076551897475106087 8.3054779334214792e-05 -0.029116784641519192 0.023321993431697288 -0.0812530167400837 0.14285487284262974
leaf_weight=10481 14.999999999999998 18 19 86 236 15.999999999999998 24 31 24
leaf_count=10481 15 18 19 86 236 16 24 31 24
internal_value=5.01674e-11 6.29444e-05 -2.33852e-05 -0.0103404 -0.0203847 0.0820666 0.000325401 -5.25124e-05 0.0830884
internal_weight=10950 10935 10917 357 322 35 10560 10512 48
internal_count=10950 10935 10917 357 322 35 10560 10512 48
is_linear=0
shrinkage=0.1


Tree=135
num_leaves=6
num_cat=0
split_feature=5 0 0 5 5
split_gain=3.22393 10.1822 5.37241 5.69097 10.6469
threshold=17.803571428571434 23.500000000000004 20.500000000000004 16.357142857142858 15.000000000000002
decision_type=2 2 2 2 2
left_child=1 2 3 4 -1
right_child=-2 -3 -4 -5 -6
leaf_value=7.7135183474570497e-05 -0.035869610726833347 0.075231691367096384 -0.056214151706765685 0.061598580280939744 -0.084230432709058126
leaf_weight=10860 25 18 17 14.999999999999998 14.999999999999998
leaf_count=10860 25 18 17 15 15
internal_value=-8.80969e-12 8.20815e-05 -4.19391e-05 4.57493e-05 -3.91511e-05
internal_weight=10950 10925 10907 10890 10875
internal_count=10950 10925 10907 10890 10875
is_linear=0
shrinkage=0.1


Tree=136
num_leaves=10
num_cat=0
split_feature=0 5 0 6 6 2 0 3 1
split_gain=3.1588 4.6352 3.55529 19.1765 42.0263 28.8325 15.2468 29.9845 18.1082
threshold=25.500000000000004 17.946428571428573 8.5000000000000018 3.5652623985944483 2.8174699142208026 5.5000000000000009 7.5000000000000009 6.5000000000000009 16.500000000000004
decision_type=2 2 2 2 2 2 2 2 2
left_child=1 2 6 4 -4 -5 8 -8 -1
right_child=-2 -3 3 5 -6 -7 7 -9 -10
leaf_value=0.00018025323913273476 -0.045858281552791598 0.050766654478179088 0.042311813979624559 0.057919200865068923 -0.063386543716906635 -0.0075891949988955987 0.073479095864586716 -0.011780766397714616 -0.07636617967678655
leaf_weight=10058 14.999999999999998 18 52 81 136 394 82 83 31
leaf_count=10058 15 18 52 81 136 394 82 83 31
internal_value=1.2636e-11 6.29057e-05 -2.06948e-05 -0.00711771 -0.0341508 0.00358171 0.000438182 0.0305908 -5.49474e-05
internal_weight=10950 10935 10917 663 188 475 10254 165 10089
internal_count=10950 10935 10917 663 188 475 10254 165 10089
is_linear=0
shrinkage=0.1


Tree=137
num_leaves=6
num_cat=0
split_feature=5 0 0 5 5
split_gain=3.08937 8.92612 4.35402 4.81012 9.31094
threshold=17.803571428571434 23.500000000000004 20.500000000000004 16.357142857142858 12.410714285714286
decision_type=2 2 2 2 2
left_child=1 2 3 4 -1
right_child=-2 -3 -4 -5 -6
leaf_value=0.0002185921048635148 -0.035113050490617755 0.070442174706194141 -0.050604502286981136 0.056632303396860761 -0.033812648505202415
leaf_weight=10794 25 18 17 14.999999999999998 81
leaf_count=10794 25 18 17 15 81
internal_value=-4.15072e-11 8.03502e-05 -3.57691e-05 4.3172e-05 -3.4882e-05
internal_weight=10950 10925 10907 10890 10875
internal_count=10950 10925 10907 10890 10875
is_linear=0
shrinkage=0.1


Tree=138
num_leaves=6
num_cat=0
split_feature=0 5 1 3 6
split_gain=3.10989 4.3535 2.85317 4.33237 4.73428
threshold=25.500000000000004 17.946428571428573 23.500000000000004 23.500000000000004 4.872611914594807
decision_type=2 2 2 2 2
left_child=1 2 3 4 -1
right_child=-2 -3 -4 -5 -6
leaf_value=0.00029671069533370077 -0.045501865794261298 0.049201293703582553 -0.040954153086332712 0.0454220834232512 -0.012877053429339348
leaf_weight=10599 14.999999999999998 18 17 21 280
leaf_count=10599 15 18 17 21 280
internal_value=1.35889e-11 6.24168e-05 -1.86036e-05 4.52409e-05 -4.23512e-05
internal_weight=10950 10935 10917 10900 10879
internal_count=10950 10935 10917 10900 10879
is_linear=0
shrinkage=0.1


Tree=139
num_leaves=20
num_cat=0
split_feature=3 0 4 6 5 1 4 5 0 6 2 10 9 5 0 6 5 10 3
split_gain=2.93677 11.9969 42.0798 33.5281 15.9684 16.5038 9.77232 33.8255 47.2671 19.6732 35.1574 31.2987 14.7956 9.58158 57.6007 26.6609 18.5093 47.6601 17.2646
threshold=5.5000000000000009 2.5000000000000004 5.6428571428571432 3.9811417574949366 3.8035714285714293 2.5000000000000004 10.500000000000002 7.9464285714285721 8.5000000000000018 3.3653015507413202 9.5000000000000018 4.5000000000000009 2.5000000000000004 6.4464285714285721 12.500000000000002 3.6385653980085126 6.9464285714285721 2.5000000000000004 7.5000000000000009
decision_type=2 2 2 2 2 2 2 2 2 2 2 2 2 2 2 2 2 2 2
left_child=6 2 4 -4 5 -2 7 9 -9 10 -1 -11 -8 14 15 -3 17 -15 -18
right_child=1 13 3 -5 -6 -7 12 8 -10 11 -12 -13 -14 16 -16 -17 18 -19 -20
leaf_value=-0.00047504703419176903 -0.003318276182970906 -0.0091896282488877334 0.22769265174865724 0.026006129448069262 -0.074799989518665136 0.065683712638914579 0.0016068695187568664 0.16540136989848367 -0.022230836637318136 -0.08093310507157675 0.093478977791965012 -0.0054051667441790173 -0.11729649586810008 0.090152384796076346 0.20097148325294256 0.087930964023777938 0.030409806918956946 -0.096113796153202147 -0.0076510794949641737
leaf_weight=9251 113 197 17 15.999999999999998 21 50 25 29 25 78 40 185 18 18 15.999999999999998 33 148 58 612
leaf_count=9251 113 197 17 16 21 50 25 29 25 78 40 185 18 18 16 33 148 58 612
internal_value=6.16609e-11 0.00446385 0.025923 0.129905 0.00727403 0.017848 -0.000600822 -0.000387944 0.0785346 -0.000834021 -7.05523e-05 -0.0278051 -0.0481666 0.000160113 0.0175078 0.00474507 -0.00494458 -0.0519981 -0.000239223
internal_weight=10950 1299 217 33 184 163 9651 9608 54 9554 9291 263 43 1082 246 230 836 76 760
internal_count=10950 1299 217 33 184 163 9651 9608 54 9554 9291 263 43 1082 246 230 836 76 760
is_linear=0
shrinkage=0.1


Tree=140
num_leaves=14
num_cat=0
split_feature=5 0 0 5 6 4 10 6 3 4 0 0 0
split_gain=2.97151 22.7204 24.6803 38.5284 23.6629 12.0286 33.0698 26.5209 22.7093 21.3711 14.9314 53.5966 40.1087
threshold=10.053571428571431 3.5000000000000004 5.5000000000000009 10.232142857142859 3.9811417574949366 9.071428571428573 11.500000000000002 4.872611914594807 9.5000000000000018 8.9285714285714306 12.500000000000002 13.500000000000002 10.500000000000002
decision_type=2 2 2 2 2 2 2 2 2 2 2 2 2
left_child=5 -2 -3 -4 -5 9 7 8 -7 10 12 -12 -1
right_child=1 2 3 4 -6 6 -8 -9 -10 -11 11 -13 -14
leaf_value=8.2970985814069252e-05 0.1180248699668381 -0.091098405191531562 0.15242752002345192 -0.095607854231544165 0.0089446098389326708 0.043910284591701765 -0.16923301368951799 -0.10830483498672645 -0.047665399147404565 0.096354851515396786 0.19913290616344004 -0.016309253664480317 -0.078124339641495191
leaf_weight=10203 18 26 18 23 368 68 14.999999999999998 24 45 23 17 36 66
leaf_count=10203 18 26 18 23 368 68 15 24 45 23 17 36 66
internal_value=-1.70357e-11 0.00792985 0.00337419 0.00937978 0.00279446 -0.000342214 -0.0282688 -0.0128347 0.00744209 6.81135e-05 -0.000146437 0.0527948 -0.000419676
internal_weight=10950 453 435 409 391 10497 152 137 113 10345 10322 53 10269
internal_count=10950 453 435 409 391 10497 152 137 113 10345 10322 53 10269
is_linear=0
shrinkage=0.1


Tree=141
num_leaves=12
num_cat=0
split_feature=1 8 5 10 5 1 5 0 4 4 6
split_gain=2.87626 25.0584 29.9062 28.4492 32.1355 8.86905 14.7486 12.6399 8.25315 31.5588 27.6253
threshold=14.500000000000002 20.500000000000004 8.1607142857142865 11.500000000000002 11.589285714285717 13.500000000000002 10.803571428571431 21.500000000000004 13.500000000000002 12.071428571428573 4.9530963244207902
decision_type=2 2 2 2 2 2 2 2 2 2 2
left_child=5 -2 -3 4 -4 7 -7 8 9 -1 -10
right_child=1 2 3 -5 -6 6 -8 -9 10 -11 -12
leaf_value=-8.6849690761655647e-05 0.13188793207518756 -0.12498861582511489 0.055051279205542349 0.14103984576649964 -0.036596696519403053 -0.10188357311893592 0.022130786386482859 -0.091783612171808887 0.02278597182236039 0.086767980137041636 -0.1383739998486514
leaf_weight=10603 15.999999999999998 17 65 15.999999999999998 93 22 17 14.999999999999998 26 42 18
leaf_count=10603 16 17 65 16 93 22 17 15 26 42 18
internal_value=8.27286e-12 0.0116757 0.00160561 0.013974 0.00110658 -0.000224972 -0.047826 -5.1538e-05 7.71907e-05 0.000255837 -0.0431431
internal_weight=10950 207 191 174 158 10743 39 10704 10689 10645 44
internal_count=10950 207 191 174 158 10743 39 10704 10689 10645 44
is_linear=0
shrinkage=0.1


Tree=142
num_leaves=20
num_cat=0
split_feature=8 4 5 5 0 4 4 8 0 5 8 2 3 3 4 4 8 10 6
split_gain=2.48427 13.7901 11.2576 25.1822 17.3039 16.6832 35.9209 6.86729 17.7362 13.6839 22.1139 12.7153 28.9391 27.7165 19.8136 21.7812 11.9212 7.44485 5.6915
threshold=24.500000000000004 13.500000000000002 11.053571428571431 10.732142857142859 11.500000000000002 10.214285714285717 12.071428571428573 18.500000000000004 6.5000000000000009 2.3750000000000004 4.5000000000000009 3.5000000000000004 10.500000000000002 8.5000000000000018 2.5000000000000004 4.7857142857142865 20.500000000000004 4.5000000000000009 2.3593061186483921
decision_type=2 2 2 2 2 2 2 2 2 2 2 2 2 2 2 2 2 2 2
left_child=7 2 3 4 -2 -4 -7 8 18 17 -11 12 13 -9 16 -16 -13 -10 -1
right_child=1 -3 5 -5 -6 6 -8 11 9 10 -12 14 -14 -15 15 -17 -18 -19 -20
leaf_value=0.00028443295020945191 -0.0010287917645759341 -0.09579778574407101 0.11750139205863602 -0.11850973477489071 -0.060726270658895382 -0.08284071142023261 0.10486485958099366 0.013515952650220923 0.04663964543077681 0.0029262938350439072 -0.13194562172697438 -0.08635991409612008 -0.092520828008651745 0.11273904915513665 0.03533448772341536 -0.0036262452759521059 -0.017542924857895142 -0.038437055305500206 -0.015057928895807838
leaf_weight=6591 1680 15.999999999999998 19 19 50 22 19 963 18 20 31 39 25 29 171 892 71 24 251
leaf_count=6591 1680 16 19 19 50 22 19 963 18 20 31 39 25 29 171 892 71 24 251
internal_value=-3.26249e-11 -0.00336804 -0.00255053 -0.00401165 -0.00275415 0.0400411 0.0041448 0.000673608 -0.000868004 -0.0442448 -0.0790547 0.00555538 0.0137387 0.0164166 -0.00153964 0.00264119 -0.0419417 -0.00197561 -0.000278404
internal_weight=10950 1825 1809 1749 1730 60 41 9125 6935 93 51 2190 1017 992 1173 1063 110 42 6842
internal_count=10950 1825 1809 1749 1730 60 41 9125 6935 93 51 2190 1017 992 1173 1063 110 42 6842
is_linear=0
shrinkage=0.1


Tree=143
num_leaves=17
num_cat=0
split_feature=4 1 1 6 2 3 3 5 4 0 5 3 1 0 4 4
split_gain=3.35412 23.5587 22.5591 36.5091 21.8081 18.6798 21.2393 33.7155 50.8055 21.0739 19.8585 15.3537 10.8767 10.538 53.9325 39.433
threshold=10.785714285714286 18.500000000000004 10.500000000000002 4.9530963244207902 2.5000000000000004 4.5000000000000009 7.5000000000000009 12.339285714285717 11.785714285714286 9.5000000000000018 10.696428571428573 11.500000000000002 13.500000000000002 8.5000000000000018 7.9285714285714297 9.5000000000000018
decision_type=2 2 2 2 2 2 2 2 2 2 2 2 2 2 2 2
left_child=1 2 13 4 -4 -2 7 8 -7 12 -11 -5 -8 14 -1 -15
right_child=5 -3 3 11 -6 6 9 -9 -10 10 -12 -13 -14 15 -16 -17
leaf_value=-0.00017354419859683972 -0.081718218255610708 0.10811420559883118 0.099415097733338675 -0.2067970558007558 -0.026653350937116588 0.026293612275272611 -0.080702289076227895 -0.057666434347629553 0.25036454340990855 0.088895093981067055 0.0052971201636586238 -0.063717973530292515 0.0064255313380904818 -0.0034683066167469538 0.061894832741679021 -0.10337188692925417
leaf_weight=9910 21 20 14.999999999999998 15.000000000000002 161 25 38 14.999999999999998 17 34 173 14.999999999999998 23 280 142 46
leaf_count=9910 21 20 15 15 161 25 38 15 17 34 173 15 23 280 142 46
internal_value=-9.79537e-12 -0.000316144 -0.000521039 -0.0332897 -0.0159089 0.009689 0.0155953 0.071027 0.116989 0.00380573 0.0190282 -0.135258 -0.0478508 0.000129409 0.000703267 -0.0175651
internal_weight=10950 10604 10584 206 176 346 325 57 42 268 207 30 61 10378 10052 326
internal_count=10950 10604 10584 206 176 346 325 57 42 268 207 30 61 10378 10052 326
is_linear=0
shrinkage=0.1


Tree=144
num_leaves=20
num_cat=0
split_feature=5 9 6 3 6 10 5 7 4 4 4 2 0 0 3 5 3 6 6
split_gain=2.95132 18.4317 36.6097 31.7796 64.5637 28.7605 31.1669 29.3265 44.7724 25.7932 22.6625 15.0303 10.1823 9.93813 23.215 41.4194 28.1845 20.9556 26.7716
threshold=9.1250000000000018 1.5000000000000002 3.5188087896204743 7.5000000000000009 5.5357715219715358 5.5000000000000009 11.589285714285717 0.98214285714285732 10.928571428571431 10.642857142857144 8.7857142857142865 16.500000000000004 11.500000000000002 8.5000000000000018 10.500000000000002 8.0178571428571441 14.500000000000002 2.8174699142208026 3.5652623985944483
decision_type=2 2 2 2 2 2 2 2 2 2 2 2 2 2 2 2 2 2 2
left_child=11 5 -3 4 -4 7 9 -2 -9 -7 -5 13 -8 14 15 -1 -16 -15 -19
right_child=1 2 3 10 -6 6 12 8 -10 -11 -12 -13 -14 17 16 -17 -18 18 -20
leaf_value=0.00040001054393367437 -0.06079102502100997 0.15408766206942107 0.14674682257653668 0.06263212265169367 -0.06387600207870657 -0.17955519258975983 -0.064815553233904005 0.22468581338723503 -0.01234798501519596 -0.038593156159751951 -0.012692319609651946 -0.089240787178277978 0.027233867274551862 0.039766677225438446 -0.075987083547645148 0.097638312778012326 0.036134921302718503 -0.065249756685104868 0.00014440164736965124
leaf_weight=9914 18 19 43 47 22 25 17 14.999999999999998 17 27 266 19 41 52 81 44 31 116 136
leaf_count=9914 18 19 43 47 22 25 17 15 17 27 266 19 41 52 81 44 31 116 136
internal_value=-2.19568e-12 0.0070916 0.0186399 0.0118317 0.0754591 -0.0215627 -0.050147 0.0413227 0.0987616 -0.106363 -0.00138162 -0.000380066 0.000253865 -0.000217317 0.000320459 0.000829664 -0.0449533 -0.0180311 -0.0299577
internal_weight=10950 557 397 378 65 160 110 50 32 52 313 10393 58 10374 10070 9958 112 304 252
internal_count=10950 557 397 378 65 160 110 50 32 52 313 10393 58 10374 10070 9958 112 304 252
is_linear=0
shrinkage=0.1


Tree=145
num_leaves=16
num_cat=0
split_feature=5 2 1 0 4 1 5 4 8 0 0 4 0 0 0
split_gain=2.93509 18.8292 72.4939 19.6792 23.8051 24.9857 18.0526 10.5454 28.0545 29.8209 26.1512 18.2931 14.2268 42.9413 28.9704
threshold=10.053571428571431 5.5000000000000009 10.500000000000002 3.5000000000000004 10.642857142857144 4.5000000000000009 10.696428571428573 9.071428571428573 22.500000000000004 5.5000000000000009 11.500000000000002 8.9285714285714306 12.500000000000002 13.500000000000002 10.500000000000002
decision_type=2 2 2 2 2 2 2 2 2 2 2 2 2 2 2
left_child=7 2 -2 -3 5 -5 -6 11 -9 -10 -11 12 14 -14 -1
right_child=1 3 -4 4 6 -7 -8 8 9 10 -12 -13 13 -15 -16
leaf_value=6.0643621517482599e-06 0.22222359954482981 0.10379278594627978 -0.048379649086432025 0.076622523764769246 0.07009672587944403 -0.062459462205128324 0.0011208105655310075 0.098764821374788883 -0.16946347035700457 0.016008846700677409 -0.078424771217738887 0.08912744326112064 0.18250904609175289 -0.010332092663480176 -0.066460786319591778
leaf_weight=10203 18 18 22 14.999999999999998 45 93 242 15.999999999999998 15.999999999999998 69 51 23 17 36 66
leaf_count=10203 18 18 22 15 45 93 242 16 16 69 51 23 17 36 66
internal_value=4.48324e-11 0.0078811 0.0733918 0.00153624 -0.00312355 -0.0431425 0.0119358 -0.00034011 -0.0264884 -0.041224 -0.0241254 4.40882e-05 -0.000154412 0.0515226 -0.000421125
internal_weight=10950 453 40 413 395 108 287 10497 152 136 120 10345 10322 53 10269
internal_count=10950 453 40 413 395 108 287 10497 152 136 120 10345 10322 53 10269
is_linear=0
shrinkage=0.1


Tree=146
num_leaves=20
num_cat=0
split_feature=1 3 8 10 0 4 10 5 5 5 9 5 4 6 4 3 5 4 3
split_gain=2.76706 23.3238 40.9248 27.7653 20.5599 12.6889 24.2003 26.1331 20.8069 27.6757 16.0854 11.493 27.1558 34.2922 29.2523 27.372 23.8477 41.8452 19.6332
threshold=6.5000000000000009 1.5000000000000002 22.500000000000004 2.5000000000000004 4.5000000000000009 6.0714285714285721 5.5000000000000009 4.3392857142857144 5.5892857142857144 5.8035714285714297 1.5000000000000002 7.7678571428571432 9.7857142857142865 4.872611914594807 9.071428571428573 5.5000000000000009 7.5535714285714297 8.6428571428571441 14.500000000000002
decision_type=2 2 2 2 2 2 2 2 2 2 2 2 2 2 2 2 2 2 2
left_child=11 2 3 -2 -5 6 10 -8 -7 -10 -3 16 14 -14 15 -13 17 18 -1
right_child=1 5 -4 4 -6 8 7 -9 9 -11 -12 12 13 -15 -16 -17 -18 -19 -20
leaf_value=-0.00080269819956833638 -0.079077323665842414 -0.076098285522311931 0.19351808306048901 0.017014585336936373 0.15385083816945555 0.10628690298646688 -0.0080488015052884131 -0.1196346547363735 -0.13153020540873211 0.005607129994988384 0.035662944908394958 0.070998189449310301 0.13346836479380728 -0.039294336818986475 -0.16284771529691561 -0.064667980424289048 0.10160121030133705 0.16654914816220601 0.10094970896055824
leaf_weight=9681 20 15.999999999999998 17 35 15.999999999999998 20 43 41 14.999999999999998 777 66 20 20 27 21 58 23 14.999999999999998 19
leaf_count=9681 20 16 17 35 16 20 43 41 15 777 66 20 20 27 21 58 23 15 19
internal_value=-2.99454e-11 0.0048405 0.0541521 0.0207828 0.0599436 0.000403464 -0.0247888 -0.0625133 0.0055536 0.00300983 0.0138559 -0.000522053 -0.028371 0.0342217 -0.0580867 -0.0298818 -0.00010452 -0.000345305 -0.000603389
internal_weight=10950 1066 88 71 51 978 166 84 812 792 82 9884 146 47 99 78 9738 9715 9700
internal_count=10950 1066 88 71 51 978 166 84 812 792 82 9884 146 47 99 78 9738 9715 9700
is_linear=0
shrinkage=0.1


Tree=147
num_leaves=20
num_cat=0
split_feature=9 6 6 10 0 6 10 2 9 8 10 3 5 8 4 5 6 0 6
split_gain=2.65786 11.1153 25.0873 22.4577 19.855 27.7928 19.7902 21.4983 19.1056 15.252 24.2842 15.232 13.0547 9.86381 17.4776 12.9605 12.6743 24.0123 17.9811
threshold=3.5000000000000004 1.5841600438589376 1.3571415554089548 4.5000000000000009 9.5000000000000018 5.1311249473051559 7.5000000000000009 6.5000000000000009 1.0000000180025095e-35 17.500000000000004 9.5000000000000018 9.5000000000000018 2.2321428571428577 18.500000000000004 3.9285714285714293 3.3392857142857149 1.6696188854741321 1.0000000180025095e-35 1.4003915424356597
decision_type=2 2 2 2 2 2 2 2 2 2 2 2 2 2 2 2 2 2 2
left_child=1 2 12 4 5 -3 8 -8 -5 -4 -11 -6 -1 14 16 -16 18 -18 -2
right_child=13 3 9 6 11 -7 7 -9 -10 10 -12 -13 -14 -15 15 -17 17 -19 -20
leaf_value=-0.0015550681532618882 0.00016013086828319239 -0.020258568641110301 0.0092670194280906285 0.046017965628146723 0.0026829094297878046 -0.12944919882186998 -0.016335850249797636 0.01862845187925774 0.0047042203940347669 0.065576865976410256 -0.0034890585765242582 0.10565225541591645 -0.089436415977337785 0.0078076518293482017 -0.13118575265010199 -0.007490028021857143 -0.019531987370952728 0.022208205924057429 -0.021594634201437285
leaf_weight=2975 1767 812 545 149 51 24 747 230 450 140 80 20 17 1727 18 15.999999999999998 189 509 484
leaf_count=2975 1767 812 545 149 51 24 747 230 450 140 80 20 17 1727 18 16 189 509 484
internal_value=3.19649e-11 -0.00135356 0.00207757 -0.00654516 -0.0190814 -0.0233932 0.000669568 -0.00810475 0.0149809 0.0182381 0.040462 0.0316884 -0.00205439 0.00179325 -0.00168877 -0.072976 -0.000866877 0.0109061 -0.00451748
internal_weight=10950 6240 3757 2483 907 836 1576 977 599 765 220 71 2992 4710 2983 34 2949 698 2251
internal_count=10950 6240 3757 2483 907 836 1576 977 599 765 220 71 2992 4710 2983 34 2949 698 2251
is_linear=0
shrinkage=0.1


Tree=148
num_leaves=16
num_cat=0
split_feature=8 9 0 8 3 4 5 1 3 3 2 2 10 2 3
split_gain=2.73312 13.8798 50.4907 32.9688 21.2212 18.2375 24.3383 14.7868 6.01884 7.13332 17.4175 9.7056 33.7556 12.0087 5.56576
threshold=24.500000000000004 5.5000000000000009 9.5000000000000018 25.500000000000004 16.500000000000004 13.357142857142859 11.803571428571431 3.5000000000000004 23.500000000000004 19.500000000000004 15.500000000000002 19.500000000000004 6.5000000000000009 16.500000000000004 8.5000000000000018
decision_type=2 2 2 2 2 2 2 2 2 2 2 2 2 2 2
left_child=8 4 3 7 5 6 -2 -3 9 11 -11 13 -13 -1 -5
right_child=1 2 -4 14 -6 -7 -8 -9 -10 10 -12 12 -14 -15 -16
leaf_value=0.00079862041910279218 -0.0062434610399595709 0.11836631809671722 0.14461890009364911 -0.01184512343938033 -0.1254970177014669 -0.11218692790716887 0.11072809700336722 0.011792604851981869 0.055504570649936795 0.025275200000032777 -0.12471682478984197 0.15675155963091292 -0.029077939430008765 -0.049352877069031825 -0.071905552289065186
leaf_weight=8986 1511 30 28 167 14.999999999999998 15.999999999999998 18 23 20 16.000000000000004 14.999999999999998 17 23 48 17
leaf_count=8986 1511 30 28 167 15 16 18 23 20 16 15 17 23 48 17
internal_value=-1.90681e-11 -0.00353271 0.0176265 0.00262316 -0.00712706 -0.00597783 -0.00486643 0.0721173 0.000706541 0.000586172 -0.0473016 0.000749774 0.0498996 0.000532152 -0.0173942
internal_weight=10950 1825 265 237 1560 1545 1529 53 9125 9105 31 9074 40 9034 184
internal_count=10950 1825 265 237 1560 1545 1529 53 9125 9105 31 9074 40 9034 184
is_linear=0
shrinkage=0.1


Tree=149
num_leaves=20
num_cat=0
split_feature=8 5 5 5 4 7 6 4 8 0 6 4 8 4 7 9 3 0 6
split_gain=2.65441 13.1951 7.80223 28.0666 14.0857 13.2385 11.5053 6.79525 4.01365 11.7759 9.84778 6.46872 4.46527 32.2353 21.468 6.39304 12.2297 10.0365 4.50488
threshold=1.5000000000000002 3.8750000000000004 2.2678571428571432 2.5535714285714293 0.92857142857142871 0.41071428571428575 2.2221917305225101 2.3571428571428572 2.5000000000000004 1.0000000180025095e-35 1.7185586528025272 0.50000000000000011 3.5000000000000004 2.3571428571428572 0.7678571428571429 5.5000000000000009 19.500000000000004 3.5000000000000004 2.9262832173952424
decision_type=2 2 2 2 2 2 2 2 2 2 2 2 2 2 2 2 2 2 2
left_child=1 2 4 -4 5 -1 -5 -6 9 10 11 -2 13 14 -10 17 -17 -14 -15
right_child=8 -3 3 6 7 -7 -8 -9 12 -11 -12 -13 15 18 -16 16 -18 -19 -20
leaf_value=-0.014456308157793408 0.018397530226894981 -0.086996682261427247 0.11689128690798367 0.035885052513945234 -0.0065230013272534922 0.044586139310320676 -0.012695385519237747 -0.05378538776627359 0.027993027373572423 -0.030932164418233432 0.080556953977793458 -0.018753892607573007 -0.0033909018555717953 -0.097899260199986973 -0.078965703025460243 0.0047019288138624594 0.083473031818866728 0.0050979470065377723 -0.029081351111332577
leaf_weight=58 89 14.999999999999998 28 91 289 110 105 34 304 161 15.999999999999998 99 6326 26 20 1358 20 1786 14.999999999999998
leaf_count=58 89 15 28 91 289 110 105 34 304 161 16 99 6326 26 20 1358 20 1786 15
internal_value=6.00632e-13 0.0058256 0.00777292 0.0232388 0.000717228 0.0242024 0.00985982 -0.011498 -0.000416114 -0.0107135 0.00524341 -0.00116625 -3.47302e-05 0.0108191 0.0213906 -0.000452185 0.0058452 -0.00152193 -0.072722
internal_weight=10950 730 715 224 491 168 196 323 10220 365 204 188 9855 365 324 9490 1378 8112 41
internal_count=10950 730 715 224 491 168 196 323 10220 365 204 188 9855 365 324 9490 1378 8112 41
is_linear=0
shrinkage=0.1


end of trees

feature_importances:
Column_5=367
Column_4=344
Column_0=253
Column_6=210
Column_3=209
Column_1=182
Column_2=163
Column_9=163
Column_8=122
Column_10=101
Column_7=64

parameters:
[boosting: gbdt]
[objective: regression]
[metric: l2]
[tree_learner: serial]
[device_type: cpu]
[data_sample_strategy: bagging]
[data: ]
[valid: ]
[num_iterations: 150]
[learning_rate: 0.1]
[num_leaves: 20]
[num_threads: 1]
[seed: 20261009]
[deterministic: 1]
[force_col_wise: 1]
[force_row_wise: 0]
[histogram_pool_size: -1]
[max_depth: 5]
[min_data_in_leaf: 15]
[min_sum_hessian_in_leaf: 0.001]
[bagging_fraction: 1]
[pos_bagging_fraction: 1]
[neg_bagging_fraction: 1]
[bagging_freq: 0]
[bagging_seed: 26940]
[bagging_by_query: 0]
[feature_fraction: 1]
[feature_fraction_bynode: 1]
[feature_fraction_seed: 7539]
[extra_trees: 0]
[extra_seed: 29524]
[early_stopping_round: 0]
[early_stopping_min_delta: 0]
[first_metric_only: 0]
[max_delta_step: 0]
[lambda_l1: 0]
[lambda_l2: 0]
[linear_lambda: 0]
[min_gain_to_split: 0]
[drop_rate: 0.1]
[max_drop: 50]
[skip_drop: 0.5]
[xgboost_dart_mode: 0]
[uniform_drop: 0]
[drop_seed: 7068]
[top_rate: 0.2]
[other_rate: 0.1]
[min_data_per_group: 100]
[max_cat_threshold: 32]
[cat_l2: 10]
[cat_smooth: 10]
[max_cat_to_onehot: 4]
[top_k: 20]
[monotone_constraints: ]
[monotone_constraints_method: basic]
[monotone_penalty: 0]
[feature_contri: ]
[forcedsplits_filename: ]
[refit_decay_rate: 0.9]
[cegb_tradeoff: 1]
[cegb_penalty_split: 0]
[cegb_penalty_feature_lazy: ]
[cegb_penalty_feature_coupled: ]
[path_smooth: 0]
[interaction_constraints: ]
[verbosity: -1]
[saved_feature_importance_type: 0]
[use_quantized_grad: 0]
[num_grad_quant_bins: 4]
[quant_train_renew_leaf: 0]
[stochastic_rounding: 1]
[linear_tree: 0]
[max_bin: 255]
[max_bin_by_feature: ]
[min_data_in_bin: 3]
[bin_construct_sample_cnt: 200000]
[data_random_seed: 5376]
[is_enable_sparse: 1]
[enable_bundle: 1]
[use_missing: 1]
[zero_as_missing: 0]
[feature_pre_filter: 1]
[pre_partition: 0]
[two_round: 0]
[header: 0]
[label_column: ]
[weight_column: ]
[group_column: ]
[ignore_column: ]
[categorical_feature: ]
[forcedbins_filename: ]
[precise_float_parser: 0]
[parser_config_file: ]
[objective_seed: 6783]
[num_class: 1]
[is_unbalance: 0]
[scale_pos_weight: 1]
[sigmoid: 1]
[boost_from_average: 1]
[reg_sqrt: 0]
[alpha: 0.9]
[fair_c: 1]
[poisson_max_delta_step: 0.7]
[tweedie_variance_power: 1.5]
[lambdarank_truncation_level: 30]
[lambdarank_norm: 1]
[label_gain: ]
[lambdarank_position_bias_regularization: 0]
[eval_at: ]
[multi_error_top_k: 1]
[auc_mu_weights: ]
[num_machines: 1]
[local_listen_port: 12400]
[time_out: 120]
[machine_list_filename: ]
[machines: ]
[gpu_platform_id: -1]
[gpu_device_id: -1]
[gpu_device_id_list: ]
[gpu_use_dp: 0]
[num_gpu: 1]

end of parameters

pandas_categorical:null
