tree
version=v4
num_class=1
num_tree_per_iteration=1
label_index=0
max_feature_idx=10
objective=regression
feature_names=Column_0 Column_1 Column_2 Column_3 Column_4 Column_5 Column_6 Column_7 Column_8 Column_9 Column_10
feature_infos=[0:360] [0:360] [0:360] [0:360] [18.571428571428573:181.42857142857142] [26.785714285714285:150.35714285714286] [11.666059265043625:90.232126954283189] [0.7142857142857143:1] [0:29] [0:6] [4:6]
tree_sizes=1750 1783 1793 1788 1763 1768 1847 1804 1779 1811 1776 1872 1792 1793 1793 1820 1420 1765 1339 1346 1594 1423 1816 1829 1797 1708 1696 1859 1263 1817 1448 1506 1752 1815 1279 1784 1154 1737 1575 1803 1640 1509 1197 1126 1873 1256 1381 1803 1575 1534 1541 1340 1160 1523 1853 1558 1267 1507 1749 1331 909 1853 1779 1748 1767 1266 757 1872 1587 1671 1271 932 1715 1808 1804 1542 1104 1106 1808 1490 1824 1182 1262 898 1869 1756 1319 1346 834 1420 1500 1638 1666 1857 1261 866 1817 1809 1339 771 902 1087 790 865 1265 958 1133 1441 837 1831 1568 1769 1693 1168 759 988 917 761 836 918 1711 1757 1855 1838 1135 1262 839 1382 1817 1504 1194 1038 1407 1140 1580 1362 1591 1579 1444 1446 1808 1498 1269 1131 1342 1000 1554 1278 901 1186

Tree=0
num_leaves=20
num_cat=0
split_feature=4 4 4 0 9 9 9 4 9 2 2 4 6 5 3 7 10 0 8
split_gain=788300 101851 86745.3 54441.4 44968.7 27233.4 22659.7 17295 16516.9 13905.9 13772.7 11636.1 10351.4 9110.6 10865.3 8935.71 7745.16 7111.59 8174.31
threshold=77.714285714285737 120.57142857142858 60.142857142857146 50.500000000000007 4.5000000000000009 4.5000000000000009 3.5000000000000004 44.571428571428577 4.5000000000000009 67.500000000000014 87.500000000000014 43.928571428571438 32.069312074922394 95.892857142857153 76.500000000000014 0.91071428571428592 4.5000000000000009 89.000000000000014 23.500000000000004
decision_type=2 2 2 2 2 2 2 2 2 2 2 2 2 2 2 2 2 2 2
left_child=2 3 5 10 13 7 9 16 15 -5 -2 -7 -8 -3 -15 -4 -1 18 -10
right_child=1 4 8 6 -6 11 12 -9 17 -11 -12 -13 -14 14 -16 -17 -18 -19 -20
leaf_value=59.483541295560734 61.34073195912012 66.279193465120045 64.531045422759107 64.440063083411488 73.141262413865775 61.621746728202623 66.490622089681906 61.630601976178873 64.037375337054414 66.581440680937533 65.145860203312296 62.847216797560627 68.648045937581685 70.722671700281865 67.891314682443124 62.607577812956571 60.869132527540962 63.062526873555235 66.136336363304963
leaf_weight=46 26 14.999999999999998 27 46 29 141 35 426 55 89 14.999999999999998 172 61 23 33 229 328 36 28
leaf_count=46 26 15 27 46 29 141 35 426 55 89 15 172 61 23 33 229 328 36 28
internal_value=62.9769 67.0942 61.9475 66.091 69.8232 61.5044 66.687 61.1949 63.2629 65.8518 62.7329 62.2952 67.8615 68.4679 69.0542 62.8104 60.6987 64.2363 64.7455
internal_weight=1860 372 1488 272 100 1113 231 800 375 135 41 313 96 71 56 256 374 119 83
internal_count=1860 372 1488 272 100 1113 231 800 375 135 41 313 96 71 56 256 374 119 83
is_linear=0
shrinkage=1


Tree=1
num_leaves=20
num_cat=0
split_feature=4 4 4 0 9 9 9 9 0 1 2 4 6 4 5 3 8 5 6
split_gain=638523 82499.1 70855.9 44097.6 36424.7 19437.5 19418.3 18354.4 13537.2 12094.7 11155.9 8588.3 8388.03 8320.6 7379.59 8800.92 7053.36 7030.28 7736.08
threshold=77.714285714285737 120.57142857142858 54.000000000000007 50.500000000000007 4.5000000000000009 3.5000000000000004 4.5000000000000009 3.5000000000000004 60.500000000000007 93.000000000000014 87.500000000000014 68.714285714285737 32.38007606054186 35.785714285714292 95.892857142857153 76.500000000000014 21.500000000000004 59.517857142857146 29.268096728282085
decision_type=2 2 2 2 2 2 2 2 2 2 2 2 2 2 2 2 2 2 2
left_child=2 3 5 10 14 -1 11 9 13 -5 -2 16 -9 -7 -3 -16 -4 18 -8
right_child=1 4 6 7 -6 8 17 12 -10 -11 -12 -13 -14 -15 15 -17 -18 -19 -20
leaf_value=-1.9029920514259075 -1.4725347633545216 2.972080618540446 -1.0470616560537838 1.7534438537923915 9.1479424953460704 -2.0368803449652413 0.68161935061216361 3.1893893665737578 0.46425668147572302 3.6616805395837559 1.9520806789398195 0.44995045491627289 5.1201954172054931 -0.89819572844585793 6.9712111084357549 4.4229897802526308 -0.11707905990106089 1.3965925972746767 -1.5303058624267578
leaf_weight=504 26 14.999999999999998 206 76 29 88 64 36 57 59 14.999999999999998 84 60 237 23 33 135 92 21
leaf_count=504 26 15 206 76 29 88 64 36 57 59 15 84 60 237 23 33 135 92 21
internal_value=-1.59362e-08 3.70563 -0.926407 2.80267 6.16168 -1.49522 -0.0892538 3.33909 -0.957213 2.58741 -0.219627 -0.455775 4.39614 -1.20652 4.94194 5.46958 -0.678887 0.790812 0.135144
internal_weight=1860 372 1488 272 100 886 602 231 382 135 41 425 96 325 71 56 341 177 85
internal_count=1860 372 1488 272 100 886 602 231 382 135 41 425 96 325 71 56 341 177 85
is_linear=0
shrinkage=0.1


Tree=2
num_leaves=20
num_cat=0
split_feature=4 4 4 0 9 9 9 4 2 9 8 7 2 0 1 6 5 3 0
split_gain=517204 66824.2 58694.7 35719 29504 18326.1 14867.1 12725.3 10675.7 10624 9452.68 11475.3 9036.27 7205.11 6960.42 6834.8 5977.46 7128.74 5800.56
threshold=77.714285714285737 120.57142857142858 61.142857142857146 50.500000000000007 4.5000000000000009 4.5000000000000009 3.5000000000000004 44.571428571428577 67.500000000000014 4.5000000000000009 23.500000000000004 0.91071428571428592 87.500000000000014 29.500000000000004 51.000000000000007 30.350839390802705 95.892857142857153 76.500000000000014 89.000000000000014
decision_type=2 2 2 2 2 2 2 2 2 2 2 2 2 2 2 2 2 2 2
left_child=2 3 5 12 16 7 8 14 -5 13 11 -7 -2 -4 -1 -8 -3 -18 -11
right_child=1 4 9 6 -6 10 15 -9 -10 18 -12 -13 -14 -15 -16 -17 17 -19 -20
leaf_value=-2.036848868070233 -1.3252812798206624 2.6748725891113283 1.9458153501152993 1.0917387970115828 8.2331485065920607 -3.0479185716807842 2.7632488727569582 -1.0765442645246233 2.9679866943299102 1.5085427755262795 1.0034104464735305 -0.56181068761008124 1.7568725935618084 -0.24760714117278401 -0.73538966863713373 4.5531688325107096 6.2740898878678033 3.98069067290335 -0.014169201585981582
leaf_weight=327 26 14.999999999999998 15.999999999999998 46 29 20 32 432 89 82 35 259 14.999999999999998 234 47 64 23 33 36
leaf_count=327 26 15 16 46 29 20 32 432 89 82 35 259 15 234 47 64 23 33 36
internal_value=4.81384e-10 3.33507 -0.833767 2.5224 5.54551 -1.19377 3.00518 -1.44625 2.32867 0.261911 -0.545694 -0.740026 -0.197664 -0.107228 -1.8733 3.95653 4.44775 4.92262 1.04399
internal_weight=1860 372 1488 272 100 1120 231 806 135 368 314 279 41 250 374 96 71 56 118
internal_count=1860 372 1488 272 100 1120 231 806 135 368 314 279 41 250 374 96 71 56 118
is_linear=0
shrinkage=0.1


Tree=3
num_leaves=20
num_cat=0
split_feature=4 4 4 0 1 0 9 9 8 9 5 0 4 7 1 3 5 2 4
split_gain=418935 55923.9 47970.5 21249.8 18787.4 15964.2 13449.5 12976.2 13754.2 12835.6 10830.1 10452.2 8710.43 7227.01 9738.4 7000.33 6328.72 6250.89 6054.64
threshold=77.714285714285737 109.28571428571429 54.000000000000007 58.500000000000007 143.50000000000003 135.00000000000003 3.5000000000000004 4.5000000000000009 18.500000000000004 4.5000000000000009 78.750000000000014 60.500000000000007 84.071428571428598 0.91071428571428592 67.500000000000014 49.000000000000007 50.053571428571438 49.000000000000007 35.785714285714292
decision_type=2 2 2 2 2 2 2 2 2 2 2 2 2 2 2 2 2 2 2
left_child=2 3 6 -2 10 -6 16 12 -9 13 -3 18 -5 14 -4 -12 -1 -13 -8
right_child=1 4 9 7 5 -7 11 8 -10 -11 15 17 -14 -15 -16 -17 -18 -19 -20
leaf_value=-1.7992802204434264 -0.40502722263336183 1.2520641885697843 2.5548759645537329 0.15482984066009522 4.4034178466632445 7.9312900418820593 -1.6982773962345992 1.8868237322027033 5.2552153869911482 0.65394057123001015 6.0469334403673809 -1.0632984499136606 2.2356581574504815 -0.48690342704967127 -0.69099784592787428 3.6904525144190732 -1.0380182664841413 1.1895909969623273 -0.72693975117639154
leaf_weight=344 33 15.999999999999998 19 25 29 23 88 22 27 177 14.999999999999998 18 103 388 18 79 160 39 237
leaf_count=344 33 16 19 25 29 23 88 22 27 177 15 18 103 388 18 79 160 39 237
internal_value=6.18478e-10 3.00156 -0.75039 1.92466 4.39754 5.96382 -1.21841 2.35901 3.74288 -0.061572 3.65712 -0.770886 1.82925 -0.359562 0.975802 4.06649 -1.55761 0.478152 -0.989948
internal_weight=1860 372 1488 210 162 52 886 177 49 602 110 382 128 425 37 94 504 57 325
internal_count=1860 372 1488 210 162 52 886 177 49 602 110 382 128 425 37 94 504 57 325
is_linear=0
shrinkage=0.1


Tree=4
num_leaves=20
num_cat=0
split_feature=4 4 4 0 1 0 0 1 9 8 5 0 1 5 5 8 5 9 6
split_gain=339338 45298.4 40830 17212.4 15217.8 14402.9 12931 10829.1 10510.8 11140.9 8772.41 7944.05 7648.75 7424.26 7364.24 7006.93 6133.75 5722.77 4643.07
threshold=77.714285714285737 109.28571428571429 61.357142857142868 58.500000000000007 143.50000000000003 60.500000000000007 135.00000000000003 51.000000000000007 4.5000000000000009 18.500000000000004 78.750000000000014 29.500000000000004 93.000000000000014 83.660714285714292 47.446428571428577 27.500000000000004 114.46428571428574 5.5000000000000009 21.432603228303226
decision_type=2 2 2 2 2 2 2 2 2 2 2 2 2 2 2 2 2 2 2
left_child=2 3 5 -2 10 7 -6 14 12 -10 -3 -4 -5 15 -1 -13 -12 -7 -19
right_child=1 4 11 8 6 17 -8 -9 9 -11 16 13 -14 -15 -16 -17 -18 18 -20
leaf_value=-1.6568177166596716 -0.36452455376133774 1.1268578346818685 2.1780768418312073 1.037521761127665 3.9630760669708254 -0.53433025522679889 7.1381610414256222 -0.60392025523185733 1.6981413407759236 4.7296939381846679 4.433956198293564 -0.107414231142577 2.6278563479987942 1.8253567794958752 -0.95907327206134796 1.9784208157483272 2.8169093391526907 -0.54477925143743822 1.453072468439738
leaf_weight=383 33 15.999999999999998 20 79 29 189 23 250 22 27 49 306 49 24 250 17 45 19 30
leaf_count=383 33 16 20 79 29 189 23 250 22 27 49 306 49 24 250 17 45 19 30
internal_value=3.42997e-09 2.7014 -0.675351 1.73219 3.95779 -0.975073 5.36744 -1.16117 2.12311 3.36859 3.2914 0.240148 1.64632 0.128452 -1.38125 0.00236656 3.65984 -0.284651 0.678395
internal_weight=1860 372 1488 210 162 1121 52 883 177 49 110 367 128 347 633 323 94 238 49
internal_count=1860 372 1488 210 162 1121 52 883 177 49 110 367 128 347 633 323 94 238 49
is_linear=0
shrinkage=0.1


Tree=5
num_leaves=20
num_cat=0
split_feature=4 4 4 0 1 9 9 9 9 2 5 4 6 3 1 2 7 5 2
split_gain=275655 44419.8 26088.5 13149.4 13050 10316.6 10309.5 10170 8796.77 8733.61 7760.54 7299.33 8196.57 7242.03 6473.09 5682.95 4969.27 4397.2 4028.49
threshold=74.142857142857153 109.28571428571429 54.000000000000007 67.500000000000014 100.50000000000001 3.5000000000000004 4.5000000000000009 5.5000000000000009 5.5000000000000009 58.500000000000007 97.625000000000014 35.785714285714292 25.560788745515861 100.50000000000001 36.500000000000007 100.50000000000001 0.87500000000000011 50.053571428571438 73.000000000000014
decision_type=2 2 2 2 2 2 2 2 2 2 2 2 2 2 2 2 2 2 2
left_child=2 3 5 9 15 17 16 10 13 -2 -6 -7 -13 -5 -8 -3 -4 -1 -16
right_child=1 4 6 8 7 11 14 -9 -10 -11 -12 12 -14 -15 18 -17 -18 -19 -20
leaf_value=-1.4892557510802913 -1.4361943562825523 1.7798454647840456 1.2202048367924161 1.2525031698128535 2.199459346857938 -1.3804725801306112 -1.3196400670444266 6.5653673216700561 3.4816119358457374 1.0088743691643081 4.3766369849443434 -0.66987638521852888 0.5383173349656557 2.9813105312983197 1.1962004547610003 3.939598132582272 -0.48126853350046517 -0.85470794677734385 0.16355078492094488
leaf_weight=344 21 43 18 126 22 91 17 15.999999999999998 29 48 64 215 76 30 85 17 370 160 68
leaf_count=344 21 43 18 126 22 91 17 16 29 48 64 215 76 30 85 17 370 160 68
internal_value=1.77993e-09 2.26811 -0.653416 1.44286 3.56201 -0.990735 -0.117816 4.25038 1.88228 0.264723 3.81968 -0.598781 -0.354334 1.58497 0.531557 2.39178 -0.402334 -1.28781 0.737245
internal_weight=1860 416 1444 254 162 886 558 102 185 69 86 382 291 156 170 60 388 504 153
internal_count=1860 416 1444 254 162 886 558 102 185 69 86 382 291 156 170 60 388 504 153
is_linear=0
shrinkage=0.1


Tree=6
num_leaves=20
num_cat=0
split_feature=4 4 2 0 6 0 9 1 4 6 0 9 5 0 5 4 3 8 8
split_gain=225039 45607.9 21098.8 17368.5 16216.8 11096.9 10932.7 8969.8 7530.43 7526.53 6574.35 5675.25 5206.61 10465.7 5166.85 5011.57 5834.77 4991.68 5076.27
threshold=93.571428571428598 61.928571428571438 93.000000000000014 67.500000000000014 53.610999707020348 60.500000000000007 4.5000000000000009 51.000000000000007 120.57142857142858 37.745792964781032 135.00000000000003 4.5000000000000009 49.339285714285722 58.500000000000007 50.232142857142868 100.50000000000001 135.00000000000003 24.500000000000004 1.5000000000000002
decision_type=2 2 2 2 2 2 2 2 2 2 2 2 2 2 2 2 2 2 2
left_child=1 5 3 -2 15 7 12 11 9 -5 -10 -1 -3 -14 -8 -4 -17 18 -7
right_child=2 6 4 8 -6 17 14 -9 10 -11 -12 -13 13 -15 -16 16 -18 -19 -20
leaf_value=-1.2958873634120662 -0.85696827570597334 1.9097287112474441 4.746983208375819 2.6207815492298545 6.5455080747604377 1.4008576480547588 -0.55382623036702483 -0.44828466194779132 1.9571502577513458 0.60846313097897697 4.6767360210418705 -0.58548231256419214 -0.98120419266514292 0.39241746894549578 1.4165639252480815 2.478886588313912 4.2592607100804649 0.86482245394665958 -0.50424321429884955
leaf_weight=501 21 14.999999999999998 17 41 15.999999999999998 14.999999999999998 14.999999999999998 268 15.999999999999998 34 20 145 78 192 118 79 24 38 207
leaf_count=501 21 15 17 41 16 15 15 268 16 34 20 145 78 192 118 79 24 38 207
internal_value=4.41066e-09 -0.451303 2.68087 1.78025 3.55501 -0.770679 0.445702 -0.934655 2.27918 1.70853 3.46803 -1.13643 0.0963374 -0.00440657 1.19434 3.15628 2.89373 -0.194239 -0.37552
internal_weight=1860 1592 268 132 136 1174 418 914 111 75 36 646 285 270 133 120 103 260 222
internal_count=1860 1592 268 132 136 1174 418 914 111 75 36 646 285 270 133 120 103 260 222
is_linear=0
shrinkage=0.1


Tree=7
num_leaves=20
num_cat=0
split_feature=4 0 9 6 4 5 9 5 7 7 5 3 0 10 1 0 8 1 6
split_gain=183768 32086.1 18891.2 18722.5 17452.2 17352.9 12049.7 11411 10887.2 7691.22 7379.47 7418.79 6844.42 6438.86 6145.35 5275.88 8367.68 4004.42 5256.6
threshold=74.142857142857153 135.00000000000003 3.5000000000000004 41.104014844596925 43.928571428571438 86.964285714285737 4.5000000000000009 82.589285714285737 0.94642857142857151 0.87500000000000011 92.767857142857153 143.50000000000003 165.00000000000003 4.5000000000000009 23.000000000000004 100.50000000000001 23.500000000000004 18.500000000000004 62.559657156190774
decision_type=2 2 2 2 2 2 2 2 2 2 2 2 2 2 2 2 2 2 2
left_child=4 5 12 -4 13 7 9 8 -2 -6 -7 -12 -3 -1 -11 16 -8 -15 -19
right_child=1 2 3 -5 6 10 15 -9 -10 14 11 -13 -14 17 -16 -17 -18 18 -20
leaf_value=-1.9222369713818326 2.4779099759956202 3.2642046948273982 2.3314615897337596 6.8003180465698243 1.1376420193248327 4.1253354198792405 0.072909917439378455 -1.8514900594949724 0.49511067256331442 -1.4296507478544589 1.6172301585777946 3.8004990577697755 0.99852248318493375 -1.63744347105592 -0.47215836892875152 -1.5027351737022401 1.429805244248489 -0.83868546638822417 0.87008142220346552
leaf_weight=68 36 30 14.999999999999998 25 27 17 210 15.999999999999998 120 76 115 18 24 59 568 15.999999999999998 58 343 19
leaf_count=68 36 30 15 25 27 17 210 16 120 76 115 18 24 59 568 16 58 343 19
internal_value=4.91638e-09 1.85189 3.47735 5.1245 -0.533508 1.37738 -0.28474 0.691827 0.95268 -0.515832 2.16347 1.91271 2.25723 -1.01934 -0.585154 0.261254 0.366566 -0.873508 -0.748999
internal_weight=1860 416 94 40 1444 322 955 172 156 671 150 133 54 489 644 284 268 421 362
internal_count=1860 416 94 40 1444 322 955 172 156 671 150 133 54 489 644 284 268 421 362
is_linear=0
shrinkage=0.1


Tree=8
num_leaves=20
num_cat=0
split_feature=4 0 1 5 5 0 2 1 3 9 9 9 7 5 6 1 6 9 8
split_gain=148852 25989.7 15425.9 15021.1 14055.8 10858.3 10075 9759.07 9073.2 7651.97 6363.47 6212.89 7365.08 5977.37 7239.31 5587.27 14954.9 5236.2 17072
threshold=74.142857142857153 135.00000000000003 155.00000000000003 52.553571428571438 86.964285714285737 67.500000000000014 49.000000000000007 26.500000000000004 58.500000000000007 5.5000000000000009 3.5000000000000004 4.5000000000000009 0.98214285714285732 92.767857142857153 42.64456095417939 51.000000000000007 31.522978447959975 2.5000000000000004 15.500000000000002
decision_type=2 2 2 2 2 2 2 2 2 2 2 2 2 2 2 2 2 2 2
left_child=3 4 17 9 5 6 -2 8 -5 15 -7 -9 -13 -6 -15 -1 -17 -3 -19
right_child=1 2 -4 7 13 10 -8 11 -10 -11 -12 12 -14 14 -16 16 -18 18 -20
leaf_value=-1.0407433395132035 -2.5096781446653256 1.6539935608167906 5.7618934843275289 -2.546313103636106 3.7128018747357765 0.56220591323716307 0.34783689777056376 -0.1977271214983482 -0.086882263819376637 -0.01538203210890794 2.0997377533544888 1.869281231995785 0.20628837800004343 1.2548303917207217 2.8879610165169365 -0.67390623285046114 2.6301022235552471 0.66816979939738907 4.968712723255158
leaf_weight=538 17 37 18 30 17 63 45 383 30 119 47 33 138 95 38 158 14.999999999999998 14.999999999999998 24
leaf_count=538 17 37 18 30 17 63 45 383 30 119 47 33 138 95 38 158 15 15 24
internal_value=6.32098e-09 1.6667 3.12961 -0.480157 1.23964 0.622644 -0.435675 -0.105165 -1.3166 -0.757561 1.21915 0.0260372 0.527217 1.94713 1.72144 -0.88178 -0.387432 2.50618 3.31466
internal_weight=1860 416 94 1444 322 172 62 614 60 830 110 554 171 150 133 711 173 76 39
internal_count=1860 416 94 1444 322 172 62 614 60 830 110 554 171 150 133 711 173 76 39
is_linear=0
shrinkage=0.1


Tree=9
num_leaves=20
num_cat=0
split_feature=4 4 2 3 8 0 3 3 1 9 1 5 5 6 8 1 8 8 6
split_gain=121374 26543.4 14351.3 17798.2 16247.1 7903.47 7127.17 7017.85 8685.65 7006.93 5175.25 5536.1 4642.29 7717.71 4021.97 5429.33 3594.6 4171.08 2100.94
threshold=93.571428571428598 61.928571428571438 67.500000000000014 38.500000000000007 13.500000000000002 60.500000000000007 58.500000000000007 143.50000000000003 73.000000000000014 4.5000000000000009 13.000000000000002 47.196428571428577 49.339285714285722 45.39436695998058 27.500000000000004 58.500000000000007 1.5000000000000002 24.500000000000004 20.290539437371944
decision_type=2 2 2 2 2 2 2 2 2 2 2 2 2 2 2 2 2 2 2
left_child=1 5 4 -4 -2 10 -6 8 -5 12 18 -12 -3 -14 15 -11 -7 -18 -1
right_child=2 9 3 7 6 16 -8 -9 -10 14 11 -13 13 -15 -16 -17 17 -19 -20
leaf_value=-2.4106396417868767 2.8067845712105437 1.7854809466997783 4.9501450320084892 -0.20372730524916399 -1.9573564206560452 1.4141027514139812 0.63122640022864707 3.6363208055496217 2.081978595592922 2.0014366088090121 -0.88267754828996881 -0.36728060247034444 0.12514849039781617 -1.965169940496746 2.4945822891592981 0.3866637930110261 -0.35739807322135442 0.78240576496249759 -1.1990327295815122
leaf_weight=19 24 14.999999999999998 24 19 18 14.999999999999998 26 24 133 27 445 392 251 19 14.999999999999998 91 207 38 58
leaf_count=19 24 15 24 19 18 15 26 24 133 27 445 392 251 19 15 91 207 38 58
internal_value=1.04018e-09 -0.331438 1.96884 2.39554 0.713857 -0.575085 -0.427739 2.04718 1.79627 0.352871 -0.71347 -0.641297 0.0731798 -0.021948 0.95221 0.756146 -0.0886094 -0.180612 -1.498
internal_weight=1860 1592 268 200 68 1174 44 176 152 418 914 837 285 270 133 118 260 245 77
internal_count=1860 1592 268 200 68 1174 44 176 152 418 914 837 285 270 133 118 260 245 77
is_linear=0
shrinkage=0.1


Tree=10
num_leaves=20
num_cat=0
split_feature=4 0 9 7 4 1 5 1 0 9 0 8 5 1 0 0 8 1 5
split_gain=99232.1 18726.6 12796.9 11019.6 12688.5 10753.9 9277.98 9945.62 14037.2 6024.28 5934.69 5129.4 5098.56 6807.04 5045.85 4670.06 4616.43 4268.48 3563.59
threshold=74.142857142857153 135.00000000000003 2.5000000000000004 0.98214285714285732 126.42857142857143 51.000000000000007 86.964285714285737 47.500000000000007 67.500000000000014 5.5000000000000009 115.00000000000001 10.500000000000002 51.839285714285722 23.000000000000004 47.500000000000007 73.000000000000014 15.500000000000002 100.50000000000001 76.964285714285737
decision_type=2 2 2 2 2 2 2 2 2 2 2 2 2 2 2 2 2 2 2
left_child=5 6 16 -4 -5 9 7 -2 -9 12 11 -8 -1 -14 17 -11 -3 -7 -16
right_child=1 2 3 4 -6 14 10 8 -10 15 -12 -13 13 -15 18 -17 -18 -19 -20
leaf_value=-0.87716570994638998 2.3409624214172364 2.5757306926390706 5.9375481033325199 0.92189171439722972 4.6269253070155782 -0.55184878029606554 3.140908919274807 -1.1572406120160046 0.89570494877795381 -0.21372132211515349 0.36526250094175339 1.5501898776010976 -1.3142856189916874 -0.098195523731911663 0.10980125119695899 1.5110295498371125 0.43981860113143922 1.0565539730919731 1.3516841173171998
leaf_weight=524 25 17 14.999999999999998 19 18 198 26 51 96 73 32 92 58 223 305 20 25 18 25
leaf_count=524 25 17 15 19 18 198 26 51 96 73 32 92 58 223 305 20 25 18 25
internal_value=2.08096e-09 1.36084 2.60262 3.65123 2.72434 -0.392042 0.998329 0.497049 0.183459 -0.604835 1.57313 1.90069 -0.692871 -0.349203 -0.0420634 0.157193 1.30435 -0.417815 0.203883
internal_weight=1860 416 94 52 37 1444 322 172 147 898 150 118 805 281 546 93 42 216 330
internal_count=1860 416 94 52 37 1444 322 172 147 898 150 118 805 281 546 93 42 216 330
is_linear=0
shrinkage=0.1


Tree=11
num_leaves=20
num_cat=0
split_feature=4 0 4 4 9 5 0 8 9 2 1 1 1 4 6 1 0 1 5
split_gain=80813.1 13187.1 12617.7 7808.9 12543.6 6937.92 6075.17 5889.58 5981.15 5870.03 4868.34 6301.99 4862.75 3976.38 3460.29 3377.58 2613.94 1532.32 505.854
threshold=80.928571428571445 67.500000000000014 61.928571428571438 133.57142857142858 4.5000000000000009 75.750000000000014 29.500000000000004 26.500000000000004 3.5000000000000004 93.000000000000014 165.00000000000003 121.50000000000001 29.500000000000004 35.785714285714292 35.711600024505564 13.000000000000002 115.00000000000001 100.50000000000001 63.946428571428577
decision_type=2 2 2 2 2 2 2 2 2 2 2 2 2 2 2 2 2 2 2
left_child=2 5 7 10 16 -2 -4 8 15 12 11 -3 -8 -10 -11 -1 -5 -7 -9
right_child=1 3 6 4 -6 17 9 18 13 14 -12 -13 -14 -15 -16 -17 -18 -19 -20
leaf_value=-1.3665983614282333 -1.2480026356577874 1.5263388232971054 2.0081738630930586 2.8524622615426782 5.0708867415785797 0.28335380703210833 -1.7965555254618328 0.49068536766701282 -0.83839773659358974 2.0077642140289149 3.0709888532757761 0.11530590026806563 0.053655148250982165 -0.10550893993968478 0.20138904232727853 -0.62677378418715035 1.2697337586681048 1.6673342369496824 1.2769845016797383
leaf_weight=69 25 168 18 15.999999999999998 15.999999999999998 15.999999999999998 14.999999999999998 18 91 24 15.999999999999998 39 268 397 19 584 30 15.999999999999998 14.999999999999998
leaf_count=69 25 168 18 16 16 16 15 18 91 24 16 39 268 397 19 584 30 16 15
internal_value=3.8055e-09 1.3887 -0.312868 1.6664 2.65912 0.000191979 0.219742 -0.468931 -0.507022 0.120994 1.39039 1.26049 -0.0444126 -0.242175 1.2096 -0.704948 1.82025 0.975344 0.848094
internal_weight=1860 342 1518 285 62 57 344 1174 1141 326 223 207 283 488 43 653 46 32 33
internal_count=1860 342 1518 285 62 57 344 1174 1141 326 223 207 283 488 43 653 46 32 33
is_linear=0
shrinkage=0.1


Tree=12
num_leaves=20
num_cat=0
split_feature=4 4 2 3 8 3 1 8 10 5 0 0 2 2 9 6 7 8 8
split_gain=65797.4 14650.5 9579.8 13400.8 8208.15 7635.54 6922.49 5727.14 5589.68 6331.71 6592.77 5546.09 5295.85 8594.26 3783.86 3627.56 3128.29 3037.77 2960.23
threshold=95.500000000000014 61.928571428571438 67.500000000000014 38.500000000000007 13.500000000000002 58.500000000000007 73.000000000000014 19.500000000000004 5.5000000000000009 50.767857142857146 50.500000000000007 60.500000000000007 82.000000000000014 73.000000000000014 4.5000000000000009 27.474372639402748 0.94642857142857151 1.5000000000000002 6.5000000000000009
decision_type=2 2 2 2 2 2 2 2 2 2 2 2 2 2 2 2 2 2 2
left_child=1 11 4 -4 -2 -6 -5 -8 9 -3 -11 14 13 -10 -1 -14 -16 -13 -19
right_child=2 8 3 6 5 -7 7 -9 12 10 -12 17 15 -15 16 -17 -18 18 -20
leaf_value=-0.66280968150285524 1.9595796564674897 2.0583259453773497 4.04147766319414 -0.18256345817020961 -1.9512875219186148 0.74985632038116456 1.10695014428085 2.3482748571687782 -0.19590344526265799 -0.48342776182107627 0.70088330455924164 1.3669074058532715 -0.28995103697691643 -2.5790206346246936 -1.0168853561580182 1.4771440606850845 -0.051982408584583376 -0.81254759570385549 0.07025599825863886
leaf_weight=664 23 25 24 21 18 25 71 78 95 64 177 14.999999999999998 21 18 40 26 210 47 198
leaf_count=664 23 25 24 21 18 25 71 78 95 64 177 15 21 18 40 26 210 47 198
internal_value=8.21808e-11 -0.239759 1.47544 1.82949 0.434751 -0.380855 1.51721 1.75677 0.262579 0.543515 0.386377 -0.422038 -0.204478 -0.575515 -0.537962 0.687591 -0.206367 -0.0145209 -0.0990982
internal_weight=1860 1600 260 194 66 43 170 149 426 266 241 1174 160 113 914 47 250 260 245
internal_count=1860 1600 260 194 66 43 170 149 426 266 241 1174 160 113 914 47 250 260 245
is_linear=0
shrinkage=0.1


Tree=13
num_leaves=20
num_cat=0
split_feature=4 0 9 7 8 1 2 6 5 9 8 7 6 0 5 1 8 9 0
split_gain=53714 11931.8 9464.91 8894.04 9989.26 6838.14 5879.1 8830.96 7125.52 4212.64 4095.31 3847.7 3723.41 5488.24 3513.39 4853.19 3464.11 3453.69 3422.29
threshold=74.142857142857153 135.00000000000003 2.5000000000000004 0.98214285714285732 19.500000000000004 51.000000000000007 93.000000000000014 56.196968952703855 60.732142857142868 5.5000000000000009 9.5000000000000018 0.87500000000000011 27.95896946313702 50.500000000000007 51.839285714285722 23.000000000000004 15.500000000000002 1.5000000000000002 73.000000000000014
decision_type=2 2 2 2 2 2 2 2 2 2 2 2 2 2 2 2 2 2 2
left_child=5 6 16 -4 -5 9 7 8 -2 14 12 -12 17 -14 -1 -16 -3 -7 -11
right_child=1 2 3 4 -6 10 -8 -9 -10 18 11 -13 13 -15 15 -17 -18 -19 -20
leaf_value=-0.68472565612835701 2.2519262812059857 1.9772224300047931 4.9482534281412764 0.071632709503173839 3.418284361606295 -1.7685064057509106 1.2774487337312448 -1.6071335959434512 0.3709952690167192 -0.1384125084297298 1.4073449532190958 0.097365818124624998 -0.56366315523783361 1.5157768658616328 -1.061344982426742 -0.034510961179141243 0.12699057054519655 -0.43885981747082303 1.338053650557995
leaf_weight=524 23 17 14.999999999999998 14.999999999999998 22 24 117 20 162 73 24 341 30 22 58 223 25 105 20
leaf_count=524 23 17 15 15 22 24 117 20 162 73 24 341 30 22 58 223 25 105 20
internal_value=4.8429e-09 1.00121 1.99243 2.89424 2.06153 -0.288437 0.711846 0.389038 0.604841 -0.458122 -0.00935754 0.183501 -0.398272 0.3161 -0.531739 -0.246455 0.875894 -0.686236 0.179107
internal_weight=1860 416 94 52 37 1444 322 205 185 898 546 365 181 52 805 281 42 129 93
internal_count=1860 416 94 52 37 1444 322 205 185 898 546 365 181 52 805 281 42 129 93
is_linear=0
shrinkage=0.1


Tree=14
num_leaves=20
num_cat=0
split_feature=4 4 2 6 8 3 1 2 4 9 4 6 8 4 9 0 8 1 6
split_gain=44780.9 9297.99 6839.31 11077 5968.22 6111.5 5482.07 4473.25 4412.93 7286.59 10642.9 6820.76 4391.92 4144.64 3904.11 3131.04 3036.29 2502.99 435.489
threshold=95.500000000000014 61.928571428571438 67.500000000000014 56.723342861218484 13.500000000000002 58.500000000000007 100.50000000000001 87.500000000000014 89.857142857142875 4.5000000000000009 78.428571428571445 34.075901285745296 26.500000000000004 84.071428571428598 3.5000000000000004 135.00000000000003 24.500000000000004 13.000000000000002 25.966029148631495
decision_type=2 2 2 2 2 2 2 2 2 2 2 2 2 2 2 2 2 2 2
left_child=1 12 4 6 -2 -6 15 -8 9 13 -11 -10 14 -3 17 -4 -16 -1 -14
right_child=2 8 3 -5 5 -7 7 -9 11 10 -12 -13 18 -15 16 -17 -18 -19 -20
leaf_value=-1.1053901655086573 1.6381126859913704 -0.11646760813739213 0.19882753760206934 4.1266593742370601 -1.7625826885302862 0.65400121212005624 3.2313808784765357 1.4657243826467059 0.48329658243391249 0.50188675683503059 2.9269873586567967 -2.3098238969550411 1.1687540411949158 1.2877686663814214 -0.22576551931263578 1.702771722642999 0.8126907455921174 -0.46851413280396942 0.44187680903603055
leaf_weight=69 23 244 51 14.999999999999998 18 25 17 92 18 102 22 17 15.999999999999998 23 458 19 30 584 17
leaf_count=69 23 244 51 15 18 25 17 92 18 102 22 17 16 23 458 19 30 584 17
internal_value=3.12283e-09 -0.197796 1.2172 1.51636 0.337881 -0.357592 1.29761 1.7411 0.202392 0.298687 0.932147 -0.873362 -0.343009 0.00449657 -0.375902 0.607041 -0.161926 -0.53581 0.794302
internal_weight=1860 1600 260 194 66 43 179 109 426 391 124 35 1174 267 1141 70 488 653 33
internal_count=1860 1600 260 194 66 43 179 109 426 391 124 35 1174 267 1141 70 488 653 33
is_linear=0
shrinkage=0.1


Tree=15
num_leaves=20
num_cat=0
split_feature=4 0 2 3 1 1 0 9 4 3 5 4 4 9 7 4 4 2 5
split_gain=36272.5 7958.25 5905.85 9090.18 13944.3 6541.94 5187.03 5594.9 4662.87 4278.77 4536.8 7112.49 5799.2 4245.61 5149 10578.9 4386.63 4245.02 4017.19
threshold=95.500000000000014 60.500000000000007 93.000000000000014 76.500000000000014 155.00000000000003 121.50000000000001 73.000000000000014 4.5000000000000009 132.14285714285717 100.50000000000001 81.571428571428584 73.857142857142875 74.357142857142875 4.5000000000000009 0.91071428571428592 48.357142857142868 65.500000000000014 73.000000000000014 82.589285714285737
decision_type=2 2 2 2 2 2 2 2 2 2 2 2 2 2 2 2 2 2 2
left_child=1 13 6 4 -4 -5 -2 -8 -7 10 12 -12 -3 14 15 -1 -15 -18 -11
right_child=2 9 3 5 -6 8 7 -9 -10 18 11 -13 -14 16 -16 -17 17 -19 -20
leaf_value=-0.49926725115094872 -0.7212910887474816 -0.0094339069207953347 1.5307297907556807 1.8335594779107631 5.1749435424804693 -0.81956061649322509 0.47598069628079731 2.1782940185987036 1.2587305547375429 0.37933067220907946 0.54359499613444018 -2.4048011216852405 0.99179139146986217 -0.15238321998535392 -0.52517322682343659 2.2496111324855259 1.9441427236511595 -0.21793335303664207 2.4343720149993899
leaf_weight=42 24 358 35 41 14.999999999999998 25 75 26 19 26 14.999999999999998 18 69 268 731 21 21 15.999999999999998 14.999999999999998
leaf_count=42 24 358 35 41 15 25 75 26 19 26 15 18 69 268 731 21 21 16 15
internal_value=4.92575e-10 -0.178016 1.09548 1.55409 2.62399 0.924739 0.600186 0.9142 0.0778833 0.152299 0.0650517 -1.06462 0.152357 -0.328597 -0.450414 0.417026 -0.0114709 1.00919 1.13118
internal_weight=1860 1600 260 135 50 85 125 101 44 501 460 33 427 1099 794 63 305 37 41
internal_count=1860 1600 260 135 50 85 125 101 44 501 460 33 427 1099 794 63 305 37 41
is_linear=0
shrinkage=0.1


Tree=16
num_leaves=15
num_cat=0
split_feature=5 8 7 0 9 8 9 1 8 3 5 5 0 6
split_gain=30093.1 10831.4 6740.58 6601.45 6373.89 5436.79 4902.41 5422.22 3927.96 3714.09 3677.49 3529.34 3361.94 1934.32
threshold=86.964285714285737 27.500000000000004 0.98214285714285732 60.500000000000007 4.5000000000000009 28.500000000000004 3.5000000000000004 29.500000000000004 13.500000000000002 143.50000000000003 92.767857142857153 80.535714285714292 13.000000000000002 30.05733836223899
decision_type=2 2 2 2 2 2 2 2 2 2 2 2 2 2
left_child=1 3 -2 11 13 9 8 -8 -5 10 -4 12 -1 -3
right_child=2 4 5 6 -6 -7 7 -9 -10 -11 -12 -13 -14 -15
leaf_value=0.20472704553389334 3.11107221364975 -0.057367938527694118 2.2187687497389947 0.23298892806919796 2.6800346242754087 -0.65183061718940738 1.8252513660834386 0.28035550914704799 -0.53405684954683552 2.1681843634004947 0.74368242833739018 -1.81266548037529 -0.37640659479974464 1.3686462171872458
leaf_weight=111 14.999999999999998 26 19 126 19 20 26 180 142 27 153 15.999999999999998 965 14.999999999999998
leaf_count=111 15 26 19 126 19 20 26 180 142 27 153 16 965 15
internal_value=5.49981e-10 -0.152589 1.0603 -0.203109 1.16598 0.919837 0.108525 0.475342 -0.173431 1.07779 0.906628 -0.338379 -0.316457 0.464345
internal_weight=1860 1626 234 1566 60 219 474 206 268 199 172 1092 1076 41
internal_count=1860 1626 234 1566 60 219 474 206 268 199 172 1092 1076 41
is_linear=0
shrinkage=0.1


Tree=17
num_leaves=20
num_cat=0
split_feature=4 4 10 9 2 5 3 2 3 9 6 0 3 8 8 6 2 1 6
split_gain=24509.1 5624.18 5068.89 4496.71 10658.4 7199.31 9560.25 4688.55 4339.89 4188.05 4444.27 5909.36 3930.14 5478.81 3606.28 5503.59 5027.04 3528.73 1995.63
threshold=95.500000000000014 43.928571428571438 4.5000000000000009 4.5000000000000009 155.00000000000003 84.053571428571445 100.50000000000001 49.000000000000007 76.500000000000014 4.5000000000000009 54.730166547298261 13.000000000000002 21.000000000000004 14.500000000000002 16.500000000000004 33.70319872339072 73.000000000000014 135.00000000000003 62.559657156190774
decision_type=2 2 2 2 2 2 2 2 2 2 2 2 2 2 2 2 2 2 2
left_child=1 2 -1 7 5 -5 -7 -2 17 10 11 -3 13 -4 15 -11 -16 -9 -14
right_child=3 9 12 4 -6 6 -8 8 -10 14 -12 -13 18 -15 16 -17 -18 -19 -20
leaf_value=-1.230033545546672 -0.58019087667818425 1.2945848610894435 1.2952147971181309 2.6283118262010463 3.7573897614198573 -1.2987758750007268 1.797061336040497 0.99972425056276504 0.36373262034599174 0.16445075902524162 -1.5163721488869708 -0.1608249649598342 -0.49435807828396827 -0.46324268869451574 1.1390517603519352 -1.6407380279741792 -0.011518106565755956 2.584240694422471 0.55950282435668142
leaf_weight=68 27 29 34 17 17 21 19 54 86 152 23 734 331 37 86 19 68 19 19
leaf_count=68 27 29 34 17 17 21 19 54 86 152 23 734 331 37 86 19 68 19 19
internal_value=-2.1893e-09 -0.14633 -0.42893 0.900494 1.55982 0.904407 0.171747 0.63818 0.845074 -0.0219455 -0.146793 -0.105508 -0.299536 0.378836 0.279993 -0.0361258 0.631008 1.41213 -0.437148
internal_weight=1860 1600 489 260 74 57 40 186 159 1111 786 763 421 71 325 171 154 73 350
internal_count=1860 1600 489 260 74 57 40 186 159 1111 786 763 421 71 325 171 154 73 350
is_linear=0
shrinkage=0.1


Tree=18
num_leaves=14
num_cat=0
split_feature=5 8 5 0 4 3 8 9 0 6 4 9 6
split_gain=20920.8 8346.68 5523.12 5752.42 7713.64 5519.71 5383.9 4647.08 4199.91 7003.78 4773.36 2363.87 1547.97
threshold=86.964285714285737 27.500000000000004 83.660714285714292 60.500000000000007 78.428571428571445 38.500000000000007 28.500000000000004 4.5000000000000009 82.000000000000014 39.345796592058342 133.57142857142858 4.5000000000000009 30.05733836223899
decision_type=2 2 2 2 2 2 2 2 2 2 2 2 2
left_child=1 2 3 11 -5 -2 8 12 9 -7 -10 -1 -3
right_child=5 7 -4 4 -6 6 -8 -9 10 -11 -12 -13 -14
leaf_value=-0.36946477345701745 2.6768108504358681 -0.035548644684828247 -1.9642345947377824 -0.037696836716411664 1.0637781732372547 0.82924608079523887 -0.85582196963460833 2.3230563916658098 0.31677871369644983 3.4354799278080463 1.5668617092427755 -0.039393332292636238 1.2401270866394043
leaf_weight=784 15.999999999999998 26 17 389 76 29 19 19 112 15.999999999999998 42 300 14.999999999999998
leaf_count=784 16 26 17 389 76 29 19 19 112 16 42 300 15
internal_value=-3.45793e-09 -0.127227 -0.171576 -0.151901 0.142329 0.884067 0.752489 1.03026 0.906046 1.75591 0.65771 -0.278117 0.431162
internal_weight=1860 1626 1566 1549 465 234 218 60 199 45 154 1084 41
internal_count=1860 1626 1566 1549 465 234 218 60 199 45 154 1084 41
is_linear=0
shrinkage=0.1


Tree=19
num_leaves=14
num_cat=0
split_feature=5 8 5 0 4 3 8 5 3 5 6 9 4
split_gain=16945.8 6760.81 4473.73 4659.46 6248.05 4470.96 4360.96 4372.66 8597.04 3910.19 2899.83 2234.13 846.193
threshold=86.964285714285737 27.500000000000004 83.660714285714292 60.500000000000007 78.428571428571445 38.500000000000007 28.500000000000004 129.10714285714286 143.50000000000003 68.250000000000014 46.874233976780282 1.0000000180025095e-35 76.428571428571431
decision_type=2 2 2 2 2 2 2 2 2 2 2 2 2
left_child=1 2 3 11 -5 -2 7 8 -7 12 -9 -1 -3
right_child=5 9 -4 4 -6 6 -8 10 -10 -11 -12 -13 -14
leaf_value=-0.66106362772189975 2.4091297388076782 0.66455701652326082 -1.7678111602278319 -0.033927154032020311 0.95740034564545295 0.77564148605630112 -0.77023975472701223 -1.1967390440404415 3.0910179030564096 1.8503936235721294 0.6535057902336121 -0.20012943473264699 -0.34017844464629893
leaf_weight=118 15.999999999999998 19 17 389 76 147 19 15.999999999999998 18 26 18 966 14.999999999999998
leaf_count=118 16 19 17 389 76 147 19 16 18 26 18 966 15
internal_value=-3.67372e-09 -0.114505 -0.154418 -0.136711 0.128096 0.79566 0.67724 0.815442 1.02823 0.927236 -0.217198 -0.250305 0.221291
internal_weight=1860 1626 1566 1549 465 234 218 199 165 60 34 1084 34
internal_count=1860 1626 1566 1549 465 234 218 199 165 60 34 1084 34
is_linear=0
shrinkage=0.1


Tree=20
num_leaves=17
num_cat=0
split_feature=5 8 1 9 6 6 0 4 0 1 5 0 4 2 9 6
split_gain=13726.1 5476.26 3952.28 3707.72 3632.72 6212.11 6033.65 8137.16 5187.2 3941.32 3623.72 3774.16 5060.92 2144 2038.8 1223.9
threshold=86.964285714285737 27.500000000000004 165.00000000000003 4.5000000000000009 36.640856596060559 32.069312074922394 82.000000000000014 107.85714285714288 67.500000000000014 93.000000000000014 83.660714285714292 60.500000000000007 78.428571428571445 18.500000000000004 2.5000000000000004 30.05733836223899
decision_type=2 2 2 2 2 2 2 2 2 2 2 2 2 2 2 2
left_child=1 10 4 15 5 14 8 -8 -6 -7 11 13 -13 -1 -2 -3
right_child=2 3 -4 -5 6 9 7 -9 -10 -11 -12 12 -14 -15 -16 -17
leaf_value=-0.6926537223325836 1.1324219163258871 -0.1156149178170241 1.8087761829639302 1.9892761713580083 0.27384839985105724 1.0889817492167153 -1.8555893421173097 0.34009244189012883 2.7484742835164071 3.3813822428385416 -1.5910299976082412 -0.030534430956683463 0.86166033682070298 -0.18295639057004717 -0.42714486247614813 1.0186979548136395
leaf_weight=90 14.999999999999998 26 29 19 18 15.000000000000002 21 86 15.999999999999998 14.999999999999998 17 389 76 994 19 14.999999999999998
leaf_count=90 15 26 29 19 18 15 21 86 16 15 17 389 76 994 19 15
internal_value=1.38246e-09 -0.103054 0.716094 0.834512 0.561519 1.18634 0.277911 -0.0908358 1.43838 2.23518 -0.138976 -0.12304 0.115287 -0.225274 0.260899 0.299378
internal_weight=1860 1626 234 60 205 64 141 107 34 30 1566 1549 465 1084 34 41
internal_count=1860 1626 234 60 205 64 141 107 34 30 1566 1549 465 1084 34 41
is_linear=0
shrinkage=0.1


Tree=21
num_leaves=15
num_cat=0
split_feature=5 9 8 7 2 7 6 6 1 5 3 0 6 2
split_gain=11118.2 4620.28 5198.59 3893.59 3612.67 3602.79 3135.7 9093.26 6450.25 2500.82 7702.69 2736.35 1833.76 2615.89
threshold=86.964285714285737 4.5000000000000009 27.500000000000004 0.8392857142857143 115.00000000000001 0.98214285714285732 48.922449921353156 44.016268337338168 93.000000000000014 129.10714285714286 143.50000000000003 115.00000000000001 75.32108985303006 37.500000000000007
decision_type=2 2 2 2 2 2 2 2 2 2 2 2 2 2
left_child=1 6 3 -3 -5 -2 7 8 -1 10 11 -7 13 -8
right_child=5 2 -4 4 -6 9 12 -9 -10 -11 -12 -13 -14 -15
leaf_value=-0.25629541368945996 2.1437832593917849 -1.482283409436544 1.7903484956214304 0.23471574501111739 -0.88487832969234848 0.78265203062731492 -2.2247639719645185 1.6243983558246069 0.94270994257419671 -0.32316973250487757 2.5839560056987563 -0.036812213285645441 -0.075039565563201904 -0.70404013396119303
leaf_weight=989 14.999999999999998 14.999999999999998 19 410 31 104 14.999999999999998 28 47 29 19 67 26 46
leaf_count=989 15 15 19 410 31 104 15 28 47 29 19 67 26 46
internal_value=2.06443e-09 -0.0927487 0.169652 0.102123 0.156014 0.644485 -0.201037 -0.15384 -0.2019 0.541793 0.673813 0.461575 -0.778257 -1.07799
internal_weight=1860 1626 475 456 441 234 1151 1064 1036 219 190 171 87 61
internal_count=1860 1626 475 456 441 234 1151 1064 1036 219 190 171 87 61
is_linear=0
shrinkage=0.1


Tree=22
num_leaves=20
num_cat=0
split_feature=5 10 6 4 0 10 6 9 9 3 8 5 3 9 3 4 6 3 5
split_gain=9005.72 3802.79 5524.67 5386.42 10072.4 5130.71 4915.03 4625.31 3889.46 3298.73 3370.31 2978.5 5387.01 2956.08 3673.87 3086.91 2000.49 1253.03 1159.16
threshold=86.964285714285737 5.5000000000000009 33.70319872339072 50.142857142857146 13.000000000000002 4.5000000000000009 25.097545135455992 1.5000000000000002 4.5000000000000009 38.500000000000007 28.500000000000004 129.10714285714286 143.50000000000003 4.5000000000000009 82.500000000000014 49.857142857142868 46.874233976780282 49.000000000000007 34.607142857142868
decision_type=2 2 2 2 2 2 2 2 2 2 2 2 2 2 2 2 2 2 2
left_child=1 3 13 5 -5 18 -7 -4 -6 -2 11 12 -11 14 -3 -15 -13 -9 -1
right_child=9 2 7 4 8 6 -8 17 -10 10 -12 16 -14 15 -16 -17 -18 -19 -20
leaf_value=-1.6495198991563584 1.9659418890252711 -0.40971221346245223 0.069748592873414367 2.5618550903267332 -0.0055671635666504279 -0.25595203375217712 0.67145389177733006 -2.3129029438776132 0.57657636828720571 0.57548668696766814 -0.79417767085527124 -1.066041535139084 2.4083108345667523 0.66935473533525869 0.87008766705791152 -0.19739767988311485 0.4707375023100111 -1.2664403348309654 -0.74270651573852575
leaf_weight=18 15.999999999999998 343 24 18 406 277 72 17 160 147 19 15.999999999999998 18 73 24 94 18 35 65
leaf_count=18 16 343 24 18 406 277 72 17 160 147 19 16 18 73 24 94 18 35 65
internal_value=1.76598e-09 -0.0834738 -0.28084 0.0350236 0.233057 -0.232688 -0.0646247 -1.07856 0.158996 0.580036 0.478318 0.599813 0.775431 -0.167307 -0.32602 0.181482 -0.252453 -1.60855 -0.939365
internal_weight=1860 1626 610 1016 584 432 349 76 566 234 218 199 165 534 367 167 34 52 83
internal_count=1860 1626 610 1016 584 432 349 76 566 234 218 199 165 534 367 167 34 52 83
is_linear=0
shrinkage=0.1


Tree=23
num_leaves=20
num_cat=0
split_feature=4 3 8 4 4 4 5 5 1 4 6 6 5 8 10 6 0 1 10
split_gain=7389.19 3979.01 3474.58 3414.56 7645.92 3145.17 2996.03 6035.23 2954.08 3921.61 12909.7 4550.75 2794.78 3478.68 3129.37 2542.62 1953.94 1677.65 1620.69
threshold=109.28571428571429 38.500000000000007 19.500000000000004 124.0714285714286 116.42857142857143 35.785714285714292 123.39285714285715 105.53571428571429 13.000000000000002 37.857142857142868 22.060615338866501 48.433987636912867 44.625000000000007 4.5000000000000009 4.5000000000000009 43.15674172371385 37.500000000000007 9.0000000000000018 5.5000000000000009
decision_type=2 2 2 2 2 2 2 2 2 2 2 2 2 2 2 2 2 2 2
left_child=5 -2 3 4 -3 12 7 -4 15 10 -10 -11 13 -1 -15 17 18 -7 -14
right_child=1 2 6 -5 -6 8 -8 -9 9 11 -12 -13 16 14 -16 -17 -18 -19 -20
leaf_value=1.1324549524320495 1.7787645087792325 0.83372477643630083 0.39739412932560364 0.69730297365496241 -2.0508123379945755 -1.8326670106252037 -0.17223867144849567 2.6233848588807245 -0.35758941570917768 0.035227242378251894 3.0299363454182942 -0.80426877847708322 -0.99961957839819116 -1.3584041285514834 -0.12395359643127608 0.53870649178822838 -1.6026867698740077 -0.60803892192515463 0.27955021560192111
leaf_weight=18 26 17 29 31 20 14.999999999999998 18 21 30 1281 18 68 26 25 115 14.999999999999998 27 44 15.999999999999998
leaf_count=18 26 17 29 31 20 15 18 21 30 1281 18 68 26 25 115 15 27 44 16
internal_value=2.93877e-09 0.645287 0.428593 -0.0768608 -0.725484 -0.0615645 0.934047 1.33231 -0.0081007 0.0245147 0.912733 -0.00708983 -0.408019 -0.176143 -0.344391 -0.623826 -0.938983 -0.919385 -0.512317
internal_weight=1860 162 136 68 37 1698 68 50 1471 1397 48 1349 227 158 140 74 69 59 42
internal_count=1860 162 136 68 37 1698 68 50 1471 1397 48 1349 227 158 140 74 69 59 42
is_linear=0
shrinkage=0.1


Tree=24
num_leaves=20
num_cat=0
split_feature=4 2 0 6 0 1 3 2 1 3 1 5 0 8 7 10 4 6 6
split_gain=6412.46 3838.05 5643.76 3528.14 8661.42 6792.95 3290.15 4103.7 3854.18 4478.85 4385.92 2867.3 2522.87 4269.65 2866.62 2377.64 2202.47 2002.4 2515.04
threshold=61.928571428571438 93.000000000000014 29.500000000000004 45.39436695998058 115.00000000000001 121.50000000000001 95.000000000000014 165.00000000000003 121.50000000000001 135.00000000000003 100.50000000000001 81.964285714285737 89.000000000000014 21.500000000000004 0.98214285714285732 4.5000000000000009 46.857142857142868 70.233554070950291 62.559657156190774
decision_type=2 2 2 2 2 2 2 2 2 2 2 2 2 2 2 2 2 2 2
left_child=12 2 -2 5 -5 -4 7 11 10 -10 -8 -3 15 14 -14 16 -1 18 -17
right_child=1 6 3 4 -6 -7 8 -9 9 -11 -12 -13 13 -15 -16 17 -18 -19 -20
leaf_value=-0.95372303170217598 1.6182683996532274 1.3295926318282174 0.0057228713399834104 -1.7630305044578785 0.79854814789511952 1.6475554684797924 -0.051857022047042844 2.3370310606227984 -1.6525663697719573 0.633330561319987 1.8898821791535931 0.2485400890899917 -0.90792275829748681 1.67509404392913 0.61746242237942561 -0.12619611345922419 -0.053295549750328068 -1.0123839857578278 1.1788702042897543
leaf_weight=71 23 42 378 33 22 27 30 18 20 14.999999999999998 19 59 22 20 28 949 44 25 14.999999999999998
leaf_count=71 23 42 378 33 22 27 30 18 20 15 19 59 22 20 28 949 44 25 15
internal_value=-2.26041e-09 0.2429 0.0895558 0.0131202 -0.738399 0.115178 0.607754 0.945994 0.12858 -0.672896 0.701062 0.698087 -0.141933 0.440236 -0.0537071 -0.178846 -0.609212 -0.128803 -0.105889
internal_weight=1860 686 483 460 55 405 203 119 84 35 49 101 1174 70 50 1104 115 989 964
internal_count=1860 686 483 460 55 405 203 119 84 35 49 101 1174 70 50 1104 115 989 964
is_linear=0
shrinkage=0.1


Tree=25
num_leaves=18
num_cat=0
split_feature=5 8 5 8 5 1 6 0 4 6 0 8 10 4 1 9 4
split_gain=5357.68 3339.55 3734.31 6113.38 2924.46 2676.8 3077.66 5038.5 5638.18 4540.73 4181.39 2648.78 3999.35 3223.77 2629.18 1622.32 751.539
threshold=86.964285714285737 27.500000000000004 81.571428571428584 15.500000000000002 68.250000000000014 165.00000000000003 36.640856596060559 82.000000000000014 107.85714285714288 32.069312074922394 67.500000000000014 6.5000000000000009 5.5000000000000009 58.428571428571438 93.000000000000014 2.5000000000000004 76.428571428571431
decision_type=2 2 2 2 2 2 2 2 2 2 2 2 2 2 2 2 2
left_child=1 2 11 -4 16 6 9 10 -9 15 -8 13 -13 -1 -11 -2 -3
right_child=5 4 3 -5 -6 -7 7 8 -10 14 -12 12 -14 -15 -16 -17 -18
leaf_value=-0.17502231629966181 0.88150487105051689 0.47499909267613766 0.062426130395186574 -2.6381585852305096 1.4661338567733766 1.3466328415377387 0.074042514297697287 -1.7468191305796308 0.080871089807776519 0.85583964665730772 2.2958345994353295 0.15264838457359042 -0.2290854046150409 -0.98609582206298563 2.7281589357058209 -0.50968314158289052 -0.47187653541564939
leaf_weight=316 14.999999999999998 19 19 14.999999999999998 26 29 18 21 86 15.000000000000002 15.999999999999998 711 447 58 14.999999999999998 19 14.999999999999998
leaf_count=316 15 19 19 15 26 29 18 21 86 15 16 711 447 58 15 19 15
internal_value=2.14445e-09 -0.0643842 -0.0924362 -1.12901 0.667772 0.447388 0.320178 0.0591336 -0.277834 0.89529 1.11959 -0.0694313 0.00529519 -0.300804 1.792 0.104076 0.0572598
internal_weight=1860 1626 1566 34 60 234 205 141 107 64 34 1532 1158 374 30 34 34
internal_count=1860 1626 1566 34 60 234 205 141 107 64 34 1532 1158 374 30 34 34
is_linear=0
shrinkage=0.1


Tree=26
num_leaves=18
num_cat=0
split_feature=4 5 0 6 9 6 6 8 6 1 7 7 6 5 5 5 8
split_gain=4688.2 4106.94 4353.87 6694.83 3697.42 8953 2838.02 2548.7 2548.67 2173.09 4669.13 4259.99 3091.92 10931.8 4334.61 1780.82 637.226
threshold=61.928571428571438 48.982142857142868 50.500000000000007 24.323013882311212 4.5000000000000009 48.922449921353156 45.39436695998058 17.500000000000004 39.976864944528991 13.000000000000002 0.87500000000000011 0.80357142857142871 25.424997240756234 44.267857142857146 60.321428571428577 58.589285714285715 16.500000000000004
decision_type=2 2 2 2 2 2 2 2 2 2 2 2 2 2 2 2 2
left_child=9 -2 3 7 6 -6 -4 -3 -5 10 -1 -11 14 -14 -13 16 -12
right_child=1 2 4 8 5 -7 -8 -9 -10 11 15 12 13 -15 -16 -17 -18
leaf_value=1.0884053309758506 1.5213730024254841 1.7421190942035001 0.2342610610389787 -1.2013806555952344 0.44274445186768263 2.9336625695228578 -0.5336871057225947 -0.01633914461126551 -0.19069148302078248 -1.3181406001249949 -0.37723050414908516 -0.2260633376806625 2.7685382604599003 0.081783286940187952 0.67443847943996571 -1.7728214286267758 -0.96381715055434936
leaf_weight=14.999999999999998 23 17 309 56 147 15.999999999999998 57 15.999999999999998 45 27 46 682 15.999999999999998 283 58 15.999999999999998 31
leaf_count=15 23 17 309 56 147 16 57 16 45 27 46 682 16 283 58 16 31
internal_value=3.32898e-09 0.207691 0.162119 -0.347044 0.291094 0.687252 0.114663 0.889533 -0.751074 -0.12136 -0.548796 -0.0780547 -0.0458291 0.225556 -0.155483 -0.812861 -0.613389
internal_weight=1860 686 663 134 529 163 366 33 101 1174 108 1066 1039 299 740 93 77
internal_count=1860 686 663 134 529 163 366 33 101 1174 108 1066 1039 299 740 93 77
is_linear=0
shrinkage=0.1


Tree=27
num_leaves=20
num_cat=0
split_feature=4 3 1 0 0 0 10 6 6 1 6 4 8 5 4 6 5 8 9
split_gain=3983.2 3169.87 5120.41 5921.19 2501.01 2855.7 2332.69 8618 4426.33 7106.1 4000.24 3236.67 2791.06 3728.71 2239.37 2136.49 1924.38 1639.8 1429.27
threshold=109.28571428571429 76.500000000000014 165.00000000000003 175.00000000000003 121.50000000000001 100.50000000000001 5.5000000000000009 62.850969679893957 48.433987636912867 93.000000000000014 47.470393059950986 68.285714285714292 1.5000000000000002 48.500000000000007 117.71428571428574 43.366077643365401 68.642857142857153 19.500000000000004 4.5000000000000009
decision_type=2 2 2 2 2 2 2 2 2 2 2 2 2 2 2 2 2 2 2
left_child=6 2 3 15 5 14 7 8 9 -1 12 -10 13 -8 -3 -2 -12 -6 -14
right_child=1 4 -4 -5 17 -7 10 -9 11 -11 16 -13 18 -15 -16 -17 -18 -19 -20
leaf_value=-0.035449883861840198 2.0954181448618572 0.93226138220893029 2.549069231748581 -1.1778427362442017 -0.068109904602169993 -1.4290407755795647 -0.33836538235346469 2.2178904546631708 -0.14486657654245694 0.85873206582936368 -0.51230150461196899 -1.8240996152162552 -0.28375941172315028 1.8562316626310349 -0.64513867431216776 0.58580822896957396 -1.9375340529614027 1.2623917639255524 0.049362417865306776
leaf_weight=869 14.999999999999998 18 15.999999999999998 14.999999999999998 15.999999999999998 17 15.000000000000002 18 24 99 20 22 409 15.999999999999998 18 25 18 22 188
leaf_count=869 15 18 16 15 16 17 15 18 24 99 20 22 409 16 18 25 18 22 188
internal_value=1.44623e-09 0.473774 0.974563 0.516524 0.0830481 -0.360858 -0.045201 0.0489569 0.0104552 0.0560005 -0.191103 -0.947978 -0.130817 0.79433 0.143561 1.15191 -1.18741 0.702181 -0.178857
internal_weight=1860 162 71 55 91 53 1698 1032 1014 968 666 46 628 31 36 40 38 38 597
internal_count=1860 162 71 55 91 53 1698 1032 1014 968 666 46 628 31 36 40 38 38 597
is_linear=0
shrinkage=0.1


Tree=28
num_leaves=13
num_cat=0
split_feature=5 0 1 0 4 7 0 6 2 6 10 4
split_gain=3571.5 5220.7 4475.44 3480.03 3350.12 17340.2 2989.06 2544.73 6189.43 6174.56 1666.65 1561.48
threshold=63.375000000000007 29.500000000000004 121.50000000000001 121.50000000000001 65.500000000000014 0.94642857142857151 185.00000000000003 24.569650535589698 73.000000000000014 28.322162394315939 4.5000000000000009 61.500000000000007
decision_type=2 2 2 2 2 2 2 2 2 2 2 2
left_child=2 11 3 4 10 -6 7 8 -3 -9 -1 -2
right_child=1 6 -4 -5 5 -7 -8 9 -10 -11 -12 -13
leaf_value=-0.51168940502664317 -0.42052944515432628 1.3773792780935765 1.6169426647822061 -1.3971356164841424 3.4707120854407552 -0.0932982776754646 1.3806535002006139 -0.67702185981906959 -0.26955227026572598 0.28496338452180081 -0.10895278794391786 -1.7563990910847982
leaf_weight=115 21 55 14.999999999999998 21 15.999999999999998 93 23 80 39 402 965 14.999999999999998
leaf_count=115 21 55 15 21 16 93 23 80 39 402 965 15
internal_value=1.59246e-09 0.192464 -0.0997672 -0.121049 -0.0985106 0.429859 0.262758 0.21812 0.694078 0.125298 -0.151837 -0.977142
internal_weight=1860 635 1225 1210 1189 109 599 576 94 482 1080 36
internal_count=1860 635 1225 1210 1189 109 599 576 94 482 1080 36
is_linear=0
shrinkage=0.1


Tree=29
num_leaves=20
num_cat=0
split_feature=0 7 2 7 10 9 0 7 4 9 7 4 5 4 0 7 6 3 8
split_gain=2898.97 2696.79 4522.79 3433.68 3356.13 3062.72 2984.94 2216.96 8660.05 2647.58 2221.14 2744.87 2152.24 2931.24 2012.82 3487.13 1210 858.654 409.47
threshold=60.500000000000007 0.91071428571428592 58.500000000000007 0.94642857142857151 4.5000000000000009 5.5000000000000009 115.00000000000001 0.91071428571428592 65.500000000000014 1.0000000180025095e-35 0.98214285714285732 50.142857142857146 91.910714285714306 89.857142857142875 29.500000000000004 0.8392857142857143 45.39436695998058 63.000000000000007 16.500000000000004
decision_type=2 2 2 2 2 2 2 2 2 2 2 2 2 2 2 2 2 2 2
left_child=7 2 -2 6 17 -6 -3 8 14 10 18 -12 13 -11 -1 -16 -4 -5 -9
right_child=1 3 16 4 5 -7 -8 9 -10 12 11 -13 -14 -15 15 -17 -18 -19 -20
leaf_value=-0.77741110495158605 0.61198079168796538 0.19584863115759457 -1.9644930513327319 -1.1843714349326635 0.10344782352965548 0.67902748591282913 2.0198200815602352 -1.6340434607337504 2.3381949947939979 -0.079052843564342071 0.13630823149364821 -1.1193969538918249 0.99642594754695901 -1.2223984417708025 1.1918944575569845 -0.6096595673334031 -0.6943242422739665 -0.22835197098114912 -0.92921436615288266
leaf_weight=28 20 17 15.000000000000002 21 489 114 19 17 18 894 49 27 18 23 22 21 14.999999999999998 17 15.999999999999998
leaf_count=28 20 17 15 21 489 114 19 17 18 894 49 27 18 23 22 21 15 17 16
internal_value=2.1153e-09 0.155852 -0.552853 0.208194 0.154823 0.212264 1.1585 -0.100004 0.379088 -0.140846 -0.607255 -0.309798 -0.0864735 -0.10773 -0.117587 0.312066 -1.32941 -0.756679 -1.29231
internal_weight=1860 727 50 677 641 603 36 1133 89 1044 109 76 935 917 71 43 30 38 33
internal_count=1860 727 50 677 641 603 36 1133 89 1044 109 76 935 917 71 43 30 38 33
is_linear=0
shrinkage=0.1


Tree=30
num_leaves=15
num_cat=0
split_feature=5 0 1 0 4 7 9 6 8 8 2 2 6 4
split_gain=2644.94 3895.28 3563.62 3051.29 2587.54 13090.5 2329.41 5216.68 4464.19 2144.87 3803.19 2339.77 1519.66 1329.95
threshold=63.375000000000007 29.500000000000004 121.50000000000001 121.50000000000001 65.500000000000014 0.94642857142857151 4.5000000000000009 53.610999707020348 27.500000000000004 2.5000000000000004 100.50000000000001 82.000000000000014 33.70319872339072 61.500000000000007
decision_type=2 2 2 2 2 2 2 2 2 2 2 2 2 2
left_child=2 13 3 4 12 -6 9 8 -8 10 -3 -11 -1 -2
right_child=1 6 -4 -5 5 -7 7 -9 -10 11 -12 -13 -14 -15
leaf_value=-0.094410211476026046 -0.33096768189044229 1.8264765664150842 1.4460237979888917 -1.2997425306411019 3.0226987903937701 -0.073937757745865848 0.11907333751971072 2.3157098134358725 1.4893183734910242 -0.17317020679768336 -0.050477919816970834 0.33805730420967633 -0.51933561388565141 -1.5638261349995932
leaf_weight=988 21 19 14.999999999999998 21 15.999999999999998 93 132 14.999999999999998 29 234 25 145 92 14.999999999999998
leaf_count=988 21 19 15 21 16 93 132 15 29 234 25 145 92 15
internal_value=1.24377e-09 0.165627 -0.0858559 -0.104846 -0.083742 0.380614 0.226346 0.532066 0.365888 0.0991432 0.760025 0.0224182 -0.130608 -0.844659
internal_weight=1860 635 1225 1210 1189 109 599 176 161 423 44 379 1080 36
internal_count=1860 635 1225 1210 1189 109 599 176 161 423 44 379 1080 36
is_linear=0
shrinkage=0.1


Tree=31
num_leaves=16
num_cat=0
split_feature=5 0 1 0 6 5 6 0 9 2 0 2 2 6 2
split_gain=2142.4 3155.17 2886.53 2471.54 2192.82 4261.74 2455.51 2133.01 7457.55 6791.58 3180.34 4023.12 2983.46 2126.79 1239.04
threshold=63.375000000000007 29.500000000000004 121.50000000000001 121.50000000000001 25.424997240756234 60.410714285714292 23.614017173422759 135.00000000000003 1.5000000000000002 87.500000000000014 115.00000000000001 73.000000000000014 93.000000000000014 34.075901285745296 73.000000000000014
decision_type=2 2 2 2 2 2 2 2 2 2 2 2 2 2 2
left_child=2 14 3 4 6 -6 -1 10 12 -10 13 -12 -9 -3 -2
right_child=1 7 -4 -5 5 -7 -8 8 9 -11 11 -13 -14 -15 -16
leaf_value=-0.094073428362957054 -0.20526137351989748 0.40277965014257772 1.3014214038848877 -1.1697682607741584 0.30269305712772887 -0.66870948407385089 -0.59618211143783162 -1.5465284600853917 3.0051579335156613 0.62786327023513433 0.51073996439576153 -1.2866702805865895 0.41653913140296939 -0.03138615830705084 -1.3804103108013379
leaf_weight=747 19 254 14.999999999999998 21 276 54 112 16.000000000000004 17 41 20 33 14.999999999999998 203 17
leaf_count=747 19 254 15 21 276 54 112 16 17 41 20 33 15 203 17
internal_value=1.04739e-09 0.149065 -0.0772703 -0.0943615 -0.0753678 0.143736 -0.15954 0.203711 0.655435 1.32466 0.124881 -0.608402 -0.596657 0.209923 -0.760193
internal_weight=1860 635 1225 1210 1189 330 859 599 89 58 510 53 31 457 36
internal_count=1860 635 1225 1210 1189 330 859 599 89 58 510 53 31 457 36
is_linear=0
shrinkage=0.1


Tree=32
num_leaves=19
num_cat=0
split_feature=10 9 8 10 4 9 4 2 6 1 8 4 8 1 4 1 5 6
split_gain=1944.48 3279.83 5401 2839.1 4491.07 3445.71 8165.77 3458.41 3335.06 3226.26 3023.09 2467.59 2462.15 1935.97 1930.02 1838.42 1210.77 1201.43
threshold=4.5000000000000009 5.5000000000000009 23.500000000000004 5.5000000000000009 140.71428571428575 5.5000000000000009 78.428571428571445 115.00000000000001 44.5635484699309 100.50000000000001 15.500000000000002 107.85714285714288 26.500000000000004 67.500000000000014 46.857142857142868 100.50000000000001 65.982142857142875 20.764655075459018
decision_type=2 2 2 2 2 2 2 2 2 2 2 2 2 2 2 2 2 2
left_child=1 2 16 5 8 7 10 9 14 -2 -7 -9 -4 -3 -5 -10 17 -1
right_child=3 13 12 4 -6 6 -8 11 15 -11 -12 -13 -14 -15 -16 -17 -18 -19
leaf_value=-0.25550308632400803 0.072619138034838937 -0.46354235728581739 1.9845782208442682 0.14821170167074546 1.2963718836957758 0.70454378169443876 2.2188039651283851 -1.2160632500753685 -0.51449895227277609 0.8428858440811352 -0.44245355874300007 0.12506653044534766 0.17270975430806479 -2.0701839669545494 -0.21184002372716448 -1.7707989110666162 0.23082787951697475 -0.9624249179254879
leaf_weight=53 694 15.000000000000002 15.000000000000002 222 22 54 26 34 37 59 40 23 14.999999999999998 14.999999999999998 452 17 23 44
leaf_count=53 694 15 15 222 22 54 26 34 37 59 40 23 15 15 452 17 23 44
internal_value=1.63642e-09 -0.312366 -0.121467 0.0334678 -0.111291 0.150209 0.650301 0.0761214 -0.153831 0.132972 0.21646 -0.674906 1.07864 -1.26686 -0.0932473 -0.910001 -0.421494 -0.576169
internal_weight=1860 180 150 1680 750 930 120 810 728 753 94 57 30 30 674 54 120 97
internal_count=1860 180 150 1680 750 930 120 810 728 753 94 57 30 30 674 54 120 97
is_linear=0
shrinkage=0.1


Tree=33
num_leaves=20
num_cat=0
split_feature=9 8 0 8 7 4 3 4 4 4 4 2 6 6 6 2 1 0 3
split_gain=1833.66 4641.55 5629.14 4039.96 5434.14 5871.92 4499.53 3835.4 7845.61 4893.22 3048.41 2213.63 2126.97 5000.35 5222.86 3007.53 3938.1 1623.94 1410.25
threshold=4.5000000000000009 16.500000000000004 26.500000000000004 13.500000000000002 0.98214285714285732 65.500000000000014 38.500000000000007 74.142857142857153 89.857142857142875 66.928571428571431 109.28571428571429 1.0000000180025095e-35 48.922449921353156 47.114434508872783 45.39436695998058 87.500000000000014 73.000000000000014 37.500000000000007 49.000000000000007
decision_type=2 2 2 2 2 2 2 2 2 2 2 2 2 2 2 2 2 2 2
left_child=11 3 -3 4 5 -2 -5 9 -9 -4 -6 -1 13 14 -13 16 -14 -8 -17
right_child=1 2 7 6 10 -7 17 8 -10 -11 -12 12 15 -15 -16 18 -18 -19 -20
leaf_value=0.80052513192439911 0.30006693622895653 2.2428407108082493 0.31444771432628238 -2.1770005305608113 -0.09581114736006216 2.4220072213341211 -0.91224466694725881 2.7087379367727986 0.27720355374569244 -1.296417726169933 -1.5034184568068563 -0.047881377517835118 -0.43889619467106278 1.5211780050396921 -1.813479287484113 0.97548803488413471 -2.1783589667744105 0.43102546003129749 -0.39576247930526737
leaf_weight=29 56 17 132 18 162 17 18 19 44 22 17 1159 47 20 17 15.000000000000002 18 18 14.999999999999998
leaf_count=29 56 17 132 18 162 17 18 19 44 22 17 1159 47 20 17 15 18 18 15
internal_value=-4.73203e-10 0.155236 0.490501 -0.101142 0.067057 0.794217 -0.886073 0.353221 1.01052 0.0843241 -0.229495 -0.0635057 -0.0829146 -0.0467392 -0.0734045 -0.538344 -0.920594 -0.24061 0.289863
internal_weight=1860 540 234 306 252 73 54 217 63 154 179 1320 1291 1196 1176 95 65 36 30
internal_count=1860 540 234 306 252 73 54 217 63 154 179 1320 1291 1196 1176 95 65 36 30
is_linear=0
shrinkage=0.1


Tree=34
num_leaves=13
num_cat=0
split_feature=5 1 5 10 1 1 6 3 1 8 5 4
split_gain=1750.05 4427.09 2535.2 2473.23 5452.79 3678.2 9263.66 2977.12 2574.63 2093.13 3079.66 1109.65
threshold=105.53571428571429 185.00000000000003 117.32142857142858 5.5000000000000009 135.00000000000003 100.50000000000001 39.345796592058342 100.50000000000001 18.500000000000004 10.500000000000002 129.10714285714286 139.28571428571431
decision_type=2 2 2 2 2 2 2 2 2 2 2 2
left_child=1 3 -2 4 7 8 -7 -1 -5 -4 -11 -12
right_child=2 -3 9 5 -6 6 -8 -9 -10 10 11 -13
leaf_value=0.013912452496477138 1.2550628497050358 -1.6791872547008098 -0.94720729033152262 -0.81734354134569787 1.5448968389034272 0.29338068209196394 -3.0309814071655277 0.82003085575997836 -0.047907590100548118 1.1957280764212974 -0.75777351464095877 0.37251649722456937
leaf_weight=1006 26 15.999999999999998 14.999999999999998 47 25 19 14.999999999999998 48 582 26 19 15.999999999999998
leaf_count=1006 26 16 15 47 25 19 15 48 582 26 19 16
internal_value=1.64383e-09 -0.0233646 0.402696 -0.00815616 0.0852454 -0.160163 -1.17325 0.0506237 -0.105401 0.111097 0.371336 -0.24107
internal_weight=1860 1758 102 1742 1079 663 34 1054 629 76 61 35
internal_count=1860 1758 102 1742 1079 663 34 1054 629 76 61 35
is_linear=0
shrinkage=0.1


Tree=35
num_leaves=19
num_cat=0
split_feature=10 9 8 8 9 3 0 3 6 8 0 5 5 2 1 1 6 8
split_gain=1696.37 2756.44 4236.08 2018.3 1935.26 4587.98 5976.77 5167.45 5080.19 4204.53 3110.32 2942.58 5020.91 3837.93 1628.56 1075.9 1498.97 1380.13
threshold=4.5000000000000009 5.5000000000000009 23.500000000000004 26.500000000000004 5.5000000000000009 72.000000000000014 100.50000000000001 82.500000000000014 36.640856596060559 23.500000000000004 195.00000000000003 105.53571428571429 117.32142857142858 115.00000000000001 67.500000000000014 31.000000000000004 18.66854706171867 13.500000000000002
decision_type=2 2 2 2 2 2 2 2 2 2 2 2 2 2 2 2 2 2
left_child=1 2 15 -4 10 6 9 -7 -9 -6 11 13 -13 -2 -3 17 -17 -1
right_child=4 14 3 -5 5 7 -8 8 -10 -11 -12 12 -14 -15 -16 16 -18 -19
leaf_value=-0.33395103359222417 0.0059487541074803264 -0.4300001144409179 1.7663088083267209 0.12586028337478639 0.15197483566987657 -1.6601752916971844 2.184375716391064 0.92883435496025624 -0.88574965331289501 1.7936849567625259 -1.3990452766418457 1.918202582995097 0.12543749738423551 -0.77608897938872834 -1.903573840459188 0.66511845869176534 -0.39484149618975578 -1.5233335271477699
leaf_weight=25 1276 15.000000000000002 15.000000000000002 14.999999999999998 117 21 21 36 27 18 15.999999999999998 21 61 66 14.999999999999998 17 62 15.999999999999998
leaf_count=25 1276 15 15 15 117 21 21 36 27 18 16 21 61 66 15 17 62 16
internal_value=3.35051e-10 -0.291757 -0.116752 0.946085 0.0312597 0.29416 0.614995 -0.301677 0.151155 0.37087 -0.012557 0.00302154 0.58456 -0.0325121 -1.16679 -0.382461 -0.166749 -0.7981
internal_weight=1860 180 150 30 1680 240 156 84 63 135 1440 1424 82 1342 30 120 79 41
internal_count=1860 180 150 30 1680 240 156 84 63 135 1440 1424 82 1342 30 120 79 41
is_linear=0
shrinkage=0.1


Tree=36
num_leaves=12
num_cat=0
split_feature=5 5 6 4 6 6 6 9 8 8 0
split_gain=1551.18 6058.03 3113.8 3417.34 3674.01 7214.1 2453.89 2837.47 3411.29 2328.05 528.892
threshold=69.571428571428598 71.250000000000014 62.850969679893957 87.857142857142875 48.922449921353156 43.458577113461985 78.097081668937406 4.5000000000000009 7.5000000000000009 6.5000000000000009 37.500000000000007
decision_type=2 2 2 2 2 2 2 2 2 2 2
left_child=2 -2 3 4 5 -1 7 9 -9 -3 -6
right_child=1 6 -4 -5 10 -7 -8 8 -10 -11 -12
leaf_value=-0.050676717978294039 1.6754321813583375 0.63293264697898521 1.0125576416651407 -1.185767305890719 -0.67570695191621777 2.0226037989754011 -0.86790702984883239 -0.70049742460250863 0.80218789184743411 -0.15937348629774181 -1.4903894328895737
leaf_weight=1314 25 44 27 27 14.999999999999998 17 26 18 94 236 17
leaf_count=1314 25 44 27 27 15 17 26 18 94 236 17
internal_value=-2.56094e-09 0.163327 -0.0510613 -0.0717215 -0.0496531 -0.0241961 0.07289 0.13529 0.560685 -0.0348682 -1.10851
internal_weight=1860 443 1417 1390 1363 1331 418 392 112 280 32
internal_count=1860 443 1417 1390 1363 1331 418 392 112 280 32
is_linear=0
shrinkage=0.1


Tree=37
num_leaves=19
num_cat=0
split_feature=8 8 7 3 1 1 3 6 0 0 6 6 1 4 3 5 0 6
split_gain=1425.93 2055.88 5947.86 3649.93 3226.28 4200.08 4449.33 2890.28 2723.28 1920.26 4848.87 2874.24 2460.89 4280.99 2101.16 1775.32 1393.64 1318.19
threshold=6.5000000000000009 12.500000000000002 0.94642857142857151 38.500000000000007 175.00000000000003 135.00000000000003 82.500000000000014 17.819602590576938 73.000000000000014 73.000000000000014 32.937590466327883 25.424997240756234 93.000000000000014 56.928571428571438 49.000000000000007 57.089285714285722 47.500000000000007 38.834252060778702
decision_type=2 2 2 2 2 2 2 2 2 2 2 2 2 2 2 2 2 2
left_child=9 2 -2 16 5 7 -7 -3 -5 12 11 -11 13 15 -15 -1 -4 -12
right_child=1 4 3 8 -6 6 -8 -9 -10 10 17 -13 -14 14 -16 -17 -18 -19
leaf_value=-0.27972097417223268 1.8851690980650131 -0.56481240058832982 0.059573406331679402 0.2255894565128069 -1.3143213290917246 2.1731746468693021 -0.082730641084558826 0.017748982450774733 -0.42090712583065032 -0.090653853118419656 -1.2150970596820116 1.5789314603754159 0.75780707164244221 -2.1048666318257649 -0.64802456606518144 0.57284907058433254 1.1161275025853452 -0.077271593042782374
leaf_weight=256 21 94 17 187 19 18 17 906 100 15.999999999999998 15.999999999999998 29 22 18 22 27 47 28
leaf_count=256 21 94 17 187 19 18 17 906 100 16 16 29 22 18 22 27 47 28
internal_value=9.24363e-10 0.0483034 0.250413 0.152608 -0.0230296 0.0006753 1.07745 -0.0370118 0.000329323 -0.158711 0.255431 0.985301 -0.265548 -0.33525 -1.3036 -0.19838 0.83548 -0.491026
internal_weight=1860 1426 372 351 1054 1035 35 1000 287 434 89 45 345 323 40 283 64 44
internal_count=1860 1426 372 351 1054 1035 35 1000 287 434 89 45 345 323 40 283 64 44
is_linear=0
shrinkage=0.1


Tree=38
num_leaves=17
num_cat=0
split_feature=10 2 6 6 9 10 4 6 5 6 5 5 1 6 4 5
split_gain=1231.72 2613.34 3758.81 3320.27 2004.23 1805.34 2838.62 2326.96 12518.5 6757.39 4222.65 5913.96 1847.3 2514.24 2377.55 405.025
threshold=4.5000000000000009 93.000000000000014 40.163881685225697 31.522978447959975 5.5000000000000009 5.5000000000000009 140.71428571428575 40.221802131660027 51.767857142857146 43.615316591713814 94.017857142857153 79.375000000000014 18.500000000000004 25.560788745515861 49.500000000000007 99.946428571428584
decision_type=2 2 2 2 2 2 2 2 2 2 2 2 2 2 2 2
left_child=1 2 3 4 -1 7 12 10 -9 -10 11 -2 13 -7 -14 -12
right_child=5 -3 -4 -5 -6 6 -8 8 9 -11 15 -13 14 -15 -16 -17
leaf_value=-0.24194201444679836 0.024115207953462611 0.8944872564739651 -1.7824049807646696 0.95210979495729731 -1.3832291238837773 -0.042859411239624029 1.0303243842991916 2.6801327152685688 1.6201907291412354 -0.18448097272241704 -1.434897854924202 1.2464771049363275 0.15552240900041267 -1.508646672693166 -0.22852155285618472 -0.72336312998086216
leaf_weight=106 687 18 17 21 18 25 22 22 25 122 15.999999999999998 42 262 22 419 15.999999999999998
leaf_count=106 687 18 17 21 18 25 22 22 25 122 16 42 262 22 419 16
internal_value=-7.70294e-10 -0.24861 -0.375621 -0.210687 -0.407613 0.0266368 -0.0887976 0.119729 0.455391 0.122436 0.0451866 0.0945394 -0.122617 -0.728973 -0.080769 -1.07913
internal_weight=1860 180 162 145 124 1680 750 930 169 147 761 729 728 47 681 32
internal_count=1860 180 162 145 124 1680 750 930 169 147 761 729 728 47 681 32
is_linear=0
shrinkage=0.1


Tree=39
num_leaves=20
num_cat=0
split_feature=9 8 0 8 3 0 9 8 0 1 4 2 2 2 1 2 5 1 6
split_gain=1271.56 3428.66 4637.51 3255.21 4453.49 4071.59 5527.42 3094.58 2807.77 10089.9 2601.15 2178.55 2047.45 2447.99 7208.4 5613.85 4215.11 2990.58 1919.01
threshold=4.5000000000000009 16.500000000000004 26.500000000000004 13.500000000000002 49.000000000000007 29.500000000000004 5.5000000000000009 7.5000000000000009 67.500000000000014 58.500000000000007 55.785714285714292 93.000000000000014 165.00000000000003 82.000000000000014 67.500000000000014 73.000000000000014 99.410714285714306 67.500000000000014 39.03736243902555
decision_type=2 2 2 2 2 2 2 2 2 2 2 2 2 2 2 2 2 2 2
left_child=12 3 -3 4 7 -5 -7 -2 10 -10 -4 -6 13 15 18 17 -16 -1 -15
right_child=1 2 8 5 11 6 -8 -9 9 -11 -12 -13 -14 14 16 -17 -18 -19 -20
leaf_value=0.057668823753621437 0.27714600441533899 2.0079436722923729 -0.49426959301194834 -2.1338482052087784 -0.35388254938733499 -1.3763848018646241 1.0390864938497544 1.7411932024088774 2.4565603824332358 0.14891094738410579 0.53235897698053503 0.50231386100923692 -1.0569831243157386 -0.92700326541002775 1.1336004654566447 -0.93914581911789419 0.036186813575526076 -0.34945211425423622 0.18774032022642054
leaf_weight=777 42 17 62 15.999999999999998 151 20 18 22 24 90 41 37 20 47 84 74 60 235 23
leaf_count=777 42 17 62 16 151 20 18 22 24 90 41 37 20 47 84 74 60 235 23
internal_value=-9.79591e-10 0.129271 0.417421 -0.0910784 0.0599037 -0.795661 -0.232214 0.780412 0.292818 0.634732 -0.0856116 -0.185376 -0.0528837 -0.037436 0.271694 -0.0983512 0.676345 -0.0368701 -0.56073
internal_weight=1860 540 234 306 252 54 38 64 217 114 103 188 1320 1300 214 1086 144 1012 70
internal_count=1860 540 234 306 252 54 38 64 217 114 103 188 1320 1300 214 1086 144 1012 70
is_linear=0
shrinkage=0.1


Tree=40
num_leaves=18
num_cat=0
split_feature=4 0 4 6 4 6 0 2 5 8 10 1 8 6 3 5 0
split_gain=1134.22 2849.52 6980.04 2555.99 2321.07 10900 2633.6 3579 1705.65 3097.28 2247.82 2112.32 2535.9 1669.99 1495.12 1365.05 619.58
threshold=35.785714285714292 13.000000000000002 61.142857142857146 21.230736861440466 37.857142857142868 22.060615338866501 23.000000000000004 58.500000000000007 44.625000000000007 4.5000000000000009 5.5000000000000009 29.500000000000004 13.500000000000002 45.39436695998058 49.000000000000007 52.553571428571438 37.500000000000007
decision_type=2 2 2 2 2 2 2 2 2 2 2 2 2 2 2 2 2
left_child=8 2 3 -2 5 -3 7 -6 9 -1 16 14 -13 -8 -11 -5 -10
right_child=1 4 -4 15 6 -7 13 -9 10 11 -12 12 -14 -15 -16 -17 -18
leaf_value=1.2064792854918374 1.151040847161237 -0.4776125063670093 2.5654367589950562 -0.89273458540439599 0.029003234272417817 2.7114859973683081 0.048199593115354822 -1.2824413575624165 -0.80065166675127475 0.70558509958140991 0.066423525182264187 -1.0521835327148439 0.040304668074430422 -0.30867424006127336 -0.36759011887368703 0.3076353523466322 -1.6077163116137188
leaf_weight=18 17 29 14.999999999999998 20 46 17 1287 38 26 34 28 42 43 146 21 18 14.999999999999998
leaf_count=18 17 29 15 20 46 17 1287 38 26 34 28 42 43 146 21 18 15
internal_value=-2.55488e-09 0.0291147 0.653314 0.131826 0.00115951 0.700967 -0.0200608 -0.564269 -0.209446 -0.0283005 -0.624244 -0.187058 -0.499513 0.0118398 0.295827 -0.324138 -1.09592
internal_weight=1860 1633 70 55 1563 46 1517 84 227 158 69 140 85 1433 55 38 41
internal_count=1860 1633 70 55 1563 46 1517 84 227 158 69 140 85 1433 55 38 41
is_linear=0
shrinkage=0.1


Tree=41
num_leaves=16
num_cat=0
split_feature=8 8 7 3 0 1 1 3 5 6 4 5 4 0 0
split_gain=1101.63 1701.55 4343.18 2739.15 2437.03 2406.09 3209.98 3456.98 2200.97 1429.92 1348.85 4571.81 2992.39 2081.2 405.739
threshold=6.5000000000000009 12.500000000000002 0.94642857142857151 38.500000000000007 73.000000000000014 175.00000000000003 135.00000000000003 82.500000000000014 37.178571428571438 17.309071124910329 116.42857142857143 86.964285714285737 69.857142857142875 73.000000000000014 100.50000000000001
decision_type=2 2 2 2 2 2 2 2 2 2 2 2 2 2 2
left_child=10 2 -2 9 -5 6 8 -8 -3 -4 11 12 13 -1 -13
right_child=1 5 3 4 -6 -7 7 -9 -10 -11 -12 14 -14 -15 -16
leaf_value=-0.21223621303215623 1.6232630015129137 -0.52482300533669157 1.588632148106893 0.22392459240029838 -0.38765154753625397 -1.1375774145126343 1.9052079588174822 -0.083274367276360006 0.010011531090502136 0.47279321408393432 -0.94158917479217052 1.4175906434655188 -1.3275695248083634 0.54449855430824001 0.6936568800608317
leaf_weight=320 21 84 14.999999999999998 187 100 19 18 17 916 49 20 16.000000000000004 22 41 14.999999999999998
leaf_count=320 21 84 15 187 100 19 18 17 916 49 20 16 22 41 15
internal_value=-1.10232e-09 0.0424566 0.226327 0.14275 0.0108319 -0.0224388 -0.00196762 0.939374 -0.0349146 0.734318 -0.1395 -0.100752 -0.195294 -0.126291 1.0673
internal_weight=1860 1426 372 351 287 1054 1035 35 1000 64 434 414 383 361 31
internal_count=1860 1426 372 351 287 1054 1035 35 1000 64 434 414 383 361 31
is_linear=0
shrinkage=0.1


Tree=42
num_leaves=12
num_cat=0
split_feature=9 0 5 0 6 2 2 6 4 5 1
split_gain=1037.78 3305.85 2326.4 3273.27 2311.7 1909.74 1692.34 2823.97 4107.26 2676.76 2812.86
threshold=4.5000000000000009 175.00000000000003 118.39285714285715 135.00000000000003 37.832256961578537 1.0000000180025095e-35 23.000000000000004 44.016268337338168 62.714285714285715 33.892857142857146 13.000000000000002
decision_type=2 2 2 2 2 2 2 2 2 2 2
left_child=5 2 3 4 -2 -1 7 8 -7 -8 -11
right_child=1 -3 -4 -5 -6 6 9 -9 -10 10 -12
leaf_value=0.75476030234632829 0.17995786723924928 1.5805748923619589 1.3024065415064494 -1.4164730509122214 -0.39851201005190257 -0.3941857172457649 1.2247587326694938 -1.5059887923692403 1.2524841645184686 -0.67265328406497393 0.00071226679372879799
leaf_weight=29 412 14.999999999999998 14.999999999999998 14.999999999999998 83 139 17 19 17 66 1033
leaf_count=29 412 15 15 15 83 139 17 19 17 66 1033
internal_value=7.15216e-10 0.116785 0.0749622 0.0388609 0.0829619 -0.0477756 -0.0658031 -0.354934 -0.214741 -0.0204646 -0.0397264
internal_weight=1860 540 525 510 495 1320 1291 175 156 1116 1099
internal_count=1860 540 525 510 495 1320 1291 175 156 1116 1099
is_linear=0
shrinkage=0.1


Tree=43
num_leaves=11
num_cat=0
split_feature=5 5 6 4 6 6 1 2 3 0
split_gain=984.008 5070.54 2578.83 3074.92 2498.45 5455.78 1656.49 2405.59 2092.85 406.353
threshold=69.571428571428598 71.250000000000014 62.850969679893957 87.857142857142875 49.546264225998094 44.016268337338168 195.00000000000003 37.500000000000007 115.00000000000001 37.500000000000007
decision_type=2 2 2 2 2 2 2 2 2 2
left_child=2 -2 3 4 5 -1 7 -3 -9 -6
right_child=1 6 -4 -5 9 -7 -8 8 -10 -11
leaf_value=-0.03948115194280015 1.5134709835052491 0.96314750087672274 0.92727982644681584 -1.1162286051997432 -0.55209180851777384 1.8784897454579672 -0.98449662526448578 -0.10665850493001655 0.46762740394951385 -1.2765723839402199
leaf_weight=1317 25 29 27 27 15.000000000000002 14.999999999999998 14.999999999999998 293 81 15.999999999999998
leaf_count=1317 25 29 27 27 15 15 15 293 81 16
internal_value=-1.45937e-09 0.130085 -0.0406687 -0.0594705 -0.038537 -0.0178824 0.0473462 0.0857522 0.0177189 -0.926017
internal_weight=1860 443 1417 1390 1363 1332 418 403 374 31
internal_count=1860 443 1417 1390 1363 1332 418 403 374 31
is_linear=0
shrinkage=0.1


Tree=44
num_leaves=20
num_cat=0
split_feature=10 9 8 8 10 2 6 0 1 0 4 6 5 9 6 0 1 6 5
split_gain=901.02 2238.23 3047.98 1511.5 1417.16 2486.22 3176.79 10418.3 4743.28 2848.64 2219.33 1799.07 3025.49 2653.48 1680.9 1414.52 954.662 1136.29 1104.24
threshold=4.5000000000000009 5.5000000000000009 23.500000000000004 26.500000000000004 5.5000000000000009 115.00000000000001 40.221802131660027 29.500000000000004 93.000000000000014 93.000000000000014 140.71428571428575 40.408462777430891 105.53571428571429 1.5000000000000002 43.366077643365401 58.500000000000007 31.000000000000004 18.66854706171867 44.303571428571438
decision_type=2 2 2 2 2 2 2 2 2 2 2 2 2 2 2 2 2 2 2
left_child=1 2 16 -4 5 6 8 -8 -2 -7 11 12 -6 -13 -11 -3 18 -18 -1
right_child=4 15 3 -5 10 9 7 -9 -10 14 -12 13 -14 -15 -16 -17 17 -19 -20
leaf_value=-1.1541285775263201 -0.0099866774839017895 -0.31446787198384596 1.5564313745498655 0.13680562337239585 -0.080418701272368998 -1.0074656001678328 2.996614007651806 0.27455797118359598 0.87926317771727391 0.89225134319729271 0.91005133715542874 0.30322414383743751 1.1702955532073975 -0.74825939878673209 -0.54107605377833046 -1.6877934382359188 0.64714876167914448 -0.2757169067363946 -0.11340495536201878
leaf_weight=22 658 15.000000000000002 15.000000000000002 14.999999999999998 587 41 15.999999999999998 116 66 18 22 33 20 88 14.999999999999998 14.999999999999998 17 62 19
leaf_count=22 658 15 15 15 587 41 16 116 66 18 22 33 20 88 15 15 17 62 19
internal_value=2.23963e-09 -0.212632 -0.0549326 0.846618 0.022782 0.105261 0.153335 0.604504 0.0710775 -0.450834 -0.0794922 -0.109396 -0.039209 -0.461491 0.240739 -1.00113 -0.28032 -0.0771256 -0.671842
internal_weight=1860 180 150 30 1680 930 856 132 724 74 750 728 607 121 33 30 120 79 41
internal_count=1860 180 150 30 1680 930 856 132 724 74 750 728 607 121 33 30 120 79 41
is_linear=0
shrinkage=0.1


Tree=45
num_leaves=13
num_cat=0
split_feature=9 6 8 0 5 1 4 2 2 2 1 2
split_gain=940.552 3017.84 2742.22 6593.05 4671.67 3315.71 1809.4 1563.72 1427.84 2001.64 5496.09 4180.01
threshold=4.5000000000000009 56.723342861218484 27.500000000000004 121.50000000000001 98.875000000000014 29.500000000000004 95.500000000000014 1.0000000180025095e-35 165.00000000000003 82.000000000000014 67.500000000000014 73.000000000000014
decision_type=2 2 2 2 2 2 2 2 2 2 2 2
left_child=7 2 3 5 -5 -2 -4 -1 9 11 -11 -9
right_child=1 -3 6 4 -6 -7 -8 8 -10 10 -12 -13
leaf_value=0.68071856272631681 0.97554355661074321 1.2073302944501243 0.2313703488362463 -2.6020253136754032 -0.14555513267715772 0.010633246059097896 1.6514651719261619 -0.050507462046811183 -0.90016376674175269 -0.49656396983989648 0.5836346483375463 -0.82985954441734266
leaf_weight=29 39 24 19 16.000000000000004 14.999999999999998 410 17 983 20 70 144 74
leaf_count=29 39 24 19 16 15 410 17 983 20 70 144 74
internal_value=1.17079e-09 0.11118 0.0601958 -0.0029373 -1.41341 0.0944451 0.901971 -0.0454826 -0.0617954 -0.0486031 0.230299 -0.105069
internal_weight=1860 540 516 480 31 449 36 1320 1291 1271 214 1057
internal_count=1860 540 516 480 31 449 36 1320 1291 1271 214 1057
is_linear=0
shrinkage=0.1


Tree=46
num_leaves=14
num_cat=0
split_feature=3 4 8 5 2 1 6 1 0 4 1 4 8
split_gain=930.246 2785.31 4577.99 4122.58 1849.4 1643.4 1550.67 1518.31 1442.04 5507.07 1175.64 567.37 481.528
threshold=17.500000000000004 48.357142857142868 14.500000000000002 72.964285714285737 37.500000000000007 195.00000000000003 16.110824727895697 58.500000000000007 13.000000000000002 61.142857142857146 143.50000000000003 30.571428571428573 9.5000000000000018
decision_type=2 2 2 2 2 2 2 2 2 2 2 2 2
left_child=1 2 4 7 -1 6 11 12 9 -8 -10 -2 -3
right_child=5 3 -4 -5 -6 -7 8 -9 10 -11 -12 -13 -14
leaf_value=0.33379046469926826 -1.0811488713820776 -1.1483850600322085 -0.78039181647093403 0.71610079565468965 1.8793667614708345 -0.95906769808600945 0.093708492567141866 -0.52512974398476742 0.005698135357277305 2.1796772956848147 0.52426590085029601 -0.29062384263328883 -1.9496573607126875
leaf_weight=16.000000000000004 14.999999999999998 15.000000000000002 23 17 14.999999999999998 17 81 28 1535 14.999999999999998 45 23 14.999999999999998
leaf_count=16 15 15 23 17 15 17 81 28 1535 15 45 23 15
internal_value=-1.14012e-10 -0.259058 0.288558 -0.653341 1.08165 0.0193058 0.0290097 -1.05473 0.0433318 0.419641 0.0204675 -0.602673 -1.54902
internal_weight=1860 129 54 75 31 1731 1714 58 1676 96 1580 38 30
internal_count=1860 129 54 75 31 1731 1714 58 1676 96 1580 38 30
is_linear=0
shrinkage=0.1


Tree=47
num_leaves=20
num_cat=0
split_feature=8 8 3 6 6 0 8 5 6 6 6 8 3 3 4 2 1 5 5
split_gain=866.803 1425.43 3644.64 2934.97 2223.74 2111.22 3274.58 2972.64 1894.47 3293.21 1721.68 1384.36 3270.73 3259.9 3831.05 2419.59 1877.78 1739.74 1643.92
threshold=6.5000000000000009 12.500000000000002 43.500000000000007 28.650159342695041 17.309071124910329 73.000000000000014 11.500000000000002 64.517857142857153 17.819602590576938 18.201306964003081 36.074522497870795 4.5000000000000009 58.500000000000007 40.500000000000007 55.571428571428577 37.500000000000007 100.50000000000001 46.446428571428577 42.071428571428577
decision_type=2 2 2 2 2 2 2 2 2 2 2 2 2 2 2 2 2 2 2
left_child=11 2 3 4 -2 6 -4 -7 -3 -10 -11 13 18 14 -1 17 -17 -15 -13
right_child=1 8 5 -5 -6 7 -8 -9 9 10 -12 12 -14 15 -16 16 -18 -19 -20
leaf_value=-0.060690012377697035 1.1918895336297843 -0.45018163757755403 0.036905534863471985 1.5563254718427304 0.12734558694064618 -1.6421024322509767 1.5127489959492404 -0.14242446134357076 1.3600874058902264 0.10117862626025374 -0.1768952681164456 0.24908025807568004 -1.2091064020923419 0.21622333024677479 -1.2917792803900583 -0.12387559878087678 0.77817005412331941 1.5093049754267156 -0.64940775572322318
leaf_weight=91 26 94 130 27 80 15.999999999999998 17 76 18 581 361 56 36 19 35 113 29 23 32
leaf_count=91 26 94 130 27 80 16 17 76 18 581 361 56 36 19 35 113 29 23 32
internal_value=1.5947e-09 0.0376607 0.205952 0.625546 0.38846 -0.0275458 0.207581 -0.403238 -0.0217362 0.0202158 -0.00538685 -0.123742 -0.406132 -0.0107865 -0.402659 0.257561 0.060345 0.924339 -0.0776427
internal_weight=1860 1426 372 133 106 239 147 92 1054 960 942 434 124 310 126 184 142 42 88
internal_count=1860 1426 372 133 106 239 147 92 1054 960 942 434 124 310 126 184 142 42 88
is_linear=0
shrinkage=0.1


Tree=48
num_leaves=17
num_cat=0
split_feature=9 0 8 1 5 6 6 3 0 0 6 6 2 6 0 2
split_gain=827.76 2743.18 1911.89 4702.29 10266.6 3610.41 3010.14 2563.92 2484.31 1436.67 1483.56 6750.22 2470.59 1785.19 2631.77 2209.45
threshold=4.5000000000000009 175.00000000000003 16.500000000000004 36.500000000000007 48.500000000000007 33.70319872339072 47.470393059950986 49.000000000000007 93.000000000000014 165.00000000000003 22.060615338866501 21.737458822065815 58.500000000000007 23.614017173422759 67.500000000000014 82.000000000000014
decision_type=2 2 2 2 2 2 2 2 2 2 2 2 2 2 2 2
left_child=9 2 5 4 -4 7 -5 -2 -7 10 11 12 -1 14 -12 -15
right_child=1 -3 3 6 -6 8 -8 -9 -10 -11 13 -13 -14 15 -16 -17
leaf_value=0.063693689689550817 0.60089033631178057 1.4377116783459982 -0.22219758497344122 0.2262748401188715 3.3201293404897054 -1.320228657209211 -1.0986087074405269 -0.13292865325393302 0.11861170878012975 -0.73874213448886217 0.10666085590461367 -1.8031317621469498 -0.46814035882552468 -0.11386068806775565 1.1761426956364602 0.276371081800449
leaf_weight=321 65 14.999999999999998 18 176 14.999999999999998 36 19 178 18 29 76 24 120 515 33 202
leaf_count=321 65 15 18 176 15 36 19 178 18 29 76 24 120 515 33 202
internal_value=6.2649e-10 0.1043 0.0662029 0.284005 1.38795 -0.100999 0.0971836 0.0633604 -0.840615 -0.0426683 -0.0270323 -0.169906 -0.0810231 0.0533991 0.430449 -0.00392091
internal_weight=1860 540 525 228 33 297 195 243 54 1320 1291 465 441 826 109 717
internal_count=1860 540 525 228 33 297 195 243 54 1320 1291 465 441 826 109 717
is_linear=0
shrinkage=0.1


Tree=49
num_leaves=16
num_cat=0
split_feature=3 4 6 8 6 5 4 1 6 5 4 5 2 5 9
split_gain=755.826 2313.02 3561.99 3536.38 2093.73 1735.86 1595.13 1393.47 1348.39 5205.5 10461 4548.91 2741.41 3242.3 2233.32
threshold=17.500000000000004 48.357142857142868 38.487839096905319 14.500000000000002 29.268096728282085 40.339285714285715 57.214285714285722 185.00000000000003 27.618019782786718 53.178571428571438 42.785714285714292 55.285714285714292 73.000000000000014 55.785714285714292 3.5000000000000004
decision_type=2 2 2 2 2 2 2 2 2 2 2 2 2 2 2
left_child=1 3 4 5 6 -1 -3 8 12 10 -10 -11 13 -2 -14
right_child=7 2 -4 -5 -6 -7 -8 -9 9 11 -12 -13 14 -15 -16
leaf_value=0.23803393468260761 -0.082790593813339475 -1.2819849173227946 0.3817954683303833 -0.67398528949074121 -2.0234316371381285 1.7354168216387433 0.09028987139463425 -0.77338528849861843 -0.32726039591762757 -1.6968762944142026 1.7286216829039835 0.067771774026930118 -0.87547519624233239 0.36736567596688657 -0.11796077370029134
leaf_weight=16.000000000000004 662 18 25 23 15.999999999999998 14.999999999999998 15.999999999999998 22 45 14.999999999999998 55 559 65 211 97
leaf_count=16 662 18 25 23 16 15 16 22 45 15 55 559 65 211 97
internal_value=5.09123e-10 -0.233511 -0.592815 0.265521 -1.08012 0.962574 -0.636209 0.0174021 0.0275819 0.137654 0.803475 0.0216573 -0.0440979 0.0260101 -0.421902
internal_weight=1860 129 75 54 50 31 34 1731 1709 674 100 574 1035 873 162
internal_count=1860 129 75 54 50 31 34 1731 1709 674 100 574 1035 873 162
is_linear=0
shrinkage=0.1


Tree=50
num_leaves=16
num_cat=0
split_feature=7 5 1 2 0 5 8 7 3 2 1 8 0 4 6
split_gain=681.604 2182.38 1456.23 2001.45 2855.64 1149.04 2939.45 2282.32 2278.56 1260.24 3505.36 1715.34 1076.85 1057.6 333.729
threshold=0.80357142857142871 35.678571428571438 13.000000000000002 28.5 47.500000000000007 37.892857142857146 14.500000000000002 0.98214285714285732 27.000000000000004 23.000000000000004 93.000000000000014 6.5000000000000009 47.500000000000007 58.428571428571438 22.364957148062953
decision_type=2 2 2 2 2 2 2 2 2 2 2 2 2 2 2
left_child=1 -1 3 4 -2 6 7 -4 -8 10 -7 -11 14 -14 -5
right_child=2 -3 5 12 -6 9 8 -9 -10 11 -12 -13 13 -15 -16
leaf_value=0.24545441127958753 -0.58668788075447076 -1.3047750480473042 1.5405194122200976 -0.5058374725282192 1.3338688693443936 -0.10685189934509086 0.76668078271966245 0.27006718131803698 -0.54828815387431973 -0.1712626580577834 -1.7096777749061585 0.096531731219308164 -0.58756653759628541 -1.6051963257789614 0.12184568511115179
leaf_weight=21 16.000000000000004 15.999999999999998 26 15.999999999999998 14.999999999999998 151 19 31 43 304 14.999999999999998 1122 32 14.999999999999998 18
leaf_count=21 16 16 26 16 15 151 19 31 43 304 15 1122 32 15 18
internal_value=2.44347e-11 -0.424915 0.00862417 -0.340707 0.342614 0.031491 0.331228 0.849572 -0.145314 0.00908602 -0.251686 0.0394423 -0.602225 -0.912342 -0.173535
internal_weight=1860 37 1823 112 31 1711 119 57 62 1592 166 1426 81 47 34
internal_count=1860 37 1823 112 31 1711 119 57 62 1592 166 1426 81 47 34
is_linear=0
shrinkage=0.1


Tree=51
num_leaves=14
num_cat=0
split_feature=10 6 8 4 1 3 2 0 6 0 6 1 4
split_gain=682.24 2317.21 1635.47 1615.61 1549.23 2279.17 1554.14 1482.25 6261.82 5401.81 3922.14 3520.35 2438.98
threshold=5.5000000000000009 75.32108985303006 1.0000000180025095e-35 140.71428571428575 121.50000000000001 123.00000000000001 93.000000000000014 115.00000000000001 29.839141107001545 100.50000000000001 36.640856596060559 89.000000000000014 89.857142857142875
decision_type=2 2 2 2 2 2 2 2 2 2 2 2 2
left_child=1 7 -2 4 6 -6 -4 9 -9 12 -10 -11 -1
right_child=2 -3 3 -5 5 -7 -8 8 10 11 -12 -13 -14
leaf_value=0.069531640987159249 0.72154509592056282 1.1446384053481253 -0.14658147371038027 0.74275117895819931 -1.2654980469633033 0.27189614931742351 0.32610279010443749 -2.220631284713745 1.1097846777542777 0.16082138061523438 -0.42610824068387354 2.2101422507511943 -0.52808898413503502
leaf_weight=885 25 19 582 22 27 14.999999999999998 79 14.999999999999998 23 14.999999999999998 60 19 74
leaf_count=885 25 19 582 22 27 15 79 15 23 15 60 19 74
internal_value=2.97044e-09 0.049783 -0.0736789 -0.1011 -0.127508 -0.716429 -0.0900882 0.0307159 -0.340315 0.0673333 -0.00049936 1.30603 0.023417
internal_weight=1860 1110 750 725 703 42 661 1091 98 993 83 34 959
internal_count=1860 1110 750 725 703 42 661 1091 98 993 83 34 959
is_linear=0
shrinkage=0.1


Tree=52
num_leaves=12
num_cat=0
split_feature=9 0 0 2 3 0 8 6 1 6 6
split_gain=684.521 2481.69 1887.84 1686.47 1806.64 2362.33 1785.56 1647.47 2135.83 4036.44 1811.69
threshold=3.5000000000000004 175.00000000000003 165.00000000000003 1.0000000180025095e-35 13.000000000000002 13.000000000000002 18.500000000000004 70.233554070950291 29.500000000000004 21.919203157410088 55.658718308742927
decision_type=2 2 2 2 2 2 2 2 2 2 2
left_child=2 7 3 -1 6 -6 -5 8 9 -2 -10
right_child=1 -3 -4 4 5 -7 -8 -9 10 -11 -12
leaf_value=0.85457796653111784 -0.53760160000427903 1.2301367461681367 -0.91186111593246455 -0.2470135895772414 0.61042397498038781 -0.054009670796175441 -1.3944567733340794 -0.87725642605831755 -0.014307343220220614 1.0487675964972885 1.0622191637754441
leaf_weight=21 23 18 25 55 57 874 18 19 681 53 15.999999999999998
leaf_count=21 23 18 25 55 57 874 18 19 681 53 16
internal_value=-2.47972e-09 0.0690699 -0.0532825 -0.0323416 -0.0508927 -0.0133301 -0.529945 0.042682 0.0652937 0.568682 0.0104049
internal_weight=1860 810 1050 1025 1004 931 73 792 773 76 697
internal_count=1860 810 1050 1025 1004 931 73 792 773 76 697
is_linear=0
shrinkage=0.1


Tree=53
num_leaves=16
num_cat=0
split_feature=7 6 1 2 0 6 1 6 6 5 4 6 0 4 6
split_gain=671.844 1968.43 1269.06 1606.31 2244.02 1037.04 3830.69 6499.94 3524.77 6103.88 4569.55 1609.31 768.543 915.965 224.293
threshold=0.80357142857142871 37.366835807750569 18.500000000000004 28.5 47.500000000000007 36.074522497870795 100.50000000000001 32.069312074922394 42.244123831974896 56.267857142857146 107.85714285714288 25.424997240756234 47.500000000000007 58.428571428571438 22.364957148062953
decision_type=2 2 2 2 2 2 2 2 2 2 2 2 2 2 2
left_child=1 -1 3 4 -2 6 11 -8 10 -10 -7 -4 14 -14 -5
right_child=2 -3 5 12 -6 8 7 -9 9 -11 -12 -13 13 -15 -16
leaf_value=-1.0241354443810202 -0.52156558483839033 0.46147312402725221 -0.038152128033765491 -0.44564146026968959 1.180940583149592 -0.96984774666123619 0.1040564810976069 2.126745567719142 1.3410997111882483 -0.080223571332656188 0.16172198323441334 0.21722036368511288 -0.50925792932510372 -1.4432536012927693 0.068936930762396917
leaf_weight=22 16.000000000000004 14.999999999999998 893 15.999999999999998 14.999999999999998 86 47 24 35 221 61 341 35 14.999999999999998 18
leaf_count=22 16 15 893 16 15 86 47 24 35 221 61 341 35 15 18
internal_value=1.95071e-09 -0.421862 0.0085622 -0.312984 0.302228 0.030212 0.0735133 0.787782 -0.110007 0.114098 -0.500285 0.0324168 -0.540027 -0.789457 -0.173218
internal_weight=1860 37 1823 115 31 1708 1305 71 403 256 147 1234 84 50 34
internal_count=1860 37 1823 115 31 1708 1305 71 403 256 147 1234 84 50 34
is_linear=0
shrinkage=0.1


Tree=54
num_leaves=20
num_cat=0
split_feature=8 4 5 4 5 4 8 3 2 6 0 0 8 5 0 4 7 9 6
split_gain=687.097 1374.09 3058.28 2461.96 3655.61 2351.84 1106.56 2964.79 2229.44 3136.83 2591.3 1651.46 2541.08 2340.64 1280.91 3287.23 2018.52 1954.89 1949.51
threshold=6.5000000000000009 116.42857142857143 86.964285714285737 51.214285714285722 54.946428571428577 51.857142857142868 12.500000000000002 43.500000000000007 40.500000000000007 18.908884633318028 40.500000000000007 73.000000000000014 11.500000000000002 64.517857142857153 18.500000000000004 55.357142857142868 0.8392857142857143 4.5000000000000009 21.230736861440466
decision_type=2 2 2 2 2 2 2 2 2 2 2 2 2 2 2 2 2 2 2
left_child=1 2 3 4 -1 -5 7 8 9 -2 -10 12 -9 -13 15 18 -16 -18 -8
right_child=6 -3 -4 5 -6 -7 14 11 10 -11 -12 13 -14 -15 16 -17 17 -19 -20
leaf_value=-0.083365588905131918 0.36339851001213336 -0.91972965031862275 0.88427579441378201 -1.6432873323559762 1.2934659554844812 -0.34570991589264438 0.84901492595672612 0.028816897914959835 -0.95774082501729341 1.9089327072103819 0.50040652844195177 -1.4603768669068815 1.3289009458878462 -0.12963177061786776 0.83792761802673343 1.7042172578970591 -0.16493069527250057 0.14870911484174695 -0.36532970162538381
leaf_weight=236 29 20 31 15.999999999999998 21 110 20 130 14.999999999999998 24 65 15.999999999999998 17 76 25 14.999999999999998 673 282 39
leaf_count=236 29 20 31 16 21 110 20 130 15 24 65 16 17 76 25 15 673 282 39
internal_value=-7.05151e-10 -0.110171 -0.0710619 -0.148387 0.0291382 -0.510482 0.0335303 0.181808 0.56025 1.06326 0.227004 -0.0287888 0.179167 -0.361066 -0.0188031 0.382374 -0.0490961 -0.0723166 0.0463125
internal_weight=1860 434 414 383 257 126 1426 372 133 53 80 239 147 92 1054 74 980 955 59
internal_count=1860 434 414 383 257 126 1426 372 133 53 80 239 147 92 1054 74 980 955 59
is_linear=0
shrinkage=0.1


Tree=55
num_leaves=17
num_cat=0
split_feature=10 2 6 6 9 10 2 6 5 1 1 6 8 8 5 1
split_gain=682.798 2072.48 2845.89 2338.78 1568.21 885.018 2214.62 2234.19 8318.92 3034.45 2107.22 1869.17 1419.21 1321.36 2807.37 1543.76
threshold=4.5000000000000009 93.000000000000014 40.163881685225697 31.662078957068712 5.5000000000000009 5.5000000000000009 115.00000000000001 40.221802131660027 51.767857142857146 93.000000000000014 115.00000000000001 43.615316591713814 1.0000000180025095e-35 16.500000000000004 95.892857142857153 82.000000000000014
decision_type=2 2 2 2 2 2 2 2 2 2 2 2 2 2 2 2
left_child=1 2 3 4 -1 6 7 9 -9 -2 11 -8 -7 15 -15 -14
right_child=5 -3 -4 -5 -6 12 10 8 -10 -11 -12 -13 13 14 -16 -17
leaf_value=-0.16662375998027901 -0.0034372777290257277 0.83285866346624171 -1.5222916446187917 0.87954125302402597 -1.1748080998659134 0.67979273271560681 -0.37069887771750942 2.3338934421539306 0.1634455758608408 0.70781608309709665 0.33039440239469209 -1.6614069333847832 -0.097070183388569181 -0.062084705505181449 0.75250783090293405 -0.55543670854003169
leaf_weight=108 658 18 17 19 18 25 33 21 111 66 24 17 303 275 50 97
leaf_count=108 658 18 17 19 18 25 33 21 111 66 24 17 303 275 50 97
internal_value=-9.46444e-10 -0.185101 -0.298207 -0.154694 -0.31065 0.0198322 0.0850117 0.130384 0.508744 0.0614007 -0.439831 -0.80954 -0.0609903 -0.0865345 0.0632372 -0.208224
internal_weight=1860 180 162 145 126 1680 930 856 132 724 74 50 750 725 325 400
internal_count=1860 180 162 145 126 1680 930 856 132 724 74 50 750 725 325 400
is_linear=0
shrinkage=0.1


Tree=56
num_leaves=13
num_cat=0
split_feature=7 5 1 4 5 4 5 2 1 8 5 6
split_gain=728.822 2280.67 997.651 1227.68 971.682 2259.38 1755.95 1299.62 3095 1453.09 646.966 542.507
threshold=0.80357142857142871 35.678571428571438 18.500000000000004 60.642857142857146 38.196428571428577 45.500000000000007 36.839285714285722 28.5 93.000000000000014 6.5000000000000009 61.321428571428577 20.290539437371944
decision_type=2 2 2 2 2 2 2 2 2 2 2 2
left_child=1 -1 3 10 5 6 -4 8 -6 -9 11 -2
right_child=2 -3 4 -5 7 -7 -8 9 -10 -11 -12 -13
leaf_value=0.24591420633452282 -0.679072307737974 -1.3388435672037304 -0.083534708203271385 0.53656222354620697 -0.1216843254668148 1.2164406673474746 1.0287115658030792 -0.15693537139881442 -1.627324047088623 0.090668509694008415 -1.0124767287572225 -0.12935238634717877
leaf_weight=21 26 15.999999999999998 86 15.999999999999998 152 22 17 301 14.999999999999998 1115 14.999999999999998 58
leaf_count=21 26 16 86 16 152 22 17 301 15 1115 15 58
internal_value=-1.48972e-09 -0.439386 0.00891788 -0.276178 0.0281134 0.296526 0.10004 0.00691849 -0.256921 0.0380352 -0.40753 -0.299504
internal_weight=1860 37 1823 115 1708 125 103 1583 167 1416 99 84
internal_count=1860 37 1823 115 1708 125 103 1583 167 1416 99 84
is_linear=0
shrinkage=0.1


Tree=57
num_leaves=16
num_cat=0
split_feature=7 5 1 2 4 6 9 1 2 1 6 6 0 0 5
split_gain=590.346 1847.35 815.401 1266.15 1786.82 915.181 3845.47 8610.91 4382.77 2486.01 5532.17 1438.27 721.548 768.891 183.197
threshold=0.80357142857142871 35.678571428571438 13.000000000000002 28.5 39.928571428571438 35.356267742555836 1.5000000000000002 89.000000000000014 135.00000000000003 100.50000000000001 32.069312074922394 25.424997240756234 47.500000000000007 73.000000000000014 44.928571428571438
decision_type=2 2 2 2 2 2 2 2 2 2 2 2 2 2 2
left_child=1 -1 3 4 -2 9 7 -7 -8 11 -11 -4 14 -14 -5
right_child=2 -3 5 12 -6 6 8 -9 -10 10 -12 -13 13 -15 -16
leaf_value=0.2213227763062432 -0.44497804194688789 -1.2049591757357121 -0.031675565956087587 -0.37171367724736532 1.0742236606280009 1.224312272866567 -0.48692374904913938 -0.43698460102081305 0.51096097978728794 0.067053669564267435 2.0527887946274133 0.21202768147305912 -1.1111831196894248 -0.30206537505854736 0.095780676917025923
leaf_weight=21 16.000000000000004 15.999999999999998 895 14.999999999999998 14.999999999999998 60 238 65 54 47 20 332 24 23 19
leaf_count=21 16 16 895 15 15 60 238 65 54 47 20 332 24 23 19
internal_value=1.05034e-09 -0.395448 0.00802609 -0.253376 0.29012 0.0251371 -0.103696 0.360438 -0.302383 0.0666544 0.65981 0.0342653 -0.46138 -0.715232 -0.110467
internal_weight=1860 37 1823 112 31 1711 417 125 292 1294 67 1227 81 47 34
internal_count=1860 37 1823 112 31 1711 417 125 292 1294 67 1227 81 47 34
is_linear=0
shrinkage=0.1


Tree=58
num_leaves=19
num_cat=0
split_feature=10 0 4 2 3 3 9 3 0 3 6 5 0 6 5 6 5 9
split_gain=536.637 1836.44 2797.59 1951.68 1561.64 1362.8 846.522 3653.17 3953.05 3546.55 3683.45 2910.13 2141.87 1436.33 5744.62 3646.64 766.52 1066.02
threshold=4.5000000000000009 73.000000000000014 49.857142857142868 73.000000000000014 63.000000000000007 51.000000000000007 5.5000000000000009 72.000000000000014 100.50000000000001 82.500000000000014 37.832256961578537 55.410714285714292 195.00000000000003 39.03736243902555 51.125000000000007 38.487839096905319 46.303571428571438 4.5000000000000009
decision_type=2 2 2 2 2 2 2 2 2 2 2 2 2 2 2 2 2 2
left_child=1 2 16 4 -4 -3 12 8 11 -9 -11 -8 13 15 -15 -2 17 -1
right_child=6 5 3 -5 -6 -7 7 9 -10 10 -12 -13 -14 14 -16 -17 -18 -19
leaf_value=-0.49387246342592461 -0.026501441791361977 -0.11345590980102618 -0.26842096359468998 1.3272489215198318 0.96815064966678621 -1.3885217014111972 0.60205500125885014 -1.4656691341173083 1.7540723426001414 0.6551293567607277 -0.90778779637813567 -0.38849448128180075 -1.1619613662362098 1.5905076803984466 0.056872602658950201 -1.5021451175212861 -0.94369322240352638 0.44153254943735459
leaf_weight=43 1124 14.999999999999998 32 19 14.999999999999998 19 91 21 21 38 25 44 15.999999999999998 27 256 17 20 17
leaf_count=43 1124 15 32 19 15 19 91 21 21 38 25 44 16 27 256 17 20 17
internal_value=3.19429e-10 -0.164098 -0.00995759 0.471978 0.12623 -0.825993 0.0175819 0.191458 0.477749 -0.340224 0.0349241 0.279209 -0.0113975 0.0015302 0.203191 -0.0484874 -0.407554 -0.228841
internal_weight=1860 180 146 66 47 34 1680 240 156 84 63 135 1440 1424 283 1141 80 60
internal_count=1860 180 146 66 47 34 1680 240 156 84 63 135 1440 1424 283 1141 80 60
is_linear=0
shrinkage=0.1


Tree=59
num_leaves=14
num_cat=0
split_feature=7 3 1 5 6 5 8 3 7 2 1 8 6
split_gain=525.924 1778.86 640.371 1063.44 1172.4 835.15 2210.21 1768.16 1717.56 1021.88 2365.86 1310.95 458.622
threshold=0.80357142857142871 38.500000000000007 13.000000000000002 57.839285714285715 27.474372639402748 37.892857142857146 14.500000000000002 27.000000000000004 0.98214285714285732 23.000000000000004 93.000000000000014 6.5000000000000009 20.290539437371944
decision_type=2 2 2 2 2 2 2 2 2 2 2 2 2
left_child=1 -1 3 4 12 6 8 -8 -4 10 -7 -11 -2
right_child=2 -3 5 -5 -6 9 7 -9 -10 11 -12 -13 -14
leaf_value=-1.0125106616318227 -0.5702942411303521 0.37882590784746062 1.3271423310327988 0.29722227310312205 -1.2064363690217337 -0.11219429154171059 0.66843584964149882 -0.48992864829163224 0.22503007438875017 -0.15322814058806553 -1.4289789374669395 0.08088170631743849 -0.031680184741352882
leaf_weight=20 25 17 26 29 14.999999999999998 151 19 43 31 304 14.999999999999998 1122 43
leaf_count=20 25 17 26 29 15 151 19 43 31 304 15 1122 43
internal_value=1.85884e-09 -0.373248 0.00757552 -0.224078 -0.406219 0.0227393 0.278277 -0.134946 0.727748 0.00363813 -0.231181 0.0309733 -0.2297
internal_weight=1860 37 1823 112 83 1711 119 62 57 1592 166 1426 68
internal_count=1860 37 1823 112 83 1711 119 62 57 1592 166 1426 68
is_linear=0
shrinkage=0.1


Tree=60
num_leaves=9
num_cat=0
split_feature=0 0 5 0 5 5 0 0
split_gain=517.001 1881.81 1072.27 1663.66 1571.85 3663.87 1868.09 1492.15
threshold=185.00000000000003 165.00000000000003 105.53571428571429 135.00000000000003 99.410714285714306 95.892857142857153 100.50000000000001 100.50000000000001
decision_type=2 2 2 2 2 2 2 2
left_child=1 2 4 7 5 -1 -6 -4
right_child=-2 -3 3 -5 6 -7 -8 -9
leaf_value=-0.016411121219785801 0.41892314902667344 -1.0538544654846191 0.52558070327554429 1.150282324552536 -1.2761319660005117 1.2825382924215361 0.18501737276713054 -0.47453541984924907
leaf_weight=1675 29 17 35 20 21 22 14.999999999999998 26
leaf_count=1675 29 17 35 20 21 22 15 26
internal_value=-3.79689e-10 -0.00663505 0.00317903 0.358803 -0.0134428 0.000428529 -0.66732 0.0993017
internal_weight=1860 1831 1814 81 1733 1697 36 61
internal_count=1860 1831 1814 81 1733 1697 36 61
is_linear=0
shrinkage=0.1


Tree=61
num_leaves=20
num_cat=0
split_feature=2 1 4 2 4 4 10 6 6 1 8 1 5 6 5 0 9 4 5
split_gain=560.228 2440.23 3064.99 1747.47 3527.06 2821.06 1668.23 1611.42 3151.14 1556.93 1387.61 2790.97 3054.91 2538.46 9178.77 5539.92 2032.92 1745.22 1214.8
threshold=73.000000000000014 67.500000000000014 52.714285714285715 93.000000000000014 63.785714285714292 72.785714285714292 5.5000000000000009 27.474372639402748 25.172191932729532 165.00000000000003 26.500000000000004 121.50000000000001 76.964285714285737 43.458577113461985 56.267857142857146 121.50000000000001 4.5000000000000009 61.500000000000007 68.250000000000014
decision_type=2 2 2 2 2 2 2 2 2 2 2 2 2 2 2 2 2 2 2
left_child=10 3 -3 5 -5 6 -2 8 -4 -9 11 13 -13 15 -15 -1 17 -12 -19
right_child=1 2 7 4 -6 -7 -8 9 -10 -11 16 12 -14 14 -16 -17 -18 18 -20
leaf_value=0.019491632056162164 -0.0022028517463932866 1.3040967062899942 0.11470324438671733 -0.48737424514731587 1.0137297343948615 -1.8266437789973091 -0.86858608140501881 0.025324322944375834 -1.2484661774975914 0.8063279758496531 1.1484995444615682 0.031169225275516507 -1.9552646636962892 2.2664270385451939 -0.028261814754740856 -1.6199287423065731 1.4383030423894525 -0.58469350082427274 0.35221117768556842
leaf_weight=1116 46 19 43 49 23 17 43 213 28 29 14.999999999999998 16.000000000000004 14.999999999999998 23 72 21 15.999999999999998 25 31
leaf_count=1116 46 19 43 49 23 17 43 213 28 29 15 16 15 23 72 21 16 25 31
internal_value=1.33998e-09 -0.089291 0.0708753 -0.388028 -0.00785492 -0.646259 -0.420793 -0.00398473 -0.422885 0.118916 0.0337322 0.00712341 -0.930008 0.0307038 0.527294 -0.0107879 0.420018 0.190545 -0.0660498
internal_weight=1860 510 332 178 72 106 89 313 71 242 1350 1263 31 1232 95 1137 87 71 56
internal_count=1860 510 332 178 72 106 89 313 71 242 1350 1263 31 1232 95 1137 87 71 56
is_linear=0
shrinkage=0.1


Tree=62
num_leaves=19
num_cat=0
split_feature=4 0 4 6 4 6 6 5 6 9 3 6 8 7 5 9 1 1
split_gain=532.503 1004.09 3744.02 1710.69 1143.35 6208.44 1864.38 5850.4 5300.76 1769.62 972.618 2353.01 1757.36 1739.2 1291.89 1082.44 793.899 611.929
threshold=32.928571428571438 13.000000000000002 61.142857142857146 21.230736861440466 37.857142857142868 24.323013882311212 45.39436695998058 59.875000000000007 42.244123831974896 5.5000000000000009 49.000000000000007 30.395983537730213 12.500000000000002 0.98214285714285732 38.964285714285722 3.5000000000000004 31.000000000000004 37.500000000000007
decision_type=2 2 2 2 2 2 2 2 2 2 2 2 2 2 2 2 2 2
left_child=10 2 3 -2 5 9 8 -8 -6 -3 11 13 17 -1 -15 -14 -5 -12
right_child=1 4 -4 16 6 -7 7 -9 -10 -11 12 -13 15 14 -16 -17 -18 -19
leaf_value=0.98997959451606643 0.84043953167764762 -0.31070014760918818 1.7851041497786841 0.24442073371675282 -0.035012148675038816 1.6292419058305248 -1.6920920405674864 -0.067709413426177159 0.83524422271026144 0.85051680412143471 -1.3511917637454141 -0.87385841131210329 0.6259085418875604 -0.74410942979156958 0.54767046878735226 -0.53957464059193938 -0.59563175678253177 -0.52661816858583033
leaf_weight=26 19 73 14.999999999999998 18 1292 27 27 124 74 15.999999999999998 18 20 17 16.000000000000004 14.999999999999998 14.999999999999998 30 18
leaf_count=26 19 73 15 18 1292 27 27 124 74 16 18 20 17 16 15 15 30 18
internal_value=8.81552e-10 0.0155581 0.357019 0.0372981 -0.00158811 0.301006 -0.0247265 -0.358162 0.012132 -0.101942 -0.184015 0.0593715 -0.459614 0.386821 -0.119055 0.0795883 -0.280612 -0.938905
internal_weight=1860 1715 82 67 1633 116 1517 151 1366 89 145 77 68 57 31 32 48 36
internal_count=1860 1715 82 67 1633 116 1517 151 1366 89 145 77 68 57 31 32 48 36
is_linear=0
shrinkage=0.1


Tree=63
num_leaves=19
num_cat=0
split_feature=2 0 5 5 3 5 9 8 3 8 1 7 7 5 8 4 5 5
split_gain=505.396 2295.18 3639.78 4066.52 1647.88 1198.72 2853.34 8042.42 6805.61 3158.79 3044.58 8032.43 2564.84 2366.58 1759.17 3073.56 1678.16 970.017
threshold=73.000000000000014 29.500000000000004 46.750000000000007 52.071428571428577 123.00000000000001 45.767857142857146 4.5000000000000009 17.500000000000004 66.500000000000014 13.500000000000002 67.500000000000014 0.91071428571428592 0.94642857142857151 45.375000000000007 3.5000000000000004 46.857142857142868 41.375000000000007 55.785714285714292
decision_type=2 2 2 2 2 2 2 2 2 2 2 2 2 2 2 2 2 2
left_child=5 17 -3 -4 -5 13 10 9 -9 -8 11 -7 -12 14 15 -1 -16 -2
right_child=1 2 3 4 -6 6 7 8 -10 -11 12 -13 -14 -15 16 -17 -18 -19
leaf_value=0.92389858612200104 -0.17089272947872389 1.2676356593767801 -1.2931093672147165 -0.080658437976879743 0.51131738189573361 2.1590399817416546 0.1780751564256523 2.2481812472854341 0.41452448529501756 -1.0702298609110026 -1.2485885332123592 0.057994073308831044 -0.18374944426890077 -1.2873930867761374 0.023733634533626695 -0.74903083006540938 -0.39258751153341825 -1.1285111929689136
leaf_weight=41 17 21 26 364 54 19 92 35 48 26 26 430 174 15.999999999999998 280 14.999999999999998 148 28
leaf_count=41 17 21 26 364 54 19 92 35 48 26 26 430 174 16 280 15 148 28
internal_value=9.75335e-10 -0.0848089 -0.0188151 -0.0796608 -0.00418309 0.0320389 0.104311 0.433535 1.18775 -0.0969751 0.00234747 0.146902 -0.322179 -0.0908229 -0.0512668 0.475792 -0.120228 -0.766744
internal_weight=1860 510 465 444 418 1350 850 201 83 118 649 449 200 500 484 56 428 45
internal_count=1860 510 465 444 418 1350 850 201 83 118 649 449 200 500 484 56 428 45
is_linear=0
shrinkage=0.1


Tree=64
num_leaves=19
num_cat=0
split_feature=6 6 6 9 5 1 1 7 0 2 0 5 8 4 3 1 7 5
split_gain=472.93 2705.76 2393.89 2596.66 7623.13 3817.46 3296.34 2512.27 2482.49 2431.92 1875.22 1818.54 4057.04 3944.64 3416.88 1724.89 1520.8 767.74
threshold=36.074522497870795 34.964318837563866 39.03736243902555 1.5000000000000002 51.767857142857146 143.50000000000003 93.000000000000014 0.98214285714285732 135.00000000000003 87.500000000000014 58.500000000000007 67.928571428571445 25.500000000000004 72.928571428571445 100.50000000000001 100.50000000000001 0.80357142857142871 65.982142857142875
decision_type=2 2 2 2 2 2 2 2 2 2 2 2 2 2 2 2 2 2
left_child=1 11 9 4 -4 7 -6 -5 -7 10 -2 13 14 16 -13 -11 -1 -15
right_child=2 -3 3 5 6 8 -8 -9 -10 15 -12 12 -14 17 -16 -17 -18 -19
leaf_value=-0.83572711341437833 -0.88735691308975229 1.1549264521825882 2.4424497174099091 0.039343097258587277 0.68115817062232809 0.10225356136049545 -0.50961584892678768 -0.64972281025803613 1.6342109792372761 -0.5913404583930969 0.51026725371678672 -0.11890135082714964 1.6645082950592043 -0.63012936220449567 1.1412002828386096 -1.9559271968901157 0.022869723040578716 -1.4701551765203478
leaf_weight=21 15.999999999999998 21 15.999999999999998 98 46 28 47 115 17 22 24 106 20 34 27 15.999999999999998 1170 15.999999999999998
leaf_count=21 16 21 16 98 46 28 47 115 17 22 24 106 20 34 27 16 1170 16
internal_value=1.43644e-09 0.0282777 -0.0899166 0.0170101 0.426243 -0.155883 0.0793691 -0.332688 0.680993 -0.593021 -0.0487824 0.0113052 0.336595 -0.028799 0.136909 -1.1659 0.00773074 -0.898938
internal_weight=1860 1415 445 367 109 258 93 213 45 78 40 1394 153 1241 133 38 1191 50
internal_count=1860 1415 445 367 109 258 93 213 45 78 40 1394 153 1241 133 38 1191 50
is_linear=0
shrinkage=0.1


Tree=65
num_leaves=13
num_cat=0
split_feature=3 8 4 5 4 1 1 1 2 6 6 6
split_gain=465.265 1858.75 2542.97 3019.48 2529.87 1127.28 1010.83 1007.01 935.326 2564.58 2127.9 216.494
threshold=17.500000000000004 18.500000000000004 48.357142857142868 56.017857142857146 36.928571428571438 185.00000000000003 67.500000000000014 165.00000000000003 73.000000000000014 43.615316591713814 43.458577113461985 23.770957479589704
decision_type=2 2 2 2 2 2 2 2 2 2 2 2
left_child=1 2 4 11 -1 7 -3 8 10 -10 -2 -4
right_child=5 6 3 -5 -6 -7 -8 -9 9 -11 -12 -13
leaf_value=-0.37500841442276456 0.021850044156828549 -1.3358749151229858 -0.76398457476967263 0.64405806651886777 1.1714979259829437 -0.6976056212728674 -0.22436283032099405 0.83855828603108729 0.0036097665882016735 -0.61288465116082169 0.5009267295351123 -1.2721913615862528
leaf_weight=17 1130 18 19 17 28 22 14.999999999999998 14.999999999999998 381 82 101 14.999999999999998
leaf_count=17 1130 18 19 17 28 22 15 15 381 82 101 15
internal_value=-1.27992e-09 -0.183209 0.0393459 -0.44411 0.587262 0.0136534 -0.830642 0.0228094 0.0155861 -0.105575 0.0611569 -0.988193
internal_weight=1860 129 96 51 45 1731 33 1709 1694 463 1231 34
internal_count=1860 129 96 51 45 1731 33 1709 1694 463 1231 34
is_linear=0
shrinkage=0.1


Tree=66
num_leaves=7
num_cat=0
split_feature=3 3 2 0 6 6
split_gain=470.123 864.178 961.427 966.441 2533.4 1540.29
threshold=195.00000000000003 155.00000000000003 185.00000000000003 115.00000000000001 58.494694079285388 70.233554070950291
decision_type=2 2 2 2 2 2
left_child=1 2 3 5 -5 -1
right_child=-2 -3 -4 4 -6 -7
leaf_value=0.026579212123963671 -0.50857820891671712 0.64279578753880096 0.67032738129297897 -0.37613832212828258 0.98991095622380587 -0.65357148787554575
leaf_weight=1608 18 21 21 143 14.999999999999998 34
leaf_count=1608 18 21 21 143 15 34
internal_value=2.99545e-09 0.00496982 -0.00238567 -0.010234 -0.24645 0.0124957
internal_weight=1860 1842 1821 1800 158 1642
internal_count=1860 1842 1821 1800 158 1642
is_linear=0
shrinkage=0.1


Tree=67
num_leaves=20
num_cat=0
split_feature=10 9 1 9 8 1 10 2 6 0 1 0 6 4 4 6 5 5 1
split_gain=438.188 1840.71 2055.23 1637.52 1831.83 1001.77 723.867 1679.26 1714.89 6211.92 2263.74 1387.67 1521.06 1363.54 6772.49 2153.07 1832.18 4292.23 2567.91
threshold=4.5000000000000009 5.5000000000000009 82.000000000000014 1.0000000180025095e-35 23.500000000000004 67.500000000000014 5.5000000000000009 115.00000000000001 40.221802131660027 47.500000000000007 93.000000000000014 93.000000000000014 43.366077643365401 46.857142857142868 43.928571428571438 28.987407057782608 104.05357142857144 117.32142857142858 100.50000000000001
decision_type=2 2 2 2 2 2 2 2 2 2 2 2 2 2 2 2 2 2 2
left_child=1 2 3 -1 -5 -3 7 8 10 -10 -2 -9 -13 14 -8 -16 18 -18 -15
right_child=6 5 -4 4 -6 -7 13 11 9 -11 -12 12 -14 16 15 -17 17 -19 -20
leaf_value=-0.87382486141644999 -0.0020946608554843621 -0.28548105219999947 0.84286304091413822 -0.16279523390180925 1.0358410040537516 -1.4412035751342775 -0.13714467250570958 -0.77068910168074989 1.5247711303987002 0.0096608536516098274 0.61222980826190021 0.72025707314411802 -0.64322140693664553 -0.16340338892432962 1.5374149599357656 0.12250313043594362 1.6920187150730808 -0.0845090480411754 -1.0584384638922557
leaf_weight=26 658 15.000000000000002 24 85 14.999999999999998 14.999999999999998 196 41 38 94 66 18 14.999999999999998 381 38 14.999999999999998 17 68 35
leaf_count=26 658 15 24 85 15 15 196 41 38 94 66 18 15 381 38 15 17 68 35
internal_value=-4.32965e-10 -0.148283 -0.00527142 -0.166821 0.0170002 -0.863342 0.0158875 0.0748348 0.114344 0.445829 0.0539073 -0.382188 0.100494 -0.0572072 0.134052 1.13697 -0.152264 0.270797 -0.238707
internal_weight=1860 180 150 126 100 30 1680 930 856 132 724 74 33 750 249 53 501 85 416
internal_count=1860 180 150 126 100 30 1680 930 856 132 724 74 33 750 249 53 501 85 416
is_linear=0
shrinkage=0.1


Tree=68
num_leaves=17
num_cat=0
split_feature=6 6 9 0 0 3 1 2 8 6 2 2 0 5 0 4
split_gain=431.839 2534.92 2102.53 4112.07 2937.94 3294.86 2527.66 2394.65 2384.84 1753.2 3003.57 2689.96 1577.91 1809.34 4384.96 2270.04
threshold=35.356267742555836 34.403621276621074 1.5000000000000002 47.500000000000007 135.00000000000003 82.500000000000014 18.500000000000004 49.000000000000007 15.500000000000002 45.39436695998058 115.00000000000001 93.000000000000014 121.50000000000001 67.928571428571445 93.000000000000014 78.428571428571445
decision_type=2 2 2 2 2 2 2 2 2 2 2 2 2 2 2 2
left_child=1 12 3 -2 6 8 -4 -8 -6 10 -5 -11 13 15 -15 -1
right_child=2 -3 4 9 5 -7 7 -9 -10 11 -12 -13 -14 14 -16 -17
leaf_value=0.0083184118006700194 1.3497587398246482 1.3205807680388293 0.63458349523336999 0.5965766747269714 0.23056277361783117 -0.6703332737872475 -0.99804090415277791 -0.2764003746630101 1.7826354351308611 -1.3325111928440276 -0.95396199375391011 0.38858107402920727 -0.79020280043284108 0.018512156016682997 1.2857911453435298 -0.99459078104599663
leaf_weight=1204 27 14.999999999999998 23 57 22 19 62 178 18 21 15.999999999999998 15.999999999999998 24 97 38 23
leaf_count=1204 27 15 23 57 22 19 62 178 18 21 16 16 24 97 38 23
internal_value=-1.19728e-09 0.0275798 -0.0841816 0.243938 -0.223785 0.413957 -0.366853 -0.462824 0.928995 -0.0274905 0.256733 -0.588255 0.0135863 0.02775 0.375228 -0.010481
internal_weight=1860 1401 459 137 322 59 263 240 40 110 73 37 1386 1362 135 1227
internal_count=1860 1401 459 137 322 59 263 240 40 110 73 37 1386 1362 135 1227
is_linear=0
shrinkage=0.1


Tree=69
num_leaves=18
num_cat=0
split_feature=4 7 6 3 7 8 0 4 8 4 9 6 6 6 0 2 1
split_gain=418.815 969.792 2008.27 2251.81 2014.99 1070.81 787.515 2983.76 1562.6 2129.65 994.86 3585.16 3078.89 2294.97 1782.04 1534.88 562.251
threshold=32.928571428571438 0.91071428571428592 30.395983537730213 49.000000000000007 0.98214285714285732 12.500000000000002 13.000000000000002 61.142857142857146 16.500000000000004 39.928571428571438 3.5000000000000004 56.723342861218484 45.39436695998058 42.244123831974896 115.00000000000001 93.000000000000014 47.500000000000007
decision_type=2 2 2 2 2 2 2 2 2 2 2 2 2 2 2 2 2
left_child=1 -1 3 4 -3 -5 7 8 9 -2 12 14 13 -8 -12 -14 -10
right_child=6 2 -4 5 -6 -7 10 -9 16 -11 11 -13 15 -15 -16 -17 -18
leaf_value=0.43242935745612443 0.30117426084147558 1.2002291961720115 -1.1404906669123607 -0.95351996247110693 -0.10763840891661183 -0.015886867330187845 -0.046557655361860351 1.5910715421040855 0.068807129859924321 -1.2844402968883515 0.098229089565784369 1.1962301694921085 -0.94840992266046154 0.75917250852327101 -0.41822374010086061 -0.080229107849299916 0.8977801505062315
leaf_weight=23 18 19 22 29 31 21 793 14.999999999999998 14.999999999999998 15.999999999999998 612 28 56 37 75 32 18
leaf_count=23 18 19 22 29 31 21 793 15 15 16 612 28 56 37 75 32 18
internal_value=-9.38764e-10 -0.163194 -0.275483 -0.0851814 0.389351 -0.559714 0.0137977 0.316199 0.0307797 -0.444997 -0.00138718 0.0870544 -0.0702714 -0.0106396 0.0418478 -0.632708 0.520974
internal_weight=1860 145 122 100 50 50 1715 82 67 34 1633 715 918 830 687 88 33
internal_count=1860 145 122 100 50 50 1715 82 67 34 1633 715 918 830 687 88 33
is_linear=0
shrinkage=0.1


Tree=70
num_leaves=13
num_cat=0
split_feature=3 9 0 8 1 6 3 6 3 0 6 6
split_gain=397.361 1466.08 2513.6 1320.86 1788.95 1028.83 3356.37 2140.9 1451.26 3315.86 1748 750.619
threshold=17.500000000000004 3.5000000000000004 67.500000000000014 18.500000000000004 37.500000000000007 70.233554070950291 58.500000000000007 62.559657156190774 30.500000000000004 115.00000000000001 16.110824727895697 31.154439677218118
decision_type=2 2 2 2 2 2 2 2 2 2 2 2
left_child=1 3 -3 4 -1 7 -7 8 9 -2 -10 -6
right_child=5 2 -4 -5 11 6 -8 -9 10 -11 -12 -13
leaf_value=0.56648914927528027 0.1189420856614456 -0.26386007687141161 1.2974723137915136 -1.1028894833156042 -0.24881800280676947 -1.2061700196266176 0.64862826466560364 1.1758835747838021 -0.80207493140779695 1.4449933118373157 -0.017055720674255179 -1.1310988267262778
leaf_weight=21 330 29 15.999999999999998 21 27 25 15.999999999999998 15.999999999999998 29 20 1295 14.999999999999998
leaf_count=21 330 29 16 21 27 25 16 16 29 20 1295 15
internal_value=7.85716e-10 -0.169313 0.29128 -0.416059 -0.187116 0.0126178 -0.482346 0.0246258 0.0136221 0.194716 -0.0342503 -0.563918
internal_weight=1860 129 45 84 63 1731 41 1690 1674 350 1324 42
internal_count=1860 129 45 84 63 1731 41 1690 1674 350 1324 42
is_linear=0
shrinkage=0.1


Tree=71
num_leaves=9
num_cat=0
split_feature=0 0 4 2 0 9 3 0
split_gain=382.588 1421.36 838.062 2520.84 1559.97 3446.48 1511.03 991.354
threshold=185.00000000000003 165.00000000000003 109.28571428571429 165.00000000000003 115.00000000000001 5.5000000000000009 58.500000000000007 100.50000000000001
decision_type=2 2 2 2 2 2 2 2
left_child=1 2 4 6 7 -6 -4 -1
right_child=-2 -3 3 -5 5 -7 -8 -9
leaf_value=-0.0087401645084222157 0.36037470431163393 -0.91583583446986538 1.0957515845298766 -0.97018856942653664 -0.10914127353440833 -1.8225855104128521 0.2158701068899605 0.48934404848188895
leaf_weight=1575 29 17 25 14.999999999999998 54 14.999999999999998 89 41
leaf_count=1575 29 17 25 15 54 15 89 41
internal_value=-3.61073e-09 -0.00570774 0.00282157 0.248476 -0.0159852 -0.481629 0.408827 0.00389687
internal_weight=1860 1831 1814 129 1685 69 114 1616
internal_count=1860 1831 1814 129 1685 69 114 1616
is_linear=0
shrinkage=0.1


Tree=72
num_leaves=18
num_cat=0
split_feature=6 6 3 5 5 5 1 6 9 4 5 5 4 3 8 1 2
split_gain=392.7 2071.48 2025.99 4020.02 14176.8 4464.66 3436.07 1839.23 2045.29 1402.72 1163.24 2320.55 1803.85 1763.39 1275.79 1140.19 925.095
threshold=35.356267742555836 34.403621276621074 66.500000000000014 47.785714285714292 56.267857142857146 61.535714285714299 23.000000000000004 39.690088307956508 1.0000000180025095e-35 116.42857142857143 52.553571428571438 53.178571428571438 58.428571428571438 58.500000000000007 14.500000000000002 73.000000000000014 37.500000000000007
decision_type=2 2 2 2 2 2 2 2 2 2 2 2 2 2 2 2 2
left_child=1 10 3 16 -5 -6 -4 9 -9 -8 12 -12 14 -13 -1 -14 -2
right_child=2 -3 6 4 5 -7 7 8 -10 -11 11 13 15 -15 -16 -17 -18
leaf_value=0.10022313819632898 -0.38041227052086279 1.1951461617151897 -1.7511700407663982 2.8327485060691835 -0.87655242397671662 0.31050722404967912 -0.36650494244363574 0.84426069868107645 -0.15872726548547136 -1.4566484235227108 1.3456402683258057 -0.1207456358788926 -0.73507288188983999 0.22989693740648887 -0.17334031478527029 0.13678139686584473 -1.412437765300274
leaf_weight=402 19 14.999999999999998 14.999999999999998 20 42 129 45 24 133 15.999999999999998 14.999999999999998 243 60 350 296 20 15.999999999999998
leaf_count=402 19 15 15 20 42 129 45 24 133 16 15 243 60 350 296 20 16
internal_value=2.10739e-09 0.0263003 -0.0802762 0.133046 0.313587 0.0189487 -0.287189 -0.186457 -0.00540426 -0.652444 0.0136505 0.117282 -0.0673365 0.0862104 -0.0157866 -0.517109 -0.852195
internal_weight=1860 1401 459 226 191 171 233 218 157 61 1386 608 778 593 698 80 35
internal_count=1860 1401 459 226 191 171 233 218 157 61 1386 608 778 593 698 80 35
is_linear=0
shrinkage=0.1


Tree=73
num_leaves=20
num_cat=0
split_feature=8 2 2 6 4 2 4 1 8 3 4 3 1 1 2 4 1 3 3
split_gain=397.701 1128.36 1710.13 3036.51 4255.43 1688.25 3237.97 1978.04 861.419 2256.62 2584.62 2034.25 1810.86 3183.49 2527.51 1198.78 1088.39 1544.55 860.516
threshold=6.5000000000000009 1.0000000180025095e-35 23.000000000000004 44.016268337338168 65.500000000000014 58.500000000000007 101.92857142857144 115.00000000000001 4.5000000000000009 40.500000000000007 55.571428571428577 58.500000000000007 60.500000000000007 93.000000000000014 37.500000000000007 38.214285714285722 47.500000000000007 38.500000000000007 66.500000000000014
decision_type=2 2 2 2 2 2 2 2 2 2 2 2 2 2 2 2 2 2 2
left_child=8 -2 3 4 -3 6 -4 -7 9 10 15 16 14 -14 -11 -1 17 -10 -13
right_child=1 2 5 -5 -6 7 -8 -9 11 12 -12 18 13 -15 -16 -17 -18 -19 -20
leaf_value=0.6439813612401486 0.63231141010920211 -0.33558706321886611 0.24167364191831089 -1.314690763950348 1.4151055816560985 -0.11638135755811954 -0.9719841231470524 0.34724883326777706 0.6922104816282949 1.2446256563067437 -1.0510530611446927 -1.4287436862786613 -0.72931979114101053 0.5253733445436527 0.17418906457827127 -0.23250636114201076 -0.49072427644449124 -0.38935663207717569 -0.45092535085148278
leaf_weight=20 30 105 497 25 15.999999999999998 622 23 108 31 32 35 18 42 39 71 71 34 23 18
leaf_count=20 30 105 497 25 16 622 23 108 31 32 35 18 42 39 71 71 34 23 18
internal_value=1.1994e-09 0.0255098 0.0124696 -0.311385 -0.104091 0.0502959 0.187993 -0.0477895 -0.0838179 0.00528514 -0.320755 -0.306575 0.228552 -0.125208 0.506752 -0.0398717 -0.0475148 0.231543 -0.939835
internal_weight=1860 1426 1396 146 121 1250 520 730 434 310 126 124 184 81 103 91 88 54 36
internal_count=1860 1426 1396 146 121 1250 520 730 434 310 126 124 184 81 103 91 88 54 36
is_linear=0
shrinkage=0.1


Tree=74
num_leaves=20
num_cat=0
split_feature=3 1 4 6 4 1 6 0 2 4 0 5 4 6 6 8 6 4 2
split_gain=347.984 2208.74 4183.15 6899.98 6573.79 3089.89 5569.78 4896.92 3753.73 2973.48 1957.03 1951.33 4116.11 2672.74 2404.24 2765.33 1921.56 1637.48 1586.62
threshold=72.000000000000014 89.000000000000014 68.285714285714292 38.103334196975034 85.000000000000014 135.00000000000003 38.587959279013724 67.500000000000014 87.500000000000014 74.357142857142875 82.000000000000014 69.571428571428598 71.285714285714292 33.70319872339072 36.640856596060559 19.500000000000004 39.690088307956508 82.571428571428598 73.000000000000014
decision_type=2 2 2 2 2 2 2 2 2 2 2 2 2 2 2 2 2 2 2
left_child=1 2 18 9 -5 6 7 -3 -7 -4 -8 12 13 -2 15 17 -16 -13 -1
right_child=11 5 3 4 -6 8 10 -9 -10 -11 -12 14 -14 -15 16 -17 -18 -19 -20
leaf_value=0.051217951875043258 -0.023346049178597388 -0.71230345942191231 0.63716428193908481 3.0330117791891098 0.69246576920979563 -0.66683006426867319 -0.67821102976799019 0.52610638024377043 1.2441435175159805 -0.40853498902237206 -2.0053625364303591 0.7027670772179313 -1.8439700464252384 -1.1151106151250694 -0.70209597076584662 1.2621518150875062 0.092585324369749783 -0.44545857619356233 -0.31644491648232498
leaf_weight=899 163 67 52 18 36 17 20 61 26 57 25 23 15.999999999999998 26 41 33 118 27 135
leaf_count=899 163 67 52 18 36 17 20 61 26 57 25 23 16 26 41 33 118 27 135
internal_value=-7.40251e-10 0.024328 0.0774385 0.548276 1.47265 -0.269993 -0.458556 -0.122124 0.488642 0.0903307 -1.41552 -0.0769025 -0.303911 -0.173536 0.115398 0.551654 -0.112332 0.0827252 0.00321555
internal_weight=1860 1413 1197 163 54 216 173 128 43 109 45 447 205 189 242 83 159 50 1034
internal_count=1860 1413 1197 163 54 216 173 128 43 109 45 447 205 189 242 83 159 50 1034
is_linear=0
shrinkage=0.1


Tree=75
num_leaves=16
num_cat=0
split_feature=2 1 4 8 2 1 0 4 6 3 4 6 2 4 6
split_gain=346.902 2184.02 3033.57 1842.6 1304.9 962.578 991.345 860.067 797.291 6096.73 875.713 2103.41 1120.73 629.819 592.878
threshold=23.000000000000004 93.000000000000014 68.285714285714292 3.5000000000000004 1.0000000180025095e-35 13.000000000000002 37.500000000000007 58.428571428571438 62.850969679893957 49.000000000000007 35.785714285714292 42.944791568311437 185.00000000000003 43.928571428571438 25.689508980319285
decision_type=2 2 2 2 2 2 2 2 2 2 2 2 2 2 2
left_child=1 2 3 14 -5 6 -2 13 10 -10 11 -7 -12 -8 -1
right_child=5 -3 -4 4 -6 8 7 -9 9 -11 12 -13 -14 -15 -16
leaf_value=0.15180697190134151 0.17427955941329232 -1.2792821335792544 1.056275333010632 0.31044008001204459 -0.40265943656031722 -0.069107825055809965 -0.60148547733271573 -1.165684397611767 -0.45552057027816772 2.076154923439026 0.037015160422935116 -1.2595177159589881 0.81051886960079811 0.19028666103258729 0.99281393965085352
leaf_weight=19 29 14.999999999999998 23 31 149 117 27 15.999999999999998 26 14.999999999999998 1326 17 19 15.999999999999998 14.999999999999998
leaf_count=19 29 15 23 31 149 117 27 16 26 15 1326 17 19 16 15
internal_value=-1.20225e-09 -0.109091 -0.0350284 -0.152318 -0.279848 0.0170964 -0.304459 -0.539771 0.0357127 0.470702 0.0236542 -0.22013 0.047942 -0.306873 0.522839
internal_weight=1860 252 237 214 180 1608 88 59 1520 41 1479 134 1345 43 34
internal_count=1860 252 237 214 180 1608 88 59 1520 41 1479 134 1345 43 34
is_linear=0
shrinkage=0.1


Tree=76
num_leaves=11
num_cat=0
split_feature=0 4 4 4 5 6 1 4 5 4
split_gain=363.291 2572.2 3320.02 2007.76 1349.18 1229.54 1135.64 1610.16 1148.63 1445.2
threshold=115.00000000000001 74.142857142857153 86.857142857142875 107.85714285714288 91.910714285714306 35.711600024505564 175.00000000000003 132.14285714285717 117.32142857142858 109.28571428571429
decision_type=2 2 2 2 2 2 2 2 2 2
left_child=6 -2 -3 5 -5 -4 7 8 9 -1
right_child=1 2 3 4 -6 -7 -8 -9 -10 -11
leaf_value=0.0098757861656771466 -1.122715066826862 1.4244161923726402 -0.26882345051992512 0.76228793859481814 -0.11053494927170988 -1.4324216514825823 -0.79895170015447281 1.0208779372274877 -0.70487831370397058 0.72217700029241627
leaf_weight=1601 23 14.999999999999998 21 23 77 15.999999999999998 17 15.999999999999998 22 29
leaf_count=1601 23 15 21 23 77 16 17 16 22 29
internal_value=4.34918e-10 -0.137136 0.0119976 -0.142647 0.0902143 -0.772001 0.0142426 0.0225306 0.0128613 0.0225486
internal_weight=1860 175 152 137 100 37 1685 1668 1652 1630
internal_count=1860 175 152 137 100 37 1685 1668 1652 1630
is_linear=0
shrinkage=0.1


Tree=77
num_leaves=11
num_cat=0
split_feature=5 6 0 1 5 5 6 5 5 0
split_gain=341.085 1758.61 1693.89 2127.03 1650.24 2469.19 1758.27 1607.23 1085.11 816.805
threshold=105.53571428571429 40.163881685225697 93.000000000000014 143.50000000000003 99.410714285714306 95.892857142857153 37.832256961578537 94.017857142857153 86.964285714285737 135.00000000000003
decision_type=2 2 2 2 2 2 2 2 2 2
left_child=4 -2 -3 9 5 7 -6 8 -1 -4
right_child=1 2 3 -5 6 -7 -8 -9 -10 -11
leaf_value=-0.010842167709118986 1.1404420942068101 0.92696798294782645 -1.0963963406426567 0.48214916829709653 -1.4572785258293153 1.0336381176243659 -0.10393860240777333 -0.80536710214614871 0.49243727922439579 -0.22448465661569075
leaf_weight=1626 15.999999999999998 15.999999999999998 21 27 15.999999999999998 23 24 25 44 22
leaf_count=1626 16 16 21 27 16 23 24 25 44 22
internal_value=-2.66078e-09 0.17778 -0.00131942 -0.213499 -0.0103149 0.00446879 -0.645275 -0.00949634 0.00241789 -0.650302
internal_weight=1860 102 86 70 1758 1718 40 1695 1670 43
internal_count=1860 102 86 70 1758 1718 40 1695 1670 43
is_linear=0
shrinkage=0.1


Tree=78
num_leaves=20
num_cat=0
split_feature=6 6 6 2 5 6 6 4 1 0 3 5 6 9 6 6 5 5 6
split_gain=340.241 2562.94 1400.19 3502.55 2301.07 1720.21 1460.97 2977.42 1356.9 1802.62 2116.68 1342.99 1039.39 3059.21 1808.81 960.435 875.267 798.895 1044.13
threshold=18.908884633318028 18.781434313512381 20.043504140774051 58.500000000000007 44.303571428571438 19.387281828004262 20.579238865703065 49.857142857142868 31.000000000000004 58.500000000000007 27.000000000000004 42.428571428571438 22.060615338866501 4.5000000000000009 22.255932457393239 19.493375430352824 48.232142857142868 43.196428571428577 16.97401975306332
decision_type=2 2 2 2 2 2 2 2 2 2 2 2 2 2 2 2 2 2 2
left_child=1 8 3 4 -2 -6 7 16 17 10 -10 -11 13 -8 -14 -5 -4 18 -1
right_child=2 -3 6 15 5 -7 12 -9 9 11 -12 -13 14 -15 -16 -17 -18 -19 -20
leaf_value=-0.18483360487481823 -0.66408134336056923 1.2899334017844764 0.28944221884012222 -0.59746807603275076 -0.15200446764628095 1.2979866621394953 -0.51710095731985006 1.3823516633199608 1.3576009085774423 -0.95897263420952683 0.22873856875361229 0.029790217570703603 0.93570143211455581 0.35542661201650816 -0.00057589940843172371 -1.6198081508278848 -0.59947391168680042 0.23213783096183432 -1.010031345486641
leaf_weight=46 23 17 36 17 14.999999999999998 18 126 23 20 18 98 58 21 59 1184 20 15.999999999999998 22 23
leaf_count=46 23 17 36 17 15 18 126 23 20 18 98 58 21 59 1184 20 16 22 23
internal_value=-8.81552e-10 0.0971442 -0.0188303 -0.395089 0.103747 0.6389 0.00505511 0.434966 0.0259954 0.175437 0.420071 -0.20439 -0.0181415 -0.238835 0.015741 -1.15008 0.0159296 -0.292594 -0.4599
internal_weight=1860 302 1558 93 56 33 1465 75 285 194 118 76 1390 185 1205 37 52 91 69
internal_count=1860 302 1558 93 56 33 1465 75 285 194 118 76 1390 185 1205 37 52 91 69
is_linear=0
shrinkage=0.1


Tree=79
num_leaves=16
num_cat=0
split_feature=10 0 4 1 1 4 3 5 0 7 2 5 6 5 3
split_gain=370.23 1544.96 2020 2346.31 878.509 1147.55 855.754 774.288 1547.2 1895.24 3312.92 1420.1 2205.55 1891.79 763.438
threshold=4.5000000000000009 73.000000000000014 60.642857142857146 67.500000000000014 67.500000000000014 49.857142857142868 51.000000000000007 35.785714285714292 58.500000000000007 0.98214285714285732 28.5 37.178571428571438 21.737458822065815 37.892857142857146 72.000000000000014
decision_type=2 2 2 2 2 2 2 2 2 2 2 2 2 2 2
left_child=1 2 4 -4 5 -1 -3 8 9 10 -2 12 -9 -13 -15
right_child=7 6 3 -5 -6 -7 -8 11 -10 -11 -12 13 -14 14 -16
leaf_value=-0.26741126738488674 -0.1349756592198422 -0.17876711527506511 -0.24119189648943792 1.3391468797411239 -0.79607050418853764 0.61163833266810375 -1.1891628604186211 0.049568133509677391 -0.55793179497122769 -0.35898363029255587 1.5885802563693789 1.0963789902627468 -1.452536556299995 0.045575394529298374 -0.11375564768873976
leaf_weight=68 19 14.999999999999998 17 21 21 19 19 23 15.999999999999998 17 27 15.999999999999998 17 1136 409
leaf_count=68 19 15 17 21 21 19 19 23 16 17 27 16 17 1136 409
internal_value=-3.18052e-10 -0.136301 0.00507879 0.632153 -0.215559 -0.0754349 -0.7434 0.0146036 0.320222 0.543245 0.876677 -0.000476828 -0.588826 0.0145994 0.0033965
internal_weight=1860 180 146 38 108 87 34 1680 79 63 46 1601 40 1561 1545
internal_count=1860 180 146 38 108 87 34 1680 79 63 46 1601 40 1561 1545
is_linear=0
shrinkage=0.1


Tree=80
num_leaves=20
num_cat=0
split_feature=8 7 5 8 3 2 0 0 4 7 4 3 9 4 2 3 6 8 4
split_gain=323.615 999.613 1709.91 1146.73 2055.29 1573.52 1416.36 1199.51 2597.69 1382.18 799.148 2641.7 3522.1 2276.13 1969.37 1372.24 1807.84 1103.53 1056.65
threshold=6.5000000000000009 0.8392857142857143 36.839285714285722 12.500000000000002 43.500000000000007 40.500000000000007 100.50000000000001 18.500000000000004 45.500000000000007 0.94642857142857151 45.785714285714292 58.500000000000007 5.5000000000000009 45.500000000000007 37.500000000000007 58.500000000000007 23.329374740919473 4.5000000000000009 68.285714285714292
decision_type=2 2 2 2 2 2 2 2 2 2 2 2 2 2 2 2 2 2 2
left_child=10 2 -2 4 5 -3 -6 8 -5 -9 13 18 14 15 -13 16 -1 -17 -12
right_child=1 3 -4 7 6 -7 -8 9 -10 -11 11 12 -14 -15 -16 17 -18 -19 -20
leaf_value=0.3185148794972098 -0.18238702575365698 0.89856327142355585 1.3037610091269016 -0.22106813999513786 0.086371939227569347 0.19601068221032622 -0.60218048129762924 -0.40477222894561726 1.0172197397798299 -0.029409047197197433 -0.3844242488443852 1.3723225196202598 -0.97545683004639372 0.92406284809112549 0.19779837610928908 -0.02001949018902249 -0.65083766877651217 -0.91602894152913772 -1.1499037153341554
leaf_weight=97 15.000000000000002 53 15.999999999999998 36 204 80 35 111 32 844 100 18 22 27 69 27 24 28 22
leaf_count=97 15 53 16 36 204 80 35 111 32 844 100 18 22 27 69 27 24 28 22
internal_value=-6.1948e-10 0.0230114 0.584657 0.0105304 0.160882 0.475975 -0.0144621 -0.0441431 0.361656 -0.0730376 -0.0756089 -0.202816 0.154953 0.0691438 0.440803 -0.0620085 0.126247 -0.47617 -0.522462
internal_weight=1860 1426 31 1395 372 133 239 1023 68 955 434 231 109 203 87 176 121 55 122
internal_count=1860 1426 31 1395 372 133 239 1023 68 955 434 231 109 203 87 176 121 55 122
is_linear=0
shrinkage=0.1


Tree=81
num_leaves=12
num_cat=0
split_feature=5 6 5 5 6 4 4 4 0 1 8
split_gain=353.385 1393.94 1292.74 2032.52 1428.24 1318.87 3323.56 2972.52 1292.17 1742.11 755.448
threshold=105.53571428571429 40.163881685225697 99.410714285714306 95.892857142857153 37.832256961578537 89.857142857142875 82.571428571428598 93.571428571428598 93.000000000000014 143.50000000000003 19.500000000000004
decision_type=2 2 2 2 2 2 2 2 2 2 2
left_child=2 -2 3 5 -4 6 -1 -7 -3 10 -10
right_child=1 8 4 -5 -6 7 -8 -9 9 -11 -12
leaf_value=-0.0049667658083336922 1.0380170792341232 0.8322785806842149 -1.3043266117572785 0.9363277632257212 -0.084594552218914043 -1.370356542413885 1.0094317035241562 -0.10589710979412 -0.16826518152071082 0.46575037461740004 -1.0086099910736086
leaf_weight=1520 15.999999999999998 15.999999999999998 15.999999999999998 23 24 22 33 120 23 27 20
leaf_count=1520 16 16 16 23 24 22 33 120 23 27 20
internal_value=1.44605e-10 0.180958 -0.0104993 0.00258545 -0.572487 -0.0100848 0.0165884 -0.301799 0.0215049 -0.163815 -0.559123
internal_weight=1860 102 1758 1718 40 1695 1553 142 86 70 43
internal_count=1860 102 1758 1718 40 1695 1553 142 86 70 43
is_linear=0
shrinkage=0.1


Tree=82
num_leaves=13
num_cat=0
split_feature=9 7 4 4 6 6 3 3 3 3 2 3
split_gain=322.103 1367.92 3114.72 6411.45 2764.77 2465.28 1678.09 2081.02 991.826 3312.26 992.043 1144.2
threshold=3.5000000000000004 0.98214285714285732 113.5714285714286 86.857142857142875 34.964318837563866 47.114434508872783 135.00000000000003 115.00000000000001 135.00000000000003 115.00000000000001 1.0000000180025095e-35 13.000000000000002
decision_type=2 2 2 2 2 2 2 2 2 2 2 2
left_child=8 2 3 4 -2 6 7 -3 9 10 -1 -12
right_child=1 5 -4 -5 -6 -7 -8 -9 -10 -11 11 -13
leaf_value=0.63621856229645868 0.086963307926821165 0.013385643469075026 1.5883832372725011 -1.7868232019245625 0.90147411692548884 -0.97355641501921208 0.7894919665960165 -0.90557173994871298 -0.62372765626226156 1.3637258361367619 -0.4259031625512319 -0.026751388345431809
leaf_weight=21 172 472 15.999999999999998 15.999999999999998 55 27 26 26 28 17 78 906
leaf_count=21 172 472 16 16 55 27 26 26 28 17 78 906
internal_value=1.3397e-09 0.0473798 0.236926 0.147941 0.284312 -0.041717 0.00629761 -0.0345921 -0.0365501 -0.0204631 -0.0438772 -0.0583915
internal_weight=1860 810 259 243 227 551 524 498 1050 1022 1005 984
internal_count=1860 810 259 243 227 551 524 498 1050 1022 1005 984
is_linear=0
shrinkage=0.1


Tree=83
num_leaves=9
num_cat=0
split_feature=4 5 5 5 5 4 4 6
split_gain=310.809 434.431 3278.43 2278.16 1248.74 1156.09 2716.45 569.021
threshold=149.28571428571431 101.37500000000001 98.875000000000014 95.892857142857153 94.017857142857153 103.5714285714286 114.78571428571431 43.366077643365401
decision_type=2 2 2 2 2 2 2 2
left_child=1 2 3 4 -1 -3 -7 -8
right_child=-2 5 -4 -5 -6 6 7 -9
leaf_value=0.0042500801823465205 -0.42562653282109431 0.95398973156424138 -1.3510163870122698 1.1247127171191904 -0.70777372741699229 -0.79107631681555957 0.62936373222164999 0.044549850161586496
leaf_weight=1669 17 17 18 18 25 27 41 28
leaf_count=1669 17 17 18 18 25 27 41 28
internal_value=-1.48868e-09 0.00392602 -0.00848233 0.0056331 -0.00625795 0.193894 0.0592943 0.392048
internal_weight=1860 1843 1730 1712 1694 113 96 69
internal_count=1860 1843 1730 1712 1694 113 96 69
is_linear=0
shrinkage=0.1


Tree=84
num_leaves=20
num_cat=0
split_feature=6 1 6 6 6 9 3 9 0 0 4 1 2 0 6 3 4 1 4
split_gain=301.153 1829.55 3500.37 2780.8 2459.8 1811.11 3733.78 7323.14 2301.24 2175.05 2037.4 1838.2 1577.33 1573.53 1563.26 2943.69 2054.91 1184.8 613.508
threshold=35.356267742555836 100.50000000000001 32.069312074922394 25.852095845474071 33.70319872339072 1.5000000000000002 58.500000000000007 1.0000000180025095e-35 135.00000000000003 155.00000000000003 126.42857142857143 18.500000000000004 49.000000000000007 58.500000000000007 28.224319557790405 58.500000000000007 72.928571428571445 121.50000000000001 93.571428571428598
decision_type=2 2 2 2 2 2 2 2 2 2 2 2 2 2 2 2 2 2 2
left_child=1 4 3 -3 14 6 7 -2 11 -10 -11 -7 -13 -8 16 -16 -1 -15 -5
right_child=5 2 -4 18 -6 8 13 -9 9 10 -12 12 -14 17 15 -17 -18 -19 -20
leaf_value=0.0012109375922992954 -0.09041123807430268 1.1849164152145386 1.6409773723781109 -0.87649113851435045 -1.1032427394390107 0.52751708549001941 -1.0624882370233537 2.3443897054308938 1.0726286373138429 -0.88591869262357559 0.66497398763895044 -0.84270864984681537 -0.25702844071045017 0.25156568651849576 -0.17011106954237751 0.60481375507487545 -0.58677541869027283 -0.75107423226038617 0.00094397564729054777
leaf_weight=1051 30 14.999999999999998 20 17 20 23 15.999999999999998 21 25 18 15.999999999999998 62 178 55 86 114 63 14.999999999999998 14.999999999999998
leaf_count=1051 30 15 20 17 20 23 16 21 25 18 16 62 178 55 86 114 63 15 15
internal_value=5.09724e-10 0.0230316 0.532942 0.0614374 -0.00257856 -0.0702991 0.234234 0.912154 -0.199868 0.364555 -0.156087 -0.326487 -0.408329 -0.167789 0.0141743 0.271596 -0.0320414 0.0367143 -0.465193
internal_weight=1860 1401 67 47 1334 459 137 51 322 59 34 263 240 86 1314 200 1114 70 32
internal_count=1860 1401 67 47 1334 459 137 51 322 59 34 263 240 86 1314 200 1114 70 32
is_linear=0
shrinkage=0.1


Tree=85
num_leaves=19
num_cat=0
split_feature=8 4 5 0 2 4 3 5 6 5 8 5 0 5 9 8 3 4
split_gain=323.017 915.978 2063.52 1777.3 2891.82 2315.77 826.072 4933.14 2095.95 3862.29 2544.25 1679.23 2272.09 3323.05 2217.68 1860.19 3909.1 1464.96
threshold=6.5000000000000009 113.5714285714286 86.964285714285737 73.000000000000014 49.000000000000007 54.785714285714292 66.500000000000014 41.821428571428577 36.074522497870795 69.571428571428598 7.5000000000000009 44.625000000000007 13.000000000000002 52.910714285714292 5.5000000000000009 14.500000000000002 35.000000000000007 49.857142857142868
decision_type=2 2 2 2 2 2 2 2 2 2 2 2 2 2 2 2 2 2
left_child=1 2 3 5 -5 -1 11 -8 10 -10 -9 15 13 -13 -14 16 -2 -17
right_child=6 -3 -4 4 -6 -7 7 8 9 -11 -12 12 14 -15 -16 17 -18 -19
leaf_value=-0.068041048326208081 1.2232632807322912 -0.68966116283250889 0.78753930926322946 -0.68393241405487071 0.99064025156425706 -0.78306360794576235 1.3837671773677522 -1.2435962502161662 -1.4057360529899599 -0.20288142496980266 0.094330560325256579 2.0742188564936321 0.055115682156169202 0.12543096769423712 0.66827942306796717 -0.16639147469435225 -0.37230562935857214 -0.92240581591924031
leaf_weight=281 28 23 28 14.999999999999998 33 54 22 14.999999999999998 32 161 271 14.999999999999998 555 21 66 176 34 30
leaf_count=281 28 23 28 15 33 54 22 15 32 161 271 15 555 21 66 176 34 30
internal_value=2.47534e-09 -0.075539 -0.0411721 -0.101757 0.467336 -0.183298 0.0229901 -0.080429 -0.147678 -0.402318 0.0241596 0.0790042 0.165058 0.937426 0.120283 -0.131956 0.348274 -0.276491
internal_weight=1860 434 411 383 48 335 1426 501 479 193 286 925 657 36 621 268 62 206
internal_count=1860 434 411 383 48 335 1426 501 479 193 286 925 657 36 621 268 62 206
is_linear=0
shrinkage=0.1


Tree=86
num_leaves=14
num_cat=0
split_feature=10 2 6 6 9 5 0 4 2 5 6 5 6
split_gain=338.031 1500.82 2085.54 1495.07 1186.09 576.437 1295.25 1672.59 1615.3 1136.21 1742.74 1394.69 726.427
threshold=4.5000000000000009 93.000000000000014 40.163881685225697 31.662078957068712 5.5000000000000009 35.785714285714292 58.500000000000007 29.214285714285719 28.5 37.178571428571438 21.737458822065815 37.892857142857146 17.719637567004696
decision_type=2 2 2 2 2 2 2 2 2 2 2 2 2
left_child=1 2 3 4 -1 6 7 -2 -9 10 -7 -11 -13
right_child=5 -3 -4 -5 -6 9 -8 8 -10 11 -12 12 -14
leaf_value=-0.10307157028604437 -0.30239812261179877 0.73602295418580377 -1.2743688639472515 0.7232702023104618 -0.9798624409569634 0.042151319624289224 -0.52582563618198042 0.12528354996129085 1.3485098198950292 0.94326801970601082 -1.2930841565132143 -0.24531128217328202 0.023606749457062828
leaf_weight=108 19 18 17 19 18 23 15.999999999999998 19 25 15.999999999999998 17 108 1437
leaf_count=108 19 18 17 19 18 23 16 19 25 16 17 108 1437
internal_value=-1.38096e-10 -0.130239 -0.22649 -0.103635 -0.228327 0.0139542 0.27765 0.481707 0.820298 0.000942298 -0.525324 0.0144277 0.0048086
internal_weight=1860 180 162 145 126 1680 79 63 44 1601 40 1561 1545
internal_count=1860 180 162 145 126 1680 79 63 44 1601 40 1561 1545
is_linear=0
shrinkage=0.1


Tree=87
num_leaves=14
num_cat=0
split_feature=4 6 9 0 2 9 3 2 0 4 6 9 0
split_gain=301.07 472.608 2539.69 4117.81 4102.22 3016.25 3137.14 1515.08 1378.15 1020.09 2156.64 700.329 640.221
threshold=149.28571428571431 42.244123831974896 1.5000000000000002 47.500000000000007 93.000000000000014 3.5000000000000004 58.500000000000007 121.50000000000001 73.000000000000014 124.0714285714286 40.163881685225697 1.5000000000000002 93.000000000000014
decision_type=2 2 2 2 2 2 2 2 2 2 2 2 2
left_child=1 7 3 -3 -5 8 -7 9 -4 10 -1 -9 -13
right_child=-2 2 5 4 -6 6 -8 11 -10 -11 -12 12 -14
leaf_value=0.0087643049194169702 -0.41890526299967484 1.8597591108828784 -0.2407918523759284 -0.62941198447453128 1.2457392317056657 -0.30180458830935614 0.7158035146467614 -1.1432115316390992 -1.1481400141349205 0.6611196331355883 -0.77461753322018523 -0.75088382661342612 0.15848531405131022
leaf_weight=1475 17 20 47 28 20 56 66 14.999999999999998 26 23 36 16.000000000000004 14.999999999999998
leaf_count=1475 17 20 47 28 20 56 66 15 26 23 36 16 15
internal_value=-2.66646e-09 0.00386402 0.127983 0.654212 0.151901 -0.0555225 0.248705 -0.0167963 -0.563957 0.000160932 -0.00989999 -0.582283 -0.310867
internal_weight=1860 1843 263 68 48 195 122 1580 73 1534 1511 46 31
internal_count=1860 1843 263 68 48 195 122 1580 73 1534 1511 46 31
is_linear=0
shrinkage=0.1


Tree=88
num_leaves=8
num_cat=0
split_feature=0 0 2 0 5 6 4
split_gain=307.307 858.15 575.724 1109.41 1016.11 1707.21 992.632
threshold=185.00000000000003 165.00000000000003 175.00000000000003 100.50000000000001 105.53571428571429 40.408462777430891 126.42857142857143
decision_type=2 2 2 2 2 2 2
left_child=1 2 4 -4 6 -6 -1
right_child=-2 -3 3 -5 5 -7 -8
leaf_value=0.0022998326537613666 0.32297953079486719 -0.71229815570747157 0.13419173254686242 -1.0457213445504505 1.2246298467119536 0.082650371671964734 -0.72453399927992568
leaf_weight=1697 29 17 17 14.999999999999998 18 48 19
leaf_count=1697 29 17 17 15 18 48 19
internal_value=1.15013e-09 -0.00511546 0.00151194 -0.418893 0.00906129 0.394099 -0.00574786
internal_weight=1860 1831 1814 32 1782 66 1716
internal_count=1860 1831 1814 32 1782 66 1716
is_linear=0
shrinkage=0.1


Tree=89
num_leaves=15
num_cat=0
split_feature=8 7 5 4 5 4 0 8 3 6 0 0 9 0
split_gain=298.852 845.305 1297.37 832.807 1829.22 1530.99 1478.39 813.009 1531.02 1356.46 1115.18 811.157 3605.63 2533.56
threshold=6.5000000000000009 0.8392857142857143 36.839285714285722 113.5714285714286 86.964285714285737 69.857142857142875 73.000000000000014 12.500000000000002 43.500000000000007 28.650159342695041 73.000000000000014 135.00000000000003 2.5000000000000004 115.00000000000001
decision_type=2 2 2 2 2 2 2 2 2 2 2 2 2 2
left_child=3 2 -2 4 5 6 -1 8 9 -3 -10 13 -13 -9
right_child=1 7 -4 -5 -6 -7 -8 11 10 -11 -12 12 -14 -15
leaf_value=-0.12001048187725245 -0.12954508821169533 0.24800792053552734 1.1649724006652833 -0.65823607133782436 0.74035767934152064 -0.90682719322768135 0.51778436833765451 -0.023370812677217096 0.15678329277707606 1.0419609499750313 -0.28715020011624565 -0.50718486728491607 1.085704581340154 -0.83623643323779118
leaf_weight=320 15.000000000000002 106 15.999999999999998 23 28 22 41 926 147 27 92 27 30 40
leaf_count=320 15 106 16 23 28 22 41 926 147 27 92 27 30 40
internal_value=6.0586e-10 0.0221135 0.538593 -0.0726585 -0.039889 -0.0969305 -0.0475739 0.0106361 0.137234 0.409186 -0.0141032 -0.0353995 0.331178 -0.0570298
internal_weight=1860 1426 31 434 411 383 361 1395 372 133 239 1023 57 966
internal_count=1860 1426 31 434 411 383 361 1395 372 133 239 1023 57 966
is_linear=0
shrinkage=0.1


Tree=90
num_leaves=16
num_cat=0
split_feature=10 0 4 9 9 7 7 6 6 6 0 6 6 6 6
split_gain=285.449 1378.51 1798.13 1951.77 712.288 640.177 585.962 497.528 841.928 1696.34 1135.34 1112.08 946.56 1357.72 1234.22
threshold=4.5000000000000009 73.000000000000014 60.642857142857146 3.5000000000000004 1.0000000180025095e-35 0.98214285714285732 0.98214285714285732 15.768328712266621 17.719637567004696 18.908884633318028 58.500000000000007 20.043504140774051 16.97401975306332 17.12484171391311 16.667515228299539
decision_type=2 2 2 2 2 2 2 2 2 2 2 2 2 2 2
left_child=1 2 4 -4 -1 -3 -6 -2 12 10 -10 -11 14 -14 -9
right_child=7 5 3 -5 6 -7 -8 8 9 11 -12 -13 13 -15 -16
leaf_value=-0.76855301823880939 0.48525020534341989 -0.23290214836597445 -0.11117569591457908 1.3221762393650256 -0.4069203461684725 -1.1022494246562322 0.11936642559511322 -0.31317517509063086 0.68887947890306678 -0.37894211790046178 0.024687075411731547 0.019210084620656084 -1.3307665847241879 -0.23264502294753731 0.53195819170386704
leaf_weight=18 22 15.999999999999998 19 19 34 18 56 48 62 74 44 1349 15.999999999999998 38 27
leaf_count=18 22 16 19 19 34 18 56 48 62 74 44 1349 16 38 27
internal_value=-1.32068e-09 -0.119681 0.013865 0.6055 -0.194303 -0.693145 -0.079453 0.012823 0.00655436 0.0272527 0.413177 -0.00149495 -0.238778 -0.558014 -0.00892716
internal_weight=1860 180 146 38 108 34 90 1680 1658 1529 106 1423 129 54 75
internal_count=1860 180 146 38 108 34 90 1680 1658 1529 106 1423 129 54 75
is_linear=0
shrinkage=0.1


Tree=91
num_leaves=17
num_cat=0
split_feature=4 1 4 6 4 9 0 3 6 9 7 5 2 2 8 5
split_gain=276.886 863.601 1032.04 3013.21 6958.66 1208.77 647.614 3381.49 1086.04 564.292 1093.56 1193.19 1664.98 1385.66 1142.65 429.972
threshold=32.928571428571438 9.0000000000000018 37.857142857142868 24.323013882311212 35.785714285714292 5.5000000000000009 13.000000000000002 49.000000000000007 45.39436695998058 1.0000000180025095e-35 0.98214285714285732 39.678571428571438 49.000000000000007 23.000000000000004 9.5000000000000018 35.678571428571438
decision_type=2 2 2 2 2 2 2 2 2 2 2 2 2 2 2 2
left_child=9 -2 3 5 -5 -3 7 -4 -8 -1 11 13 -13 -11 -12 -16
right_child=1 2 6 4 -6 -7 8 -9 -10 10 14 12 -14 -15 15 -17
leaf_value=-0.640705985144565 -0.58443070004383724 -0.15416025530408931 1.3057319814508612 -0.17183297307867754 2.7094092082977297 0.77334717722500068 0.012112719986481682 -0.25212035759499202 -0.27409252134107409 -0.10057460784912109 0.36564288735389711 0.51151095390319812 -0.97844780127207442 1.1708839777112008 -1.0554169321060181 -0.39969475686550143
leaf_weight=19 24 81 22 19 14.999999999999998 17 1352 38 147 14.999999999999998 15.999999999999998 15.000000000000002 14.999999999999998 20 14.999999999999998 30
leaf_count=19 24 81 22 19 15 17 1352 38 147 15 16 15 15 20 15 30
internal_value=3.48082e-09 0.0112188 0.0196727 0.288153 1.0993 0.00673389 -0.00305944 0.319092 -0.0159541 -0.132691 -0.0560857 0.229308 -0.233468 0.625973 -0.360194 -0.618269
internal_weight=1860 1715 1691 132 34 98 1559 60 1499 145 126 65 30 35 61 45
internal_count=1860 1715 1691 132 34 98 1559 60 1499 145 126 65 30 35 61 45
is_linear=0
shrinkage=0.1


Tree=92
num_leaves=18
num_cat=0
split_feature=6 5 6 3 1 5 2 6 6 4 1 0 0 6 6 6 9
split_gain=278.682 2183.83 3861.34 2152.25 1434.32 2782.16 2732.47 1409.82 2048.48 1980.45 3213.05 2095.54 2186.15 1866.53 1373.44 1071.1 797.444
threshold=42.244123831974896 51.125000000000007 43.615316591713814 82.500000000000014 89.000000000000014 59.875000000000007 87.500000000000014 36.074522497870795 34.964318837563866 107.85714285714288 121.50000000000001 82.000000000000014 60.500000000000007 39.690088307956508 33.70319872339072 28.224319557790405 3.5000000000000004
decision_type=2 2 2 2 2 2 2 2 2 2 2 2 2 2 2 2 2
left_child=7 -2 3 -3 5 -4 -6 8 14 11 16 12 -9 -13 15 -1 -11
right_child=1 2 4 -5 6 -7 -8 9 -10 10 -12 13 -14 -15 -16 -17 -18
leaf_value=-0.02599269522420938 0.98387944898009305 1.834647534042597 -0.64903793471890525 0.26050746503629185 -1.1291173397045997 0.38799659077857818 -0.030497054926684648 -0.54782136206356991 0.99626315562498002 1.1983532401919366 -0.68260768044453402 -0.47881674236721461 0.7859053909778595 -1.939954722628874 -0.782667960124937 0.21013292198702371 0.23380629755556584
leaf_weight=1141 25 15.999999999999998 37 19 36 86 61 53 21 20 26 18 15.999999999999998 17 22 231 14.999999999999998
leaf_count=1141 25 16 37 19 36 86 61 53 21 20 26 18 16 17 22 231 15
internal_value=6.20882e-11 0.0919491 0.00450495 0.980114 -0.150706 0.0760431 -0.438232 -0.0162948 0.0159617 -0.292919 0.159449 -0.55825 -0.238551 -1.18851 0.00119393 0.0137631 0.784976
internal_weight=1860 280 255 35 220 123 97 1580 1415 165 61 104 69 35 1394 1372 35
internal_count=1860 280 255 35 220 123 97 1580 1415 165 61 104 69 35 1394 1372 35
is_linear=0
shrinkage=0.1


Tree=93
num_leaves=20
num_cat=0
split_feature=8 8 4 5 4 1 9 1 1 6 8 1 9 7 5 9 2 9 4
split_gain=304.488 1366.61 2289.3 2715.01 1881.89 952.265 1402.05 2666.78 2109.44 3368.18 2155.89 1066.82 930.747 912.402 939.791 926.399 2081.05 1777.11 884.422
threshold=9.5000000000000018 12.500000000000002 41.571428571428577 94.607142857142875 140.71428571428575 58.500000000000007 1.5000000000000002 89.000000000000014 89.000000000000014 31.662078957068712 1.5000000000000002 60.500000000000007 5.5000000000000009 0.8392857142857143 36.839285714285722 1.5000000000000002 18.500000000000004 1.0000000180025095e-35 68.285714285714292
decision_type=2 2 2 2 2 2 2 2 2 2 2 2 2 2 2 2 2 2 2
left_child=5 2 -2 12 -5 18 7 11 10 -10 -8 -7 -4 14 -3 17 -17 -15 -1
right_child=1 13 3 4 -6 6 8 -9 9 -11 -12 -13 -14 15 -16 16 -18 -19 -20
leaf_value=0.0060001541963881919 -0.4632682439158945 -0.049668379624684643 0.60096326779804377 -0.70850828937920074 0.58090056557404368 -0.55415775060653683 -0.73486480496146467 0.16061488485336306 -1.2713893213309349 0.13863296442561679 0.35383878083456133 -1.669786205291748 1.429392433911562 -0.12834267054332069 1.0521011769771575 -0.80314228412432564 -0.052213827276594252 0.36088504302221658 0.64661835496840281
leaf_weight=342 34 15.000000000000002 89 28 19 14.999999999999998 22 25 32 36 105 20 15.999999999999998 148 15.999999999999998 39 687 149 23
leaf_count=342 34 15 89 28 19 15 22 25 32 36 105 20 16 148 16 39 687 149 23
internal_value=2.07044e-10 0.0286097 0.278515 0.44444 -0.187258 -0.0572195 -0.205492 -0.628212 -0.0754237 -0.524907 0.165244 -1.19166 0.7272 -0.0154912 0.518987 -0.0316875 -0.092553 0.117095 0.0463679
internal_weight=1860 1240 186 152 47 620 255 60 195 68 127 35 105 1054 31 1023 726 297 365
internal_count=1860 1240 186 152 47 620 255 60 195 68 127 35 105 1054 31 1023 726 297 365
is_linear=0
shrinkage=0.1


Tree=94
num_leaves=13
num_cat=0
split_feature=3 8 1 5 5 6 5 0 6 6 6 3
split_gain=292.087 1334.1 2155.98 2112.48 1316.23 2675.36 936.991 889.125 1434.36 1879.15 1434.33 1259.9
threshold=17.500000000000004 18.500000000000004 37.500000000000007 40.339285714285715 54.946428571428577 20.689636837371122 63.232142857142868 185.00000000000003 70.233554070950291 62.559657156190774 81.116043082102507 27.000000000000004
decision_type=2 2 2 2 2 2 2 2 2 2 2 2
left_child=1 2 3 -1 5 -4 -3 8 9 11 -10 -2
right_child=7 6 4 -5 -6 -7 -8 -9 10 -11 -12 -13
leaf_value=-0.20125790834426882 0.31362224796680904 -1.1800932857725355 0.27058005332946777 1.3403440099954604 0.36433199581347014 -1.3571529251077903 -0.10994775076707204 0.61524531133472926 -1.1579561301640102 1.0946749068796635 0.077655551012824564 -0.019041425395365866
leaf_weight=15.999999999999998 123 18 18 20 19 23 14.999999999999998 24 21 15.999999999999998 17 1530
leaf_count=16 123 18 18 20 19 23 15 24 21 16 17 1530
internal_value=-1.54581e-09 -0.145162 0.0433853 0.655188 -0.323696 -0.642538 -0.693663 0.010818 0.00231987 0.0161516 -0.605182 0.00571213
internal_weight=1860 129 96 36 60 41 33 1731 1707 1669 38 1653
internal_count=1860 129 96 36 60 41 33 1731 1707 1669 38 1653
is_linear=0
shrinkage=0.1


Tree=95
num_leaves=8
num_cat=0
split_feature=0 1 1 3 4 3 3
split_gain=306.268 470.32 868.912 2042.42 2014.02 1057.07 1794.02
threshold=205.00000000000003 185.00000000000003 135.00000000000003 95.000000000000014 122.14285714285715 195.00000000000003 155.00000000000003
decision_type=2 2 2 2 2 2 2
left_child=1 2 5 4 -4 6 -1
right_child=-2 -3 3 -5 -6 -7 -8
leaf_value=-0.0062029859321596839 -0.43562670350074773 -0.44559329540833181 1.4411520605737513 -0.39496581295262212 0.072020780401570464 -0.83981626545389487 1.0921665033698083
leaf_weight=1725 15.999999999999998 23 22 23 21 14.999999999999998 14.999999999999998
leaf_count=1725 16 23 22 23 21 15 15
internal_value=-1.17822e-09 0.00377984 0.00945561 0.36566 0.772507 -0.00394011 0.00326572
internal_weight=1860 1844 1821 66 43 1755 1740
internal_count=1860 1844 1821 66 43 1755 1740
is_linear=0
shrinkage=0.1


Tree=96
num_leaves=20
num_cat=0
split_feature=2 1 5 6 6 0 2 4 4 10 5 6 0 5 6 2 0 7 1
split_gain=311.052 1819.19 2444.7 1771.32 2556.42 1545.56 1087.14 2458.95 1737.83 1177.07 1004.77 4657.33 3199.2 2738.65 2050.95 6855.76 2041.81 1853.89 1737
threshold=73.000000000000014 67.500000000000014 55.410714285714292 28.322162394315939 25.172191932729532 31.000000000000004 93.000000000000014 65.857142857142875 72.785714285714292 5.5000000000000009 63.375000000000007 24.569650535589698 121.50000000000001 65.017857142857153 47.984239542336589 49.000000000000007 121.50000000000001 0.91071428571428592 67.500000000000014
decision_type=2 2 2 2 2 2 2 2 2 2 2 2 2 2 2 2 2 2 2
left_child=10 6 -3 4 -4 -5 8 -8 9 -2 12 13 14 -12 -1 -16 17 -13 -15
right_child=1 2 3 5 -6 -7 7 -9 -10 -11 11 16 -14 18 15 -17 -18 -19 -20
leaf_value=-0.024248789818689775 0.00042367441498714943 1.0226757810115814 0.17196008761723836 -0.81880576275289063 -1.0039909149471082 0.19962481323475112 -0.41225525486469272 0.85640235597437087 -1.4545969924506021 -0.7273285847763683 1.777646628856659 0.63308569766857015 -1.3050345019290324 -0.4055381167928378 -0.47227779652761381 2.094638736624467 0.76515703972043658 -0.26077250559221615 1.0339811375266628
leaf_weight=1009 46 25 36 15.999999999999998 38 217 50 22 17 43 25 27 19 14.999999999999998 23 19 29 165 19
leaf_count=1009 46 25 36 16 38 217 50 22 17 43 25 27 19 15 23 19 29 165 19
internal_value=-1.27181e-09 -0.0665337 0.0717575 -0.00567883 -0.431907 0.12969 -0.32447 -0.0246099 -0.528149 -0.351187 0.025135 0.193783 -0.0189971 0.983114 0.00425187 0.688946 -0.0169439 -0.135074 0.398899
internal_weight=1860 510 332 307 74 233 178 72 106 89 1350 280 1070 59 1051 42 221 192 34
internal_count=1860 510 332 307 74 233 178 72 106 89 1350 280 1070 59 1051 42 221 192 34
is_linear=0
shrinkage=0.1


Tree=97
num_leaves=20
num_cat=0
split_feature=8 2 2 8 6 2 4 1 10 4 6 5 4 9 4 6 3 9 8
split_gain=254.944 835.422 784.764 2046.09 2786.94 1203.72 2052.21 1251.06 1048.55 731.062 1878.65 2308.8 1796.55 1395.1 2061.68 1901.64 1219.89 1390.69 811.195
threshold=6.5000000000000009 1.0000000180025095e-35 23.000000000000004 16.500000000000004 29.18754148265899 58.500000000000007 101.92857142857144 23.000000000000004 5.5000000000000009 45.785714285714292 23.457552043507821 41.767857142857146 45.500000000000007 3.5000000000000004 59.785714285714292 35.711600024505564 58.500000000000007 4.5000000000000009 4.5000000000000009
decision_type=2 2 2 2 2 2 2 2 2 2 2 2 2 2 2 2 2 2 2
left_child=9 -2 3 4 -3 6 -4 -7 -5 12 11 -11 16 15 -15 -12 17 -1 -18
right_child=1 2 5 8 -6 7 -8 -9 -10 10 13 -13 -14 14 -16 -17 18 -19 -20
leaf_value=-0.058020730251851296 0.54255028605461131 -0.11722968661536773 0.19383421706211879 0.48468377617902542 -1.3871952092206037 -0.50660941644148394 -0.77237272988195005 -0.010625787948706637 -0.30165765253560889 0.2922805815935135 -0.031099965470501142 -1.1454245006715931 0.83087201250924003 0.42710262537002563 -0.70993680395185954 0.98529670387506485 -0.044581836903536759 0.73615315412652915 -0.81279749966093484
leaf_weight=92 30 48 497 43 27 55 23 675 28 15.999999999999998 79 37 27 23 52 24 27 29 28
leaf_count=92 30 48 497 43 27 55 23 675 28 16 79 37 27 23 52 24 27 29 28
internal_value=7.63234e-10 0.0204245 0.00920401 -0.21018 -0.574417 0.0348281 0.151098 -0.0479944 0.174577 -0.067109 -0.188776 -0.7114 0.0713401 -0.0331637 -0.361245 0.20573 -0.045179 0.132318 -0.435673
internal_weight=1860 1426 1396 146 75 1250 520 730 71 434 231 53 203 178 75 103 176 121 55
internal_count=1860 1426 1396 146 75 1250 520 730 71 434 231 53 203 178 75 103 176 121 55
is_linear=0
shrinkage=0.1


Tree=98
num_leaves=14
num_cat=0
split_feature=10 6 8 0 0 6 6 1 4 4 4 4 8
split_gain=233.93 1541.25 1337.46 1146.43 2997.94 2882.61 2498.59 1565.06 1492.47 1084.57 1229.79 4125.39 1108.75
threshold=5.5000000000000009 75.32108985303006 1.0000000180025095e-35 115.00000000000001 100.50000000000001 29.839141107001545 36.640856596060559 89.000000000000014 89.857142857142875 140.71428571428575 46.857142857142868 45.500000000000007 19.500000000000004
decision_type=2 2 2 2 2 2 2 2 2 2 2 2 2
left_child=1 3 -2 4 8 -5 -7 -6 -1 10 11 -4 -12
right_child=2 -3 9 5 7 6 -8 -9 -10 -11 12 -13 -14
leaf_value=0.049161083175469258 0.67598842430114747 0.92206725995791583 -0.05008556760508906 -1.5884774780273438 0.20501766125361126 0.80403444779955824 -0.42184404452641805 1.5714313914901332 -0.41833140711627292 0.62345380512150861 -0.30537602435346295 1.2819070540941679 0.017675353461943037
leaf_weight=885 25 19 220 14.999999999999998 14.999999999999998 23 60 19 74 22 289 26 168
leaf_count=885 25 19 220 15 15 23 60 19 74 22 289 26 168
internal_value=1.30881e-09 0.0291511 -0.0431437 0.0136008 0.0458041 -0.312704 -0.0821428 0.968602 0.0130876 -0.0679413 -0.0895782 0.0906941 -0.186618
internal_weight=1860 1110 750 1091 993 98 83 34 959 725 703 246 457
internal_count=1860 1110 750 1091 993 98 83 34 959 725 703 246 457
is_linear=0
shrinkage=0.1


Tree=99
num_leaves=7
num_cat=0
split_feature=6 6 6 6 9 6
split_gain=278.281 823.341 726.921 657.299 2471.11 695.269
threshold=82.080721311557141 75.32108985303006 69.19206806770417 56.723342861218484 2.5000000000000004 50.777123985320195
decision_type=2 2 2 2 2 2
left_child=1 2 3 5 -5 -1
right_child=-2 -3 -4 4 -6 -7
leaf_value=0.0034901036383597019 -0.42898067156473796 0.61158587065610026 -0.63619380195935571 -0.48387705504894263 1.2770901951719733 -0.43459156300570517
leaf_weight=1736 14.999999999999998 22 18 14.999999999999998 17 37
leaf_count=1736 15 22 18 15 17 37
internal_value=1.1982e-10 0.00348765 -0.00385089 0.00245502 0.451637 -0.00565204
internal_weight=1860 1845 1823 1805 32 1773
internal_count=1860 1845 1823 1805 32 1773
is_linear=0
shrinkage=0.1


Tree=100
num_leaves=9
num_cat=0
split_feature=4 0 8 0 4 8 6 0
split_gain=300.652 399.421 465.957 1643.73 1764.89 1030.28 1376.25 952.906
threshold=149.28571428571431 185.00000000000003 28.500000000000004 67.500000000000014 78.428571428571445 27.500000000000004 43.615316591713814 115.00000000000001
decision_type=2 2 2 2 2 2 2 2
left_child=1 2 5 -4 -5 7 -7 -1
right_child=-2 -3 3 4 -6 6 -8 -9
leaf_value=0.013345430305267367 -0.41861423814997956 0.40085141086578374 0.41225632916797289 0.0076141768380215292 -1.355390817240665 0.75709597957439911 -0.32107235263375677 -0.29359127868794732
leaf_weight=1594 17 25 22 19 19 39 17 108
leaf_count=1594 17 25 22 19 19 39 17 108
internal_value=-1.44405e-09 0.00386133 -0.00159783 -0.275635 -0.673888 0.00775499 0.429795 -0.00613116
internal_weight=1860 1843 1818 60 38 1758 56 1702
internal_count=1860 1843 1818 60 38 1758 56 1702
is_linear=0
shrinkage=0.1


Tree=101
num_leaves=11
num_cat=0
split_feature=5 5 6 4 6 0 0 0 6 5
split_gain=264.855 4029.4 1988.67 1770.23 1360.86 1280.19 1113.24 2041.01 2035.43 979.106
threshold=69.571428571428598 71.250000000000014 62.850969679893957 87.857142857142875 56.196968952703855 29.500000000000004 82.000000000000014 93.000000000000014 31.662078957068712 65.660714285714292
decision_type=2 2 2 2 2 2 2 2 2 2
left_child=2 -2 3 4 9 -3 8 -8 -7 -1
right_child=1 5 -4 -5 -6 6 7 -9 -10 -11
leaf_value=0.011010696658499162 1.3006970963478091 -0.80823915004730229 0.82890612196039271 -0.83942382048677511 -0.93854257613420489 -0.29113348018378021 -0.75611628741025927 0.026380855694413188 0.47946553610333614 -0.3435462422489402
leaf_weight=1264 25 19 27 27 15.999999999999998 50 40 200 109 83
leaf_count=1264 25 19 27 27 16 50 40 200 109 83
internal_value=-2.14104e-09 0.0674887 -0.0210991 -0.03761 -0.0217267 -0.00626783 0.0319213 -0.104035 0.237139 -0.0108365
internal_weight=1860 443 1417 1390 1363 418 399 240 159 1347
internal_count=1860 443 1417 1390 1363 418 399 240 159 1347
is_linear=0
shrinkage=0.1


Tree=102
num_leaves=7
num_cat=0
split_feature=6 6 6 6 3 0
split_gain=252.254 590.004 782.474 649.489 2018.11 567.561
threshold=82.080721311557141 75.32108985303006 69.19206806770417 56.723342861218484 49.000000000000007 195.00000000000003
decision_type=2 2 2 2 2 2
left_child=1 2 3 5 -5 -1
right_child=-2 -3 -4 4 -6 -7
leaf_value=0.00099116613251975009 -0.40842767079671227 0.51808805140582004 -0.65895238055123229 -0.29580836927189547 1.2955822706222535 -0.59730289280414584
leaf_weight=1757 14.999999999999998 22 18 17 14.999999999999998 15.999999999999998
leaf_count=1757 15 22 18 17 15 16
internal_value=1.94126e-09 0.00332055 -0.00289167 0.00365076 0.450156 -0.00440799
internal_weight=1860 1845 1823 1805 32 1773
internal_count=1860 1845 1823 1805 32 1773
is_linear=0
shrinkage=0.1


Tree=103
num_leaves=8
num_cat=0
split_feature=4 0 2 0 5 0 0
split_gain=280.353 370.22 401.261 772.416 681.576 2135.97 1062.98
threshold=149.28571428571431 185.00000000000003 175.00000000000003 89.000000000000014 118.39285714285715 121.50000000000001 143.50000000000003
decision_type=2 2 2 2 2 2 2
left_child=1 2 4 -4 6 -6 -1
right_child=-2 -3 3 -5 5 -7 -8
leaf_value=0.0056872447750615307 -0.40423571642707379 0.38593165683746339 0.12509203031659125 -0.87375923077265427 -0.1405525301511471 1.3579477500915527 -0.58515623461815625
leaf_weight=1715 17 25 16.000000000000004 14.999999999999998 26 14.999999999999998 31
leaf_count=1715 17 25 16 15 26 15 31
internal_value=1.3369e-10 0.00372871 -0.00152711 -0.358223 0.00466068 0.407679 -0.0048031
internal_weight=1860 1843 1818 31 1787 41 1746
internal_count=1860 1843 1818 31 1787 41 1746
is_linear=0
shrinkage=0.1


Tree=104
num_leaves=13
num_cat=0
split_feature=3 4 0 1 0 2 5 0 6 6 6 3
split_gain=245.797 1217.78 2166.59 1973.29 1168.47 1101.75 883.852 622.967 1325.15 1459.68 1275.72 1009.7
threshold=17.500000000000004 48.357142857142868 47.500000000000007 93.000000000000014 73.000000000000014 49.000000000000007 50.642857142857146 185.00000000000003 70.233554070950291 62.559657156190774 81.116043082102507 27.000000000000004
decision_type=2 2 2 2 2 2 2 2 2 2 2 2
left_child=1 2 5 4 6 -1 -3 8 9 11 -10 -2
right_child=7 3 -4 -5 -6 -7 -8 -9 10 -11 -12 -13
leaf_value=0.24812630053609608 0.28255094327941171 -0.76408396051043559 1.0886346151954249 0.59111622199416158 -1.2596268560205188 -0.88561798413594561 0.20586204458685484 0.51585920850435896 -1.1024238787946248 0.96666053570806987 0.062870038256925706 -0.015255391505680786
leaf_weight=20 123 21 19 15.999999999999998 21 14.999999999999998 17 24 21 15.999999999999998 17 1530
leaf_count=20 123 21 19 16 21 15 17 24 21 16 17 1530
internal_value=-1.67155e-09 -0.133164 0.228932 -0.393872 -0.660988 -0.237764 -0.330161 0.0099238 0.00281047 0.0161052 -0.581108 0.00690443
internal_weight=1860 129 54 75 59 35 38 1731 1707 1669 38 1653
internal_count=1860 129 54 75 59 35 38 1731 1707 1669 38 1653
is_linear=0
shrinkage=0.1


Tree=105
num_leaves=9
num_cat=0
split_feature=0 5 5 1 5 1 2 3
split_gain=254.232 375.221 3188.37 1749.96 1419.45 1411.53 1613.48 1058.19
threshold=205.00000000000003 69.571428571428598 71.250000000000014 121.50000000000001 68.250000000000014 185.00000000000003 37.500000000000007 72.000000000000014
decision_type=2 2 2 2 2 2 2 2
left_child=1 3 -3 4 7 6 -4 -1
right_child=-2 2 5 -5 -6 -7 -8 -9
leaf_value=0.013272150997356111 -0.39689818918704989 1.1811462676525115 0.78789698119674423 1.0183630049228669 -0.96990294158458712 -0.87431622042375468 -2.1743561907861774e-05 -0.23652120813388719
leaf_weight=1182 15.999999999999998 25 28 15.999999999999998 15.999999999999998 17 362 198
leaf_count=1182 16 25 28 16 16 17 362 198
internal_value=-8.04843e-10 0.0034438 0.0849966 -0.0215072 -0.0334255 0.0176655 0.0565468 -0.0225678
internal_weight=1860 1844 432 1412 1396 407 390 1380
internal_count=1860 1844 432 1412 1396 407 390 1380
is_linear=0
shrinkage=0.1


Tree=106
num_leaves=11
num_cat=0
split_feature=5 5 9 5 6 5 1 4 4 8
split_gain=254.69 760.898 2480.06 806.529 2233.31 824.482 720.174 600.75 360.775 274.467
threshold=32.678571428571438 35.785714285714292 3.5000000000000004 37.178571428571438 26.291997444144098 37.892857142857146 29.500000000000004 37.214285714285722 46.071428571428577 14.500000000000002
decision_type=2 2 2 2 2 2 2 2 2 2
left_child=6 2 7 4 9 -5 -1 -2 -7 -3
right_child=1 3 -4 5 -6 8 -8 -9 -10 -11
leaf_value=0.312102705637614 0.14111260238446688 0.34951950889080763 1.026441535250894 0.6596779230393861 -1.4221234424908955 0.074517542930801262 -0.55210055477089348 -0.70545960267384844 -0.030398790156573565 -0.23621411323547364
leaf_weight=14.999999999999998 19 15.999999999999998 29 19 14.999999999999998 445 27 14.999999999999998 1244 15.999999999999998
leaf_count=15 19 16 29 19 15 445 27 15 1244 16
internal_value=1.29759e-09 0.00562441 0.34708 -0.00663298 -0.415297 0.00461247 -0.243457 -0.232375 -0.00275654 0.0566527
internal_weight=1860 1818 63 1755 47 1708 42 34 1689 32
internal_count=1860 1818 63 1755 47 1708 42 34 1689 32
is_linear=0
shrinkage=0.1


Tree=107
num_leaves=15
num_cat=0
split_feature=8 7 8 4 5 9 0 0 4 0 6 4 4 5
split_gain=263.116 836.605 855.298 1214.6 2637.82 789.293 1915.78 1612.93 683.856 1488.61 2108.41 1993.35 626.799 287.693
threshold=6.5000000000000009 0.8392857142857143 12.500000000000002 37.214285714285722 50.642857142857146 1.5000000000000002 135.00000000000003 18.500000000000004 113.5714285714286 100.50000000000001 34.964318837563866 56.928571428571438 45.500000000000007 37.553571428571438
decision_type=2 2 2 2 2 2 2 2 2 2 2 2 2 2
left_child=8 12 3 13 -5 7 -7 -4 9 10 11 -1 -2 -3
right_child=1 2 5 4 -6 6 -8 -9 -10 -11 -12 -13 -14 -15
leaf_value=-0.036465162738633997 0.099183690547943099 -0.12650006097905778 0.96671525597572328 0.81749404255758251 0.071181294259482206 -0.13117269691781722 0.61710849669244561 0.036826547816234373 -0.59880932310353152 0.70933313369750983 1.0369766220450403 -0.67942397050690229 0.99897019515434904 -0.70013853973812523
leaf_weight=313 16.000000000000004 17 20 57 280 690 36 277 23 25 15.999999999999998 57 14.999999999999998 18
leaf_count=313 16 17 20 57 280 690 36 277 23 25 16 57 15 18
internal_value=8.18562e-10 0.0207492 0.00933113 0.13918 0.197412 -0.0378866 -0.0940678 0.0994453 -0.0681761 -0.0384813 -0.0869149 -0.135516 0.534564 -0.421514
internal_weight=1860 1426 1395 372 337 1023 726 297 434 411 386 370 31 35
internal_count=1860 1426 1395 372 337 1023 726 297 434 411 386 370 31 35
is_linear=0
shrinkage=0.1


Tree=108
num_leaves=8
num_cat=0
split_feature=0 6 7 6 5 6 4
split_gain=245.341 398.647 1086.27 883.63 554.219 1681.03 1412.53
threshold=205.00000000000003 70.233554070950291 0.94642857142857151 62.559657156190774 67.928571428571445 25.172191932729532 87.857142857142875
decision_type=2 2 2 2 2 2 2
left_child=1 3 -3 4 6 -6 -1
right_child=-2 2 -4 -5 5 -7 -8
leaf_value=-0.012762808673011284 -0.38989604711532594 0.19864031180091526 -0.7732538713061291 0.72836281902649835 1.0235858581568065 0.060891645349096503 -0.75697668332320001
leaf_weight=1336 15.999999999999998 23 23 17 19 400 26
leaf_count=1336 16 23 23 17 19 400 26
internal_value=1.39358e-09 0.00338305 -0.287307 0.0108201 0.00397096 0.104546 -0.0269695
internal_weight=1860 1844 46 1798 1781 419 1362
internal_count=1860 1844 46 1798 1781 419 1362
is_linear=0
shrinkage=0.1


Tree=109
num_leaves=20
num_cat=0
split_feature=6 5 3 4 6 5 6 5 8 5 4 4 6 9 5 9 4 3 5
split_gain=248.088 2396.02 3041 4651.06 5027.36 2135.63 1823.18 2910.93 1798.48 1715.42 1931.88 1589.18 3685.89 1651.01 1712.81 1334.7 1288.57 3850.01 5687.7
threshold=25.424997240756234 53.178571428571438 66.500000000000014 66.928571428571431 30.230448204462039 60.321428571428577 23.809565444272494 45.678571428571438 14.500000000000002 57.839285714285715 65.500000000000014 61.357142857142868 23.889132802746655 3.5000000000000004 67.517857142857153 3.5000000000000004 47.214285714285722 58.500000000000007 60.321428571428577
decision_type=2 2 2 2 2 2 2 2 2 2 2 2 2 2 2 2 2 2 2
left_child=5 2 3 4 -2 6 9 8 -8 10 -1 12 -7 -13 -15 -4 17 -3 -19
right_child=1 16 15 -5 -6 11 7 -9 -10 -11 -12 13 -14 14 -16 -17 -18 18 -20
leaf_value=-0.04458911668705888 1.1723715077506172 -0.2345022405715699 -1.0053431084281521 2.105207141571575 -0.21617235892242001 1.7630816686721076 -0.45685471743345263 -0.016011543910611759 -1.8958180534212214 -0.69756782819063234 0.95254035398364079 -0.20015071191721492 -0.089104624228043994 0.1566994994878769 1.4001963615417481 0.25650951067606609 -0.086729883526371232 2.4398852741017065 -0.23172673861185711
leaf_weight=682 45 47 19 18 62 21 15.999999999999998 44 19 39 20 72 22 36 15.999999999999998 14.999999999999998 635 17 14.999999999999998
leaf_count=682 45 47 19 18 62 21 16 44 19 39 20 72 22 36 16 15 635 17 15
internal_value=-2.91975e-09 0.0388327 0.389899 0.617982 0.367795 -0.0343475 -0.10073 -0.557402 -1.23801 -0.0520433 -0.0161809 0.291604 0.815451 0.109947 0.539314 -0.448643 -0.0393458 0.341526 1.18757
internal_weight=1860 873 159 125 107 987 820 79 35 741 702 167 43 124 52 34 714 79 32
internal_count=1860 873 159 125 107 987 820 79 35 741 702 167 43 124 52 34 714 79 32
is_linear=0
shrinkage=0.1


Tree=110
num_leaves=17
num_cat=0
split_feature=10 2 6 6 9 9 3 3 0 5 6 4 0 6 5 6
split_gain=233.437 1324.57 1628.78 1128.17 965.094 427.858 1742.43 2634.08 2561.9 2673.42 1777.19 1376.93 1170.8 841.328 2993.31 1909.47
threshold=4.5000000000000009 93.000000000000014 40.163881685225697 31.662078957068712 5.5000000000000009 5.5000000000000009 72.000000000000014 82.500000000000014 73.000000000000014 64.660714285714292 38.008507563246546 59.785714285714292 195.00000000000003 39.03736243902555 51.125000000000007 38.487839096905319
decision_type=2 2 2 2 2 2 2 2 2 2 2 2 2 2 2 2
left_child=1 2 3 4 -1 12 8 -8 11 -10 -9 -7 13 15 -15 -2
right_child=5 -3 -4 -5 -6 6 7 10 9 -11 -12 -13 -14 14 -16 -17
leaf_value=-0.085412740279678948 -0.021819588977651294 0.70558006675500007 -1.1246999295318829 0.62822833437668657 -0.87631358785761726 -0.14128527028895008 -1.2019021437281656 0.50797297732952318 1.6823366622130078 0.2317931069268121 -0.58573091824849444 0.73426344083703088 -0.85966407507658005 1.1563219644405225 0.049271387423505078 -1.0896239904796376
leaf_weight=108 1124 18 17 19 18 82 21 39 24 27 24 23 15.999999999999998 27 256 17
leaf_count=108 1124 18 17 19 18 82 21 39 24 27 24 23 16 27 256 17
internal_value=-1.50193e-09 -0.10823 -0.198653 -0.0900819 -0.198399 0.011596 0.135211 -0.231983 0.332931 0.914402 0.0913239 0.0505016 -0.00900645 0.000551504 0.154891 -0.037729
internal_weight=1860 180 162 145 126 1680 240 84 156 51 63 105 1440 1424 283 1141
internal_count=1860 180 162 145 126 1680 240 84 156 51 63 105 1440 1424 283 1141
is_linear=0
shrinkage=0.1


Tree=111
num_leaves=19
num_cat=0
split_feature=8 2 2 6 4 1 2 0 4 3 4 8 3 8 4 9 4 3
split_gain=227.559 687.961 757.707 1695.96 2129.61 960.757 1135.14 853.257 721.605 718.072 597.262 904.889 1414.6 1737.09 1535.9 754.492 1299.27 570.476
threshold=6.5000000000000009 1.0000000180025095e-35 23.000000000000004 23.889132802746655 72.785714285714292 13.000000000000002 58.500000000000007 37.500000000000007 51.214285714285722 49.000000000000007 30.571428571428573 4.5000000000000009 40.500000000000007 3.5000000000000004 65.500000000000014 4.5000000000000009 41.357142857142868 38.500000000000007
decision_type=2 2 2 2 2 2 2 2 2 2 2 2 2 2 2 2 2 2
left_child=10 8 3 9 -5 7 -7 -4 -2 -3 17 12 14 -14 -12 16 -13 -1
right_child=1 2 5 4 -6 6 -8 -9 -10 -11 11 15 13 -15 -16 -17 -18 -19
leaf_value=0.80188161770502731 0.0026626475652058914 -0.18016815347547988 0.17716639637947085 -0.87591661012397626 0.38302308056089612 0.17234946969448284 -0.026607348138892678 -0.62279772218316798 0.98355022966861727 0.43873381139458839 -0.099443587441193429 -0.67884618851446343 0.038037910538853387 0.90804004006915628 -1.0101879467215875 -0.78362038320508498 0.16637952259995722 -0.044221720625372496
leaf_weight=14.999999999999998 15.000000000000002 38 20 53 18 482 708 40 14.999999999999998 37 95 31 153 27 23 29 44 17
leaf_count=15 15 38 20 53 18 482 708 40 15 37 95 31 153 27 23 29 44 17
internal_value=-3.88452e-10 0.0192964 0.00911422 -0.206455 -0.556749 0.0342927 0.0539785 -0.356143 0.493106 0.125157 -0.0634024 -0.0965003 -0.00786773 0.168538 -0.276962 -0.350467 -0.18298 0.352389
internal_weight=1860 1426 1396 146 71 1250 1190 60 30 75 434 402 298 180 118 104 75 32
internal_count=1860 1426 1396 146 71 1250 1190 60 30 75 434 402 298 180 118 104 75 32
is_linear=0
shrinkage=0.1


Tree=112
num_leaves=18
num_cat=0
split_feature=4 1 6 2 4 2 7 4 1 6 6 1 6 5 5 4 3
split_gain=220.654 5188.3 4071.13 2106.94 1950.83 1830.93 1500.04 1755.14 869.122 968.382 3433.69 2612.14 1265.53 2370.6 1663.32 762.323 389.375
threshold=68.714285714285737 51.000000000000007 41.104014844596925 43.500000000000007 101.92857142857144 37.500000000000007 0.91071428571428592 71.285714285714292 115.00000000000001 33.70319872339072 37.745792964781032 51.000000000000007 25.424997240756234 44.267857142857146 60.321428571428577 75.428571428571431 49.000000000000007
decision_type=2 2 2 2 2 2 2 2 2 2 2 2 2 2 2 2 2
left_child=8 2 15 5 -4 16 -5 -8 9 12 -11 -12 14 -14 -1 -2 -3
right_child=1 3 4 6 -6 -7 7 -9 -10 10 11 -13 13 -15 -16 -17 -18
leaf_value=-0.1011463270192185 0.65080581361597245 0.13390191316604613 2.5293664757410679 -0.81831095729555414 0.91656997362772641 -1.4981453471713597 1.1101507687568666 0.0035346272904772935 0.56380924701690682 -1.4162237511439759 -0.35769470059978115 0.49995324082600956 1.3058414040340318 0.11545316828454094 0.32379062278912618 -0.16414534375071527 -0.56511659341699938
leaf_weight=806 22 14.999999999999998 15.000000000000002 21 14.999999999999998 18 14.999999999999998 322 25 22 112 52 18 237 104 24 17
leaf_count=806 22 15 15 21 15 18 15 322 25 22 112 52 18 237 104 24 17
internal_value=1.18669e-10 0.0580746 0.816675 -0.0832333 1.72297 -0.691301 0.00169241 0.0527905 -0.0204274 -0.0312386 -0.243125 -0.0857575 0.00259041 0.199481 -0.0525821 0.225614 -0.237452
internal_weight=1860 484 76 408 30 50 358 337 1376 1351 186 164 1165 255 910 46 32
internal_count=1860 484 76 408 30 50 358 337 1376 1351 186 164 1165 255 910 46 32
is_linear=0
shrinkage=0.1


Tree=113
num_leaves=12
num_cat=0
split_feature=10 8 4 6 5 5 0 4 4 4 6
split_gain=224.042 1165.75 1074.17 1555.75 1055.46 4556.81 2247.46 1007.15 1141.78 3440.64 1045.4
threshold=5.5000000000000009 1.0000000180025095e-35 137.85714285714289 75.32108985303006 69.571428571428598 71.875000000000014 121.50000000000001 140.71428571428575 46.071428571428577 45.500000000000007 18.595446435315427
decision_type=2 2 2 2 2 2 2 2 2 2 2
left_child=2 -2 3 4 6 -6 -1 8 9 -3 -10
right_child=1 7 -4 -5 5 -7 -8 -9 10 -11 -12
leaf_value=0.00083719251775132234 0.62916304731369022 -0.035457681112668733 -0.63320737083752954 0.96509593062930643 1.8475985087454321 0.095373395107141365 -1.1286307338211272 0.60088793526996265 0.29026334867920983 1.225491175055504 -0.22766245533600271
leaf_weight=829 25 220 24 18 15.999999999999998 205 18 22 43 24 416
leaf_count=829 25 220 24 18 16 205 18 22 43 24 416
internal_value=1.64802e-09 -0.0422221 0.0285284 0.0431524 0.027614 0.222231 -0.0231657 -0.0653733 -0.0862236 0.0885701 -0.179142
internal_weight=1860 750 1110 1086 1068 221 847 725 703 244 459
internal_count=1860 750 1110 1086 1068 221 847 725 703 244 459
is_linear=0
shrinkage=0.1


Tree=114
num_leaves=7
num_cat=0
split_feature=6 6 0 4 0 5
split_gain=259.065 437.522 472.662 827.354 1576.33 750.41
threshold=82.080721311557141 75.32108985303006 195.00000000000003 107.85714285714288 115.00000000000001 117.32142857142858
decision_type=2 2 2 2 2 2
left_child=1 2 3 4 -1 -5
right_child=-2 -3 -4 5 -6 -7
leaf_value=0.0030436307787284501 -0.41390441099802655 0.44665088545192372 -0.48544935822486884 0.40835007286981101 -0.49214586900241342 -0.049526181968591987
leaf_weight=1586 14.999999999999998 22 20 91 67 59
leaf_count=1586 15 22 20 91 67 59
internal_value=1.74053e-09 0.00336508 -0.0019845 0.00337839 -0.0170276 0.228252
internal_weight=1860 1845 1823 1803 1653 150
internal_count=1860 1845 1823 1803 1653 150
is_linear=0
shrinkage=0.1


Tree=115
num_leaves=10
num_cat=0
split_feature=0 0 3 2 8 8 2 2 8
split_gain=271.687 791.878 566.143 2426.24 2432.64 1532.15 983.212 1564.91 1129.87
threshold=185.00000000000003 165.00000000000003 100.50000000000001 51.000000000000007 25.500000000000004 15.500000000000002 73.000000000000014 82.000000000000014 26.500000000000004
decision_type=2 2 2 2 2 2 2 2 2
left_child=1 2 6 5 -5 -4 8 -8 -1
right_child=-2 -3 3 4 -6 -7 7 -9 -10
leaf_value=0.0028502195801141904 0.30368459964620659 -0.68413724881761218 -0.99642171263694768 0.70120469843640043 -0.27957282496823205 0.18868265390396119 -0.48703662870236891 -0.034058429829619978 0.400616838665385
leaf_weight=1183 29 17 24 85 36 20 104 286 76
leaf_count=1183 29 17 24 85 36 20 104 286 76
internal_value=-5.43872e-10 -0.00480986 0.00155649 0.178166 0.409403 -0.457738 -0.0161151 -0.154853 0.0268615
internal_weight=1860 1831 1814 165 121 44 1649 390 1259
internal_count=1860 1831 1814 165 121 44 1649 390 1259
is_linear=0
shrinkage=0.1


Tree=116
num_leaves=9
num_cat=0
split_feature=4 0 8 0 4 8 1 0
split_gain=227.217 382.264 405.183 1342.65 1442.89 822.07 1252.38 701.512
threshold=149.28571428571431 185.00000000000003 28.500000000000004 67.500000000000014 78.428571428571445 27.500000000000004 89.000000000000014 115.00000000000001
decision_type=2 2 2 2 2 2 2 2
left_child=1 2 5 -4 -5 7 -7 -1
right_child=-2 -3 3 4 -6 6 -8 -9
leaf_value=0.011044941350252109 -0.36391698402516987 0.3917270803451538 0.36418261744759306 -0.0012578987369411872 -1.2336672462915121 -0.39811479091644286 0.66976885577527501 -0.25230987611468192
leaf_weight=1594 17 25 22 19 19 14.999999999999998 41 108
leaf_count=1594 17 25 22 19 19 15 41 108
internal_value=-4.17493e-10 0.0033568 -0.00198382 -0.257526 -0.617463 0.00673775 0.383729 -0.00566618
internal_weight=1860 1843 1818 60 38 1758 56 1702
internal_count=1860 1843 1818 60 38 1758 56 1702
is_linear=0
shrinkage=0.1


Tree=117
num_leaves=7
num_cat=0
split_feature=6 6 0 4 4 2
split_gain=230.584 352.483 492.456 672.231 1303.71 693.602
threshold=82.080721311557141 75.32108985303006 195.00000000000003 107.85714285714288 103.5714285714286 87.500000000000014
decision_type=2 2 2 2 2 2
left_child=1 2 3 4 -1 -5
right_child=-2 -3 -4 5 -6 -7
leaf_value=-0.0037671406864273798 -0.39049075682957968 0.40105516151948417 -0.49511093497276309 0.5200112842954695 -0.74620496233304345 0.059033521118701672
leaf_weight=1629 14.999999999999998 22 20 48 24 102
leaf_count=1629 15 22 20 48 24 102
internal_value=1.62776e-09 0.00317472 -0.00162691 0.00384713 -0.0145466 0.206546
internal_weight=1860 1845 1823 1803 1653 150
internal_count=1860 1845 1823 1803 1653 150
is_linear=0
shrinkage=0.1


Tree=118
num_leaves=8
num_cat=0
split_feature=0 0 5 1 9 1 2
split_gain=219.732 635.221 444.523 670.829 514.251 1017.88 496.568
threshold=185.00000000000003 165.00000000000003 118.39285714285715 185.00000000000003 1.5000000000000002 143.50000000000003 121.50000000000001
decision_type=2 2 2 2 2 2 2
left_child=1 2 3 6 -4 -6 -1
right_child=-2 -3 4 -5 5 -7 -8
leaf_value=0.0092941822121614844 0.27310834095395847 -0.61275801570976485 0.73849183741737823 -0.65193479210138328 -0.4141923013329506 0.62235645320680411 -0.2663674495237715
leaf_weight=1675 29 17 17 15.999999999999998 20 18 68
leaf_count=1675 29 17 17 16 20 18 68
internal_value=-5.635e-10 -0.00432558 0.00137637 -0.00737703 0.281326 0.0768045 -0.00146026
internal_weight=1860 1831 1814 1759 55 38 1743
internal_count=1860 1831 1814 1759 55 38 1743
is_linear=0
shrinkage=0.1


Tree=119
num_leaves=9
num_cat=0
split_feature=4 0 8 0 4 8 1 0
split_gain=212.852 309.395 325.081 1095.71 1184.34 634.298 986.415 558.528
threshold=149.28571428571431 185.00000000000003 28.500000000000004 67.500000000000014 78.428571428571445 27.500000000000004 89.000000000000014 115.00000000000001
decision_type=2 2 2 2 2 2 2 2
left_child=1 2 5 -4 -5 7 -7 -1
right_child=-2 -3 3 4 -6 6 -8 -9
leaf_value=0.010271815791225979 -0.35222558554481059 0.35264729976654058 0.33118478601629087 0.0026677355170249941 -1.1138780889542479 -0.35647139986356102 0.59126230565513049 -0.22471642076313772
leaf_weight=1594 17 25 22 19 19 14.999999999999998 41 108
leaf_count=1594 17 25 22 19 19 15 41 108
internal_value=3.11643e-10 0.00324896 -0.00155575 -0.230449 -0.555605 0.00625631 0.337405 -0.00463931
internal_weight=1860 1843 1818 60 38 1758 56 1702
internal_count=1860 1843 1818 60 38 1758 56 1702
is_linear=0
shrinkage=0.1


Tree=120
num_leaves=18
num_cat=0
split_feature=10 7 4 4 5 9 3 3 4 6 2 5 5 4 9 1 9
split_gain=203.755 1078.79 1614.98 3114.66 2652.18 1996.7 1154.25 1067.5 1017.26 1258.86 5710.78 1067.27 3638.13 1511.41 940.077 767.261 361.826
threshold=5.5000000000000009 0.94642857142857151 46.071428571428577 43.928571428571438 52.910714285714292 2.5000000000000004 27.000000000000004 66.500000000000014 137.85714285714289 62.850969679893957 37.500000000000007 69.571428571428598 71.875000000000014 74.357142857142875 1.5000000000000002 47.500000000000007 3.5000000000000004
decision_type=2 2 2 2 2 2 2 2 2 2 2 2 2 2 2 2 2
left_child=8 14 3 5 -5 -3 16 -8 9 11 -11 13 -13 -1 -2 -16 -4
right_child=1 2 6 4 -6 -7 7 -9 -10 10 -12 12 -14 -15 15 -17 -18
leaf_value=0.010133248198867059 0.10207370167428798 -0.40123380583066209 -0.36576682272411531 1.486031422595824 -0.13374072869618733 0.32782892782366679 0.10972136633778083 -0.20000707797767703 -0.61676184137662249 -0.67655726671218874 1.9952343359589577 1.6706555319949985 0.10471557983945984 -0.49204130078737551 -1.0431906457130726 -0.17922854914384731 -0.99698761552572257
leaf_weight=769 22 65 21 31 14.999999999999998 89 206 242 24 15.999999999999998 15.999999999999998 15.999999999999998 204 65 26 17 15.999999999999998
leaf_count=769 22 65 21 31 15 89 206 242 24 16 16 16 204 65 26 17 16
internal_value=1.17064e-09 -0.0402651 -0.00332055 0.235787 0.957845 0.0201076 -0.101922 -0.0575873 0.0272061 0.0414375 0.659339 0.0226777 0.218602 -0.0290051 -0.429603 -0.701624 -0.638727
internal_weight=1860 750 685 200 46 154 485 448 1110 1086 32 1054 220 834 65 43 37
internal_count=1860 750 685 200 46 154 485 448 1110 1086 32 1054 220 834 65 43 37
is_linear=0
shrinkage=0.1


Tree=121
num_leaves=19
num_cat=0
split_feature=4 1 6 4 2 6 6 0 3 1 6 6 1 6 5 6 4 6
split_gain=266.893 4091.77 3001.89 1683.15 1597.64 1568.2 3035.42 2189.16 1485.59 763.368 784.064 2728.75 2056.83 1118.99 2059.54 1651.46 594.301 461.737
threshold=68.714285714285737 51.000000000000007 41.104014844596925 101.92857142857144 43.500000000000007 24.860863407700453 26.914523576181509 73.000000000000014 66.500000000000014 115.00000000000001 33.70319872339072 37.745792964781032 58.500000000000007 25.424997240756234 47.446428571428577 23.809565444272494 75.428571428571431 38.103334196975034
decision_type=2 2 2 2 2 2 2 2 2 2 2 2 2 2 2 2 2 2
left_child=9 2 16 -4 8 7 -7 -6 17 10 13 -12 -13 15 -15 -1 -2 -3
right_child=1 4 3 -5 5 6 -8 -9 -10 -11 11 12 -14 14 -16 -17 -18 -19
leaf_value=-0.0015345779918369991 0.60543299696662212 -1.3921115533510846 2.2648174826304115 0.7667541058858236 1.3807299544936733 -1.25719796217978 0.015831881200863145 -0.056049452225367224 0.16832534215029549 0.52507343387603755 -1.2690246774391696 -0.32088569307749254 0.44417691896943484 0.90753751966883156 0.071511775511422307 -0.39968762164314592 -0.11412425674498082 -0.64088223642773101
leaf_weight=790 22 14.999999999999998 15.000000000000002 14.999999999999998 19 20 295 24 17 25 22 113 51 34 221 120 24 18
leaf_count=790 22 15 15 15 19 20 295 24 17 25 22 113 51 34 221 120 24 18
internal_value=1.17812e-09 0.0638703 0.737554 1.51579 -0.0616198 0.0123328 -0.0649954 0.578807 -0.59112 -0.022466 -0.0325981 -0.223256 -0.0829699 -0.00215833 0.182982 -0.0540383 0.230012 -0.98235
internal_weight=1860 484 76 30 408 358 315 43 50 1376 1351 186 164 1165 255 910 46 33
internal_count=1860 484 76 30 408 358 315 43 50 1376 1351 186 164 1165 255 910 46 33
is_linear=0
shrinkage=0.1


Tree=122
num_leaves=20
num_cat=0
split_feature=8 7 8 3 8 6 5 2 1 4 8 4 4 10 6 5 3 9 0
split_gain=237.696 865.399 690.653 1460.2 1322.71 1088.95 2837.36 1773.54 963.707 615.123 523.206 766.717 2467.82 1814.77 2021.28 1705.15 1521.85 543.036 900.516
threshold=6.5000000000000009 0.8392857142857143 13.500000000000002 49.000000000000007 10.500000000000002 22.060615338866501 47.517857142857146 49.000000000000007 51.000000000000007 45.500000000000007 5.5000000000000009 51.214285714285722 51.857142857142868 5.5000000000000009 21.559229422201586 44.625000000000007 58.500000000000007 4.5000000000000009 47.500000000000007
decision_type=2 2 2 2 2 2 2 2 2 2 2 2 2 2 2 2 2 2 2
left_child=10 9 3 4 -3 6 -4 -7 -5 -2 11 13 -13 15 -15 -1 -14 18 -12
right_child=1 2 5 8 -6 7 -8 -9 -10 -11 17 12 16 14 -16 -17 -18 -19 -20
leaf_value=0.14947121572422695 0.11099748015403746 0.12038938969344599 0.010445677265524865 0.19917247415121114 0.71007998259294602 -0.21765731753487338 -0.69629456030137571 0.13037582782910404 -0.1818371996009277 1.0023637739817302 -0.48643593644124589 -1.398258530298869 -0.40333045302352438 -0.052742724295592673 1.017034396607625 -0.63246748646100359 0.21589432721336685 -0.79645621180534365 0.45400824262760581
leaf_weight=83 16.000000000000004 96 180 112 63 209 83 489 163 14.999999999999998 28 14.999999999999998 71 33 38 42 90 18 15.999999999999998
leaf_count=83 16 96 180 112 63 209 83 489 163 15 28 15 71 33 38 42 90 18 16
internal_value=4.5422e-10 0.0197215 0.00810856 0.112812 0.35404 -0.0391767 -0.212594 0.0261653 -0.0266624 0.542304 -0.0647992 -0.0199747 -0.171476 0.116068 0.519814 -0.11326 -0.05718 -0.333747 -0.144456
internal_weight=1860 1426 1395 434 159 961 263 698 275 31 434 372 176 196 71 125 161 62 44
internal_count=1860 1426 1395 434 159 961 263 698 275 31 434 372 176 196 71 125 161 62 44
is_linear=0
shrinkage=0.1


Tree=123
num_leaves=20
num_cat=0
split_feature=10 2 6 6 9 1 3 4 7 3 1 6 2 1 2 9 7 9 0
split_gain=209.542 1259.36 1322.63 928.346 752.698 401.239 1858.36 3507.44 4414.06 1797.82 2437.82 3453.47 1762.38 1585.26 2022.05 1380.3 1126.81 1365.29 1119.96
threshold=4.5000000000000009 93.000000000000014 40.163881685225697 31.662078957068712 1.0000000180025095e-35 89.000000000000014 72.000000000000014 68.285714285714292 0.94642857142857151 76.500000000000014 135.00000000000003 38.587959279013724 87.500000000000014 121.50000000000001 87.500000000000014 2.5000000000000004 0.91071428571428592 1.0000000180025095e-35 9.0000000000000018
decision_type=2 2 2 2 2 2 2 2 2 2 2 2 2 2 2 2 2 2 2
left_child=1 2 3 4 -1 6 7 18 -9 10 11 -7 -12 15 -15 -11 -8 -18 -2
right_child=5 -3 -4 -5 -6 9 16 8 -10 13 12 -13 -14 14 -16 -17 17 -19 -20
leaf_value=-0.72254089730029758 0.80284572707282187 0.69098279283951136 -1.025201549249537 0.55872414864991837 -0.078716341434763026 -0.1918057536536997 -1.0245006650686264 1.8913515068235853 0.3235813720091697 0.82131159352985306 -0.44495775923132896 -1.2768490281701088 0.88895573707727282 0.61913323521614083 -0.57764800190925603 0.088964845865003528 0.57409753695778221 -0.2388365421682743 0.0062764004850299057
leaf_weight=22 18 18 17 19 104 110 15.999999999999998 21 124 44 15.999999999999998 40 26 20 48 62 23 203 909
leaf_count=22 18 18 17 19 104 110 16 21 124 44 16 40 26 20 48 62 23 203 909
internal_value=1.72958e-09 -0.102541 -0.19071 -0.0928734 -0.19113 0.0109865 0.0367788 0.0932826 0.550638 -0.081612 -0.292599 -0.481151 0.380798 0.151202 -0.225654 0.392958 -0.213519 -0.156104 0.0217438
internal_weight=1860 180 162 145 126 1680 1314 1072 145 366 192 150 42 174 68 106 242 226 927
internal_count=1860 180 162 145 126 1680 1314 1072 145 366 192 150 42 174 68 106 242 226 927
is_linear=0
shrinkage=0.1


Tree=124
num_leaves=11
num_cat=0
split_feature=6 1 7 6 9 6 4 6 3 6
split_gain=215.182 1329.25 1440.89 718.271 1906.17 518.627 841.357 808.455 2181.77 811.525
threshold=70.233554070950291 73.000000000000014 0.98214285714285732 56.723342861218484 3.5000000000000004 50.777123985320195 68.285714285714292 47.984239542336589 66.500000000000014 45.39436695998058
decision_type=2 2 2 2 2 2 2 2 2 2
left_child=3 2 -2 5 -5 7 -7 9 -9 -1
right_child=1 -3 -4 4 -6 6 -8 8 -10 -11
leaf_value=0.0056314577607324071 0.71759171674126077 -0.99092915058135989 -0.5934998401006063 -0.13619500476381052 1.3127881823231777 0.11583531432681614 -0.83822992098958871 1.3716780191659925 -0.33390742639700571 -0.46172756121346831
leaf_weight=1668 19 14.999999999999998 14.999999999999998 23 14.999999999999998 18 19 15.000000000000002 14.999999999999998 38
leaf_count=1668 19 15 15 23 15 18 19 15 15 38
internal_value=-2.33734e-09 -0.206779 0.139169 0.0055948 0.435772 -0.00362501 -0.37409 0.00427084 0.518885 -0.00477865
internal_weight=1860 49 34 1811 38 1773 37 1736 30 1706
internal_count=1860 49 34 1811 38 1773 37 1736 30 1706
is_linear=0
shrinkage=0.1


Tree=125
num_leaves=13
num_cat=0
split_feature=3 8 1 5 5 6 1 0 6 6 6 3
split_gain=225.566 1124.14 1567.89 1634.51 977.018 1839.03 807.62 509.81 987.709 1154.85 1089.46 924.066
threshold=17.500000000000004 18.500000000000004 37.500000000000007 40.339285714285715 54.946428571428577 20.689636837371122 67.500000000000014 185.00000000000003 70.233554070950291 81.116043082102507 62.559657156190774 27.000000000000004
decision_type=2 2 2 2 2 2 2 2 2 2 2 2
left_child=1 2 3 -1 5 -4 -3 8 10 -10 11 -2
right_child=7 6 4 -5 -6 -7 -8 -9 9 -11 -12 -13
leaf_value=-0.18611089885234833 0.27029958942496196 -1.0826613969273038 0.21483054690890843 1.1699215936660767 0.32524810743175059 -1.1347110329762751 -0.089136716524759935 0.4671915610631307 -0.99705238115219841 0.11166186315171861 0.83575758188962945 -0.014598519501178922
leaf_weight=15.999999999999998 123 18 18 20 19 23 14.999999999999998 24 21 17 15.999999999999998 1530
leaf_count=16 123 18 18 20 19 23 15 24 21 17 16 1530
internal_value=-1.70224e-09 -0.127566 0.0455101 0.56724 -0.267528 -0.542229 -0.631059 0.00950663 0.0030717 -0.501049 0.0145496 0.0066008
internal_weight=1860 129 96 36 60 41 33 1731 1707 38 1669 1653
internal_count=1860 129 96 36 60 41 33 1731 1707 38 1669 1653
is_linear=0
shrinkage=0.1


Tree=126
num_leaves=8
num_cat=0
split_feature=0 6 7 6 4 4 8
split_gain=234.2 302.579 842.912 609.055 431.614 1026.48 587.913
threshold=205.00000000000003 70.233554070950291 0.91071428571428592 62.559657156190774 107.85714285714288 103.5714285714286 10.500000000000002
decision_type=2 2 2 2 2 2 2
left_child=1 3 -3 4 5 -1 -6
right_child=-2 2 -4 -5 6 -7 -8
leaf_value=-0.00073368302410079694 -0.38094044625759127 0.30914866240585553 -0.5776939827820351 0.60550261525546811 -0.18587182133148117 -0.63413425408876867 0.27768016637940157
leaf_weight=1605 15.999999999999998 17 29 17 36 26 114
leaf_count=1605 16 17 29 17 36 26 114
internal_value=3.32672e-10 0.00330534 -0.249948 0.00978456 0.00409832 -0.0108308 0.166428
internal_weight=1860 1844 46 1798 1781 1631 150
internal_count=1860 1844 46 1798 1781 1631 150
is_linear=0
shrinkage=0.1


Tree=127
num_leaves=15
num_cat=0
split_feature=1 2 7 4 0 6 0 0 3 6 6 6 6 5
split_gain=210.726 797.157 755.29 721.82 741.224 1001.61 631.721 628.185 415.731 1631.88 1051.19 2355.55 962.24 608.82
threshold=18.500000000000004 28.5 0.80357142857142871 46.071428571428577 58.500000000000007 22.364957148062953 37.500000000000007 73.000000000000014 30.500000000000004 62.850969679893957 56.196968952703855 44.016268337338168 36.074522497870795 68.250000000000014
decision_type=2 2 2 2 2 2 2 2 2 2 2 2 2 2
left_child=1 6 -2 4 5 -3 -1 -5 10 12 11 -4 -10 -12
right_child=2 3 8 7 -6 -7 -8 -9 9 -11 13 -13 -14 -15
leaf_value=-0.16945197582244875 -0.51573551738703693 -0.31084893584251405 0.091510654611399386 -1.0719439534580006 -0.60815161431536957 0.70303693288250979 0.6941349042165611 -0.22429308758841621 0.020063578786772108 0.75742995532022583 -0.052104496955871583 1.1560219796543771 -0.18824501239523861 -0.84130294322967536
leaf_weight=15.999999999999998 27 20 377 17 17 19 18 18 953 27 23 22 289 17
leaf_count=16 27 20 377 17 17 19 18 18 953 27 23 22 289 17
internal_value=-9.98017e-10 -0.1254 0.00903457 -0.27976 -0.0571045 0.183095 0.287741 -0.636009 0.0173301 -0.0116876 0.101211 0.150206 -0.0284076 -0.387514
internal_weight=1860 125 1735 91 56 39 34 35 1708 1269 439 399 1242 40
internal_count=1860 125 1735 91 56 39 34 35 1708 1269 439 399 1242 40
is_linear=0
shrinkage=0.1


Tree=128
num_leaves=20
num_cat=0
split_feature=8 8 4 0 0 0 7 9 4 0 2 9 1 6 4 2 8 2 1
split_gain=212.811 1024.84 1923.61 1877.61 975.924 931.838 812.164 707.188 1485.86 1473.2 685.149 610.438 1633.78 2646.31 2093.76 1801.39 1532.04 1707.76 1481.23
threshold=9.5000000000000018 12.500000000000002 41.571428571428577 73.000000000000014 93.000000000000014 67.500000000000014 0.8392857142857143 1.5000000000000002 123.35714285714288 135.00000000000003 31.000000000000004 1.5000000000000002 89.000000000000014 31.662078957068712 109.28571428571429 18.500000000000004 1.5000000000000002 87.500000000000014 60.500000000000007
decision_type=2 2 2 2 2 2 2 2 2 2 2 2 2 2 2 2 2 2 2
left_child=11 2 10 5 -5 -4 -3 8 -8 -9 -2 16 15 -14 -15 -13 17 -1 -18
right_child=1 6 3 4 -6 -7 7 9 -10 -11 -12 12 13 14 -16 -17 18 -19 -20
leaf_value=1.069262863530053 0.065593163172403976 0.48999239821587842 0.56014737685521443 -0.35793674557373445 0.33491517888272515 1.4257597491145135 0.15381236048514735 -0.1152698584570401 -0.83691315241158015 0.54091165992948742 -0.83849261528567265 -0.75918308107749288 -1.0967422850430013 0.87445578010458702 -0.65315927617690139 0.15450644605929156 -0.21264888164205631 -0.30824074380927619 -1.1041074389761145
leaf_weight=18 14.999999999999998 31 36 29 68 19 281 690 15.999999999999998 36 19 23 32 19 17 349 122 18 22
leaf_count=18 15 31 36 29 68 19 281 690 16 36 19 23 32 19 17 349 122 18 22
internal_value=-8.18963e-10 0.0239181 0.24033 0.392426 0.127774 0.859177 -0.0142723 -0.029553 0.10044 -0.0827319 -0.439631 -0.0478361 0.0156289 -0.435071 0.153082 0.0980149 -0.202973 0.380511 -0.348844
internal_weight=1860 1240 186 152 97 55 1054 1023 297 726 34 620 440 68 36 372 180 36 144
internal_count=1860 1240 186 152 97 55 1054 1023 297 726 34 620 440 68 36 372 180 36 144
is_linear=0
shrinkage=0.1


Tree=129
num_leaves=16
num_cat=0
split_feature=3 4 0 1 8 2 7 9 1 2 6 3 1 0 4
split_gain=232.411 1019.49 1592.05 1418.11 1975.61 803.518 474.856 1914.9 668.118 1077.38 1079.65 768.472 1498.33 892.965 370.234
threshold=17.500000000000004 48.357142857142868 47.500000000000007 58.500000000000007 11.500000000000002 49.000000000000007 0.8392857142857143 3.5000000000000004 13.000000000000002 28.5 27.474372639402748 27.000000000000004 67.500000000000014 185.00000000000003 58.428571428571438
decision_type=2 2 2 2 2 2 2 2 2 2 2 2 2 2 2
left_child=1 2 5 14 -5 -1 7 -2 9 -8 -11 12 -10 -13 -3
right_child=6 3 -4 4 -6 -7 8 -9 11 10 -12 13 -14 -15 -16
leaf_value=0.21670888960361481 -0.26390031689689275 -1.2342006766796114 0.93877210295514057 -0.8734297083690763 0.52887593342198269 -0.75150447348753613 0.28122313022613527 1.188224021345377 0.49429183724414871 -0.20223390062650048 -1.0619135584150043 -0.012038432769384683 -0.28584691345691682 0.61595388702724296 -0.55257992547224555
leaf_weight=20 21 14.999999999999998 19 15.999999999999998 27 14.999999999999998 27 15.999999999999998 83 48 21 1457 35 23 17
leaf_count=20 21 15 19 16 27 15 27 16 83 48 21 1457 35 23 17
internal_value=1.36606e-10 -0.129487 0.20182 -0.368028 0.00708779 -0.19824 0.00964981 0.364045 0.00190917 -0.254317 -0.463876 0.017302 0.262895 -0.00227909 -0.87209
internal_weight=1860 129 54 75 43 35 1731 37 1694 96 69 1598 118 1480 32
internal_count=1860 129 54 75 43 35 1731 37 1694 96 69 1598 118 1480 32
is_linear=0
shrinkage=0.1


Tree=130
num_leaves=12
num_cat=0
split_feature=0 4 1 1 2 1 6 8 8 2 5
split_gain=269.704 298.59 1447.17 1404.81 1309.36 1206.99 2312.49 989.939 765.91 621.35 558.339
threshold=205.00000000000003 80.928571428571445 58.500000000000007 121.50000000000001 49.000000000000007 93.000000000000014 34.403621276621074 19.500000000000004 18.500000000000004 73.000000000000014 74.071428571428584
decision_type=2 2 2 2 2 2 2 2 2 2 2
left_child=1 3 10 5 8 9 -7 -6 -4 -1 -3
right_child=-2 2 4 -5 7 6 -8 -9 -10 -11 -12
leaf_value=0.024783885062312279 -0.40879681706428528 1.1419664397835732 -0.12525862141659386 0.86292406519254061 -0.10527086697873617 -0.067555371370721373 -1.3748868354449149 0.28377440364702661 -1.064302708953619 -0.14536254522691661 0.31892529094920441
leaf_weight=1167 15.999999999999998 15.999999999999998 19 18 126 47 19 136 15.999999999999998 263 17
leaf_count=1167 16 16 19 18 126 47 19 136 16 263 17
internal_value=9.32674e-10 0.00354704 0.0897383 -0.0152397 0.0199341 -0.0258058 -0.443908 0.0966763 -0.554536 -0.00650878 0.717976
internal_weight=1860 1844 330 1514 297 1496 66 262 35 1430 33
internal_count=1860 1844 330 1514 297 1496 66 262 35 1430 33
is_linear=0
shrinkage=0.1


Tree=131
num_leaves=10
num_cat=0
split_feature=0 5 5 5 1 9 2 8 4
split_gain=218.46 278.803 1949.94 1407.55 1210.71 1012 1842.74 1114.07 778.931
threshold=205.00000000000003 69.571428571428598 71.250000000000014 68.250000000000014 121.50000000000001 4.5000000000000009 82.000000000000014 24.500000000000004 87.857142857142875
decision_type=2 2 2 2 2 2 2 2 2
left_child=1 3 -3 4 8 7 -7 -4 -1
right_child=-2 2 5 -5 -6 6 -8 -9 -10
leaf_value=-0.0078730528861594481 -0.36791715770959854 0.93071825699135668 0.071463791099754537 -0.95092032551765449 0.85725676044821741 0.89034888235961684 0.011529123671352864 -0.33273188831215661 -0.59473412918007895
leaf_weight=1357 15.999999999999998 25 185 15.999999999999998 15.999999999999998 34 80 108 23
leaf_count=1357 16 25 185 16 16 34 80 108 23
internal_value=-1.9181e-09 0.00319234 0.0734905 -0.0183153 -0.00762644 0.0208353 0.273633 -0.077523 -0.0176541
internal_weight=1860 1844 432 1412 1396 407 114 293 1380
internal_count=1860 1844 432 1412 1396 407 114 293 1380
is_linear=0
shrinkage=0.1


Tree=132
num_leaves=14
num_cat=0
split_feature=8 6 4 0 4 2 7 4 5 3 8 0 4
split_gain=193.492 534.942 1377.65 1599.36 795.392 791.192 493.08 596.587 1524.52 1097.71 791.968 744.056 492.965
threshold=6.5000000000000009 39.690088307956508 96.428571428571431 100.50000000000001 58.428571428571438 115.00000000000001 0.8392857142857143 30.571428571428573 33.892857142857146 38.500000000000007 13.500000000000002 13.000000000000002 45.500000000000007
decision_type=2 2 2 2 2 2 2 2 2 2 2 2 2
left_child=1 2 3 4 -1 -3 12 9 -9 -8 -11 -10 -2
right_child=6 5 -4 -5 -6 -7 7 8 11 10 -12 -13 -14
leaf_value=-0.031494754568264359 0.026143598556518551 0.86359503984451269 -0.99856764068827042 0.92725162953138351 -0.4375407142074485 -0.14732324182987214 -0.88241189320882174 0.91201703956252667 0.33971331629615564 -0.47901947287952207 0.44933807313442231 -0.0072856420791185417 0.82410781383514409
leaf_weight=314 16.000000000000004 15.000000000000002 15.999999999999998 15.999999999999998 57 15.999999999999998 21 19 65 17 20 1253 14.999999999999998
leaf_count=314 16 15 16 16 57 16 21 19 65 17 20 1253 15
internal_value=-4.6118e-10 -0.0584642 -0.0892562 -0.0516619 -0.0938792 0.341831 0.0177935 0.00902764 0.0226483 -0.304952 0.0227954 0.00982736 0.412255
internal_weight=1860 434 403 387 371 31 1426 1395 1337 58 37 1318 31
internal_count=1860 434 403 387 371 31 1426 1395 1337 58 37 1318 31
is_linear=0
shrinkage=0.1


Tree=133
num_leaves=11
num_cat=0
split_feature=5 5 9 5 6 5 4 1 4 8
split_gain=211.915 464.433 1853.68 641.319 1990.53 619.607 565.024 457.126 335.308 275.931
threshold=32.678571428571438 35.785714285714292 3.5000000000000004 37.178571428571438 26.291997444144098 37.892857142857146 37.214285714285722 29.500000000000004 46.071428571428577 14.500000000000002
decision_type=2 2 2 2 2 2 2 2 2 2
left_child=7 2 6 4 9 -5 -2 -1 -7 -3
right_child=1 3 -4 5 -6 8 -8 -9 -10 -11
leaf_value=0.22054491996765138 0.13314536182503953 0.37034757807850838 0.85923575121780926 0.57345638353573658 -1.3193851657708486 0.07369050585152058 -0.68786866029103599 -0.46797252407780399 -0.027455049231902992 -0.21694570481777192
leaf_weight=14.999999999999998 19 15.999999999999998 29 19 14.999999999999998 445 14.999999999999998 27 1244 15.999999999999998
leaf_count=15 19 16 29 19 15 445 15 27 1244 16
internal_value=1.09531e-09 0.00513041 0.271898 -0.00444586 -0.368858 0.00558189 -0.229067 -0.222073 -0.00080628 0.0767009
internal_weight=1860 1818 63 1755 47 1708 34 42 1689 32
internal_count=1860 1818 63 1755 47 1708 34 42 1689 32
is_linear=0
shrinkage=0.1


Tree=134
num_leaves=17
num_cat=0
split_feature=6 3 5 5 6 0 8 6 4 5 4 5 2 2 5 4
split_gain=226.498 1270.77 1904.95 943.783 940.179 2162.05 861.858 739.793 712.882 602.522 393.783 1491.43 1467.35 1481.16 1128.89 784.1
threshold=17.719637567004696 49.000000000000007 44.625000000000007 41.375000000000007 18.123372436921944 47.500000000000007 13.500000000000002 16.97401975306332 34.071428571428577 43.910714285714299 46.071428571428577 38.303571428571438 23.000000000000004 93.000000000000014 55.785714285714292 41.357142857142868
decision_type=2 2 2 2 2 2 2 2 2 2 2 2 2 2 2 2
left_child=1 2 3 6 5 -2 -1 8 -3 -10 12 -12 15 -14 -13 -6
right_child=4 7 -4 -5 10 -7 -8 -9 9 -11 11 14 13 -15 -16 -17
leaf_value=0.65613997459411622 1.235468356013298 -0.69803639319207944 0.95286541628566668 -0.60722683024406443 -0.057493731257186015 -0.17232479353745778 -0.17578437256090571 -0.82972958132072727 0.43570493847131736 -0.4027115241686503 0.95902055978775036 -0.20126260052743655 0.22542319522189672 -0.58757788290580115 0.017704609442268305 -0.64149570882320406
leaf_weight=20 20 18 22 25 67 24 33 27 20 14.999999999999998 14.999999999999998 329 338 24 828 35
leaf_count=20 20 18 22 25 67 24 33 27 20 15 15 329 338 24 828 35
internal_value=-9.44942e-10 -0.106609 0.131043 -0.100753 0.0114224 0.467581 0.138149 -0.403674 -0.186627 0.0763836 -0.000845923 -0.0317156 0.0771266 0.171523 -0.0445601 -0.257887
internal_weight=1860 180 100 78 1680 44 53 80 53 35 1636 1172 464 362 1157 102
internal_count=1860 180 100 78 1680 44 53 80 53 35 1636 1172 464 362 1157 102
is_linear=0
shrinkage=0.1


Tree=135
num_leaves=14
num_cat=0
split_feature=5 2 4 6 6 6 5 6 9 4 4 10 4
split_gain=193.687 1023.62 1037 2340.49 1818.93 1779.41 976.815 918.487 893.984 817.707 1859.59 1095.89 662.33
threshold=45.767857142857146 87.500000000000014 41.142857142857146 23.889132802746655 29.019521482364496 24.860863407700453 46.089285714285715 23.084472001079501 4.5000000000000009 35.785714285714292 38.214285714285722 5.5000000000000009 46.071428571428577
decision_type=2 2 2 2 2 2 2 2 2 2 2 2 2
left_child=1 2 5 8 -5 7 -2 -1 -4 11 -11 -8 -12
right_child=6 -3 3 4 -6 -7 9 -9 -10 10 12 -13 -14
leaf_value=0.032378663888504342 0.82271263281504314 0.73629315085709102 0.072720421275922237 -1.2126273499594795 0.068814624100923538 0.83249141640133328 -0.80402748967920035 -0.71125502855413503 -0.39136867995484403 0.98403698682785046 0.23333947509527209 0.097572882358844468 -0.012002056464386868
leaf_weight=215 14.999999999999998 15.999999999999998 140 36 15.999999999999998 27 28 18 59 20 122 26 1122
leaf_count=215 15 16 140 36 16 27 28 18 59 20 122 26 1122
internal_value=1.04649e-10 -0.0513219 -0.0759831 -0.22097 -0.818338 0.063985 0.0202901 -0.0250694 -0.0648738 0.0111578 0.0274382 -0.369924 0.0120588
internal_weight=1860 527 511 251 52 260 1333 233 199 1318 1264 54 1244
internal_count=1860 527 511 251 52 260 1333 233 199 1318 1264 54 1244
is_linear=0
shrinkage=0.1


Tree=136
num_leaves=17
num_cat=0
split_feature=10 2 6 2 5 9 3 0 5 3 6 4 0 5 6 5
split_gain=205.378 1126.08 1063.65 828.398 788.018 392.425 1358.69 2102.05 2154.13 1969.22 1365.76 923.226 823.553 603.733 2453.51 2281.04
threshold=4.5000000000000009 93.000000000000014 40.163881685225697 18.500000000000004 58.232142857142868 5.5000000000000009 72.000000000000014 73.000000000000014 64.660714285714292 82.500000000000014 38.008507563246546 59.785714285714292 195.00000000000003 67.517857142857153 24.682834194389933 65.982142857142875
decision_type=2 2 2 2 2 2 2 2 2 2 2 2 2 2 2 2
left_child=1 2 3 -1 -5 12 7 11 -9 -8 -11 -7 13 15 -15 -2
right_child=5 -3 -4 4 -6 6 9 8 -10 10 -12 -13 -14 14 -16 -17
leaf_value=-0.73204723397890736 -0.0077093484972057674 0.64884135027726497 -0.93323279969832473 0.13438203616533428 -0.44551862920484231 -0.10901292620635615 -1.0336109740570898 1.5198936544358732 0.21782645472773798 0.44980572439157052 -0.50897528054192664 0.60791880643886076 -0.7222975566983223 1.3627126534779868 0.056506270536317904 -0.72767556908985842
leaf_weight=18 1015 18 17 96 31 82 21 24 27 39 24 23 15.999999999999998 14.999999999999998 348 46
leaf_count=18 1015 18 17 96 31 82 21 24 27 39 24 23 16 15 348 46
internal_value=6.72155e-10 -0.101517 -0.18489 -0.0971535 -0.00716852 0.0108768 0.129263 0.303858 0.830564 -0.194986 0.0845558 0.0480293 -0.00885413 -0.000837916 0.110482 -0.0389237
internal_weight=1860 180 162 145 127 1680 240 156 51 84 63 105 1440 1424 363 1061
internal_count=1860 180 162 145 127 1680 240 156 51 84 63 105 1440 1424 363 1061
is_linear=0
shrinkage=0.1


Tree=137
num_leaves=17
num_cat=0
split_feature=6 0 4 3 2 8 6 8 5 5 2 3 8 4 1 5
split_gain=206.968 2380.93 2535.33 2323.11 1315.94 2105.46 1135.04 991.078 944.181 751.98 745.131 2040.88 1612.28 1542 1530.78 2247.09
threshold=22.060615338866501 73.000000000000014 65.500000000000014 49.000000000000007 49.000000000000007 20.500000000000004 22.255932457393239 12.500000000000002 44.625000000000007 57.214285714285722 43.500000000000007 66.500000000000014 1.5000000000000002 40.928571428571438 100.50000000000001 72.964285714285737
decision_type=2 2 2 2 2 2 2 2 2 2 2 2 2 2 2 2
left_child=1 2 4 7 8 -6 -2 -3 -1 -5 14 12 -12 -13 15 -8
right_child=6 3 -4 9 5 -7 10 -9 -10 -11 11 13 -14 -15 -16 -17
leaf_value=0.014883472079124589 0.75334359975088216 0.55343115049249991 0.93273624438664005 -1.6759445858001709 -0.053043254197579326 -0.7769915489061755 -0.12677127798414153 -0.54311368875205523 0.42874822465578721 -0.76585227406543233 -0.40088982476215618 0.80816104147169332 0.28243884333562125 -0.1389576321584782 -0.8461683291655322 0.80815908919487678
leaf_weight=208 21 17 29 14.999999999999998 223 49 314 15.999999999999998 75 23 38 18 378 382 26 28
leaf_count=208 21 17 29 15 223 49 314 16 75 23 38 18 378 382 26 28
internal_value=1.58225e-09 -0.0452447 0.0212329 -0.592046 -0.0263952 -0.18346 0.0245936 0.021773 0.124565 -1.1251 0.0116681 0.0649426 0.220019 -0.0963373 -0.106462 -0.0502273
internal_weight=1860 655 584 71 555 272 1205 33 283 38 1184 816 416 400 368 342
internal_count=1860 655 584 71 555 272 1205 33 283 38 1184 816 416 400 368 342
is_linear=0
shrinkage=0.1


Tree=138
num_leaves=15
num_cat=0
split_feature=3 9 2 8 1 4 6 1 6 9 6 6 4 6
split_gain=194.128 905.015 2003.55 690.468 1038.88 496.628 474.566 1137.95 908.502 958.505 801.455 1177.9 740.333 351.501
threshold=17.500000000000004 2.5000000000000004 43.500000000000007 18.500000000000004 37.500000000000007 51.214285714285722 70.233554070950291 58.500000000000007 56.723342861218484 2.5000000000000004 50.777123985320195 47.984239542336589 68.285714285714292 28.077470936945158
decision_type=2 2 2 2 2 2 2 2 2 2 2 2 2 2
left_child=1 3 5 4 -1 -3 8 -8 10 -10 11 -2 -12 -6
right_child=6 2 -4 -5 13 -7 7 -9 9 -11 12 -13 -14 -15
leaf_value=0.51033212661743166 0.0054352791739729588 0.066129220194286784 0.84856953430175786 -0.92368582416983225 -0.17638285126951006 -0.66686972065975791 0.13871477168539298 -0.92286489804585781 -0.03449421525001526 1.0292578256792493 0.007504105567932128 0.69718846344947816 -0.97038297355175018 -0.81045155831996141
leaf_weight=14.999999999999998 1600 18 25 17 18 19 23 18 15.999999999999998 18 15.000000000000002 25 15.999999999999998 17
leaf_count=15 1600 18 25 17 18 19 23 18 16 18 15 25 16 17
internal_value=-4.31396e-09 -0.118343 0.157001 -0.373138 -0.185952 -0.310276 0.00881929 -0.327345 0.0169747 0.528669 0.00646896 0.0160776 -0.497212 -0.484359
internal_weight=1860 129 62 67 50 37 1731 41 1690 34 1656 1625 31 35
internal_count=1860 129 62 67 50 37 1731 41 1690 34 1656 1625 31 35
is_linear=0
shrinkage=0.1


Tree=139
num_leaves=15
num_cat=0
split_feature=10 8 7 8 4 1 4 6 2 9 1 8 1 9
split_gain=201.738 1041.68 893.224 971.786 2516.31 1186.26 824.708 1106.35 4448.97 1098.8 3008.92 2077.71 645.227 1373.47
threshold=5.5000000000000009 1.0000000180025095e-35 0.94642857142857151 16.500000000000004 40.714285714285715 37.500000000000007 137.85714285714289 62.850969679893957 37.500000000000007 1.5000000000000002 37.500000000000007 1.0000000180025095e-35 73.000000000000014 1.5000000000000002
decision_type=2 2 2 2 2 2 2 2 2 2 2 2 2 2
left_child=6 -2 12 5 -5 -4 7 9 -9 10 -1 -11 13 -3
right_child=1 2 3 4 -6 -7 -8 8 -10 11 -12 -13 -14 -15
leaf_value=-0.31610963042960111 0.59458528804779054 0.48715127005296593 0.17892422200904953 1.1628189296949478 0.027002512485495886 -0.23933771870928733 -0.55275532652934389 -0.55996153503656387 1.7982618167996407 -0.90141709121289082 0.39958451417140406 -0.0083968231969037948 -0.99086923678716021 -0.61925209155588445
leaf_weight=83 25 17 90 21 274 275 24 15.999999999999998 15.999999999999998 27 201 743 14.999999999999998 33
leaf_count=83 25 17 90 21 274 275 24 16 16 27 201 743 15 33
internal_value=1.66429e-09 -0.0400653 -0.0619498 -0.0271164 0.107857 -0.136205 0.0270711 0.039885 0.61915 0.0222982 0.19042 -0.0397105 -0.415643 -0.243075
internal_weight=1860 750 725 660 295 365 1110 1086 32 1054 284 770 65 50
internal_count=1860 750 725 660 295 365 1110 1086 32 1054 284 770 65 50
is_linear=0
shrinkage=0.1


Tree=140
num_leaves=20
num_cat=0
split_feature=6 3 5 6 6 5 0 6 10 2 5 6 2 5 8 1 6 0 6
split_gain=195.263 1003.8 1426.21 805.76 1377.3 1385.55 1749.15 1188.82 2620.97 1681.04 991.269 927.004 1666.31 763.889 706.2 619.931 737.595 597.428 187.953
threshold=17.719637567004696 49.000000000000007 44.625000000000007 18.908884633318028 18.781434313512381 38.303571428571438 31.000000000000004 20.043504140774051 5.5000000000000009 58.500000000000007 48.696428571428577 20.404516849159737 40.500000000000007 41.375000000000007 13.500000000000002 37.500000000000007 16.719083903535651 50.500000000000007 16.667515228299539
decision_type=2 2 2 2 2 2 2 2 2 2 2 2 2 2 2 2 2 2 2
left_child=1 2 13 4 5 -2 -7 8 9 -5 -10 12 -9 14 -1 18 -17 -13 -3
right_child=3 15 -4 7 -6 6 -8 11 10 -11 -12 17 -14 -15 -16 16 -18 -19 -20
leaf_value=0.5954864636063576 -0.6757238931126065 -0.97268873214721663 0.82332722761414279 0.45042716750973155 1.0931283239056082 1.0830340328670685 0.035203232096903257 1.203569652636846 -0.49872969024711189 -0.70158777268309347 -1.5482106897566055 -0.071795771266934857 -0.069231332466006282 -0.54398626708984377 -0.1575740371689652 0.19306944906711579 -0.58068566213954576 0.058398697481323515 -0.47208503186702733
leaf_weight=20 18 15.000000000000002 22 38 17 21 66 18 18 19 18 643 24 25 33 28 22 780 14.999999999999998
leaf_count=20 18 15 22 38 17 21 66 18 18 19 18 643 24 25 33 28 22 780 15
internal_value=2.19612e-09 -0.0989857 0.112233 0.0106056 0.258092 0.122896 0.288128 -0.00877398 -0.355472 0.0664222 -1.02347 0.0132348 0.476255 -0.0883317 0.1266 -0.363009 -0.147383 -0.00043127 -0.722387
internal_weight=1860 180 100 1680 122 105 87 1558 93 57 36 1465 42 78 53 80 50 1423 30
internal_count=1860 180 100 1680 122 105 87 1558 93 57 36 1465 42 78 53 80 50 1423 30
is_linear=0
shrinkage=0.1


Tree=141
num_leaves=16
num_cat=0
split_feature=10 0 4 1 1 4 7 6 6 6 5 6 6 6 9
split_gain=211.889 1006.25 1260.56 1614.27 713.258 727.674 567.409 377.099 599.432 918.021 1006.54 848.412 692.052 932.121 806.935
threshold=4.5000000000000009 73.000000000000014 60.642857142857146 67.500000000000014 67.500000000000014 49.857142857142868 0.98214285714285732 15.768328712266621 17.719637567004696 18.908884633318028 38.196428571428577 20.043504140774051 16.97401975306332 17.12484171391311 4.5000000000000009
decision_type=2 2 2 2 2 2 2 2 2 2 2 2 2 2 2
left_child=1 2 4 -4 5 -1 -3 -2 12 10 -10 -11 14 -14 -9
right_child=7 6 3 -5 -6 -7 -8 8 9 11 -12 -13 13 -15 -16
leaf_value=-0.18992447493707432 0.4223436667160555 -0.15977045148611069 -0.21805507926379933 1.0927720759596145 -0.68638218357449488 0.51007369537102554 -0.97821852597925396 0.199668914631561 -0.29517039006406609 -0.32777161952611567 0.46466053305637267 0.019991932136784712 -1.1146649807691575 -0.20479100289705554 -0.53086990061260408
leaf_weight=68 22 15.999999999999998 17 21 21 19 18 54 22 74 84 1349 15.999999999999998 38 21
leaf_count=68 22 16 17 21 21 19 18 54 22 74 84 1349 16 38 21
internal_value=-2.27793e-09 -0.103114 0.0109848 0.506349 -0.16331 -0.0370513 -0.593066 0.0110479 0.00559042 0.0230554 0.30696 0.00190725 -0.201417 -0.474383 -0.00488195
internal_weight=1860 180 146 38 108 87 34 1680 1658 1529 106 1423 129 54 75
internal_count=1860 180 146 38 108 87 34 1680 1658 1529 106 1423 129 54 75
is_linear=0
shrinkage=0.1


Tree=142
num_leaves=13
num_cat=0
split_feature=3 9 2 9 4 0 6 6 6 3 4 1
split_gain=197.832 812.244 1660.32 627.368 812.715 444.752 822.372 905.434 675.538 548.734 378.181 198.832
threshold=17.500000000000004 2.5000000000000004 43.500000000000007 1.5000000000000002 48.357142857142868 185.00000000000003 70.233554070950291 81.116043082102507 62.559657156190774 30.500000000000004 51.214285714285722 58.500000000000007
decision_type=2 2 2 2 2 2 2 2 2 2 2 2
left_child=1 3 10 4 -1 6 8 -8 9 -2 -3 -6
right_child=5 2 -4 -5 11 -7 7 -9 -10 -11 -12 -13
leaf_value=0.33255614591272259 0.11888341429221956 0.044476132922702367 0.7709340183734894 -0.88563815179993122 -0.75961583207050953 0.43638865451018022 -0.89629211539313902 0.08542463709326352 0.66002172082662591 -0.022591988554803419 -0.59516718689058168 -0.25283707142807543
leaf_weight=19 347 18 25 17 15.000000000000002 24 21 17 15.999999999999998 1306 19 15.999999999999998
leaf_count=19 347 18 25 17 15 24 21 17 16 1306 19 16
internal_value=-4.16942e-10 -0.119466 0.141383 -0.360849 -0.182421 0.00890304 0.0028927 -0.457103 0.0133659 0.00710672 -0.283989 -0.498053
internal_weight=1860 129 62 67 50 1731 1707 38 1669 1653 37 31
internal_count=1860 129 62 67 50 1731 1707 38 1669 1653 37 31
is_linear=0
shrinkage=0.1


Tree=143
num_leaves=11
num_cat=0
split_feature=2 9 6 6 5 5 6 6 5 4
split_gain=207.136 899.895 312.532 2027.27 2025.17 5787.6 925.033 872.024 780.318 710.984
threshold=1.0000000180025095e-35 2.5000000000000004 35.356267742555836 34.403621276621074 47.446428571428577 52.071428571428577 33.509627668202675 32.653465452450071 45.071428571428577 74.357142857142875
decision_type=2 2 2 2 2 2 2 2 2 2
left_child=1 -1 3 6 8 -6 7 -2 -4 -7
right_child=2 -3 4 -5 5 9 -8 -9 -10 -11
leaf_value=0.75791470574008102 0.0051166088825749211 -0.16189778676399819 -0.33974131425221754 1.17439497033755 1.9083116324742637 -0.25972996173366425 -0.68740296740280959 0.6546091824769974 -1.3436889769509435 0.015713746770273283
leaf_weight=18 1323 26 15.000000000000002 14.999999999999998 14.999999999999998 155 19 21 15.999999999999998 237
leaf_count=18 1323 26 15 15 15 155 19 21 16 237
internal_value=1.00187e-09 0.214389 -0.00519445 0.018194 -0.0787773 -0.0194332 0.00546985 0.0152649 -0.857908 -0.0931989
internal_weight=1860 44 1816 1378 438 407 1363 1344 31 392
internal_count=1860 44 1816 1378 438 407 1363 1344 31 392
is_linear=0
shrinkage=0.1


Tree=144
num_leaves=14
num_cat=0
split_feature=6 0 4 3 6 1 6 8 6 6 0 6 5
split_gain=179.886 1815.07 2035.95 1819.33 1155.7 1020.94 924.807 811.734 592.155 1044.03 2186.79 791.122 577.662
threshold=22.060615338866501 73.000000000000014 65.500000000000014 49.000000000000007 21.737458822065815 58.500000000000007 22.255932457393239 12.500000000000002 22.505993518315652 23.084472001079501 58.500000000000007 23.457552043507821 61.535714285714299
decision_type=2 2 2 2 2 2 2 2 2 2 2 2 2
left_child=1 2 4 7 5 -1 -2 -3 -8 10 -10 -11 -5
right_child=6 3 -4 12 -6 -7 8 -9 9 11 -12 -13 -14
leaf_value=0.092193193464265175 0.68073469741003856 0.50475308754864867 0.83267935514450075 -1.3238338603214785 -0.64138516146561197 -0.22093741187005192 -0.4431427836418152 -0.48763033021241431 -0.096560477873971387 -0.41424703205173669 1.1903724986573925 0.018509149729909767 -0.53414264619350438
leaf_weight=383 21 17 29 22 29 143 28 15.999999999999998 31 44 23 1058 15.999999999999998
leaf_count=383 21 17 29 22 29 143 28 16 31 44 23 1058 16
internal_value=-4.74474e-10 -0.0421808 0.0158621 -0.519604 -0.0268184 0.00706453 0.0229282 0.0235975 0.011261 0.0222673 0.451578 0.00123032 -0.991332
internal_weight=1860 655 584 71 555 526 1205 33 1184 1156 54 1102 38
internal_count=1860 655 584 71 555 526 1205 33 1184 1156 54 1102 38
is_linear=0
shrinkage=0.1


Tree=145
num_leaves=10
num_cat=0
split_feature=0 6 7 6 4 0 6 5 4
split_gain=175.707 235.425 658.163 362.882 3148.26 6657.05 1163.73 1202.83 724.072
threshold=205.00000000000003 70.233554070950291 0.91071428571428592 42.244123831974896 36.928571428571438 29.500000000000004 40.408462777430891 105.53571428571429 109.28571428571429
decision_type=2 2 2 2 2 2 2 2 2
left_child=1 3 -3 6 -5 -6 7 -1 -8
right_child=-2 2 -4 4 5 -7 8 -9 -10
leaf_value=-0.0043745072641114702 -0.32995824217796327 0.27351430023417755 -0.510135503472953 -0.97882242772890182 2.1492322174065257 0.079521225977339141 -0.837183658723478 0.74040698788382797 -0.004057117288603502
leaf_weight=1511 15.999999999999998 17 29 23 17 181 27 22 17
leaf_count=1511 16 17 29 23 17 181 27 22 17
internal_value=-6.09466e-10 0.00286298 -0.220526 0.00857815 0.128585 0.257224 -0.0082396 0.00631381 -0.515294
internal_weight=1860 1844 46 1798 221 198 1577 1533 44
internal_count=1860 1844 46 1798 221 198 1577 1533 44
is_linear=0
shrinkage=0.1


Tree=146
num_leaves=16
num_cat=0
split_feature=10 5 9 8 4 9 3 0 0 6 2 0 6 5 5
split_gain=183.231 872.869 1183.05 1647.18 780.888 383.567 975.554 1802.68 1666.43 1965.11 1578.44 683.929 580.186 2514.66 1725.14
threshold=4.5000000000000009 78.750000000000014 5.5000000000000009 23.500000000000004 68.285714285714292 5.5000000000000009 72.000000000000014 115.00000000000001 100.50000000000001 29.268096728282085 93.000000000000014 195.00000000000003 39.03736243902555 51.125000000000007 98.875000000000014
decision_type=2 2 2 2 2 2 2 2 2 2 2 2 2 2 2
left_child=1 2 3 4 -1 11 8 10 9 -7 -8 12 14 -14 -2
right_child=5 -3 -4 -5 -6 6 7 -9 -10 -11 -12 -13 13 -15 -16
leaf_value=-0.18453830587432574 -0.013511699232214965 -0.80090537406504159 -0.6321092106677868 0.80857908384731181 0.57061335965991022 0.35028843229015671 -0.17903727762541682 -1.1024601645767689 1.1039431954423586 -0.5674202093978723 0.98290568669637046 -0.65939166396856308 1.044117103682624 0.029431945708347486 -0.78200017700592683
leaf_weight=95 1111 15.999999999999998 27 26 15.999999999999998 105 53 15.999999999999998 21 30 14.999999999999998 15.999999999999998 27 256 30
leaf_count=95 1111 16 27 26 16 105 53 16 21 30 15 16 27 256 30
internal_value=-2.7449e-10 -0.0958872 -0.027105 0.0921294 -0.0756876 0.0102736 0.127316 -0.147438 0.27526 0.146353 0.0772737 -0.00923335 -0.0019282 0.126239 -0.0337174
internal_weight=1860 180 164 137 111 1680 240 84 156 135 68 1440 1424 283 1141
internal_count=1860 180 164 137 111 1680 240 84 156 135 68 1440 1424 283 1141
is_linear=0
shrinkage=0.1


Tree=147
num_leaves=13
num_cat=0
split_feature=2 9 0 1 0 6 6 3 9 0 6 5
split_gain=167.597 731.079 312.584 1449.75 1493.62 2150.56 1273.69 627.851 948.866 776.192 2791.72 1064.45
threshold=1.0000000180025095e-35 2.5000000000000004 115.00000000000001 23.000000000000004 121.50000000000001 34.403621276621074 33.302486308801278 143.50000000000003 4.5000000000000009 89.000000000000014 22.060615338866501 101.37500000000001
decision_type=2 2 2 2 2 2 2 2 2 2 2 2
left_child=1 -1 7 -4 5 -5 -6 9 -9 11 -11 -2
right_child=2 -3 3 4 6 -7 -8 8 -10 10 -12 -13
leaf_value=0.68274393760495722 -0.018979928223078039 -0.1463154517687284 -1.0723519563674928 0.20910600423812867 -0.62472958690241764 -1.3390909678057621 0.26772095862001477 -0.91462109751171539 0.14376895502209663 -0.58654423438404735 0.356271023214769 0.82799497683842971
leaf_weight=18 1377 26 14.999999999999998 17 19 19 101 18 15.999999999999998 38 181 14.999999999999998
leaf_count=18 1377 26 15 17 19 19 101 18 16 38 181 15
internal_value=-2.96546e-10 0.192845 -0.00467246 -0.133352 -0.0430639 -0.607998 0.126416 0.00870399 -0.416555 0.017679 0.192678 -0.00985304
internal_weight=1860 44 1816 171 156 36 120 1645 34 1611 219 1392
internal_count=1860 44 1816 171 156 36 120 1645 34 1611 219 1392
is_linear=0
shrinkage=0.1


Tree=148
num_leaves=9
num_cat=0
split_feature=4 0 3 4 4 2 4 8
split_gain=181.739 245.956 347.152 2222.54 2604.85 944.458 1263 877.219
threshold=149.28571428571431 185.00000000000003 100.50000000000001 124.0714285714286 112.42857142857144 73.000000000000014 122.14285714285715 26.500000000000004
decision_type=2 2 2 2 2 2 2 2
left_child=1 2 5 4 -4 7 -7 -1
right_child=-2 -3 3 -5 -6 6 -8 -9
leaf_value=0.0055256972249874197 -0.32546604924342215 0.3145271615982056 0.17311907552755798 1.1856414324707456 -1.0527687060832978 -0.098419446063191529 -0.7637747606923504 0.3538551950222486
leaf_weight=1184 17 25 130 18 20 358 31 77
leaf_count=1184 17 25 130 18 20 358 31 77
internal_value=2.12001e-09 0.00300213 -0.00128177 0.135665 0.00966737 -0.0152254 -0.151443 0.0267956
internal_weight=1860 1843 1818 168 150 1650 389 1261
internal_count=1860 1843 1818 168 150 1650 389 1261
is_linear=0
shrinkage=0.1


Tree=149
num_leaves=12
num_cat=0
split_feature=3 8 1 5 5 6 6 6 6 6 4
split_gain=177.333 756.236 1103.26 725.643 682.633 915.214 436.999 470.267 763.327 457.232 203.944
threshold=17.500000000000004 18.500000000000004 29.500000000000004 63.232142857142868 56.017857142857146 18.908884633318028 16.110824727895697 16.403316221860404 16.565803296208312 16.97401975306332 30.571428571428573
decision_type=2 2 2 2 2 2 2 2 2 2 2
left_child=1 2 -1 -3 5 -4 10 -8 -9 -10 -2
right_child=6 3 4 -5 -6 -7 7 8 9 -11 -12
leaf_value=0.61601809899633131 -0.6138117376963298 -0.95414091481102836 0.31017425820231437 -0.012388981779416403 0.34739278978423072 -0.61231624068398227 0.49798989027738572 -0.63750008642673495 0.35122255265712737 0.0089665973795456776 -0.13985644242037898
leaf_weight=24 14.999999999999998 18 14.999999999999998 14.999999999999998 19 38 20 18 40 1615 23
leaf_count=24 15 18 15 15 19 38 20 18 40 1615 23
internal_value=9.66973e-10 -0.113108 0.0288489 -0.526072 -0.166874 -0.351234 0.00842916 0.0159567 0.0101942 0.0172386 -0.326944
internal_weight=1860 129 96 33 72 53 1731 1693 1673 1655 38
internal_count=1860 129 96 33 72 53 1731 1693 1673 1655 38
is_linear=0
shrinkage=0.1


end of trees

feature_importances:
Column_6=379
Column_4=307
Column_5=270
Column_0=259
Column_1=200
Column_8=178
Column_2=163
Column_9=153
Column_3=149
Column_7=69
Column_10=46

parameters:
[boosting: gbdt]
[objective: regression]
[metric: l2]
[tree_learner: serial]
[device_type: cpu]
[data_sample_strategy: bagging]
[data: ]
[valid: ]
[num_iterations: 150]
[learning_rate: 0.1]
[num_leaves: 20]
[num_threads: 1]
[seed: 20261009]
[deterministic: 1]
[force_col_wise: 1]
[force_row_wise: 0]
[histogram_pool_size: -1]
[max_depth: 5]
[min_data_in_leaf: 15]
[min_sum_hessian_in_leaf: 0.001]
[bagging_fraction: 1]
[pos_bagging_fraction: 1]
[neg_bagging_fraction: 1]
[bagging_freq: 0]
[bagging_seed: 26940]
[bagging_by_query: 0]
[feature_fraction: 1]
[feature_fraction_bynode: 1]
[feature_fraction_seed: 7539]
[extra_trees: 0]
[extra_seed: 29524]
[early_stopping_round: 0]
[early_stopping_min_delta: 0]
[first_metric_only: 0]
[max_delta_step: 0]
[lambda_l1: 0]
[lambda_l2: 0]
[linear_lambda: 0]
[min_gain_to_split: 0]
[drop_rate: 0.1]
[max_drop: 50]
[skip_drop: 0.5]
[xgboost_dart_mode: 0]
[uniform_drop: 0]
[drop_seed: 7068]
[top_rate: 0.2]
[other_rate: 0.1]
[min_data_per_group: 100]
[max_cat_threshold: 32]
[cat_l2: 10]
[cat_smooth: 10]
[max_cat_to_onehot: 4]
[top_k: 20]
[monotone_constraints: ]
[monotone_constraints_method: basic]
[monotone_penalty: 0]
[feature_contri: ]
[forcedsplits_filename: ]
[refit_decay_rate: 0.9]
[cegb_tradeoff: 1]
[cegb_penalty_split: 0]
[cegb_penalty_feature_lazy: ]
[cegb_penalty_feature_coupled: ]
[path_smooth: 0]
[interaction_constraints: ]
[verbosity: -1]
[saved_feature_importance_type: 0]
[use_quantized_grad: 0]
[num_grad_quant_bins: 4]
[quant_train_renew_leaf: 0]
[stochastic_rounding: 1]
[linear_tree: 0]
[max_bin: 255]
[max_bin_by_feature: ]
[min_data_in_bin: 3]
[bin_construct_sample_cnt: 200000]
[data_random_seed: 5376]
[is_enable_sparse: 1]
[enable_bundle: 1]
[use_missing: 1]
[zero_as_missing: 0]
[feature_pre_filter: 1]
[pre_partition: 0]
[two_round: 0]
[header: 0]
[label_column: ]
[weight_column: ]
[group_column: ]
[ignore_column: ]
[categorical_feature: ]
[forcedbins_filename: ]
[precise_float_parser: 0]
[parser_config_file: ]
[objective_seed: 6783]
[num_class: 1]
[is_unbalance: 0]
[scale_pos_weight: 1]
[sigmoid: 1]
[boost_from_average: 1]
[reg_sqrt: 0]
[alpha: 0.9]
[fair_c: 1]
[poisson_max_delta_step: 0.7]
[tweedie_variance_power: 1.5]
[lambdarank_truncation_level: 30]
[lambdarank_norm: 1]
[label_gain: ]
[lambdarank_position_bias_regularization: 0]
[eval_at: ]
[multi_error_top_k: 1]
[auc_mu_weights: ]
[num_machines: 1]
[local_listen_port: 12400]
[time_out: 120]
[machine_list_filename: ]
[machines: ]
[gpu_platform_id: -1]
[gpu_device_id: -1]
[gpu_device_id_list: ]
[gpu_use_dp: 0]
[num_gpu: 1]

end of parameters

pandas_categorical:null
