tree
version=v4
num_class=1
num_tree_per_iteration=1
label_index=0
max_feature_idx=10
objective=regression
feature_names=Column_0 Column_1 Column_2 Column_3 Column_4 Column_5 Column_6 Column_7 Column_8 Column_9 Column_10
feature_infos=[0:360] [0:360] [0:360] [0:360] [18.571428571428573:181.42857142857142] [26.785714285714285:150.35714285714286] [11.666059265043625:90.232126954283189] [0.7142857142857143:1] [0:29] [0:6] [4:6]
tree_sizes=1738 1777 1781 1794 1784 1792 1794 1799 1789 1799 1787 1841 1799 1800 1830 1769 1457 1583 1780 1884 1493 1683 1332 1822 1417 1695 1761 1162 1553 1831 1685 1499 1679 1768 1184 1720 1246 1451 1480 1790 1863 1103 1887 740 1869 1448 1374 1217 1589 757 1722 1457 1847 1829 1868 916 1748 1840 1785 786 1896 789 1778 1498 1006 1156 1490 1820 911 1827 1844 1576 1076 1639 1748 740 1808 1613 1586 1360 1829 1358 1772 838 1370 1498 1844 1554 801 1899 1735 1532 713 1632 1553 1865 1881 1903 684 1732 1470 1867 1900 1430 715 1543 716 1802 1731 855 1758 1823 1186 1289 790 742 1037 1345 1866 1553 702 1773 1283 1098 745 757 1810 1811 1294 1814 1651 1547 1283 1390 759 1446 1807 1651 1406 1850 1797 1485 1246 1802 1886 1765 1342 779 1636 762

Tree=0
num_leaves=20
num_cat=0
split_feature=4 4 4 0 9 9 9 9 2 2 6 7 1 1 5 0 3 5 6
split_gain=662934 86817.1 84713.3 51772.7 32115.5 24943.4 22963.3 15592.3 15005.2 13772.7 12811.6 9844.75 9756.88 9631.86 9245 8479.58 8464 6926.71 7771.6
threshold=77.714285714285737 120.71428571428574 54.000000000000007 51.000000000000007 4.5000000000000009 3.5000000000000004 4.5000000000000009 4.5000000000000009 67.500000000000014 87.500000000000014 31.933828256504512 0.91071428571428592 89.000000000000014 67.500000000000014 95.892857142857153 60.500000000000007 76.500000000000014 59.660714285714299 29.191514118829328
decision_type=2 2 2 2 2 2 2 2 2 2 2 2 2 2 2 2 2 2 2
left_child=2 3 7 9 14 8 11 12 -5 -2 -7 13 15 -4 -3 -1 -16 18 -8
right_child=1 4 6 5 -6 10 17 -9 -10 -11 -12 -13 -14 -15 16 -17 -18 -19 -20
leaf_value=60.272013623325719 60.895720230360411 65.83418174339063 65.128918643552907 63.734181816505668 72.250181976722956 65.847515194343799 63.330610376864804 61.509857475857189 66.073422343960473 64.700848502245819 68.424922632304103 61.842802497254397 62.806404059920652 61.900848480523237 70.234181973861922 61.394941286636488 67.474181847023246 64.033032375871827 61.034181799816366
leaf_weight=452 26 14.999999999999998 19 42 25 30 56 222 79 14.999999999999998 54 348 18 18 20 79 25 87 20
leaf_count=452 26 15 19 42 25 30 56 222 79 15 54 348 18 18 20 79 25 87 20
internal_value=62.4824 66.4837 61.4783 65.5317 69.2389 66.1805 62.4289 60.8027 65.2615 62.2878 67.5044 62.0077 60.5167 63.5585 67.9842 60.4391 68.7008 63.4238 62.7263
internal_weight=1650 331 1319 246 85 205 548 771 121 41 84 385 549 37 60 531 45 163 76
internal_count=1650 331 1319 246 85 205 548 771 121 41 84 385 549 37 60 531 45 163 76
is_linear=0
shrinkage=1


Tree=1
num_leaves=20
num_cat=0
split_feature=4 4 4 0 9 9 4 1 9 9 2 1 6 5 7 5 10 3 0
split_gain=536977 72046.4 70321.8 41935.9 26013.5 20204.2 19405.2 13929.4 12567.2 11515.2 11155.9 10877.7 10398.5 8089.54 7550.9 7488.45 7442.56 6855.84 6095.91
threshold=77.714285714285737 61.142857142857146 120.71428571428574 51.000000000000007 4.5000000000000009 3.5000000000000004 44.142857142857146 93.000000000000014 4.5000000000000009 3.5000000000000004 87.500000000000014 67.500000000000014 32.391892170290298 62.517857142857146 0.91071428571428592 95.892857142857153 4.5000000000000009 76.500000000000014 82.000000000000014
decision_type=2 2 2 2 2 2 2 2 2 2 2 2 2 2 2 2 2 2 2
left_child=1 6 3 10 15 7 16 -5 14 13 -2 -11 -7 -8 -3 -4 -1 -17 -10
right_child=2 8 4 5 -6 12 9 -9 18 11 -12 -13 -14 -15 -16 17 -18 -19 -20
leaf_value=-2.806270418491434 -1.4280335838978109 1.5063414741445471 3.0165817578633627 1.5853087541035245 8.7909817123413099 3.0649987128473097 -1.56290164106422 3.7581330495722156 1.7573018740963293 -0.90841928763894852 1.9965818277994793 0.53383415583521132 5.3707153268580168 -0.27920775507887202 -0.27528024244308474 6.9765817108750348 -1.664019940675652 4.492581788063049 0.15559612819126675
leaf_weight=68 26 27 14.999999999999998 70 25 31 270 51 74 151 14.999999999999998 80 53 60 200 20 354 25 35
leaf_count=68 26 27 15 70 25 31 270 51 74 151 15 80 53 60 200 20 354 25 35
internal_value=7.11282e-09 -0.903706 3.60117 2.74439 6.08082 3.32829 -1.3358 2.50113 0.360421 -0.950447 -0.175126 -0.408938 4.5198 -1.3295 -0.0633693 4.95158 -1.84808 5.59658 1.24299
internal_weight=1650 1319 331 246 85 205 983 121 336 561 41 231 84 330 227 60 422 45 109
internal_count=1650 1319 331 246 85 205 983 121 336 561 41 231 84 330 227 60 422 45 109
is_linear=0
shrinkage=0.1


Tree=2
num_leaves=20
num_cat=0
split_feature=4 4 4 0 9 1 9 2 0 9 0 5 2 6 9 8 5 5 3
split_gain=434951 58357.5 56960.7 33968.1 21070.9 16530.7 16365.4 11459.7 11156.4 10831.1 10320.4 9488.08 9036.27 8513.76 8102.42 7012.49 6826.91 6065.65 5553.23
threshold=77.714285714285737 61.142857142857146 120.71428571428574 51.000000000000007 4.5000000000000009 51.000000000000007 3.5000000000000004 67.500000000000014 29.500000000000004 4.5000000000000009 60.500000000000007 47.875000000000007 87.500000000000014 30.358193095594938 3.5000000000000004 13.500000000000002 51.767857142857146 95.892857142857153 76.500000000000014
decision_type=2 2 2 2 2 2 2 2 2 2 2 2 2 2 2 2 2 2 2
left_child=1 5 3 12 17 10 7 -5 -3 -10 11 -1 -2 -8 -12 -7 -11 -4 -19
right_child=2 8 4 6 -6 15 13 -9 9 16 14 -13 -14 -15 -16 -17 -18 18 -20
leaf_value=-1.9668191376494037 -1.2852301450876089 2.6780420893117003 2.71492356300354 0.91631702582041419 7.9118836736679077 -1.0777340357434262 2.6050448947482643 2.960600555848472 -0.22513758285504554 -0.75112481647067608 -1.2209197719673535 -1.0933601597422047 1.7969236278533935 4.7607082295836065 0.4448110464007356 -0.10889960444172626 1.3904998194339664 6.2789237833023073 4.0433235468864437
leaf_weight=360 26 19 14.999999999999998 42 25 146 27 79 213 18 91 190 14.999999999999998 57 43 153 86 20 25
leaf_count=360 26 19 15 42 25 146 27 79 213 18 91 190 15 57 43 153 86 20 25
internal_value=-1.3117e-11 -0.813336 3.24106 2.46995 5.47274 -1.20222 2.99546 2.25101 0.324379 0.183307 -1.47335 -1.66508 -0.157613 4.06782 -0.686394 -0.581976 1.01983 4.45642 5.03692
internal_weight=1650 1319 331 246 85 983 205 121 336 317 684 550 41 84 134 299 104 60 45
internal_count=1650 1319 331 246 85 983 205 121 336 317 684 550 41 84 134 299 104 60 45
is_linear=0
shrinkage=0.1


Tree=3
num_leaves=20
num_cat=0
split_feature=4 0 4 6 9 4 1 5 4 9 10 8 0 9 5 4 2 2 4
split_gain=352310 47778.5 47373.8 29846.3 24224.6 17821.3 16961.2 15241.3 14238.9 11974.4 11479.5 11006.9 9136.77 9264.64 8326.46 8240.44 5957.3 4152.68 4109.57
threshold=77.714285714285737 67.500000000000014 60.142857142857146 42.244123831974896 4.5000000000000009 120.71428571428574 93.000000000000014 90.892857142857153 35.785714285714292 3.5000000000000004 5.5000000000000009 13.500000000000002 29.500000000000004 4.5000000000000009 47.196428571428577 37.857142857142868 49.000000000000007 100.50000000000001 109.28571428571429
decision_type=2 2 2 2 2 2 2 2 2 2 2 2 2 2 2 2 2 2 2
left_child=2 7 8 6 11 -6 18 -2 -1 14 -8 -5 -4 17 -10 -11 -15 -14 -3
right_child=1 3 12 4 5 -7 10 -9 9 15 -12 -13 13 16 -16 -17 -18 -19 -20
leaf_value=-1.8280177867703324 -0.46113421663324888 1.470923557917277 2.4102379447535469 5.1448931582272053 4.7443654044469188 9.5421951413154602 4.7021820418834688 2.9608899987406203 -1.720208582068101 1.643665439552731 2.2278336811065675 2.5419938170548644 -0.35436238212202065 -0.6266096580028534 -0.84371178394458335 -0.55643874391154113 1.2915944503160084 1.1572648483514787 3.2841122515996299
leaf_weight=205 47 75 19 32 15.000000000000002 15.999999999999998 50 18 195 18 30 33 199 20 244 314 85 20 14.999999999999998
leaf_count=205 47 75 19 32 15 16 50 18 195 18 30 33 199 20 244 314 85 20 15
internal_value=6.99181e-09 2.91695 -0.732002 3.51086 4.92045 7.22066 2.71485 0.486503 -1.08728 -0.890327 3.7743 3.82342 0.278936 0.153952 -1.23304 -0.437156 0.926222 -0.216314 1.77312
internal_weight=1650 331 1319 266 96 31 170 65 976 771 80 65 343 324 439 332 105 219 90
internal_count=1650 331 1319 266 96 31 170 65 976 771 80 65 343 324 439 332 105 219 90
is_linear=0
shrinkage=0.1


Tree=4
num_leaves=20
num_cat=0
split_feature=4 4 2 0 6 9 1 3 8 8 4 0 6 0 5 5 0 9 8
split_gain=286020 62520.5 29419.9 18743.2 17215 13945.3 12284.5 9472.08 9009.16 8304.38 7941.42 7891.58 7159.94 6577.26 7533.34 6566.36 6105.08 6012.52 5767.17
threshold=93.571428571428598 61.142857142857146 93.000000000000014 67.500000000000014 53.499834958867616 4.5000000000000009 51.000000000000007 135.00000000000003 27.500000000000004 11.500000000000002 103.5714285714286 60.500000000000007 39.509290437055803 93.000000000000014 67.928571428571445 47.875000000000007 29.500000000000004 3.5000000000000004 13.500000000000002
decision_type=2 2 2 2 2 2 2 2 2 2 2 2 2 2 2 2 2 2 2
left_child=1 6 3 -2 7 13 11 10 -7 -5 -4 15 -11 16 -15 -1 -3 -13 -8
right_child=2 5 4 9 -6 8 18 -9 -10 12 -12 17 -14 14 -16 -17 -18 -19 -20
leaf_value=-1.6266703261103896 -0.56760588600522 1.6384028620190092 5.3027982964235196 4.1100601903597518 7.4342612296342852 1.0140904994514901 -0.88917339946309193 5.7841121718997046 3.6099643643697101 3.0837123148781913 2.8587657146766539 -0.98030071887341175 0.99676408113971837 0.13700002528006031 2.6263334488868715 -0.90003633886575707 -0.27457403083119475 0.45461228947306787 -0.010565803000350404
leaf_weight=360 21 18 17 30 15.999999999999998 123 146 21 14.999999999999998 35 61 91 31 31 20 190 228 43 153
leaf_count=360 21 18 17 30 16 123 146 21 15 35 61 91 31 31 20 190 228 43 153
internal_value=6.52761e-09 -0.532552 3.25499 2.13856 4.39084 0.46562 -0.974266 3.89898 1.29625 2.73054 3.39144 -1.20799 2.10348 0.0796702 1.11321 -1.37565 -0.1346 -0.519844 -0.439585
internal_weight=1650 1418 232 117 115 435 983 99 138 96 78 684 66 297 51 550 246 134 299
internal_count=1650 1418 232 117 115 435 983 99 138 96 78 684 66 297 51 550 246 134 299
is_linear=0
shrinkage=0.1


Tree=5
num_leaves=20
num_cat=0
split_feature=4 0 4 6 9 4 1 5 9 9 10 0 8 10 4 5 5 4 3
split_gain=233732 33578.4 31911.4 20942.6 19164.1 13516.3 11631.5 10912 8773.46 8705.87 8557.7 7499.06 7364.15 5572.05 5157.52 5013.9 4515.87 3731.58 3615.95
threshold=77.714285714285737 67.500000000000014 54.000000000000007 42.244123831974896 4.5000000000000009 120.71428571428574 93.000000000000014 90.892857142857153 3.5000000000000004 4.5000000000000009 5.5000000000000009 60.500000000000007 13.500000000000002 5.5000000000000009 63.000000000000007 50.053571428571438 50.053571428571438 32.928571428571438 58.500000000000007
decision_type=2 2 2 2 2 2 2 2 2 2 2 2 2 2 2 2 2 2 2
left_child=2 7 8 6 12 -6 -3 -2 15 13 -8 17 -5 14 -4 -1 -11 -10 -15
right_child=1 3 9 4 5 -7 10 -9 11 16 -12 -13 -14 18 -16 -17 -18 -19 -20
leaf_value=-1.5306733317697798 -0.46346082433741148 1.4271246531274584 -0.36621092987965936 4.1597014784812929 3.9438747660319002 8.1222119092941281 3.885473868370056 2.4320432076851528 -1.5104513529936474 -0.69883349129687189 1.7490963808695477 0.59291603619402111 2.0306513555122145 -1.3375506054438078 0.54596453332433514 -0.79982165070798472 0.81311340776937358 -0.62411288998759629 -0.2610010576248169
leaf_weight=303 47 90 158 32 15.000000000000002 15.999999999999998 50 18 60 23 30 44 33 65 102 136 140 228 60
leaf_count=303 47 90 158 32 15 16 50 18 60 23 30 44 33 65 102 136 140 228 60
internal_value=4.62478e-09 2.37588 -0.596222 2.87377 4.05454 6.10044 2.20699 0.338371 -1.0109 -0.012794 3.08433 -0.623002 3.0788 -0.27214 -0.00835748 -1.30426 0.599771 -0.808767 -0.820807
internal_weight=1650 331 1319 266 96 31 170 65 771 548 80 332 65 385 260 439 163 288 125
internal_count=1650 331 1319 266 96 31 170 65 771 548 80 332 65 385 260 439 163 288 125
is_linear=0
shrinkage=0.1


Tree=6
num_leaves=20
num_cat=0
split_feature=4 4 4 6 1 0 9 6 0 9 3 5 6 10 7 0 2 6 6
split_gain=189323 28767.1 25848.3 13104.4 13326.2 12812.4 9911.9 8299.02 10765.1 7395.06 7268.83 6817.54 5743.17 6166.5 4861.14 4560.96 3786.7 3619.87 3275.04
threshold=77.714285714285737 109.28571428571429 54.000000000000007 65.248806968176609 165.00000000000003 58.500000000000007 5.5000000000000009 49.308259861081915 18.500000000000004 4.5000000000000009 76.500000000000014 82.589285714285737 24.669214672081605 4.5000000000000009 0.91071428571428592 93.000000000000014 58.500000000000007 17.855410535517851 40.125758437612582
decision_type=2 2 2 2 2 2 2 2 2 2 2 2 2 2 2 2 2 2 2
left_child=2 5 9 4 15 18 10 8 -4 12 -7 -10 16 -14 -11 -3 -1 -16 -2
right_child=1 3 7 -5 -6 6 -8 -9 11 14 -12 -13 13 -15 17 -17 -18 -19 -20
leaf_value=-1.1534469684798445 -1.467015188932419 4.289978686622951 2.5416802181917078 0.45844210942586266 5.6492756843566898 0.8381314425967461 3.644746707833332 -1.9609947261356173 -0.097597005037368567 -2.0477538340231951 2.3358176158024717 1.6289368624488514 -2.4226001416935645 -0.41301018230120345 -1.168951016664505 2.6777216616514572 -1.9136234803568748 -0.087583258944357228 0.52632076880511114
leaf_weight=298 15.999999999999998 23 17 14.999999999999998 25 86 23 21 486 17 52 24 17 150 38 74 84 167 17
leaf_count=298 16 23 17 15 25 86 23 21 486 17 52 24 17 150 38 74 84 167 17
internal_value=-6.89969e-10 2.13829 -0.5366 3.24766 3.5906 1.35488 1.7228 -0.0115146 0.0661687 -0.909813 1.40248 -0.0163484 -1.10675 -0.617579 -0.422785 3.06001 -1.32061 -0.288032 -0.440145
internal_weight=1650 331 1319 137 122 194 161 548 527 771 138 510 549 167 222 97 382 205 33
internal_count=1650 331 1319 137 122 194 161 548 527 771 138 510 549 167 222 97 382 205 33
is_linear=0
shrinkage=0.1


Tree=7
num_leaves=20
num_cat=0
split_feature=4 4 2 3 8 1 3 1 9 3 5 0 9 8 6 4 4 8 0
split_gain=154626 35092.5 19277.7 18544.3 13930.6 9844.68 9837.73 10824.6 9202.06 7176.99 6137.46 9115.81 5705.51 5497.61 5045.16 4741.5 4691.85 13823.8 5769.46
threshold=93.571428571428598 61.928571428571438 67.500000000000014 38.500000000000007 13.500000000000002 51.000000000000007 143.50000000000003 93.000000000000014 4.5000000000000009 58.500000000000007 49.982142857142868 58.500000000000007 5.5000000000000009 13.500000000000002 18.00366669201458 36.928571428571438 73.857142857142875 18.500000000000004 82.000000000000014
decision_type=2 2 2 2 2 2 2 2 2 2 2 2 2 2 2 2 2 2 2
left_child=1 5 4 -4 -2 12 7 -5 10 -6 -3 -12 15 -7 -15 -1 18 -18 -10
right_child=2 8 3 6 9 13 -8 -9 16 -11 11 -13 -14 14 -16 -17 17 -19 -20
leaf_value=-1.4547159249965962 3.0560516846179961 2.0569679240385694 5.5198133269945782 0.75001531083964645 -1.659965647591485 -0.67667613572690621 4.7815339957966527 2.7922608385723766 1.2883933273951214 0.98155456781387329 -0.95576022941921213 0.36929219556094589 -0.073186635971069336 -1.3066835392089118 0.34691132639387723 -0.83622608852963298 -0.17225482602914177 3.8436876666545872 -0.49503040588819069
leaf_weight=169 20 14.999999999999998 24 36 18 153 17 93 60 24 74 174 74 21 152 465 14.999999999999998 20 26
leaf_count=169 20 15 24 36 18 153 17 93 60 24 74 174 74 21 152 465 15 20 26
internal_value=-1.49621e-09 -0.391567 2.39328 2.94378 0.883854 -0.694728 2.52032 2.22233 0.42476 -0.150526 0.092719 -0.0260864 -0.904107 -0.240004 0.146186 -1.00109 1.14647 2.12257 0.749219
internal_weight=1650 1418 232 170 62 1034 146 129 384 42 263 248 708 326 173 634 121 35 86
internal_count=1650 1418 232 170 62 1034 146 129 384 42 263 248 708 326 173 634 121 35 86
is_linear=0
shrinkage=0.1


Tree=8
num_leaves=20
num_cat=0
split_feature=4 4 2 6 0 4 1 6 9 4 6 9 0 9 5 6 8 9 1
split_gain=125247 28425 15917.9 12066.5 9886.63 8032.79 7974.19 7651.88 7453.67 5466.83 12350.4 5996.23 5036.64 5034.43 4971.34 7836.78 4522.69 4243.35 4115.49
threshold=93.571428571428598 61.928571428571438 93.000000000000014 53.499834958867616 67.500000000000014 103.5714285714286 51.000000000000007 39.509290437055803 4.5000000000000009 110.50000000000001 37.77777154262261 2.5000000000000004 60.500000000000007 5.5000000000000009 49.982142857142868 45.699627636484834 9.5000000000000018 4.5000000000000009 58.500000000000007
decision_type=2 2 2 2 2 2 2 2 2 2 2 2 2 2 2 2 2 2 2
left_child=1 6 4 5 -2 -4 12 -7 14 10 -6 -11 17 -14 -3 -16 -8 -1 -10
right_child=2 8 3 -5 9 7 16 -9 18 11 -12 -13 13 -15 15 -17 -18 -19 -20
leaf_value=-1.1009861893692594 -0.63268655822390607 1.8512710467974345 4.3679028952121737 5.5374445915222168 2.2952763540240433 0.43405335873365403 -0.6852699734861889 2.6974281909102102 2.0946924258555688 1.3167284474372865 -1.1710020538638621 3.4474566859858378 -0.50996734241360986 1.2770184391074713 0.13844284918891289 -1.9750466974158039 0.079634302198886883 -0.45297394828362902 0.71181803469456018
leaf_weight=431 21 14.999999999999998 20 15.999999999999998 26 20 126 59 28 25 17 28 127 18 229 19 200 132 93
leaf_count=431 21 15 20 16 26 20 126 59 28 25 17 28 127 18 229 19 200 132 93
internal_value=1.963e-09 -0.35241 2.15395 2.98945 1.33274 2.57765 -0.625256 2.12442 0.382284 1.76268 0.924887 2.4424 -0.813697 -0.288135 0.0834471 -0.0234777 -0.216004 -0.949054 1.03182
internal_weight=1650 1418 232 115 117 99 1034 79 384 96 43 53 708 145 263 248 326 563 121
internal_count=1650 1418 232 115 117 99 1034 79 384 96 43 53 708 145 263 248 326 563 121
is_linear=0
shrinkage=0.1


Tree=9
num_leaves=20
num_cat=0
split_feature=4 0 9 4 5 5 6 1 1 5 3 9 7 10 3 7 0 9 5
split_gain=103474 20621.4 14476.2 12732.1 11552.3 12404.9 10705.3 8612.58 7883.71 7024.76 8002.37 5648.55 8662.21 5275.26 5185.97 4065.38 3875.12 2908.59 4085.56
threshold=73.857142857142875 135.00000000000003 3.5000000000000004 45.500000000000007 86.964285714285737 82.589285714285737 43.096787293862214 49.000000000000007 23.000000000000004 92.928571428571445 115.00000000000001 4.5000000000000009 0.87500000000000011 4.5000000000000009 58.500000000000007 0.98214285714285732 165.00000000000003 3.5000000000000004 55.482142857142868
decision_type=2 2 2 2 2 2 2 2 2 2 2 2 2 2 2 2 2 2 2
left_child=3 4 16 13 5 7 -4 -2 14 -6 -11 12 -10 -1 -5 -13 -3 -15 -19
right_child=1 2 6 8 9 -7 -8 -9 11 10 -12 15 -14 17 -16 -17 -18 18 -20
leaf_value=-1.6564902366960752 2.4857085232734679 2.5151704481669839 2.5706806898117067 -1.8831769154861917 3.6837542842416209 -2.2238749337196348 6.1257050759262519 0.44688108618840694 1.7150587172735308 0.89648288086260841 2.7183215051889422 1.072287562814626 -0.35863631584866329 -0.93870302354340007 -0.15277108817264951 0.085980014031988461 0.69266268312931067 -0.20919399182001752 -1.6984477735701065
leaf_weight=68 25 28 15.999999999999998 43 17 14.999999999999998 18 121 21 73 36 55 494 226 29 174 20 150 21
leaf_count=68 25 28 16 43 17 15 18 121 21 73 36 55 494 226 29 174 20 150 21
internal_value=-1.50637e-09 1.47549 2.87404 -0.425024 1.0759 0.514641 4.45275 0.795995 -0.187035 1.79307 1.49819 -0.0903411 -0.274078 -0.842655 -1.18621 0.322866 1.75579 -0.703258 -0.392085
internal_weight=1650 369 82 1281 287 161 34 146 816 126 109 744 515 465 72 229 48 397 171
internal_count=1650 369 82 1281 287 161 34 146 816 126 109 744 515 465 72 229 48 397 171
is_linear=0
shrinkage=0.1


Tree=10
num_leaves=20
num_cat=0
split_feature=4 0 4 6 9 4 5 5 2 6 0 0 8 3 5 6 10 7 6
split_gain=83896.7 16094 12175.5 9314.03 11489.1 7892.15 6681.54 6590.23 7163.64 5885.8 8518.17 5340.24 5691.77 6802.78 5334.87 4850.69 3686.41 4868.44 3296.44
threshold=77.714285714285737 67.500000000000014 54.000000000000007 42.244123831974896 4.5000000000000009 120.71428571428574 75.750000000000014 67.089285714285737 121.50000000000001 50.52464850289838 18.500000000000004 60.500000000000007 14.500000000000002 38.500000000000007 82.589285714285737 45.699627636484834 4.5000000000000009 0.8392857142857143 22.1777778542417
decision_type=2 2 2 2 2 2 2 2 2 2 2 2 2 2 2 2 2 2 2
left_child=2 6 11 7 15 -6 -2 -3 -9 10 -4 16 13 -13 -12 -5 -1 -18 -14
right_child=1 3 9 4 5 -7 -8 8 -10 -11 14 12 18 -15 -16 -17 17 -19 -20
leaf_value=-1.3436179037826756 -1.04895127665612 -0.25059506711752516 2.2641421987729915 2.9674415878627611 2.49177056312561 5.684579154849053 0.98094918868120973 1.8547346596916516 -0.14020835984320867 -1.8284502366009883 -0.082330401746594173 2.0682261803272097 -1.8107678979243105 -0.1024613999185108 1.4446723957856498 1.160808416633379 0.79124622727217886 -0.69397340403535424 -0.17467196021761214
leaf_weight=84 31 23 17 23 15.000000000000002 15.999999999999998 34 126 21 17 490 22 19 42 24 42 23 546 35
leaf_count=84 31 23 17 23 15 16 34 126 21 17 490 22 19 42 24 42 23 546 35
internal_value=-2.41692e-09 1.42344 -0.357209 1.76813 2.55557 4.13967 0.0128428 1.32346 1.56974 0.00316972 0.0618091 -0.613353 0.00575838 0.643712 -0.0110307 1.80008 -0.725229 -0.633938 -0.750335
internal_weight=1650 331 1319 266 96 31 65 170 147 548 531 771 118 64 514 65 653 569 54
internal_count=1650 331 1319 266 96 31 65 170 147 548 531 771 118 64 514 65 653 569 54
is_linear=0
shrinkage=0.1


Tree=11
num_leaves=20
num_cat=0
split_feature=4 5 6 8 1 7 5 1 3 7 8 5 0 9 5 5 6 4 2
split_gain=68910.4 17297.8 13683.1 13121.6 16804.9 18597.3 8964.33 8802.04 7806.38 7032.52 6642.94 6171.17 5865.53 5461.32 4772.75 5641.96 4502.27 4428.39 3588.3
threshold=68.714285714285737 86.964285714285737 47.998191154106422 27.500000000000004 51.000000000000007 0.94642857142857151 68.250000000000014 51.000000000000007 143.50000000000003 0.87500000000000011 12.500000000000002 93.696428571428584 47.500000000000007 5.5000000000000009 53.642857142857146 55.482142857142868 32.149791274969893 54.000000000000007 73.000000000000014
decision_type=2 2 2 2 2 2 2 2 2 2 2 2 2 2 2 2 2 2 2
left_child=7 3 8 4 5 -2 -5 13 11 -9 -6 -3 -11 14 18 -16 17 -15 -1
right_child=1 2 -4 6 10 -7 -8 9 -10 12 -12 -13 -14 16 15 -17 -18 -19 -20
leaf_value=-0.79995514504841758 4.6020594716072081 2.6055021381378176 4.5999101936817173 0.87296334043145185 0.38884522558098111 0.50459583070543079 4.0486310422420502 1.8505217163186325 3.5159061415327919 -0.56364949582380131 -0.93619835582780253 1.009622488598088 0.1882347311607131 0.10141782945394516 1.354646805085634 -0.44934902257013204 -1.3685117268562319 2.0604830034573873 -2.1686635315418243
leaf_weight=453 15.999999999999998 30 15.999999999999998 20 71 36 15.999999999999998 19 18 174 81 126 257 50 19 198 14.999999999999998 14.999999999999998 20
leaf_count=453 16 30 16 20 71 36 16 19 18 174 81 126 257 50 19 198 15 15 20
internal_value=-7.02725e-10 1.08854 1.80138 0.524215 0.2136 1.76535 2.28437 -0.383667 1.54404 -0.0323084 -0.317264 1.31652 -0.11531 -0.589007 -0.67969 -0.291395 0.193131 0.55351 -0.857829
internal_weight=1650 430 190 240 204 52 36 1220 174 450 152 156 431 770 690 217 80 65 473
internal_count=1650 430 190 240 204 52 36 1220 174 450 152 156 431 770 690 217 80 65 473
is_linear=0
shrinkage=0.1


Tree=12
num_leaves=20
num_cat=0
split_feature=4 4 1 6 6 1 3 1 8 5 1 9 10 1 0 6 0 4 9
split_gain=55817.4 14379.6 9403.2 16158.8 15455.1 9916.96 8271.82 7219.28 6079.3 5600.01 5581 4408.32 4282.91 3900.68 3746.99 3412.58 2754.17 2711.05 2123.48
threshold=68.714285714285737 109.28571428571429 51.000000000000007 43.715543657519916 40.769034518018749 93.000000000000014 38.500000000000007 31.000000000000004 24.500000000000004 97.625000000000014 100.50000000000001 4.5000000000000009 5.5000000000000009 73.000000000000014 51.000000000000007 36.074522497870795 73.000000000000014 117.85714285714288 3.5000000000000004
decision_type=2 2 2 2 2 2 2 2 2 2 2 2 2 2 2 2 2 2 2
left_child=7 2 4 5 16 -4 -3 18 11 17 -11 12 -9 14 -10 -13 -2 -8 -1
right_child=1 6 3 -5 -6 -7 9 8 13 10 -12 15 -14 -15 -16 -17 -18 -19 -20
leaf_value=-0.88149777662898865 -0.52727242469787594 3.4309018492698673 -0.026359152314455615 -2.0600695188228904 3.8817211014883863 1.3795602493406682 1.3617291547358037 -0.25600543352980287 -0.75732348635792734 0.58876820694316512 2.4783014932716334 0.15078948213365573 -0.89032791384495802 1.2871800240874292 0.658161654704147 -1.3170308971229723 1.1627499687450904 -0.40498332287135885 -0.38091691787852799
leaf_weight=247 14.999999999999998 26 115 26 21 89 15.999999999999998 318 32 22 54 232 160 40 45 17 27 19 129
leaf_count=247 15 26 115 26 21 89 16 318 32 22 54 232 160 40 45 17 27 19 129
internal_value=1.13249e-09 0.97969 0.584263 0.287773 1.66669 0.587008 1.82538 -0.345301 -0.182937 1.44932 1.93133 -0.290603 -0.468331 0.486069 0.0699081 0.0505768 0.559171 0.402657 -0.709756
internal_weight=1650 430 293 230 63 204 137 1220 844 111 76 727 478 117 77 249 42 35 376
internal_count=1650 430 293 230 63 204 137 1220 844 111 76 727 478 117 77 249 42 35 376
is_linear=0
shrinkage=0.1


Tree=13
num_leaves=20
num_cat=0
split_feature=4 0 1 5 5 7 0 1 8 7 8 6 0 9 0 5 5 3 2
split_gain=45212.1 12179.8 9150.36 7492.26 9672.23 8843.64 7224.22 6017.69 6015.86 5518.01 4516.98 8306.9 4484.7 3971.45 3933.12 3724.39 4530.27 3361.78 2972.38
threshold=68.714285714285737 135.00000000000003 155.00000000000003 86.964285714285737 81.571428571428584 0.94642857142857151 115.00000000000001 51.000000000000007 11.500000000000002 0.87500000000000011 27.500000000000004 45.186427447844238 47.500000000000007 5.5000000000000009 73.000000000000014 53.642857142857146 55.482142857142868 27.000000000000004 73.000000000000014
decision_type=2 2 2 2 2 2 2 2 2 2 2 2 2 2 2 2 2 2 2
left_child=7 3 10 4 5 -2 8 13 -5 -9 11 -3 17 15 -15 18 -17 -11 -1
right_child=1 2 -4 6 -6 -7 -8 9 -10 12 -12 -13 -14 14 -16 16 -18 -19 -20
leaf_value=-0.66257458071226449 1.8403931522980714 -0.27358439835504844 4.1185360400006177 2.8560677498579028 -1.6331367373466492 0.15349802518007805 -0.2061954880931548 1.6475591998351249 1.1383255820274354 0.61307368377844496 2.7155206403136258 2.4004818973087132 0.17164686806065099 -0.15041213766313519 1.6460230382283532 1.2601096259920221 -0.35641578023481851 -0.66162598389883842 -1.9082887306809426
leaf_weight=453 39 26 15.999999999999998 28 24 153 28 19 75 24 20 21 257 65 14.999999999999998 19 198 150 20
leaf_count=453 39 26 16 28 24 153 28 19 75 24 20 21 257 65 15 19 198 150 20
internal_value=1.26095e-09 0.881721 1.96993 0.62143 0.259561 0.496149 1.2181 -0.31077 1.60528 -0.0202517 1.45683 0.921211 -0.0937747 -0.480554 0.186419 -0.557884 -0.214877 -0.485805 -0.715247
internal_weight=1650 430 83 347 216 192 131 1220 103 450 67 47 431 770 80 690 217 174 473
internal_count=1650 430 83 347 216 192 131 1220 103 450 67 47 431 770 80 690 217 174 473
is_linear=0
shrinkage=0.1


Tree=14
num_leaves=20
num_cat=0
split_feature=4 0 9 7 2 6 7 0 6 1 5 4 7 9 8 6 3 4 6
split_gain=36621.8 9865.61 8629.57 9948.29 6534.26 9745.49 8120.07 6282.1 6032.28 5106.29 5084.66 4600.29 6667.33 5663.93 2066.07 1846.72 2803.92 2439.48 5626.47
threshold=68.714285714285737 135.00000000000003 2.5000000000000004 0.98214285714285732 93.000000000000014 48.135511428029922 0.94642857142857151 115.00000000000001 39.932177506571698 31.000000000000004 73.660714285714292 44.142857142857146 0.87500000000000011 4.5000000000000009 15.500000000000002 17.652812447644322 38.500000000000007 58.214285714285722 27.068954581146595
decision_type=2 2 2 2 2 2 2 2 2 2 2 2 2 2 2 2 2 2 2
left_child=9 4 14 -4 5 6 -2 8 -6 15 -7 -11 -13 -14 -3 16 -1 -17 -19
right_child=1 2 3 -5 7 10 -8 -9 -10 11 -12 12 13 -15 -16 17 -18 18 -20
leaf_value=-0.2859499370455742 2.5372731877697841 1.5279592059552671 4.7116742864251142 1.605530699368181 0.83623563539236789 -0.11889701763788857 0.31448592799050468 -0.35951083898544312 2.4955109635988872 -0.55666229689822477 -2.7226532949010531 1.8339167979594908 -0.28133903449932157 0.3593088771805959 0.03449976891279221 -0.37641685566559052 -1.6725594541004725 0.07868351876735688 -2.171610890388489
leaf_weight=25 18 15.999999999999998 15.999999999999998 29 50 15.000000000000002 189 21 39 204 14.999999999999998 19 414 207 22 271 35 20 25
leaf_count=25 18 16 16 29 50 15 189 21 39 204 15 19 414 207 22 271 35 20 25
internal_value=-3.21978e-09 0.793549 1.77293 2.70994 0.559287 0.263652 0.507772 1.19625 1.56333 -0.279693 -1.42078 -0.143142 -0.0113328 -0.0677897 0.663325 -0.586207 -1.09481 -0.489638 -1.17148
internal_weight=1650 430 83 45 347 237 207 110 89 1220 30 844 640 621 38 376 60 316 45
internal_count=1650 430 83 45 347 237 207 110 89 1220 30 844 640 621 38 376 60 316 45
is_linear=0
shrinkage=0.1


Tree=15
num_leaves=20
num_cat=0
split_feature=4 0 2 3 8 3 5 9 1 3 5 6 9 7 5 6 6 0 2
split_gain=30480.1 8135.37 8105.06 10566.1 6345.99 5959.05 5293.82 5019.55 4351.13 4120.84 5337.85 4077.49 3991.26 4786.72 10738.1 3797.45 3484.94 3324.67 3175.19
threshold=93.571428571428598 51.000000000000007 67.500000000000014 38.500000000000007 13.500000000000002 58.500000000000007 66.875000000000014 5.5000000000000009 73.000000000000014 100.50000000000001 81.571428571428584 33.168949452108883 4.5000000000000009 0.91071428571428592 37.196428571428577 26.833989255912183 62.088951224172241 82.000000000000014 115.00000000000001
decision_type=2 2 2 2 2 2 2 2 2 2 2 2 2 2 2 2 2 2 2
left_child=1 12 4 -4 -2 -6 7 11 -5 10 -8 -3 13 14 -1 -9 -15 -10 -14
right_child=2 6 3 8 5 -7 9 15 17 -11 -12 -13 18 16 -16 -17 -18 -19 -20
leaf_value=-1.0485802268981934 1.5499461969733239 -0.11279722907538735 3.3640091657638553 -0.31151542663574222 -1.9897082534101274 0.41726416026552515 0.75176345766621067 0.27908811340889622 2.2957077849794318 1.7333598014381195 -0.7435399989131839 -1.21902464289923 0.080363140015099296 -0.55862395243621943 1.8823681018054488 1.9289938290913899 -1.9740697648790146 1.045177295178175 -1.3402842472581302
leaf_weight=25 20 335 24 19 18 24 94 62 27 27 32 37 211 517 25 18 18 100 17
leaf_count=25 20 335 24 19 18 24 94 62 27 27 32 37 211 517 25 18 18 100 17
internal_value=-1.23285e-09 -0.173849 1.06258 1.41953 0.083847 -0.614295 0.103814 -0.0682868 1.09988 0.612243 0.372004 -0.222825 -0.380474 -0.518799 0.416894 0.650317 -0.606246 1.31104 -0.0255623
internal_weight=1650 1418 232 170 62 42 605 452 146 153 126 372 813 585 50 80 535 127 228
internal_count=1650 1418 232 170 62 42 605 452 146 153 126 372 813 585 50 80 535 127 228
is_linear=0
shrinkage=0.1


Tree=16
num_leaves=16
num_cat=0
split_feature=5 8 9 6 10 5 4 0 3 10 9 8 5 6 6
split_gain=25338.5 15674.4 7752.53 7322.28 6498.44 7562.59 6385.04 8716 5285.39 5192.73 4710.93 3610.24 4850.44 1251.91 783.012
threshold=86.964285714285737 27.500000000000004 4.5000000000000009 47.998191154106422 5.5000000000000009 68.642857142857153 50.142857142857146 13.000000000000002 143.50000000000003 4.5000000000000009 5.5000000000000009 28.500000000000004 97.982142857142875 25.956399434876683 75.32108985303006
decision_type=2 2 2 2 2 2 2 2 2 2 2 2 2 2 2
left_child=1 4 13 8 6 10 9 -8 11 -1 -6 12 -2 -3 -7
right_child=3 2 -4 -5 5 14 7 -9 -10 -11 -12 -13 -14 -15 -16
leaf_value=-1.0674638976411124 1.62773728404405 0.15398183621858297 3.3028873443603519 3.1096250593662265 -0.55971127579729252 -1.4810013267729019 2.3289876527256435 0.09050375732306816 2.4577194715801038 -0.18312903427462868 0.37123079085865851 -0.60025911519401953 0.42673806467134023 1.3352194025236017 -2.4273636046577902
leaf_weight=82 53 19 17 15.999999999999998 332 18 18 517 19 349 65 19 92 17 17
leaf_count=82 53 19 17 16 332 18 18 517 19 349 65 19 92 17 17
internal_value=-2.60172e-09 -0.145125 1.5429 1.05817 -0.20912 -0.531522 -0.0649398 0.165817 0.878807 -0.351378 -0.40729 0.695884 0.865724 0.711788 -1.94066
internal_weight=1650 1451 53 199 1398 432 966 535 183 431 397 164 145 36 35
internal_count=1650 1451 53 199 1398 432 966 535 183 431 397 164 145 36 35
is_linear=0
shrinkage=0.1


Tree=17
num_leaves=17
num_cat=0
split_feature=5 8 9 3 0 9 7 8 8 1 5 0 10 5 5 9
split_gain=20524.1 12696.3 6279.55 5964.4 5631.78 6090.34 5824.83 4786.85 3914.61 3691.13 6283.72 4385.27 3227.95 5496.73 4280.57 1086.61
threshold=86.964285714285737 27.500000000000004 4.5000000000000009 38.500000000000007 60.500000000000007 3.5000000000000004 0.98214285714285732 28.500000000000004 13.500000000000002 100.50000000000001 99.410714285714306 165.00000000000003 5.5000000000000009 68.642857142857153 47.196428571428577 2.5000000000000004
decision_type=2 2 2 2 2 2 2 2 2 2 2 2 2 2 2 2
left_child=1 4 15 -2 12 8 -7 9 -6 10 -5 -11 14 -14 -1 -3
right_child=3 2 -4 7 5 6 -8 -9 -10 11 -12 -13 13 -15 -16 -17
leaf_value=-0.43884164452220181 2.8038465201389045 1.1320041888952257 2.9725985786494089 1.5026515949156978 0.21352011803378407 1.3355259764762153 0.13739143604772133 -0.71213101085863617 -0.5852539784628753 1.688969149536532 -0.38404397579228006 -0.17999464909235638 -0.46862080402066769 -2.0761391098084658 0.067606050787394331 0.026366355270147326
leaf_weight=350 15.999999999999998 20 17 31 117 63 114 19 129 77 41 14.999999999999998 283 23 319 15.999999999999998
leaf_count=350 16 20 17 31 117 63 114 19 129 77 41 15 283 23 319 16
internal_value=-2.42506e-09 -0.130612 1.38861 0.952353 -0.188208 0.116513 0.563846 0.790473 -0.205349 0.964555 0.428283 1.38425 -0.320409 -0.589447 -0.197352 0.64061
internal_weight=1650 1451 53 199 1398 423 177 183 246 164 72 92 975 306 669 36
internal_count=1650 1451 53 199 1398 423 177 183 246 164 72 92 975 306 669 36
is_linear=0
shrinkage=0.1


Tree=18
num_leaves=20
num_cat=0
split_feature=4 2 3 9 8 4 6 8 3 4 5 0 7 5 3 6 3 1 4
split_gain=16633.3 5213.69 7399.81 4719.48 5336.69 8828.33 8560.81 4714.24 4622.87 4196.17 4184.62 4040.66 6108.73 16123.2 5522.08 4404 3115.93 4308.28 2108.78
threshold=93.571428571428598 67.500000000000014 38.500000000000007 4.5000000000000009 16.500000000000004 73.857142857142875 43.096787293862214 13.500000000000002 58.500000000000007 65.500000000000014 45.071428571428577 47.500000000000007 0.91071428571428592 37.196428571428577 100.50000000000001 34.829197552822393 143.50000000000003 73.000000000000014 65.500000000000014
decision_type=2 2 2 2 2 2 2 2 2 2 2 2 2 2 2 2 2 2 2
left_child=3 7 -3 11 6 10 9 -2 -9 -5 -6 12 13 -1 15 -13 17 -4 -14
right_child=1 2 16 4 5 -7 -8 8 -10 -11 -12 14 18 -15 -16 -17 -18 -19 -20
leaf_value=-1.2132218724205381 1.2636000540852548 2.6984942710027102 -0.84730875071357292 -0.19031165942832243 -0.55784469589591035 2.5552557641267777 -2.1857868389079447 -1.8131937162743677 0.30682022571563722 0.90029194476929586 0.63231357436264513 -0.01956137239103399 -0.53267691930279792 2.8071795877657442 1.3505548724761376 -0.79827598702422409 2.0763285693000344 0.86118514987507044 -1.392805454807897
leaf_weight=21 20 24 17 178 40 20 19 18 24 44 113 467 354 19 26 86 17 112 31
leaf_count=21 20 24 17 178 40 20 19 18 24 44 113 467 354 19 26 86 17 112 31
internal_value=1.5892e-09 0.784949 1.07123 -0.128426 0.155677 0.579438 -0.148517 -2.90386e-05 -0.601757 0.025844 0.321161 -0.245576 -0.479731 0.696469 -0.0737003 -0.140663 0.80374 0.636035 -0.601934
internal_weight=1650 232 170 1418 414 173 241 62 42 222 153 1004 425 40 579 553 146 129 385
internal_count=1650 232 170 1418 414 173 241 62 42 222 153 1004 425 40 579 553 146 129 385
is_linear=0
shrinkage=0.1


Tree=19
num_leaves=20
num_cat=0
split_feature=4 0 3 3 9 5 10 4 0 4 8 1 7 0 9 4 0 0 1
split_gain=13800.9 5951.81 4638.77 4266.48 10100.2 5488.57 4008.93 3928.35 3487.3 3243.75 3026.37 3737.69 4630.05 2891.4 2678.01 2456.81 2358.07 2533.87 2190.28
threshold=110.50000000000001 60.500000000000007 100.50000000000001 76.500000000000014 4.5000000000000009 80.535714285714292 5.5000000000000009 73.857142857142875 143.50000000000003 74.357142857142875 6.5000000000000009 19.500000000000004 0.91071428571428592 82.000000000000014 1.5000000000000002 56.928571428571438 121.50000000000001 93.000000000000014 121.50000000000001
decision_type=2 2 2 2 2 2 2 2 2 2 2 2 2 2 2 2 2 2 2
left_child=1 10 6 4 5 -2 9 -8 -7 -3 14 -12 -13 -4 -1 -16 17 -5 -18
right_child=3 2 13 16 -6 8 7 -9 -10 -11 11 12 -14 -15 15 -17 18 -19 -20
leaf_value=-1.0497189227869546 -0.66161391194909813 0.059996721527918621 1.9893074706906366 0.87336725145578387 3.7510161221027376 2.7099906873702997 -0.086283296631141149 -1.394612890995782 0.55366651455561322 0.733293396262365 -0.92967143739169511 0.92242314616839094 -0.12730501500731012 0.47920252763287863 -0.16706016236793497 -1.0778621865850357 1.9592158055305475 -0.78054534413597798 0.27722010314464568
leaf_weight=69 15.999999999999998 216 21 15.999999999999998 15.999999999999998 15.000000000000002 110 29 14.999999999999998 107 53 45 634 32 167 36 15.000000000000002 22 15.999999999999998
leaf_count=69 16 216 21 16 16 15 110 29 15 107 53 45 634 32 167 36 15 22 16
internal_value=9.11426e-10 -0.0849315 0.19145 0.984816 1.58686 0.834109 0.0897982 -0.359244 1.63183 0.283039 -0.226701 -0.120867 -0.0577354 1.07755 -0.511517 -0.328582 0.44385 -0.0841611 1.09109
internal_weight=1650 1519 515 131 62 46 462 139 30 323 1004 732 679 53 272 203 69 38 31
internal_count=1650 1519 515 131 62 46 462 139 30 323 1004 732 679 53 272 203 69 38 31
is_linear=0
shrinkage=0.1


Tree=20
num_leaves=16
num_cat=0
split_feature=5 8 5 6 10 5 6 0 3 9 5 6 1 4 4
split_gain=11605.4 8631.29 5278.8 4372.3 4150.34 5720.05 4471.53 5290.59 3478.45 3328.51 2683.69 5074.52 1764.28 741.423 560.693
threshold=86.964285714285737 27.500000000000004 68.250000000000014 47.998191154106422 5.5000000000000009 68.642857142857153 75.32108985303006 135.00000000000003 143.50000000000003 5.5000000000000009 93.696428571428584 40.310479059738235 93.000000000000014 53.571428571428577 76.428571428571431
decision_type=2 2 2 2 2 2 2 2 2 2 2 2 2 2 2
left_child=1 4 14 8 6 9 7 -1 10 -6 12 -12 -2 -7 -3
right_child=3 2 -4 -5 5 13 -8 -9 -10 -11 11 -13 -14 -15 -16
leaf_value=-0.027134912366103704 0.55268427871522452 0.76917814079083902 2.489439956765426 2.3013719253242018 -0.42343428487530405 -1.0974162578582765 1.4884498696578179 -1.7128195059926885 1.8584276751468058 0.35908385396003722 -0.37911248055889324 0.89413983184715795 1.9230659540961772 -2.0274664950370789 -0.048682925701141355
leaf_weight=928 21 19 19 15.999999999999998 332 14.999999999999998 19 19 19 65 68 58 17 20 14.999999999999998
leaf_count=928 21 19 19 16 332 15 19 19 19 65 68 58 17 20 15
internal_value=9.92056e-10 -0.0982157 1.15441 0.716136 -0.145704 -0.403357 -0.0304806 -0.0609554 0.577536 -0.295314 0.42914 0.206988 1.16575 -1.62887 0.408357
internal_weight=1650 1451 53 199 1398 432 966 947 183 397 164 126 38 35 34
internal_count=1650 1451 53 199 1398 432 966 947 183 397 164 126 38 35 34
is_linear=0
shrinkage=0.1


Tree=21
num_leaves=18
num_cat=0
split_feature=4 5 0 6 9 6 5 8 2 0 8 1 7 7 9 5 6
split_gain=9754.36 5223.16 7272.42 7371.88 4611.07 7952.73 3814.97 3383.97 3018.13 2692.05 3142.9 2791.01 5089.29 3669.86 1833.23 1585.27 1597.39
threshold=61.928571428571438 48.982142857142868 51.000000000000007 24.315619716680114 4.5000000000000009 48.780371835278338 67.089285714285737 17.500000000000004 87.500000000000014 82.000000000000014 21.500000000000004 19.500000000000004 0.80357142857142871 0.91071428571428592 1.5000000000000002 58.589285714285715 20.637357150800636
decision_type=2 2 2 2 2 2 2 2 2 2 2 2 2 2 2 2 2
left_child=9 -2 3 7 6 -6 -4 -3 -5 11 14 15 -13 -14 -11 16 -1
right_child=1 2 4 8 5 -7 -8 -9 -10 10 -12 12 13 -15 -16 -17 -18
leaf_value=-1.148969135613277 1.9045999127626421 2.0250924865404758 -0.25833004167746931 -1.185147861985193 0.65423369876981718 3.019958579540253 0.47537927750600589 -0.065591694600880143 0.01628971184293429 0.81046227878994415 1.6605367321521045 -1.6109861840804418 0.99144913296082204 -0.172475348269994 -0.492392961860255 -1.7014922904968264 -0.19300466953692111
leaf_weight=29 20 15.000000000000002 105 69 127 15.999999999999998 218 15.999999999999998 30 18 15.999999999999998 24 28 833 27 14.999999999999998 44
leaf_count=29 20 15 105 69 127 16 218 16 30 18 16 24 28 833 27 15 44
internal_value=-8.10138e-10 0.315012 0.26167 -0.399689 0.44617 0.91893 0.236867 0.94603 -0.821076 -0.187667 0.456759 -0.228068 -0.174661 -0.134624 0.0287491 -0.765167 -0.572771
internal_weight=1650 616 596 130 466 143 323 31 99 1034 61 973 885 861 45 88 73
internal_count=1650 616 596 130 466 143 323 31 99 1034 61 973 885 861 45 88 73
is_linear=0
shrinkage=0.1


Tree=22
num_leaves=14
num_cat=0
split_feature=5 8 5 5 1 0 1 5 3 4 9 10 4
split_gain=7998.42 6660.14 4037.56 3963.49 3723.05 4333.26 3350.21 5294.19 2747.44 4889.9 3503.9 2629.16 463.311
threshold=86.964285714285737 27.500000000000004 68.250000000000014 83.660714285714292 165.00000000000003 165.00000000000003 121.50000000000001 72.482142857142875 100.50000000000001 99.285714285714292 1.0000000180025095e-35 5.5000000000000009 76.428571428571431
decision_type=2 2 2 2 2 2 2 2 2 2 2 2 2
left_child=1 3 12 6 5 8 11 -8 10 -10 -2 -1 -3
right_child=4 2 -4 -5 -6 -7 7 -9 9 -11 -12 -13 -14
leaf_value=-0.034010065083519239 1.6920539565881094 0.69432130989275487 2.1863686712164632 -1.6408521052669078 1.710251817565698 -0.9196300208568573 2.1196890582056609 -0.41469358280301094 2.3758869806925458 0.44569535885538375 0.028168400735766805 -0.33439840397189763 -0.049131399790445965
leaf_weight=922 14.999999999999998 19 19 17 26 21 17 15.999999999999998 21 35 81 426 14.999999999999998
leaf_count=922 15 19 19 17 26 21 17 16 21 35 81 426 15
internal_value=1.2237e-10 -0.0815367 1.0188 -0.123252 0.594521 0.426839 -0.10457 0.890897 0.612865 1.16952 0.288151 -0.12894 0.366327
internal_weight=1650 1451 53 1398 199 173 1381 33 152 56 96 1348 34
internal_count=1650 1451 53 1398 199 173 1381 33 152 56 96 1348 34
is_linear=0
shrinkage=0.1


Tree=23
num_leaves=20
num_cat=0
split_feature=0 6 5 9 6 1 8 2 4 7 5 0 5 6 5 2 9 9 4
split_gain=7193.67 5013.19 6016.05 4227.95 6255.07 4008.18 2409.29 3159.22 3961.21 3905.66 11530.2 2781.26 2541.88 2218.95 2648.72 3522.18 2675.99 2175.65 2146.09
threshold=60.500000000000007 25.748129886637077 47.446428571428577 3.5000000000000004 53.499834958867616 37.500000000000007 6.5000000000000009 23.000000000000004 52.071428571428577 0.91071428571428592 67.517857142857153 47.500000000000007 44.660714285714299 25.058266532736134 52.982142857142861 58.500000000000007 5.5000000000000009 1.5000000000000002 56.928571428571438
decision_type=2 2 2 2 2 2 2 2 2 2 2 2 2 2 2 2 2 2 2
left_child=6 13 -3 5 -5 -4 17 8 11 10 -9 -8 -11 14 16 -16 -2 -1 -19
right_child=1 2 3 4 -6 -7 7 9 -10 12 -12 -13 -14 -15 15 -17 -18 18 -20
leaf_value=-0.90505829017231432 -0.67649798005035056 2.166070592403412 -1.0332978725157402 0.57298254404034654 2.6578894495964054 0.26474736566096546 -0.53239966544552131 2.8322174893485177 -1.7362347478451938 -0.38613796882285661 -0.65643903613090515 0.93094072043895726 0.077162712488934304 -1.1753295841937266 0.96924048357821535 -0.14994104611554315 0.6503478476875707 -0.10410652443498909 -0.95536683450659943
leaf_weight=69 76 20 27 143 15.999999999999998 200 69 18 23 163 20 15.999999999999998 433 18 47 70 19 167 36
leaf_count=69 76 20 27 143 16 200 69 18 23 163 20 16 433 18 47 70 19 167 36
internal_value=-3.35649e-09 0.263648 0.474962 0.38734 0.782784 0.110354 -0.165365 -0.0720375 -0.571981 0.0131263 0.996082 -0.256947 -0.0495454 -0.109368 -0.0188623 0.299645 -0.411129 -0.419956 -0.255069
internal_weight=1650 636 406 386 159 227 1014 742 108 634 38 85 596 230 212 117 95 272 203
internal_count=1650 636 406 386 159 227 1014 742 108 634 38 85 596 230 212 117 95 272 203
is_linear=0
shrinkage=0.1


Tree=24
num_leaves=15
num_cat=0
split_feature=5 0 1 0 9 0 0 6 0 4 7 2 9 9
split_gain=6004.26 5446.78 4176.68 4093.26 7763.65 3989.62 3732.97 2865.48 2790.4 3036.59 13578.4 2693.02 1888.13 1200.93
threshold=63.553571428571438 29.500000000000004 121.50000000000001 135.00000000000003 5.5000000000000009 165.00000000000003 115.00000000000001 65.248806968176609 121.50000000000001 65.500000000000014 0.94642857142857151 115.00000000000001 4.5000000000000009 2.5000000000000004
decision_type=2 2 2 2 2 2 2 2 2 2 2 2 2 2
left_child=2 13 8 6 5 -5 7 -3 9 12 -11 -8 -1 -2
right_child=1 3 -4 4 -6 -7 11 -9 -10 10 -12 -13 -14 -15
leaf_value=-0.2868866972528531 -0.36216634325683117 0.38499641155867165 1.5186527967453003 1.1565964553091261 2.8991812251946509 -0.4878119075894356 -0.048766226371129359 -0.7880987660790032 -1.3962371561262343 3.0512335672974586 -0.11028127233187357 -1.6241386946509868 0.02690668063822077 -1.5692343908197741
leaf_weight=674 15.999999999999998 389 14.999999999999998 36 17 25 30 22 18 15.999999999999998 90 17 268 17
leaf_count=674 16 389 15 36 17 25 30 22 18 16 90 17 268 17
internal_value=-1.08699e-09 0.262933 -0.138398 0.339702 1.00934 0.482659 0.22566 0.322203 -0.161715 -0.140512 0.366929 -0.618582 -0.197612 -0.983989
internal_weight=1650 569 1081 536 78 61 458 411 1066 1048 106 47 942 33
internal_count=1650 569 1081 536 78 61 458 411 1066 1048 106 47 942 33
is_linear=0
shrinkage=0.1


Tree=25
num_leaves=18
num_cat=0
split_feature=4 3 1 0 3 8 2 6 7 10 6 5 6 10 2 0 1
split_gain=5173.71 3306.6 5953.93 5622.59 2741.85 6101.73 3881.36 3714.58 3505.48 3756.11 4908.32 3658 3236.32 2444.08 1939.53 2916.76 575.486
threshold=110.50000000000001 76.500000000000014 165.00000000000003 155.00000000000003 100.50000000000001 25.500000000000004 67.500000000000014 32.517998626869044 0.80357142857142871 5.5000000000000009 62.737303770707449 35.303571428571438 75.32108985303006 5.5000000000000009 143.50000000000003 121.50000000000001 115.00000000000001
decision_type=2 2 2 2 2 2 2 2 2 2 2 2 2 2 2 2 2
left_child=4 2 3 -2 8 6 13 -8 11 10 -10 -1 -11 -6 15 16 -3
right_child=1 14 -4 -5 5 -7 7 -9 9 12 -12 -13 -14 -15 -16 -17 -18
leaf_value=-0.16185896754264834 1.5207325840437855 -0.63153025706609078 2.8676287428538005 -0.69144566580653199 0.96188702252176084 -1.0155545296876327 2.6750845432281496 0.78834024608135234 0.016720871888387123 -0.2569466877008838 1.7314032666823445 -2.1904681455343962 -1.7521778186162313 -0.60934498635205359 -0.80052033356007402 1.3398350423290617 0.23063896596431732
leaf_weight=20 27 15.000000000000002 14.999999999999998 20 18 23 15.999999999999998 30 928 414 17 15.999999999999998 14.999999999999998 22 17 21 15.999999999999998
leaf_count=20 27 15 15 20 18 23 16 30 928 414 17 16 15 22 17 21 16
internal_value=-6.12232e-10 0.602979 1.13299 0.57938 -0.0520015 0.431213 0.818139 1.4446 -0.0893563 -0.0638339 0.047567 -1.06346 -0.309227 0.0977094 0.126739 0.429881 -0.18654
internal_weight=1650 131 62 47 1519 109 86 46 1410 1374 945 36 429 40 69 52 31
internal_count=1650 131 62 47 1519 109 86 46 1410 1374 945 36 429 40 69 52 31
is_linear=0
shrinkage=0.1


Tree=26
num_leaves=19
num_cat=0
split_feature=0 3 7 2 7 9 10 7 5 5 6 9 6 1 5 2 5 1
split_gain=4632.02 3593.31 2574.74 4029.99 3867.97 8194.52 3786.45 2211.4 6607.98 19792.9 3434.16 3209.12 2049.74 2517.78 1660.13 3634.88 2185.5 254.921
threshold=60.500000000000007 143.50000000000003 0.91071428571428592 58.500000000000007 0.98214285714285732 3.5000000000000004 5.5000000000000009 0.91071428571428592 37.196428571428577 66.732142857142875 23.033635741589098 4.5000000000000009 59.284714130342174 13.000000000000002 54.946428571428577 73.000000000000014 51.125000000000007 58.500000000000007
decision_type=2 2 2 2 2 2 2 2 2 2 2 2 2 2 2 2 2 2
left_child=7 2 3 -2 5 -4 -6 8 10 -10 -1 12 13 -9 16 -16 -13 -11
right_child=1 -3 4 -5 6 -7 -8 11 9 17 -12 14 -14 -15 15 -17 -18 -19
leaf_value=0.56808539311091111 0.61644879347748227 1.5307093226909638 0.029603434252468027 -1.3014067032507488 0.3123609497841886 1.6194247373512813 -0.29483689691758519 -1.0061178310286432 4.1477828915913895 -0.0096304138501485184 -1.3767929732799531 0.062904851060164607 -1.1321662647383552 -0.20491327604099882 1.1764212365075946 -0.076417792554606095 -1.025440616267068 -0.59263517757256823
leaf_weight=14.999999999999998 18 20 77 28 272 56 165 42 14.999999999999998 15.000000000000002 23 152 28 593 40 55 21 14.999999999999998
leaf_count=15 18 20 77 28 272 56 165 42 15 15 23 152 28 593 40 55 21 15
internal_value=-1.56406e-09 0.21156 0.168731 -0.550942 0.226809 0.699002 0.0830986 -0.132694 0.361901 1.18184 -0.609078 -0.176788 -0.294828 -0.257906 0.115228 0.451093 -0.0692064 -0.301133
internal_weight=1650 636 616 46 570 133 437 1014 83 45 38 931 663 635 268 95 173 30
internal_count=1650 636 616 46 570 133 437 1014 83 45 38 931 663 635 268 95 173 30
is_linear=0
shrinkage=0.1


Tree=27
num_leaves=12
num_cat=0
split_feature=5 0 0 1 0 6 5 6 1 1 9
split_gain=4109.05 3795.55 3433.55 2919.72 2378.9 2622.24 6157.4 3075.77 1961.6 4473.68 1042.66
threshold=63.553571428571438 185.00000000000003 29.500000000000004 121.50000000000001 121.50000000000001 25.41842412117192 60.410714285714292 23.033635741589098 185.00000000000003 143.50000000000003 2.5000000000000004
decision_type=2 2 2 2 2 2 2 2 2 2 2
left_child=3 2 10 4 5 7 -7 -1 9 -4 -2
right_child=1 -3 8 -5 -6 6 -8 -9 -10 -11 -12
leaf_value=-0.11819633297622203 -0.24004932343959809 1.6071001576749904 0.19432872979409377 1.2709583989779156 -1.2738533205456204 0.34334032173624368 -0.87394401508569719 -0.64214452065690597 -0.82374771623050469 1.4740287201157933 -1.364768148871029
leaf_weight=615 15.999999999999998 19 471 14.999999999999998 18 246 50 137 17 29 17
leaf_count=615 16 19 471 15 18 246 50 137 17 29 17
internal_value=-4.68032e-10 0.217513 0.169509 -0.114491 -0.133986 -0.114408 0.137718 -0.21365 0.232634 0.268551 -0.81945
internal_weight=1650 569 550 1081 1066 1048 296 752 517 500 33
internal_count=1650 569 550 1081 1066 1048 296 752 517 500 33
is_linear=0
shrinkage=0.1


Tree=28
num_leaves=17
num_cat=0
split_feature=5 0 0 10 8 0 7 8 8 6 4 1 1 9 6 9
split_gain=3328.33 3074.4 2781.17 2628.03 3735.05 2594.2 5639.35 2679.31 2358.86 4053.65 2955.61 1588.9 3623.68 1170.91 1120.19 844.555
threshold=63.553571428571438 185.00000000000003 29.500000000000004 4.5000000000000009 23.500000000000004 13.000000000000002 0.94642857142857151 16.500000000000004 14.500000000000002 46.898027668043397 37.857142857142868 185.00000000000003 143.50000000000003 1.0000000180025095e-35 19.467201611047063 2.5000000000000004
decision_type=2 2 2 2 2 2 2 2 2 2 2 2 2 2 2 2
left_child=3 2 15 4 13 6 -5 -8 9 -7 -10 12 -4 -1 -15 -2
right_child=1 -3 11 5 -6 8 7 -9 10 -11 -12 -13 -14 14 -16 -17
leaf_value=-1.4382893043756486 -0.21604437530040743 1.446390162682847 0.17489585630267449 2.1248659442452822 0.62827740212281546 0.10926199368396257 -0.59856404741605129 0.78837694204770603 0.28920891799137627 -1.2220004424452782 -0.43164261704818768 -0.74137295223772526 1.326625836306605 -0.1842368590526092 -0.87976081977810772 -1.2282913499018726
leaf_weight=20 15.999999999999998 19 471 17 24 487 30 26 71 24 286 17 29 39 57 17
leaf_count=20 16 19 471 17 24 487 30 26 71 24 286 17 29 39 57 17
internal_value=-9.56722e-12 0.195762 0.152558 -0.103042 -0.507277 -0.0429009 0.529638 0.0453728 -0.0910523 0.0467369 -0.28828 0.209371 0.241696 -0.742219 -0.597204 -0.737505
internal_weight=1650 569 550 1081 140 941 73 56 868 511 357 517 500 116 96 33
internal_count=1650 569 550 1081 140 941 73 56 868 511 357 517 500 116 96 33
is_linear=0
shrinkage=0.1


Tree=29
num_leaves=20
num_cat=0
split_feature=0 3 8 1 9 1 6 3 8 7 5 4 6 4 1 9 10 4 1
split_gain=2897.13 2662.3 2290.06 4496.39 3839.2 7358.61 3565.83 3243.13 1922.66 2155.25 6156.52 2192.68 2166.77 2040.03 2244.32 1658.5 1810.1 819.018 755.317
threshold=60.500000000000007 143.50000000000003 14.500000000000002 165.00000000000003 4.5000000000000009 121.50000000000001 22.043266396137266 38.500000000000007 6.5000000000000009 0.91071428571428592 61.321428571428577 30.571428571428573 70.408462154003132 56.928571428571438 73.000000000000014 1.5000000000000002 4.5000000000000009 48.071428571428577 58.500000000000007
decision_type=2 2 2 2 2 2 2 2 2 2 2 2 2 2 2 2 2 2 2
left_child=8 2 3 7 6 -6 -4 -2 13 10 -10 -11 -13 15 -15 17 -17 -1 -12
right_child=1 -3 4 -5 5 -7 -8 -9 9 11 18 12 -14 14 -16 16 -18 -19 -20
leaf_value=-0.4290813892733219 0.83617721206198137 1.3027825617790223 -1.2495750633999707 2.0229023615519206 0.8810901712626219 -1.4098530993742102 -0.11303328872885353 0.042093012703232249 1.7450526509284974 -0.72991363317408464 0.13648634552955627 0.0092259631738547364 -1.1037458313835991 -1.608069071142624 -0.19249105680556525 -0.96727706382149137 0.069539385158065209 -1.2489866284763114 -0.83518571024760613
leaf_weight=43 69 20 32 14.999999999999998 80 17 201 202 25 47 15.999999999999998 620 18 24 21 19 148 17 15.999999999999998
leaf_count=43 69 20 32 15 80 17 201 202 25 47 16 620 18 24 21 19 148 17 16
internal_value=6.99734e-10 0.167314 0.130448 0.337561 -0.0490496 0.479585 -0.269125 0.244277 -0.104943 -0.0215716 0.569248 -0.0707347 -0.0221745 -0.332374 -0.947466 -0.210439 -0.0484218 -0.661388 -0.34935
internal_weight=1650 636 616 286 330 97 233 271 1014 742 57 685 638 272 45 227 167 60 32
internal_count=1650 636 616 286 330 97 233 271 1014 742 57 685 638 272 45 227 167 60 32
is_linear=0
shrinkage=0.1


Tree=30
num_leaves=18
num_cat=0
split_feature=8 9 5 5 5 6 3 9 3 6 8 4 7 5 7 3 5
split_gain=2740.71 3603.75 2492.95 3532.34 3387.95 4694.08 3164.7 3938.7 2473.06 2247.01 4530.87 3521.83 1906.93 2659.66 2604.11 1558.34 1187.2
threshold=27.500000000000004 4.5000000000000009 86.964285714285737 83.660714285714292 99.410714285714306 42.618132356364463 100.50000000000001 2.5000000000000004 82.500000000000014 43.599960886746821 28.500000000000004 77.714285714285737 0.80357142857142871 36.035714285714292 0.87500000000000011 95.000000000000014 85.303571428571445
decision_type=2 2 2 2 2 2 2 2 2 2 2 2 2 2 2 2 2
left_child=2 9 3 12 6 15 7 -4 -7 10 -2 -12 13 -1 -14 -6 -3
right_child=1 16 4 -5 5 8 -8 -9 -10 -11 11 -13 14 -15 -16 -17 -18
leaf_value=-0.065501810203899044 1.4784612730145454 1.9849483534693719 1.5925482285650154 -1.5076766252517702 -1.4597434839781593 1.6988373924704161 2.1355776757001879 -0.30162215725733688 -0.033330279961228372 -0.83019574410037 0.72672940702999345 -1.2803186237812043 0.78944645669009239 -1.792361501057943 -0.061281497567014204 -0.26837534063285395 0.76675093211233625
leaf_weight=22 24 15.999999999999998 19 17 17 17 15.999999999999998 26 15.999999999999998 19 17 18 37 14.999999999999998 1307 31 15.999999999999998
leaf_count=22 24 16 19 17 17 17 16 26 16 19 17 18 37 15 1307 31 16
internal_value=4.56743e-10 0.482229 -0.0344449 -0.0749945 0.364769 -0.0591151 0.927631 0.498139 0.858999 0.115616 0.420199 -0.305467 -0.0573583 -0.76558 -0.0378612 -0.690318 1.37585
internal_weight=1650 110 1540 1398 142 81 61 45 33 78 59 35 1381 37 1344 48 32
internal_count=1650 110 1540 1398 142 81 61 45 33 78 59 35 1381 37 1344 48 32
is_linear=0
shrinkage=0.1


Tree=31
num_leaves=16
num_cat=0
split_feature=5 1 5 5 5 6 4 1 0 6 0 10 6 5 6
split_gain=2252.79 2371.41 2356.94 3026.62 3776.83 3627.84 3470.65 2686.34 3550.53 2876.81 2154.54 2152.77 2105.97 4617.29 2475.25
threshold=63.553571428571438 121.50000000000001 65.375000000000014 69.571428571428598 71.250000000000014 65.248806968176609 72.928571428571445 49.000000000000007 82.000000000000014 23.883793383905768 121.50000000000001 5.5000000000000009 25.41842412117192 60.410714285714292 23.033635741589098
decision_type=2 2 2 2 2 2 2 2 2 2 2 2 2 2 2
left_child=1 10 7 6 -5 -6 11 -2 9 -9 12 -4 14 -14 -1
right_child=2 -3 3 4 5 -7 -8 8 -10 -11 -12 -13 13 -15 -16
leaf_value=-0.087018845476270701 -0.56772022724151616 1.1638253466288251 0.39413156236865021 1.4087816856801512 0.20170798813439694 -1.0018272245371784 -1.5440735410560262 1.276725768720588 2.215332514792681 -0.1840602705255151 -1.187127733230591 -0.77370425197813253 0.32029607092461937 -0.7338161602616311 -0.55704354602490036
leaf_weight=615 14.999999999999998 14.999999999999998 38 24 346 27 22 26 15.999999999999998 28 18 27 246 50 137
leaf_count=615 15 15 38 24 346 27 22 26 16 28 18 27 246 50 137
internal_value=3.54794e-09 -0.0847738 0.161055 0.075764 0.192827 0.114589 -0.458421 0.646714 0.90695 0.519281 -0.102343 -0.0909695 -0.0837114 0.142237 -0.172648
internal_weight=1650 1081 569 484 397 373 87 85 70 54 1066 65 1048 296 752
internal_count=1650 1081 569 484 397 373 87 85 70 54 1066 65 1048 296 752
is_linear=0
shrinkage=0.1


Tree=32
num_leaves=18
num_cat=0
split_feature=10 2 6 9 0 6 5 2 8 5 0 5 4 10 8 1 5
split_gain=2237.54 3394.62 3809.68 3221.83 5198.97 4343.21 3243.51 2750.66 2400.38 2267.71 3166.03 4599.26 4099.87 2379.13 2377.71 2266.08 1285.93
threshold=4.5000000000000009 93.000000000000014 40.209115366478152 5.5000000000000009 135.00000000000003 40.125758437612582 74.750000000000014 67.500000000000014 23.500000000000004 86.964285714285737 82.000000000000014 93.696428571428584 90.500000000000014 5.5000000000000009 6.5000000000000009 93.000000000000014 34.553571428571438
decision_type=2 2 2 2 2 2 2 2 2 2 2 2 2 2 2 2 2
left_child=1 2 8 9 5 6 -5 -7 16 13 12 -12 -11 14 -2 -15 -1
right_child=3 -3 -4 4 -6 7 -8 -9 -10 10 11 -13 -14 15 -16 -17 -18
leaf_value=-1.3153594429002089 -0.30103521094578939 0.97002161550852994 -1.9424266293644905 0.32633711794327047 2.0798820046817554 0.15223985910415649 1.8710155372818311 -1.6745598273242224 0.53423776803193268 -0.20335392250734219 1.5799640900948468 -0.19420641852686038 1.7525187944543774 -0.22289658891629027 0.12945203996139817 -1.3448324081929108 -0.37594574178915985
leaf_weight=17 166 18 15.999999999999998 145 17 15.999999999999998 14.999999999999998 17 27 17 17 104 29 343 565 19 102
leaf_count=17 166 18 16 145 17 16 15 17 27 17 17 104 29 343 565 19 102
internal_value=-8.2137e-10 -0.332787 -0.477543 0.0407494 0.403383 0.255712 0.471151 -0.788839 -0.317008 -0.0196896 0.323521 0.0550572 1.0297 -0.0721288 0.0316943 -0.281783 -0.510148
internal_weight=1650 180 162 1470 210 193 160 33 146 1260 167 121 46 1093 731 362 119
internal_count=1650 180 162 1470 210 193 160 33 146 1260 167 121 46 1093 731 362 119
is_linear=0
shrinkage=0.1


Tree=33
num_leaves=18
num_cat=0
split_feature=10 9 8 9 0 6 1 0 5 8 1 2 10 0 1 0 5
split_gain=1812.41 3072.88 4486.63 2609.68 4211.17 3518 2864.07 2240.86 3212.29 3492.83 2480.63 2228.03 2113.95 1993.42 1789.03 1171.04 2203.8
threshold=4.5000000000000009 5.5000000000000009 23.500000000000004 5.5000000000000009 135.00000000000003 40.125758437612582 100.50000000000001 165.00000000000003 86.964285714285737 28.500000000000004 89.000000000000014 67.500000000000014 5.5000000000000009 58.500000000000007 67.500000000000014 73.000000000000014 61.089285714285715
decision_type=2 2 2 2 2 2 2 2 2 2 2 2 2 2 2 2 2
left_child=1 2 15 7 5 6 -5 8 12 -10 -9 -7 -2 -4 -3 16 -1
right_child=3 14 13 4 -6 11 -8 10 9 -11 -12 -13 -14 -15 -16 -17 -18
leaf_value=-0.45463663178046104 0.042564313660082558 -0.45116905331611623 0.16393468221028643 0.27815808692973082 1.8718937453101665 0.13701587021350861 1.6511234108139488 0.037693390051523834 0.61802025935970828 -0.90621184864464943 -1.7809630123774209 -1.507103802877314 -0.25360445265159098 1.7942396704355876 -1.9956324958801268 -1.1846204284578563 0.85563725044329964
leaf_weight=89 721 15.000000000000002 15.000000000000002 143 17 15.999999999999998 17 15.000000000000002 130 17 14.999999999999998 17 362 14.999999999999998 14.999999999999998 15.999999999999998 14.999999999999998
leaf_count=89 721 15 15 143 17 16 17 15 130 17 15 17 362 15 15 16 15
internal_value=-1.61932e-09 -0.299508 -0.114729 0.0366744 0.363045 0.230141 0.424036 -0.0177206 0.00310658 0.441749 -0.871635 -0.709955 -0.0564321 0.979087 -1.2234 -0.388184 -0.265655
internal_weight=1650 180 150 1470 210 193 160 1260 1230 147 30 33 1083 30 30 120 104
internal_count=1650 180 150 1470 210 193 160 1260 1230 147 30 33 1083 30 30 120 104
is_linear=0
shrinkage=0.1


Tree=34
num_leaves=12
num_cat=0
split_feature=7 5 9 6 8 0 7 8 2 7 5
split_gain=1669.49 2360.8 2177.64 4297.24 3313.04 7036.08 2413.91 2313.68 4295.48 3076.88 847.93
threshold=0.80357142857142871 36.035714285714292 4.5000000000000009 57.675909872071905 27.500000000000004 121.50000000000001 0.87500000000000011 16.500000000000004 82.000000000000014 0.91071428571428592 85.303571428571445
decision_type=2 2 2 2 2 2 2 2 2 2 2
left_child=1 -1 6 4 5 -4 -2 9 -9 -8 -6
right_child=2 -3 3 -5 10 -7 7 8 -10 -11 -12
leaf_value=-0.0045762500979683622 0.87527353564898169 -1.6315250619252524 0.15543153475421345 1.5003162249922752 1.6214429184794428 -1.5755342707633972 1.2063881928270515 -0.39124387912642289 0.36144792636499762 0.0026344958085139265 0.59192242445424204
leaf_weight=22 27 14.999999999999998 387 24 15.999999999999998 25 22 392 94 610 15.999999999999998
leaf_count=22 27 15 387 24 16 25 22 392 94 610 16
internal_value=7.54654e-10 -0.66415 0.0152347 0.196977 0.126526 0.0503972 -0.0590494 -0.0816135 -0.245662 0.0445373 1.10668
internal_weight=1650 37 1613 468 444 412 1145 1118 486 632 32
internal_count=1650 37 1613 468 444 412 1145 1118 486 632 32
is_linear=0
shrinkage=0.1


Tree=35
num_leaves=19
num_cat=0
split_feature=10 2 6 10 6 5 9 6 1 0 9 3 5 9 8 6 5 6
split_gain=1437.51 2911.71 3083.43 2220.3 3245.98 10895.5 7134.48 4056.17 3834.27 2915.92 2169.33 4761.78 2306.9 2141 3544.47 2110.73 3004.4 2364.63
threshold=4.5000000000000009 93.000000000000014 40.209115366478152 5.5000000000000009 40.125758437612582 51.767857142857146 4.5000000000000009 33.692788906624358 93.000000000000014 121.50000000000001 1.0000000180025095e-35 76.500000000000014 55.482142857142868 5.5000000000000009 23.500000000000004 36.640856596060559 101.91071428571431 30.088090293760118
decision_type=2 2 2 2 2 2 2 2 2 2 2 2 2 2 2 2 2 2
left_child=1 2 13 4 7 -6 -7 8 -2 -9 11 12 -5 14 -1 17 -17 -12
right_child=3 -3 -4 10 5 6 -8 9 -10 -11 15 -13 -14 -15 -16 16 -18 -19
leaf_value=-0.35021277719204974 0.059641524680055583 0.9398499467306668 -1.7186848785728217 -0.61169876660171318 2.4949465783700973 -0.18840560491106151 1.4455450267451151 -0.83489522154514606 1.0060986128838167 0.57712058358722274 -0.16075773343887073 1.5983680091120982 0.56135050058364866 -1.1655198549682444 1.0252917776937069 -1.0368765919827498 -0.017079554297603095 0.91202592754905876
leaf_weight=101 616 18 15.999999999999998 38 24 113 35 78 46 18 311 22 30 22 23 65 52 22
leaf_count=101 616 18 16 38 24 113 35 78 46 18 311 22 30 22 23 65 52 22
internal_value=1.05347e-09 -0.266738 -0.400804 0.0326618 0.126311 0.518506 0.198002 0.0373167 0.125407 -0.570142 -0.128622 0.319556 -0.094177 -0.256378 -0.0950789 -0.218258 -0.583633 -0.0898831
internal_weight=1650 180 162 1470 930 172 148 758 662 96 540 90 68 146 124 450 117 333
internal_count=1650 180 162 1470 930 172 148 758 662 96 540 90 68 146 124 450 117 333
is_linear=0
shrinkage=0.1


Tree=36
num_leaves=13
num_cat=0
split_feature=7 5 1 8 0 4 8 0 5 4 2 0
split_gain=1435.59 2108.29 1803.24 2208.2 1703.99 6281.15 1838.74 1175.47 3754.08 2311.66 895.184 1379.18
threshold=0.80357142857142871 36.035714285714292 19.500000000000004 22.500000000000004 13.000000000000002 61.142857142857146 15.500000000000002 60.500000000000007 44.928571428571438 72.928571428571445 23.000000000000004 47.500000000000007
decision_type=2 2 2 2 2 2 2 2 2 2 2 2
left_child=1 -1 3 10 5 6 -4 9 -9 -6 -2 -12
right_child=2 -3 4 -5 7 -7 -8 8 -10 -11 11 -13
leaf_value=0.0074325025081634528 -0.11240965326627095 -1.5300477488835653 -0.38737017244864735 0.57310740296777929 -0.0098114003999972572 2.3308996808528901 0.59671781876602692 0.99989576170841854 0.049832901560603042 -0.59198057285944627 -0.24238455710203752 -1.2450242241515834
leaf_weight=22 24 14.999999999999998 39 19 753 14.999999999999998 37 45 549 75 23 34
leaf_count=22 24 15 39 19 753 15 37 45 549 75 23 34
internal_value=1.16064e-09 -0.61587 0.0141272 -0.397145 0.0413098 0.46082 0.0917253 0.0144635 0.121807 -0.0625441 -0.624735 -0.84045
internal_weight=1650 37 1613 100 1513 91 76 1422 594 828 81 57
internal_count=1650 37 1613 100 1513 91 76 1422 594 828 81 57
is_linear=0
shrinkage=0.1


Tree=37
num_leaves=15
num_cat=0
split_feature=4 3 6 7 0 7 0 5 1 8 4 4 6 6
split_gain=1274.29 1781.98 3509.87 2997.05 2132.02 1659.37 2463.28 4745.92 4729.86 2281.22 2143.82 2203.72 1576.91 706.016
threshold=32.928571428571438 49.000000000000007 30.230448204462039 0.98214285714285732 37.500000000000007 0.80357142857142871 13.000000000000002 49.982142857142868 37.500000000000007 17.500000000000004 34.357142857142868 35.785714285714292 23.788864467391058 20.255809269917492
decision_type=2 2 2 2 2 2 2 2 2 2 2 2 2 2
left_child=1 2 3 -1 12 -2 7 8 -7 -9 -8 -12 -3 -5
right_child=5 4 -4 13 -6 6 10 9 -10 -11 11 -13 -14 -15
leaf_value=1.2900954281290373 -0.81668652555216914 -0.79613817210855153 -1.0664242613883246 -0.69428465326627087 -1.7330724771817527 0.063962925275166824 0.87685717259134577 -0.99970120191574097 2.3889479374956517 0.61561238993616674 -0.82717730365693576 0.012378169145930524 0.44052312523126602 0.27594981998205187
leaf_weight=24 23 29 21 15.000000000000002 14.999999999999998 14.999999999999998 28 18 21 17 32 1361 15.999999999999998 14.999999999999998
leaf_count=24 23 29 21 15 15 15 28 18 21 17 32 1361 16 15
internal_value=-6.43685e-10 -0.294395 0.0305648 0.457172 -0.700595 0.0262332 0.0392273 0.614058 1.4202 -0.21512 0.010506 -0.0069081 -0.356436 -0.209167
internal_weight=1650 135 75 54 60 1515 1492 71 36 35 1421 1393 45 30
internal_count=1650 135 75 54 60 1515 1492 71 36 35 1421 1393 45 30
is_linear=0
shrinkage=0.1


Tree=38
num_leaves=16
num_cat=0
split_feature=8 10 1 1 7 1 5 5 5 6 4 3 2 1 4
split_gain=1208.03 2531.88 5619.9 1726.65 998.304 1305.35 934.15 3123.65 2379.99 2103.05 5401 1937.27 1610.76 4639.46 2500.45
threshold=27.500000000000004 5.5000000000000009 100.50000000000001 100.50000000000001 0.98214285714285732 73.000000000000014 86.964285714285737 83.660714285714292 92.928571428571445 40.310479059738235 116.42857142857143 76.500000000000014 64 115.00000000000001 87.857142857142875
decision_type=2 2 2 2 2 2 2 2 2 2 2 2 2 2 2
left_child=6 2 4 -3 -2 -6 7 12 -8 10 -10 -11 14 -14 -1
right_child=1 3 -4 -5 5 -7 8 -9 9 11 -12 -13 13 -15 -16
leaf_value=0.073110407533553939 0.77954397026230315 0.2517468382418156 2.1374812552803442 -1.1419843533658423 0.35744506635449153 -0.82964603900909428 1.2326392430067064 -1.3949450100169463 0.15526046449584621 1.2822776323273068 -1.9813562699158986 0.02997203886508942 -0.28869674416946217 1.1183689112663269 -0.68206455360936091
leaf_weight=936 17 20 19 15.999999999999998 22 15.999999999999998 20 17 56 21 14.999999999999998 30 374 25 46
leaf_count=936 17 20 19 16 22 16 20 17 56 21 15 30 374 25 46
internal_value=-7.04983e-10 0.320155 0.654782 -0.367689 0.142576 -0.142383 -0.0228682 -0.0476903 0.221507 0.0557478 -0.296137 0.545627 -0.0311057 -0.200535 0.0377356
internal_weight=1650 110 74 36 55 38 1540 1398 142 122 71 51 1381 399 982
internal_count=1650 110 74 36 55 38 1540 1398 142 122 71 51 1381 399 982
is_linear=0
shrinkage=0.1


Tree=39
num_leaves=20
num_cat=0
split_feature=9 6 0 5 2 6 8 8 5 2 2 5 2 2 1 6 3 6 2
split_gain=1254.26 3935.86 2894.45 3914.18 4223.29 3449.31 1744.97 2788.4 3784.18 4237.58 3681.98 5581.75 2755.67 3443.35 3146.18 5224.01 2353.84 2121.58 2066.01
threshold=4.5000000000000009 57.675909872071905 143.50000000000003 72.964285714285737 82.000000000000014 22.343670969748903 16.500000000000004 10.500000000000002 86.964285714285737 115.00000000000001 23.000000000000004 51.482142857142868 82.000000000000014 67.500000000000014 67.500000000000014 35.001302678824601 38.500000000000007 39.509290437055803 73.000000000000014
decision_type=2 2 2 2 2 2 2 2 2 2 2 2 2 2 2 2 2 2 2
left_child=6 2 3 5 -5 -2 7 8 18 -10 16 -12 13 -8 -14 -16 -9 -15 -1
right_child=1 -3 -4 4 -6 -7 12 10 9 -11 11 -13 14 17 15 -17 -18 -19 -20
leaf_value=-0.096266696599946522 0.29842066035979548 1.3842980409661929 -1.1059025335311892 1.8069158983345215 0.24598189751939992 -0.3224224770760668 -0.15248889738841664 0.25932135536120487 2.026547981710995 -0.27947554230690003 1.2577053421450888 0.11294640036005724 -0.59805306905302513 -0.59499450680123622 2.0065459650754929 0.094267832279205321 -1.0862808588605661 -1.7574992626905441 -0.77242737158129993
leaf_weight=345 177 24 20 26 52 181 315 26 17 14.999999999999998 68 114 29 73 20 50 26 20 52
leaf_count=345 177 24 20 26 52 181 315 26 17 15 68 114 29 73 20 50 26 20 52
internal_value=1.56344e-09 0.136121 0.0704272 0.124387 0.766293 -0.0154693 -0.0558444 0.05095 -0.100511 0.945599 0.328628 0.540659 -0.195499 -0.31034 0.277786 0.640633 -0.41348 -0.844996 -0.184832
internal_weight=1650 480 456 436 78 358 1170 663 429 32 234 182 507 408 99 70 52 93 397
internal_count=1650 480 456 436 78 358 1170 663 429 32 234 182 507 408 99 70 52 93 397
is_linear=0
shrinkage=0.1


Tree=40
num_leaves=20
num_cat=0
split_feature=4 10 6 5 9 5 1 9 3 1 1 4 3 6 7 0 0 6 5
split_gain=1094.88 1441.44 2605.05 11475.3 5445.41 3340.34 4401.84 1871.43 3079.28 2122.74 2025.13 2239.34 1318.48 2818.71 2400.98 1824.68 1514.53 530.387 364.464
threshold=32.928571428571438 5.5000000000000009 40.310479059738235 51.767857142857146 4.5000000000000009 93.696428571428584 93.000000000000014 1.0000000180025095e-35 76.500000000000014 67.500000000000014 19.500000000000004 46.857142857142868 49.000000000000007 30.230448204462039 0.98214285714285732 37.500000000000007 29.500000000000004 20.255809269917492 99.946428571428584
decision_type=2 2 2 2 2 2 2 2 2 2 2 2 2 2 2 2 2 2 2
left_child=12 2 5 -4 -5 6 -2 8 9 -3 -9 -12 13 14 -1 16 -14 -16 -7
right_child=1 7 3 4 -6 18 -8 10 -10 -11 11 -13 15 -15 17 -17 -18 -19 -20
leaf_value=1.1344466462731362 -0.017354511611690635 0.4849439831243621 2.5807918299328199 -0.20960473683951175 1.1881170210403365 -1.287822291430305 0.76013409261718212 -1.2085581867318407 1.3648963076727731 -0.66467842932405141 0.26376107864233916 -0.28571639788443925 -0.73481713327868237 -0.97642806143987748 -0.62793909450372043 -1.5774544365207355 0.47713864110410215 0.21300259311993919 -0.62285595349967482
leaf_weight=24 721 36 22 113 37 17 81 19 21 29 98 305 29 21 15.000000000000002 14.999999999999998 15.999999999999998 14.999999999999998 15.999999999999998
leaf_count=24 721 36 22 113 37 17 81 19 21 29 98 305 29 21 15 15 16 15 16
internal_value=-1.85113e-09 0.0243166 0.0935968 0.447979 0.135167 0.0205983 0.0611699 -0.113017 0.312153 -0.0279645 -0.199662 -0.152097 -0.272886 0.00663577 0.388938 -0.622288 -0.3039 -0.207468 -0.965414
internal_weight=1650 1515 1007 172 150 835 802 508 86 65 422 403 135 75 54 60 45 30 33
internal_count=1650 1515 1007 172 150 835 802 508 86 65 422 403 135 75 54 60 45 30 33
is_linear=0
shrinkage=0.1


Tree=41
num_leaves=11
num_cat=0
split_feature=7 5 9 6 0 3 7 6 6 2
split_gain=1122.45 1766.47 1268.24 2898.04 2658.03 3503.97 1837.8 1752.14 4532.59 2180.51
threshold=0.80357142857142871 36.035714285714292 4.5000000000000009 57.675909872071905 143.50000000000003 143.50000000000003 0.87500000000000011 48.780371835278338 47.114434508872783 87.500000000000014
decision_type=2 2 2 2 2 2 2 2 2 2
left_child=1 -1 6 4 5 -4 -2 8 -8 -9
right_child=2 -3 3 -5 -6 -7 7 9 -10 -11
leaf_value=0.02596507397564975 0.7710419368964655 -1.3813694127400717 0.09141932988225103 1.2215123797456424 -1.0332326936721803 1.6475857734680177 -0.053247276975924199 -0.8177633730634567 1.6431178897619247 0.24546191671064924
leaf_weight=22 27 14.999999999999998 409 24 20 14.999999999999998 1012 62 15.999999999999998 28
leaf_count=22 27 15 409 24 20 15 1012 62 16 28
internal_value=3.01297e-09 -0.544576 0.0124918 0.151188 0.0933325 0.146472 -0.0441979 -0.0638862 -0.0268447 -0.486982
internal_weight=1650 37 1613 468 444 424 1145 1118 1028 90
internal_count=1650 37 1613 468 444 424 1145 1118 1028 90
is_linear=0
shrinkage=0.1


Tree=42
num_leaves=20
num_cat=0
split_feature=10 9 8 1 8 10 8 1 2 0 6 9 3 5 3 3 6 0 5
split_gain=1090.18 2381.87 2772.6 1709.55 1656.86 1521.07 2493.22 3932.93 2534.71 3623.49 3164.11 1508.9 3018.78 2088.15 1776.16 2016.25 1263.52 1225.8 1829.87
threshold=4.5000000000000009 5.5000000000000009 23.500000000000004 67.500000000000014 26.500000000000004 5.5000000000000009 27.500000000000004 115.00000000000001 115.00000000000001 93.000000000000014 43.458577113461985 1.0000000180025095e-35 76.500000000000014 55.482142857142868 30.500000000000004 60.500000000000007 33.168949452108883 73.000000000000014 61.089285714285715
decision_type=2 2 2 2 2 2 2 2 2 2 2 2 2 2 2 2 2 2 2
left_child=1 2 17 -3 -4 6 8 16 10 -10 -2 12 13 -7 -13 -16 -8 18 -1
right_child=5 3 4 -5 -6 11 7 -9 9 -11 -12 14 -14 -15 15 -17 -18 -19 -20
leaf_value=-0.33141639969322123 0.037236382729946386 -0.29081233402093248 1.5334110260009763 -1.80058162689209 0.047093344529469811 -0.55306329538947663 -0.12165874366958936 2.1284182612101237 -1.148054299599085 0.37600220441818238 0.64634613976957878 -0.58275373049757695 1.2869421629743143 0.56298565099636722 0.16757067229315553 -0.30515803243789374 0.95742546951069551 -1.0994189251214266 0.86253296852111816
leaf_weight=89 706 15.000000000000002 15.000000000000002 14.999999999999998 14.999999999999998 38 30 14.999999999999998 39 26 97 88 22 30 171 191 17 15.999999999999998 14.999999999999998
leaf_count=89 706 15 15 15 15 38 30 15 39 26 97 88 22 30 171 191 17 16 15
internal_value=-8.14597e-10 -0.23229 -0.069608 -1.0457 0.790252 0.0284436 0.105956 0.718593 0.0621963 -0.538432 0.110815 -0.10505 0.268732 -0.0606888 -0.179807 -0.0818525 0.268648 -0.284573 -0.159212
internal_weight=1650 180 150 30 30 1470 930 62 868 65 803 540 90 68 450 362 47 120 104
internal_count=1650 180 150 30 30 1470 930 62 868 65 803 540 90 68 450 362 47 120 104
is_linear=0
shrinkage=0.1


Tree=43
num_leaves=7
num_cat=0
split_feature=5 5 1 3 4 6
split_gain=1038.67 4203.41 2541.79 1116.54 2948.66 1562.32
threshold=130.00000000000003 118.39285714285715 185.00000000000003 17.500000000000004 48.071428571428577 26.833989255912183
decision_type=2 2 2 2 2 2
left_child=1 2 3 4 -1 -5
right_child=-2 -3 -4 5 -6 -7
leaf_value=0.30087527879038634 -0.63966597461700436 1.3521156937855743 -1.2256956100463867 -0.058188319669434135 -0.71357444425423944 0.15182142070553772
leaf_weight=49 25 23 17 869 69 598
leaf_count=49 25 23 17 869 69 598
internal_value=-1.20169e-09 0.00984101 -0.0094301 0.00361502 -0.29232 0.0274189
internal_weight=1650 1625 1602 1585 118 1467
internal_count=1650 1625 1602 1585 118 1467
is_linear=0
shrinkage=0.1


Tree=44
num_leaves=20
num_cat=0
split_feature=8 8 3 6 2 9 9 1 6 4 4 0 0 4 1 8 3 4 3
split_gain=916.418 2232.7 4541.29 2179.87 3096.72 2086.22 3518.57 3946.26 3039.59 2942.06 5556.86 2056.39 3169.51 2007.07 1649.31 1606.76 3167.84 3725.5 2486.2
threshold=6.5000000000000009 13.500000000000002 49.000000000000007 28.540373364020741 73.000000000000014 3.5000000000000004 1.5000000000000002 37.500000000000007 20.567707923580734 110.50000000000001 89.142857142857153 100.50000000000001 93.000000000000014 119.28571428571429 135.00000000000003 4.5000000000000009 40.500000000000007 55.357142857142868 58.500000000000007
decision_type=2 2 2 2 2 2 2 2 2 2 2 2 2 2 2 2 2 2 2
left_child=15 2 3 4 -2 6 7 -3 -8 10 -7 12 -4 -5 -11 16 17 -1 -17
right_child=1 5 11 13 -6 9 8 -9 -10 14 -12 -13 -14 -15 -16 18 -18 -19 -20
leaf_value=-0.0443457620655313 0.68321454384662583 -0.58377605596585058 -0.033114752700533143 2.2539325952529903 -0.81214599311351776 0.17256581859902531 0.28350590957535643 0.30941518128864348 -0.62827301859855655 1.8105437580744426 -1.1905536230766411 -0.85220141852343534 1.4756550025939941 0.61805550257364916 0.37189045373131252 -0.1602882890007164 0.27971267124510701 -1.3048530191634642 -1.2170337396283304
leaf_weight=81 103 67 194 15.000000000000002 15.999999999999998 319 45 189 195 14.999999999999998 33 27 14.999999999999998 14.999999999999998 17 79 161 33 31
leaf_count=81 103 67 194 15 16 319 45 189 195 15 33 27 15 15 17 79 161 33 31
internal_value=-4.40363e-09 0.041114 0.241968 0.674205 0.482158 -0.0467596 -0.182236 0.0756503 -0.457314 0.128231 0.0447734 -0.0309274 0.0751702 1.43599 1.04626 -0.135089 -0.00588515 -0.409229 -0.458098
internal_weight=1650 1265 385 149 119 880 496 256 240 384 352 236 209 30 32 385 275 114 110
internal_count=1650 1265 385 149 119 880 496 256 240 384 352 236 209 30 32 385 275 114 110
is_linear=0
shrinkage=0.1


Tree=45
num_leaves=15
num_cat=0
split_feature=6 4 3 0 4 4 6 4 2 4 1 1 1 3
split_gain=858.536 1038.74 2082.15 2168.51 4185.43 1333 2629.47 1618.02 5555.27 4553.36 1117.89 1045.3 2169.43 738.001
threshold=81.893225638687369 110.50000000000001 76.500000000000014 155.00000000000003 126.42857142857143 101.92857142857144 37.504191310140911 93.571428571428598 100.50000000000001 89.142857142857153 89.000000000000014 121.50000000000001 93.000000000000014 100.50000000000001
decision_type=2 2 2 2 2 2 2 2 2 2 2 2 2 2
left_child=1 5 3 4 -3 7 -7 9 -9 -1 -8 12 -4 -13
right_child=-2 2 11 -5 -6 6 10 8 -10 -11 -12 13 -14 -15
leaf_value=0.0083990965730956057 -0.70697803637560686 2.4854703489939372 -0.55346630960702903 -0.0047486782073974613 0.25093695835063329 0.52600257431759556 -0.31078935305277511 -0.16465222444385291 2.16762796719869 -1.3028689028488267 -1.4303399061614819 -0.98373964428901672 1.046887638171514 -0.037500487706240489
leaf_weight=1380 17 14.999999999999998 15.999999999999998 24 19 17 14.999999999999998 32 14.999999999999998 27 22 15.999999999999998 18 17
leaf_count=1380 17 15 16 24 19 17 15 32 15 27 22 16 18 17
internal_value=1.95984e-09 0.00735985 0.284377 0.723033 1.23676 -0.0156024 -0.503468 0.0025164 0.579693 -0.0167638 -0.976468 -0.0953556 0.29378 -0.496283
internal_weight=1650 1633 125 58 34 1508 54 1454 47 1407 37 67 34 33
internal_count=1650 1633 125 58 34 1508 54 1454 47 1407 37 67 34 33
is_linear=0
shrinkage=0.1


Tree=46
num_leaves=14
num_cat=0
split_feature=10 2 6 6 9 9 0 6 0 4 0 2 1
split_gain=834.271 2227.21 2566.56 1753.19 1879.89 1380.37 3180.2 4036.94 2007.57 1743.17 1730.44 1803.76 1612.52
threshold=4.5000000000000009 93.000000000000014 40.209115366478152 31.701765104981128 5.5000000000000009 5.5000000000000009 135.00000000000003 47.114434508872783 165.00000000000003 64.071428571428584 143.50000000000003 115.00000000000001 89.000000000000014
decision_type=2 2 2 2 2 2 2 2 2 2 2 2 2
left_child=1 2 3 4 -1 8 7 9 10 -7 11 -2 -10
right_child=5 -3 -4 -5 -6 6 -8 -9 12 -11 -12 -13 -14
leaf_value=-0.16637913813694905 0.023921383364664185 0.85206897689236527 -1.522817350924015 0.70721505848984978 -1.269488639301724 0.081206366278993802 1.5734537727692548 -1.4287251134216785 -0.089771528244018531 0.77334513056511978 0.95197141045018252 -0.45123452752135523 -1.5560699288050335
leaf_weight=109 1125 18 15.999999999999998 19 18 127 17 14.999999999999998 15.000000000000002 51 19 86 14.999999999999998
leaf_count=109 1125 18 16 19 18 127 17 15 15 51 19 86 15
internal_value=-1.21851e-09 -0.203205 -0.320457 -0.188692 -0.322725 0.0248822 0.262246 0.146751 -0.0146784 0.279516 0.00503483 -0.00982214 -0.822921
internal_weight=1650 180 162 146 127 1470 210 193 1260 178 1230 1211 30
internal_count=1650 180 162 146 127 1470 210 193 1260 178 1230 1211 30
is_linear=0
shrinkage=0.1


Tree=47
num_leaves=13
num_cat=0
split_feature=7 3 1 8 0 4 8 6 1 1 5 10
split_gain=824.249 1592.16 1142.5 1745.33 1118.19 5190.3 1228.86 1203.3 4207.49 2750.24 829.959 1350.28
threshold=0.80357142857142871 38.500000000000007 19.500000000000004 22.500000000000004 13.000000000000002 61.142857142857146 15.500000000000002 36.074522497870795 100.50000000000001 28.5 39.982142857142868 5.5000000000000009
decision_type=2 2 2 2 2 2 2 2 2 2 2 2
left_child=1 -1 3 10 5 6 -4 8 -6 -9 -2 -12
right_child=2 -3 4 -5 7 -7 -8 9 -10 -11 11 -13
leaf_value=-1.0714487147331238 -1.0600624577807529 0.2448490637628471 -0.35500334035127595 0.54593213812301034 0.011546547270032782 2.0721284847458206 0.44949298903748797 -1.3562114874521891 0.82976310253143315 -0.086149094025417011 0.031336213726746408 -0.95309241305698045
leaf_weight=20 21 17 39 19 1014 14.999999999999998 37 18 67 323 38 22
leaf_count=20 21 17 39 19 1014 15 37 18 67 323 38 22
internal_value=1.26276e-09 -0.466663 0.0107046 -0.316659 0.0323413 0.372176 0.0366593 0.0105938 0.0622593 -0.153191 -0.518995 -0.329621
internal_weight=1650 37 1613 100 1513 91 76 1422 1081 341 81 60
internal_count=1650 37 1613 100 1513 91 76 1422 1081 341 81 60
is_linear=0
shrinkage=0.1


Tree=48
num_leaves=17
num_cat=0
split_feature=10 6 8 1 8 0 8 7 6 2 2 5 1 3 6 4
split_gain=754.629 1831.49 1904.58 3532.56 2099.63 4726.31 3312.6 1642.65 1176.41 1416.09 5043.94 2823.36 2805.75 2745.09 1476.48 1189.71
threshold=5.5000000000000009 75.32108985303006 27.500000000000004 115.00000000000001 14.500000000000002 115.00000000000001 10.500000000000002 0.98214285714285732 75.32108985303006 82.000000000000014 73.000000000000014 63.714285714285722 121.50000000000001 100.50000000000001 40.769034518018749 136.42857142857147
decision_type=2 2 2 2 2 2 2 2 2 2 2 2 2 2 2 2
left_child=1 2 4 7 6 -6 -1 -4 9 10 14 -12 13 -11 -2 -14
right_child=8 -3 3 -5 5 -7 -8 -9 -10 12 11 -13 15 -15 -16 -17
leaf_value=-0.02165093328986839 0.011092541018357644 1.0205365111953335 0.96800164116753473 1.8903122140963875 -0.080132132101003894 -1.3988112877155174 0.53081153778208268 -0.17795899902902002 -0.89180242750379779 0.15522455745849059 -0.48452081329682301 -2.3668158721923827 -1.16425841625999 1.3445684737629362 -0.65560076301162307 0.057614875634511314
leaf_weight=407 325 19 18 14.999999999999998 433 29 148 41 18 69 17 14.999999999999998 17 27 37 14.999999999999998
leaf_count=407 325 19 18 15 433 29 148 41 18 69 17 15 17 27 37 15
internal_value=6.06918e-09 0.0471694 0.030218 0.520032 -0.00542238 -0.162906 0.125672 0.171656 -0.0969593 -0.0695509 -0.16343 -1.36685 0.219419 0.489728 -0.0570501 -0.591505
internal_weight=1650 1110 1091 74 1017 462 555 59 540 522 394 32 128 96 362 32
internal_count=1650 1110 1091 74 1017 462 555 59 540 522 394 32 128 96 362 32
is_linear=0
shrinkage=0.1


Tree=49
num_leaves=7
num_cat=0
split_feature=5 5 1 10 1 1
split_gain=708.018 2897.32 2085.64 911.29 2950.69 2166.72
threshold=130.00000000000003 118.39285714285715 185.00000000000003 5.5000000000000009 143.50000000000003 89.000000000000014
decision_type=2 2 2 2 2 2
left_child=1 2 3 4 -1 -5
right_child=-2 -3 -4 5 -6 -7
leaf_value=0.035014778070276795 -0.52812514638900765 1.122518571563389 -1.1096141983481016 -0.0080074842751174068 1.403108322620392 -0.54349389699518047
leaf_weight=1073 25 23 17 403 15.999999999999998 93
leaf_count=1073 25 23 17 403 16 93
internal_value=-8.71379e-10 0.008125 -0.00787441 0.00394236 0.0551153 -0.108411
internal_weight=1650 1625 1602 1585 1089 496
internal_count=1650 1625 1602 1585 1089 496
is_linear=0
shrinkage=0.1


Tree=50
num_leaves=19
num_cat=0
split_feature=8 8 3 0 4 4 5 0 5 5 5 6 0 0 6 6 6 9
split_gain=698.436 1485.38 2801.1 2307.48 3890.79 3109.45 2148.82 2202.83 1907.56 4163.15 2203 2095.65 1955.29 1916.86 1367.03 1824.38 1458.64 1396.78
threshold=6.5000000000000009 12.500000000000002 49.000000000000007 73.000000000000014 68.714285714285737 41.571428571428577 37.196428571428577 47.500000000000007 37.196428571428577 39.696428571428577 35.303571428571438 17.855410535517851 47.500000000000007 18.500000000000004 17.855410535517851 18.854158724197543 20.068439994670587 2.5000000000000004
decision_type=2 2 2 2 2 2 2 2 2 2 2 2 2 2 2 2 2 2
left_child=14 2 6 5 -5 -4 -2 -8 10 -10 11 -3 -12 -11 -1 -16 -17 -18
right_child=1 8 3 4 -6 -7 7 -9 9 13 12 -13 -14 -15 15 16 17 -19
leaf_value=-0.81812978157630334 1.7071179552872977 -0.52696027308702476 -0.65005348543326058 -1.7399194068378874 -0.046117403344674547 0.51346438198673483 -0.39548141527175906 0.66689441273553995 1.5655817466623645 0.56099970488360629 -1.8154307699451846 0.84695005416870117 -0.31995613645104803 -0.055075922489930422 0.94389001952812956 -0.94613897204399111 0.18547484408637493 -0.23849992833212408
leaf_weight=26 14.999999999999998 32 30 18 55 98 25 89 17 54 18 17 17 780 17 20 131 191
leaf_count=26 15 32 30 18 55 98 25 89 17 54 18 17 17 780 17 20 131 191
internal_value=-1.15281e-09 0.0358927 0.218292 -0.01511 -0.463767 0.240765 0.581964 0.433917 -0.0284833 0.0163921 -0.483114 -0.0502975 -1.08906 -0.0151861 -0.117933 -0.0672226 -0.117483 -0.0660133
internal_weight=1650 1265 330 201 73 128 129 114 935 851 84 49 35 834 385 359 342 322
internal_count=1650 1265 330 201 73 128 129 114 935 851 84 49 35 834 385 359 342 322
is_linear=0
shrinkage=0.1


Tree=51
num_leaves=15
num_cat=0
split_feature=9 6 0 4 5 6 1 8 0 7 1 3 2 9
split_gain=773.192 2790.57 2179.29 4334.26 3282.89 3837.1 2846.4 2623 1280.49 2661.8 1733.74 1665.33 1315.84 1117.73
threshold=4.5000000000000009 57.675909872071905 115.00000000000001 94.785714285714306 70.839285714285737 31.701765104981128 73.000000000000014 19.500000000000004 1.0000000180025095e-35 0.8392857142857143 13.000000000000002 135.00000000000003 49.000000000000007 2.5000000000000004
decision_type=2 2 2 2 2 2 2 2 2 2 2 2 2 2
left_child=8 2 4 -4 5 -2 -6 -5 -1 13 12 -12 -11 -10
right_child=1 -3 3 7 6 -7 -8 -9 9 10 11 -13 -14 -15
leaf_value=-0.93230465054512024 0.13808083975918117 1.1578738011419774 -1.7126123714447024 -0.79985774318377179 2.0021813480059305 -0.86211830485950824 0.4158711119838383 1.0144198249368106 0.30117637719959023 -0.2142264827465018 -0.0032802965885680713 -0.79894589847988551 -1.0975299808841485 1.5027301311492918
leaf_weight=15.999999999999998 299 24 20 14.999999999999998 14.999999999999998 44 46 17 15.999999999999998 48 1022 27 26 15.000000000000002
leaf_count=16 299 24 20 15 15 44 46 17 16 48 1022 27 26 15
internal_value=-1.05053e-09 0.106874 0.0515587 -0.557788 0.129989 0.00977541 0.805947 0.163977 -0.0438459 -0.0315276 -0.056761 -0.0237598 -0.524576 0.882573
internal_weight=1650 480 456 52 404 343 61 32 1170 1154 1123 1049 74 31
internal_count=1650 480 456 52 404 343 61 32 1170 1154 1123 1049 74 31
is_linear=0
shrinkage=0.1


Tree=52
num_leaves=20
num_cat=0
split_feature=6 5 6 5 5 5 2 6 2 8 5 1 4 5 0 9 3 5 8
split_gain=693.388 5097.91 6208.57 3754.24 13703.5 2498.92 3343.13 2775.98 2514.46 2215.78 2182.28 2569.88 2201.33 4360.02 3962.38 2026.54 2002.1 1868.73 1657.85
threshold=25.748129886637077 51.125000000000007 43.305688060121447 37.196428571428577 44.660714285714299 54.339285714285722 73.000000000000014 23.883793383905768 67.500000000000014 14.500000000000002 55.285714285714292 58.500000000000007 51.214285714285722 58.160714285714299 51.000000000000007 3.5000000000000004 95.000000000000014 50.767857142857146 12.500000000000002
decision_type=2 2 2 2 2 2 2 2 2 2 2 2 2 2 2 2 2 2 2
left_child=5 2 3 -2 -5 7 16 8 -1 -9 11 -3 13 -12 -14 -8 -7 -10 -17
right_child=1 10 -4 4 -6 6 15 9 17 -11 12 -13 14 -15 -16 18 -18 -19 -20
leaf_value=-0.017456619061283336 -0.70219983061154689 -1.7949783468246459 2.5712415393193564 3.0713819152430486 0.0017557604598902887 0.53400438237924153 -0.97551320945062947 -0.21815600562095644 -0.34057333513871946 -1.5495565583705904 1.6205374250809355 -0.11254161155742148 -0.53982270951591327 0.013803663944596783 0.08947340213611156 0.89276643246412279 -0.67207056641578677 -1.4216788070542474 -0.36060657385856876
leaf_weight=484 24 14.999999999999998 14.999999999999998 19 62 167 31 25 67 25 24 23 134 57 395 15.999999999999998 14.999999999999998 21 31
leaf_count=484 24 15 15 19 62 167 31 25 67 25 24 23 134 57 395 16 15 21 31
internal_value=1.88517e-09 0.0694704 0.668175 0.396308 0.721792 -0.0604912 0.199855 -0.169318 -0.106858 -0.883856 -0.0414007 -0.776661 0.00440239 0.489873 -0.0699324 -0.34789 0.434603 -0.598564 0.0660736
internal_weight=1650 768 120 105 81 882 260 622 572 50 648 38 610 81 529 78 182 88 47
internal_count=1650 768 120 105 81 882 260 622 572 50 648 38 610 81 529 78 182 88 47
is_linear=0
shrinkage=0.1


Tree=53
num_leaves=20
num_cat=0
split_feature=9 8 8 1 8 6 1 2 0 4 3 1 10 6 2 6 9 5 6
split_gain=677.843 2345.98 4370.85 4820.23 3466.29 3157.27 2794.97 2769.68 2622.06 2140.92 3083.64 1912.21 1625.62 1229.5 5565.22 2740.26 2514.94 2470.67 2081.29
threshold=4.5000000000000009 16.500000000000004 20.500000000000004 58.500000000000007 23.500000000000004 33.692788906624358 82.000000000000014 93.000000000000014 82.000000000000014 113.5714285714286 38.500000000000007 93.000000000000014 5.5000000000000009 22.720459316964362 73.000000000000014 20.567707923580734 1.0000000180025095e-35 53.642857142857146 23.033635741589098
decision_type=2 2 2 2 2 2 2 2 2 2 2 2 2 2 2 2 2 2 2
left_child=13 5 3 -3 -4 6 7 -2 -6 10 -7 -8 -5 14 15 17 -17 -1 -15
right_child=1 2 4 12 8 9 11 -9 -10 -11 -12 -13 -14 18 -16 16 -18 -19 -20
leaf_value=-0.038813317802230844 0.13464377064187572 2.3760793450631592 -0.64657816290855408 0.0082460744040352956 0.77244302829106648 -2.2795718285938107 -1.3603936445713043 1.5561378924051921 -0.32790364297953523 0.22611304707825186 -0.47908018231391908 0.0058720432221889499 1.247932579280699 1.133196451909402 -1.5628044525782268 0.34224793314933777 -0.70049610109907567 0.7529770416148166 0.013440300838390779
leaf_weight=244 159 19 48 28 63 14.999999999999998 20 14.999999999999998 33 15.999999999999998 26 21 17 17 27 30 101 47 704
leaf_count=244 159 19 48 28 63 15 20 15 33 16 26 21 17 17 27 30 101 47 704
internal_value=-4.85487e-10 0.100068 0.352878 1.04049 0.0472732 -0.0932573 0.0821668 0.257186 0.394199 -0.754945 -1.1378 -0.660599 0.476572 -0.0410535 -0.170955 -0.0819033 -0.4617 0.0890703 0.0398423
internal_weight=1650 480 208 64 144 272 215 174 96 57 41 41 45 1170 449 422 131 291 721
internal_count=1650 480 208 64 144 272 215 174 96 57 41 41 45 1170 449 422 131 291 721
is_linear=0
shrinkage=0.1


Tree=54
num_leaves=20
num_cat=0
split_feature=10 0 5 8 3 2 4 3 1 2 6 5 1 6 6 10 4 3 1
split_gain=637.214 1974.84 2668.01 1235.13 1090.18 1054.04 2612.41 2240.32 3471.93 1556.9 1586.96 2283.96 1587.27 1393.7 1451.24 1323.59 2499.22 1656.57 1260.72
threshold=4.5000000000000009 73.000000000000014 63.839285714285722 23.500000000000004 51.000000000000007 115.00000000000001 86.142857142857153 76.500000000000014 121.50000000000001 93.000000000000014 39.932177506571698 94.607142857142875 93.000000000000014 46.146600849525193 31.786434769697408 5.5000000000000009 46.857142857142868 17.500000000000004 121.50000000000001
decision_type=2 2 2 2 2 2 2 2 2 2 2 2 2 2 2 2 2 2 2
left_child=1 2 3 -1 -3 9 13 18 -9 15 11 -11 -12 14 -7 17 -17 -2 -8
right_child=5 4 -4 -5 -6 6 7 8 -10 10 12 -13 -14 -15 -16 16 -18 -19 -20
leaf_value=-0.30904220244762576 -0.35224054806431138 -0.22667935411135356 1.0251980475017004 0.6582744137446086 -1.3671045817826926 -1.071073640795315 0.15200543721516924 0.5621215343475342 -1.1217455635070801 0.46879781708121304 0.23818825595080853 -0.94487237572669991 1.5900186664179752 -1.4723066737777311 0.2173026614718967 0.20288219314188727 -0.29543557871353754 0.14154107210141223 1.4485264094670613
leaf_weight=110 75 14.999999999999998 21 14.999999999999998 19 17 15.000000000000002 24 25 48 15.999999999999998 14.999999999999998 19 19 18 155 287 722 14.999999999999998
leaf_count=110 75 15 21 15 19 17 15 24 25 48 16 15 19 19 18 155 287 722 15
internal_value=-9.95894e-10 -0.177592 -0.0177491 -0.192964 -0.863976 0.0217459 -0.246732 0.119687 -0.296994 0.0484532 0.432149 0.13221 0.972039 -0.782789 -0.40848 0.0181044 -0.120686 0.0950748 0.800266
internal_weight=1650 180 146 125 34 1470 133 79 49 1337 98 63 35 54 35 1239 442 797 30
internal_count=1650 180 146 125 34 1470 133 79 49 1337 98 63 35 54 35 1239 442 797 30
is_linear=0
shrinkage=0.1


Tree=55
num_leaves=9
num_cat=0
split_feature=1 1 0 6 2 0 1 6
split_gain=619.972 1106.79 843.421 2944.96 3535.36 2149.37 5804.49 1214.46
threshold=195.00000000000003 165.00000000000003 115.00000000000001 29.415954716904277 87.500000000000014 100.50000000000001 93.000000000000014 70.408462154003132
decision_type=2 2 2 2 2 2 2 2
left_child=1 2 5 -4 -5 7 -7 -1
right_child=-2 -3 3 4 -6 6 -8 -9
leaf_value=0.013755462709256315 -0.55337906599044806 0.78659158547719321 -1.3608993429690601 0.5146741636489568 -0.5896141919039064 -0.16979698630479667 2.3004577388366063 -0.59998707590681144
leaf_weight=1402 20 18 20 57 59 26 14.999999999999998 33
leaf_count=1402 20 18 20 57 59 26 15 33
internal_value=1.03857e-11 0.00678993 -0.00191754 -0.240212 -0.0469897 0.0200391 0.733955 -0.000358477
internal_weight=1650 1630 1612 136 116 1476 41 1435
internal_count=1650 1630 1612 136 116 1476 41 1435
is_linear=0
shrinkage=0.1


Tree=56
num_leaves=19
num_cat=0
split_feature=9 6 0 3 5 8 8 0 0 5 6 2 2 9 4 3 5 3
split_gain=646.472 2117.37 1834.21 2543.87 1689.8 1122.51 2834.69 6715.36 3450.48 4668.91 3066.1 1651.53 2370.67 2248.68 2938.84 2791.06 1669.2 1518.45
threshold=4.5000000000000009 57.675909872071905 143.50000000000003 143.50000000000003 95.303571428571445 16.500000000000004 15.500000000000002 37.500000000000007 60.500000000000007 41.464285714285722 19.376175246425358 82.000000000000014 67.500000000000014 1.5000000000000002 93.571428571428598 66.500000000000014 74.410714285714292 17.500000000000004
decision_type=2 2 2 2 2 2 2 2 2 2 2 2 2 2 2 2 2 2
left_child=5 2 3 4 -2 6 8 -8 10 -10 -1 12 17 15 -15 -13 -14 -7
right_child=1 -3 -4 -5 -6 11 7 -9 9 -11 -12 13 16 14 -16 -17 -18 -19
leaf_value=0.29225912761802858 0.092806608231738211 1.0132176945606868 -0.88687863945960999 1.3721713256835937 -0.8274716910861788 -0.82709676777874985 2.2189545731795461 -0.40632184267044069 1.9616443812847137 0.18606447425844083 -0.33650526327187902 1.7924781937152148 -0.40657781747671279 0.34999671018484868 -1.1862253606319428 0.15700578451156619 -1.3301259124917646 -0.042806093141229622
leaf_weight=104 400 24 20 14.999999999999998 21 27 19 20 15.999999999999998 199 305 15.999999999999998 65 33 20 30 28 288
leaf_count=104 400 24 20 15 21 27 19 20 16 199 305 16 65 33 20 30 28 288
internal_value=1.00154e-09 0.0977249 0.0495411 0.0924961 0.046902 -0.0400923 0.0455621 0.872659 -0.00613144 0.318201 -0.176624 -0.152102 -0.241007 0.214295 -0.22971 0.725866 -0.684635 -0.110031
internal_weight=1650 480 456 436 421 1170 663 39 624 215 409 507 408 99 53 46 93 315
internal_count=1650 480 456 436 421 1170 663 39 624 215 409 507 408 99 53 46 93 315
is_linear=0
shrinkage=0.1


Tree=57
num_leaves=20
num_cat=0
split_feature=6 3 4 4 6 0 6 4 5 6 2 1 6 6 6 1 6 2 5
split_gain=653.273 2268.37 2742.86 1274.69 1217.72 1950.5 1881.51 1160.27 1002.84 811.257 2843.93 3230.52 2489.95 2035.85 2012.24 660.322 1117.98 646.609 354.483
threshold=17.530639330554749 49.000000000000007 46.857142857142868 34.142857142857146 19.050190858061985 31.000000000000004 18.801799120957174 44.142857142857146 46.089285714285715 22.043266396137266 58.500000000000007 73.000000000000014 22.343670969748903 20.95103277411523 22.720459316964362 37.500000000000007 16.836775427281601 49.000000000000007 44.660714285714299
decision_type=2 2 2 2 2 2 2 2 2 2 2 2 2 2 2 2 2 2 2
left_child=1 2 3 -1 5 7 8 -2 -7 10 13 -12 -11 -6 -14 -3 -17 -5 -4
right_child=4 15 18 17 9 6 -8 -9 -10 12 11 -13 14 -15 -16 16 -18 -19 -20
leaf_value=0.48548616319894794 0.35989552140235903 -1.0798655631867322 0.52489409923553465 -0.27095398527604564 0.34104737767424342 -0.51098147150543005 1.0974428892135621 1.5118948751025731 0.21653354194015267 1.0865144962614233 -0.30764796174270043 -1.7373153292034802 -0.809839232214566 -0.35022896884092647 0.03493441135031565 -0.00020624403324392108 -1.0014454653388576 -1.0898298947016398 1.1918584433548591
leaf_weight=15.999999999999998 17 22 14.999999999999998 27 117 36 14.999999999999998 18 40 22 94 19 29 67 1018 27 19 14.999999999999998 17
leaf_count=16 17 22 15 27 117 36 15 18 40 22 94 19 29 67 1018 27 19 15 17
internal_value=6.0948e-10 -0.193358 0.135995 -0.274059 0.0204762 0.317936 0.0739302 0.952352 -0.128079 -0.00696156 -0.153167 -0.548035 0.0336588 0.0893326 0.0115357 -0.629266 -0.413762 -0.56341 0.879219
internal_weight=1650 158 90 58 1492 126 91 35 76 1366 297 113 1069 184 1047 68 46 42 32
internal_count=1650 158 90 58 1492 126 91 35 76 1366 297 113 1069 184 1047 68 46 42 32
is_linear=0
shrinkage=0.1


Tree=58
num_leaves=19
num_cat=0
split_feature=4 9 3 8 6 4 6 0 4 8 6 5 6 9 3 7 5 1
split_gain=617.09 1049.36 1557.41 1948.56 1226.49 1018.12 3792.3 1312.01 3682.5 2439.34 2284.99 5990.57 5617.75 1200.84 1267.62 969.974 673.812 443.791
threshold=32.928571428571438 1.0000000180025095e-35 49.000000000000007 9.5000000000000018 23.374447459935539 37.857142857142868 25.748129886637077 13.000000000000002 61.142857142857146 16.500000000000004 45.699627636484834 59.982142857142868 42.244123831974896 1.5000000000000002 38.500000000000007 0.98214285714285732 40.464285714285715 37.500000000000007
decision_type=2 2 2 2 2 2 2 2 2 2 2 2 2 2 2 2 2 2
left_child=1 -1 3 -3 17 6 13 8 9 -7 12 -12 -9 16 -15 -5 -2 -4
right_child=5 2 4 15 -6 7 -8 10 -10 -11 11 -13 -14 14 -16 -17 -18 -19
leaf_value=-0.91567553906804988 -0.070521286129951469 1.0040480797941036 -1.1580572558076758 0.27778664610602638 0.16713766988955048 -0.98682163655757904 1.3162648852382388 -0.034120869417343103 1.8099845139185586 0.58250670157946072 -1.8106236481666564 -0.10132031398907043 0.88888716218726982 1.0053077682852745 -0.059991814478023632 -0.71204752326011667 -1.0034417605400086 -0.45475959076600914
leaf_weight=18 16.000000000000004 22 19 22 19 15.999999999999998 28 1137 14.999999999999998 26 25 114 70 15.999999999999998 37 18 14.999999999999998 17
leaf_count=18 16 22 19 22 19 16 28 1137 15 26 25 114 70 16 37 18 15 17
internal_value=1.3463e-09 -0.204867 -0.0955118 0.248121 -0.48288 0.0182555 0.308399 -0.00490637 0.465014 -0.0153327 -0.0248064 -0.408749 0.019409 -0.0275564 0.261608 -0.167639 -0.521934 -0.825944
internal_weight=1650 135 117 62 55 1515 112 1403 57 42 1346 139 1207 84 53 40 31 36
internal_count=1650 135 117 62 55 1515 112 1403 57 42 1346 139 1207 84 53 40 31 36
is_linear=0
shrinkage=0.1


Tree=59
num_leaves=7
num_cat=0
split_feature=7 6 3 6 3 7
split_gain=579.791 1567.71 877.309 1003.21 960.535 1040.51
threshold=0.80357142857142871 37.320240833382513 185.00000000000003 81.893225638687369 143.50000000000003 0.91071428571428592
decision_type=2 2 2 2 2 2
left_child=1 -1 3 4 5 -2
right_child=2 -3 -4 -5 -6 -7
leaf_value=-0.92887548858469193 0.36154522067163053 0.39692158540089928 -0.75222725232442222 -0.79783724268277489 0.69564687666438874 -0.0044073557927952825
leaf_weight=22 82 14.999999999999998 14.999999999999998 14.999999999999998 21 1480
leaf_count=22 82 15 15 15 21 1480
internal_value=9.32564e-10 -0.39139 0.00897795 0.0161232 0.023836 0.014804
internal_weight=1650 37 1613 1598 1583 1562
internal_count=1650 37 1613 1598 1583 1562
is_linear=0
shrinkage=0.1


Tree=60
num_leaves=20
num_cat=0
split_feature=9 8 8 3 3 4 0 6 1 2 2 5 1 0 7 0 7 6 9
split_gain=525.068 1828.3 3659.14 4423.65 6588.71 3254.8 4055.5 2716.77 2015.04 2009.75 1873.78 3086.46 1624.55 1207.43 1922.26 1490.51 4226.29 2119.72 763.447
threshold=4.5000000000000009 16.500000000000004 20.500000000000004 58.500000000000007 95.000000000000014 94.785714285714306 82.000000000000014 33.692788906624358 89.000000000000014 93.000000000000014 115.00000000000001 68.642857142857153 93.000000000000014 1.0000000180025095e-35 0.8392857142857143 13.000000000000002 0.98214285714285732 45.699627636484834 2.5000000000000004
decision_type=2 2 2 2 2 2 2 2 2 2 2 2 2 2 2 2 2 2 2
left_child=13 7 3 -3 -5 6 -4 8 9 -2 11 -9 -10 -1 18 16 -16 -17 -15
right_child=1 2 5 4 -6 -7 -8 10 12 -11 -12 -13 -14 14 15 17 -18 -19 -20
leaf_value=-0.89887515008449559 0.11899427816552938 -0.098000634193420422 0.15821760174526711 3.1644064486026764 0.52194621666618024 1.3310800594442032 -1.2048811098028507 -0.40008029937744144 -1.2301997423171998 1.2947899397462608 0.26301272273063664 -2.1891519091526668 0.04597302959078834 0.2721350282430649 1.6716512661231193 -0.024572048819421599 -0.13968436529859901 -0.48631659879072298 1.2651700448989867
leaf_weight=15.999999999999998 159 25 99 15.999999999999998 23 17 28 27 19 15.999999999999998 14.999999999999998 14.999999999999998 21 15.999999999999998 19 953 40 111 15.000000000000002
leaf_count=16 159 25 99 16 23 17 28 27 19 16 15 15 21 16 19 953 40 111 15
internal_value=-1.27586e-09 0.0880721 0.311252 0.940395 1.60603 0.0316336 -0.142308 -0.0825952 0.0801319 0.226496 -0.69639 -1.03903 -0.560209 -0.0361321 -0.0241704 -0.0456138 0.443627 -0.0727428 0.752636
internal_weight=1650 480 208 64 39 144 127 272 215 175 57 42 40 1170 1154 1123 59 1064 31
internal_count=1650 480 208 64 39 144 127 272 215 175 57 42 40 1170 1154 1123 59 1064 31
is_linear=0
shrinkage=0.1


Tree=61
num_leaves=7
num_cat=0
split_feature=7 6 3 3 6 6
split_gain=564.248 1291.04 756.109 771.64 751.028 963.524
threshold=0.80357142857142871 37.320240833382513 185.00000000000003 143.50000000000003 81.893225638687369 42.244123831974896
decision_type=2 2 2 2 2 2
left_child=1 -1 3 4 5 -2
right_child=2 -3 -4 -5 -6 -7
leaf_value=-0.87386486855420198 -0.017734021335013155 0.32926746527353923 -0.69781514008839929 0.61766836756751653 -0.69674653530120856 0.20719365202360326
leaf_weight=22 1340 14.999999999999998 14.999999999999998 21 14.999999999999998 222
leaf_count=22 1340 15 15 21 15 222
internal_value=-1.44284e-09 -0.386109 0.0088568 0.0154901 0.00747128 0.0142339
internal_weight=1650 37 1613 1598 1577 1562
internal_count=1650 37 1613 1598 1577 1562
is_linear=0
shrinkage=0.1


Tree=62
num_leaves=19
num_cat=0
split_feature=10 4 9 6 0 9 2 4 3 1 5 5 5 6 0 6 6 1
split_gain=527.502 1656.57 2607.25 1837.33 3605.14 1630.13 1063.48 2105.31 1941.05 2667.7 1213.79 3763.01 3039.88 2308.25 2166.05 1046.51 1332.28 921.764
threshold=4.5000000000000009 86.142857142857153 1.0000000180025095e-35 26.359706219270674 58.500000000000007 5.5000000000000009 115.00000000000001 86.142857142857153 76.500000000000014 121.50000000000001 95.303571428571445 99.410714285714306 92.928571428571445 39.932177506571698 100.50000000000001 45.186427447844238 31.786434769697408 121.50000000000001
decision_type=2 2 2 2 2 2 2 2 2 2 2 2 2 2 2 2 2 2
left_child=1 2 -1 5 -5 -4 10 15 17 -10 12 -12 14 -13 -2 16 -8 -9
right_child=6 -3 3 4 -6 -7 7 8 9 -11 11 13 -14 -15 -16 -17 -18 -19
leaf_value=-0.97075023788672221 0.0033740097545571141 -1.0196328499913216 0.051490617340759319 -0.21238265862831704 1.4872441905240219 -1.0703644260764122 -0.99635700478273292 0.15823450565338132 0.44426269481579467 -1.0317529467344284 1.3846282168670938 -1.0264685196035048 -1.392335617542267 0.39384653295789446 0.51805454998023126 -1.2829700918424698 0.27500628791749476 1.2668455807367962
leaf_weight=26 1155 20 68 26 24 15.999999999999998 17 15.000000000000002 24 25 27 17 14.999999999999998 35 88 21 15.999999999999998 14.999999999999998
leaf_count=26 1155 20 68 26 24 16 17 15 24 25 27 17 15 35 88 21 16 15
internal_value=-3.3925e-09 -0.161582 -0.0543254 0.123488 0.603438 -0.162196 0.0197855 -0.249892 0.0790466 -0.308807 0.0466121 0.426831 0.0227351 -0.0704872 0.0398116 -0.731117 -0.379938 0.71254
internal_weight=1650 180 160 134 50 84 1470 133 79 49 1337 79 1258 52 1243 54 33 30
internal_count=1650 180 160 134 50 84 1470 133 79 49 1337 79 1258 52 1243 54 33 30
is_linear=0
shrinkage=0.1


Tree=63
num_leaves=16
num_cat=0
split_feature=5 5 2 6 0 6 5 4 3 6 5 4 0 0 6
split_gain=471.612 2427.02 2114.42 3337.4 1566.98 1602.56 3122.6 4783.67 2679.35 1584.26 2810.78 1748.35 1566.18 1714.01 1680.12
threshold=63.553571428571438 65.017857142857153 73.000000000000014 23.256993630816986 121.50000000000001 25.41842412117192 51.125000000000007 64.071428571428584 58.500000000000007 23.033635741589098 47.071428571428577 66.928571428571431 29.500000000000004 37.500000000000007 43.715543657519916
decision_type=2 2 2 2 2 2 2 2 2 2 2 2 2 2 2
left_child=4 2 3 -2 5 9 7 -7 -8 11 -11 -1 -3 -14 -15
right_child=1 12 -4 -5 -6 6 8 -9 -10 10 -12 -13 13 14 -16
leaf_value=-0.066044074307019654 2.188426370918751 -0.72730469533375341 -0.20673657178878788 0.38934142959528956 -0.96401662296719026 0.32094596291289612 -0.37577502440850613 2.1807258348912 0.39500197827407763 -0.85308173890624728 0.046306152393420535 0.82259696877521016 0.92555740631762018 0.1093632106475446 -0.34085661818128116
leaf_weight=592 15.999999999999998 28 20 29 18 102 118 15.999999999999998 73 70 69 23 21 346 109
leaf_count=592 16 28 20 29 18 102 118 16 73 70 69 23 21 346 109
internal_value=3.04458e-10 0.0736897 0.648784 1.02902 -0.0387877 -0.0231206 0.168679 0.57312 -0.0811849 -0.101723 -0.406623 -0.0328103 -0.000479219 0.0422752 0.00150835
internal_weight=1650 569 65 45 1081 1063 309 118 191 754 139 615 504 476 455
internal_count=1650 569 65 45 1081 1063 309 118 191 754 139 615 504 476 455
is_linear=0
shrinkage=0.1


Tree=64
num_leaves=10
num_cat=0
split_feature=6 3 1 6 6 5 6 6 5
split_gain=463.108 1281.38 648.839 629.348 2233.64 1234.25 769.943 1813.56 679.507
threshold=16.565803296208312 38.500000000000007 37.500000000000007 16.97401975306332 17.12484171391311 42.785714285714292 19.050190858061985 18.801799120957174 36.035714285714292
decision_type=2 2 2 2 2 2 2 2 2
left_child=1 -1 -3 5 -5 -2 7 -6 -8
right_child=3 2 -4 4 6 -7 8 -9 -10
leaf_value=0.28163655929524323 -0.057719103856520217 -0.97706220802806676 -0.22971704900264742 -1.1735391736030578 0.089997327071962077 1.1186558079719544 0.36386091810591681 1.0894671780722482 -0.023085528673989653
leaf_weight=29 22 21 26 15.999999999999998 134 14.999999999999998 47 21 1319
leaf_count=29 22 21 26 16 134 15 47 21 1319
internal_value=2.44311e-09 -0.241099 -0.563637 0.0116414 0.0018305 0.41919 0.0141947 0.225409 -0.00977185
internal_weight=1650 76 47 1574 1537 37 1521 155 1366
internal_count=1650 76 47 1574 1537 37 1521 155 1366
is_linear=0
shrinkage=0.1


Tree=65
num_leaves=12
num_cat=0
split_feature=7 5 7 4 1 2 6 0 6 5 6
split_gain=511.537 1374.8 729.981 3458.97 719.768 4434.61 5047.45 2782.01 2739.95 11588 1420.97
threshold=0.80357142857142871 36.035714285714292 0.87500000000000011 67.214285714285737 89.000000000000014 49.000000000000007 38.549125151845395 47.500000000000007 43.458577113461985 56.375000000000007 31.701765104981128
decision_type=2 2 2 2 2 2 2 2 2 2 2
left_child=1 -1 3 -2 8 6 -6 -7 10 -10 -4
right_child=2 -3 4 -5 5 7 -8 -9 9 -11 -12
leaf_value=0.13569870970465922 1.3389035277999939 -1.1058496697743734 0.026802269874634677 -0.60124334307277905 -0.27129323891230989 -0.8392978682210952 -2.3319405290815567 0.1366939912812315 2.8276195605595906 0.071424658745527267 -0.32030496112446288
leaf_weight=22 20 14.999999999999998 984 17 35 33 18 254 18 100 134
leaf_count=22 20 15 984 17 35 33 18 254 18 100 134
internal_value=-1.0485e-09 -0.367632 0.00843296 0.447485 -0.00187472 -0.130726 -0.971136 0.0244719 0.0335697 0.491861 -0.0148009
internal_weight=1650 37 1613 37 1576 340 53 287 1236 118 1118
internal_count=1650 37 1613 37 1576 340 53 287 1236 118 1118
is_linear=0
shrinkage=0.1


Tree=66
num_leaves=16
num_cat=0
split_feature=5 5 1 4 6 4 4 5 6 8 4 0 0 6 0
split_gain=469.931 1959.27 1790.09 1500.8 1421.12 2449.56 2469.79 1260.44 1231.18 1534.47 1329.21 1222.56 1508.02 3250.76 2558.79
threshold=63.553571428571438 65.017857142857153 73.000000000000014 87.857142857142875 25.41842412117192 73.857142857142875 51.214285714285722 64.303571428571445 20.567707923580734 22.500000000000004 46.071428571428577 29.500000000000004 82.000000000000014 39.075728827313462 93.000000000000014
decision_type=2 2 2 2 2 2 2 2 2 2 2 2 2 2 2
left_child=3 2 7 4 8 6 -6 -2 9 -1 -10 -3 13 -13 -14
right_child=1 11 -4 -5 5 -7 -8 -9 10 -11 -12 12 14 -15 -16
leaf_value=0.11100286624866847 0.5277448953262398 -0.63524378154958994 -0.19690416038036349 -0.80450914144515995 0.39135945850944187 1.4091137663523359 -0.19740342930169175 1.6193459875443403 -0.022527213068678976 -0.3999974080269606 -0.41662822086768952 -0.026026984866635475 -0.71250070525627396 0.79270449221973693 0.049161592339858035
leaf_weight=341 28 28 20 25 143 14.999999999999998 142 17 160 71 184 153 57 71 195
leaf_count=341 28 28 20 25 143 15 142 17 160 71 184 153 57 71 195
internal_value=-8.53656e-10 0.0735583 0.590272 -0.0387185 -0.020589 0.163566 0.0980109 0.940128 -0.0936664 0.0229421 -0.233325 0.00691872 0.044693 0.233482 -0.123119
internal_weight=1650 569 65 1081 1056 300 285 45 756 412 344 504 476 224 252
internal_count=1650 569 65 1081 1056 300 285 45 756 412 344 504 476 224 252
is_linear=0
shrinkage=0.1


Tree=67
num_leaves=19
num_cat=0
split_feature=4 4 6 0 4 8 6 5 6 9 5 6 3 3 7 1 5 6
split_gain=503.701 908.892 2907.06 1237.76 3172.36 1794.66 1617.62 5053.95 3806.54 982.104 1066.38 784.749 2245.82 1915.37 1455.87 799.428 465.802 429.62
threshold=32.928571428571438 37.857142857142868 25.748129886637077 13.000000000000002 61.142857142857146 16.500000000000004 45.699627636484834 59.982142857142868 42.244123831974896 1.5000000000000002 42.071428571428577 30.230448204462039 38.500000000000007 49.000000000000007 0.98214285714285732 37.500000000000007 40.464285714285715 20.255809269917492
decision_type=2 2 2 2 2 2 2 2 2 2 2 2 2 2 2 2 2 2
left_child=11 2 9 4 5 -3 8 -8 -5 16 -11 13 -13 14 -1 -15 -2 -16
right_child=1 3 -4 6 -6 -7 7 -9 -10 10 -12 12 -14 15 17 -17 -18 -19
leaf_value=0.94159299830595655 -0.075278952717781053 -0.828081376105547 1.1730585798621178 -0.031581031617756834 1.6993777219454449 0.51799412484352414 -1.6353922450542449 -0.065389819207944372 0.72820215242249631 -0.11988093314632293 0.79045716415752065 -1.4626706674695016 0.16561524338192413 -0.85171858093568265 -0.48177612269918113 -0.011324644324026611 -0.85094713648160303 0.27507675886154176
leaf_weight=24 16.000000000000004 15.999999999999998 28 1137 14.999999999999998 26 25 114 70 31 22 15.999999999999998 18 28 15.000000000000002 19 14.999999999999998 14.999999999999998
leaf_count=24 16 16 28 1137 15 26 25 114 70 31 22 16 18 28 15 19 15 15
internal_value=-8.57155e-10 0.0164932 0.290631 -0.00539096 0.451039 0.00520346 -0.0247197 -0.347764 0.0124826 -0.00351097 0.257995 -0.18509 -0.600637 -0.0452034 0.361069 -0.511985 -0.450602 -0.10335
internal_weight=1650 1515 112 1403 57 42 1346 139 1207 84 53 135 34 101 54 47 31 30
internal_count=1650 1515 112 1403 57 42 1346 139 1207 84 53 135 34 101 54 47 31 30
is_linear=0
shrinkage=0.1


Tree=68
num_leaves=9
num_cat=0
split_feature=7 3 3 1 2 0 2 6
split_gain=471.924 1097.64 743.94 682.774 1071.64 1260.43 801.738 834.927
threshold=0.80357142857142871 38.500000000000007 185.00000000000003 19.500000000000004 23.000000000000004 37.500000000000007 185.00000000000003 36.074522497870795
decision_type=2 2 2 2 2 2 2 2
left_child=1 -1 3 4 -2 -6 7 -5
right_child=2 -3 -4 6 5 -7 -8 -9
leaf_value=-0.85526681423187267 0.30923745081974913 0.23766196475309484 -0.69286223570505778 0.062941654378145417 0.19099804088473321 -0.71730244666337972 0.64493031558536351 -0.1175227012843684
leaf_weight=20 26 17 14.999999999999998 1149 22 50 21 330
leaf_count=20 26 17 15 1149 22 50 21 330
internal_value=-1.24113e-09 -0.35311 0.00809986 0.0146796 -0.241051 -0.439766 0.0313873 0.0226758
internal_weight=1650 37 1613 1598 98 72 1500 1479
internal_count=1650 37 1613 1598 98 72 1500 1479
is_linear=0
shrinkage=0.1


Tree=69
num_leaves=20
num_cat=0
split_feature=10 0 2 9 3 0 3 6 1 2 6 5 5 5 4 1 9 6 3
split_gain=461.862 1546.24 1988.07 1007.24 2434.43 5035.45 4285.52 2148.24 1903.44 1635.84 3307.18 3082.44 3696.88 2791.26 2480.2 1343.49 834.067 1228.31 800.92
threshold=4.5000000000000009 73.000000000000014 82.000000000000014 5.5000000000000009 72.000000000000014 100.50000000000001 82.500000000000014 37.77777154262261 58.500000000000007 115.00000000000001 40.310479059738235 95.303571428571445 99.410714285714306 95.303571428571445 116.42857142857143 100.50000000000001 3.5000000000000004 21.081086398338737 51.000000000000007
decision_type=2 2 2 2 2 2 2 2 2 2 2 2 2 2 2 2 2 2 2
left_child=1 2 16 9 5 8 -6 -8 -5 11 13 14 -13 -11 -2 -12 -1 -18 -3
right_child=3 18 -4 4 6 -7 7 -9 -10 10 15 12 -14 -15 -16 -17 17 -19 -20
leaf_value=-0.36303938130537672 -0.0021852863874035271 -0.2123016331593196 1.0807535330454507 0.67955407115086075 -1.6337751721634586 2.0303778486119377 0.64417703211204058 -0.62849961093493878 -0.12789756671740457 -0.41364155560731891 -0.50023877744016987 1.667857016933461 0.13683321864708611 -2.2182108354568482 -1.1261605417728424 0.4035428469118319 -0.27499810976441952 0.64085083802541098 -1.1897902149903146
leaf_weight=72 1068 14.999999999999998 14.999999999999998 53 17 18 36 21 65 20 29 24 46 14.999999999999998 20 38 32 27 19
leaf_count=72 1068 15 15 53 17 18 36 21 65 20 29 24 46 15 20 38 32 27 19
internal_value=2.68221e-10 -0.151195 -0.00975684 0.0185136 0.221274 0.472425 -0.240301 0.175296 0.234771 -0.0152798 -0.399199 0.018537 0.661756 -1.18703 -0.0228466 0.0123538 -0.134624 0.144119 -0.758545
internal_weight=1650 180 146 1470 210 136 74 57 118 1260 102 1158 70 35 1088 67 131 59 34
internal_count=1650 180 146 1470 210 136 74 57 118 1260 102 1158 70 35 1088 67 131 59 34
is_linear=0
shrinkage=0.1


Tree=70
num_leaves=20
num_cat=0
split_feature=10 6 9 3 1 6 6 6 5 1 5 0 9 9 6 8 7 1 8
split_gain=436.838 1768.78 1363.09 1979.1 1708.81 1494.43 1289.99 1772.56 1586.64 3496.94 1540.97 1418.42 1194.68 3054.2 4796.71 1978.27 1344.79 1823.84 987.39
threshold=5.5000000000000009 75.32108985303006 1.0000000180025095e-35 76.500000000000014 67.500000000000014 19.63577028534025 36.640856596060559 30.088090293760118 101.91071428571431 89.000000000000014 130.00000000000003 37.500000000000007 1.0000000180025095e-35 1.5000000000000002 43.946715034775984 1.0000000180025095e-35 0.98214285714285732 49.000000000000007 23.500000000000004
decision_type=2 2 2 2 2 2 2 2 2 2 2 2 2 2 2 2 2 2 2
left_child=1 12 3 4 5 -2 7 11 9 -8 -10 -4 16 14 -14 -15 18 -18 -1
right_child=2 -3 6 -5 -6 -7 8 -9 10 -11 -12 -13 13 15 -16 -17 17 -19 -20
leaf_value=-0.88549608262937252 -0.25715660347658048 0.99244569885103329 0.21865258248562511 1.1059264848855408 -0.56656906121763695 0.99118931564417767 -0.35809397956728939 0.82299128852107306 0.41162135414779188 -2.0989788770675659 -0.70732469407841569 -0.24638529321874067 0.28678691624240443 -0.8580761017484797 2.173899752696355 0.012776601863904048 0.58483170451539934 -0.34636887414702056 0.062706031004587812
leaf_weight=41 17 19 94 22 29 22 50 22 32 14.999999999999998 20 217 132 27 14.999999999999998 770 33 58 14.999999999999998
leaf_count=41 17 19 94 22 29 22 50 22 32 15 20 217 132 27 15 770 33 58 15
internal_value=7.23045e-10 0.0358884 -0.0737705 0.281493 0.0147647 0.447039 -0.144823 -0.0444638 -0.430461 -0.759837 -0.0187425 -0.105827 0.0192297 0.0605236 0.479349 -0.0167253 -0.24595 -0.00868075 -0.631513
internal_weight=1650 1110 540 90 68 39 450 333 117 65 52 311 1091 944 147 797 147 91 56
internal_count=1650 1110 540 90 68 39 450 333 117 65 52 311 1091 944 147 797 147 91 56
is_linear=0
shrinkage=0.1


Tree=71
num_leaves=17
num_cat=0
split_feature=9 6 1 6 5 8 8 8 0 0 5 6 3 2 1 4
split_gain=428.177 1702.53 1676.79 2396.34 4065.84 3920.85 1028.8 2329.41 4660.24 2639.82 3680.24 2265.49 1384.7 1578.59 1744.79 1707.84
threshold=4.5000000000000009 57.675909872071905 13.000000000000002 36.074522497870795 76.964285714285737 25.500000000000004 16.500000000000004 15.500000000000002 37.500000000000007 60.500000000000007 41.464285714285722 19.376175246425358 135.00000000000003 82.000000000000014 67.500000000000014 72.928571428571445
decision_type=2 2 2 2 2 2 2 2 2 2 2 2 2 2 2 2
left_child=6 2 -2 4 -4 -5 7 9 -9 11 -11 -1 13 15 -15 -8
right_child=1 -3 3 5 -6 -7 12 8 -10 10 -12 -13 -14 14 -16 -17
leaf_value=0.25643051716570675 0.9822517143355477 0.90045818189779914 0.011763547196144078 -0.9971637847246948 1.2480004294679083 0.38638884081985014 -0.096537929069537398 1.9206675140481246 -0.2663126015663147 1.7452993541955948 0.16888292049193504 -0.28404471139072396 -1.0863388188680012 -0.39180462376347613 0.55692667204236235 -0.62309723872486333
leaf_weight=104 18 24 322 54 29 33 325 19 20 15.999999999999998 199 305 14.999999999999998 28 63 76
leaf_count=104 18 24 322 54 29 33 325 19 20 16 199 305 15 28 63 76
internal_value=-5.22125e-10 0.0795321 0.0363254 -0.00254826 0.113903 -0.472368 -0.0326285 0.0493726 0.799139 0.00251222 0.286198 -0.146613 -0.139861 -0.111005 0.265009 -0.196335
internal_weight=1650 480 456 438 351 87 1170 663 39 624 215 409 507 492 91 401
internal_count=1650 480 456 438 351 87 1170 663 39 624 215 409 507 492 91 401
is_linear=0
shrinkage=0.1


Tree=72
num_leaves=11
num_cat=0
split_feature=7 5 7 4 1 2 6 6 0 3
split_gain=445.156 989.916 587.99 2827.62 639.052 3012.97 3859.69 2165.56 2162.12 1260.59
threshold=0.80357142857142871 36.035714285714292 0.87500000000000011 67.214285714285737 89.000000000000014 49.000000000000007 38.549125151845395 77.632473382663406 47.500000000000007 72.000000000000014
decision_type=2 2 2 2 2 2 2 2 2 2
left_child=1 -1 3 -2 7 6 -6 9 -7 -4
right_child=2 -3 4 -5 5 8 -8 -9 -10 -11
leaf_value=0.084153356335379861 1.207881218791008 -0.96936719735463461 0.062666198690186692 -0.54628895170548386 -0.20353685447147918 -0.75635128671472729 -2.0054912606875104 1.0152867712757805 0.10406171088436927 -0.20003067702158922
leaf_weight=22 20 14.999999999999998 990 17 35 33 18 22 254 224
leaf_count=22 20 15 990 17 35 33 18 22 254 224
internal_value=9.68829e-10 -0.34295 0.00786679 0.401911 -0.00138425 -0.122796 -0.815521 0.0320137 0.00512921 0.0141949
internal_weight=1650 37 1613 37 1576 340 53 1236 287 1214
internal_count=1650 37 1613 37 1576 340 53 1236 287 1214
is_linear=0
shrinkage=0.1


Tree=73
num_leaves=18
num_cat=0
split_feature=4 4 6 5 8 1 10 8 5 5 3 4 5 6 5 2 4
split_gain=486.234 2616.84 6699.89 2251.19 2532.48 2069.46 1712.98 1314.05 1161.16 2740.66 4119.73 2970 1209.08 8421.4 1869.56 996.625 898.758
threshold=35.785714285714292 37.857142857142868 22.122282418658305 44.625000000000007 4.5000000000000009 28.5 5.5000000000000009 13.500000000000002 43.910714285714299 42.071428571428577 66.500000000000014 49.642857142857146 51.125000000000007 34.829197552822393 56.482142857142868 37.500000000000007 32.071428571428577
decision_type=2 2 2 2 2 2 2 2 2 2 2 2 2 2 2 2 2
left_child=3 2 -2 4 -1 15 16 -7 9 10 -3 -11 13 -10 -14 -6 -5
right_child=1 8 -4 6 5 7 -8 -9 12 11 -12 -13 14 -15 -16 -17 -18
leaf_value=1.2138080861638576 -0.24327945947647095 -0.14661766596188483 2.3298639122177573 -0.647877429008484 0.027833434939384463 -0.80090170131950844 0.14780180123117234 0.02705657614601983 0.058588089756325845 -0.35842769315838813 1.5920540110270185 -1.8884804224266727 -0.35207542972170192 2.2026504366844892 0.045438805102200816 0.91395978873426265 -1.6076828643679619
leaf_weight=17 25 149 17 25 30 41 18 36 218 50 14.999999999999998 17 139 20 795 22 15.999999999999998
leaf_count=17 25 149 17 25 30 41 18 36 218 50 15 17 139 20 795 22 16
internal_value=-1.53725e-09 0.0204467 0.798231 -0.144124 0.0665337 -0.0846575 -0.665414 -0.413804 -0.00283692 -0.207752 0.0124072 -0.74665 0.0375517 0.238761 -0.0137202 0.402733 -1.02244
internal_weight=1650 1445 42 205 146 129 59 77 1403 231 164 67 1172 238 934 52 41
internal_count=1650 1445 42 205 146 129 59 77 1403 231 164 67 1172 238 934 52 41
is_linear=0
shrinkage=0.1


Tree=74
num_leaves=19
num_cat=0
split_feature=10 6 9 3 5 5 3 6 6 6 9 9 6 8 7 1 8 8
split_gain=422.595 1265.71 1057.56 1550.74 1456.62 1780.63 1186.7 1160.07 1743.74 1487.98 999.814 2488.22 3700.25 1580.36 1015.73 1439.08 811.283 797.412
threshold=5.5000000000000009 75.32108985303006 1.0000000180025095e-35 76.500000000000014 57.410714285714299 48.750000000000007 27.000000000000004 36.640856596060559 26.962793543156952 40.991378367601961 1.0000000180025095e-35 1.5000000000000002 43.946715034775984 1.0000000180025095e-35 0.98214285714285732 49.000000000000007 23.500000000000004 15.500000000000002
decision_type=2 2 2 2 2 2 2 2 2 2 2 2 2 2 2 2 2 2
left_child=1 10 3 4 5 -2 17 8 -8 -9 14 12 -12 -13 16 -16 -1 -4
right_child=2 -3 6 -5 -6 -7 7 9 -10 -11 11 13 -14 -15 15 -17 -18 -19
leaf_value=-0.7866933502802036 0.18332002299527328 0.84447249738793628 -0.28653620985838085 0.97014506306837911 0.57459605755629362 -1.1543491566882416 -0.11096256827760456 -1.0593969623247783 0.4676385561032082 -0.16415952276892778 0.26788675642826337 -0.76273169605820268 1.9253419367472331 0.015626457636063167 0.51202692281116136 -0.31513755208459399 0.072800056934356691 -1.1673104698167129
leaf_weight=41 24 19 26 22 27 17 234 24 67 82 132 27 14.999999999999998 770 33 58 14.999999999999998 17
leaf_count=41 24 19 26 22 27 17 234 24 67 82 132 27 15 770 33 58 15 17
internal_value=2.1614e-09 0.0352984 -0.0725579 0.240367 0.00426233 -0.371323 -0.135143 -0.0823589 0.017829 -0.366855 0.0212065 0.0589828 0.437015 -0.010742 -0.221384 -0.0151768 -0.556472 -0.634749
internal_weight=1650 1110 540 90 68 41 450 407 301 106 1091 944 147 797 147 91 56 43
internal_count=1650 1110 540 90 68 41 450 407 301 106 1091 944 147 797 147 91 56 43
is_linear=0
shrinkage=0.1


Tree=75
num_leaves=7
num_cat=0
split_feature=5 5 1 5 5 6
split_gain=392.697 1634.78 1096.57 899.104 2749.93 1904.15
threshold=129.10714285714286 118.39285714285715 185.00000000000003 99.410714285714306 95.892857142857153 42.618132356364463
decision_type=2 2 2 2 2 2
left_child=1 2 3 4 -1 -5
right_child=-2 -3 -4 5 -6 -7
leaf_value=0.0023179730564511069 -0.37130688439522475 0.90491437330842028 -0.80368079858667718 -0.76614566430812925 1.1041143132292708 0.40482205890473866
leaf_weight=1500 28 20 17 41 23 21
leaf_count=1500 28 20 17 41 23 21
internal_value=5.55421e-10 0.00640974 -0.00480755 0.00376081 0.0189571 -0.369528
internal_weight=1650 1622 1602 1585 1523 62
internal_count=1650 1622 1602 1585 1523 62
is_linear=0
shrinkage=0.1


Tree=76
num_leaves=20
num_cat=0
split_feature=3 8 4 2 4 1 4 2 1 6 5 6 0 8 6 3 1 6 6
split_gain=421.436 2087.27 2847.9 4115.05 2844.71 1999.49 1311.29 1293.83 2312.42 4122.76 13486.2 2673.97 3123.54 2119.34 4201.77 3037.66 4593.97 2833.22 2712.44
threshold=100.50000000000001 25.500000000000004 96.428571428571431 73.000000000000014 125.00000000000001 89.000000000000014 53.785714285714292 64 89.000000000000014 43.599960886746821 56.375000000000007 43.946715034775984 67.500000000000014 25.500000000000004 35.382379759807826 72.000000000000014 100.50000000000001 27.068954581146595 41.529998050343814
decision_type=2 2 2 2 2 2 2 2 2 2 2 2 2 2 2 2 2 2 2
left_child=7 2 3 6 -4 -3 -2 8 9 -1 -11 12 -10 15 17 16 -9 -15 -17
right_child=1 5 4 -5 -6 -7 -8 13 11 10 -12 -13 -14 14 -16 18 -18 -19 -20
leaf_value=0.039549335017206845 0.76665750190704351 -1.3844422435760499 -1.0636224634268068 1.7468104541301728 0.72230148514111836 0.16001588733572711 -0.29577627752262814 -0.27385426231203208 -0.72789136374869001 3.3891882389783863 0.083687667769414414 -1.4103837390652014 0.55829590167318066 0.23749206739923229 -0.23612083498802452 -0.5153294919536282 0.74732234455504509 1.8440369231360301 -1.9836772751808167
leaf_weight=816 21 14.999999999999998 22 26 14.999999999999998 19 26 261 41 15.999999999999998 54 21 35 23 72 78 53 21 14.999999999999998
leaf_count=816 21 15 22 26 15 19 26 261 41 16 54 21 35 23 72 78 53 21 15
internal_value=1.76717e-09 0.163439 0.375105 0.737352 -0.339599 -0.521363 0.178928 -0.0156276 0.0519808 0.10273 0.839231 -0.411559 -0.135568 -0.1427 0.234365 -0.250169 -0.10149 1.00425 -0.75216
internal_weight=1650 144 110 73 37 34 47 1506 983 886 70 97 76 523 116 407 314 44 93
internal_count=1650 144 110 73 37 34 47 1506 983 886 70 97 76 523 116 407 314 44 93
is_linear=0
shrinkage=0.1


Tree=77
num_leaves=17
num_cat=0
split_feature=4 4 2 5 2 6 1 4 4 7 4 0 3 6 3 1
split_gain=438.437 748.72 950.927 1255.71 744.746 742.989 682.188 945.931 2682.01 7343.79 1569.03 887.924 2883.14 1947.73 632.283 465.899
threshold=32.928571428571438 26.357142857142861 37.500000000000007 41.767857142857146 37.500000000000007 18.801799120957174 1.0000000180025095e-35 37.857142857142868 36.928571428571438 0.98214285714285732 34.357142857142868 13.000000000000002 49.000000000000007 45.699627636484834 38.500000000000007 28.5
decision_type=2 2 2 2 2 2 2 2 2 2 2 2 2 2 2 2
left_child=1 4 3 15 -1 -4 -2 8 10 -10 -8 12 -9 -13 -7 -3
right_child=6 2 5 -5 -6 14 7 11 9 -11 -12 13 -14 -15 -16 -17
leaf_value=-0.23034725189208982 -0.53740776452151218 0.096895246108373009 0.0070851580301920574 0.74499409720301635 0.76614397207895912 -1.2559744346472952 0.44390679983531733 1.2834866951812398 2.5230534076690674 -0.33789499182450144 -0.49712560176849369 0.025667758770442906 -0.18569564433658825 -0.37505072825760755 -0.44828908173810866 -0.64036234915256507
leaf_weight=15.000000000000002 22 14.999999999999998 14.999999999999998 15.999999999999998 14.999999999999998 18 34 22 17 19 37 1195 34 135 21 20
leaf_count=15 22 15 15 16 15 18 34 22 17 19 37 1195 34 135 21 20
internal_value=-6.38944e-11 -0.172684 -0.298564 0.0110998 0.267898 -0.591025 0.0153877 0.0235333 0.31001 1.01311 -0.0464904 0.00141716 0.391483 -0.0150067 -0.821067 -0.324395
internal_weight=1650 135 105 51 30 54 1515 1493 107 36 71 1386 56 1330 39 35
internal_count=1650 135 105 51 30 54 1515 1493 107 36 71 1386 56 1330 39 35
is_linear=0
shrinkage=0.1


Tree=78
num_leaves=17
num_cat=0
split_feature=9 0 2 8 1 9 0 5 5 5 8 4 0 6 3 3
split_gain=422.968 1842.22 1577.44 1745.64 2776.03 2628.92 1455.85 1374.63 1221.54 1186.93 1165.62 2086.36 7092.38 1707.77 1776.32 1080.01
threshold=3.5000000000000004 175.00000000000003 1.0000000180025095e-35 13.500000000000002 37.500000000000007 1.5000000000000002 47.500000000000007 37.553571428571438 45.071428571428577 58.410714285714292 8.5000000000000018 110.50000000000001 115.00000000000001 33.692788906624358 76.500000000000014 76.500000000000014
decision_type=2 2 2 2 2 2 2 2 2 2 2 2 2 2 2 2
left_child=2 10 -1 6 9 -6 8 -8 -4 -5 13 12 -12 14 -2 -13
right_child=1 -3 3 4 5 -7 7 -9 -10 -11 11 15 -14 -15 -16 -17
leaf_value=0.83394831717014317 0.092624513183208496 1.1541553092002867 -0.49112452319399874 -0.77846010410657496 0.21470613280392212 -0.33415104920066985 1.0881687514922198 0.16044349597033225 0.091718649977370156 -0.13260939564646743 0.14023194011223014 1.4435684537515046 -1.8339476955564398 -1.0169591642561413 -0.64261084780806588 0.39142237198352814
leaf_weight=20 151 14.999999999999998 66 93 184 166 17 264 79 41 431 15.999999999999998 19 21 42 25
leaf_count=20 151 15 66 93 184 166 17 264 79 41 431 16 19 21 42 25
internal_value=-9.61802e-11 0.0575423 -0.0445489 -0.0638565 -0.193795 -0.045609 0.0837735 0.216569 -0.173575 -0.580849 0.0342101 0.119099 0.0568777 -0.160558 -0.0673749 0.802016
internal_weight=1650 720 930 910 484 350 426 281 145 134 705 491 450 214 193 41
internal_count=1650 720 930 910 484 350 426 281 145 134 705 491 450 214 193 41
is_linear=0
shrinkage=0.1


Tree=79
num_leaves=14
num_cat=0
split_feature=3 4 5 0 2 2 6 1 6 0 4 6 8
split_gain=385.663 1657.35 3478 3232.14 1964.73 1146.9 951.583 3348.58 1341.2 1145.34 2891 1899.04 666.901
threshold=17.500000000000004 48.071428571428577 56.714285714285722 47.500000000000007 49.000000000000007 67.500000000000014 70.408462154003132 67.500000000000014 62.559657156190774 13.000000000000002 59.785714285714292 45.699627636484834 10.500000000000002
decision_type=2 2 2 2 2 2 2 2 2 2 2 2 2
left_child=1 3 12 4 -1 -4 8 -8 9 10 -2 -11 -3
right_child=6 2 5 -5 -6 -7 7 -9 -10 11 -12 -13 -14
leaf_value=0.41475312584324886 0.091414319561875401 -0.77264815931734843 -0.31460534544552077 1.5015357208251954 -1.1162218046188355 0.84698686319239003 0.25859816173712413 -1.6460363078117373 0.88439791815148472 0.024928459460406213 1.5833469774574043 -0.45010533759577404 -1.613344281166792
leaf_weight=19 69 23 17 14.999999999999998 14.999999999999998 17 24 14.999999999999998 18 1296 15.999999999999998 90 15.999999999999998
leaf_count=19 69 23 17 15 15 17 24 15 18 1296 16 90 16
internal_value=2.62439e-09 -0.171098 -0.473068 0.278776 -0.260677 0.266191 0.0136609 -0.473954 0.0264326 0.015934 0.372249 -0.00591789 -1.11755
internal_weight=1650 122 73 49 34 34 1528 39 1489 1471 85 1386 39
internal_count=1650 122 73 49 34 34 1528 39 1489 1471 85 1386 39
is_linear=0
shrinkage=0.1


Tree=80
num_leaves=20
num_cat=0
split_feature=3 8 4 2 4 1 2 1 6 5 0 8 6 3 1 7 6 6 6
split_gain=397.48 1735.59 2337.03 3346.94 2414.05 1656.13 1116.22 1755.24 3419.73 11097.3 2595.18 1704.61 3336.56 2601.59 2438.26 3535.42 1948.9 1639.47 1427.73
threshold=100.50000000000001 25.500000000000004 96.428571428571431 73.000000000000014 125.00000000000001 89.000000000000014 64 89.000000000000014 43.599960886746821 56.375000000000007 93.000000000000014 25.500000000000004 35.382379759807826 66.500000000000014 100.50000000000001 0.94642857142857151 18.21610478187689 39.075728827313462 38.549125151845395
decision_type=2 2 2 2 2 2 2 2 2 2 2 2 2 2 2 2 2 2 2
left_child=6 2 3 -2 -4 -3 7 8 17 -10 18 14 13 -13 16 -16 -8 -1 -9
right_child=1 5 4 -5 -6 -7 11 10 9 -11 -12 12 -14 -15 15 -17 -18 -19 -20
leaf_value=0.063391465221152271 0.17627382035902206 -1.2512131277720133 -0.96266796697269796 1.5902748758976277 0.6825253945589066 0.15439296270671643 0.43829879113312425 -0.40472019824869276 3.075721609592438 0.077239071770950601 0.57155832674192353 0.30975171434027809 -0.21429768697255189 1.9082308601959086 1.6604638687769573 -0.058886847424052528 -0.41968875901381442 -0.65615457332495497 -1.4489036177887638
leaf_weight=783 47 14.999999999999998 22 26 14.999999999999998 19 29 57 15.999999999999998 54 23 28 72 15.999999999999998 14.999999999999998 59 304 33 17
leaf_count=783 47 15 22 26 15 19 29 57 16 54 23 28 72 16 15 59 304 33 17
internal_value=-2.07333e-09 0.158725 0.351738 0.679891 -0.295698 -0.465727 -0.0151769 0.0476198 0.0918339 0.762607 -0.356233 -0.133206 0.20496 0.891017 -0.229587 0.28963 -0.344969 0.0342922 -0.6446
internal_weight=1650 144 110 73 37 34 1506 983 886 70 97 523 116 44 407 74 333 816 74
internal_count=1650 144 110 73 37 34 1506 983 886 70 97 523 116 44 407 74 333 816 74
is_linear=0
shrinkage=0.1


Tree=81
num_leaves=14
num_cat=0
split_feature=6 3 3 1 4 0 5 6 3 0 6 6 6
split_gain=409.259 855.262 629.182 1823.98 2109.57 3239.38 1265.71 817.326 2880.25 961.196 3163.93 1021.82 585.327
threshold=16.565803296208312 38.500000000000007 17.500000000000004 93.000000000000014 48.071428571428577 47.500000000000007 56.714285714285722 70.408462154003132 58.500000000000007 13.000000000000002 38.738872954514406 62.559657156190774 16.122931402367641
decision_type=2 2 2 2 2 2 2 2 2 2 2 2 2
left_child=1 -1 3 4 5 -2 -6 9 -9 10 -4 -11 -3
right_child=2 12 7 -5 6 -7 -8 8 -10 11 -12 -13 -14
leaf_value=0.20041533276952547 -0.45496971368789674 -0.76818325488731787 0.075966687894497939 0.78153576701879501 -1.1445375735419139 1.3448583666483562 -0.17657299542968924 -1.1394417096739231 0.60768004762940109 0.011304716617468688 1.6871916290124258 0.79156975605908564 -0.042222626838419181
leaf_weight=29 30 29 65 15.999999999999998 35 14.999999999999998 22 23 15.999999999999998 1320 14.999999999999998 17 18
leaf_count=29 30 29 65 16 35 15 22 23 16 1320 15 17 18
internal_value=4.48135e-10 -0.226648 0.0109436 -0.211145 -0.366859 0.144973 -0.770937 0.0289425 -0.422674 0.0413724 0.378071 0.0212258 -0.490156
internal_weight=1650 76 1574 118 102 45 57 1456 39 1417 80 1337 47
internal_count=1650 76 1574 118 102 45 57 1456 39 1417 80 1337 47
is_linear=0
shrinkage=0.1


Tree=82
num_leaves=19
num_cat=0
split_feature=9 8 8 2 6 5 6 8 7 2 3 6 0 7 3 1 6 6
split_gain=405.347 1485.83 2809.08 3568.88 5498.08 3038.92 2261.34 2641.29 3868.5 2080.26 1626.88 1614.69 1041.81 1283.07 1070.08 1103.61 1003.77 886.136
threshold=4.5000000000000009 16.500000000000004 20.500000000000004 87.500000000000014 22.1777778542417 46.750000000000007 22.343670969748903 13.500000000000002 0.98214285714285732 73.000000000000014 49.000000000000007 21.497330010313167 1.0000000180025095e-35 0.8392857142857143 135.00000000000003 13.000000000000002 17.12484171391311 35.001302678824601
decision_type=2 2 2 2 2 2 2 2 2 2 2 2 2 2 2 2 2 2
left_child=12 6 3 4 -3 -4 11 8 -8 -7 -9 16 -1 17 15 -15 -2 -14
right_child=1 2 5 -5 -6 9 7 10 -10 -11 -12 -13 13 14 -16 -17 -18 -19
leaf_value=-0.83313819766044617 -0.6254591822624207 0.36525694869813469 -0.9014548978635244 -0.072959025089557358 2.7844087979372811 0.73736106911126309 0.67009766995906839 -1.7145307139346475 -0.52576370105931636 -0.11582951765794021 -0.36796564126715947 1.1545771399841589 0.096336814761161793 -0.39817926117206276 -0.64860064834356312 0.0042858463940766518 0.23793533504009248 1.1661929766337076
leaf_weight=15.999999999999998 15.999999999999998 21 28 26 17 51 42 19 76 65 17 17 16.000000000000004 73 28 1022 85 14.999999999999998
leaf_count=16 16 21 28 26 17 51 42 19 76 65 17 17 16 73 28 1022 85 15
internal_value=1.34793e-09 0.0773827 0.278578 0.829819 1.44751 0.0335817 -0.0764723 -0.328866 -0.100118 0.25928 -1.07865 0.252923 -0.0317467 -0.0206356 -0.0381547 -0.0225452 0.10116 0.614009
internal_weight=1650 480 208 64 38 144 272 154 118 116 36 118 1170 1154 1123 1095 101 31
internal_count=1650 480 208 64 38 144 272 154 118 116 36 118 1170 1154 1123 1095 101 31
is_linear=0
shrinkage=0.1


Tree=83
num_leaves=8
num_cat=0
split_feature=7 6 3 3 2 4 1
split_gain=397.229 930.888 492.341 686.395 571.602 2631.48 1771.01
threshold=0.80357142857142871 37.320240833382513 185.00000000000003 143.50000000000003 64 87.857142857142875 67.500000000000014
decision_type=2 2 2 2 2 2 2
left_child=1 -1 3 4 5 -2 -6
right_child=2 -3 -4 -5 6 -7 -8
leaf_value=-0.73813571570949121 0.097128163186490743 0.28349162419637047 -0.56281021411220233 0.58072692588681274 -0.28033961599985185 -0.53065998040967521 0.072739590634321158
leaf_weight=22 919 14.999999999999998 14.999999999999998 21 242 72 344
leaf_count=22 919 15 15 21 242 72 344
internal_value=-2.22157e-09 -0.323962 0.00743125 0.012784 0.00522099 0.0515169 -0.0730713
internal_weight=1650 37 1613 1598 1577 991 586
internal_count=1650 37 1613 1598 1577 991 586
is_linear=0
shrinkage=0.1


Tree=84
num_leaves=14
num_cat=0
split_feature=2 1 4 8 9 2 8 8 5 0 3 4 4
split_gain=360.162 2186.83 4386.94 2735.96 1048.46 796.427 2215.81 2850.47 3095.28 1687.28 1053.01 949.931 1402.22
threshold=23.000000000000004 93.000000000000014 64.071428571428584 2.5000000000000004 2.5000000000000004 37.500000000000007 21.500000000000004 18.500000000000004 57.410714285714299 185.00000000000003 58.500000000000007 26.357142857142861 32.928571428571438
decision_type=2 2 2 2 2 2 2 2 2 2 2 2 2
left_child=1 2 3 -1 -5 6 7 8 -2 11 -8 -7 -13
right_child=5 -3 -4 4 -6 9 10 -9 -10 -11 -12 12 -14
leaf_value=0.73995113602051377 0.046206634175777438 -1.2837146202723186 1.1320434519222804 -0.11456918893037019 -0.62823990088624837 0.76478082003692793 0.25610623190800352 -0.9867879994213582 1.5234234571456911 0.94936453633838236 1.3426830513910815 -0.53388317032820642 -0.012313132279435899
leaf_weight=26 125 14.999999999999998 28 81 78 14.999999999999998 14.999999999999998 23 15.999999999999998 18 22 54 1134
leaf_count=26 125 15 28 81 78 15 15 23 16 18 22 54 1134
internal_value=1.37858e-09 -0.116678 -0.0344923 -0.211049 -0.366559 0.0187079 0.20316 0.0454541 0.213834 -0.0116564 0.902179 -0.0260358 -0.0360209
internal_weight=1650 228 213 185 159 1422 201 164 141 1221 37 1203 1188
internal_count=1650 228 213 185 159 1422 201 164 141 1221 37 1203 1188
is_linear=0
shrinkage=0.1


Tree=85
num_leaves=16
num_cat=0
split_feature=9 7 4 4 0 6 3 3 8 6 4 2 1 2 2
split_gain=361.619 1623.85 3151.07 7279.64 3412.28 1871.37 3040.39 1873.49 1312.1 2186.23 2825 1636.15 1206.76 2612.69 2355.09
threshold=3.5000000000000004 0.98214285714285732 113.5714285714286 86.142857142857153 60.500000000000007 47.114434508872783 135.00000000000003 115.00000000000001 1.5000000000000002 31.597541573844975 103.5714285714286 1.0000000180025095e-35 60.500000000000007 82.000000000000014 73.000000000000014
decision_type=2 2 2 2 2 2 2 2 2 2 2 2 2 2 2
left_child=8 2 3 4 -2 6 7 -3 9 -1 -11 -10 14 -14 -13
right_child=1 5 -4 -5 -6 -7 -8 -9 11 10 -12 12 13 -15 -16
leaf_value=-0.2955009162425995 0.086634892653795634 -0.009163821088195136 1.6218260932713748 -1.8860810108482839 1.0112583884762394 -0.87779105351521425 1.2681848122013939 -0.93642561539359714 0.84482101452978042 1.8443945392966272 0.069962458861501597 0.063449849596860605 -0.47428640949916334 0.19653998748177576 -0.55533309889691218
leaf_weight=26 153 414 15.999999999999998 15.999999999999998 54 26 18 23 19 17 19 507 188 84 70
leaf_count=26 153 414 16 16 54 26 18 23 19 17 19 507 188 84 70
internal_value=6.92001e-10 0.0532058 0.266255 0.168995 0.327841 -0.0526546 -0.00550392 -0.0579671 -0.0411916 0.403241 0.907889 -0.0729368 -0.0934755 -0.267119 -0.0116191
internal_weight=1650 720 239 223 207 481 455 437 930 62 36 868 849 272 577
internal_count=1650 720 239 223 207 481 455 437 930 62 36 868 849 272 577
is_linear=0
shrinkage=0.1


Tree=86
num_leaves=20
num_cat=0
split_feature=8 4 8 3 4 8 1 3 9 2 3 2 3 0 1 0 2 2 6
split_gain=349.534 1029.64 1328.49 2006.81 2766.11 1257.9 1076.97 1498.43 996.321 1615.63 1579.7 2588.05 2229.8 1575.79 1774.82 3442.95 1866.68 1400.02 3283.25
threshold=6.5000000000000009 30.571428571428573 4.5000000000000009 40.500000000000007 55.357142857142868 3.5000000000000004 49.000000000000007 38.500000000000007 3.5000000000000004 60.500000000000007 13.000000000000002 37.500000000000007 27.000000000000004 165.00000000000003 28.5 67.500000000000014 46.000000000000007 82.000000000000014 42.050443031139061
decision_type=2 2 2 2 2 2 2 2 2 2 2 2 2 2 2 2 2 2 2
left_child=1 -1 3 4 -3 -5 7 -4 9 10 11 -2 -12 14 15 -10 -16 18 -11
right_child=8 2 6 5 -6 -7 -8 -9 13 17 12 -13 -14 -15 16 -17 -18 -19 -20
leaf_value=0.46919805257911645 0.43880363553762436 -0.010590779291440363 0.52775097310543062 0.094837398782924368 -1.1138288606296887 0.91028303287246004 -0.81670769209211524 -0.61425942977269488 0.099031715467572223 -0.30853146070448484 0.73850414144992838 -1.2031116154044867 0.028340446569649649 1.1371825329462688 -0.26536077324644469 1.9351212859153748 0.1657720898430165 -0.031174531841278077 -1.8940613182385766
leaf_weight=31 15.999999999999998 73 20 135 33 22 44 27 32 101 50 24 382 14.999999999999998 141 14.999999999999998 349 125 14.999999999999998
leaf_count=31 16 73 20 135 33 22 44 27 32 101 50 24 382 15 141 15 349 125 15
internal_value=-1.15913e-09 -0.0834291 -0.131823 -0.0178715 -0.354052 0.209104 -0.461155 -0.128298 0.0253915 -0.0526956 0.0548675 -0.546346 0.110535 0.126254 0.0980157 0.685018 0.0417114 -0.263359 -0.513557
internal_weight=1650 385 354 263 106 157 91 47 1265 713 472 40 432 552 537 47 490 241 116
internal_count=1650 385 354 263 106 157 91 47 1265 713 472 40 432 552 537 47 490 241 116
is_linear=0
shrinkage=0.1


Tree=87
num_leaves=16
num_cat=0
split_feature=2 8 4 6 4 3 1 0 7 6 0 3 8 6 5
split_gain=372.337 1699.1 1710.42 2432.95 1393.12 1299.41 776.25 1082.04 1165.71 938.88 766.89 1926.26 1359.04 618.285 184.858
threshold=23.000000000000004 2.5000000000000004 62.714285714285715 46.898027668043397 55.357142857142868 58.500000000000007 19.500000000000004 58.500000000000007 0.98214285714285732 79.416965656098071 115.00000000000001 38.500000000000007 1.0000000180025095e-35 20.95103277411523 43.196428571428577
decision_type=2 2 2 2 2 2 2 2 2 2 2 2 2 2 2
left_child=1 -1 4 -4 5 -3 7 13 -9 10 12 -12 -8 -2 -15
right_child=6 2 3 -5 -6 -7 9 8 -10 -11 11 -13 -14 14 -16
leaf_value=0.6422714247153356 -0.49445451736450202 -0.45951220050002589 0.87311503044490157 -0.66296501532197005 -1.2001408894856773 0.21584464531391859 -0.56977942020577543 -1.2634142133924697 -0.090306199574843052 0.798509094119072 0.5558235755673161 -0.38940276169331278 0.071667319263165927 0.5398219148317972 0.051175514608621603
leaf_weight=26 14.999999999999998 99 29 15.999999999999998 18 40 34 18 15.999999999999998 15.999999999999998 27 107 1158 15.000000000000002 15.999999999999998
leaf_count=26 15 99 29 16 18 40 34 18 16 16 27 107 1158 15 16
internal_value=4.5996e-10 -0.118634 -0.216572 0.326953 -0.37236 -0.265165 0.0190215 -0.283588 -0.711363 0.0370608 0.0278728 -0.198947 0.053371 0.0325939 0.287617
internal_weight=1650 228 202 45 157 139 1422 80 34 1342 1326 134 1192 46 31
internal_count=1650 228 202 45 157 139 1422 80 34 1342 1326 134 1192 46 31
is_linear=0
shrinkage=0.1


Tree=88
num_leaves=7
num_cat=0
split_feature=7 6 3 6 6 6
split_gain=327.665 846.733 426.543 516.911 852.516 700.746
threshold=0.80357142857142871 37.320240833382513 185.00000000000003 81.893225638687369 77.632473382663406 69.700550607916597
decision_type=2 2 2 2 2 2
left_child=1 -1 3 4 5 -2
right_child=2 -3 -4 -5 -6 -7
leaf_value=-0.68924042690883991 0.017494034398770415 0.28511455376942951 -0.52402171492576599 -0.57253948926925657 0.767573258082072 -0.59351933033842785
leaf_weight=22 1549 14.999999999999998 14.999999999999998 14.999999999999998 14.999999999999998 19
leaf_count=22 1549 15 15 15 15 19
internal_value=1.04856e-09 -0.294232 0.00674927 0.0117315 0.0172678 0.0100902
internal_weight=1650 37 1613 1598 1583 1568
internal_count=1650 37 1613 1598 1583 1568
is_linear=0
shrinkage=0.1


Tree=89
num_leaves=20
num_cat=0
split_feature=10 9 9 3 2 0 2 4 9 0 5 5 5 4 6 4 7 9 6
split_gain=324.238 1322.2 1462.2 1645.57 2002.65 1060.44 996.638 1115.47 1659.34 2719.35 1000.69 3709.23 2702.63 2130.62 1757.28 885.761 827.657 1346.51 414.861
threshold=4.5000000000000009 5.5000000000000009 3.5000000000000004 66.500000000000014 58.500000000000007 58.500000000000007 115.00000000000001 86.142857142857153 4.5000000000000009 100.50000000000001 70.017857142857153 71.250000000000014 72.964285714285737 87.857142857142875 62.737303770707449 64.071428571428584 0.98214285714285732 1.0000000180025095e-35 43.305688060121447
decision_type=2 2 2 2 2 2 2 2 2 2 2 2 2 2 2 2 2 2 2
left_child=1 2 16 4 -4 -3 10 15 9 -9 13 -12 -13 14 -2 -8 -1 -18 -10
right_child=6 5 3 -5 -6 -7 7 8 18 -11 11 12 -14 -15 -16 -17 17 -19 -20
leaf_value=-0.59944539293646815 0.0012856686500367226 -0.13817259311676022 0.75829619407653814 1.1768782456715903 -0.6243168939243664 -1.3272580182552338 -0.29743384259087702 0.44382196542891594 0.94198849042256649 -1.0667975334020763 1.6944541176126222 -1.1778350353240967 0.20926356260323417 -0.93194102346897134 0.8668180706600348 -1.145528328575586 -0.74564401954412463 0.36682922528947104 0.20996261052787304
leaf_weight=40 1037 15.000000000000002 20 18 22 14.999999999999998 35 22 15.000000000000002 26 15.999999999999998 14.999999999999998 221 24 24 19 15.999999999999998 34 15.999999999999998
leaf_count=40 1037 15 20 18 22 15 35 22 15 26 16 15 221 24 24 19 16 34 16
internal_value=2.46573e-09 -0.126681 -0.00547444 0.376913 0.0340703 -0.732715 0.015512 -0.245554 -0.00611928 -0.37443 0.0414819 0.220996 0.121101 -0.000211717 0.0208642 -0.595837 -0.260399 0.0108378 0.564169
internal_weight=1650 180 150 60 42 30 1470 133 79 48 1337 252 236 1085 1061 54 90 50 31
internal_count=1650 180 150 60 42 30 1470 133 79 48 1337 252 236 1085 1061 54 90 50 31
is_linear=0
shrinkage=0.1


Tree=90
num_leaves=19
num_cat=0
split_feature=10 4 4 8 5 6 0 9 8 9 4 6 1 5 5 8 4 1
split_gain=306.76 1050.08 4920.27 1851.16 1733.86 2608.09 2647.41 2395.77 1627.26 1493.4 1226.95 1030.97 874.284 2052.81 1995.26 1934.82 2075.9 1225.67
threshold=5.5000000000000009 46.857142857142868 45.500000000000007 23.500000000000004 60.321428571428577 23.883793383905768 73.000000000000014 2.5000000000000004 20.500000000000004 3.5000000000000004 30.571428571428573 75.32108985303006 115.00000000000001 93.696428571428584 86.964285714285737 25.500000000000004 72.928571428571445 73.000000000000014
decision_type=2 2 2 2 2 2 2 2 2 2 2 2 2 2 2 2 2 2
left_child=11 2 3 10 8 6 -6 -7 9 -3 -2 12 13 14 -1 16 -14 -15
right_child=1 4 -4 -5 5 7 -8 -9 -10 -11 -12 -13 15 17 -16 -17 -18 -19
leaf_value=-0.0057757089711104178 0.62105099909445816 0.014751818485848315 1.7089474863476224 0.93864000838469064 1.279644492371329 0.26281081975290649 -0.23899744811810947 -0.49046164046776924 -1.1484090251922607 -0.6711808042945685 -0.29016367291982198 0.76036760807037362 1.0427443444728852 -0.11687850475311279 0.89930664300918584 1.1578596117950621 -0.26915840788611345 -1.3408215805888177
leaf_weight=947 17 77 18 17 29 76 19 95 25 54 113 19 15.999999999999998 14.999999999999998 25 21 49 18
leaf_count=947 17 77 18 17 29 76 19 95 25 54 113 19 16 15 25 21 49 18
internal_value=3.68691e-10 -0.061819 0.148408 -0.0426786 -0.154319 0.0271621 0.678515 -0.155674 -0.40909 -0.267999 -0.171005 0.0300741 0.0173559 -0.00883074 0.0175032 0.323374 0.0537715 -0.784484
internal_weight=1650 540 165 147 375 219 48 171 156 131 130 1110 1091 1005 972 86 65 33
internal_count=1650 540 165 147 375 219 48 171 156 131 130 1110 1091 1005 972 86 65 33
is_linear=0
shrinkage=0.1


Tree=91
num_leaves=16
num_cat=0
split_feature=2 1 4 8 2 1 0 4 2 3 4 5 0 8 4
split_gain=307.632 1581.03 3081.62 1636.77 993.322 601.248 912.519 1102.39 724.881 2094.76 1942.36 1743.64 1325.83 1266.68 665.715
threshold=23.000000000000004 93.000000000000014 67.214285714285737 1.5000000000000002 1.0000000180025095e-35 19.500000000000004 37.500000000000007 58.214285714285722 37.500000000000007 38.500000000000007 38.214285714285722 42.428571428571438 185.00000000000003 22.500000000000004 44.142857142857146
decision_type=2 2 2 2 2 2 2 2 2 2 2 2 2 2 2
left_child=1 2 3 -1 -5 6 -2 14 9 11 -11 -7 13 -10 -8
right_child=5 -3 -4 4 -6 8 7 -9 12 10 -12 -13 -14 -15 -16
leaf_value=0.83569511016209919 0.25190909385681154 -1.1001414283116657 1.082786943086169 0.27158386349678038 -0.36019396499207579 0.38259254705447421 -0.53457059652908989 -1.1757045760750771 0.053009259084872196 -0.23953693807125093 0.70412706502459266 -0.68599895335532524 0.85580540498097746 -0.18726214232376301 0.30537776695564389
leaf_weight=14.999999999999998 25 14.999999999999998 22 30 146 26 23 15.999999999999998 848 29 88 37 18 296 15.999999999999998
leaf_count=15 25 15 22 30 146 26 23 16 848 29 88 37 18 296 16
internal_value=3.16085e-12 -0.107834 -0.0379534 -0.167044 -0.252505 0.0172899 -0.249033 -0.476734 0.033166 0.2199 0.470227 -0.244993 0.00423989 -0.00915887 -0.189976
internal_weight=1650 228 213 191 176 1422 80 55 1342 180 117 63 1162 1144 39
internal_count=1650 228 213 191 176 1422 80 55 1342 180 117 63 1162 1144 39
is_linear=0
shrinkage=0.1


Tree=92
num_leaves=6
num_cat=0
split_feature=6 6 6 6 4
split_gain=292.717 614.553 810.496 957.754 575.617
threshold=81.893225638687369 77.632473382663406 70.408462154003132 62.737303770707449 107.85714285714288
decision_type=2 2 2 2 2
left_child=1 2 3 4 -1
right_child=-2 -3 -4 -5 -6
leaf_value=-0.020552480343134852 -0.41281043361215031 0.64143074035644532 -0.73326572070519136 0.80055348147948591 0.19604708324395009
leaf_weight=1454 17 14.999999999999998 14.999999999999998 14.999999999999998 134
leaf_count=1454 17 15 15 15 134
internal_value=1.74626e-09 0.00429748 -0.0016092 0.00523725 -0.00227519
internal_weight=1650 1633 1618 1603 1588
internal_count=1650 1633 1618 1603 1588
is_linear=0
shrinkage=0.1


Tree=93
num_leaves=18
num_cat=0
split_feature=0 4 6 2 6 3 6 1 7 1 0 8 2 8 4 8 3
split_gain=288.493 2321.68 1408.52 3775.59 2960.78 2553.37 1967.03 4161.86 1515.96 1320.05 1066.29 1807.85 2711.31 1552.46 1445.81 4056.39 1293.11
threshold=31.000000000000004 72.642857142857153 45.699627636484834 135.00000000000003 48.135511428029922 143.50000000000003 43.200796474985147 82.000000000000014 0.91071428571428592 89.000000000000014 29.500000000000004 16.500000000000004 58.500000000000007 13.500000000000002 47.214285714285722 18.500000000000004 38.500000000000007
decision_type=2 2 2 2 2 2 2 2 2 2 2 2 2 2 2 2 2
left_child=1 10 5 4 -4 6 8 -8 -2 -6 11 13 -13 -1 16 -16 -12
right_child=2 -3 3 -5 9 -7 7 -9 -10 -11 14 12 -14 -15 15 -17 -18
leaf_value=-0.099450031079744039 -0.56664444582135076 1.0969448555083503 -1.7765776034858491 0.69792297312191565 -0.057056204103073986 1.1940697630246482 1.5844332301098367 -0.31793548646180531 -0.0076298099318500498 -0.86271045758445375 -0.49065917665893971 0.7846782533235328 -0.45399258709823098 -0.79244668447241495 1.2441561295172654 -0.47052594531666153 0.23177018781503042
leaf_weight=95 51 21 18 28 53 18 23 23 994 33 37 43 30 49 37 22 75
leaf_count=95 51 21 18 28 53 18 23 23 994 33 37 43 30 49 37 22 75
internal_value=-1.33639e-09 0.0728366 -0.024005 -0.332803 -0.610306 0.0127501 -0.0067401 0.633249 -0.0349119 -0.366203 0.0174081 -0.129752 0.275635 -0.335261 0.204155 0.604783 -0.00688951
internal_weight=1650 409 1241 132 104 1109 1091 46 1045 86 388 217 73 144 171 59 112
internal_count=1650 409 1241 132 104 1109 1091 46 1045 86 388 217 73 144 171 59 112
is_linear=0
shrinkage=0.1


Tree=94
num_leaves=17
num_cat=0
split_feature=10 4 6 8 5 0 4 4 8 5 5 5 4 8 9 2
split_gain=339.825 1073.94 1213.14 1290.54 4855.72 1433.89 1009.08 3923.76 1434.92 1390.25 2624.39 1888.84 1689.57 1299.97 1260.05 1091.13
threshold=5.5000000000000009 140.71428571428575 75.32108985303006 27.500000000000004 76.964285714285737 115.00000000000001 46.857142857142868 45.500000000000007 23.500000000000004 62.125000000000007 65.589285714285737 95.892857142857153 64.071428571428584 20.500000000000004 3.5000000000000004 23.000000000000004
decision_type=2 2 2 2 2 2 2 2 2 2 2 2 2 2 2 2
left_child=1 2 3 5 -5 -1 7 8 15 13 12 -12 -11 14 -8 -2
right_child=6 -3 -4 4 -6 -7 9 -9 -10 10 11 -13 -14 -15 -16 -17
leaf_value=0.036201023057055651 -0.7363412360846997 -0.73447983629173708 0.85844129787551049 -0.070428909162680312 1.9133433377041538 -0.42984080354512583 0.006031148808031548 1.5345951729350622 0.83435089114834282 1.144233127092493 -0.55842218953702183 0.14151428580643186 -0.033548408462887723 -1.0331511225700378 -0.58867210666575132 -0.0012421144261246637
leaf_weight=941 25 18 18 45 17 71 82 18 17 29 72 83 21 25 63 105
leaf_count=941 25 18 18 45 17 71 82 18 17 29 72 83 21 25 63 105
internal_value=-7.70345e-10 0.0316534 0.044282 0.0306369 0.473509 0.00350441 -0.0650654 0.141017 -0.0296258 -0.155741 0.0195977 -0.183617 0.649565 -0.36718 -0.252357 -0.142607
internal_weight=1650 1110 1092 1074 62 1012 540 165 147 375 205 155 50 170 145 130
internal_count=1650 1110 1092 1074 62 1012 540 165 147 375 205 155 50 170 145 130
is_linear=0
shrinkage=0.1


Tree=95
num_leaves=20
num_cat=0
split_feature=10 9 3 1 5 4 8 3 8 4 6 6 4 1 2 6 5 5 2
split_gain=275.258 916.478 1367.34 1813.3 1421.11 1407.88 959.426 1278.64 1964.34 1124.24 1516.85 1404.94 869.894 1060.16 1572.89 1377.95 1374.23 1585.46 613.182
threshold=5.5000000000000009 1.0000000180025095e-35 82.500000000000014 67.500000000000014 62.125000000000007 45.500000000000007 24.500000000000004 30.500000000000004 14.500000000000002 62.714285714285715 29.191514118829328 39.932177506571698 140.71428571428575 115.00000000000001 49.000000000000007 39.932177506571698 93.696428571428584 86.964285714285737 23.000000000000004
decision_type=2 2 2 2 2 2 2 2 2 2 2 2 2 2 2 2 2 2 2
left_child=12 2 3 5 -5 -2 7 18 -9 10 -8 -11 13 16 -15 -16 17 -1 -3
right_child=1 6 -4 4 -6 -7 9 8 -10 11 -12 -13 -14 14 15 -17 -18 -19 -20
leaf_value=0.011394255620046567 -0.23688032664358616 0.11506575610902575 1.0709963193163277 -1.2191263770063721 0.098793979485829686 0.96439915871620185 0.73843472639719643 -0.15021972048987625 0.3875469799632224 -1.4842137981863583 -0.64123727083206183 -0.31511246424454908 -0.66103185746404858 -0.49651819318532947 0.21562731974833721 1.1551858985865557 -0.69169198936886256 0.83425881620496511 -0.54559030131204056
leaf_weight=961 15.999999999999998 18 15.999999999999998 14.999999999999998 18 25 14.999999999999998 186 107 17 17 26 18 15.999999999999998 37 27 27 24 64
leaf_count=961 16 18 16 15 18 25 15 186 107 17 17 26 18 16 37 27 27 24 64
internal_value=-2.57965e-09 -0.0585588 0.232747 0.0515039 -0.500261 0.495607 -0.11682 -0.0515198 0.0461661 -0.443321 0.00548398 -0.777315 0.0284881 0.0398538 0.390299 0.612004 0.0121506 0.0314437 -0.400568
internal_weight=1650 540 90 74 33 41 450 375 293 75 32 43 1110 1092 80 64 1012 985 82
internal_count=1650 540 90 74 33 41 450 375 293 75 32 43 1110 1092 80 64 1012 985 82
is_linear=0
shrinkage=0.1


Tree=96
num_leaves=20
num_cat=0
split_feature=3 7 5 5 9 8 1 4 6 8 6 7 4 6 5 6 6 5 4
split_gain=309.262 1563.64 7012.19 6271.31 1905.28 2263.42 1640.82 1371.42 1360.38 1115.85 1051.24 1068.62 3938.58 2241.91 1024.64 990.855 955.128 909.077 723.659
threshold=49.000000000000007 0.91071428571428592 40.464285714285715 63.589285714285715 5.5000000000000009 15.500000000000002 121.50000000000001 41.142857142857146 17.389794786930626 14.500000000000002 19.050190858061985 0.94642857142857151 67.214285714285737 62.559657156190774 50.642857142857146 21.497330010313167 16.97401975306332 56.375000000000007 37.214285714285722
decision_type=2 2 2 2 2 2 2 2 2 2 2 2 2 2 2 2 2 2 2
left_child=1 2 7 -4 6 15 9 -1 16 -3 14 12 -12 -13 -10 -6 18 -7 -2
right_child=8 4 3 -5 5 17 -8 -9 10 -11 11 13 -14 -15 -16 -17 -18 -19 -20
leaf_value=0.083867936664157441 -0.642508718247215 0.10205817659463112 3.063262719313304 0.25793330388910629 0.57729845046997053 -0.52727627853552506 -0.99620371270510888 -1.210803877512614 0.81294471472501761 -0.18963576260426526 0.10405089168837577 -0.017914161661126634 -1.2339572010618269 1.1786194711923599 -0.028179193820272175 1.7267068711916604 -1.1529045324772598 0.52680834929148357 0.14244913630511449
leaf_weight=18 24 300 14.999999999999998 17 15.000000000000002 18 18 14.999999999999998 30 233 66 735 33 15.999999999999998 28 14.999999999999998 15.999999999999998 14.999999999999998 23
leaf_count=18 24 300 15 17 15 18 18 15 30 233 66 735 33 16 28 15 16 15 23
internal_value=2.11722e-09 0.0517721 0.518175 1.57293 0.00239721 0.523353 -0.0571676 -0.504619 -0.0362031 -0.0254553 -0.00502522 -0.033132 -0.341952 0.0075779 0.406885 1.152 -0.485561 -0.0481469 -0.25838
internal_weight=1650 679 65 32 614 63 551 33 971 533 908 850 99 751 58 30 63 33 47
internal_count=1650 679 65 32 614 63 551 33 971 533 908 850 99 751 58 30 63 33 47
is_linear=0
shrinkage=0.1


Tree=97
num_leaves=19
num_cat=0
split_feature=10 9 8 8 1 2 9 6 5 6 6 0 5 5 5 5 4 6
split_gain=326.277 1096.27 1425.65 1190.1 964.873 879.939 906.259 1954.08 1644.17 1370.64 1117.03 789.077 1048.37 743.967 2972.09 2060.79 1567.52 1232.64
threshold=4.5000000000000009 5.5000000000000009 23.500000000000004 26.500000000000004 67.500000000000014 115.00000000000001 5.5000000000000009 40.310479059738235 95.303571428571445 43.096787293862214 43.371077715960773 73.000000000000014 61.089285714285715 70.017857142857153 71.250000000000014 72.964285714285737 87.857142857142875 62.737303770707449
decision_type=2 2 2 2 2 2 2 2 2 2 2 2 2 2 2 2 2 2
left_child=1 2 11 -4 -3 13 7 8 -7 -8 -9 12 -1 16 -15 -16 17 -2
right_child=5 4 3 -5 -6 6 9 10 -10 -11 -12 -13 -14 14 15 -17 -18 -19
leaf_value=-0.20062193709812806 0.0056931075497225949 -0.11179150839646655 1.2297092533111571 -0.029972478548685712 -1.2460302337010702 -0.38566873133182528 0.93049923717975602 0.67168643176555642 -1.7706591192881267 -0.4000685123726726 -0.28600374524499855 -0.82462886683642866 0.7030982398986817 1.5136908579617741 -1.0289286009470622 0.18231247127123551 -0.79516506257156538 0.7305967375636101
leaf_weight=89 1037 15.000000000000002 15.000000000000002 14.999999999999998 14.999999999999998 20 15.000000000000002 15.999999999999998 14.999999999999998 15.999999999999998 51 15.999999999999998 14.999999999999998 15.999999999999998 14.999999999999998 221 24 24
leaf_count=89 1037 15 15 15 15 20 15 16 15 16 51 16 15 16 15 221 24 24
internal_value=7.60524e-10 -0.127079 -0.0167126 0.599868 -0.678911 0.0155607 -0.229745 -0.373652 -0.979236 0.243755 -0.0573016 -0.170858 -0.0702777 0.0399628 0.194747 0.105327 0.00401301 0.0220906
internal_weight=1650 180 150 30 30 1470 133 102 35 31 67 120 104 1337 252 236 1085 1061
internal_count=1650 180 150 30 30 1470 133 102 35 31 67 120 104 1337 252 236 1085 1061
is_linear=0
shrinkage=0.1


Tree=98
num_leaves=6
num_cat=0
split_feature=6 6 6 6 6
split_gain=338.121 490.794 819.674 639.656 655.079
threshold=81.893225638687369 77.632473382663406 65.248806968176609 57.675909872071905 53.499834958867616
decision_type=2 2 2 2 2
left_child=1 2 3 4 -1
right_child=-2 -3 -4 -5 -6
leaf_value=0.0081900303191829137 -0.44367281619240262 0.57399610519409183 -0.56881775784492494 0.48200031433786661 -0.49798176514987769
leaf_weight=1539 17 14.999999999999998 25 28 26
leaf_count=1539 17 15 25 28 26
internal_value=-4.08907e-10 0.00461876 -0.000659768 0.00825671 -0.000219214
internal_weight=1650 1633 1618 1593 1565
internal_count=1650 1633 1618 1593 1565
is_linear=0
shrinkage=0.1


Tree=99
num_leaves=19
num_cat=0
split_feature=3 6 6 0 0 1 4 6 6 1 6 0 3 2 0 0 4 1
split_gain=313.188 1158.65 1228.04 1119.44 2902.06 1109.98 2509.9 3216.16 6316.69 2330.55 3727.48 3007.12 1927.26 1510.62 1469.15 826.391 1019.98 674.428
threshold=72.000000000000014 53.499834958867616 20.903506526658955 82.000000000000014 51.000000000000007 89.000000000000014 67.214285714285737 40.310479059738235 48.780371835278338 135.00000000000003 39.509290437055803 93.000000000000014 21.000000000000004 87.500000000000014 82.000000000000014 9.0000000000000018 46.071428571428577 89.000000000000014
decision_type=2 2 2 2 2 2 2 2 2 2 2 2 2 2 2 2 2 2
left_child=5 2 -2 4 -4 6 15 12 -9 10 11 -7 -8 -11 -12 -1 -17 -5
right_child=1 -3 3 17 -6 9 7 8 -10 13 14 -13 -14 -15 -16 16 -18 -19
leaf_value=0.60769634246826176 -0.76500198339874093 -0.86213137176301746 -0.21264521309704343 -0.49835038747427601 0.52579170955488319 -0.35777698506911598 -0.78528447341587815 2.7498188257217411 0.20529291951656342 -0.25189714186331807 -0.51448704775641951 0.82002295340810505 0.34517212484472543 0.96992588961124415 -1.7522279629388571 0.094402006868920529 -0.12043134495235829 -0.039533130806169395
leaf_weight=22 22 18 109 53 104 96 18 15.999999999999998 25 17 17 28 93 25 22 443 441 81
leaf_count=22 22 18 109 53 104 96 18 16 25 17 17 28 93 25 22 443 441 81
internal_value=-1.93282e-09 -0.0787058 -0.0404899 0.00544454 0.147906 0.0241165 0.0653823 0.441417 1.19828 -0.188855 -0.360008 -0.0918222 0.161855 0.475378 -1.2127 0.00229491 -0.0127716 -0.221006
internal_weight=1650 387 369 347 213 1263 1058 152 41 205 163 124 111 42 39 906 884 134
internal_count=1650 387 369 347 213 1263 1058 152 41 205 163 124 111 42 39 906 884 134
is_linear=0
shrinkage=0.1


Tree=100
num_leaves=15
num_cat=0
split_feature=10 2 6 6 0 2 8 9 6 3 3 4 3 6
split_gain=283.623 1111.03 1675.25 1306.18 1185.91 715.396 792.81 1273.82 1390.68 636.944 611.06 1652.71 1130.43 240.466
threshold=4.5000000000000009 93.000000000000014 40.209115366478152 32.391892170290298 73.000000000000014 115.00000000000001 26.500000000000004 5.5000000000000009 40.310479059738235 143.50000000000003 115.00000000000001 94.785714285714306 100.50000000000001 43.715543657519916
decision_type=2 2 2 2 2 2 2 2 2 2 2 2 2 2
left_child=1 2 3 4 -1 9 7 8 -7 10 12 -12 -2 -8
right_child=5 -3 -4 -5 -6 6 13 -9 -10 -11 11 -13 -14 -15
leaf_value=-0.072128788062504362 0.027251412692083019 0.62684716516070904 -1.1726984493434429 0.78908277136584126 -0.92655774543159886 -0.77722351783886556 -0.37595318794250482 0.56312227106342716 0.077454551039858072 0.58290132681528728 0.055878828962643949 -1.1934780831138292 0.66979543651853302 -0.94218712965647389
leaf_weight=112 1237 18 15.999999999999998 14.999999999999998 19 32 15.000000000000002 24 47 21 36 14.999999999999998 28 14.999999999999998
leaf_count=112 1237 18 16 15 19 32 15 24 47 21 36 15 28 15
internal_value=-4.97608e-10 -0.118482 -0.201296 -0.094841 -0.196054 0.014508 -0.206676 -0.0749112 -0.268744 0.0365106 0.0277916 -0.311579 0.0414737 -0.65907
internal_weight=1650 180 162 146 131 1470 133 103 79 1337 1316 51 1265 30
internal_count=1650 180 162 146 131 1470 133 103 79 1337 1316 51 1265 30
is_linear=0
shrinkage=0.1


Tree=101
num_leaves=20
num_cat=0
split_feature=8 4 0 6 6 1 4 2 8 5 4 1 5 5 5 0 6 1 3
split_gain=273.701 915.242 937.125 3735.56 2590.04 1964 1857.61 1201.08 869.539 1668.63 1411.39 1739.12 1102.06 3244.42 1491.49 1428.12 1195.05 907.058 685.444
threshold=6.5000000000000009 30.571428571428573 73.000000000000014 32.517998626869044 26.962793543156952 100.50000000000001 65.500000000000014 100.50000000000001 12.500000000000002 36.500000000000007 41.571428571428577 51.000000000000007 37.196428571428577 39.696428571428577 35.303571428571438 47.500000000000007 17.855410535517851 155.00000000000003 38.500000000000007
decision_type=2 2 2 2 2 2 2 2 2 2 2 2 2 2 2 2 2 2 2
left_child=1 18 5 4 -4 6 -3 -5 9 -2 -11 -12 14 -14 16 -16 -10 -15 -1
right_child=8 2 3 7 -6 -7 -8 -9 12 10 11 -13 13 17 15 -17 -18 -19 -20
leaf_value=0.93284431854883809 0.98356471866693185 -0.18433372427598904 0.014719005208462477 -0.048099071008187756 1.7415510108596401 0.87021601796150216 -1.090842357158661 -1.1641462878386182 -0.37616974078118803 -0.57635066594396323 0.50770527912037711 -0.015310148392593004 1.3749333500862122 -0.0011160829187678196 -1.4917023962570561 -0.21363093011519491 0.66134030398200538 -0.58008339107036588 -0.0080942820757627498
leaf_weight=15.000000000000002 23 236 15.999999999999998 27 19 15.999999999999998 25 14.999999999999998 32 28 98 181 17 806 18 17 17 28 15.999999999999998
leaf_count=15 23 236 16 27 19 16 25 15 32 28 98 181 17 806 18 17 17 28 16
internal_value=1.70539e-09 -0.0738262 -0.119453 0.189144 0.952142 -0.205236 -0.271164 -0.446687 0.0224689 0.162025 0.100476 0.168401 -0.0267861 0.00732311 -0.372345 -0.870925 -0.0162173 -0.0205538 0.447199
internal_weight=1650 385 354 77 35 277 261 42 1265 330 307 279 935 851 84 35 49 834 31
internal_count=1650 385 354 77 35 277 261 42 1265 330 307 279 935 851 84 35 49 834 31
is_linear=0
shrinkage=0.1


Tree=102
num_leaves=20
num_cat=0
split_feature=4 4 6 5 5 3 4 3 7 6 6 3 3 7 1 9 3 7 6
split_gain=282.121 710.464 1697.42 800.749 2048.77 3011.59 2177.49 1055.28 3716.29 1868 649.624 1370.76 1153.88 1013.77 712.733 588.275 875.341 334.882 210.365
threshold=32.928571428571438 37.857142857142868 25.748129886637077 43.910714285714299 42.071428571428577 66.500000000000014 49.642857142857146 49.000000000000007 0.91071428571428592 43.715543657519916 30.395983537730213 38.500000000000007 49.000000000000007 0.98214285714285732 37.500000000000007 1.5000000000000002 38.500000000000007 0.98214285714285732 20.255809269917492
decision_type=2 2 2 2 2 2 2 2 2 2 2 2 2 2 2 2 2 2 2
left_child=10 2 15 4 5 -3 -6 8 -5 -9 12 -12 13 -1 -14 17 -17 -2 -15
right_child=1 3 -4 7 6 -7 -8 9 -10 -11 11 -13 14 18 -16 16 -18 -19 -20
leaf_value=0.76747649431228648 0.0233816385269165 -0.12278677954169728 0.92900524905749737 1.3410250355601312 -0.31069236671924594 1.3637690750757854 -1.6207979651058424 0.018559438184722499 0.080287062531528064 -0.44606733791755904 -1.2302000792821248 0.064163923263549805 -0.6983725590365274 -0.35955481767654413 0.095144832761664147 0.85035017430782323 -0.034899239282350281 -0.63430824950337417 0.17005482623974483
leaf_weight=25 15.000000000000002 149 28 25 50 14.999999999999998 17 687 361 99 14.999999999999998 18 28 15.000000000000002 19 15.999999999999998 37 15.999999999999998 14.999999999999998
leaf_count=25 15 149 28 25 50 15 17 687 361 99 15 18 28 15 19 16 37 16 15
internal_value=-1.30075e-09 0.0123434 0.254717 -0.00700496 -0.177173 0.0131787 -0.643107 0.0265349 0.161941 -0.0399623 -0.138521 -0.524183 -0.0137477 0.297171 -0.377589 0.0299539 0.232346 -0.316071 -0.09475
internal_weight=1650 1515 112 1403 231 164 67 1172 386 786 135 33 102 55 47 84 53 31 30
internal_count=1650 1515 112 1403 231 164 67 1172 386 786 135 33 102 55 47 84 53 31 30
is_linear=0
shrinkage=0.1


Tree=103
num_leaves=15
num_cat=0
split_feature=2 8 4 3 4 1 1 4 6 10 6 4 4 6
split_gain=271.212 1037.92 1153.6 1781.05 1302.39 962.452 618.274 953.377 606.636 1191.64 599.597 660.37 4029.12 1887.6
threshold=23.000000000000004 1.5000000000000002 62.714285714285715 49.000000000000007 55.357142857142868 51.000000000000007 19.500000000000004 58.214285714285722 20.637357150800636 5.5000000000000009 79.416965656098071 36.928571428571438 37.214285714285722 43.096787293862214
decision_type=2 2 2 2 2 2 2 2 2 2 2 2 2 2
left_child=1 -1 4 -4 5 -3 7 8 -2 -10 11 13 -13 -8
right_child=6 2 3 -5 -6 -7 10 -9 9 -11 -12 12 -14 -15
leaf_value=0.70275324185689292 -0.57674743708442244 -0.27833238505680147 0.93504897356033334 -0.32349743946738868 -1.0820736666520439 0.48326013841127091 -0.04353036644912902 -0.89452172252866957 0.52540145942143035 -0.53598773181438453 0.64084024876356127 1.3300700545310975 0.021286569713480034 -1.2095150433480741
leaf_weight=14.999999999999998 17 131 22 23 18 19 105 18 28 17 15.999999999999998 24 1181 15.999999999999998
leaf_count=15 17 131 22 23 18 19 105 18 28 17 16 24 1181 16
internal_value=-2.3861e-09 -0.10125 -0.15787 0.291792 -0.278315 -0.181864 0.0162342 -0.253833 -0.0678267 0.124432 0.0323336 0.0249911 0.0473536 -0.19771
internal_weight=1650 228 213 45 168 150 1422 80 62 45 1342 1326 1205 121
internal_count=1650 228 213 45 168 150 1422 80 62 45 1342 1326 1205 121
is_linear=0
shrinkage=0.1


Tree=104
num_leaves=6
num_cat=0
split_feature=6 6 6 6 5
split_gain=278.212 450.005 787.242 670.776 598.985
threshold=81.893225638687369 77.632473382663406 70.408462154003132 62.737303770707449 69.571428571428598
decision_type=2 2 2 2 2
left_child=1 2 3 4 -1
right_child=-2 -3 -4 -5 -6
leaf_value=-0.033836676527118803 -0.4024525312816396 0.54939389546712236 -0.72194890419642133 0.67146484533945727 0.11241866518581703
leaf_weight=1225 17 14.999999999999998 14.999999999999998 14.999999999999998 363
leaf_count=1225 17 15 15 15 363
internal_value=7.47937e-10 0.00418965 -0.00086478 0.00588273 -0.000404253
internal_weight=1650 1633 1618 1603 1588
internal_count=1650 1633 1618 1603 1588
is_linear=0
shrinkage=0.1


Tree=105
num_leaves=16
num_cat=0
split_feature=0 7 6 1 8 9 6 2 6 3 6 2 7 0 5
split_gain=255.023 1837.89 5075.66 1675.66 1344.45 1551.31 904.059 3067.81 2306.19 1960.01 1696.1 3773.35 1045.76 988.743 142.57
threshold=31.000000000000004 0.91071428571428592 35.001302678824601 89.000000000000014 1.0000000180025095e-35 4.5000000000000009 45.699627636484834 135.00000000000003 48.135511428029922 143.50000000000003 43.458577113461985 100.50000000000001 0.91071428571428592 115.00000000000001 61.089285714285715
decision_type=2 2 2 2 2 2 2 2 2 2 2 2 2 2 2
left_child=1 2 -1 4 -3 -6 9 8 -8 10 12 -12 -2 -10 -5
right_child=6 3 -4 14 5 -7 7 -9 13 -11 11 -13 -14 -15 -16
leaf_value=-0.72441516369581227 -0.46917557527239506 -0.80675346500733325 1.5232854834309331 -0.50225995699564607 -0.020585372576800487 0.49030197270308867 -1.5494141300519308 0.65914034807522393 -0.52174145403455519 1.0418739623493618 1.7271000988343184 -0.44894784132639565 -0.0092915513764284443 0.22497556376457217 -0.93825685938199366
leaf_weight=15.999999999999998 52 17 27 15.000000000000002 240 79 18 28 61 18 17 14.999999999999998 1007 25 14.999999999999998
leaf_count=16 52 17 27 15 240 79 18 28 61 18 17 15 1007 25 15
internal_value=-1.55545e-10 0.0684813 0.686932 -0.00417813 0.0597576 0.105935 -0.0225696 -0.269965 -0.520109 0.00687691 -0.0101991 0.707078 -0.0318732 -0.304673 -0.720258
internal_weight=1650 409 43 366 336 319 1241 132 104 1109 1091 32 1059 86 30
internal_count=1650 409 43 366 336 319 1241 132 104 1109 1091 32 1059 86 30
is_linear=0
shrinkage=0.1


Tree=106
num_leaves=6
num_cat=0
split_feature=6 6 6 6 4
split_gain=270.039 344.184 648.181 562.985 476.887
threshold=81.893225638687369 77.632473382663406 70.408462154003132 62.737303770707449 107.85714285714288
decision_type=2 2 2 2 2
left_child=1 2 3 4 -1
right_child=-2 -3 -4 -5 -6
leaf_value=-0.016565960604315793 -0.39649733795839204 0.4809384854634603 -0.65459749937057499 0.61559327125549324 0.18058468148445905
leaf_weight=1454 17 14.999999999999998 14.999999999999998 14.999999999999998 134
leaf_count=1454 17 15 15 15 134
internal_value=-1.72621e-10 0.00412765 -0.000292721 0.00582991 7.01767e-05
internal_weight=1650 1633 1618 1603 1588
internal_count=1650 1633 1618 1603 1588
is_linear=0
shrinkage=0.1


Tree=107
num_leaves=20
num_cat=0
split_feature=10 4 4 5 8 4 5 6 0 9 8 9 9 9 1 5 8 3 3
split_gain=266.035 780.794 3208.25 1660.62 1116.28 1403.1 1112.13 2179.4 2487.87 2080.72 1072.08 951.289 677.472 1455.29 2306.23 2947.6 1260.19 1328.73 973.488
threshold=5.5000000000000009 46.857142857142868 44.142857142857146 47.446428571428577 22.500000000000004 30.571428571428573 60.321428571428577 24.004409815217112 58.500000000000007 2.5000000000000004 20.500000000000004 3.5000000000000004 1.0000000180025095e-35 1.5000000000000002 28.5 58.803571428571438 1.0000000180025095e-35 35.000000000000007 17.500000000000004
decision_type=2 2 2 2 2 2 2 2 2 2 2 2 2 2 2 2 2 2 2
left_child=12 2 4 -4 5 -2 10 8 -8 -9 11 -3 18 14 -14 -16 -15 -18 -1
right_child=1 6 3 -5 -6 -7 7 9 -10 -11 -12 -13 13 16 15 -17 17 -19 -20
leaf_value=-0.85950785742865676 0.58182770855286547 -0.0011850559309899034 1.71776282787323 0.35094279170036319 0.50605877439181013 -0.41054113746451382 1.5239834360467892 0.22292499283949538 0.070066328609690948 -0.48671957111876946 -0.94146549892425535 -0.54864147261337004 -0.53177995181083682 -0.66579352107450918 0.99443903621286156 0.022957415463494474 0.23105928406443288 -0.054945392884098491 -0.075559036411119232
leaf_weight=18 17 77 15.999999999999998 20 24 88 18 75 34 92 25 54 25 27 64 61 230 553 132
leaf_count=18 17 77 16 20 24 88 18 75 34 92 25 54 25 27 64 61 230 553 132
internal_value=1.74615e-09 -0.0575694 0.123709 0.958418 -0.109234 -0.249872 -0.137332 0.0080143 0.573345 -0.168017 -0.341375 -0.226854 0.0280067 0.0588879 0.345 0.520356 0.00590421 0.0290662 -0.169633
internal_weight=1650 540 165 36 129 105 375 219 52 167 156 131 1110 960 150 125 810 783 150
internal_count=1650 540 165 36 129 105 375 219 52 167 156 131 1110 960 150 125 810 783 150
is_linear=0
shrinkage=0.1


Tree=108
num_leaves=19
num_cat=0
split_feature=7 6 6 9 4 4 4 0 4 1 5 1 2 1 5 4 6 10
split_gain=241.445 1714.59 1571.22 1391.22 1986.5 5088.95 2325.43 1516.14 2030.35 2036.29 2006.12 1514.6 1019.79 890.828 804.906 1199.11 1076.48 694.452
threshold=0.98214285714285732 45.699627636484834 43.946715034775984 3.5000000000000004 113.5714285714286 86.142857142857153 36.928571428571438 58.500000000000007 45.500000000000007 67.500000000000014 36.142857142857146 28.5 49.000000000000007 58.500000000000007 55.785714285714292 54.357142857142868 24.615447665005409 5.5000000000000009
decision_type=2 2 2 2 2 2 2 2 2 2 2 2 2 2 2 2 2 2
left_child=3 2 14 7 5 6 -5 8 10 -10 -1 -9 -3 -13 15 -2 -16 -14
right_child=1 12 -4 4 -6 -7 -8 11 9 -11 -12 13 17 -15 16 -17 -18 -19
leaf_value=0.54169456022126339 -0.01935396844400912 -0.95950610904858036 0.95909376424901627 -0.36417819206104723 1.3111134611070157 -1.560675595700741 0.46201308574981809 -1.0749502783236298 0.9504153462993199 -0.23243809328837828 -0.46190500071515211 0.13047472441196442 -0.6275226329502307 -0.43482773088746607 0.27001603234131805 -0.39878897028112853 -0.026361108239930917 0.19780242917212576
leaf_weight=28 364 29 17 43 15.999999999999998 15.999999999999998 164 23 43 22 69 50 19 63 183 108 371 22
leaf_count=28 364 29 17 43 16 16 164 23 43 22 69 50 19 63 183 108 371 22
internal_value=-2.0591e-09 -0.0265709 0.00558342 0.0550716 0.234801 0.157577 0.290389 -0.089074 0.117594 0.550065 -0.172206 -0.335252 -0.505671 -0.184694 -0.0102155 -0.106174 0.0715396 -0.184665
internal_weight=1650 1113 1043 537 239 223 207 298 162 65 97 136 70 113 1026 472 554 41
internal_count=1650 1113 1043 537 239 223 207 298 162 65 97 136 70 113 1026 472 554 41
is_linear=0
shrinkage=0.1


Tree=109
num_leaves=8
num_cat=0
split_feature=5 5 4 4 4 2 9
split_gain=251.958 736.517 451.655 386.892 1204.29 616.326 118.589
threshold=31.607142857142858 33.357142857142868 26.357142857142861 32.928571428571438 34.357142857142868 37.500000000000007 2.5000000000000004
decision_type=2 2 2 2 2 2 2
left_child=6 -2 -3 5 -5 -4 -1
right_child=1 2 3 4 -6 -7 -8
leaf_value=-0.071315132360905406 0.7031305007139842 0.511830655967488 0.073342132221820747 0.61282099746167662 -0.0073358042996103552 -0.44298789802193639 -0.44548259195354256
leaf_weight=15.999999999999998 14.999999999999998 17 43 32 1459 50 18
leaf_count=16 15 17 43 32 1459 50 18
internal_value=7.23045e-11 0.00566815 -0.000866476 -0.00636891 0.00597407 -0.204255 -0.269404
internal_weight=1650 1616 1601 1584 1491 93 34
internal_count=1650 1616 1601 1584 1491 93 34
is_linear=0
shrinkage=0.1


Tree=110
num_leaves=19
num_cat=0
split_feature=10 9 3 1 6 5 6 5 6 9 6 1 1 4 6 5 5 0
split_gain=244.514 727.542 1054.3 1537.1 1194.96 931.171 734.264 1094.9 2072.53 995.917 1580.07 983.551 900.129 633.535 902.853 915.377 4225.67 1664.51
threshold=5.5000000000000009 1.0000000180025095e-35 82.500000000000014 67.500000000000014 19.63577028534025 62.125000000000007 36.640856596060559 101.91071428571431 42.244123831974896 1.5000000000000002 30.088090293760118 67.500000000000014 135.00000000000003 140.71428571428575 75.32108985303006 69.571428571428598 71.875000000000014 121.50000000000001
decision_type=2 2 2 2 2 2 2 2 2 2 2 2 2 2 2 2 2 2
left_child=13 2 3 4 -2 -5 9 8 -8 11 -11 -3 -9 14 15 17 -17 -1
right_child=1 6 -4 5 -6 -7 7 12 -10 10 -12 -13 -14 -15 -16 16 -18 -19
leaf_value=-0.001671734450899505 -0.18736593298175758 -0.58174790785862851 0.94042275026440625 -1.0447007060050966 0.90845447729031248 0.022115786539183724 -1.4135722228458949 -0.30950416550040249 -0.20611557581207973 -0.010252650459522322 0.96007200876871746 0.33740684509277347 0.54568880856037139 -0.56158563594023392 0.73891484803623619 1.7197585408301916 0.080285362414480976 -0.94831604612501053
leaf_weight=829 17 52 15.999999999999998 14.999999999999998 24 18 21 32 44 248 18 14.999999999999998 20 18 18 17 209 19
leaf_count=829 17 52 16 15 24 18 21 32 44 248 18 15 20 18 18 17 209 19
internal_value=2.64106e-09 -0.0551918 0.204356 0.0452062 0.45409 -0.462801 -0.107101 -0.322602 -0.596217 -0.0313848 0.0554084 -0.375967 0.0194162 0.0268501 0.0365496 0.0247781 0.203609 -0.0228819
internal_weight=1650 540 90 74 41 33 450 117 65 333 266 67 52 1110 1092 1074 226 848
internal_count=1650 540 90 74 41 33 450 117 65 333 266 67 52 1110 1092 1074 226 848
is_linear=0
shrinkage=0.1


Tree=111
num_leaves=20
num_cat=0
split_feature=3 0 0 1 8 8 5 1 6 5 5 1 0 4 8 4 3 3 0
split_gain=244.57 1020.68 1395.74 1685.15 2084.52 1430.63 1132.88 936.864 2095.45 9419.12 4455.04 1856.04 2593.79 2499.55 2293.72 3161.36 2264.37 1800.97 1884.63
threshold=72.000000000000014 23.000000000000004 82.000000000000014 73.000000000000014 15.500000000000002 12.500000000000002 69.571428571428598 89.000000000000014 43.458577113461985 56.375000000000007 59.982142857142868 100.50000000000001 100.50000000000001 70.142857142857153 18.500000000000004 96.428571428571431 58.500000000000007 60.500000000000007 82.000000000000014
decision_type=2 2 2 2 2 2 2 2 2 2 2 2 2 2 2 2 2 2 2
left_child=7 -2 3 5 -5 -3 -4 8 17 -10 -11 12 13 -9 16 -16 -13 -1 -19
right_child=1 2 6 4 -6 -7 -8 11 9 10 -12 14 -14 -15 15 -17 -18 18 -20
leaf_value=-0.035711629374652068 -0.64015152413269572 0.27798156475182623 -0.89218580697973582 -0.20994472732910743 0.8939771223068238 -0.36567005694905919 -0.13903681625839043 -0.3043478098511696 2.7193751491606237 -1.2309620015323164 0.48888037102754978 0.16266440892219544 0.53591099619865423 -1.4589452346165976 -1.32212514990852 0.45812402900896576 1.5635397084554037 0.22939296512290686 1.4322160514195761
leaf_weight=847 29 64 24 26 50 75 119 50 15.999999999999998 20 61 50 20 30 21 19 14.999999999999998 99 14.999999999999998
leaf_count=847 29 64 24 26 50 75 119 50 16 20 61 50 20 30 21 19 15 99 15
internal_value=2.85634e-10 -0.0695514 -0.0233296 0.137702 0.51632 -0.0693125 -0.265439 0.0213115 0.0592229 0.50219 0.0642279 -0.174349 -0.482675 -0.737322 0.119296 -0.476507 0.485943 0.0145113 0.387659
internal_weight=1650 387 358 215 76 139 143 1263 1058 97 81 205 100 80 105 40 65 961 114
internal_count=1650 387 358 215 76 139 143 1263 1058 97 81 205 100 80 105 40 65 961 114
is_linear=0
shrinkage=0.1


Tree=112
num_leaves=12
num_cat=0
split_feature=0 6 6 4 5 1 0 1 1 6 2
split_gain=268.362 2085.12 1366.51 2217.98 1812.18 1245.27 1133.54 2726.8 1069.08 902.43 538.87
threshold=115.00000000000001 29.415954716904277 36.640856596060559 107.85714285714288 87.803571428571445 175.00000000000003 100.50000000000001 93.000000000000014 135.00000000000003 40.310479059738235 93.000000000000014
decision_type=2 2 2 2 2 2 2 2 2 2 2
left_child=5 -2 4 -4 -3 6 8 -8 10 -5 -1
right_child=1 2 3 9 -6 -7 7 -9 -10 -11 -12
leaf_value=-0.025352358692524907 -1.0781473934650421 1.3882533508539199 -1.0216965157052744 -0.55660388329449828 -0.16617232282956443 -0.83805251261767211 -0.097283375263214122 1.5619402199983599 0.63106435890550971 0.26305826292373241 0.17634082827213649
leaf_weight=1262 20 15.000000000000002 23 17 14.999999999999998 17 26 15.999999999999998 27 64 148
leaf_count=1262 20 15 23 17 15 17 26 16 27 64 148
internal_value=-1.72464e-09 -0.125697 0.0164601 -0.155053 0.611041 0.0129394 0.0227209 0.534802 0.007754 0.0910304 -0.00418173
internal_weight=1650 154 134 104 30 1496 1479 42 1437 81 1410
internal_count=1650 154 134 104 30 1496 1479 42 1437 81 1410
is_linear=0
shrinkage=0.1


Tree=113
num_leaves=13
num_cat=0
split_feature=4 6 6 4 1 4 1 8 5 6 5 6
split_gain=279.663 2120.27 3191.78 3712.65 2064.74 1223.8 1049.82 2281.83 1512.89 1511.16 8949.63 1177.72
threshold=89.142857142857153 28.540373364020741 31.597541573844975 93.571428571428598 121.50000000000001 99.285714285714292 93.000000000000014 7.5000000000000009 75.339285714285737 43.458577113461985 56.375000000000007 33.692788906624358
decision_type=2 2 2 2 2 2 2 2 2 2 2 2
left_child=4 -2 -3 -4 6 -5 9 -8 -9 11 -11 -1
right_child=1 2 3 5 -6 -7 7 8 -10 10 -12 -13
leaf_value=0.021789070912062714 -1.0345027056607334 1.3556525273248554 -1.5740881712874399 0.71220929812301292 1.0264902293682099 -0.077188428633851447 0.46866439943728244 -0.384106333352424 -1.574688571294149 2.6492929593722025 0.0088387234827105917 -0.34176278418486883
leaf_weight=1095 22 15.999999999999998 15.999999999999998 22 20 183 23 37 14.999999999999998 14.999999999999998 89 97
leaf_count=1095 22 16 16 22 20 183 23 37 15 15 89 97
internal_value=-8.939e-10 -0.0954089 -0.00823565 -0.106979 0.0177648 0.00752742 0.00304967 -0.360706 -0.727544 0.0241004 0.389673 -0.00779527
internal_weight=1650 259 237 221 1391 205 1371 75 52 1296 104 1192
internal_count=1650 259 237 221 1391 205 1371 75 52 1296 104 1192
is_linear=0
shrinkage=0.1


Tree=114
num_leaves=7
num_cat=0
split_feature=5 5 4 0 4 2
split_gain=259.052 657.56 487.68 608.661 500.531 360.342
threshold=130.00000000000003 121.25000000000001 127.85714285714288 185.00000000000003 110.50000000000001 100.50000000000001
decision_type=2 2 2 2 2 2
left_child=1 2 3 4 -1 -4
right_child=-2 -3 5 -5 -6 -7
leaf_value=-0.010264111943419195 -0.31945369815826419 0.64282426498830325 -0.086875427396673921 0.64062334060668946 0.2968701761419123 -0.74252888202667244
leaf_weight=1505 25 15.999999999999998 19 14.999999999999998 55 14.999999999999998
leaf_count=1505 25 16 19 15 55 15
internal_value=4.58775e-10 0.00491467 -0.00142874 0.00666014 0.000564341 -0.376134
internal_weight=1650 1625 1609 1575 1560 34
internal_count=1650 1625 1609 1575 1560 34
is_linear=0
shrinkage=0.1


Tree=115
num_leaves=7
num_cat=0
split_feature=6 0 0 3 2 4
split_gain=251.18 280.99 600.205 389.984 1431.01 862.45
threshold=81.893225638687369 185.00000000000003 165.00000000000003 100.50000000000001 64 126.42857142857143
decision_type=2 2 2 2 2 2
left_child=1 2 3 5 -5 -1
right_child=-2 -3 -4 4 -6 -7
leaf_value=0.002286311624724726 -0.38240114941316494 0.35103850546090504 -0.63058711210886642 -0.25209215980768207 0.42666888331494679 -0.49330740074316665
leaf_weight=1427 17 23 14.999999999999998 50 82 36
leaf_count=1427 17 23 15 50 82 36
internal_value=6.49174e-11 0.00398091 -0.00097706 0.00494404 0.169562 -0.00990875
internal_weight=1650 1633 1610 1595 132 1463
internal_count=1650 1633 1610 1595 132 1463
is_linear=0
shrinkage=0.1


Tree=116
num_leaves=10
num_cat=0
split_feature=4 6 6 4 1 4 6 0 6
split_gain=243.893 1725.92 2598.92 3017.73 1688.93 932.959 860.589 810.419 614.491
threshold=89.142857142857153 28.540373364020741 31.597541573844975 93.571428571428598 121.50000000000001 99.285714285714292 77.632473382663406 121.50000000000001 65.248806968176609
decision_type=2 2 2 2 2 2 2 2 2
left_child=4 -2 -3 -4 6 -5 7 8 -1
right_child=1 2 3 5 -6 -7 -8 -9 -10
leaf_value=0.012728035542370869 -0.93637187237089337 1.220268502086401 -1.4222488865256311 0.61895837113261232 0.92890774846076973 -0.070282845708027564 0.75657319307327275 -0.65355775230809265 -0.53250970613388782
leaf_weight=1316 22 15.999999999999998 15.999999999999998 22 20 183 14.999999999999998 19 21
leaf_count=1316 22 16 16 22 20 183 15 19 21
internal_value=1.55974e-09 -0.0890986 -0.0104488 -0.0995505 0.0165899 0.0036845 0.0032811 -0.00505177 0.00416409
internal_weight=1650 259 237 221 1391 205 1371 1356 1337
internal_count=1650 259 237 221 1391 205 1371 1356 1337
is_linear=0
shrinkage=0.1


Tree=117
num_leaves=14
num_cat=0
split_feature=6 3 0 0 0 9 4 1 8 1 1 0 5
split_gain=264.841 279.656 1030.96 1093.3 1813.57 886.912 2372.32 4551.47 1138.65 893.679 1456.62 1446.97 875.943
threshold=81.893225638687369 72.000000000000014 23.000000000000004 82.000000000000014 51.000000000000007 5.5000000000000009 65.500000000000014 73.000000000000014 5.5000000000000009 135.00000000000003 89.000000000000014 100.50000000000001 69.571428571428598
decision_type=2 2 2 2 2 2 2 2 2 2 2 2 2
left_child=1 5 -3 4 -4 9 8 -8 -7 10 -1 -11 -5
right_child=-2 2 3 12 -6 6 7 -9 -10 11 -12 -13 -14
leaf_value=0.023303822821058029 -0.39266268435646512 -0.65506817145007001 -0.19686513564635799 -0.78964041446646061 0.39259197487767822 0.55240289171536761 2.0920552558369105 0.08064961949984234 -0.19746182174594315 1.1882924690842629 -0.33276908903290298 -0.15659177787601949 -0.12691200195922187
leaf_weight=934 17 28 97 24 113 27 18 30 81 15.999999999999998 131 15.999999999999998 118
leaf_count=934 17 28 97 24 113 27 18 30 81 16 131 16 118
internal_value=-6.02255e-10 0.00408773 -0.0710577 -0.0246023 0.120319 0.0268772 0.24998 0.834927 -0.00999564 -0.00484938 -0.0204948 0.51585 -0.238922
internal_weight=1650 1633 380 352 210 1253 156 48 108 1097 1065 32 142
internal_count=1650 1633 380 352 210 1253 156 48 108 1097 1065 32 142
is_linear=0
shrinkage=0.1


Tree=118
num_leaves=20
num_cat=0
split_feature=8 8 4 0 6 6 5 5 5 0 6 9 4 4 1 1 6 3 6
split_gain=239.833 1487.88 1280.25 2656.97 1506.61 1312.15 962.459 2670.82 1184.86 1221.83 974.677 919.679 852.274 582.257 1275.24 997.283 766.623 466.855 162.479
threshold=9.5000000000000018 12.500000000000002 37.214285714285722 73.000000000000014 28.540373364020741 20.176197838968349 37.196428571428577 39.696428571428577 35.303571428571438 47.500000000000007 17.855410535517851 1.5000000000000002 30.571428571428573 113.5714285714286 100.50000000000001 89.000000000000014 32.149791274969893 38.500000000000007 17.652812447644322
decision_type=2 2 2 2 2 2 2 2 2 2 2 2 2 2 2 2 2 2 2
left_child=12 2 18 5 -5 -4 8 -8 10 -10 -3 -9 17 14 15 -14 -16 -1 -2
right_child=1 6 3 4 -6 -7 7 11 9 -11 -12 -13 13 -15 16 -17 -18 -19 -20
leaf_value=0.85622373342514013 -0.054360330402851091 -0.35248595718294384 0.58216224280336215 -0.44045607899174544 0.43010242009162908 1.605932167030516 1.2508193675209496 0.1489282441040701 -1.3634086668491365 -0.18124303116517909 0.58449100536458631 -0.082455367880646849 -0.063147011311820975 -0.65991453843958237 -0.023067088127136232 -0.57952869019766406 0.92265654308721423 0.079679515212774277 -0.51980453530947368
leaf_weight=15.000000000000002 15.000000000000002 32 31 33 50 21 17 242 18 17 17 592 426 17 14.999999999999998 41 20 15.999999999999998 14.999999999999998
leaf_count=15 15 32 31 33 50 21 17 242 18 17 17 592 426 17 15 41 20 16 15
internal_value=2.57497e-10 0.0269586 0.303813 0.435124 0.0839768 0.995608 -0.0218981 0.00997766 -0.34483 -0.789214 -0.0274123 -0.0153153 -0.0539173 -0.0843405 -0.064849 -0.108482 0.517346 0.455427 -0.287082
internal_weight=1650 1100 165 135 83 52 935 851 84 35 49 834 550 519 502 467 35 31 30
internal_count=1650 1100 165 135 83 52 935 851 84 35 49 834 550 519 502 467 35 31 30
is_linear=0
shrinkage=0.1


Tree=119
num_leaves=16
num_cat=0
split_feature=0 7 6 1 6 6 6 2 6 3 6 2 7 5 5
split_gain=241.154 1428.77 4054.6 1132.88 1144.35 1788.69 788.513 2224.09 2053.54 1492.72 1284.06 2589.5 797.414 720.422 83.5461
threshold=31.000000000000004 0.91071428571428592 35.001302678824601 89.000000000000014 62.559657156190774 31.701765104981128 45.699627636484834 135.00000000000003 48.135511428029922 143.50000000000003 43.458577113461985 100.50000000000001 0.91071428571428592 60.696428571428577 61.089285714285715
decision_type=2 2 2 2 2 2 2 2 2 2 2 2 2 2 2
left_child=1 2 -1 4 5 -3 9 8 -8 10 12 -12 -2 -10 -5
right_child=6 3 -4 14 -6 -7 7 -9 13 -11 11 -13 -14 -15 -16
leaf_value=-0.64954473674297342 -0.41006987397917194 0.10299179464684312 1.3593917113763316 -0.41938150405883778 0.90882160305976878 -0.6195495643676856 -1.4372658107015823 0.53809882040534707 -0.78846295103430752 0.90878435108396749 1.4597462569966035 -0.3429107745488485 -0.0084886720820210784 -0.10335994900176021 -0.75314009467760723
leaf_weight=15.999999999999998 52 282 27 15.000000000000002 14.999999999999998 39 18 28 20 18 17 14.999999999999998 1007 66 14.999999999999998
leaf_count=16 52 282 27 15 15 39 18 28 20 18 17 15 1007 66 15
internal_value=-1.74253e-09 0.0665932 0.61188 0.00252938 0.0550999 0.0152064 -0.0219473 -0.252993 -0.465979 0.00555313 -0.00934895 0.614751 -0.0282075 -0.262686 -0.586261
internal_weight=1650 409 43 366 336 321 1241 132 104 1109 1091 32 1059 86 30
internal_count=1650 409 43 366 336 321 1241 132 104 1109 1091 32 1059 86 30
is_linear=0
shrinkage=0.1


Tree=120
num_leaves=6
num_cat=0
split_feature=6 0 0 1 2
split_gain=280.821 264.949 535.312 334.385 422.286
threshold=81.893225638687369 185.00000000000003 165.00000000000003 195.00000000000003 1.0000000180025095e-35
decision_type=2 2 2 2 2
left_child=1 2 3 4 -1
right_child=-2 -3 -4 -5 -6
leaf_value=0.33022646253928545 -0.4043351937742794 0.34121495925861861 -0.59520555496215821 -0.46493518829345704 0.0011161076570195812
leaf_weight=40 17 23 14.999999999999998 14.999999999999998 1540
leaf_count=40 17 23 15 15 1540
internal_value=-6.58586e-10 0.00420925 -0.000605122 0.00498673 0.00944802
internal_weight=1650 1633 1610 1595 1580
internal_count=1650 1633 1610 1595 1580
is_linear=0
shrinkage=0.1


Tree=121
num_leaves=19
num_cat=0
split_feature=2 8 5 2 6 6 4 1 4 2 3 4 6 6 5 3 6 10
split_gain=264.152 963.116 1059.48 992.873 1920.41 799.332 561.036 539.888 878.04 540.38 1523.07 1435.25 1334.82 1186.44 4823.02 1163.25 441.605 1076.3
threshold=23.000000000000004 3.5000000000000004 70.839285714285737 1.0000000180025095e-35 27.452633753946365 25.465593083752939 42.500000000000007 19.500000000000004 58.214285714285722 37.500000000000007 38.500000000000007 38.214285714285722 17.805279583314945 47.998191154106422 58.160714285714299 30.500000000000004 20.637357150800636 5.5000000000000009
decision_type=2 2 2 2 2 2 2 2 2 2 2 2 2 2 2 2 2 2
left_child=1 5 3 6 -5 -1 -3 8 16 10 12 -12 -9 15 -15 -11 -2 -18
right_child=7 2 -4 4 -6 -7 -8 9 -10 13 11 -13 -14 14 -16 -17 17 -19
leaf_value=-0.13944686333338419 -0.49205328576705032 -0.13783965243233576 0.5697771096054246 -0.15616725414163538 -0.99094096752437388 0.84896691772672872 0.69023694535096491 0.61929261128107704 -0.8511994620164236 0.16812951006303151 -0.20437178036262252 0.60680724837055267 -0.46143341297283769 1.989251875082652 0.040808503922209687 -0.08130884000129654 0.48726666037525446 -0.52144983586143046
leaf_weight=14.999999999999998 17 18 17 108 37 18 14.999999999999998 14.999999999999998 18 242 29 88 48 14.999999999999998 83 822 28 17
leaf_count=15 17 18 17 108 37 18 15 15 18 242 29 88 48 15 83 822 28 17
internal_value=-1.69196e-09 -0.0999234 -0.184473 -0.256508 -0.369178 0.399688 0.238559 0.0160215 -0.236346 0.0310657 0.192294 0.405746 -0.204118 0.00609067 0.33904 -0.0245757 -0.0578401 0.106196
internal_weight=1650 228 195 178 145 33 33 1422 80 1342 180 117 63 1162 98 1064 62 45
internal_count=1650 228 195 178 145 33 33 1422 80 1342 180 117 63 1162 98 1064 62 45
is_linear=0
shrinkage=0.1


Tree=122
num_leaves=13
num_cat=0
split_feature=6 10 5 9 8 2 5 7 5 9 6 6
split_gain=241.547 237.709 994.666 1381.96 1970.39 687.645 770.84 1386.28 1214.85 658.328 1378.56 743.013
threshold=81.893225638687369 4.5000000000000009 78.750000000000014 5.5000000000000009 23.500000000000004 115.00000000000001 69.571428571428598 0.91071428571428592 65.857142857142875 5.5000000000000009 40.310479059738235 43.096787293862214
decision_type=2 2 2 2 2 2 2 2 2 2 2 2
left_child=1 2 3 4 -1 6 8 -8 -3 10 -7 -11
right_child=-2 5 -4 -5 -6 9 7 -9 -10 11 -12 -13
leaf_value=-0.085746701524869823 -0.37499659753897613 0.029684378029478639 -0.85709574185311799 -0.68496150506867304 0.88139196622830163 -0.83202247772898008 0.97556522942724699 0.12601046044958963 -0.41001717154659439 0.70498202641804997 -0.051461783156264575 -0.29034936110178633
leaf_weight=111 17 1011 15.999999999999998 27 26 35 21 225 67 15.000000000000002 64 14.999999999999998
leaf_count=111 17 1011 16 27 26 35 21 225 67 15 64 15
internal_value=5.08211e-10 0.00390382 -0.104495 -0.0310711 0.0977979 0.0173325 0.0388059 0.198533 0.00235599 -0.203061 -0.327418 0.207316
internal_weight=1650 1633 180 164 137 1453 1324 246 1078 129 99 30
internal_count=1650 1633 180 164 137 1453 1324 246 1078 129 99 30
is_linear=0
shrinkage=0.1


Tree=123
num_leaves=11
num_cat=0
split_feature=2 1 4 9 6 6 1 4 6 4
split_gain=221.902 855.484 1879.48 1389.84 1790.42 1457.43 481.136 508.24 545.943 779.317
threshold=23.000000000000004 93.000000000000014 67.214285714285737 2.5000000000000004 20.506280812813198 30.395983537730213 1.0000000180025095e-35 26.357142857142861 79.416965656098071 32.928571428571438
decision_type=2 2 2 2 2 2 2 2 2 2
left_child=1 2 3 5 -5 -1 -2 -8 9 -9
right_child=6 -3 -4 4 -6 -7 7 8 -10 -11
leaf_value=-0.060472118552727043 -0.44933556643399331 -0.82151696205139157 0.83507287827405063 0.22242629637320835 -0.71382084721699357 0.93660837676790032 0.58235102146863937 -0.31898669575651489 0.57870122685151937 0.025902289179706578
leaf_weight=79 22 14.999999999999998 22 30 64 18 15.999999999999998 69 17 1298
leaf_count=79 22 15 22 30 64 18 16 69 17 1298
internal_value=6.44369e-10 -0.0915844 -0.0401807 -0.140995 -0.415019 0.124553 0.0146844 0.0219762 0.0154978 0.00849385
internal_weight=1650 228 213 191 94 97 1422 1400 1384 1367
internal_count=1650 228 213 191 94 97 1422 1400 1384 1367
is_linear=0
shrinkage=0.1


Tree=124
num_leaves=7
num_cat=0
split_feature=6 0 0 3 2 4
split_gain=248.269 224.705 413.582 318.644 1140.89 701.17
threshold=81.893225638687369 185.00000000000003 165.00000000000003 100.50000000000001 64 126.42857142857143
decision_type=2 2 2 2 2 2
left_child=1 2 3 5 -5 -1
right_child=-2 -3 -4 4 -6 -7
leaf_value=0.0020093317359970455 -0.38017886841998383 0.31431553182394611 -0.52311592737833656 -0.22325138121098279 0.38280941807642216 -0.44484990586837131
leaf_weight=1427 17 23 14.999999999999998 50 82 36
leaf_count=1427 17 23 15 50 82 36
internal_value=3.36885e-10 0.00395777 -0.000475911 0.0044392 0.153241 -0.00898652
internal_weight=1650 1633 1610 1595 132 1463
internal_count=1650 1633 1610 1595 132 1463
is_linear=0
shrinkage=0.1


Tree=125
num_leaves=7
num_cat=0
split_feature=5 5 1 5 5 1
split_gain=220.458 444.87 418.404 530.566 2028.9 1151.21
threshold=130.00000000000003 118.39285714285715 185.00000000000003 99.410714285714306 95.892857142857153 89.000000000000014
decision_type=2 2 2 2 2 2
left_child=1 2 3 4 -1 -5
right_child=-2 -3 -4 5 -6 -7
leaf_value=0.00093847774461222199 -0.29469861364364625 0.44120771133381392 -0.49520093833698947 0.44743876196444038 0.94732971295066504 -0.53733085497565891
leaf_weight=1500 25 23 17 15.999999999999998 23 46
leaf_count=1500 25 23 17 16 23 46
internal_value=-1.8514e-09 0.00453382 -0.00173553 0.00355716 0.0152307 -0.283197
internal_weight=1650 1625 1602 1585 1523 62
internal_count=1650 1625 1602 1585 1523 62
is_linear=0
shrinkage=0.1


Tree=126
num_leaves=20
num_cat=0
split_feature=0 4 3 4 4 4 9 6 3 4 8 8 5 6 2 6 8 9 3
split_gain=210.442 1308.18 1152.7 2596.1 1847.65 2074.27 1634.34 1507.32 720.078 1931.62 6163.75 3070.08 1495.9 1607.3 1839.41 1587.4 1456.45 1482.41 1377.85
threshold=31.000000000000004 72.642857142857153 58.500000000000007 61.500000000000007 47.642857142857146 51.214285714285722 4.5000000000000009 24.315619716680114 35.000000000000007 48.071428571428577 14.500000000000002 6.5000000000000009 55.482142857142868 24.615447665005409 73.000000000000014 28.271494402037305 1.5000000000000002 5.5000000000000009 17.500000000000004
decision_type=2 2 2 2 2 2 2 2 2 2 2 2 2 2 2 2 2 2 2
left_child=1 2 4 6 7 -6 -4 -1 9 10 11 -2 16 14 -14 -15 -10 -18 -11
right_child=8 -3 3 -5 5 -7 -8 -9 12 18 -12 -13 13 15 -16 -17 17 -19 -20
leaf_value=-0.080348800674198195 0.65035365233498243 0.83094645653452204 0.13169854717916901 -0.95421266183257103 1.2308677378453707 -0.023768178390902145 0.88169519020451448 -0.70312476818050662 0.51495818832646245 -0.46501522306047499 -0.27027654606510293 2.2647197058326323 0.57343665621382123 -0.40513476339994742 -0.20997290286150846 0.033792622134693577 -0.44063477850396116 0.10850259602302686 0.092595292627811437
leaf_weight=127 31 21 82 15.999999999999998 19 43 45 56 23 61 55 19 94 106 44 370 212 64 162
leaf_count=127 31 21 82 16 19 43 45 56 23 61 55 19 94 106 44 370 212 64 162
internal_value=-5.26825e-10 0.0622083 0.0206014 0.246211 -0.111081 0.360717 0.397445 -0.270925 -0.0205022 0.106585 0.460242 1.26381 -0.066159 0.0231649 0.323654 -0.0639517 -0.249587 -0.313299 -0.0599349
internal_weight=1650 409 388 143 245 62 127 183 1241 328 105 50 913 614 138 476 299 276 223
internal_count=1650 409 388 143 245 62 127 183 1241 328 105 50 913 614 138 476 299 276 223
is_linear=0
shrinkage=0.1


Tree=127
num_leaves=20
num_cat=0
split_feature=3 5 4 4 5 9 4 9 4 2 0 6 9 4 1 8 2 0 1
split_gain=206.366 899.036 3342.5 2402.31 2872.13 1157.87 940.421 1209.68 1411.16 1057.36 1233.45 928.987 721.409 1952.96 3456.06 992.411 1400.21 953.757 1739.57
threshold=72.000000000000014 64.303571428571445 56.928571428571438 50.142857142857146 58.410714285714292 2.5000000000000004 99.285714285714292 4.5000000000000009 77.714285714285737 143.50000000000003 121.50000000000001 26.205735609275099 5.5000000000000009 65.500000000000014 73.000000000000014 20.500000000000004 49.000000000000007 165.00000000000003 135.00000000000003
decision_type=2 2 2 2 2 2 2 2 2 2 2 2 2 2 2 2 2 2 2
left_child=12 2 3 5 -5 -2 7 11 -9 10 -8 -3 17 15 -15 16 -14 18 -1
right_child=1 6 -4 4 -6 -7 9 8 -10 -11 -12 -13 13 14 -16 -17 -18 -19 -20
leaf_value=-0.016388163913175664 0.24753453406420622 0.6540689247349899 -1.0821033191036535 1.6904721191152932 -0.2042989693582058 -0.66406051720443537 -0.35117831618214645 0.1988819246782976 1.2748741974956113 -0.84758694007992741 0.45805254751636143 -0.13439189657060938 -0.42665969058871273 1.8471067451768453 0.094380214214324964 -0.56697582411766057 0.43943206635969023 -0.64612189479496174 0.76869603570165301
leaf_weight=1054 22 18 37 15.999999999999998 15.999999999999998 38 48 34 19 20 31 88 28 18 30 25 56 23 29
leaf_count=1054 22 18 37 16 16 38 48 34 19 20 31 88 28 18 30 25 56 23 29
internal_value=5.606e-10 -0.0638887 -0.279439 0.0433721 0.743087 -0.329809 0.0438864 0.194537 0.584615 -0.198067 -0.033632 -0.000502323 0.0195763 0.22017 0.751653 -0.0138777 0.150735 -0.0088985 0.0046344
internal_weight=1650 387 129 92 32 60 258 159 53 99 79 106 1263 157 48 109 84 1106 1083
internal_count=1650 387 129 92 32 60 258 159 53 99 79 106 1263 157 48 109 84 1106 1083
is_linear=0
shrinkage=0.1


Tree=128
num_leaves=13
num_cat=0
split_feature=4 6 6 4 1 6 1 8 5 6 5 6
split_gain=189.293 1380.4 2129.58 2485.25 1204.51 839.476 714.965 1857.2 1259.38 1115.22 7595.22 811.606
threshold=89.142857142857153 28.540373364020741 31.597541573844975 93.571428571428598 121.50000000000001 62.737303770707449 93.000000000000014 7.5000000000000009 75.035714285714292 43.458577113461985 56.375000000000007 33.692788906624358
decision_type=2 2 2 2 2 2 2 2 2 2 2 2
left_child=4 -2 -3 -4 6 -5 9 -8 -9 11 -11 -1
right_child=1 2 3 5 -6 -7 7 8 -10 10 -12 -13
leaf_value=0.017906983046097145 -0.8362269558689811 1.105904084444046 -1.2891578987240793 0.071408984653047611 0.78506798863410954 -0.61058441087603565 0.45141971516220469 -0.29967884115046928 -1.3659514412283897 2.4164256318410242 -0.016036747186706307 -0.28389211244612317
leaf_weight=1095 22 15.999999999999998 15.999999999999998 185 20 20 23 36 15.999999999999998 14.999999999999998 89 97
leaf_count=1095 22 16 16 185 20 20 23 36 16 15 89 97
internal_value=-1.65319e-09 -0.0784945 -0.00815649 -0.0888125 0.0146154 0.00487304 0.00337616 -0.296813 -0.627763 0.0207482 0.334799 -0.00665217
internal_weight=1650 259 237 221 1391 205 1371 75 52 1296 104 1192
internal_count=1650 259 237 221 1391 205 1371 75 52 1296 104 1192
is_linear=0
shrinkage=0.1


Tree=129
num_leaves=20
num_cat=0
split_feature=8 4 0 6 6 6 4 9 6 9 9 6 5 5 7 1 0 6 1
split_gain=200.393 813.688 853.439 2881.95 1956.55 1179.15 2091.57 2025.4 814.905 626.528 1138.75 3755.95 1769.96 1434.04 1241.76 1085.27 1793.75 1133.97 1475.13
threshold=6.5000000000000009 30.571428571428573 73.000000000000014 32.391892170290298 26.962793543156952 31.786434769697408 65.500000000000014 3.5000000000000004 40.310479059738235 3.5000000000000004 1.5000000000000002 20.567707923580734 59.767857142857146 53.642857142857146 0.91071428571428592 28.5 67.500000000000014 62.737303770707449 67.500000000000014
decision_type=2 2 2 2 2 2 2 2 2 2 2 2 2 2 2 2 2 2 2
left_child=1 -1 5 4 -4 6 -3 -7 -5 10 14 13 -13 -12 -2 16 -11 18 -17
right_child=9 2 3 8 -6 7 -8 -9 -10 15 11 12 -14 -15 -16 17 -18 -19 -20
leaf_value=0.42809862573781327 0.70772050906871931 -0.18734084432739517 0.071706774085760122 -0.70771210981676225 1.5915144893858169 1.1821658670902253 -1.3702905422076583 -0.3641533176104228 0.18267043197856231 0.10746265598572791 0.14743577624494966 -0.73871555856683047 -0.1809814280974939 1.0670134594494647 0.025939970252524439 -0.15763810403419265 1.378561154533835 0.79330881714820867 0.19221187368005752
leaf_weight=31 29 227 15.999999999999998 26 18 15.999999999999998 15.999999999999998 18 17 32 74 88 161 22 339 231 17 20 252
leaf_count=31 29 227 16 26 18 16 16 18 17 32 74 88 161 22 339 231 17 20 252
internal_value=1.90757e-09 -0.0631704 -0.106191 0.188305 0.876311 -0.188055 -0.265231 0.363526 -0.3557 0.0192258 -0.0426969 -0.173219 -0.378092 0.358172 0.0796672 0.0992093 0.548456 0.0554457 0.0248923
internal_weight=1650 385 354 77 34 277 243 34 43 1265 713 345 249 96 368 552 49 503 483
internal_count=1650 385 354 77 34 277 243 34 43 1265 713 345 249 96 368 552 49 503 483
is_linear=0
shrinkage=0.1


Tree=130
num_leaves=17
num_cat=0
split_feature=2 4 4 6 4 0 0 5 7 2 6 4 8 0 1 8
split_gain=194.976 1185.84 1803.53 6423.55 1341.66 1057.57 973.89 1094.36 1073.47 1373.98 1041.53 857.779 802.023 1293.31 727.941 749.48
threshold=64 87.857142857142875 73.857142857142875 31.933828256504512 120.71428571428574 115.00000000000001 29.500000000000004 41.357142857142868 0.91071428571428592 100.50000000000001 22.043266396137266 63.000000000000007 13.500000000000002 58.500000000000007 58.500000000000007 14.500000000000002
decision_type=2 2 2 2 2 2 2 2 2 2 2 2 2 2 2 2
left_child=1 2 5 -4 12 11 14 -8 9 -9 -10 -1 -3 -14 15 -2
right_child=6 4 3 -5 -6 -7 7 8 10 -11 -12 -13 13 -15 -16 -17
leaf_value=0.0070177381327352897 0.37813247181475163 0.029871104955673217 -0.20590579531022479 2.3585612519582115 0.4425275892019272 -0.80669639702886353 0.81214427351951601 -1.1702589392662048 -0.29642129813904294 0.10334057062864305 0.077470296893241641 0.32759863630097402 -0.08526883666714033 -1.2512999635476332 -0.82467876540926788 -0.5507852576280895
leaf_weight=814 15.999999999999998 14.999999999999998 28 14.999999999999998 15.999999999999998 14.999999999999998 15.999999999999998 18 91 15.999999999999998 411 93 14.999999999999998 26 26 19
leaf_count=814 16 15 28 15 16 15 16 18 91 16 411 93 15 26 26 19
internal_value=7.37043e-10 0.0264295 0.0556391 0.688676 -0.36506 0.0261157 -0.0447103 -0.00280969 -0.0271367 -0.570918 0.00969314 0.0398888 -0.595799 -0.824703 -0.423876 -0.126137
internal_weight=1650 1037 965 43 72 922 613 552 536 34 502 907 56 41 61 35
internal_count=1650 1037 965 43 72 922 613 552 536 34 502 907 56 41 61 35
is_linear=0
shrinkage=0.1


Tree=131
num_leaves=16
num_cat=0
split_feature=0 7 6 1 8 4 6 2 6 3 6 2 0 7 5
split_gain=211.767 1188.01 3408.15 922.969 872.105 999.489 676.627 1971.32 1567.59 1053.28 958.902 1701.76 684.833 561.457 24.9434
threshold=31.000000000000004 0.91071428571428592 35.001302678824601 89.000000000000014 1.0000000180025095e-35 36.928571428571438 45.699627636484834 135.00000000000003 48.135511428029922 143.50000000000003 43.458577113461985 100.50000000000001 135.00000000000003 0.91071428571428592 61.089285714285715
decision_type=2 2 2 2 2 2 2 2 2 2 2 2 2 2 2
left_child=1 2 -1 4 -3 -6 9 8 -8 10 13 -12 -10 -2 -5
right_child=6 3 -4 14 5 -7 7 -9 12 -11 11 -13 -14 -15 -16
leaf_value=-0.59687295705080035 -0.34432938746534864 -0.64645052587284768 1.2449671904246014 -0.43627936681111645 -0.17331962734460832 0.20823981835587657 -1.2837291240692139 0.51018876986844208 -0.39756296241952893 0.76363099283642244 1.2167200502227336 -0.24463102420171104 0.31102277811835793 -0.0073603401595010781 -0.61864674925804142
leaf_weight=15.999999999999998 52 17 27 15.000000000000002 100 219 18 28 69 18 17 14.999999999999998 17 1007 14.999999999999998
leaf_count=16 52 17 27 15 100 219 18 28 69 18 17 15 17 1007 15
internal_value=2.72962e-10 0.0624038 0.559631 0.00398636 0.0514372 0.0886287 -0.0205666 -0.234593 -0.435111 0.00490815 -0.00760973 0.531712 -0.257494 -0.0239065 -0.527463
internal_weight=1650 409 43 366 336 319 1241 132 104 1109 1091 32 86 1059 30
internal_count=1650 409 43 366 336 319 1241 132 104 1109 1091 32 86 1059 30
is_linear=0
shrinkage=0.1


Tree=132
num_leaves=14
num_cat=0
split_feature=3 3 4 5 4 3 2 8 5 3 5 4 1
split_gain=241.849 998.952 964.87 1368.67 1246.76 843.335 481.686 1367.22 2575.76 1516.05 912.163 1377.04 406.583
threshold=115.00000000000001 100.50000000000001 99.285714285714292 67.375000000000014 117.85714285714288 135.00000000000003 64 25.500000000000004 93.696428571428584 72.000000000000014 85.303571428571445 87.857142857142875 89.000000000000014
decision_type=2 2 2 2 2 2 2 2 2 2 2 2 2
left_child=1 6 3 -2 -4 -5 10 9 -9 -8 11 -1 -3
right_child=2 12 4 5 -6 -7 7 8 -10 -11 -12 -13 -14
leaf_value=0.052987522588367676 -0.44971657102661472 0.20425030968405983 -1.0923318922519685 0.91860817193984978 0.072473633376991045 -0.024888885021209717 -0.062196920726709307 0.47521462596125075 -0.65477250539339504 -0.5218687008785946 0.76401717242072609 -0.48593763658404354 0.83575738731183502
leaf_weight=916 28 22 20 20 17 18 314 90 26 93 17 50 19
leaf_count=916 28 22 20 20 17 18 314 90 26 93 17 50 19
internal_value=1.89877e-10 0.00987879 -0.148374 0.0807894 -0.557151 0.471689 -0.00338009 -0.0809147 0.221942 -0.167232 0.0378718 0.0250928 0.4969
internal_weight=1650 1547 103 66 37 38 1506 523 116 407 983 966 41
internal_count=1650 1547 103 66 37 38 1506 523 116 407 983 966 41
is_linear=0
shrinkage=0.1


Tree=133
num_leaves=15
num_cat=0
split_feature=3 3 4 1 6 5 2 8 6 2 5 4 1 6
split_gain=195.898 809.151 781.544 1254.83 1168.72 917.851 390.166 1107.45 2145 1349.1 738.852 1115.4 335.898 68.5293
threshold=115.00000000000001 100.50000000000001 99.285714285714292 73.000000000000014 42.814683768136284 68.642857142857153 64 25.500000000000004 35.382379759807826 82.000000000000014 85.303571428571445 87.857142857142875 73.000000000000014 36.074522497870795
decision_type=2 2 2 2 2 2 2 2 2 2 2 2 2 2
left_child=1 6 3 5 -4 -2 10 9 -9 -8 11 -1 -3 -5
right_child=2 12 4 13 -6 -7 7 8 -10 -11 -12 -13 -14 -15
leaf_value=0.047688768949770421 -0.80295173745406301 0.15391386508941651 0.10816512826611013 0.39922164171934121 -1.0195967272669078 0.20847893322215363 -0.33664492187862421 0.74982522845437583 -0.1364111345468296 0.027572504849208951 0.68761548434986786 -0.43734386228024963 0.72653950623103558 0.70150040785471601
leaf_weight=916 19 20 17 15.000000000000002 20 17 199 44 72 208 17 50 21 14.999999999999998
leaf_count=916 19 20 17 15 20 17 199 44 72 208 17 50 21 15
internal_value=9.46619e-10 0.00889091 -0.133536 0.0727104 -0.501436 -0.325332 -0.00304208 -0.0728232 0.199747 -0.150509 0.0340846 0.0225836 0.44721 0.550361
internal_weight=1650 1547 103 66 37 36 1506 523 116 407 983 966 41 30
internal_count=1650 1547 103 66 37 36 1506 523 116 407 983 966 41 30
is_linear=0
shrinkage=0.1


Tree=134
num_leaves=7
num_cat=0
split_feature=5 5 5 5 5 9
split_gain=184.434 615.636 550.657 674.756 724.409 78.9532
threshold=31.607142857142858 33.892857142857146 34.982142857142868 35.785714285714292 37.196428571428577 2.5000000000000004
decision_type=2 2 2 2 2 2
left_child=5 -2 -3 -4 -5 -1
right_child=1 2 3 4 -6 -7
leaf_value=-0.068863886035978802 0.53023024797439577 -0.48816022225048239 0.53087866377706339 -0.39879716905040874 0.0083916054318687525 -0.37416474968194963
leaf_weight=15.999999999999998 22 23 24 45 1502 18
leaf_count=16 22 23 24 45 1502 18
internal_value=-3.90986e-10 0.0048495 -0.00240168 0.00471 -0.00345293 -0.230494
internal_weight=1650 1616 1594 1571 1547 34
internal_count=1650 1616 1594 1571 1547 34
is_linear=0
shrinkage=0.1


Tree=135
num_leaves=15
num_cat=0
split_feature=2 6 4 8 2 1 4 1 7 0 3 8 6 10
split_gain=177.926 822.841 1221.33 856.656 983.673 438.312 768.083 489.389 1342.74 1135.95 1060.56 798.577 448.955 812.261
threshold=23.000000000000004 62.559657156190774 67.214285714285737 2.5000000000000004 1.0000000180025095e-35 13.000000000000002 58.214285714285722 49.000000000000007 0.91071428571428592 185.00000000000003 51.000000000000007 3.5000000000000004 20.637357150800636 5.5000000000000009
decision_type=2 2 2 2 2 2 2 2 2 2 2 2 2 2
left_child=1 2 3 -1 -5 6 12 8 -7 11 -10 -9 -2 -14
right_child=5 -3 -4 4 -6 7 -8 9 10 -11 -12 -13 13 -15
leaf_value=0.4128202947286459 -0.51445586820443479 -0.7735188653692604 0.61215553088830077 0.34424338807110438 -0.31778657728792137 0.89742392982755392 -0.79115325982371976 -0.26502821347335492 -0.045635186154170025 0.79719108378185943 0.3061087753723255 0.0085276846277063008 0.43903896388198649 -0.47288240512212121
leaf_weight=26 14.999999999999998 15.999999999999998 26 27 133 21 18 123 248 17 131 806 28 14.999999999999998
leaf_count=26 15 16 26 27 133 21 18 123 248 17 131 806 28 15
internal_value=1.47979e-09 -0.0820087 -0.0298192 -0.119558 -0.206069 0.0131491 -0.220497 0.0263415 0.119072 -0.0128678 0.0759439 -0.0276912 -0.0433963 0.120927
internal_weight=1650 228 212 186 160 1422 76 1346 400 946 379 929 58 43
internal_count=1650 228 212 186 160 1422 76 1346 400 946 379 929 58 43
is_linear=0
shrinkage=0.1


Tree=136
num_leaves=20
num_cat=0
split_feature=0 4 3 4 4 4 6 6 3 4 8 2 5 3 1 8 4 5 6
split_gain=186.222 1040.57 925.292 1831.54 1399.88 1586.82 1379.45 1333.66 645.791 1558.68 4853.48 2540.85 1161.25 1157.94 2338.43 1474.87 958.104 1137.7 580.741
threshold=31.000000000000004 72.642857142857153 58.500000000000007 61.500000000000007 47.642857142857146 51.214285714285722 25.41842412117192 24.315619716680114 35.000000000000007 48.071428571428577 14.500000000000002 37.500000000000007 35.785714285714292 17.500000000000004 73.000000000000014 23.500000000000004 34.357142857142868 55.482142857142868 18.801799120957174
decision_type=2 2 2 2 2 2 2 2 2 2 2 2 2 2 2 2 2 2 2
left_child=1 2 4 6 7 -6 -4 -1 9 10 11 -2 -10 14 -11 -15 -14 -18 -12
right_child=8 -3 3 -5 5 -7 -8 -9 12 13 18 -13 16 15 -16 -17 17 -19 -20
leaf_value=-0.056440319883541805 0.38984973353023333 0.74413416655290698 0.10220925197189237 -0.78473837301135063 1.0751723967100444 -0.022187399586965875 0.78790757478741202 -0.64224467256239492 -0.8577721539470885 -0.90155786903280966 -0.69536668161551163 1.8167118712686579 0.60523410927165644 -0.02513164132833481 0.37597330834554588 0.87315401548431026 -0.23824172888667539 0.011391960873251833 -0.0028414151153048958
leaf_weight=127 24 21 81 15.999999999999998 19 43 46 56 18 38 18 26 22 141 23 21 260 613 37
leaf_count=127 24 21 81 16 19 43 46 56 18 38 18 26 22 141 23 21 260 613 37
internal_value=1.08824e-10 0.0585191 0.021411 0.223545 -0.096569 0.3141 0.350572 -0.235703 -0.0192863 0.101067 0.418754 1.13182 -0.0625239 -0.0485163 -0.419866 0.0913128 -0.0465301 -0.0629548 -0.229486
internal_weight=1650 409 388 143 245 62 127 183 1241 328 105 50 913 223 61 162 895 873 55
internal_count=1650 409 388 143 245 62 127 183 1241 328 105 50 913 223 61 162 895 873 55
is_linear=0
shrinkage=0.1


Tree=137
num_leaves=18
num_cat=0
split_feature=3 6 6 1 6 5 1 0 1 4 8 5 8 6 9 2 10
split_gain=202.337 819.125 941.938 1206.49 1747.18 876.77 596.793 1224.66 1165.75 1461.11 1427.86 1269.62 1173.98 829.965 776.955 1564.36 782.501
threshold=72.000000000000014 20.903506526658955 22.343670969748903 49.000000000000007 23.457552043507821 64.625000000000014 89.000000000000014 143.50000000000003 93.000000000000014 72.642857142857153 16.500000000000004 84.285714285714292 20.500000000000004 39.075728827313462 4.5000000000000009 49.000000000000007 4.5000000000000009
decision_type=2 2 2 2 2 2 2 2 2 2 2 2 2 2 2 2 2
left_child=6 -2 -3 5 -5 -4 7 14 9 12 11 -10 -8 -12 16 -16 -1
right_child=1 2 3 4 -6 -7 8 -9 10 -11 13 -13 -14 -15 15 -17 -18
leaf_value=-0.28854579534176944 -0.65585248687050557 0.63966068506240847 -0.83995044933211427 -0.90293191389033667 0.090172859144802317 -0.099331298538229695 -0.55800951012858646 0.8674407376183404 0.59235894923599863 -1.2024214506149293 0.036938152710596722 -0.23344870106927279 0.54537708302338916 -0.69519505845382812 -0.13834179983689235 0.38399272120768024 0.023095015597504542
leaf_weight=91 22 20 31 19 262 33 27 18 52 20 30 29 14.999999999999998 32 91 155 703
leaf_count=91 22 20 31 19 262 33 27 18 52 20 30 29 15 32 91 155 703
internal_value=6.11399e-10 -0.0632619 -0.0275441 -0.0662226 0.0230234 -0.458069 0.0193843 0.0496426 -0.136778 -0.498936 0.0202416 0.296699 -0.163943 -0.340937 0.0354884 0.190771 -0.012622
internal_weight=1650 387 365 345 281 64 1263 1058 205 62 143 81 42 62 1040 246 794
internal_count=1650 387 365 345 281 64 1263 1058 205 62 143 81 42 62 1040 246 794
is_linear=0
shrinkage=0.1


Tree=138
num_leaves=15
num_cat=0
split_feature=3 4 3 1 5 3 2 6 6 8 3 1 1 4
split_gain=194.931 619.488 1118.65 1006.72 679.522 615.592 409.377 890.72 2073.82 644.428 1713.04 1316.49 279.408 63.3717
threshold=115.00000000000001 99.285714285714292 143.50000000000003 73.000000000000014 68.642857142857153 100.50000000000001 64 18.21610478187689 21.081086398338737 1.5000000000000002 49.000000000000007 89.000000000000014 73.000000000000014 65.500000000000014
decision_type=2 2 2 2 2 2 2 2 2 2 2 2 2 2
left_child=5 3 -3 4 -2 6 9 -8 -9 10 -1 -11 -7 -5
right_child=1 2 -4 13 -6 12 7 8 -10 11 -12 -13 -14 -15
leaf_value=-0.33157055097467758 -0.7170692707362929 -0.9407000929117203 0.16918523609638214 0.33290838877360018 0.15319594074698056 0.12368547737598419 0.46560432006572861 -0.64054512641732664 -0.026302768048676914 0.057957995684263443 0.99223973751068117 -0.34619031482365692 0.64594509374527709 0.62358971456686652
leaf_weight=17 19 21 15.999999999999998 15.000000000000002 17 20 29 63 431 854 23 89 21 14.999999999999998
leaf_count=17 19 21 16 15 17 20 29 63 431 854 23 89 21 15
internal_value=-6.53788e-10 -0.133206 -0.46075 0.0504165 -0.306111 0.00886894 -0.00153938 -0.0730178 -0.104637 0.0364903 0.42962 0.0198146 0.391184 0.478249
internal_weight=1650 103 37 66 36 1547 1506 523 494 983 40 943 41 30
internal_count=1650 103 37 66 36 1547 1506 523 494 983 40 943 41 30
is_linear=0
shrinkage=0.1


Tree=139
num_leaves=20
num_cat=0
split_feature=8 4 0 6 6 6 4 9 2 8 5 4 5 3 0 6 6 2 6
split_gain=195.632 635.898 744.492 2198.74 1537.62 982.016 1619.08 1601.49 781.812 627.969 1233.93 1924.26 1427.72 1627.8 1002.22 749.916 1887.94 1505.26 1275.85
threshold=6.5000000000000009 30.571428571428573 73.000000000000014 32.391892170290298 26.962793543156952 31.786434769697408 65.500000000000014 3.5000000000000004 87.500000000000014 13.500000000000002 57.839285714285715 64.071428571428584 59.767857142857146 44.500000000000007 37.500000000000007 22.043266396137266 21.640320354253145 49.000000000000007 22.425428858927095
decision_type=2 2 2 2 2 2 2 2 2 2 2 2 2 2 2 2 2 2 2
left_child=1 -1 5 4 -4 6 -3 -7 -5 10 11 14 -12 -14 -2 16 17 -11 -17
right_child=9 2 3 8 -6 7 -8 -9 -10 15 12 -13 13 -15 -16 18 -18 -19 -20
leaf_value=0.37187895159567558 -0.24773031510412694 -0.1788070047610657 0.062275626230984926 0.13587645831562223 1.4095864009526042 1.0544032797217369 -1.2195996455848217 -0.32060394287109378 -0.7171536043286324 0.15817325443029406 -0.87473713222302885 1.1644122518275095 0.58092122205666141 -0.13255534521234569 0.32626367831148034 0.90835674628615382 -1.0882115619523185 -0.38835833764845329 0.004285846765851602
leaf_weight=31 40 227 15.999999999999998 21 18 15.999999999999998 15.999999999999998 18 22 110 19 23 42 134 127 15.999999999999998 21 93 640
leaf_count=31 40 227 16 21 18 16 16 18 22 110 19 23 42 134 127 16 21 93 640
internal_value=1.03292e-09 -0.0624155 -0.100447 0.17461 0.775558 -0.176907 -0.247337 0.326458 -0.300558 0.018996 0.125517 0.306883 -0.0511986 0.0377061 0.18878 -0.0276069 -0.185584 -0.0922082 0.0263364
internal_weight=1650 385 354 77 34 277 243 34 43 1265 385 190 195 176 167 880 224 203 656
internal_count=1650 385 354 77 34 277 243 34 43 1265 385 190 195 176 167 880 224 203 656
is_linear=0
shrinkage=0.1


Tree=140
num_leaves=19
num_cat=0
split_feature=0 7 5 1 6 6 5 6 0 0 0 1 5 4 4 6 0 5
split_gain=192.919 879.814 2893.34 767.91 799.143 1328.57 485.341 1555.81 2046.44 2329.45 1295.94 1612.07 1105.83 1811.88 1228.56 811.996 580.653 35.1825
threshold=31.000000000000004 0.91071428571428592 37.553571428571438 89.000000000000014 62.559657156190774 31.701765104981128 41.821428571428577 18.854158724197543 73.000000000000014 67.500000000000014 58.500000000000007 37.500000000000007 43.642857142857146 46.857142857142868 35.785714285714292 16.97401975306332 47.500000000000007 61.089285714285715
decision_type=2 2 2 2 2 2 2 2 2 2 2 2 2 2 2 2 2 2
left_child=1 2 -1 4 5 -3 7 10 9 -9 11 -2 13 16 -14 -16 -8 -5
right_child=6 3 -4 17 -6 -7 12 8 -10 -11 -12 -13 14 -15 15 -17 -18 -19
leaf_value=-0.31396722671660515 -0.67602416912714647 0.094890783811714632 1.3270504576819284 -0.36717284202575673 0.76599892934163416 -0.5278219948594387 -0.49422826390517383 0.33764949193333882 -0.68272833029429125 1.714433057109515 -0.78572583545285923 0.65649843241857453 -0.68530641882507892 -1.3018009967274136 0.6638833264509838 -0.01392839519253581 0.26873161182517097 -0.58375994960467026
leaf_weight=22 14.999999999999998 282 21 15.000000000000002 14.999999999999998 39 19 68 14.999999999999998 14.999999999999998 26 23 27 18 18 976 21 14.999999999999998
leaf_count=22 15 282 21 15 15 39 19 68 15 15 26 23 27 18 18 976 21 15
internal_value=2.25346e-09 0.0595621 0.48746 0.00928999 0.0525718 0.0192341 -0.0196301 0.141765 0.392201 0.586466 -0.241715 0.130503 -0.0438618 -0.46861 -0.0197331 -0.00165414 -0.0936743 -0.475466
internal_weight=1650 409 43 366 336 321 1241 162 98 83 64 38 1079 58 1021 994 40 30
internal_count=1650 409 43 366 336 321 1241 162 98 83 64 38 1079 58 1021 994 40 30
is_linear=0
shrinkage=0.1


Tree=141
num_leaves=16
num_cat=0
split_feature=6 8 8 4 1 5 5 5 1 0 4 3 5 0 6
split_gain=231.986 193.152 1108.42 885.237 1997.24 609.343 2047.91 867.182 478.763 872.197 1583.06 824.456 1197.3 734.028 405.649
threshold=81.893225638687369 9.5000000000000018 12.500000000000002 44.142857142857146 51.000000000000007 37.196428571428577 39.696428571428577 35.303571428571438 43.500000000000007 73.000000000000014 51.500000000000007 35.000000000000007 57.875000000000007 115.00000000000001 18.581436174931479
decision_type=2 2 2 2 2 2 2 2 2 2 2 2 2 2 2
left_child=1 8 3 14 -5 7 -7 -4 9 10 -1 12 -10 -13 -3
right_child=-2 2 5 4 -6 6 -8 -9 11 -11 -12 13 -14 -15 -16
leaf_value=0.1401124158658939 -0.36750002257964193 0.1641776611407598 0.00027951062942037776 1.0604391647107674 0.15862517498317175 1.0976239008062025 -0.011303302978542765 -0.65144298238413678 -0.60296957685101427 0.61506744906879396 -0.5892716310314231 0.022724521304641306 0.36730200611054897 -0.54758277797698973 -0.50717989272541464
leaf_weight=152 17 18 49 33 96 17 817 35 62 26 37 232 15.999999999999998 25 18
leaf_count=152 17 18 49 33 96 17 817 35 62 26 37 232 16 25 18
internal_value=-2.14267e-09 0.00382578 0.0283347 0.26696 0.389322 -0.0145556 0.0113007 -0.271272 -0.0444345 0.0720269 -0.00267705 -0.119178 -0.40394 -0.0327528 -0.171501
internal_weight=1650 1633 1083 165 129 918 834 84 550 215 189 335 78 257 36
internal_count=1650 1633 1083 165 129 918 834 84 550 215 189 335 78 257 36
is_linear=0
shrinkage=0.1


Tree=142
num_leaves=13
num_cat=0
split_feature=6 0 7 5 4 3 3 4 8 0 5 6
split_gain=187.909 192.127 1252.6 4135.75 639.274 891.746 543.05 1228.06 3776.46 995.995 966.182 767.435
threshold=81.893225638687369 31.000000000000004 0.91071428571428592 37.553571428571438 65.857142857142875 58.500000000000007 35.000000000000007 48.071428571428577 14.500000000000002 82.000000000000014 35.785714285714292 43.715543657519916
decision_type=2 2 2 2 2 2 2 2 2 2 2 2
left_child=1 2 3 -1 5 -4 7 8 -3 -9 -8 -12
right_child=-2 6 4 -5 -6 -7 10 9 -10 -11 11 -13
leaf_value=-0.25510628331791269 -0.33075002011130838 1.0051021242439748 -0.079554948003755677 1.8982755517959597 -0.48078786468505863 0.25689644335258394 -0.78126854358447928 -0.18338622286027631 -0.19569830807772551 0.27520632039809573 -0.00886996612123289 -0.30825422067816061
leaf_weight=22 17 50 216 14.999999999999998 25 124 18 151 55 69 792 96
leaf_count=22 17 50 216 15 25 124 18 151 55 69 792 96
internal_value=1.13799e-09 0.0034432 0.0634661 0.617886 0.00726464 0.0431509 -0.0161581 0.0947373 0.376111 -0.0395549 -0.0559385 -0.0412358
internal_weight=1650 1633 402 37 365 340 1231 325 105 220 906 888
internal_count=1650 1633 402 37 365 340 1231 325 105 220 906 888
is_linear=0
shrinkage=0.1


Tree=143
num_leaves=20
num_cat=0
split_feature=9 7 2 5 6 5 0 6 6 3 3 9 6 5 6 3 4 1 6
split_gain=172.407 898.352 1729.53 2256.28 7253.75 1729.35 1523.45 1500.53 1169.57 1112.59 1617.35 889.408 3419.97 1687.74 1888.82 1082.76 981.254 979.76 1234.79
threshold=3.5000000000000004 0.98214285714285732 49.000000000000007 56.017857142857146 25.748129886637077 36.035714285714292 58.500000000000007 40.572243232831475 47.470393059950986 135.00000000000003 115.00000000000001 2.5000000000000004 20.958231035710423 58.232142857142868 24.823598323212359 38.500000000000007 47.214285714285722 23.000000000000004 40.125758437612582
decision_type=2 2 2 2 2 2 2 2 2 2 2 2 2 2 2 2 2 2 2
left_child=11 2 5 4 -4 -2 -5 -7 9 10 -3 17 15 -14 -15 -13 -17 18 -1
right_child=1 8 3 6 -6 7 -8 -9 -10 -11 -12 12 13 14 -16 16 -18 -19 -20
leaf_value=-0.08126237296510018 0.57961470072086041 0.004039623848019311 0.17955874732136728 -0.58670708385224524 2.4329171061515811 -0.64249831101408716 0.38294759170953618 0.37147389292716981 -0.7542562679810958 0.7215606769919396 -0.85739813472913662 0.84761921372906923 -0.84883759077638388 0.8426329326629638 -0.37240559129451201 -0.39264825792254315 0.54151250855489219 0.080565004692576145 -0.93562030565171017
leaf_weight=87 26 416 50 26 20 54 43 20 22 20 23 29 64 14.999999999999998 87 23 22 582 21
leaf_count=87 26 416 50 26 20 54 43 20 22 20 23 29 64 15 87 23 22 582 21
internal_value=-5.10647e-10 0.0367376 0.195202 0.423372 0.823375 -0.121954 0.0175705 -0.368452 -0.0420002 -0.00786157 -0.0410927 -0.028442 -0.194259 -0.446298 -0.193723 0.371126 0.0640526 0.0292333 -0.247388
internal_weight=1650 720 239 139 70 100 69 74 481 459 439 930 240 166 102 74 45 690 108
internal_count=1650 720 239 139 70 100 69 74 481 459 439 930 240 166 102 74 45 690 108
is_linear=0
shrinkage=0.1


Tree=144
num_leaves=20
num_cat=0
split_feature=4 6 3 3 7 4 9 4 5 6 5 5 3 4 5 6 5 10 3
split_gain=170.97 649.273 974.125 641.825 740.032 624.188 1197.87 3678.95 757.419 997.557 620.609 1258.76 2185.29 1520.43 930.143 2998.37 912.477 492.276 563.018
threshold=32.928571428571438 30.230448204462039 38.500000000000007 49.000000000000007 0.98214285714285732 37.857142857142868 3.5000000000000004 36.928571428571438 44.214285714285722 18.801799120957174 43.910714285714299 42.071428571428577 66.500000000000014 49.642857142857146 51.125000000000007 34.829197552822393 56.482142857142868 4.5000000000000009 58.500000000000007
decision_type=2 2 2 2 2 2 2 2 2 2 2 2 2 2 2 2 2 2 2
left_child=1 3 -3 4 -1 6 8 -8 9 -2 11 12 -7 -13 15 -12 -16 -5 -19
right_child=5 2 -4 17 -6 10 7 -9 -10 -11 14 13 -14 -15 16 -17 -18 18 -20
leaf_value=0.66847444425026581 -0.31075406982785181 -1.0535464018583298 0.018837941355175442 0.19968069493770602 -0.076525077372789393 -0.12495207072504416 -0.075201380252838138 1.8520565506070854 -0.50241114795207975 0.60820887971807414 0.089972798570717161 -0.24578158336877826 1.1413519150018692 -1.3405222303727093 -0.2603513094107453 1.3693187308311463 0.017359915174918732 -0.043162423769632967 -0.89594139587134125
leaf_weight=24 21 15.999999999999998 18 15.999999999999998 30 149 26 15.999999999999998 22 27 218 50 14.999999999999998 17 139 20 795 15.000000000000002 15.999999999999998
leaf_count=24 21 16 18 16 30 149 26 16 22 27 218 50 15 17 139 20 795 15 16
internal_value=2.18268e-09 -0.107834 -0.485814 0.0194062 0.254586 0.009609 0.23679 0.658992 -0.016532 0.206163 -0.00852658 -0.158336 -0.00913158 -0.523552 0.0210006 0.197481 -0.0239697 -0.2508 -0.483306
internal_weight=1650 135 34 101 54 1515 112 42 70 48 1403 231 164 67 1172 238 934 47 31
internal_count=1650 135 34 101 54 1515 112 42 70 48 1403 231 164 67 1172 238 934 47 31
is_linear=0
shrinkage=0.1


Tree=145
num_leaves=19
num_cat=0
split_feature=10 0 4 9 1 7 1 2 5 9 5 5 5 8 8 0 6 6
split_gain=187.466 894.325 1274.01 1841.29 1127.14 985.877 939.558 553.478 623.432 1638.04 2447.17 1535.57 754.213 613.48 691.201 602.669 1655.94 760.96
threshold=4.5000000000000009 73.000000000000014 60.142857142857146 3.5000000000000004 67.500000000000014 0.98214285714285732 31.000000000000004 115.00000000000001 95.303571428571445 4.5000000000000009 97.982142857142875 92.928571428571445 78.750000000000014 11.500000000000002 3.5000000000000004 93.000000000000014 43.305688060121447 43.096787293862214
decision_type=2 2 2 2 2 2 2 2 2 2 2 2 2 2 2 2 2 2
left_child=1 2 4 -4 6 -3 -1 8 11 10 -10 12 -2 14 -9 17 -17 -15
right_child=7 5 3 -5 -6 -7 -8 13 9 -11 -12 -13 -14 15 -16 16 -18 -19
leaf_value=-0.35335188042826771 0.008784364671619433 0.012921295035630465 -0.18685385412291478 1.205337815535696 -0.82153057363771254 -1.0659124722497333 0.30498850086460944 -0.28488084673881531 1.6013124182820322 -0.59992303997278218 0.16947731990763482 -0.99170017540454869 0.37512137111970939 -1.0927834166420831 0.4664385556280613 0.6040355840795919 -0.75450276346767653 -0.27034254978100458
leaf_weight=41 1184 15.999999999999998 19 19 21 18 46 24 15.999999999999998 15.999999999999998 47 14.999999999999998 59 18 25 19 17 30
leaf_count=41 1184 16 19 19 21 18 46 24 16 16 47 15 59 18 25 19 17 30
internal_value=-1.08965e-09 -0.0963255 0.0112404 0.509242 -0.163982 -0.558226 -0.00526386 0.011795 0.0311481 0.303641 0.533118 0.014036 0.0261728 -0.182755 0.0984454 -0.346789 -0.0374964 -0.578758
internal_weight=1650 180 146 38 108 34 87 1470 1337 79 63 1258 1243 133 49 84 36 48
internal_count=1650 180 146 38 108 34 87 1470 1337 79 63 1258 1243 133 49 84 36 48
is_linear=0
shrinkage=0.1


Tree=146
num_leaves=14
num_cat=0
split_feature=0 1 2 0 4 9 8 1 0 1 5 5 4
split_gain=193.709 1278.41 1143.46 1620.59 1587.08 3196.21 819.64 709.614 585.261 2030.98 546.445 1273.99 1219.82
threshold=115.00000000000001 175.00000000000003 73.000000000000014 121.50000000000001 73.857142857142875 1.5000000000000002 11.500000000000002 175.00000000000003 100.50000000000001 93.000000000000014 95.892857142857153 100.53571428571429 89.142857142857153
decision_type=2 2 2 2 2 2 2 2 2 2 2 2 2
left_child=7 2 4 -4 -2 -6 -5 8 10 -10 12 -12 -1
right_child=1 -3 3 6 5 -7 -8 -9 9 -11 11 -13 -14
leaf_value=0.016293812568044384 -0.7251084432882422 0.68517683909999005 -1.4074786545832954 -0.7051033880399622 -0.6339974363644918 1.0739768058061601 0.063367822170257576 -0.6314058331882253 -0.15917646839068489 1.2727828860282899 1.0682420194149018 0.0045211671998626312 -0.42746178489464981
leaf_weight=1318 17 18 14.999999999999998 23 18 28 35 17 26 15.999999999999998 15.999999999999998 38 65
leaf_count=1318 17 18 15 23 18 28 35 17 26 16 16 38 65
internal_value=-1.96784e-09 -0.106792 -0.211611 -0.480982 0.100517 0.405639 -0.241371 0.0109933 0.0183772 0.386332 0.00762276 0.319698 -0.00456238
internal_weight=1650 154 136 73 63 46 58 1496 1479 42 1437 54 1383
internal_count=1650 154 136 73 63 46 58 1496 1479 42 1437 54 1383
is_linear=0
shrinkage=0.1


Tree=147
num_leaves=7
num_cat=0
split_feature=5 5 7 5 5 6
split_gain=179.213 416.932 368.689 433.754 413.712 68.9273
threshold=31.607142857142858 33.357142857142868 0.7678571428571429 34.982142857142868 35.785714285714292 16.403316221860404
decision_type=2 2 2 2 2 2
left_child=5 -2 -3 -4 -5 -1
right_child=1 2 3 4 -6 -7
leaf_value=-0.092968682779206169 0.52954168160756432 0.46308399579104259 -0.40248825594230936 0.45366724736988551 -0.0040967065042336803 -0.37822738960385327
leaf_weight=18 14.999999999999998 17 27 20 1537 15.999999999999998
leaf_count=18 15 17 27 20 1537 16
internal_value=1.67807e-09 0.00478037 -0.000136195 -0.00510762 0.00178337 -0.227208
internal_weight=1650 1616 1601 1584 1557 34
internal_count=1650 1616 1601 1584 1557 34
is_linear=0
shrinkage=0.1


Tree=148
num_leaves=18
num_cat=0
split_feature=0 4 0 8 9 8 4 8 9 4 3 4 8 5 6 3 9
split_gain=168.484 1006.4 808.11 1256.62 1177.99 1048.01 735.193 2897.49 1027.07 403.39 503.869 1672.27 3016.91 895.512 1046.78 839.008 794.55
threshold=31.000000000000004 72.642857142857153 23.000000000000004 16.500000000000004 3.5000000000000004 13.500000000000002 47.214285714285722 18.500000000000004 4.5000000000000009 29.214285714285719 35.000000000000007 48.071428571428577 14.500000000000002 55.482142857142868 24.615447665005409 17.500000000000004 1.0000000180025095e-35
decision_type=2 2 2 2 2 2 2 2 2 2 2 2 2 2 2 2 2
left_child=1 2 3 5 -5 -1 8 -8 -4 -2 11 12 -11 16 -15 -13 -12
right_child=9 -3 6 4 -6 -7 7 -9 -10 10 13 15 -14 14 -16 -17 -18
leaf_value=-0.085995216959196596 -0.48829712089565069 0.72992481248719354 -0.17066037317737937 -0.081998404191637592 0.76700157523155221 -0.6585277612112006 0.9939744503874528 -0.42809261854576031 0.47251962092187672 1.0547617160461165 -0.54771274981590412 -0.36813429784579355 -0.080597967743873608 0.26177893384103329 -0.051096065553591447 0.06698980640194574 -0.1167058547008087
leaf_weight=92 18 21 80 44 26 49 38 23 36 44 52 61 50 138 475 162 241
leaf_count=92 18 21 80 44 26 49 38 23 36 44 52 61 50 138 475 162 241
internal_value=3.22068e-10 0.0556623 0.0191687 -0.113011 0.233344 -0.28496 0.176739 0.457785 0.0289472 -0.0183448 -0.0114281 0.0970845 0.450847 -0.0493955 0.0193391 -0.0520352 -0.193199
internal_weight=1650 409 388 211 70 141 177 61 116 1241 1223 317 94 906 613 223 293
internal_count=1650 409 388 211 70 141 177 61 116 1241 1223 317 94 906 613 223 293
is_linear=0
shrinkage=0.1


Tree=149
num_leaves=7
num_cat=0
split_feature=6 6 6 4 4 0
split_gain=188.609 671.748 393.547 340.392 1298.59 810.344
threshold=79.416965656098071 70.408462154003132 62.737303770707449 107.85714285714288 101.92857142857144 82.000000000000014
decision_type=2 2 2 2 2 2
left_child=1 2 3 4 -1 -5
right_child=-2 -3 -4 5 -6 -7
leaf_value=-0.0020967501906765779 0.26213020616107519 -0.58032506048679355 0.51263851483662926 0.7209609047287987 -0.65633435018600961 0.044506824069318524
leaf_weight=1423 27 20 14.999999999999998 21 31 113
leaf_count=1423 27 20 15 21 31 113
internal_value=1.10376e-09 -0.00436076 0.00282532 -0.0019903 -0.0160454 0.150518
internal_weight=1650 1623 1603 1588 1454 134
internal_count=1650 1623 1603 1588 1454 134
is_linear=0
shrinkage=0.1


end of trees

feature_importances:
Column_6=399
Column_5=305
Column_4=289
Column_0=226
Column_1=214
Column_3=182
Column_8=173
Column_9=161
Column_2=145
Column_7=88
Column_10=58

parameters:
[boosting: gbdt]
[objective: regression]
[metric: l2]
[tree_learner: serial]
[device_type: cpu]
[data_sample_strategy: bagging]
[data: ]
[valid: ]
[num_iterations: 150]
[learning_rate: 0.1]
[num_leaves: 20]
[num_threads: 1]
[seed: 20261009]
[deterministic: 1]
[force_col_wise: 1]
[force_row_wise: 0]
[histogram_pool_size: -1]
[max_depth: 5]
[min_data_in_leaf: 15]
[min_sum_hessian_in_leaf: 0.001]
[bagging_fraction: 1]
[pos_bagging_fraction: 1]
[neg_bagging_fraction: 1]
[bagging_freq: 0]
[bagging_seed: 26940]
[bagging_by_query: 0]
[feature_fraction: 1]
[feature_fraction_bynode: 1]
[feature_fraction_seed: 7539]
[extra_trees: 0]
[extra_seed: 29524]
[early_stopping_round: 0]
[early_stopping_min_delta: 0]
[first_metric_only: 0]
[max_delta_step: 0]
[lambda_l1: 0]
[lambda_l2: 0]
[linear_lambda: 0]
[min_gain_to_split: 0]
[drop_rate: 0.1]
[max_drop: 50]
[skip_drop: 0.5]
[xgboost_dart_mode: 0]
[uniform_drop: 0]
[drop_seed: 7068]
[top_rate: 0.2]
[other_rate: 0.1]
[min_data_per_group: 100]
[max_cat_threshold: 32]
[cat_l2: 10]
[cat_smooth: 10]
[max_cat_to_onehot: 4]
[top_k: 20]
[monotone_constraints: ]
[monotone_constraints_method: basic]
[monotone_penalty: 0]
[feature_contri: ]
[forcedsplits_filename: ]
[refit_decay_rate: 0.9]
[cegb_tradeoff: 1]
[cegb_penalty_split: 0]
[cegb_penalty_feature_lazy: ]
[cegb_penalty_feature_coupled: ]
[path_smooth: 0]
[interaction_constraints: ]
[verbosity: -1]
[saved_feature_importance_type: 0]
[use_quantized_grad: 0]
[num_grad_quant_bins: 4]
[quant_train_renew_leaf: 0]
[stochastic_rounding: 1]
[linear_tree: 0]
[max_bin: 255]
[max_bin_by_feature: ]
[min_data_in_bin: 3]
[bin_construct_sample_cnt: 200000]
[data_random_seed: 5376]
[is_enable_sparse: 1]
[enable_bundle: 1]
[use_missing: 1]
[zero_as_missing: 0]
[feature_pre_filter: 1]
[pre_partition: 0]
[two_round: 0]
[header: 0]
[label_column: ]
[weight_column: ]
[group_column: ]
[ignore_column: ]
[categorical_feature: ]
[forcedbins_filename: ]
[precise_float_parser: 0]
[parser_config_file: ]
[objective_seed: 6783]
[num_class: 1]
[is_unbalance: 0]
[scale_pos_weight: 1]
[sigmoid: 1]
[boost_from_average: 1]
[reg_sqrt: 0]
[alpha: 0.9]
[fair_c: 1]
[poisson_max_delta_step: 0.7]
[tweedie_variance_power: 1.5]
[lambdarank_truncation_level: 30]
[lambdarank_norm: 1]
[label_gain: ]
[lambdarank_position_bias_regularization: 0]
[eval_at: ]
[multi_error_top_k: 1]
[auc_mu_weights: ]
[num_machines: 1]
[local_listen_port: 12400]
[time_out: 120]
[machine_list_filename: ]
[machines: ]
[gpu_platform_id: -1]
[gpu_device_id: -1]
[gpu_device_id_list: ]
[gpu_use_dp: 0]
[num_gpu: 1]

end of parameters

pandas_categorical:null
