tree
version=v4
num_class=1
num_tree_per_iteration=1
label_index=0
max_feature_idx=10
objective=regression
feature_names=Column_0 Column_1 Column_2 Column_3 Column_4 Column_5 Column_6 Column_7 Column_8 Column_9 Column_10
feature_infos=[0:32] [0:32] [0:32] [0:32] [0:23.857142857142858] [0:18.857142857142858] [0:7.7099855739826397] [0:1] [0:29] [0:6] [1:12]
tree_sizes=1775 1850 1833 1835 1832 1833 1847 1849 1817 1828 1839 1865 1871 1850 1857 1821 1863 1886 1882 1883 1857 1846 1866 1859 1872 1851 1827 1839 1542 1902 1903 1644 1291 1860 1893 1707 1298 1856 1897 1584 1737 1861 1446 1871 906 1505 986 1914 712 1916 1889 778 1257 780 1871 1861 1882 697 1887 1875 1902 884 1910 1317 765 1319 1907 1486 940 1575 876 1902 1899 1939 870 1916 781 1897 974 792 1113 796 1847 1801 1901 718 1778 796 1819 1936 848 1356 1873 1902 1145 795 877 1123 1624 1889 721 799 1910 1855 1903 1871 1902 1764 947 1881 842 865 1637 1866 1474 953 1888 719 1720 1898 1141 782 1566 1922 816 1906 1887 1222 1786 703 1146 1138 687 784 1482 1888 955 1886 1880 689 1912 1843 1038 1903 1122 797 1868 702 1007 1873

Tree=0
num_leaves=20
num_cat=0
split_feature=5 5 5 4 9 4 9 8 4 5 0 4 5 4 9 5 9 4 4
split_gain=68482 8626.45 4174.91 2315.03 1280.02 887.597 760.048 561.212 529.323 475.994 379.215 344.411 331.231 273.625 161.068 142.171 140.406 115.882 112.672
threshold=4.8750000000000009 9.196428571428573 1.4821428571428574 15.642857142857144 3.5000000000000004 3.0714285714285716 4.5000000000000009 22.500000000000004 1.0000000180025095e-35 13.392857142857144 13.500000000000002 11.928571428571431 2.2678571428571432 4.3571428571428585 2.5000000000000004 1.0535714285714288 4.5000000000000009 6.5000000000000009 6.6428571428571432
decision_type=2 2 2 2 2 2 2 2 2 2 2 2 2 2 2 2 2 2 2
left_child=2 6 8 4 11 12 7 -2 -1 -6 -5 -3 -4 -7 -12 -10 -15 -9 -8
right_child=1 3 5 10 9 13 18 17 15 -11 14 -13 -14 16 -16 -17 -18 -19 -20
leaf_value=2.130993143362661 2.6258102233106646 3.0179776925985209 2.2952575356530627 3.4434931634904045 3.3687605416714641 2.413219711886688 2.8734481059337535 2.7314561126008066 2.2060557764130464 3.8708740972803843 3.7763878970385685 3.25557181373591 2.3685470869187846 2.5048567859824145 4.1484931362709503 2.2403200205972404 2.716220422061574 2.8536380782850634 3.0079297744359179
leaf_weight=800 246 194 1842 15.999999999999998 187 512 111 108 3393 21 19 89 927 110 30 1883 44 276 142
leaf_count=800 246 194 1842 16 187 512 111 108 3393 21 19 89 927 110 30 1883 44 276 142
internal_value=2.35388 2.99681 2.25661 3.30536 3.23112 2.34472 2.80252 2.74373 2.20679 3.41945 3.86619 3.0927 2.31979 2.44837 4.00421 2.21828 2.56525 2.81927 2.94893
internal_weight=10950 1439 9511 556 491 3435 883 630 6076 208 65 283 2769 666 49 5276 154 384 253
internal_count=10950 1439 9511 556 491 3435 883 630 6076 208 65 283 2769 666 49 5276 154 384 253
is_linear=0
shrinkage=1


Tree=1
num_leaves=20
num_cat=0
split_feature=5 5 5 4 9 4 9 8 4 5 0 0 5 8 0 3 5 3 4
split_gain=55470.4 6987.43 3381.68 1875.17 1036.82 718.953 615.639 454.582 428.752 386.339 325.676 307.164 268.297 239.782 149.209 133.263 115.159 106.423 101.8
threshold=4.8750000000000009 9.196428571428573 1.4821428571428574 15.642857142857144 3.5000000000000004 3.0714285714285716 4.5000000000000009 22.500000000000004 1.0000000180025095e-35 14.196428571428573 18.500000000000004 13.500000000000002 2.2678571428571432 18.500000000000004 2.5000000000000004 16.500000000000004 1.0535714285714288 13.500000000000002 1.0714285714285716
decision_type=2 2 2 2 2 2 2 2 2 2 2 2 2 2 2 2 2 2 2
left_child=2 6 8 4 10 12 7 -2 -1 -6 -3 -5 -4 -7 -15 -13 -10 -9 -14
right_child=1 3 5 11 9 13 -8 17 16 -11 -12 15 18 14 -16 -17 -18 -19 -20
leaf_value=-0.20059931284375487 0.24473605083256234 0.63535252204979331 -0.052761368937264568 0.98065069615840916 0.91706799099319858 0.035032661369132023 0.53554199123202928 0.40717906767879031 -0.13304295357203647 1.4018014563454522 1.0539466047286987 1.3650931268930435 -0.23685472011566164 0.046141101632799421 0.2063209942093602 1.7115531809189741 -0.10220512643622644 0.65624023394452202 0.01759095359450507
leaf_weight=800 246 263 1842 15.999999999999998 190 393 253 366 3393 18 20 32 15.999999999999998 84 189 17 1883 18 911
leaf_count=800 246 263 1842 16 190 393 253 366 3393 18 20 32 16 84 189 17 1883 18 911
internal_value=-5.84837e-10 0.578637 -0.0875469 0.856334 0.789515 -0.00824233 0.403779 0.350865 -0.132381 0.959016 0.664935 1.36107 -0.0306792 0.0850426 0.157035 1.48529 -0.122037 0.418854 0.0131992
internal_weight=10950 1439 9511 556 491 3435 883 630 6076 208 283 65 2769 666 273 49 5276 384 927
internal_count=10950 1439 9511 556 491 3435 883 630 6076 208 283 65 2769 666 273 49 5276 384 927
is_linear=0
shrinkage=0.1


Tree=2
num_leaves=20
num_cat=0
split_feature=5 5 5 4 9 4 9 5 4 5 4 9 4 9 5 0 9 4 4
split_gain=44931 5659.82 2739.16 1518.89 839.822 585.994 521.039 405.009 347.289 317.917 268.844 265.622 248.531 151.372 133.583 118.106 111.804 110.917 107.06
threshold=4.8750000000000009 9.196428571428573 1.4821428571428574 15.642857142857144 3.5000000000000004 2.785714285714286 3.5000000000000004 7.0535714285714297 1.0000000180025095e-35 13.392857142857144 11.928571428571431 3.5000000000000004 4.3571428571428585 5.5000000000000009 2.2678571428571432 6.5000000000000009 4.5000000000000009 6.5000000000000009 17.785714285714288
decision_type=2 2 2 2 2 2 2 2 2 2 2 2 2 2 2 2 2 2 2
left_child=2 6 8 4 10 13 7 -2 -1 -6 -3 18 -7 14 -4 -8 -14 -9 -5
right_child=1 3 5 11 9 12 15 17 -10 -11 -12 -13 16 -15 -16 -17 -18 -19 -20
leaf_value=-0.18053938156552615 0.21327674182476822 0.53242535597270302 -0.059203014091232645 0.83222746769587208 0.82168452507034351 0.037135064150117768 0.39207563151073999 0.25597327738366227 -0.10983326226695977 1.2320381482442222 0.74234224048893105 1.4366726383086175 0.12218665572729979 0.026000245231086384 -0.0040627181290044494 0.50383724015334563 0.31079697913744231 0.42791150422185986 1.1896079515155993
leaf_weight=800 270 194 1502 14.999999999999998 187 785 177 47 5276 21 89 31 110 373 621 203 44 186 19
leaf_count=800 270 194 1502 15 187 785 177 47 5276 21 89 31 110 373 621 203 44 186 19
internal_value=-4.35264e-10 0.520773 -0.0787922 0.770701 0.710564 -0.0074181 0.363401 0.296634 -0.119143 0.863114 0.598442 1.22497 0.0599219 -0.0327515 -0.0430739 0.45178 0.176075 0.393229 1.03194
internal_weight=10950 1439 9511 556 491 3435 883 503 6076 208 283 65 939 2496 2123 380 154 233 34
internal_count=10950 1439 9511 556 491 3435 883 503 6076 208 283 65 939 2496 2123 380 154 233 34
is_linear=0
shrinkage=0.1


Tree=3
num_leaves=20
num_cat=0
split_feature=5 5 5 4 9 5 9 8 4 5 0 0 4 4 3 4 1 9 4
split_gain=36394.1 4584.45 2244.21 1230.3 680.255 486.298 423.046 319.038 302.339 257.676 254.843 232.44 211.579 124.211 101.716 97.4783 95.3865 87.4036 86.8568
threshold=4.8750000000000009 9.196428571428573 1.9464285714285716 15.642857142857144 3.5000000000000004 1.1964285714285716 4.5000000000000009 22.500000000000004 4.3571428571428585 14.196428571428573 18.500000000000004 13.500000000000002 1.0000000180025095e-35 2.6428571428571437 16.500000000000004 0.6428571428571429 10.500000000000002 4.5000000000000009 6.6428571428571432
decision_type=2 2 2 2 2 2 2 2 2 2 2 2 2 2 2 2 2 2 2
left_child=2 6 5 4 10 12 7 -2 13 -6 -3 -5 -1 15 -13 -4 -9 -10 -8
right_child=1 3 8 11 9 -7 18 16 17 -11 -12 14 -14 -15 -16 -17 -18 -19 -20
leaf_value=-0.16294959313432936 0.19428799983447162 0.5124288711597712 -0.19259292807044656 0.77153943516314039 0.74254478860842554 -0.061253122379029759 0.37001544361984412 0.35988008288711493 0.10963056260180251 1.1384175115161472 0.88271436214447019 1.1055148132145405 -0.10615275491485815 0.039501302486447044 1.4082016860737521 -0.0068614652029414108 0.21422071697620246 0.27986257802695036 0.48809005273899564
leaf_weight=781 246 263 29 15.999999999999998 190 2535 111 332 107 18 20 32 4094 819 17 1104 52 42 142
leaf_count=781 246 263 29 16 190 2535 111 332 107 18 20 32 4094 819 17 1104 52 42 142
internal_value=-8.9822e-10 0.468696 -0.070913 0.693631 0.639507 -0.0967786 0.327061 0.283198 0.0203122 0.776803 0.538597 1.10247 -0.115252 0.00983162 1.21053 -0.0116154 0.340155 0.157615 0.436287
internal_weight=10950 1439 9511 556 491 7410 883 630 2101 208 283 65 4875 1952 49 1133 384 149 253
internal_count=10950 1439 9511 556 491 7410 883 630 2101 208 283 65 4875 1952 49 1133 384 149 253
is_linear=0
shrinkage=0.1


Tree=4
num_leaves=20
num_cat=0
split_feature=5 5 5 4 9 5 9 5 0 4 4 4 9 4 7 4 0 3 4
split_gain=29479.2 3713.41 1826.42 996.544 551.007 400.268 364.179 292.796 234.968 227.216 223.349 204.535 200.431 94.0209 138.365 90.1412 123.777 97.3731 89.9873
threshold=4.8750000000000009 9.196428571428573 1.4821428571428574 15.642857142857144 3.5000000000000004 2.2678571428571432 3.5000000000000004 7.0535714285714297 6.5000000000000009 1.0000000180025095e-35 10.785714285714286 4.3571428571428585 3.5000000000000004 1.0714285714285716 0.19642857142857145 6.9285714285714297 3.5000000000000004 8.5000000000000018 6.5000000000000009
decision_type=2 2 2 2 2 2 2 2 2 2 2 2 2 2 2 2 2 2 2
left_child=2 6 9 4 10 -4 7 -2 -6 -1 -3 -7 -5 -11 -15 16 -8 -17 -9
right_child=1 3 5 12 8 11 15 18 -10 13 -12 -13 -14 14 -16 17 -18 -19 -20
leaf_value=-0.14643201738968492 0.16766040385873229 0.38194466775113889 -0.035399736930067746 0.82454841348945218 0.4239344128855953 0.021357399825713008 0.17603318177991445 0.19703689008317096 0.74017290555311177 -0.099545408282552927 0.56151524200851533 0.14675493606676657 1.1761236882978872 0.17743367728861897 -0.074763666959651573 0.35230277098373186 0.36442528676647212 0.49998758744175842 0.35190539243480856
leaf_weight=800 270 121 1946 34 27 1345 45 47 181 3306 162 144 31 22 1948 98 155 82 186
leaf_count=800 270 121 1946 34 27 1345 45 47 181 3306 162 144 31 22 1948 98 155 82 186
internal_value=1.03991e-10 0.421826 -0.0638217 0.624268 0.575557 -0.00553988 0.294355 0.238536 0.699123 -0.0967707 0.484738 0.0334845 0.992223 -0.0892406 -0.0719472 0.368242 0.322037 0.419581 0.320666
internal_weight=10950 1439 9511 556 491 3435 883 503 208 6076 283 1489 65 5276 1970 380 200 180 233
internal_count=10950 1439 9511 556 491 3435 883 503 208 6076 283 1489 65 5276 1970 380 200 180 233
is_linear=0
shrinkage=0.1


Tree=5
num_leaves=20
num_cat=0
split_feature=5 5 4 5 9 5 9 6 9 0 5 5 5 1 9 4 4 9 4
split_gain=23878.2 3007.86 1498.99 823.776 413.687 325.257 294.985 281.58 276.28 260.984 253.809 237.452 158.208 123.868 108.7 101.347 98.7679 98.7986 85.7087
threshold=4.8750000000000009 9.196428571428573 1.642857142857143 13.392857142857144 2.5000000000000004 2.6250000000000004 3.5000000000000004 4.9111361562164983 3.5000000000000004 18.500000000000004 0.87500000000000011 6.9464285714285721 16.357142857142858 17.500000000000004 5.5000000000000009 3.0714285714285716 4.3571428571428585 4.5000000000000009 6.5000000000000009
decision_type=2 2 2 2 2 2 2 2 2 2 2 2 2 2 2 2 2 2 2
left_child=2 6 10 4 9 15 11 -6 13 -3 -1 -2 -10 -5 -12 -4 -7 -18 -13
right_child=1 3 5 8 7 16 -8 -9 12 -11 14 18 -14 -15 -16 -17 17 -19 -20
leaf_value=-0.10541668457798357 0.14852276377592208 0.35762039402060297 -0.02828136510759216 0.59067433019479121 0.67557221283048596 0.036700426315078298 0.33141805147654135 0.46293654198122919 0.82601994772752141 0.76772072139908287 -0.073178596790248199 0.1694164975732565 1.2018621898832775 0.92249448776245124 -0.022615306396560977 0.045080519449767889 0.075560774204010764 0.26606312935289583 0.31640539385067923
leaf_weight=3075 261 178 1902 45 149 786 380 107 24 17 2907 50 21 14.999999999999998 498 209 96 38 192
leaf_count=3075 261 178 1902 45 149 786 380 107 24 17 2907 50 21 15 498 209 96 38 192
internal_value=-6.99821e-10 0.379644 -0.0574395 0.561841 0.503109 0.000607536 0.26492 0.586697 0.814108 0.393373 -0.0845909 0.214682 1.00141 0.673629 -0.0657834 -0.0210182 0.0502291 0.129584 0.286036
internal_weight=10950 1439 9511 556 451 3031 883 256 105 195 6480 503 45 60 3405 2111 920 134 242
internal_count=10950 1439 9511 556 451 3031 883 256 105 195 6480 503 45 60 3405 2111 920 134 242
is_linear=0
shrinkage=0.1


Tree=6
num_leaves=20
num_cat=0
split_feature=5 5 5 4 3 4 9 2 8 6 0 4 9 4 1 7 5 0 5
split_gain=19341.3 2436.36 1243.14 689.549 432.396 279.038 243.522 197.112 191.29 175.505 172.659 164.216 123.322 111.106 88.3571 82.9407 96.7181 75.3348 107.462
threshold=4.8750000000000009 9.196428571428573 1.9464285714285716 15.642857142857144 12.500000000000002 0.92857142857142871 4.5000000000000009 17.500000000000004 22.500000000000004 4.9856298400093655 13.500000000000002 4.2142857142857153 5.5000000000000009 1.0000000180025095e-35 10.500000000000002 0.19642857142857145 1.3750000000000002 5.5000000000000009 3.660714285714286
decision_type=2 2 2 2 2 2 2 2 2 2 2 2 2 2 2 2 2 2 2
left_child=2 6 5 4 7 13 8 -3 -2 -6 -5 12 -4 -1 -10 -7 -17 -13 -19
right_child=1 3 11 10 9 15 -8 -9 14 -11 -12 17 -14 -15 -16 16 -18 18 -20
leaf_value=-0.12298783435538758 0.13630279964366096 0.36691103904849764 -0.0029980452456360423 0.52651547221466899 0.68644641981031118 0.1086903253759374 0.32129783516624588 0.65483927011776433 0.26823589133255815 0.4924663270158427 0.90486491845578565 0.061786901704811804 0.067975217817972097 -0.081179737718646339 0.1280463374327295 -0.066753491176332308 -0.03392142186929361 0.073836931030382399 0.34209243750997953
leaf_weight=816 246 278 1633 15.999999999999998 89 32 253 26 332 98 49 120 288 2876 52 2142 1544 32 28
leaf_count=816 246 278 1633 16 89 32 253 26 332 98 49 120 288 2876 52 2142 1544 32 28
internal_value=7.1725e-10 0.341679 -0.0516956 0.505657 0.465138 -0.0709465 0.238428 0.391536 0.205148 0.584788 0.811733 0.0162003 0.0076424 -0.0904201 0.249252 -0.0516091 -0.0530007 0.107532 0.199023
internal_weight=10950 1439 9511 556 491 7410 883 304 630 187 65 2101 1921 3692 384 3718 3686 180 60
internal_count=10950 1439 9511 556 491 7410 883 304 630 187 65 2101 1921 3692 384 3718 3686 180 60
is_linear=0
shrinkage=0.1


Tree=7
num_leaves=20
num_cat=0
split_feature=5 5 4 5 9 3 0 5 4 3 4 6 0 9 6 5 6 4 0
split_gain=15666.5 1973.46 1010.96 580.758 304.766 251.577 238.508 233.034 206.171 186.383 181.917 173.043 155.066 152.733 146.495 127.677 118.674 95.6947 94.373
threshold=4.8750000000000009 9.196428571428573 1.642857142857143 13.392857142857144 3.5000000000000004 18.500000000000004 18.500000000000004 2.2678571428571432 6.3571428571428585 9.5000000000000018 1.0000000180025095e-35 4.9111361562164983 17.500000000000004 2.5000000000000004 6.2941793083053676 1.1964285714285716 3.779897814355405 4.3571428571428585 3.5000000000000004
decision_type=2 2 2 2 2 2 2 2 2 2 2 2 2 2 2 2 2 2 2
left_child=2 8 10 4 6 14 -3 -4 13 -10 -1 -6 -7 -2 -5 -12 -11 -9 -15
right_child=1 3 7 5 11 12 -8 17 9 16 15 -13 -14 18 -16 -17 -18 -19 -20
leaf_value=-0.11241858787834645 0.081858431328183573 0.30637091128980815 -0.024358184788553058 0.6574623033294783 0.57950950146636415 0.68056307584047326 0.66597858346998695 0.022365164214588076 0.2220991141234453 0.27259712633032068 -0.072516770075748568 0.38765109188854696 1.1208278855308891 0.11036876086884971 0.34873424328186298 -0.040066666228425182 0.47218290253119033 0.10847031666532228 0.25824516078221127
leaf_weight=834 156 237 1642 51 114 15.999999999999998 20 1245 403 65 3883 80 15.999999999999998 62 22 1763 55 144 142
leaf_count=834 156 237 1642 51 114 16 20 1245 403 65 3883 80 16 62 22 1763 55 144 142
internal_value=3.71747e-10 0.307511 -0.046526 0.455091 0.405777 0.666905 0.334356 0.00114425 0.214585 0.254675 -0.0688237 0.500393 0.900695 0.156343 0.564421 -0.062384 0.364074 0.0312918 0.213302
internal_weight=10950 1439 9511 556 451 105 257 3031 883 523 6480 194 32 360 73 5646 120 1389 204
internal_count=10950 1439 9511 556 451 105 257 3031 883 523 6480 194 32 360 73 5646 120 1389 204
is_linear=0
shrinkage=0.1


Tree=8
num_leaves=20
num_cat=0
split_feature=5 5 5 0 3 9 4 0 5 3 9 9 8 4 9 4 0 0 0
split_gain=12689.8 1614.01 830.944 428.549 260.735 237.085 204.17 179.856 174.135 167.974 136.688 127.49 123.676 106.726 106.518 106.28 102.332 92.7872 84.539
threshold=4.8750000000000009 10.053571428571431 1.4821428571428574 17.500000000000004 8.5000000000000018 1.5000000000000002 3.0714285714285716 7.5000000000000009 8.5892857142857171 18.500000000000004 4.5000000000000009 2.5000000000000004 18.500000000000004 0.35714285714285715 4.5000000000000009 1.0000000180025095e-35 3.5000000000000004 2.5000000000000004 10.500000000000002
decision_type=2 2 2 2 2 2 2 2 2 2 2 2 2 2 2 2 2 2 2
left_child=2 4 15 5 10 18 13 -7 -6 -5 16 -10 -8 -4 -15 -1 -2 -14 -3
right_child=1 3 6 9 8 7 12 -9 11 -11 -12 -13 17 14 -16 -17 -18 -19 -20
leaf_value=-0.098062144490890207 0.056831280553999997 0.15366624498172948 -0.17466016608040508 0.55537171378251049 0.23287481262093099 0.29012169358179424 0.01123314748966057 0.47947949927175443 0.23315815990490299 0.88260301252206175 0.25505099857914937 0.48362621094842084 0.011404199507974444 -0.024682991862982676 0.018948238013102386 -0.058947652984068781 0.16765513705258617 0.13771919226520277 0.34151155428588392
leaf_weight=800 104 46 41 62 226 66 393 209 31 21 146 59 84 1942 786 5276 419 189 50
leaf_count=800 104 46 41 62 226 66 393 209 31 21 146 59 84 1942 786 5276 419 189 50
internal_value=-6.87641e-10 0.27676 -0.0418734 0.432756 0.20486 0.386802 -0.00256204 0.434034 0.27972 0.638165 0.1695 0.397354 0.0471494 -0.0145186 -0.0121118 -0.0640977 0.145618 0.098853 0.251502
internal_weight=10950 1439 9511 454 985 371 3435 275 316 83 669 90 666 2769 2728 6076 523 273 96
internal_count=10950 1439 9511 454 985 371 3435 275 316 83 669 90 666 2769 2728 6076 523 273 96
is_linear=0
shrinkage=0.1


Tree=9
num_leaves=20
num_cat=0
split_feature=5 5 5 4 3 4 3 4 2 5 0 1 9 9 4 6 3 3 4
split_gain=10278.8 1307.34 698.82 375.123 225.066 213.037 193.386 159.406 133.641 129.15 129.071 123.005 116.19 114.254 92.4538 87.8316 81.3663 72.8888 69.5905
threshold=4.8750000000000009 10.053571428571431 1.9464285714285716 15.642857142857144 12.500000000000002 6.3571428571428585 8.5000000000000018 0.92857142857142871 17.500000000000004 11.589285714285717 11.500000000000002 6.5000000000000009 4.5000000000000009 2.5000000000000004 5.2142857142857153 3.1757607911566623 12.500000000000002 1.5000000000000002 2.785714285714286
decision_type=2 2 2 2 2 2 2 2 2 2 2 2 2 2 2 2 2 2 2
left_child=2 5 7 4 10 13 17 -1 16 -6 -3 -8 18 -2 -14 -15 -5 -7 -4
right_child=1 3 12 8 9 6 11 -9 -10 -11 -12 -13 14 15 -16 -17 -18 -19 -20
leaf_value=-0.066838242461883954 0.058674291645487153 0.21779114298797292 -0.019823980390710032 0.31207011520862582 0.53124775654739798 0.37460132386121486 0.18266135225261468 -0.037503968128526709 0.78746447712182999 0.35375195112842395 0.36981326936228764 0.34301015107104416 0.042817644612011263 0.26724172184864681 0.26143579885363577 0.12698332039180443 0.60896542370319373 0.1686842380783945 0.024105063156695784
leaf_weight=3692 156 122 880 14.999999999999998 81 18 69 3718 26 83 103 156 590 66 20 138 24 382 611
leaf_count=3692 156 122 880 15 81 18 69 3718 26 83 103 156 590 66 20 138 24 382 611
internal_value=-1.65507e-10 0.249084 -0.0376861 0.38948 0.352323 0.184374 0.219669 -0.0521196 0.611851 0.441418 0.287383 0.293837 0.0132195 0.123097 0.0499855 0.172361 0.494775 0.177951 -0.00182221
internal_weight=10950 1439 9511 454 389 985 625 7410 65 164 225 225 2101 360 610 204 39 400 1491
internal_count=10950 1439 9511 454 389 985 625 7410 65 164 225 225 2101 360 610 204 39 400 1491
is_linear=0
shrinkage=0.1


Tree=10
num_leaves=20
num_cat=0
split_feature=4 5 7 5 9 6 3 4 6 5 9 7 5 9 1 4 8 2 3
split_gain=8367.83 1187.16 526.088 395.92 251.173 193.741 175.332 156.981 151.38 144.565 139.018 138.363 122.46 106.537 84.2648 84.1377 59.2199 51.8114 67.9587
threshold=4.3571428571428585 8.5892857142857171 0.66071428571428592 13.392857142857144 2.5000000000000004 4.9111361562164983 17.500000000000004 12.500000000000002 5.2405737398447174 16.053571428571434 4.5000000000000009 0.87500000000000011 6.8750000000000009 5.5000000000000009 10.500000000000002 1.0000000180025095e-35 1.5000000000000002 7.5000000000000009 3.5000000000000004
decision_type=2 2 2 2 2 2 2 2 2 2 2 2 2 2 2 2 2 2 2
left_child=2 10 15 4 7 -6 8 -3 -5 -8 12 13 -2 16 -14 -1 -4 -12 -19
right_child=1 3 11 6 5 -7 9 -9 -10 -11 17 -13 14 -15 -16 -17 -18 18 -20
leaf_value=-0.084166944879724315 0.083574440898963168 0.1651214451825298 0.033006601139997982 0.59088415184617049 0.40727184595246063 0.24098576147209957 0.43111010417342188 0.379824617558292 0.27720157876610757 0.81916813204685845 0.16458142730216052 0.024663747482492712 0.19775172250239917 0.029411799403051487 0.037810789086879827 -0.049677722640662475 -0.030557658097091201 0.42167394548654563 0.2194020120008868
leaf_weight=830 395 180 157 25 190 111 15.999999999999998 42 40 24 146 1032 212 401 39 4786 2206 20 98
leaf_count=830 395 180 157 25 190 111 16 42 40 24 146 1032 212 401 39 4786 2206 20 98
internal_value=-5.02042e-11 0.216253 -0.0353376 0.322012 0.286435 0.34595 0.499219 0.205741 0.397849 0.663945 0.143268 -0.00658088 0.118282 -0.0182468 0.1729 -0.054775 -0.0263344 0.204408 0.253685
internal_weight=10950 1538 9412 628 523 301 105 222 65 40 910 3796 646 2764 251 5616 2363 264 118
internal_count=10950 1538 9412 628 523 301 105 222 65 40 910 3796 646 2764 251 5616 2363 264 118
is_linear=0
shrinkage=0.1


Tree=11
num_leaves=20
num_cat=0
split_feature=4 5 4 0 1 3 10 0 9 5 5 0 7 1 4 7 2 6 9
split_gain=6777.94 972.189 437.011 325.682 242.719 143.677 135.275 127.291 113.131 161.459 108.147 98.0852 93.7191 86.6594 80.273 74.0471 68.8464 65.4411 61.0431
threshold=4.3571428571428585 9.196428571428573 1.5000000000000002 9.5000000000000018 17.500000000000004 5.5000000000000009 6.5000000000000009 22.500000000000004 4.5000000000000009 10.875000000000002 2.6250000000000004 2.5000000000000004 0.44642857142857145 12.500000000000002 6.3571428571428585 0.98214285714285732 17.500000000000004 4.9856298400093655 5.5000000000000009
decision_type=2 2 2 2 2 2 2 2 2 2 2 2 2 2 2 2 2 2 2
left_child=2 5 12 8 7 11 -6 -5 16 -10 18 -2 -1 -13 15 -7 -3 -16 -4
right_child=1 3 10 4 6 14 -8 -9 9 -11 -12 13 -14 -15 17 -17 -18 -19 -20
leaf_value=-0.063475799031842819 -0.017096923603050745 0.14454089576182397 -0.019923989019586287 0.30148683824162514 0.30141541928445043 0.04857528310224235 0.61574709585734777 0.59178170412778852 0.55953887983372341 0.12838919851928951 0.027695696477446657 0.12383425131174071 -0.037928428221929635 -0.094937512592265488 0.1902756694919906 0.17664104725770427 0.36910036166508992 0.38638879911353197 0.023566510117462885
leaf_weight=2374 67 152 2174 270 19 83 49 15.999999999999998 19 15.999999999999998 851 385 3634 19 311 99 14.999999999999998 18 379
leaf_count=2374 67 152 2174 270 19 83 49 16 19 16 851 385 3634 19 311 99 15 18 379
internal_value=3.181e-10 0.194628 -0.0318038 0.300289 0.358103 0.134803 0.527919 0.317727 0.198971 0.362442 -0.00317685 0.0949615 -0.0480232 0.113545 0.171526 0.118237 0.164711 0.201005 -0.0134677
internal_weight=10950 1538 9412 556 354 982 68 286 202 35 3404 471 6008 404 511 182 167 329 2553
internal_count=10950 1538 9412 556 354 982 68 286 202 35 3404 471 6008 404 511 182 167 329 2553
is_linear=0
shrinkage=0.1


Tree=12
num_leaves=20
num_cat=0
split_feature=5 4 4 3 3 5 5 9 3 5 2 2 0 0 7 6 7 0 9
split_gain=5503.46 727.179 399.274 273.32 254.886 181.341 219.444 141.642 159.272 111.915 110.868 111.855 107.525 84.4487 75.9125 72.8274 70.0113 66.283 54.7383
threshold=4.8750000000000009 11.928571428571431 1.5000000000000002 14.500000000000002 9.5000000000000018 11.660714285714286 9.9107142857142865 2.5000000000000004 1.5000000000000002 2.6964285714285716 17.500000000000004 13.500000000000002 21.500000000000004 9.5000000000000018 0.44642857142857145 5.2405737398447174 0.19642857142857145 15.500000000000002 5.5000000000000009
decision_type=2 2 2 2 2 2 2 2 2 2 2 2 2 2 2 2 2 2 2
left_child=2 4 14 10 7 6 -6 15 -9 16 11 -3 17 -7 -1 -2 -4 -5 -16
right_child=1 3 9 12 5 13 -8 8 -10 -11 -12 -13 -14 -15 18 -17 -18 -19 -20
leaf_value=-0.057128216358248489 0.069035192454380695 0.27058290164637311 0.20479674607515339 0.52253200271853106 0.1835148520145744 -0.14815373991926511 0.35268106003749677 0.44494924796255014 0.14865614926507373 0.031537253392515861 0.44920475964362805 0.028439475285510225 0.72293293103575706 0.16759368591010571 -0.039133976252117925 0.23881801313513684 -0.011852223708958765 0.3236922958493233 -0.004000216826969466
leaf_weight=2374 393 93 14.999999999999998 38 219 18 118 19 402 822 26 24 15.999999999999998 15.999999999999998 3117 27 2666 30 517
leaf_count=2374 393 93 15 38 219 18 118 19 402 822 26 24 16 16 3117 27 2666 30 517
internal_value=9.39047e-10 0.182261 -0.0275758 0.34652 0.151496 0.220541 0.242748 0.121038 0.162028 -0.000742922 0.26242 0.220912 0.489689 0.000433284 -0.0432209 0.0799498 -0.0106401 0.434809 -0.0341356
internal_weight=10950 1439 9511 227 1212 371 337 841 421 3503 143 117 84 34 6008 420 2681 68 3634
internal_count=10950 1439 9511 227 1212 371 337 841 421 3503 143 117 84 34 6008 420 2681 68 3634
is_linear=0
shrinkage=0.1


Tree=13
num_leaves=20
num_cat=0
split_feature=4 5 7 3 2 0 9 9 5 9 5 9 8 0 1 7 4 2 5
split_gain=4484.23 646.465 305.61 259.601 224.506 142.52 120.159 97.5106 97.0887 87.2917 81.6172 81.5476 73.3829 67.1819 66.575 64.1705 53.2827 39.3416 71.1273
threshold=4.3571428571428585 8.5892857142857171 0.66071428571428592 12.500000000000002 17.500000000000004 21.500000000000004 1.5000000000000002 4.5000000000000009 12.660714285714286 4.5000000000000009 6.8750000000000009 5.5000000000000009 1.5000000000000002 3.5000000000000004 10.500000000000002 0.98214285714285732 1.0000000180025095e-35 7.5000000000000009 6.5892857142857144
decision_type=2 2 2 2 2 2 2 2 2 2 2 2 2 2 2 2 2 2 2
left_child=2 7 16 4 6 11 -3 10 -6 12 -2 -5 -4 -14 -12 -11 -1 -9 -19
right_child=1 3 9 5 8 -7 -8 17 -10 15 14 -13 13 -15 -16 -17 -18 18 -20
leaf_value=-0.064073165235031079 0.055187821762866185 0.085481164689737432 0.041459776885673275 0.26580239854414356 0.2881609908912493 0.57436632886528971 0.20624973043507838 0.12094950019318151 0.61517514348030089 0.016141481971482873 0.15020136781408067 0.42240074923852594 -0.026219840013707509 0.016830941924060826 0.0080365742246309921 0.17821181876957418 -0.036627027644638425 0.29235137093346569 0.13430314981777755
leaf_weight=830 395 131 222 176 23 20 222 146 14.999999999999998 1072 212 41 2036 441 39 25 4786 48 70
leaf_count=830 395 131 222 176 23 20 222 146 15 1072 212 41 2036 441 39 25 4786 48 70
internal_value=5.18814e-10 0.158307 -0.0258687 0.23635 0.186294 0.318932 0.161432 0.104448 0.417246 -0.00395103 0.0835221 0.29539 -0.0136188 -0.0185552 0.128112 0.019835 -0.0406833 0.155654 0.198594
internal_weight=10950 1538 9412 628 391 237 353 910 38 3796 646 217 2699 2477 251 1097 5616 264 118
internal_count=10950 1538 9412 628 391 237 353 910 38 3796 646 217 2699 2477 251 1097 5616 264 118
is_linear=0
shrinkage=0.1


Tree=14
num_leaves=20
num_cat=0
split_feature=4 4 7 0 3 3 9 5 6 10 2 7 10 9 3 3 3 0 7
split_gain=3632.22 533.701 251.531 214.791 216.294 206.055 136.858 120.058 99.2653 88.9681 131.863 79.9822 79.6331 68.8142 62.5382 81.9243 60.8509 40.254 42.9249
threshold=4.3571428571428585 12.071428571428573 0.62500000000000011 6.5000000000000009 12.500000000000002 14.500000000000002 2.5000000000000004 11.589285714285717 6.7027588307436234 8.5000000000000018 17.500000000000004 0.87500000000000011 7.5000000000000009 5.5000000000000009 15.500000000000002 6.5000000000000009 10.500000000000002 2.5000000000000004 0.98214285714285732
decision_type=2 2 2 2 2 2 2 2 2 2 2 2 2 2 2 2 2 2 2
left_child=2 3 -1 14 6 9 -5 -6 12 10 -3 13 -7 -4 15 -2 -11 -13 -19
right_child=1 5 11 4 7 8 -8 -9 -10 16 -12 17 -14 -15 -16 -17 -18 18 -20
leaf_value=-0.038175729178283352 0.048016874402094248 0.20417976933588952 -0.019053893940130736 0.079123472625824531 0.3135750405601474 0.35063404412940147 0.17423078915337101 0.052452030316704805 0.18742067813873292 -0.03341543298392069 0.49689265740545174 -0.0010003688996221172 0.56889460201774333 0.022442650593362545 -0.096364990160578784 0.12593007987711283 0.23029629786809289 0.027833049424722207 0.115882741151348
leaf_weight=5143 335 81 2770 287 109 32 320 21 15.999999999999998 21 19 512 35 467 21 226 14.999999999999998 457 63
leaf_count=5143 335 81 2770 287 109 32 320 21 16 21 19 512 35 467 21 226 15 457 63
internal_value=4.36645e-10 0.142476 -0.0232818 0.118473 0.154333 0.287044 0.129262 0.271394 0.411209 0.211266 0.259795 -0.00533859 0.464651 -0.0130672 0.0730622 0.0794044 0.0764645 0.0189032 0.0385006
internal_weight=10950 1538 9412 1319 737 219 607 130 83 136 100 4269 67 3237 582 561 36 1032 520
internal_count=10950 1538 9412 1319 737 219 607 130 83 136 100 4269 67 3237 582 561 36 1032 520
is_linear=0
shrinkage=0.1


Tree=15
num_leaves=20
num_cat=0
split_feature=5 4 4 3 9 5 5 7 5 6 5 6 3 4 6 3 7 10 9
split_gain=2950.29 367.723 267.742 166.904 152.727 121.628 134.726 91.4429 85.4151 124.471 86.0353 85.0486 122.219 84.5303 80.4049 69.4656 65.7368 64.5028 59.9174
threshold=5.6250000000000009 12.071428571428573 1.7857142857142858 14.500000000000002 3.5000000000000004 7.4821428571428585 7.7678571428571432 0.98214285714285732 8.5892857142857171 4.9856298400093655 6.3035714285714297 5.2405737398447174 9.5000000000000018 15.642857142857144 6.7027588307436234 5.5000000000000009 0.23214285714285718 7.5000000000000009 4.5000000000000009
decision_type=2 2 2 2 2 2 2 2 2 2 2 2 2 2 2 2 2 2 2
left_child=2 4 -1 11 5 -2 -7 16 10 -10 -6 12 -3 -13 17 18 -4 -5 -9
right_child=1 3 7 14 8 6 -8 15 9 -11 -12 13 -14 -15 -16 -17 -18 -19 -20
leaf_value=-0.029832717678301354 0.034587010891018739 0.38614673759486223 0.19937783284660648 0.31557063909131106 0.20985489269781313 0.28684896095232532 0.099782632304016849 0.011359586431221529 0.27553490911650919 0.095857525192971887 0.092862430735378074 -0.024262538089834411 0.14930861566988926 0.25657917226062105 0.16867860592901707 0.26546198133379223 0.0021016192803063331 0.51200514280370302 0.20192081903276798
leaf_weight=6863 277 37 17 32 89 44 308 66 115 58 214 29 53 17 15.999999999999998 20 2638 35 22
leaf_count=6863 277 37 17 32 89 44 308 66 115 58 214 29 53 17 16 20 2638 35 22
internal_value=3.48693e-10 0.13996 -0.0192507 0.258339 0.116499 0.0841574 0.123166 0.00703392 0.159235 0.215296 0.127227 0.19014 0.246675 0.0795268 0.370088 0.0972336 0.00336478 0.418186 0.0589999
internal_weight=10950 1324 9626 219 1105 629 352 2763 476 173 303 136 90 46 83 108 2655 67 88
internal_count=10950 1324 9626 219 1105 629 352 2763 476 173 303 136 90 46 83 108 2655 67 88
is_linear=0
shrinkage=0.1


Tree=16
num_leaves=20
num_cat=0
split_feature=4 5 7 3 0 5 9 0 9 5 9 8 3 0 8 4 7 0 6
split_gain=2409.1 367.624 181.764 151.588 159.926 107.473 117.21 93.1272 87.4781 73.6312 66.8768 54.9097 51.9777 51.0585 43.8643 35.7508 36.9389 65.1848 28.6787
threshold=4.3571428571428585 10.053571428571431 0.62500000000000011 20.500000000000004 16.500000000000004 10.267857142857144 1.5000000000000002 1.0000000180025095e-35 3.5000000000000004 7.4821428571428585 4.5000000000000009 1.5000000000000002 5.5000000000000009 3.5000000000000004 26.500000000000004 1.0000000180025095e-35 0.12500000000000003 1.5000000000000002 2.3665933626609372
decision_type=2 2 2 2 2 2 2 2 2 2 2 2 2 2 2 2 2 2 2
left_child=2 7 15 5 -5 -3 -7 -2 9 -9 11 18 -12 -13 -10 -1 17 -17 -4
right_child=1 3 10 4 -6 6 -8 8 14 -11 12 13 -14 -15 -16 16 -18 -19 -20
leaf_value=-0.050654919503103718 -0.11925210343165832 0.37926958178480469 0.052062093759363985 0.21998132125784955 0.63621823082367579 0.076437325432248737 0.19659911861535218 0.037969900273755956 0.1063435175300461 0.1107919612470581 0.010206194903872822 -0.021333448808256064 0.0887645326933445 0.01524475881277205 0.18428943572772874 -0.033755405004634413 -0.029166285417057597 0.16230463481375151 -0.042209555285099232
leaf_weight=828 22 24 187 24 14.999999999999998 115 276 392 365 215 1131 2366 91 455 90 43 4244 28 39
leaf_count=828 22 24 187 24 15 115 276 392 365 215 1131 2366 91 455 90 43 4244 28 39
internal_value=5.09642e-10 0.116033 -0.0189608 0.191579 0.380072 0.173865 0.161257 0.0843933 0.088612 0.0637635 -0.00370774 -0.0116341 0.0160563 -0.0154337 0.121761 -0.0316218 -0.0279696 0.043564 0.035794
internal_weight=10950 1538 9412 454 39 415 391 1084 1062 607 4269 3047 1222 2821 455 5143 4315 71 226
internal_count=10950 1538 9412 454 39 415 391 1084 1062 607 4269 3047 1222 2821 455 5143 4315 71 226
is_linear=0
shrinkage=0.1


Tree=17
num_leaves=20
num_cat=0
split_feature=4 4 3 5 3 9 0 4 0 8 6 5 3 4 9 8 8 6 9
split_gain=1951.37 308.725 193.684 151.426 148.275 106.296 93.9809 105.789 78.7828 68.7226 61.4852 110.163 59.3588 49.0612 49.3305 43.3026 38.5835 33.1835 27.0736
threshold=4.3571428571428585 10.785714285714286 23.500000000000004 1.3750000000000002 4.5000000000000009 2.5000000000000004 6.5000000000000009 9.2142857142857171 9.5000000000000018 26.500000000000004 4.9856298400093655 11.160714285714286 5.5000000000000009 0.35714285714285715 5.5000000000000009 1.5000000000000002 20.500000000000004 0.88207660295681922 5.5000000000000009
decision_type=2 2 2 2 2 2 2 2 2 2 2 2 2 2 2 2 2 2 2
left_child=3 5 4 17 -3 10 7 -7 -6 -8 12 -12 -2 -5 15 -15 -16 -1 -19
right_child=1 2 -4 13 8 6 9 -9 -10 -11 11 -13 -14 14 16 -17 -18 18 -20
leaf_value=-0.038910335481478368 -0.0030997012499882539 -0.085745220950671608 0.5276382450014353 -0.099759935200214395 0.098215325676823326 0.079831449789079759 0.11299982295283731 -0.17641806992537834 0.21720667678034969 0.20859433935511681 0.21596905153406706 -0.096104823350906379 0.070603917360876164 0.03175764923451195 0.013516775814985688 -0.0086222904069428938 0.077639831835019199 -0.025676270942585927 -0.0021610506569276324
leaf_weight=1722 229 21 15.999999999999998 50 73 308 265 17 234 105 46 14.999999999999998 209 293 418 2837 121 3399 572
leaf_count=1722 229 21 16 50 73 308 265 17 234 105 46 15 209 293 418 2837 121 3399 572
internal_value=-2.22847e-10 0.10443 0.1879 -0.0170647 0.171328 0.0803817 0.105664 0.0664276 0.188912 0.140128 0.0451691 0.13923 0.0320694 -0.00137134 -3.053e-05 -0.00484232 0.0279117 -0.0273166 -0.022289
internal_weight=10950 1538 344 9412 328 1194 695 325 307 370 499 61 438 3719 3669 3130 539 5693 3971
internal_count=10950 1538 344 9412 328 1194 695 325 307 370 499 61 438 3719 3669 3130 539 5693 3971
is_linear=0
shrinkage=0.1


Tree=18
num_leaves=20
num_cat=0
split_feature=4 5 3 2 1 4 3 4 9 6 4 5 6 10 7 9 1 0 3
split_gain=1589.94 197.124 195.08 183.945 118.358 138.251 157.931 120.405 71.4453 88.239 70.1321 63.7838 58.876 50.771 49.2098 48.2503 45.7335 42.0489 57.1124
threshold=6.0714285714285721 2.2678571428571432 12.500000000000002 17.500000000000004 9.5000000000000018 9.7857142857142865 20.500000000000004 8.6428571428571441 1.5000000000000002 4.8415568399274234 10.071428571428573 12.660714285714286 1.2034693168552477 7.5000000000000009 0.98214285714285732 4.5000000000000009 1.0000000180025095e-35 7.5000000000000009 1.5000000000000002
decision_type=2 2 2 2 2 2 2 2 2 2 2 2 2 2 2 2 2 2 2
left_child=1 12 3 8 10 7 -7 -6 14 -10 13 -5 -1 -4 -2 -14 -3 18 -18
right_child=2 16 4 11 5 6 -8 -9 9 -11 -12 -13 15 -15 -16 -17 17 -19 -20
leaf_value=-0.028252405070866373 -0.043155718482572769 -0.032089177561564403 0.12731981880962848 0.20035710003640919 0.22081535716851547 0.14221364485876015 0.40596483884645362 0.61518031735904521 0.1168720141068286 0.015336209556886127 0.21689313803949664 0.45754610617955527 -0.018161426028524785 -0.052426808440324039 0.058556667763601855 0.006173549434768443 0.050260375544168706 0.082875006238573079 0.0061380756381142479
leaf_weight=4058 61 171 30 27 15.000000000000002 120 28 15.999999999999998 463 105 31 14.999999999999998 2813 33 216 1147 401 107 1093
leaf_count=4058 61 171 30 27 15 120 28 16 463 105 31 15 2813 33 216 1147 401 107 1093
internal_value=-1.56607e-10 -0.0131166 0.1107 0.0879488 0.184619 0.232334 0.192113 0.424359 0.0777962 0.0981022 0.0937574 0.29221 -0.0197874 0.0331668 0.0361579 -0.0111129 0.0170676 0.0223179 0.0179808
internal_weight=10950 9790 1160 887 273 179 148 31 845 568 94 42 8018 63 277 3960 1772 1601 1494
internal_count=10950 9790 1160 887 273 179 148 31 845 568 94 42 8018 63 277 3960 1772 1601 1494
is_linear=0
shrinkage=0.1


Tree=19
num_leaves=20
num_cat=0
split_feature=5 4 3 0 3 9 3 2 7 0 1 0 6 9 5 6 9 0 4
split_gain=1298.82 201.385 133.442 123.524 112.704 77.9492 139.1 71.8139 76.6685 69.9296 72.2783 63.9341 60.7171 38.5236 45.3267 37.5585 33.747 37.3011 32.6038
threshold=4.4464285714285721 10.785714285714286 23.500000000000004 1.5000000000000002 4.5000000000000009 2.5000000000000004 1.5000000000000002 1.5000000000000002 0.12500000000000003 14.500000000000002 10.500000000000002 22.500000000000004 3.3864600510617353 4.5000000000000009 3.660714285714286 0.76888916740181312 5.5000000000000009 1.0000000180025095e-35 3.3571428571428572
decision_type=2 2 2 2 2 2 2 2 2 2 2 2 2 2 2 2 2 2 2
left_child=3 5 4 15 -3 9 -7 8 -5 10 -2 -6 -8 -9 -15 -1 -17 -18 -10
right_child=1 2 -4 7 11 6 12 13 18 -11 -12 -13 -14 14 -16 16 17 -19 -20
leaf_value=-0.039227773761599971 0.041306122663960367 -0.083236925516809737 0.43664133492857221 0.15218752282006401 0.14449897005639895 0.33678233118897138 0.12447273448023964 0.006444233797261275 -0.018464609128045865 0.24161544302478433 -0.099461158625781532 0.33389131175844294 0.058665345557841614 0.031960615840887802 0.15304069365515854 -0.021690963573045518 -0.017249698367218031 0.029148774200322511 0.034362830090454766
leaf_weight=1043 414 21 15.999999999999998 28 288 22 212 1062 1605 15.999999999999998 40 19 414 490 33 4384 424 293 126
leaf_count=1043 414 21 16 28 288 22 212 1062 1605 16 40 19 414 490 33 4384 424 293 126
internal_value=6.634e-11 0.0877366 0.154645 -0.0135193 0.140889 0.0671494 0.0896372 0.0019468 -0.011964 0.036145 0.0289037 0.15622 0.0809516 0.0173847 0.0396005 -0.021937 -0.0184016 0.0017109 -0.0146193
internal_weight=10950 1462 344 9488 328 1118 648 3344 1759 470 454 307 626 1585 523 6144 5101 717 1731
internal_count=10950 1462 344 9488 328 1118 648 3344 1759 470 454 307 626 1585 523 6144 5101 717 1731
is_linear=0
shrinkage=0.1


Tree=20
num_leaves=20
num_cat=0
split_feature=4 4 3 1 0 4 8 6 5 1 1 0 1 4 4 2 9 8 6
split_gain=1066.34 146.444 140.256 97.7172 96.9546 67.2633 62.2322 68.2223 63.219 60.6345 94.9851 62.1227 54.5165 52.5213 47.4862 41.7099 40.7138 40.7397 39.9912
threshold=6.3571428571428585 2.785714285714286 6.5000000000000009 21.500000000000004 2.5000000000000004 10.785714285714286 20.500000000000004 3.1757607911566623 6.3035714285714297 16.500000000000004 8.5000000000000018 3.5000000000000004 6.5000000000000009 1.0714285714285716 9.9285714285714306 5.5000000000000009 3.5000000000000004 18.500000000000004 3.2551960019040469
decision_type=2 2 2 2 2 2 2 2 2 2 2 2 2 2 2 2 2 2 2
left_child=1 13 9 4 -4 -6 8 12 18 10 11 -2 -8 -1 -12 -9 -15 -18 -3
right_child=2 6 3 -5 5 -7 7 15 -10 -11 14 -13 -14 16 -16 -17 17 -19 -20
leaf_value=-0.022879602876212622 -0.13697237787488847 0.0027279292024875632 0.31278956856416618 0.29504935741424559 0.079577329300400707 0.14386412977832352 0.060191026292487626 -0.060635769409792761 -0.10093946941899803 -0.14857290685176849 0.16574422461383137 0.030612294226496792 0.17839709058727907 -0.015673656237306276 0.03024938448675369 0.044168116188192941 -0.004376484623769568 0.030633206187895584 0.067236527446324801
leaf_weight=4336 25 677 23 30 427 263 257 70 53 15.999999999999998 81 192 46 2422 38 83 1359 440 112
leaf_count=4336 25 677 23 30 427 263 257 70 53 16 81 192 46 2422 38 83 1359 440 112
internal_value=1.36668e-10 -0.0104021 0.0936185 0.118252 0.110813 0.104081 0.020897 0.0506509 0.00478326 0.0416217 0.0506786 0.0113053 0.0781365 -0.0151498 0.122477 -0.00378137 -0.00720934 0.0041862 0.011885
internal_weight=10950 9855 1095 743 713 690 1298 456 842 352 336 217 303 8557 119 153 4221 1799 789
internal_count=10950 9855 1095 743 713 690 1298 456 842 352 336 217 303 8557 119 153 4221 1799 789
is_linear=0
shrinkage=0.1


Tree=21
num_leaves=20
num_cat=0
split_feature=5 0 0 9 1 2 5 2 7 8 3 0 1 7 3 5 8 0 4
split_gain=868.48 124.526 111.798 94.3489 115.659 71.6421 123.264 71.0947 63.0033 59.5224 58.9726 97.5211 94.0269 54.3254 58.0567 45.5109 41.953 41.0027 40.6084
threshold=5.6250000000000009 17.500000000000004 1.5000000000000002 3.5000000000000004 17.500000000000004 20.500000000000004 11.375000000000002 1.5000000000000002 0.12500000000000003 23.500000000000004 9.5000000000000018 6.5000000000000009 12.500000000000002 0.98214285714285732 2.5000000000000004 4.1964285714285721 22.500000000000004 10.500000000000002 15.500000000000002
decision_type=2 2 2 2 2 2 2 2 2 2 2 2 2 2 2 2 2 2 2
left_child=2 3 15 4 16 6 9 8 -4 -3 12 -12 -5 17 -15 -1 -2 -9 -8
right_child=1 5 7 10 -6 -7 18 13 -10 -11 11 -13 -14 14 -16 -17 -18 -19 -20
leaf_value=-0.018004011105136313 -0.015696079952744989 0.21661973237991333 0.13865764173013825 0.098886791195839666 0.27441961878821969 0.0084677346442875116 0.44142692003931316 0.016180607285676933 -0.012551099774272136 -0.030541642167066275 0.029543051913832177 0.17093240080032757 -0.042381087089812419 -0.07520741310581798 0.13621504375900048 -0.15893492967538214 0.048016531987132523 -0.12789545617997647 0.24476812453497027
leaf_weight=6136 127 20 28 207 21 19 21 1598 1736 19 66 187 61 15.999999999999998 69 23 555 20 21
leaf_count=6136 127 20 28 207 21 19 21 1598 1736 19 66 187 61 16 69 23 555 20 21
internal_value=1.1328e-10 0.0759367 -0.0104446 0.0671708 0.0432697 0.183231 0.224225 0.00391922 -0.010151 0.0962078 0.0994213 0.134048 0.0667325 0.0184934 0.0964179 -0.0185303 0.0361522 0.0143997 0.343098
internal_weight=10950 1324 9626 1224 703 100 81 3467 1764 39 521 253 268 1703 85 6159 682 1618 42
internal_count=10950 1324 9626 1224 703 100 81 3467 1764 39 521 253 268 1703 85 6159 682 1618 42
is_linear=0
shrinkage=0.1


Tree=22
num_leaves=20
num_cat=0
split_feature=4 5 0 6 1 1 9 7 5 5 0 9 1 2 1 9 6 8 0
split_gain=706.467 129.831 92.0562 90.9773 138.318 82.4061 71.3001 67.6913 61.4613 44.0172 41.9121 34.4087 89.6997 39.2983 32.1438 28.8576 31.2378 26.6573 22.1694
threshold=4.2142857142857153 9.196428571428573 9.5000000000000018 5.0514564255986407 10.500000000000002 17.500000000000004 5.5000000000000009 0.62500000000000011 11.982142857142859 9.9107142857142865 1.0000000180025095e-35 4.5000000000000009 10.500000000000002 14.500000000000002 1.0000000180025095e-35 5.5000000000000009 1.5444103727770806 1.5000000000000002 3.5000000000000004
decision_type=2 2 2 2 2 2 2 2 2 2 2 2 2 2 2 2 2 2 2
left_child=7 10 3 8 -5 9 -7 -1 -3 -4 -2 12 -12 -13 18 17 -17 -16 -9
right_child=1 2 5 4 -6 6 -8 14 -10 -11 11 13 -14 -15 15 16 -18 -19 -20
leaf_value=-0.018137545498779325 -0.095801265808669003 0.13552328010032674 0.22048563984853609 0.093061485489209506 -0.1577459182514441 0.30125746448402824 0.082375853170048113 -0.024113461745835341 -0.075864698318764578 0.094290341103047723 0.043934003701629379 0.063407913535196328 -0.073048144430942735 0.21602935459878714 0.032031092245901081 -0.001794855498398344 0.04701569629236927 -0.0034988107957081675 0.022426066741789298
leaf_weight=5142 22 98 31 45 43 46 22 772 15.999999999999998 255 642 269 73 18 230 240 289 2579 118
leaf_count=5142 22 98 31 45 43 46 22 772 16 255 642 269 73 18 230 240 289 2579 118
internal_value=1.12949e-10 0.0618558 0.100758 0.0468918 -0.0294921 0.131495 0.230443 -0.0104303 0.105855 0.107969 0.0407331 0.0437309 0.0319904 0.07298 -0.00105696 0.00344532 0.024871 -0.000589634 -0.0179431
internal_weight=10950 1580 556 202 88 354 68 9370 114 286 1024 1002 715 287 4228 3338 529 2809 890
internal_count=10950 1580 556 202 88 354 68 9370 114 286 1024 1002 715 287 4228 3338 529 2809 890
is_linear=0
shrinkage=0.1


Tree=23
num_leaves=20
num_cat=0
split_feature=4 0 3 2 8 2 9 4 0 8 9 7 9 6 8 6 9 8 6
split_gain=582.939 102.376 93.4642 121.924 85.3929 69.5213 115.902 113.128 94.7807 62.6626 62.4797 61.6989 57.8965 54.2359 45.7818 38.8883 37.9953 38.4204 32.9942
threshold=6.9285714285714297 3.5000000000000004 12.500000000000002 17.500000000000004 16.500000000000004 15.500000000000002 3.5000000000000004 11.500000000000002 6.5000000000000009 26.500000000000004 4.5000000000000009 0.94642857142857151 1.5000000000000002 3.9178424789577959 24.500000000000004 1.2034693168552477 5.5000000000000009 20.500000000000004 3.1757607911566623
decision_type=2 2 2 2 2 2 2 2 2 2 2 2 2 2 2 2 2 2 2
left_child=1 15 3 11 -3 8 -7 -8 -4 -10 -5 -2 -13 14 -6 -1 18 -18 -17
right_child=2 4 5 10 13 6 7 -9 9 -11 -12 12 -14 -15 -16 16 17 -19 -20
leaf_value=-0.018515143561355401 -0.11258029174059631 -0.01257505594882407 -0.039833582050743555 0.12875176163820121 0.058190680392993299 -0.1837238206582911 -0.046959571374787228 0.22075233035965969 0.22382070805109305 0.081428886134000067 0.38504017720619843 0.0079573843399730494 0.071811869999415481 -0.038217973802238708 -0.005150731885140496 -0.0066260202312017433 0.0052240311111745544 0.066099463967749711 -0.049332803897559646
leaf_weight=3977 24 553 21 26 617 17 27 38 117 42 14.999999999999998 212 430 84 140 3778 512 130 190
leaf_count=3977 24 553 21 26 617 17 27 38 117 42 15 212 430 84 140 3778 512 130 190
internal_value=-2.03376e-11 -0.00718918 0.0740508 0.0551447 0.0179471 0.125068 0.0487485 0.109549 0.159836 0.186208 0.222516 0.0448411 0.050726 0.0380169 0.0464763 -0.0112698 -0.00501924 0.0175508 -0.00867095
internal_weight=10950 9981 969 707 1394 262 82 65 180 159 41 666 642 841 757 8587 4610 642 3968
internal_count=10950 9981 969 707 1394 262 82 65 180 159 41 666 642 841 757 8587 4610 642 3968
is_linear=0
shrinkage=0.1


Tree=24
num_leaves=20
num_cat=0
split_feature=7 9 2 10 5 3 6 1 4 3 1 2 9 6 10 3 5 4 8
split_gain=472.509 100.173 86.868 98.2895 94.4188 73.0284 108.903 94.5025 72.971 57.618 91.9999 92.3451 52.5429 120.204 60.495 46.3907 46.7525 48.4626 43.3585
threshold=0.98214285714285732 4.5000000000000009 12.500000000000002 10.500000000000002 11.982142857142859 14.500000000000002 3.0252971043324619 12.500000000000002 3.0714285714285716 5.5000000000000009 18.500000000000004 13.500000000000002 1.0000000180025095e-35 4.1641992291290757 11.500000000000002 1.5000000000000002 6.0178571428571432 6.2142857142857153 18.500000000000004
decision_type=2 2 2 2 2 2 2 2 2 2 2 2 2 2 2 2 2 2 2
left_child=8 9 5 4 -4 6 -3 -7 -1 12 11 -11 13 -2 -14 16 17 -10 -17
right_child=1 2 3 -5 -6 7 -8 -9 15 10 -12 -13 14 -15 -16 18 -18 -19 -20
leaf_value=-0.010028963618241757 0.0099110054150223729 0.1656772356549347 0.29920629017185746 -0.048719074623659257 0.090540271656853813 0.070229370956835541 -0.0023529488952071581 0.39285879155000053 0.054276193132916956 0.068840874082955958 0.24410817158909948 -0.049748268539642364 -0.0028174276400393656 0.33267570545276004 -0.19908745225299807 -0.032367000776064518 0.21382971791660085 -0.11565854881062276 0.02221351048489521
leaf_weight=8826 50 54 57 15.999999999999998 35 23 135 14.999999999999998 248 446 26 77 206 14.999999999999998 17 214 17 18 455
leaf_count=8826 50 54 57 16 35 23 135 15 248 446 26 77 206 15 17 214 17 18 455
internal_value=9.23869e-11 0.0600011 0.106213 0.180039 0.219822 0.0710885 0.0456557 0.197583 -0.00719179 0.0415054 0.0605086 0.0513813 0.00528059 0.0843952 -0.0177797 0.0191117 0.0530521 0.0427768 0.00475427
internal_weight=10950 1172 335 108 92 227 189 38 9778 837 549 523 288 65 223 952 283 266 669
internal_count=10950 1172 335 108 92 227 189 38 9778 837 549 523 288 65 223 952 283 266 669
is_linear=0
shrinkage=0.1


Tree=25
num_leaves=20
num_cat=0
split_feature=4 2 1 6 5 0 8 0 4 2 1 3 2 7 10 5 4 6 5
split_gain=389.391 80.0491 78.0176 95.9691 92.4687 75.7354 66.9896 60.8504 56.1492 92.889 141.688 62.6021 49.6776 51.8123 47.9737 84.9083 50.7822 33.2785 30.4737
threshold=6.9285714285714297 6.5000000000000009 10.500000000000002 5.0514564255986407 10.732142857142859 1.5000000000000002 23.500000000000004 14.500000000000002 13.928571428571431 13.500000000000002 16.500000000000004 14.500000000000002 1.5000000000000002 0.12500000000000003 1.5000000000000002 9.8392857142857171 7.2142857142857153 3.9178424789577959 3.660714285714286
decision_type=2 2 2 2 2 2 2 2 2 2 2 2 2 2 2 2 2 2 2
left_child=5 2 4 6 7 -1 -4 -2 14 11 -11 -10 13 -7 15 -3 -16 18 -14
right_child=1 8 3 -5 -6 12 -8 -9 9 10 -12 -13 17 -15 16 -17 -18 -19 -20
leaf_value=-0.012714487537663542 0.010996098152187828 0.31297738080223403 0.10924823501935373 -0.2801625815822798 0.26416423093113633 0.12799483822891489 -0.10685236281715334 0.21440446237102151 0.17179478317499164 -0.10058495663106443 0.2012186199745962 0.42199885154763861 0.011939681555162205 -0.0091180600294127698 0.21450463175773621 0.040221346527338026 0.052027982827423824 -0.03944263749222443 0.04167546872546276
leaf_weight=6175 182 21 26 17 18 28 32 15.999999999999998 30 28 35 14.999999999999998 1472 1753 20 25 504 103 450
leaf_count=6175 182 21 26 17 18 28 32 16 30 28 35 15 1472 1753 20 25 504 103 450
internal_value=1.88283e-10 0.0605217 0.0166499 -0.0712211 0.0471607 -0.00587571 -0.00997968 0.0274331 0.0793516 0.145464 0.0670837 0.255196 0.00521978 -0.00696244 0.066825 0.16474 0.0582294 0.0159341 0.0189018
internal_weight=10950 969 291 75 216 9981 58 198 678 108 63 45 3806 1781 570 46 524 2025 1922
internal_count=10950 969 291 75 216 9981 58 198 678 108 63 45 3806 1781 570 46 524 2025 1922
is_linear=0
shrinkage=0.1


Tree=26
num_leaves=20
num_cat=0
split_feature=3 4 9 1 4 8 2 2 4 0 1 6 10 0 5 6 5 3 10
split_gain=322.417 85.8641 94.9489 167.166 115.533 76.2253 85.5041 66.2253 79.3363 62.937 63.6457 34.4168 32.3965 156.919 177.597 67.045 71.2705 60.3481 30.3634
threshold=5.5000000000000009 10.642857142857144 4.5000000000000009 13.500000000000002 13.642857142857144 26.500000000000004 15.500000000000002 16.500000000000004 11.357142857142859 2.5000000000000004 12.500000000000002 2.3665933626609372 2.5000000000000004 9.5000000000000018 9.946428571428573 4.9856298400093655 11.053571428571431 12.500000000000002 9.5000000000000018
decision_type=2 2 2 2 2 2 2 2 2 2 2 2 2 2 2 2 2 2 2
left_child=7 12 5 -4 -5 6 -3 8 9 11 -11 -1 13 17 -15 16 -14 -2 -17
right_child=1 2 3 4 -6 -7 -8 -9 -10 10 -12 -13 15 14 -16 18 -18 -19 -20
leaf_value=-0.0092653619273406311 -0.013159550870726774 0.1402233606509479 0.43383881688117987 -0.011870443918987325 0.24602006915956737 -0.033019416700258396 -0.020894307416418328 0.18021131957832137 -0.22250677873106564 0.010668647841459926 -0.15658471289536227 -0.04487813197915172 0.026238286672481178 0.3943039963642756 -0.011210199486878184 -0.13839278350983347 0.20504050682420316 0.17554870266467335 0.0076436664443463092
leaf_weight=7198 111 116 20 38 32 66 46 19 17 2110 23 282 725 27 18 35 23 20 24
leaf_count=7198 111 116 20 38 32 66 46 19 17 2110 23 282 725 27 18 35 23 20 24
internal_value=1.54625e-11 0.0467309 0.0918988 0.17887 0.106022 0.0575679 0.0944739 -0.00630085 -0.00666884 -0.00628714 0.00886517 -0.010608 0.0321191 0.0709925 0.232098 0.0236411 0.0317362 0.0156509 -0.0789881
internal_weight=10950 1301 318 90 70 228 162 9649 9630 9613 2133 7480 983 176 45 807 748 131 59
internal_count=10950 1301 318 90 70 228 162 9649 9630 9613 2133 7480 983 176 45 807 748 131 59
is_linear=0
shrinkage=0.1


Tree=27
num_leaves=20
num_cat=0
split_feature=7 9 10 2 3 6 10 6 4 0 1 0 0 4 2 1 0 6 9
split_gain=267.486 66.0965 57.0389 76.4305 69.8296 50.9361 48.9023 38.5654 128.524 48.7007 48.695 46.2402 39.7805 38.6584 38.5027 40.6237 36.7826 71.4553 57.7751
threshold=0.98214285714285732 4.5000000000000009 10.500000000000002 10.500000000000002 14.500000000000002 1.3100375744044979 2.5000000000000004 4.9856298400093655 9.2142857142857171 10.500000000000002 5.5000000000000009 9.5000000000000018 10.500000000000002 7.9285714285714297 10.500000000000002 8.5000000000000018 13.500000000000002 4.0237654775722111 1.0000000180025095e-35
decision_type=2 2 2 2 2 2 2 2 2 2 2 2 2 2 2 2 2 2 2
left_child=5 16 3 4 -3 -1 -5 9 11 13 -11 -9 -10 -7 15 -4 -2 -18 -19
right_child=1 2 14 6 -6 7 -8 8 12 10 -12 -13 -14 -15 -16 -17 17 18 -20
leaf_value=-0.012563909015246883 0.021172269553078951 0.028682176623129309 0.16515525463554595 0.32395290033891799 0.22909458395093682 0.00094179375076328868 0.13639667484698431 0.096981950052853289 0.022922129735902505 -0.18135518747670898 0.021471947729587555 0.29463065717369319 -0.1659446457498952 0.11879465315224869 -0.1072604095482308 -0.044486404141705294 -0.076440584938973197 0.21750885798699326 0.06123396836329198
leaf_weight=4933 708 133 18 15.999999999999998 20 4673 106 29 27 29 20 20 19 28 23 19 24 36 69
leaf_count=4933 708 133 18 16 20 4673 106 29 27 29 20 20 19 28 23 19 24 36 69
internal_value=7.88714e-11 0.0451445 0.082682 0.101956 0.0548799 -0.00541106 0.160994 0.00187171 0.0649583 0.000609977 -0.0985686 0.177655 -0.0550881 0.00164375 -0.00565728 0.0575014 0.0301205 0.0792317 0.114814
internal_weight=10950 1172 335 275 153 9778 122 4845 95 4750 49 49 46 4701 60 37 837 129 105
internal_count=10950 1172 335 275 153 9778 122 4845 95 4750 49 49 46 4701 60 37 837 129 105
is_linear=0
shrinkage=0.1


Tree=28
num_leaves=16
num_cat=0
split_feature=0 2 5 3 4 3 10 4 10 3 5 0 9 8 4
split_gain=223.525 87.3804 65.9838 91.8085 70.8619 56.8618 61.7855 67.505 59.5663 51.7157 65.3704 47.0197 45.108 40.7183 34.9116
threshold=6.5000000000000009 6.5000000000000009 11.589285714285717 12.500000000000002 8.2142857142857171 23.500000000000004 1.5000000000000002 10.642857142857144 4.5000000000000009 15.500000000000002 11.053571428571431 1.0000000180025095e-35 4.5000000000000009 18.500000000000004 4.7857142857142865
decision_type=2 2 2 2 2 2 2 2 2 2 2 2 2 2 2
left_child=9 2 3 13 -5 6 7 -3 -8 10 11 14 -13 -2 -1
right_child=1 5 -4 4 -6 -7 8 -9 -10 -11 -12 12 -14 -15 -16
leaf_value=-0.012491645270254231 -0.056012586170229417 0.25474218968302015 -0.1680371715128422 0.026935113547369841 0.32014528780299079 0.24799473986906162 -0.01190805365331471 -0.0023543430368105573 0.069627359688872403 -0.14039856557335173 0.1482769542506763 -0.0045449723968363784 0.014953684396977043 0.02168907042585003 -0.15207483743627867
leaf_weight=3961 87 32 20 15.999999999999998 17 17 112 14.999999999999998 448 28 28 4197 1654 300 18
leaf_count=3961 87 32 20 16 17 17 112 15 448 28 28 4197 1654 300 18
internal_value=7.12632e-11 0.0435508 0.00942344 0.0178739 0.177983 0.0676149 0.0625631 0.17269 0.0533203 -0.00468724 -0.00430177 -0.00473638 0.000967039 0.00422126 -0.0131231
internal_weight=10950 1064 440 420 33 624 607 47 560 9886 9858 9830 5851 387 3979
internal_count=10950 1064 440 420 33 624 607 47 560 9886 9858 9830 5851 387 3979
is_linear=0
shrinkage=0.1


Tree=29
num_leaves=20
num_cat=0
split_feature=3 4 3 6 4 2 2 5 2 4 0 1 6 3 1 5 8 0 8
split_gain=182.848 52.6735 67.1673 56.0423 105.465 60.7621 47.7415 43.2306 40.7549 64.9994 33.0404 32.3762 79.4354 90.1759 51.0626 54.416 50.4849 48.7605 31.8388
threshold=5.5000000000000009 10.642857142857144 23.500000000000004 6.2941793083053676 14.928571428571431 17.500000000000004 1.5000000000000002 3.8750000000000004 16.500000000000004 11.357142857142859 1.5000000000000002 10.500000000000002 4.9856298400093655 14.500000000000002 9.5000000000000018 11.446428571428573 26.500000000000004 8.5000000000000018 25.500000000000004
decision_type=2 2 2 2 2 2 2 2 2 2 2 2 2 2 2 2 2 2 2
left_child=6 11 3 5 -5 -3 7 18 9 10 -8 14 13 -13 15 -2 -16 -14 -1
right_child=1 2 -4 4 -6 -7 8 -9 -10 -11 -12 12 17 -15 16 -17 -18 -19 -20
leaf_value=-0.006472184369906416 0.02105754292625564 0.054396788944853593 0.27023681439459324 0.10970696806907654 -0.23761105112293188 0.18298264159397648 -0.0054815597569561709 -0.12607701603556051 0.15047271988893812 -0.19747772198170424 0.013826515796098055 -0.021634222243754372 -0.29167338252067559 0.20084322748536412 0.057515026535838842 0.18817647263407708 0.26963635271086411 -0.036694831252098083 -0.026752580301844749
leaf_weight=5120 755 223 15.999999999999998 18 17 44 1709 32 19 15.999999999999998 1841 106 15.000000000000002 22 33 20 17 14.999999999999998 912
leaf_count=5120 755 223 16 18 17 44 1709 32 19 16 1841 106 15 22 33 20 17 15 912
internal_value=1.44762e-10 0.0351917 0.0705687 0.0599903 -0.0589904 0.075587 -0.00474499 -0.0101534 0.00440334 0.00362507 0.00453145 0.0237473 -0.0177228 0.0166041 0.0316894 0.0253703 0.129636 -0.164184 -0.00953845
internal_weight=10950 1301 318 302 35 267 9649 6064 3585 3566 3550 983 158 128 825 775 50 30 6032
internal_count=10950 1301 318 302 35 267 9649 6064 3585 3566 3550 983 158 128 825 775 50 30 6032
is_linear=0
shrinkage=0.1


Tree=30
num_leaves=20
num_cat=0
split_feature=1 3 5 6 1 5 5 9 1 7 4 2 8 3 4 4 9 5 6
split_gain=153.889 44.6258 74.042 46.738 74.2108 47.1597 127.276 55.6347 40.8738 35.8453 33.0611 26.519 26.0692 86.7179 28.4472 21.9185 23.5878 22.5742 9.48445
threshold=5.5000000000000009 20.500000000000004 14.785714285714286 6.0733182163763191 10.500000000000002 14.196428571428573 12.410714285714286 2.5000000000000004 18.500000000000004 0.8392857142857143 4.7857142857142865 1.0000000180025095e-35 24.500000000000004 11.500000000000002 8.5000000000000018 0.2142857142857143 5.5000000000000009 1.517857142857143 1.4478608261508765
decision_type=2 2 2 2 2 2 2 2 2 2 2 2 2 2 2 2 2 2 2
left_child=9 3 -3 5 -5 6 -2 -7 -6 10 15 18 14 -14 -13 17 -17 -1 -11
right_child=1 2 -4 4 8 7 -8 -9 -10 11 -12 12 13 -15 -16 16 -18 -19 -20
leaf_value=-0.018368746966156712 0.03470876380943843 0.017095563099497842 0.30263780664536172 0.089180562441999275 -0.22535889692928479 0.006496867111751012 -0.17747443179632058 0.22181578810725894 -0.01317870746056239 0.037537013366818431 0.11517531970007854 0.013685511569046445 -0.048142880055969825 0.18970026961144282 0.091181313887010437 -0.0079098468620383122 0.0089443894846399485 -0.10120913824614358 -0.044593409288289226
leaf_weight=1012 1123 21 15.999999999999998 22 23 21 29 28 14.999999999999998 15.999999999999998 22 1422 156 17 49 5840 968 34 116
leaf_count=1012 1123 21 16 22 23 21 29 28 15 16 22 1422 156 17 49 5840 968 34 116
internal_value=-1.00807e-12 0.0323272 0.140573 0.0291511 -0.0569827 0.0334542 0.0293673 0.129536 -0.141604 -0.00434736 -0.00724121 0.00848595 0.0119485 -0.024771 0.0162669 -0.00758411 -0.00551342 -0.0210615 -0.0346382
internal_weight=10950 1298 37 1261 60 1201 1152 49 38 9652 7876 1776 1644 173 1471 7854 6808 1046 132
internal_count=10950 1298 37 1261 60 1201 1152 49 38 9652 7876 1776 1644 173 1471 7854 6808 1046 132
is_linear=0
shrinkage=0.1


Tree=31
num_leaves=17
num_cat=0
split_feature=0 8 3 3 3 1 2 5 10 6 5 10 9 9 8 6
split_gain=129.541 61.4364 70.619 49.3139 49.1091 105.289 54.002 47.9166 33.7532 29.9417 29.911 19.4117 17.0649 16.8888 14.0309 8.57236
threshold=6.5000000000000009 18.500000000000004 1.5000000000000002 15.500000000000002 13.500000000000002 9.5000000000000018 17.500000000000004 11.053571428571431 3.5000000000000004 1.3100375744044979 10.553571428571431 5.5000000000000009 2.5000000000000004 2.5000000000000004 25.500000000000004 1.9177939529111683
decision_type=2 2 2 2 2 2 2 2 2 2 2 2 2 2 2 2
left_child=3 11 8 7 6 -6 -4 9 -3 14 -11 15 -13 -10 -1 -2
right_child=1 2 4 -5 5 -7 -8 -9 13 10 -12 12 -14 -15 -16 -17
leaf_value=-0.0063887679653019218 0.067245375116666159 0.038255342841148378 0.01522181603138536 -0.13609087879636458 -0.031395726382243826 0.12619623436773425 0.12952912893484941 0.12743910511157341 0.14583832512007042 0.0024085179481233578 -0.13901960690816245 -0.034579615590387379 -0.14992242176895557 0.2889818284660578 -0.019699523132494123 -0.029924684212259623
leaf_weight=3942 14.999999999999998 15.999999999999998 681 28 61 139 44 28 17 4882 14.999999999999998 29 23 15.999999999999998 991 23
leaf_count=3942 15 16 681 28 61 139 44 28 17 4882 15 29 23 16 991 23
internal_value=3.43143e-11 0.0331541 0.0404584 -0.00356827 0.0342611 0.0781307 0.0221591 -0.00319186 0.15745 -0.00356395 0.00197531 -0.0458957 -0.0855966 0.215241 -0.00906279 0.00843192
internal_weight=10950 1064 974 9886 925 200 725 9858 49 9830 4897 90 52 33 4933 38
internal_count=10950 1064 974 9886 925 200 725 9858 49 9830 4897 90 52 33 4933 38
is_linear=0
shrinkage=0.1


Tree=32
num_leaves=13
num_cat=0
split_feature=3 1 2 4 2 5 1 6 4 9 4 1
split_gain=109.368 36.6651 32.6159 52.4724 30.4467 34.5554 34.4662 30.2069 26.2392 24.8194 108.153 43.6894
threshold=5.5000000000000009 21.500000000000004 16.500000000000004 11.357142857142859 1.5000000000000002 3.8750000000000004 12.500000000000002 5.7116056590769686 0.50000000000000011 4.5000000000000009 13.642857142857144 10.500000000000002
decision_type=2 2 2 2 2 2 2 2 2 2 2 2
left_child=2 8 3 4 5 -1 -6 -3 -2 11 -11 -10
right_child=1 7 -4 -5 6 -7 -8 -9 9 10 -12 -13
leaf_value=-0.007382739995287723 -0.069391530642992458 0.23683113018671667 0.1272212499066403 -0.17946038934237818 0.0045835629977840448 -0.11323256603171748 -0.11097615017340734 0.036142582694689437 0.030282998300255843 0.033036249383559139 0.23638382958514348 -0.022551953981484848
leaf_weight=6032 29 15.000000000000002 19 17 3524 31 26 14.999999999999998 606 397 28 211
leaf_count=6032 29 15 19 17 3524 31 26 15 606 397 28 211
internal_value=2.27052e-11 0.0272171 -0.00366975 -0.003928 -0.00361758 -0.00792395 0.00373721 0.136487 0.0246379 0.0268335 0.0464333 0.0166377
internal_weight=10950 1301 9649 9630 9613 6063 3550 30 1271 1242 425 817
internal_count=10950 1301 9649 9630 9613 6063 3550 30 1271 1242 425 817
is_linear=0
shrinkage=0.1


Tree=33
num_leaves=20
num_cat=0
split_feature=7 9 10 2 6 5 6 2 0 3 0 1 1 7 2 9 4 2 1
split_gain=95.8814 35.0056 42.6386 41.6996 62.9799 52.0603 35.4692 31.1053 30.4272 64.0729 75.8336 41.969 43.7538 36.1375 27.1788 69.1831 60.6873 122.027 39.8906
threshold=0.98214285714285732 4.5000000000000009 10.500000000000002 7.5000000000000009 2.7047527890118537 6.3035714285714297 3.0252971043324619 9.5000000000000018 13.500000000000002 12.500000000000002 8.5000000000000018 14.500000000000002 10.500000000000002 0.94642857142857151 13.500000000000002 1.0000000180025095e-35 12.071428571428573 7.5000000000000009 10.500000000000002
decision_type=2 2 2 2 2 2 2 2 2 2 2 2 2 2 2 2 2 2 2
left_child=8 14 3 4 -3 -5 -4 -8 9 11 -11 12 -1 -10 16 -16 18 -18 -2
right_child=1 2 6 5 -6 -7 7 -9 13 10 -12 -13 -14 -15 15 -17 17 -19 -20
leaf_value=-0.0033613524411760728 0.023308411406369748 0.17688927195574111 0.11113927041956535 0.26493315556470087 -0.028093030660505027 0.081296176414581992 0.018586225265806371 -0.14773518494937732 -0.20041323006153108 0.017937167833248776 0.28229651847744691 0.14122641371563077 -0.11087671767332052 0.012539906303087871 0.11686348147690295 -0.071883290243902428 -0.064287442016986107 0.17806103463683809 -0.043945510024732015
leaf_weight=9641 525 19 14.999999999999998 17 71 168 22 23 17 30 17 20 38 14.999999999999998 25 87 31 63 106
leaf_count=9641 525 19 15 17 71 168 22 23 17 30 17 20 38 15 25 87 31 63 106
internal_value=-1.17077e-11 0.0270285 0.0543462 0.0710106 0.015181 0.0981709 -0.0220321 -0.0664225 -0.00323966 -0.00292001 0.113557 -0.00348444 -0.00378346 -0.100591 0.0160948 -0.0297523 0.0231774 0.0981376 0.0120106
internal_weight=10950 1172 335 275 90 185 60 45 9778 9746 47 9699 9679 32 837 112 725 94 631
internal_count=10950 1172 335 275 90 185 60 45 9778 9746 47 9699 9679 32 837 112 725 94 631
is_linear=0
shrinkage=0.1


Tree=34
num_leaves=20
num_cat=0
split_feature=1 2 0 3 5 6 1 2 4 9 4 4 8 8 5 8 5 4 5
split_gain=81.8128 39.5977 49.3413 80.7123 97.2925 36.3939 67.6479 36.7703 22.6879 21.6507 74.5551 54.9356 20.3397 20.5726 18.105 6.39359 4.31782 3.29633 1.33583
threshold=5.5000000000000009 23.500000000000004 17.500000000000004 18.500000000000004 14.785714285714286 6.0733182163763191 10.500000000000002 6.5000000000000009 0.2142857142857143 3.5000000000000004 8.3571428571428594 6.5000000000000009 28.500000000000004 14.500000000000002 1.517857142857143 8.5000000000000018 0.94642857142857151 0.92857142857142871 1.1250000000000002
decision_type=2 2 2 2 2 2 2 2 2 2 2 2 2 2 2 2 2 2 2
left_child=8 2 5 4 -4 7 -7 -2 14 12 11 -11 13 -10 15 16 -1 -14 -17
right_child=1 -3 3 -5 -6 6 -8 -9 9 10 -12 -13 17 -15 -16 18 -18 -19 -20
leaf_value=0.0067740817736277638 0.005575862548106136 -0.11604934375733139 0.11659837905317545 0.30098617076873779 -0.1565399534562055 0.088886968085640353 -0.14797476404205417 0.041559445515112897 -0.010082411439654992 0.004761722295975864 0.21979513566475362 -0.11308619264513253 -0.043557031922973694 0.0031729826960488119 -0.088853218625573549 -0.019309928048996988 -0.041228582195582841 -0.0063645668627162061 0.0029164545104971955
leaf_weight=174 551 20 56 15.999999999999998 17 19 33 586 2774 3562 15.999999999999998 40 160 2026 34 789 21 28 28
leaf_count=174 551 20 56 16 17 19 33 586 2774 3562 16 40 160 2026 34 789 21 28 28
internal_value=3.3626e-11 0.0235708 0.0257558 0.0975743 0.0529908 0.02038 -0.0614291 0.0241215 -0.0031698 -0.00147954 0.00440976 0.00345303 -0.0057513 -0.00448753 -0.0170765 -0.014665 0.00160456 -0.0380177 -0.0185482
internal_weight=10950 1298 1278 89 73 1189 52 1137 9652 8606 3618 3602 4988 4800 1046 1012 195 188 817
internal_count=10950 1298 1278 89 73 1189 52 1137 9652 8606 3618 3602 4988 4800 1046 1012 195 188 817
is_linear=0
shrinkage=0.1


Tree=35
num_leaves=18
num_cat=0
split_feature=0 3 8 3 5 6 3 5 10 2 2 6 4 4 8 4 0
split_gain=68.1438 43.8326 40.8185 51.4931 44.8294 42.1023 45.6641 34.6458 29.9172 27.3 27.0482 22.4846 75.9285 73.6675 16.1929 14.9521 7.62912
threshold=6.5000000000000009 15.500000000000002 17.500000000000004 2.5000000000000004 7.2321428571428585 2.8024904130219648 12.500000000000002 11.053571428571431 5.5000000000000009 6.5000000000000009 4.5000000000000009 4.6924545808277314 8.3571428571428594 8.6428571428571441 2.5000000000000004 3.0714285714285716 7.5000000000000009
decision_type=2 2 2 2 2 2 2 2 2 2 2 2 2 2 2 2 2
left_child=1 7 8 4 10 9 -7 11 16 -5 -4 13 -13 -1 -10 -16 -2
right_child=2 -3 3 5 -6 6 -8 -9 14 -11 -12 12 -14 -15 15 -17 -18
leaf_value=-0.0027593087567663668 -0.014946589060127736 -0.12752868059490408 0.11005561750220216 0.052174900236882663 0.2439155672573381 0.0020580910474298298 0.0538364259573091 0.1088450322193759 -0.01190427069241802 0.19215105541727762 -0.024757790328426798 0.044569871621206403 -0.17687353619451945 0.12548387404945163 -0.07122521561104804 -0.21019698195159436 0.079396620889504763
leaf_weight=9723 20 28 46 38 18 599 238 28 14.999999999999998 22 22 32 30 45 16.000000000000004 14.999999999999998 14.999999999999998
leaf_count=9723 20 28 46 38 18 599 238 28 15 22 22 32 30 45 16 15 15
internal_value=7.36399e-11 -0.00258801 0.0240461 0.0296686 0.103586 0.0225818 0.0167812 -0.00223314 -0.0441865 0.103499 0.0664395 -0.00254954 -0.0625802 -0.00216851 -0.0971983 -0.13847 0.0254862
internal_weight=10950 9886 1064 983 86 897 837 9858 81 60 68 9830 62 9768 46 31 35
internal_count=10950 9886 1064 983 86 897 837 9858 81 60 68 9830 62 9768 46 31 35
is_linear=0
shrinkage=0.1


Tree=36
num_leaves=13
num_cat=0
split_feature=3 1 2 4 6 0 1 6 4 0 5 2
split_gain=57.028 28.1193 23.5248 44.4481 22.8546 21.6353 53.8449 32.2237 16.8314 20.0401 78.1012 24.6951
threshold=5.5000000000000009 21.500000000000004 16.500000000000004 11.357142857142859 5.7116056590769686 2.5000000000000004 12.500000000000002 2.3665933626609372 0.50000000000000011 2.5000000000000004 5.5178571428571432 15.500000000000002
decision_type=2 2 2 2 2 2 2 2 2 2 2 2
left_child=2 8 3 5 -3 7 -7 -1 -2 10 -10 -11
right_child=1 4 -4 -5 -6 6 -8 -9 9 11 -12 -13
leaf_value=-0.0038177758203664621 -0.057914556614283866 0.20262774984041845 0.10851256353290457 -0.16442346634233701 0.028063272138436637 0.0079592364825698952 -0.14587841383788899 -0.038277180025235141 0.0147752332748199 0.019366651084033456 0.16939901776966595 -0.028145082910815557
leaf_weight=7198 29 15.000000000000002 19 17 14.999999999999998 2110 23 282 147 929 42 124
leaf_count=7198 29 15 19 17 15 2110 23 282 147 929 42 124
internal_value=-7.40991e-12 0.0196535 -0.00264993 -0.00286926 0.115346 -0.00258356 0.00630042 -0.00511691 0.0173948 0.0191533 0.0491361 0.0137717
internal_weight=10950 1301 9649 9630 30 9613 2133 7480 1271 1242 189 1053
internal_count=10950 1301 9649 9630 30 9613 2133 7480 1271 1242 189 1053
is_linear=0
shrinkage=0.1


Tree=37
num_leaves=20
num_cat=0
split_feature=1 3 8 4 6 10 10 5 2 10 0 5 5 4 4 3 0 0 3
split_gain=51.8884 53.9234 92.5703 48.4488 44.0473 42.0518 41.2901 129.324 33.8918 30.0534 24.7833 31.4349 66.6151 36.392 40.4367 35.793 18.6711 16.5399 14.6625
threshold=6.5000000000000009 1.5000000000000002 22.500000000000004 6.3571428571428585 3.2551960019040469 2.5000000000000004 4.5000000000000009 11.589285714285717 23.500000000000004 5.5000000000000009 16.500000000000004 7.7678571428571432 7.5535714285714297 9.7857142857142865 9.071428571428573 14.500000000000002 8.5000000000000018 4.5000000000000009 3.5000000000000004
decision_type=2 2 2 2 2 2 2 2 2 2 2 2 2 2 2 2 2 2 2
left_child=10 2 5 4 18 -2 7 -5 -8 -6 11 12 15 14 -13 -1 -15 -7 -3
right_child=1 3 -4 6 9 17 8 -9 -10 -11 -12 13 -14 16 -16 -17 -18 -19 -20
leaf_value=-0.0024889023828686949 -0.07539176739752293 -0.030830919251699625 0.31376317925751213 0.012785745984924738 -0.021460727399185212 0.055428426192306424 0.043306573427387238 -0.25482383862137797 -0.096103242867522767 -0.14439030521830848 0.10626844728276844 -0.049327113823965194 0.16816672624453255 0.12169287903855244 -0.20830169819295408 0.13489864185256392 -0.02589770596474409 0.17623427352484536 0.043320645109439893
leaf_weight=9694 20 48 15.999999999999998 186 37 34 559 20 18 43 21 80 23 14.999999999999998 20 19 20 17 60
leaf_count=9694 20 48 16 186 37 34 559 20 18 43 21 80 23 15 20 19 20 17 60
internal_value=-4.67947e-12 0.0210488 0.0964704 0.0142912 -0.0312951 0.047503 0.0252365 -0.0131958 0.0389576 -0.0875354 -0.00225128 -0.00248215 -0.00181764 -0.0504057 -0.081122 -0.00222015 0.0373554 0.095697 0.0103644
internal_weight=10950 1058 87 971 188 71 783 206 577 80 9892 9871 9736 135 100 9713 35 51 108
internal_count=10950 1058 87 971 188 71 783 206 577 80 9892 9871 9736 135 100 9713 35 51 108
is_linear=0
shrinkage=0.1


Tree=38
num_leaves=20
num_cat=0
split_feature=1 3 8 4 4 6 2 4 6 6 3 8 3 0 8 0 5 0 4
split_gain=42.8689 27.2953 65.6175 29.7366 41.0943 36.1291 31.7283 28.4985 41.0879 27.117 24.4084 17.3402 61.2325 42.533 31.4366 35.1124 49.1738 42.6699 19.7751
threshold=5.5000000000000009 1.5000000000000002 22.500000000000004 6.9285714285714297 7.0714285714285721 3.2134915732693514 6.5000000000000009 5.9285714285714297 2.3383992505084641 3.515182029257518 9.5000000000000018 25.500000000000004 11.500000000000002 8.5000000000000018 16.500000000000004 10.500000000000002 8.446428571428573 3.5000000000000004 6.2142857142857153
decision_type=2 2 2 2 2 2 2 2 2 2 2 2 2 2 2 2 2 2 2
left_child=11 2 7 5 -5 10 -6 8 -2 -7 -3 14 13 18 -1 17 -17 -16 -13
right_child=1 3 -4 4 6 9 -8 -9 -10 -11 -12 12 -14 -15 15 16 -18 -19 -20
leaf_value=-0.0045697397304416219 0.010372945458882234 0.022375864376586799 0.21214359046324441 0.17175898220804003 -0.016329458878317382 -0.12462572413741757 0.030559954060988562 -0.10053922149042289 0.14269466469413603 -0.025111414226780562 -0.10993076309561729 -0.015251003885117301 0.18059231974184514 -0.14284007082191796 0.0027164371939945408 -0.13223024010658266 0.063957454499445468 0.033132048386407147 0.085076897004619248
leaf_weight=6057 88 198 23 18 192 38 581 14.999999999999998 32 98 14.999999999999998 1110 15.999999999999998 26 1737 39 19 628 20
leaf_count=6057 88 198 23 18 192 38 581 15 32 98 15 1110 16 26 1737 39 19 628 20
internal_value=5.67041e-11 0.0170622 0.0560143 0.0116636 0.0223916 -0.0126511 0.0189134 0.0294145 0.0456587 -0.0529169 0.0130585 -0.00229453 -0.0136958 -0.0163849 -0.000718788 0.0089078 -0.0679619 0.010793 -0.0134753
internal_weight=10950 1298 158 1140 791 349 773 135 120 136 213 9652 1172 1156 8480 2423 58 2365 1130
internal_count=10950 1298 158 1140 791 349 773 135 120 136 213 9652 1172 1156 8480 2423 58 2365 1130
is_linear=0
shrinkage=0.1


Tree=39
num_leaves=16
num_cat=0
split_feature=0 5 5 8 3 3 2 5 6 5 3 6 10 9 3
split_gain=36.238 48.0547 60.1872 30.1693 47.866 28.6746 26.532 29.2696 24.6465 23.5666 19.0944 14.9054 18.0443 13.3226 5.22306
threshold=6.5000000000000009 11.857142857142859 11.053571428571431 18.500000000000004 1.5000000000000002 23.500000000000004 2.5000000000000004 6.0178571428571432 2.8024904130219648 10.553571428571431 11.500000000000002 2.3972507305756836 5.5000000000000009 2.5000000000000004 2.5000000000000004
decision_type=2 2 2 2 2 2 2 2 2 2 2 2 2 2 2
left_child=1 2 9 11 6 8 -5 -8 -6 10 -1 12 14 -14 -2
right_child=3 -3 -4 4 5 -7 7 -9 -10 -11 -12 -13 13 -15 -16
leaf_value=-0.0013619682665354125 -0.00052225934341549869 -0.16076884544209433 0.18111056867572997 0.22975674774497748 0.072518930573394341 0.14253315896623664 -0.028315270761959256 0.1575729736023479 0.01034123476314484 -0.12716347455978394 -0.055330877245940047 -0.12537934193387629 -0.0089589321497402612 -0.12055510509759189 0.081614508628845228
leaf_weight=9768 16.000000000000004 19 18 14.999999999999998 69 18 15.999999999999998 18 838 14.999999999999998 66 15.999999999999998 23 20 14.999999999999998
leaf_count=9768 16 19 18 15 69 18 16 18 838 15 66 16 23 20 15
internal_value=-1.08903e-10 -0.00188728 -0.00158133 0.0175354 0.022654 0.0175517 0.118972 0.0700962 0.0150714 -0.00191522 -0.00172418 -0.0378596 -0.0189364 -0.0608641 0.0392213
internal_weight=10950 9886 9867 1064 974 925 49 34 907 9849 9834 90 74 43 31
internal_count=10950 9886 9867 1064 974 925 49 34 907 9849 9834 90 74 43 31
is_linear=0
shrinkage=0.1


Tree=40
num_leaves=18
num_cat=0
split_feature=3 1 0 0 4 10 4 5 4 5 9 6 6 2 2 3 6
split_gain=32.7482 20.981 61.0329 89.5475 34.0251 117.207 76.3208 32.9576 17.917 69.7473 34.1052 40.8779 32.6176 71.3399 31.5956 25.01 13.0395
threshold=5.5000000000000009 18.500000000000004 8.5000000000000018 12.500000000000002 15.357142857142859 7.5000000000000009 14.642857142857144 13.732142857142859 9.5000000000000018 7.9464285714285721 2.5000000000000004 4.9856298400093655 3.3864600510617353 9.5000000000000018 9.5000000000000018 3.5000000000000004 5.393625757162007
decision_type=2 2 2 2 2 2 2 2 2 2 2 2 2 2 2 2 2
left_child=8 4 -3 -4 6 -6 7 -2 9 12 11 -10 13 -1 -11 -14 -5
right_child=1 2 3 16 5 -7 -8 -9 10 14 -12 -13 15 -15 -16 -17 -18
leaf_value=-0.0018703869192950844 0.00933176373140919 -0.10911305864651999 0.32625727926691378 0.093275649771094329 0.071914926495241088 -0.26878203616425811 0.23192554591223599 0.11550824498136839 -0.084042581859976054 0.19156962313033918 -0.14003578672806424 0.13433979843432706 -0.011639440503980344 0.12875399394847808 0.010556402504444123 -0.076737873615231378 -0.024044093324078454
leaf_weight=9259 1146 14.999999999999998 14.999999999999998 20 23 18 15.999999999999998 30 20 27 27 14.999999999999998 144 42 14.999999999999998 100 18
leaf_count=9259 1146 15 15 20 23 18 16 30 20 27 27 15 144 42 15 100 18
internal_value=2.67489e-12 0.0148932 0.0689689 0.119369 0.011911 -0.0776593 0.0149918 0.0120403 -0.00200809 -0.00166156 -0.0555923 0.00954987 -0.00222736 -0.00128053 0.126922 -0.0383191 0.0377031
internal_weight=10950 1301 68 53 1233 41 1192 1176 9649 9587 62 35 9545 9301 42 244 38
internal_count=10950 1301 68 53 1233 41 1192 1176 9649 9587 62 35 9545 9301 42 244 38
is_linear=0
shrinkage=0.1


Tree=41
num_leaves=20
num_cat=0
split_feature=1 3 8 10 4 10 6 10 5 4 3 9 4 10 4 6 5 0 2
split_gain=27.713 37.1794 59.413 32.5356 30.703 38.1456 41.8209 31.0389 104.983 33.5818 29.0349 18.9455 76.8485 26.2318 64.1232 32.1832 19.3657 50.7919 44.57
threshold=6.5000000000000009 1.5000000000000002 22.500000000000004 2.5000000000000004 6.3571428571428585 5.5000000000000009 2.9035296770182231 4.5000000000000009 11.660714285714286 6.7857142857142865 9.5000000000000018 3.5000000000000004 8.5000000000000018 2.5000000000000004 6.5000000000000009 1.9356680966124193 7.7678571428571432 5.5000000000000009 10.500000000000002
decision_type=2 2 2 2 2 2 2 2 2 2 2 2 2 2 2 2 2 2 2
left_child=11 2 3 -2 5 10 -7 8 -6 -9 -3 16 13 15 -15 -13 18 -18 -1
right_child=1 4 -4 -5 7 6 -8 9 -10 -11 -12 12 -14 14 -16 -17 17 -19 -20
leaf_value=-0.0052816337345889183 -0.069318770766258239 0.05092638470232487 0.25208983644843103 0.081171452633890459 0.0079183458923337297 0.0065910741312020437 -0.12633088865716544 0.15155235159803521 -0.23879657791633357 0.025578027390728092 -0.083140626993207706 0.011353523159869077 0.20965141033132872 0.00052730487870700519 -0.11963223828209771 0.072004284822911616 -0.20045202059878245 -0.017091479929203682 0.10634561730645753
leaf_weight=5566 20 70 15.999999999999998 51 187 41 56 22 19 555 21 615 18 3398 45 102 18 94 36
leaf_count=5566 20 70 16 51 187 41 56 22 19 555 21 615 18 3398 45 102 18 94 36
internal_value=4.89578e-11 0.0153828 0.0780093 0.0387798 0.00977152 -0.0265181 -0.0701474 0.0184847 -0.0148369 0.0303812 0.0199878 -0.00164526 0.00347269 0.00258057 -0.00104318 0.0199817 -0.00538745 -0.0465601 -0.00456429
internal_weight=10950 1058 87 71 971 188 97 783 206 577 91 9892 4178 4160 3443 717 5714 112 5602
internal_count=10950 1058 87 71 971 188 97 783 206 577 91 9892 4178 4160 3443 717 5714 112 5602
is_linear=0
shrinkage=0.1


Tree=42
num_leaves=15
num_cat=0
split_feature=3 6 1 0 1 2 1 8 4 6 9 0 4 0
split_gain=24.6677 19.9337 77.6706 58.1045 58.0736 52.1222 30.457 19.3553 16.0176 44.3184 38.1144 21.9743 28.9019 27.0264
threshold=5.5000000000000009 6.0733182163763191 12.500000000000002 22.500000000000004 17.500000000000004 12.500000000000002 21.500000000000004 23.500000000000004 10.500000000000002 4.9856298400093655 2.5000000000000004 10.500000000000002 6.6428571428571432 9.5000000000000018
decision_type=2 2 2 2 2 2 2 2 2 2 2 2 2 2
left_child=8 3 5 6 -4 -3 7 -2 9 11 -10 13 -13 -1
right_child=1 2 4 -5 -6 -7 -8 -9 10 -11 -12 12 -14 -15
leaf_value=-0.0017034455072019725 0.023622502419158972 0.19916580608662438 -0.26388882299264277 0.20534662604331971 -0.026274753734469414 -0.044999860051191519 0.1551300072669983 -0.0019140819396597107 0.019197642862796783 0.12415875957480499 -0.16870129814273435 -0.1388683310261479 -0.0042759061241761228 0.10454858858138323
leaf_weight=9487 638 17 18 15.999999999999998 24 18 14.999999999999998 555 25 28 19 27 39 24
leaf_count=9487 638 17 18 16 24 18 15 555 25 28 19 27 39 24
internal_value=4.65021e-11 0.0129259 -0.0364256 0.0160305 -0.128109 0.0735949 0.013523 0.0117425 -0.00174283 -0.00146707 -0.0619405 -0.00183436 -0.0593364 -0.00143533
internal_weight=10950 1301 77 1224 42 35 1208 1193 9649 9605 44 9577 66 9511
internal_count=10950 1301 77 1224 42 35 1208 1193 9649 9605 44 9577 66 9511
is_linear=0
shrinkage=0.1


Tree=43
num_leaves=20
num_cat=0
split_feature=2 9 10 1 0 6 6 0 5 1 4 1 1 1 8 4 7 8 3
split_gain=23.0869 19.9426 36.9116 47.6891 77.5468 32.2396 29.212 39.3565 50.2653 38.5128 35.5268 24.5226 43.0509 21.4889 17.2369 10.9165 20.2027 51.4445 14.3132
threshold=1.5000000000000002 4.5000000000000009 10.500000000000002 8.5000000000000018 3.5000000000000004 3.9178424789577959 6.0733182163763191 8.5000000000000018 14.196428571428573 19.500000000000004 15.500000000000002 7.5000000000000009 4.5000000000000009 10.500000000000002 28.500000000000004 1.0000000180025095e-35 0.19642857142857145 15.500000000000002 5.5000000000000009
decision_type=2 2 2 2 2 2 2 2 2 2 2 2 2 2 2 2 2 2 2
left_child=14 6 3 5 -5 -3 9 -8 -9 10 -2 12 -4 -13 15 -1 17 -17 -18
right_child=1 2 11 4 -6 -7 7 8 -10 -11 -12 13 -14 -15 -16 16 18 -19 -20
leaf_value=-0.014171104242014466 0.0023156057078386255 0.016520814988854743 -0.027452863547330106 0.26301620521893104 0.046179936756261718 -0.066533830321907086 -0.17883563243030084 0.11231422421211999 -0.12088219131294049 0.15223106250084717 -0.1108290697847094 -0.1587788082320582 0.1037735781321923 -0.023267910301685332 -0.027031013200174064 -0.0035409654239909011 -0.0031388568706821676 0.12443835397561392 0.029988895743084488
leaf_weight=739 3128 1012 150 18 197 49 21 18 19 17 28 22 30 25 309 104 4885 45 134
leaf_count=739 3128 1012 150 18 197 49 21 18 19 17 28 22 30 25 309 104 4885 45 134
internal_value=9.22233e-12 0.00526159 0.0147778 0.0213877 0.0643337 0.0126851 0.000834811 -0.069494 -0.00743529 0.00212037 0.00131179 -0.0223769 -0.00558179 -0.0866985 -0.00400714 -0.00280274 -0.00117712 0.0351105 -0.00225439
internal_weight=10950 4734 1503 1276 215 1061 3231 58 37 3173 3156 227 180 47 6216 5907 5168 149 5019
internal_count=10950 4734 1503 1276 215 1061 3231 58 37 3173 3156 227 180 47 6216 5907 5168 149 5019
is_linear=0
shrinkage=0.1


Tree=44
num_leaves=8
num_cat=0
split_feature=5 3 5 0 4 5 5
split_gain=23.8871 99.7608 30.4042 27.3025 23.5662 21.4027 77.1115
threshold=16.357142857142858 18.500000000000004 15.196428571428573 15.500000000000002 16.500000000000004 13.732142857142859 12.410714285714286
decision_type=2 2 2 2 2 2 2
left_child=2 3 4 -2 5 6 -1
right_child=1 -3 -4 -5 -6 -7 -8
leaf_value=6.657406102547021e-06 0.054118171532948803 0.25650540010279255 -0.13805881481675897 -0.13667856355508168 0.12514885713656743 0.092139450550079355 -0.14269531726052886
leaf_weight=10808 15.000000000000002 18 15.999999999999998 14.999999999999998 14.999999999999998 25 38
leaf_count=10808 15 18 16 15 15 25 38
internal_value=5.42929e-11 0.0703894 -0.000309915 -0.0412802 -0.000107455 -0.000280285 -0.000493313
internal_weight=10950 48 10902 30 10886 10871 10846
internal_count=10950 48 10902 30 10886 10871 10846
is_linear=0
shrinkage=0.1


Tree=45
num_leaves=15
num_cat=0
split_feature=4 1 9 4 1 10 0 10 2 4 2 3 5 6
split_gain=20.8726 21.2708 17.6795 61.9852 93.2944 163.475 39.4718 38.2496 75.197 52.1277 46.1003 43.3602 29.6077 20.5455
threshold=17.785714285714288 18.500000000000004 3.5000000000000004 15.357142857142859 14.500000000000002 9.5000000000000018 18.500000000000004 10.500000000000002 10.500000000000002 13.785714285714286 13.500000000000002 15.500000000000002 11.982142857142859 3.4573752861158198
decision_type=2 2 2 2 2 2 2 2 2 2 2 2 2 2
left_child=2 -2 3 4 6 -6 -1 9 13 12 -10 -11 -4 -9
right_child=1 -3 7 -5 5 -7 -8 8 10 11 -12 -13 -14 -15
leaf_value=-0.0047119352402173612 0.16217508353292942 -0.00088486424647271633 0.0079778627024794432 -0.18903429288831022 0.0054945193355282152 0.40981483936309815 0.13262123830971265 -0.013030114465096455 -0.29194488286972048 0.25081224180757999 -0.060031886100769039 0.029949796944856645 -0.093441215568575375 0.067760779172407859
leaf_weight=6137 15.999999999999998 15.999999999999998 3882 18 30 14.999999999999998 21 682 14.999999999999998 15.999999999999998 20 20 29 33
leaf_count=6137 16 16 3882 18 30 15 21 682 15 16 20 20 29 33
internal_value=8.41858e-12 0.0806451 -0.000236366 -0.00373295 -0.00319523 0.140268 -0.0042436 0.00439472 -0.016307 0.00832842 -0.159423 0.128111 0.00722584 -0.0093013
internal_weight=10950 32 10918 6221 6203 45 6158 4697 750 3947 35 36 3911 715
internal_count=10950 32 10918 6221 6203 45 6158 4697 750 3947 35 36 3911 715
is_linear=0
shrinkage=0.1


Tree=46
num_leaves=9
num_cat=0
split_feature=5 3 5 0 5 0 4 5
split_gain=19.9636 79.2174 25.448 23.9226 18.8297 19.7638 54.7089 36.757
threshold=16.357142857142858 18.500000000000004 15.196428571428573 15.500000000000002 14.642857142857144 19.500000000000004 12.642857142857144 12.410714285714286
decision_type=2 2 2 2 2 2 2 2
left_child=2 3 4 -2 5 7 -7 -1
right_child=1 -3 -4 -5 -6 6 -8 -9
leaf_value=-8.2328207944740124e-05 0.054138170778751361 0.23019897606637746 -0.12630584393627942 -0.12445851062734924 0.11186556001504262 -0.049557017721235753 0.19699459804428951 -0.082040804026817737
leaf_weight=10780 15.000000000000002 18 15.999999999999998 14.999999999999998 14.999999999999998 18 18 55
leaf_count=10780 15 18 16 15 15 18 18 55
internal_value=4.67038e-11 0.0643495 -0.000283322 -0.0351602 -9.80969e-05 -0.000252586 0.0737188 -0.000498361
internal_weight=10950 48 10902 30 10886 10871 36 10835
internal_count=10950 48 10902 30 10886 10871 36 10835
is_linear=0
shrinkage=0.1


Tree=47
num_leaves=20
num_cat=0
split_feature=7 0 3 0 5 1 4 9 1 6 0 1 4 8 1 5 6 0 6
split_gain=18.9085 27.8017 42.6478 57.4791 31.1015 28.2427 38.6285 23.1333 52.1028 50.4969 130.783 53.7666 37.3992 39.8949 35.6587 68.5766 47.5451 19.2405 9.77722
threshold=0.98214285714285732 13.500000000000002 12.500000000000002 8.5000000000000018 8.1607142857142865 14.500000000000002 8.7857142857142865 2.5000000000000004 17.500000000000004 4.9111361562164983 11.500000000000002 11.500000000000002 15.500000000000002 26.500000000000004 17.500000000000004 8.5892857142857171 4.4212921766670856 6.5000000000000009 4.3226784805466822
decision_type=2 2 2 2 2 2 2 2 2 2 2 2 2 2 2 2 2 2 2
left_child=1 2 5 18 -3 6 -1 8 12 14 17 -12 13 -2 15 -9 -16 -11 -4
right_child=7 4 3 -5 -6 -7 -8 9 -10 10 11 -13 -14 -15 16 -17 -18 -19 -20
leaf_value=-0.0014925938493273901 0.015212225713022344 -0.0018900634611354154 -0.046441027720769239 0.24080134489957025 -0.1994485378265381 0.11711714560166003 -0.11707894540038602 0.018904148271910129 0.17927230785290402 -0.19238895293205016 -0.08181066463390986 0.12085085629272119 -0.14748496813209433 -0.048107981852566206 0.079928388694922137 0.097522326935900419 -0.15095720376226715 -0.080974385022155704 0.0677355361978213
leaf_weight=9650 322 17 15.000000000000002 17 14.999999999999998 20 29 343 14.999999999999998 31 18 48 19 144 14.999999999999998 164 22 31 14.999999999999998
leaf_count=9650 322 17 15 17 15 20 29 343 15 31 18 48 19 144 15 164 22 31 15
internal_value=-7.35892e-11 -0.00143867 -0.00113313 0.0938945 -0.0944956 -0.00159362 -0.00183891 0.0120028 -0.00428468 0.0241215 -0.0323907 0.0655795 -0.00996171 -0.00435453 0.0374185 0.0443349 -0.0573549 -0.136682 0.0106473
internal_weight=10950 9778 9746 47 32 9699 9679 1172 500 672 128 66 485 466 544 507 37 62 30
internal_count=10950 9778 9746 47 32 9699 9679 1172 500 672 128 66 485 466 544 507 37 62 30
is_linear=0
shrinkage=0.1


Tree=48
num_leaves=6
num_cat=0
split_feature=1 4 5 5 5
split_gain=19.065 61.3017 16.4689 56.537 19.5014
threshold=25.500000000000004 17.785714285714288 17.410714285714288 15.785714285714286 12.410714285714286
decision_type=2 2 2 2 2
left_child=1 2 3 4 -1
right_child=-2 -3 -4 -5 -6
leaf_value=2.6324321449462115e-05 -0.11266145025690398 0.15352174616776981 -0.090871523097157486 0.1939643586178621 -0.05330596934410109
leaf_weight=10805 14.999999999999998 26 20 14.999999999999998 69
leaf_count=10805 15 26 20 15 69
internal_value=8.87992e-11 0.000154543 -0.000210986 -4.4468e-05 -0.000312091
internal_weight=10950 10935 10909 10889 10874
internal_count=10950 10935 10909 10889 10874
is_linear=0
shrinkage=0.1


Tree=49
num_leaves=20
num_cat=0
split_feature=2 2 2 5 4 2 5 0 8 6 5 3 4 0 9 5 4 9 4
split_gain=16.2995 17.2264 36.4496 74.4977 80.674 28.4983 99.9729 32.4854 13.8915 11.2736 43.1156 20.06 16.3826 26.4401 11.3757 10.2892 4.51416 5.08214 3.48605
threshold=1.5000000000000002 23.500000000000004 17.500000000000004 11.232142857142859 12.785714285714286 16.500000000000004 11.660714285714286 18.500000000000004 28.500000000000004 2.3665933626609372 1.517857142857143 8.5000000000000018 2.3571428571428572 3.5000000000000004 5.5000000000000009 10.017857142857144 0.35714285714285715 4.5000000000000009 0.92857142857142871
decision_type=2 2 2 2 2 2 2 2 2 2 2 2 2 2 2 2 2 2 2
left_child=8 2 5 15 -5 7 -7 -2 9 12 -11 -12 14 -14 -1 -4 -10 18 -18
right_child=1 -3 3 4 -6 6 -8 -9 16 10 11 -13 13 -15 -16 -17 17 -19 -20
leaf_value=-0.0047713240906695374 0.0033907127504707521 -0.081911813119507362 0.0031642949565624193 0.3068433636113217 0.049573838741600734 0.089065403516093877 -0.27603349169095359 0.082135849632322788 -0.00038770944811403755 0.10652504924522795 -0.049103841199440529 0.043073341140040647 0.035587337077840384 -0.013040726498381804 0.0093805684394150032 -0.1139636407295863 -0.02705714407709095 -0.052107545056355169 0.011527798351432597
leaf_weight=4551 4545 23 15.000000000000002 19 34 15.000000000000002 14.999999999999998 53 64 23 188 27 285 184 649 14.999999999999998 143 74 28
leaf_count=4551 4545 23 15 19 34 15 15 53 64 23 188 27 285 184 649 15 143 74 28
internal_value=2.54049e-11 0.00442101 0.0048425 0.0705246 0.141803 0.00366454 -0.093484 0.00429839 -0.00336696 -0.00228574 -0.023607 -0.0375281 -0.00139062 0.0165094 -0.00300506 -0.0553997 -0.0240361 -0.0302137 -0.0207391
internal_weight=10950 4734 4711 83 53 4628 30 4598 6216 5907 238 215 5669 469 5200 30 309 245 171
internal_count=10950 4734 4711 83 53 4628 30 4598 6216 5907 238 215 5669 469 5200 30 309 245 171
is_linear=0
shrinkage=0.1


Tree=50
num_leaves=20
num_cat=0
split_feature=4 9 10 1 0 5 1 4 1 2 1 8 3 2 1 5 8 1 5
split_gain=15.4051 16.4683 35.5794 37.9348 98.9278 62.9808 24.2214 75.2069 91.4324 63.4026 48.2496 70.104 29.5199 23.7812 33.7155 12.8022 4.56289 3.6746 5.81471
threshold=0.2142857142857143 4.5000000000000009 1.5000000000000002 9.5000000000000018 3.5000000000000004 7.3035714285714297 10.500000000000002 10.785714285714286 12.500000000000002 6.5000000000000009 8.5000000000000018 22.500000000000004 10.500000000000002 9.5000000000000018 7.5000000000000009 1.517857142857143 8.5000000000000018 1.0000000180025095e-35 0.80357142857142871
decision_type=2 2 2 2 2 2 2 2 2 2 2 2 2 2 2 2 2 2 2
left_child=15 6 13 5 -5 -4 10 8 -8 -9 12 -12 -2 14 -3 16 17 18 -1
right_child=1 2 3 4 -6 -7 7 9 -10 -11 11 -13 -14 -15 -16 -17 -18 -19 -20
leaf_value=0.01919088639093168 -0.00055355381395458898 0.044205797318312708 0.0036851116180608816 0.2696595148079925 0.023781770791134072 -0.084467853903992196 -0.16471850616668449 -0.15266055151035912 0.0033290485683523242 0.042812471831117881 -0.078946966650865744 0.089458600798675222 -0.050404069632722814 0.15706534039448292 -0.11050871253013611 -0.071898609049179982 -0.012794220532237062 -0.038815944559044309 -0.02243442340857453
leaf_weight=132 6500 231 2305 18 180 84 69 19 61 131 31 122 121 17 14.999999999999998 34 817 18 45
leaf_count=132 6500 231 2305 18 180 84 69 19 61 131 31 122 121 17 15 34 817 18 45
internal_value=1.26842e-10 0.00121895 0.00763421 0.00407169 0.0461343 0.000585552 -0.00137298 -0.0301951 -0.0858654 0.0180526 -0.000181636 0.0553372 -0.00146458 0.0426769 0.034772 -0.0115416 -0.00951375 0.00423057 0.00860818
internal_weight=10950 9904 2850 2587 198 2389 7054 280 130 150 6774 153 6621 263 246 1046 1012 195 177
internal_count=10950 9904 2850 2587 198 2389 7054 280 130 150 6774 153 6621 263 246 1046 1012 195 177
is_linear=0
shrinkage=0.1


Tree=51
num_leaves=7
num_cat=0
split_feature=1 4 0 2 5 4
split_gain=16.1555 45.3335 16.4164 28.2997 77.3346 71.4573
threshold=25.500000000000004 17.785714285714288 20.500000000000004 17.500000000000004 10.553571428571431 15.500000000000002
decision_type=2 2 2 2 2 2
left_child=1 2 3 5 -5 -1
right_child=-2 -3 -4 4 -6 -7
leaf_value=-9.5895773480549767e-05 -0.103709004620711 0.13203045998055202 -0.075310371662008352 -0.08472500018811284 0.12338927466618388 -0.20527877461384325
leaf_weight=10780 14.999999999999998 26 29 26 57 17
leaf_count=10780 15 26 29 26 57 17
internal_value=-7.70309e-11 0.000142262 -0.000172074 2.82025e-05 0.0581969 -0.000418959
internal_weight=10950 10935 10909 10880 83 10797
internal_count=10950 10935 10909 10880 83 10797
is_linear=0
shrinkage=0.1


Tree=52
num_leaves=13
num_cat=0
split_feature=2 3 1 4 4 9 0 2 5 1 4 1
split_gain=14.6812 27.7439 50.4033 138.459 69.9092 52.7935 82.8436 38.292 58.554 31.3454 38.2322 33.8865
threshold=23.500000000000004 13.500000000000002 9.5000000000000018 9.9285714285714306 10.785714285714286 5.5000000000000009 9.5000000000000018 17.500000000000004 11.232142857142859 10.500000000000002 13.500000000000002 14.500000000000002
decision_type=2 2 2 2 2 2 2 2 2 2 2 2
left_child=1 7 5 -4 -5 6 -3 9 -9 10 -1 -11
right_child=-2 2 3 4 -6 -7 -8 8 -10 11 -12 -13
leaf_value=0.00016619076945817858 -0.079810568171998733 0.012837059561001219 0.28028209008849586 -0.15623923656013278 0.058343122778556404 0.11185011924667793 -0.21635208016571902 -0.044010577276349071 0.17840345949496561 -0.059660033458987106 -0.14992203169009263 0.011895598005503417
leaf_weight=10342 23 46 26 18 97 22 24 20 29 182 17 104
leaf_count=10342 23 46 26 18 97 22 24 20 29 182 17 104
internal_value=5.90783e-11 0.000167992 0.034305 0.0718745 0.0247563 -0.0232744 -0.0657421 -0.000575783 0.0876222 -0.000981767 -8.01168e-05 -0.0336398
internal_weight=10950 10927 233 141 115 92 70 10694 49 10645 10359 286
internal_count=10950 10927 233 141 115 92 70 10694 49 10645 10359 286
is_linear=0
shrinkage=0.1


Tree=53
num_leaves=7
num_cat=0
split_feature=1 4 0 2 5 4
split_gain=14.4241 34.3892 13.3343 25.8094 62.4255 62.0746
threshold=25.500000000000004 18.214285714285719 20.500000000000004 17.500000000000004 10.553571428571431 15.500000000000002
decision_type=2 2 2 2 2 2
left_child=1 2 3 5 -5 -1
right_child=-2 -3 -4 4 -6 -7
leaf_value=-3.9843243074686997e-05 -0.09799429853757223 0.12503439076244832 -0.067836016699157911 -0.073477133263189054 0.11299765207644166 -0.17637723548687065
leaf_weight=10780 14.999999999999998 22 29 26 58 20
leaf_count=10780 15 22 29 26 58 20
internal_value=1.02278e-10 0.000134423 -0.000117368 6.30654e-05 0.0552793 -0.000366394
internal_weight=10950 10935 10913 10884 84 10800
internal_count=10950 10935 10913 10884 84 10800
is_linear=0
shrinkage=0.1


Tree=54
num_leaves=20
num_cat=0
split_feature=0 9 2 4 5 1 4 1 6 1 5 3 8 6 4 7 6 8 5
split_gain=13.6724 22.2399 31.6028 55.9097 70.9488 20.5271 52.8921 71.774 48.5774 43.5856 58.3587 37.9744 16.6559 19.0591 14.4622 18.0507 13.3199 26.5502 36.975
threshold=1.0000000180025095e-35 4.5000000000000009 21.500000000000004 13.928571428571431 11.982142857142859 10.500000000000002 10.785714285714286 11.500000000000002 6.0733182163763191 8.5000000000000018 10.160714285714286 10.500000000000002 1.5000000000000002 1.4946751795007247 0.92857142857142871 0.44642857142857145 2.3188170127602099 21.500000000000004 1.9107142857142858
decision_type=2 2 2 2 2 2 2 2 2 2 2 2 2 2 2 2 2 2 2
left_child=12 5 3 4 -3 9 7 -7 -8 11 -11 -2 13 14 15 -1 -14 18 -18
right_child=1 2 -4 -5 -6 6 8 -9 -10 10 -12 -13 16 -15 -16 -17 17 -19 -20
leaf_value=0.014297225177288056 0.00038355298537977523 0.012674586437448648 -0.12420203396502663 0.15840358103697116 -0.18150781410697259 -0.19716644295624325 0.040877956114709381 -0.028135873490337578 -0.10139138060311477 0.095022140357356816 -0.041286413305335577 -0.057097256330425963 -0.0051293795478512417 -0.0046916493130489609 0.0056484881970213681 0.12210687326221932 -0.00083487259844938929 0.064111672443422404 -0.11330420301671613
leaf_weight=25 4422 1942 17 26 19 35 120 89 30 104 45 118 3607 130 41 41 60 22 57
leaf_count=25 4422 1942 17 26 19 35 120 89 30 104 45 118 3607 130 41 41 60 22 57
internal_value=-7.05419e-12 0.00267176 0.0115631 0.0127247 0.0107932 -0.000918456 -0.027523 -0.0758461 0.0124241 0.000636172 0.0538551 -0.00111044 -0.0046734 0.0210358 0.0522935 0.0812699 -0.00629996 -0.0366761 -0.0556276
internal_weight=10950 6967 2004 1987 1961 4963 274 124 150 4689 149 4540 3983 237 107 66 3746 139 117
internal_count=10950 6967 2004 1987 1961 4963 274 124 150 4689 149 4540 3983 237 107 66 3746 139 117
is_linear=0
shrinkage=0.1


Tree=55
num_leaves=20
num_cat=0
split_feature=7 0 6 0 4 0 5 5 3 6 10 8 3 6 5 5 10 1 2
split_gain=14.0107 23.457 30.5094 46.0881 100.172 45.269 25.2596 22.0313 59.8083 42.7525 45.2205 22.1047 51.9916 49.6326 30.0332 59.4087 48.0713 21.7173 17.941
threshold=0.98214285714285732 13.500000000000002 4.9856298400093655 9.5000000000000018 8.3571428571428594 10.500000000000002 8.1607142857142865 5.5892857142857144 2.5000000000000004 3.2798859279120509 7.5000000000000009 22.500000000000004 4.5000000000000009 3.6311954297691407 7.2678571428571432 7.3392857142857144 4.5000000000000009 6.5000000000000009 12.500000000000002
decision_type=2 2 2 2 2 2 2 2 2 2 2 2 2 2 2 2 2 2 2
left_child=1 2 5 4 -4 18 -3 8 -2 10 -10 12 17 -14 16 -16 -13 -9 -1
right_child=7 6 3 -5 -6 -7 -8 11 9 -11 -12 14 13 -15 15 -17 -18 -19 -20
leaf_value=-0.00085192759345434962 -0.081930887202421823 -0.0032590136808507589 0.1888130351116783 0.16693320096366937 -0.099418759063789344 -0.11838675448388765 -0.18129926045735678 -0.060589853388278984 0.21310504155562207 -0.051563257575035097 0.037911908647332057 -0.00029243024190266927 -0.04501350274945181 0.088420851077884444 -0.18024781644344331 0.0088293884020170799 0.11625933363588888 -0.18896713840137971 -0.089277645168097122
leaf_weight=9611 24 17 19 27 33 33 14.999999999999998 43 34 14.999999999999998 26 75 63 50 17 739 67 19 23
leaf_count=9611 24 17 19 27 33 33 15 43 34 15 26 75 63 50 17 739 67 19 23
internal_value=-2.38643e-11 -0.0012384 -0.000957747 0.0609345 0.0058967 -0.00146354 -0.0867154 0.010332 0.0554696 0.0994378 0.137188 0.00616738 -0.026346 0.0140282 0.0125035 0.00457765 0.0547003 -0.0999313 -0.00106303
internal_weight=10950 9778 9746 79 52 9667 32 1172 99 75 60 1073 175 113 898 756 142 62 9634
internal_count=10950 9778 9746 79 52 9667 32 1172 99 75 60 1073 175 113 898 756 142 62 9634
is_linear=0
shrinkage=0.1


Tree=56
num_leaves=20
num_cat=0
split_feature=6 9 2 5 10 1 10 0 9 1 8 6 5 6 3 9 6 5 3
split_gain=12.4235 17.0689 25.9505 44.7846 21.9697 18.4629 45.8013 55.9747 35.1639 30.1961 57.4282 18.8389 14.1048 22.3027 12.2321 19.3905 10.42 6.54974 16.1337
threshold=1.3100375744044979 4.5000000000000009 21.500000000000004 14.642857142857144 1.5000000000000002 10.500000000000002 3.5000000000000004 8.5000000000000018 3.5000000000000004 8.5000000000000018 22.500000000000004 1.5211097288019746 1.6250000000000002 1.1234390650153085 3.5000000000000004 4.5000000000000009 1.1960284503856271 1.4107142857142858 1.5000000000000002
decision_type=2 2 2 2 2 2 2 2 2 2 2 2 2 2 2 2 2 2 2
left_child=12 5 3 4 -3 9 7 -7 -8 11 -11 -2 14 -14 17 -16 -17 -1 -19
right_child=1 2 -4 -5 -6 6 8 -9 -10 10 -12 -13 13 -15 15 16 -18 18 -20
leaf_value=-0.0042528371193109836 0.01235591535896674 0.044670040945921627 -0.11154636810807622 0.18464960118134818 0.0072705616518844163 -0.2220415821609398 0.017439622069581502 -0.01025971301759665 -0.070677868348936884 -0.076580756241756101 0.075841220065218512 -0.004201858444577696 0.070043703913688665 -0.048780992733993278 -0.0013912409599592438 0.029833457038244783 0.13514884490342369 -0.011314137247941829 0.051988047981982345
leaf_weight=4517 896 175 17 14.999999999999998 1533 24 168 26 62 31 122 2948 18 129 67 17 21 93 71
leaf_count=4517 896 175 17 15 1533 24 168 26 62 31 122 2948 18 129 67 17 21 93 71
internal_value=2.92032e-11 0.00304986 0.0114003 0.0126133 0.0111025 -0.000347317 -0.0251711 -0.111915 -0.00631379 0.00139166 0.0449583 -0.000342398 -0.00372005 -0.034231 -0.00278292 0.0309722 0.0880341 -0.00354008 0.0160911
internal_weight=10950 6017 1740 1723 1708 4277 280 50 230 3997 153 3844 4933 147 4786 105 38 4681 164
internal_count=10950 6017 1740 1723 1708 4277 280 50 230 3997 153 3844 4933 147 4786 105 38 4681 164
is_linear=0
shrinkage=0.1


Tree=57
num_leaves=6
num_cat=0
split_feature=1 4 5 5 5
split_gain=11.25 27.0186 12.6274 38.7628 17.1878
threshold=23.500000000000004 17.785714285714288 17.410714285714288 15.785714285714286 12.410714285714286
decision_type=2 2 2 2 2
left_child=1 2 3 4 -1
right_child=-2 -3 -4 -5 -6
leaf_value=0.00015024433993471024 -0.0714378863604824 0.10612970540920895 -0.079475430902093649 0.16069965163866681 -0.050283142716130796
leaf_weight=10801 22 24 20 14.999999999999998 68
leaf_count=10801 22 24 20 15 68
internal_value=9.10837e-11 0.000143817 -8.94606e-05 5.64159e-05 -0.000165283
internal_weight=10950 10928 10904 10884 10869
internal_count=10950 10928 10904 10884 10869
is_linear=0
shrinkage=0.1


Tree=58
num_leaves=20
num_cat=0
split_feature=4 6 6 8 5 8 3 10 6 6 3 0 7 4 7 5 10 2 5
split_gain=11.4368 37.7286 92.9552 33.7867 21.2549 20.2104 29.9494 35.7791 27.8719 20.1874 26.215 20.13 13.4656 11.9093 11.7228 18.1093 10.7506 17.7777 10.8662
threshold=3.0714285714285716 1.7140988745857977 1.6774310513411599 19.500000000000004 2.6964285714285716 18.500000000000004 1.5000000000000002 2.5000000000000004 2.3188170127602099 2.18981252500225 1.0000000180025095e-35 3.5000000000000004 0.98214285714285732 2.9285714285714293 0.7678571428571429 2.8750000000000004 9.5000000000000018 3.5000000000000004 2.4464285714285716
decision_type=2 2 2 2 2 2 2 2 2 2 2 2 2 2 2 2 2 2 2
left_child=12 2 3 4 -2 9 7 -7 -8 11 -11 -3 13 16 -15 -16 17 -1 -18
right_child=1 5 -4 -5 -6 6 8 -9 -10 10 -12 -13 -14 14 15 -17 18 -19 -20
leaf_value=-0.00086216984626351519 -0.080026330440132715 0.02890800900528567 0.29825376689434052 0.13931270506646898 0.054113730220567619 -0.052365653675336105 0.059441887801406024 0.077958994385626937 0.0011844931002833433 0.054356937566772102 -0.070655663522820059 -0.032729040635890806 0.087336518659311191 0.020005610573571177 -0.085432249686697076 0.0044090395944344036 -0.0056331595498199287 0.017579762284880836 -0.037442756803557936
leaf_weight=5850 27 114 14.999999999999998 18 21 26 87 111 1465 20 104 99 17 32 57 37 2163 574 113
leaf_count=5850 27 114 15 18 21 26 87 111 1465 20 104 99 17 32 57 37 2163 574 113
internal_value=-6.55628e-11 0.00662082 0.0735446 0.0224743 -0.0213401 0.00394519 0.00840655 0.0532258 0.00445021 -0.0184146 -0.0504923 0.000259803 -0.00157753 -0.00174879 -0.0322724 -0.0500692 -0.00130672 0.000785662 -0.00721246
internal_weight=10950 2107 81 66 48 2026 1689 137 1552 337 124 213 8843 8826 126 94 8700 6424 2276
internal_count=10950 2107 81 66 48 2026 1689 137 1552 337 124 213 8843 8826 126 94 8700 6424 2276
is_linear=0
shrinkage=0.1


Tree=59
num_leaves=20
num_cat=0
split_feature=3 2 1 4 0 6 2 5 4 6 2 5 3 5 5 5 5 6 6
split_gain=11.0485 79.6274 64.5327 101.882 49.8246 42.7424 28.4665 51.3758 46.1184 27.7055 36.0961 24.6165 21.1479 60.7324 86.6324 58.9813 62.3437 52.7343 31.0043
threshold=13.500000000000002 15.500000000000002 9.5000000000000018 9.9285714285714306 10.500000000000002 4.9856298400093655 17.500000000000004 11.232142857142859 12.928571428571431 6.0733182163763191 18.500000000000004 10.339285714285717 10.500000000000002 11.125000000000002 9.8392857142857171 12.196428571428573 12.982142857142859 5.7116056590769686 4.9111361562164983
decision_type=2 2 2 2 2 2 2 2 2 2 2 2 2 2 2 2 2 2 2
left_child=6 2 4 -4 11 -5 12 -8 -9 10 -3 -2 15 14 -14 17 -17 -1 -15
right_child=1 9 3 5 -6 -7 7 8 -10 -11 -12 -13 13 18 -16 16 -18 -19 -20
leaf_value=-0.00034647359001498378 0.002710654467298854 -0.09543540732100092 0.30763324782961893 0.13316708009790731 -0.12556161144375802 -0.019884867200420965 -0.03874698689579964 0.28080270357429982 0.043385470410188039 -0.15872706388649735 0.081891691508261782 0.14896173141896726 -0.049312937521824134 -0.065667627752797372 0.12624199853131646 0.26655817119514241 -0.0084647113457322117 -0.14874905658653007 -0.23928514296809833
leaf_weight=10400 41 29 21 37 25 36 25 14.999999999999998 18 23 19 15.999999999999998 108 24 38 17 15.999999999999998 24 18
leaf_count=10400 41 29 21 37 25 36 25 15 18 23 19 16 108 24 38 17 16 24 18
internal_value=2.65802e-11 0.0209097 0.0569722 0.113528 -0.00785995 0.0576894 -0.000482547 0.0693846 0.151302 -0.0684846 -0.0252434 0.0437636 -0.000863223 -0.0341051 -0.00362056 -0.000265588 0.133214 -0.000688153 -0.140075
internal_weight=10950 247 176 94 82 73 10703 58 33 71 48 57 10645 188 146 10457 33 10424 42
internal_count=10950 247 176 94 82 73 10703 58 33 71 48 57 10645 188 146 10457 33 10424 42
is_linear=0
shrinkage=0.1


Tree=60
num_leaves=20
num_cat=0
split_feature=5 10 4 4 3 5 5 0 0 5 0 8 0 5 4 4 8 10 3
split_gain=10.6506 12.9222 50.8199 40.1797 30.1929 25.7942 74.6961 97.1051 95.2931 48.2396 36.1211 7.51731 18.1132 26.7903 11.0421 4.7104 12.5928 3.98003 5.30677
threshold=0.5178571428571429 8.5000000000000018 14.928571428571431 13.642857142857144 15.500000000000002 10.482142857142859 11.660714285714286 10.500000000000002 10.500000000000002 10.339285714285717 14.500000000000002 10.500000000000002 1.5000000000000002 0.33928571428571436 0.35714285714285715 1.0000000180025095e-35 25.500000000000004 7.5000000000000009 1.0000000180025095e-35
decision_type=2 2 2 2 2 2 2 2 2 2 2 2 2 2 2 2 2 2 2
left_child=11 5 3 4 -3 9 7 -7 -8 10 -2 14 15 -14 -1 -13 -17 -16 -19
right_child=1 2 -4 -5 -6 6 8 -9 -10 -11 -12 12 13 -15 17 16 -18 18 -20
leaf_value=-0.0041567950921606936 0.002259958959317345 -0.0027256911515954651 -0.17157687395811083 0.15499411784112455 -0.086136659929020851 0.19961020594835283 -0.13621892814990133 0.015451763613399731 0.037908994000489742 -0.17101438473910094 0.10272262398567465 -0.011734892527364364 0.12966715013980865 -0.0094664249689348293 -0.042129749640182484 0.055155554945979804 -0.00693250326122962 -0.02855764150619507 0.03103382936433742
leaf_weight=287 6112 3166 18 15.999999999999998 44 50 44 67 110 15.999999999999998 36 487 25 31 163 42 147 70 19
leaf_count=287 6112 3166 18 16 44 50 44 67 110 16 36 487 25 31 163 42 147 70 19
internal_value=6.94199e-12 0.00113015 -0.00401604 -0.00308111 -0.00386902 0.00372444 0.0339193 0.094152 -0.0118418 0.00239693 0.00284822 -0.00860642 -0.00200713 0.0526468 -0.0175687 -0.00653467 0.00686484 -0.0328434 -0.0158359
internal_weight=10950 9679 3244 3226 3210 6435 271 117 154 6164 6148 1271 732 56 539 676 189 252 89
internal_count=10950 9679 3244 3226 3210 6435 271 117 154 6164 6148 1271 732 56 539 676 189 252 89
is_linear=0
shrinkage=0.1


Tree=61
num_leaves=8
num_cat=0
split_feature=0 5 3 5 5 5 1
split_gain=10.0156 29.7529 43.833 30.9408 12.0649 31.2953 21.0443
threshold=25.500000000000004 16.357142857142858 14.500000000000002 15.000000000000002 13.392857142857144 12.410714285714286 14.500000000000002
decision_type=2 2 2 2 2 2 2
left_child=1 3 -3 4 5 -1 -6
right_child=-2 2 -4 -5 6 -7 -8
leaf_value=0.00011440676414523318 -0.08165753463904063 -0.046110560762463143 0.1642568706176602 -0.13121170902417764 0.14328136797994376 -0.095976518291760904 -0.0105850512906909
leaf_weight=10805 14.999999999999998 15.999999999999998 26 18 15.999999999999998 34 20
leaf_count=10805 15 16 26 18 16 34 20
internal_value=1.90296e-11 0.000112013 0.0841169 -0.000211883 4.94385e-06 -0.000187013 0.0578
internal_weight=10950 10935 42 10893 10875 10839 36
internal_count=10950 10935 42 10893 10875 10839 36
is_linear=0
shrinkage=0.1


Tree=62
num_leaves=20
num_cat=0
split_feature=8 4 4 4 3 8 9 4 6 6 0 6 5 8 8 1 10 4 2
split_gain=9.85415 42.8348 34.3285 41.2118 31.8588 21.7387 28.5176 44.5473 157.764 20.2228 19.9187 16.1971 24.6796 16.0061 22.6936 15.6879 15.1354 12.9161 12.2961
threshold=25.500000000000004 13.500000000000002 12.071428571428573 11.357142857142859 11.500000000000002 16.500000000000004 1.0000000180025095e-35 3.0714285714285716 2.0158807280827848 1.6286252988888361 1.0000000180025095e-35 2.3972507305756836 1.517857142857143 1.5000000000000002 1.0000000180025095e-35 5.5000000000000009 3.5000000000000004 1.7857142857142858 4.5000000000000009
decision_type=2 2 2 2 2 2 2 2 2 2 2 2 2 2 2 2 2 2 2
left_child=5 2 3 4 -2 11 7 18 -9 16 -11 13 -13 14 -1 -15 -8 -14 -7
right_child=1 -3 -4 -5 -6 6 9 8 -10 10 -12 12 17 15 -16 -17 -18 -19 -20
leaf_value=-0.0039654292696988556 -0.009561251163431983 -0.17036984385922552 0.098250749322675898 -0.150656955242157 0.059663540486778535 0.0097229862901300323 0.038085197134220858 0.32507312223315243 0.035923164324854977 -0.028143519608014492 0.0020853421204486233 0.060584164619445803 -0.009425505137039443 -0.003951829155221717 0.033162210838784276 0.037263566103981849 0.0086128725201507772 -0.068646493812604834 -0.068402663652192469
leaf_weight=355 1323 15.999999999999998 31 20 70 239 235 21 186 251 1657 25 59 5267 307 94 674 98 22
leaf_count=355 1323 16 31 20 70 239 235 21 186 251 1657 25 59 5267 307 94 674 98 22
internal_value=-3.58517e-11 -0.0076482 -0.00584519 -0.00812896 -0.00608262 0.00117665 0.00775454 0.0306136 0.0652572 0.00395686 -0.00189131 -0.00230577 -0.031697 -0.00141764 0.0132524 -0.00322916 0.0162322 -0.0463915 0.00313768
internal_weight=10950 1460 1444 1413 1393 9490 3285 468 207 2817 1908 6205 182 6023 662 5361 909 157 261
internal_count=10950 1460 1444 1413 1393 9490 3285 468 207 2817 1908 6205 182 6023 662 5361 909 157 261
is_linear=0
shrinkage=0.1


Tree=63
num_leaves=13
num_cat=0
split_feature=2 3 2 1 4 0 0 0 2 10 0 5
split_gain=9.26867 16.4301 41.2229 55.0663 80.7475 39.144 32.5076 21.7511 47.9235 65.3545 24.1463 19.7799
threshold=23.500000000000004 13.500000000000002 15.500000000000002 9.5000000000000018 9.9285714285714306 10.500000000000002 17.500000000000004 21.500000000000004 17.500000000000004 8.5000000000000018 19.500000000000004 11.589285714285717
decision_type=2 2 2 2 2 2 2 2 2 2 2 2
left_child=1 7 3 5 -5 -3 11 8 10 -10 -1 -4
right_child=-2 2 6 4 -6 -7 -8 -9 9 -11 -12 -13
leaf_value=-0.00088022102909233687 -0.063414432343257512 0.036209291998672774 -0.00056754166881243389 0.27538732063202631 0.052873309176376941 -0.11387393563240766 0.078859531879425057 -0.11694673306774349 0.20058987700483866 -0.049708353947190677 0.12205939013510943 -0.14378942008371706
leaf_weight=10618 23 57 14.999999999999998 21 73 25 14.999999999999998 15.999999999999998 27 17 15.999999999999998 27
leaf_count=10618 23 57 15 21 73 25 15 16 27 17 16 27
internal_value=3.75772e-11 0.00013348 0.0264036 0.0503407 0.102584 -0.00954779 -0.0475076 -0.000438891 -0.000264315 0.103884 -0.000695245 -0.0926387
internal_weight=10950 10927 233 176 94 82 57 10694 10678 44 10634 42
internal_count=10950 10927 233 176 94 82 57 10694 10678 44 10634 42
is_linear=0
shrinkage=0.1


Tree=64
num_leaves=7
num_cat=0
split_feature=1 4 0 5 5 0
split_gain=8.77602 21.5638 12.2222 17.9192 70.0269 34.662
threshold=23.500000000000004 17.785714285714288 20.500000000000004 13.392857142857144 12.410714285714286 15.500000000000002
decision_type=2 2 2 2 2 2
left_child=1 2 3 4 -1 -5
right_child=-2 -3 -4 5 -6 -7
leaf_value=0.00021355422634835837 -0.063095832954753531 0.094811756474276393 -0.064914443215419504 -0.0011838995660535801 -0.15278061671182513 0.15816920235132179
leaf_weight=10785 22 24 29 39 30 21
leaf_count=10785 22 24 29 39 30 21
internal_value=-2.44339e-12 0.000127023 -8.13806e-05 9.15076e-05 -0.00021084 0.0545897
internal_weight=10950 10928 10904 10875 10815 60
internal_count=10950 10928 10904 10875 10815 60
is_linear=0
shrinkage=0.1


Tree=65
num_leaves=13
num_cat=0
split_feature=2 3 10 4 10 6 6 2 0 2 3 3
split_gain=8.40363 13.8299 38.0166 58.346 63.5178 47.6443 45.4827 24.6702 16.7916 38.2044 57.656 20.8164
threshold=23.500000000000004 13.500000000000002 4.5000000000000009 9.9285714285714306 2.5000000000000004 6.0733182163763191 5.393625757162007 15.500000000000002 21.500000000000004 17.500000000000004 10.500000000000002 10.500000000000002
decision_type=2 2 2 2 2 2 2 2 2 2 2 2
left_child=1 8 3 4 -3 6 -4 -7 9 11 -11 -1
right_child=-2 2 5 -5 -6 7 -8 -9 -10 10 -12 -13
leaf_value=-4.0692785400846684e-05 -0.060382757821808686 0.14278519233422621 0.050539562406465989 -0.17921720196803412 -0.1266435013214747 0.023119770260527726 0.22455192558905659 -0.15824625670909884 -0.10276513285934925 0.0019128933203993023 0.23700718862168932 -0.03388048911920271
leaf_weight=10449 23 21 129 21 14.999999999999998 15.000000000000002 17 14.999999999999998 15.999999999999998 27 17 185
leaf_count=10449 23 21 129 21 15 15 17 15 16 27 17 185
internal_value=-3.32923e-11 0.000127098 0.024229 -0.0467496 0.0305232 0.0472164 0.0708013 -0.0675632 -0.000398033 -0.000244645 0.0927448 -0.000629405
internal_weight=10950 10927 233 57 36 176 146 30 10694 10678 44 10634
internal_count=10950 10927 233 57 36 176 146 30 10694 10678 44 10634
is_linear=0
shrinkage=0.1


Tree=66
num_leaves=20
num_cat=0
split_feature=8 4 4 4 3 8 9 4 6 6 0 7 6 5 6 1 6 10 6
split_gain=8.17691 33.3525 26.4938 34.7258 23.7068 16.9315 23.0556 35.5828 128.237 16.8871 16.0787 15.12 13.0413 19.951 13.0025 19.6845 15.0209 11.3102 10.6437
threshold=25.500000000000004 13.500000000000002 12.071428571428573 11.357142857142859 11.500000000000002 16.500000000000004 1.0000000180025095e-35 3.0714285714285716 2.0158807280827848 1.6286252988888361 1.0000000180025095e-35 0.94642857142857151 2.3972507305756836 1.517857142857143 2.3383992505084641 2.5000000000000004 2.3188170127602099 9.5000000000000018 2.5968483752354938
decision_type=2 2 2 2 2 2 2 2 2 2 2 2 2 2 2 2 2 2 2
left_child=5 2 3 4 -2 12 7 17 -9 11 -11 -8 14 -14 16 -16 -1 -7 -15
right_child=1 -3 -4 -5 -6 6 9 8 -10 10 -12 -13 13 18 15 -17 -18 -19 -20
leaf_value=-0.0013297318510310276 -0.008504629066752133 -0.15055271701421591 0.086072887143781113 -0.13821474492549898 0.05121031045780651 0.015846292844953688 0.017143336089355542 0.2926365417029177 0.031946168736284301 -0.025468067349903142 0.001691074983373354 -0.052838096790947024 0.054596484661102299 -0.074692615171273555 -0.0063794707636470388 0.1332426552971204 -0.098351665085647258 -0.030532131379801937 -0.021108573959353047
leaf_weight=5966 1323 15.999999999999998 31 20 70 188 877 21 186 251 1657 32 25 60 23 18 15.999999999999998 73 97
leaf_count=5966 1323 16 31 20 70 188 877 21 186 251 1657 32 25 60 23 18 16 73 97
internal_value=4.23127e-11 -0.00696697 -0.005376 -0.00738231 -0.00550388 0.00107184 0.00687705 0.0274308 0.058393 0.00346238 -0.00188175 0.0146797 -0.00200151 -0.0283746 -0.00120458 0.054918 -0.00158924 0.00287455 -0.0415866
internal_weight=10950 1460 1444 1413 1393 9490 3285 468 207 2817 1908 909 6205 182 6023 41 5982 261 157
internal_count=10950 1460 1444 1413 1393 9490 3285 468 207 2817 1908 909 6205 182 6023 41 5982 261 157
is_linear=0
shrinkage=0.1


Tree=67
num_leaves=15
num_cat=0
split_feature=9 5 1 5 5 4 3 0 3 3 10 5 2 10
split_gain=8.42068 27.1221 30.3068 57.5088 44.355 75.486 63.0498 33.9351 25.7727 114.97 28.0852 27.5765 54.9724 22.4103
threshold=3.5000000000000004 16.357142857142858 12.500000000000002 11.857142857142859 11.982142857142859 13.642857142857144 9.5000000000000018 17.500000000000004 15.500000000000002 14.500000000000002 8.5000000000000018 16.357142857142858 17.500000000000004 4.5000000000000009
decision_type=2 2 2 2 2 2 2 2 2 2 2 2 2 2
left_child=8 2 3 7 6 -6 -4 -2 9 11 13 12 -1 -10
right_child=1 -3 4 -5 5 -7 -8 -9 10 -11 -12 -13 -14 -15
leaf_value=-0.0026464858050732477 0.0040071592689652057 0.11658361355463664 -0.082842794706424083 0.17342013373970988 -0.29067480038194099 -0.017548534154891968 0.059845072118332614 -0.13754653536221559 -0.12343275194366775 0.27471188327918455 -0.18725314627091091 -0.1335884896107018 0.17236724535210268 0.031177487045526503
leaf_weight=6136 4486 21 60 20 17 25 64 17 14.999999999999998 14.999999999999998 14.999999999999998 15.999999999999998 18 25
leaf_count=6136 4486 21 60 20 17 25 64 17 15 15 15 16 18 25
internal_value=4.99022e-11 0.00319189 0.00268406 0.00422424 -0.0392811 -0.1281 -0.00919744 0.00347276 -0.00240927 -0.00180323 -0.0705609 -0.00247547 -0.00213458 -0.0268014
internal_weight=10950 4710 4689 4523 166 42 124 4503 6240 6185 55 6170 6154 40
internal_count=10950 4710 4689 4523 166 42 124 4503 6240 6185 55 6170 6154 40
is_linear=0
shrinkage=0.1


Tree=68
num_leaves=9
num_cat=0
split_feature=2 0 0 10 0 5 4 4
split_gain=9.3148 30.5096 21.374 24.5462 22.0759 15.3914 14.3276 18.1474
threshold=20.500000000000004 17.500000000000004 18.500000000000004 9.5000000000000018 20.500000000000004 16.357142857142858 15.500000000000002 14.642857142857144
decision_type=2 2 2 2 2 2 2 2
left_child=2 -2 5 4 -4 6 7 -1
right_child=1 -3 3 -5 -6 -7 -8 -9
leaf_value=-0.00032701506331002058 0.024985361443116114 -0.14172432563806836 0.17213341799520313 -0.041194513771269065 0.033055432558059698 0.083404832807454199 -0.089465980355938279 0.10974146306514741
leaf_weight=10786 26 19 21 18 25 22 18 14.999999999999998
leaf_count=10786 26 19 21 18 25 22 18 15
internal_value=-2.71381e-11 -0.0454032 0.000187358 0.0578076 0.0965476 -0.000152804 -0.000322715 -0.000174156
internal_weight=10950 45 10905 64 46 10841 10819 10801
internal_count=10950 45 10905 64 46 10841 10819 10801
is_linear=0
shrinkage=0.1


Tree=69
num_leaves=16
num_cat=0
split_feature=2 3 9 1 6 3 0 5 1 1 9 1 0 1 6
split_gain=7.79547 9.7953 34.8706 48.4176 57.0856 48.1061 95.1369 72.0128 14.0197 56.9768 73.314 47.2897 38.6253 33.7216 6.80027
threshold=23.500000000000004 13.500000000000002 5.5000000000000009 11.500000000000002 4.5988986664356162 15.500000000000002 12.500000000000002 16.839285714285719 16.500000000000004 14.500000000000002 3.5000000000000004 18.500000000000004 8.5000000000000018 10.500000000000002 4.5038240146506174
decision_type=2 2 2 2 2 2 2 2 2 2 2 2 2 2 2
left_child=1 8 5 4 -4 6 -3 -7 9 13 -11 14 -13 -1 -10
right_child=-2 2 3 -5 -6 7 -8 -9 11 10 -12 12 -14 -15 -16
leaf_value=0.00027057860627147974 -0.058156802169168777 0.18002042768257007 0.15420804450909295 0.2202791213989258 -0.12167983422676723 -0.064799738427003234 -0.078479719907045373 0.1566237342708251 -0.090090143494307995 0.29227462530136111 0.024344293723697775 -0.095057553963528746 0.090235802909980234 -0.042242005592408149 -0.18228741539642215
leaf_weight=10377 23 35 15.000000000000002 19 14.999999999999998 108 24 17 15.999999999999998 14.999999999999998 32 18 30 190 15.999999999999998
leaf_count=10377 23 35 15 19 15 108 24 17 16 15 32 18 30 190 16
internal_value=4.76381e-11 0.000122413 0.0204063 0.095372 0.0162641 0.000442573 0.0748678 -0.0346861 -0.00031953 -5.18655e-06 0.109854 -0.042025 0.0207508 -0.000493819 -0.136189
internal_weight=10950 10927 233 49 30 184 59 125 10694 10614 47 80 48 10567 32
internal_count=10950 10927 233 49 30 184 59 125 10694 10614 47 80 48 10567 32
is_linear=0
shrinkage=0.1


Tree=70
num_leaves=8
num_cat=0
split_feature=0 5 3 5 4 1 5
split_gain=7.59521 14.5618 30.2329 29.2142 8.69239 33.0407 16.9186
threshold=25.500000000000004 16.357142857142858 14.500000000000002 15.000000000000002 12.071428571428573 12.500000000000002 11.660714285714286
decision_type=2 2 2 2 2 2 2
left_child=1 3 -3 4 6 -6 -1
right_child=-2 2 -4 -5 5 -7 -8
leaf_value=5.3698280446268557e-05 -0.07110934813817342 -0.049287599883973604 0.12542256040928454 -0.12742122842205897 0.079851090655692167 -0.015683910276355417 -0.05192086484933657
leaf_weight=10663 14.999999999999998 15.999999999999998 26 18 62 87 63
leaf_count=10663 15 16 26 18 62 87 63
internal_value=3.14455e-11 9.75437e-05 0.0588663 -0.00012905 8.16402e-05 0.0240689 -0.000251578
internal_weight=10950 10935 42 10893 10875 149 10726
internal_count=10950 10935 42 10893 10875 149 10726
is_linear=0
shrinkage=0.1


Tree=71
num_leaves=20
num_cat=0
split_feature=5 10 4 5 5 10 5 5 0 3 5 0 8 0 5 4 4 8 6
split_gain=7.54219 8.74355 39.7121 33.0976 69.329 54.6866 15.5373 66.0388 72.5482 70.359 37.6002 30.1967 6.00398 14.4719 21.8872 8.95165 4.43517 9.54654 3.34708
threshold=0.5178571428571429 8.5000000000000018 14.928571428571431 11.660714285714286 10.625000000000002 11.500000000000002 10.482142857142859 11.660714285714286 10.500000000000002 8.5000000000000018 10.339285714285717 14.500000000000002 10.500000000000002 1.5000000000000002 0.44642857142857145 0.35714285714285715 1.0000000180025095e-35 25.500000000000004 0.67903972936192736
decision_type=2 2 2 2 2 2 2 2 2 2 2 2 2 2 2 2 2 2 2
left_child=12 6 3 4 -3 -5 10 8 -8 -9 11 -2 15 16 -15 -1 -14 -18 -17
right_child=1 2 -4 5 -6 -7 7 9 -10 -11 -12 -13 13 14 -16 18 17 -19 -20
leaf_value=-0.0031761546583541182 0.0019153047886821693 -0.0021417424754641549 -0.15140317016177707 0.011880533933276084 -0.13463259653188289 0.22986519262194635 0.17430790865421297 0.10368859459318824 0.015129564362647598 -0.054518660702384439 -0.15104366540908815 0.093770440336730751 -0.01043763757057993 0.092307648747353949 -0.039734282971997013 -0.042641295819055472 0.049656652943009423 -0.0044026558471172038 -0.019264771980556827
leaf_weight=287 6112 3129 18 41 40 15.999999999999998 50 37 67 117 15.999999999999998 36 487 37 19 105 42 147 147
leaf_count=287 6112 3129 18 41 40 16 50 37 67 117 16 36 487 37 19 105 42 147 147
internal_value=6.88418e-12 0.000951041 -0.0032821 -0.00245563 -0.00381408 0.0730692 0.00308504 0.0265198 0.0831545 -0.0165078 0.00205473 0.00245317 -0.00724243 -0.00134468 0.0475077 -0.015252 -0.00539163 0.00761052 -0.029005
internal_weight=10950 9679 3244 3226 3169 57 6435 271 117 154 6164 6148 1271 732 56 539 676 189 252
internal_count=10950 9679 3244 3226 3169 57 6435 271 117 154 6164 6148 1271 732 56 539 676 189 252
is_linear=0
shrinkage=0.1


Tree=72
num_leaves=20
num_cat=0
split_feature=9 6 0 5 3 3 4 8 9 4 1 10 4 4 3 4 1 2 5
split_gain=7.44385 33.1396 56.4888 55.4974 45.1837 19.742 72.8049 25.0593 15.1088 46.4403 70.9533 24.4636 60.4405 27.3529 48.3822 26.4705 25.9451 18.6886 15.175
threshold=1.0000000180025095e-35 4.6532164240447829 9.5000000000000018 10.482142857142859 10.500000000000002 7.5000000000000009 6.2142857142857153 10.500000000000002 3.5000000000000004 15.357142857142859 14.500000000000002 10.500000000000002 10.500000000000002 13.785714285714286 14.500000000000002 8.3571428571428594 12.500000000000002 13.500000000000002 10.553571428571431
decision_type=2 2 2 2 2 2 2 2 2 2 2 2 2 2 2 2 2 2 2
left_child=1 3 -3 5 -4 7 -7 -1 9 10 17 13 15 16 -15 -13 -10 -2 -12
right_child=8 2 4 -5 -6 6 -8 -9 11 -11 18 12 -14 14 -16 -17 -18 -19 -20
leaf_value=-0.0085638465899068889 -0.0046995165757409071 -0.062484591427491978 0.24625624432450249 -0.18186061047017577 0.043374096602201463 0.068106187650790587 -0.1623433682425269 0.018497216860181378 0.0065658880427302739 -0.13585714199752719 0.2200864563385645 -0.0122854998214687 -0.17692508480765604 0.20518422816929066 0.0012437335401773452 0.092427137374877941 -0.04144467051253365 -0.070183984556404705 0.077842544019222262
leaf_weight=571 4579 20 21 15.999999999999998 23 26 29 854 3795 27 15.000000000000002 703 22 19 30 25 116 44 14.999999999999998
leaf_count=571 4579 20 21 16 23 26 29 854 3795 27 15 703 22 19 30 25 116 44 15
internal_value=7.40752e-12 0.00639679 0.076864 0.00338215 0.140204 0.00538478 -0.0534036 0.0076538 -0.00106273 -0.00508684 -0.00432801 0.00293575 -0.0136245 0.00607217 0.0803227 -0.0086896 0.0051419 -0.00532277 0.148965
internal_weight=10950 1560 64 1496 44 1480 55 1425 9390 4680 4653 4710 750 3960 49 728 3911 4623 30
internal_count=10950 1560 64 1496 44 1480 55 1425 9390 4680 4653 4710 750 3960 49 728 3911 4623 30
is_linear=0
shrinkage=0.1


Tree=73
num_leaves=20
num_cat=0
split_feature=8 4 4 4 8 0 7 8 4 6 2 9 6 6 4 4 5 6 10
split_gain=7.27338 30.6105 20.5698 28.2374 16.0944 17.8751 51.5532 21.1371 43.3835 23.6069 19.4535 15.3644 11.1294 21.4079 19.3277 24.0068 12.6575 12.1092 1.94153
threshold=24.500000000000004 13.500000000000002 12.071428571428573 11.357142857142859 16.500000000000004 1.0000000180025095e-35 0.19642857142857145 21.500000000000004 2.785714285714286 2.5191812333893115 14.500000000000002 5.5000000000000009 2.3665933626609372 2.3383992505084641 2.3571428571428572 3.2142857142857149 1.517857142857143 2.3188170127602099 7.5000000000000009
decision_type=2 2 2 2 2 2 2 2 2 2 2 2 2 2 2 2 2 2 2
left_child=4 2 3 11 12 7 -7 9 -9 -6 -8 -2 13 17 16 -16 -14 -1 -4
right_child=1 -3 18 -5 5 6 10 8 -10 -11 -12 -13 14 -15 15 -17 -18 -19 -20
leaf_value=-0.0011220390913748389 -0.0084771772990838382 -0.14347213949076831 0.05036552230517069 -0.12410486816894264 -0.0091982699369071753 0.17093560423934834 0.012174345432709417 -0.00068187690500555367 0.18097606555503959 -0.083120979368686676 -0.023844588410271251 0.017984057480201182 0.06967361661649886 0.089582267059729659 -0.10987456777821417 0.008912188587365328 -0.015509934390632852 -0.08823442505672574 0.10044350365642458
leaf_weight=5966 1501 15.999999999999998 15.000000000000002 20 432 20 2184 58 17 48 161 257 21 26 46 27 103 15.999999999999998 15.999999999999998
leaf_count=5966 1501 16 15 20 432 20 2184 58 17 48 161 257 21 26 46 27 103 16 16
internal_value=-4.02862e-12 -0.00576297 -0.00454497 -0.005953 0.00115259 0.00727469 0.0110649 -0.00887642 0.0404939 -0.0165905 0.0097014 -0.00460884 -0.00172839 -0.000961501 -0.0251166 -0.0659397 -0.00108369 -0.00135504 0.0762122
internal_weight=10950 1825 1809 1778 9125 2920 2365 555 75 480 2345 1758 6205 6008 197 73 124 5982 31
internal_count=10950 1825 1809 1778 9125 2920 2365 555 75 480 2345 1758 6205 6008 197 73 124 5982 31
is_linear=0
shrinkage=0.1


Tree=74
num_leaves=8
num_cat=0
split_feature=3 2 0 2 0 1 0
split_gain=7.11313 10.4685 38.7041 20.8548 8.72113 43.162 35.1877
threshold=25.500000000000004 20.500000000000004 17.500000000000004 19.500000000000004 7.5000000000000009 16.500000000000004 8.5000000000000018
decision_type=2 2 2 2 2 2 2
left_child=1 3 -3 4 5 -1 -6
right_child=-2 2 -4 -5 6 -7 -8
leaf_value=-0.00052173368545331328 0.068815605938434596 0.029263888886914804 -0.16149380437564106 0.11077461343477756 0.052089159453650884 -0.12485181582825525 -0.00049028223195057776
leaf_weight=10049 14.999999999999998 26 18 17 159 28 638
leaf_count=10049 15 26 18 17 159 28 638
internal_value=-1.10447e-10 -9.43974e-05 -0.0487733 0.000102267 -7.07538e-05 -0.000867198 0.00999922
internal_weight=10950 10935 44 10891 10874 10077 797
internal_count=10950 10935 44 10891 10874 10077 797
is_linear=0
shrinkage=0.1


Tree=75
num_leaves=20
num_cat=0
split_feature=9 6 0 5 3 6 4 6 9 4 1 6 3 5 3 5 0 8 6
split_gain=6.17933 27.1424 46.3983 43.3533 35.7026 17.009 56.8784 21.664 12.0923 37.4702 59.1166 21.6284 23.0996 20.8787 19.7069 72.9893 23.1197 17.7023 12.1863
threshold=1.0000000180025095e-35 4.6532164240447829 9.5000000000000018 10.482142857142859 10.500000000000002 2.1279240741133414 3.2142857142857149 3.558099631628977 3.5000000000000004 15.357142857142859 14.500000000000002 1.6833137025618197 3.5000000000000004 2.5535714285714293 1.5000000000000002 4.4464285714285721 1.0000000180025095e-35 7.5000000000000009 1.4003915424356597
decision_type=2 2 2 2 2 2 2 2 2 2 2 2 2 2 2 2 2 2 2
left_child=1 3 -3 5 -4 6 -1 -7 9 10 17 12 18 -14 15 -13 -16 -2 -10
right_child=8 2 4 -5 -6 7 -8 -9 11 -11 -12 14 13 -15 16 -17 -18 -19 -20
leaf_value=0.0058452632727584762 0.0053869963584980488 -0.056689590681344271 0.22127728838296165 -0.16062553226947784 0.040932844903158107 -0.036873519882722632 0.12857820966686959 0.028204017386994729 -0.0014473373922359097 -0.12203225220243137 0.13603647249440351 0.022443832697355851 0.019535985806177616 0.1293267248492492 -0.032707863145157799 0.24701258435845377 0.010342922273768516 -0.0085555593288268138 -0.017703112770380235
leaf_weight=1187 1247 20 21 15.999999999999998 23 183 39 71 2266 27 30 412 196 19 141 14.999999999999998 1082 3376 579
leaf_count=1187 1247 20 21 16 23 183 39 71 2266 27 30 412 196 19 141 15 1082 3376 579
internal_value=-3.0538e-11 0.0058282 0.0696014 0.00309993 0.127006 0.00486994 0.00974949 -0.0186826 -0.000968263 -0.00456832 -0.00388672 0.00260887 -0.00236716 0.0292384 0.0118371 0.0303327 0.00537959 -0.00479472 -0.00475563
internal_weight=10950 1560 64 1496 44 1480 1226 254 9390 4680 4653 4710 3060 215 1650 427 1223 4623 2845
internal_count=10950 1560 64 1496 44 1480 1226 254 9390 4680 4653 4710 3060 215 1650 427 1223 4623 2845
is_linear=0
shrinkage=0.1


Tree=76
num_leaves=7
num_cat=0
split_feature=1 4 4 10 6 4
split_gain=5.89866 16.9649 12.233 42.9328 25.2339 27.2123
threshold=23.500000000000004 17.785714285714288 15.500000000000002 7.5000000000000009 6.7027588307436234 14.928571428571431
decision_type=2 2 2 2 2 2
left_child=1 2 4 -4 5 -1
right_child=-2 -3 3 -5 -6 -7
leaf_value=-0.00027402362387827562 -0.051728355782953178 0.084087256342172623 0.047363427202952536 -0.16815388633145228 0.11841768208477232 0.13023587614297868
leaf_weight=10833 22 24 19 18 18 15.999999999999998
leaf_count=10833 22 24 19 18 18 16
internal_value=-1.22176e-11 0.000104138 -8.07108e-05 -0.0574828 0.000114732 -8.15489e-05
internal_weight=10950 10928 10904 37 10867 10849
internal_count=10950 10928 10904 37 10867 10849
is_linear=0
shrinkage=0.1


Tree=77
num_leaves=20
num_cat=0
split_feature=5 5 8 4 4 5 2 5 6 4 8 0 5 4 10 4 8 10 3
split_gain=5.54226 6.69997 7.47892 24.8026 23.1379 11.8875 46.7784 37.6664 5.75408 5.86921 4.85659 9.78819 17.4668 7.76683 4.24257 3.39964 7.29478 2.99476 4.7782
threshold=0.5178571428571429 0.55357142857142871 25.500000000000004 13.357142857142859 12.071428571428573 10.482142857142859 14.500000000000002 10.303571428571431 0.7244806796946025 0.78571428571428581 10.500000000000002 1.5000000000000002 0.33928571428571436 0.2142857142857143 9.5000000000000018 1.0000000180025095e-35 25.500000000000004 7.5000000000000009 1.0000000180025095e-35
decision_type=2 2 2 2 2 2 2 2 2 2 2 2 2 2 2 2 2 2 2
left_child=10 8 5 4 -4 7 -7 -3 -2 14 13 15 -13 -1 -10 -12 -17 -15 -19
right_child=1 2 3 -5 -6 6 -8 -9 9 -11 11 12 -14 17 -16 16 -18 18 -20
leaf_value=0.0031249991427826627 0.081110448737939211 0.0011249448014987893 -0.0077967788255157771 -0.12062147804781009 0.084345298154013496 0.058185148772693457 -0.025175052619844426 -0.14369150685767335 0.017488563401358469 0.057773559253949384 -0.0086501293312719954 0.10146312655508519 -0.010880835360336689 -0.02815954295563915 -0.028568832948803902 0.043905633155788694 -0.0033500199757364336 -0.018304218438475631 0.035960932746529582
leaf_weight=186 14.999999999999998 8180 1021 19 28 155 119 18 70 26 487 25 31 247 28 42 147 86 20
leaf_count=186 15 8180 1021 19 28 155 119 18 70 26 487 25 31 247 28 42 147 86 20
internal_value=1.47766e-11 0.000815256 0.000497675 -0.00738825 -0.00533731 0.00149179 0.0219813 0.000806977 0.0226118 0.0155354 -0.00620839 -0.00090404 0.0392727 -0.0134121 0.00432931 -0.00423229 0.00715124 -0.0221256 -0.00806551
internal_weight=10950 9679 9540 1068 1049 8472 274 8198 139 124 1271 732 56 539 98 676 189 353 106
internal_count=10950 9679 9540 1068 1049 8472 274 8198 139 124 1271 732 56 539 98 676 189 353 106
is_linear=0
shrinkage=0.1


Tree=78
num_leaves=9
num_cat=0
split_feature=3 6 4 0 6 5 5 5
split_gain=5.09179 10.0356 26.6102 12.7201 11.7389 9.28264 48.8438 33.2627
threshold=25.500000000000004 6.2941793083053676 14.928571428571431 22.500000000000004 6.7027588307436234 12.410714285714286 12.660714285714286 12.196428571428573
decision_type=2 2 2 2 2 2 2 2
left_child=1 3 4 5 -3 7 -7 -1
right_child=-2 2 -4 -5 -6 6 -8 -9
leaf_value=-3.7862085328931561e-05 0.058222655057907108 -0.045433911515606773 -0.14214044811411039 0.081877800787946112 0.074347384770711275 -0.19037106502801182 0.0032911417180938383 0.10909720244152206
leaf_weight=10751 14.999999999999998 18 18 19 14.999999999999998 15.999999999999998 70 28
leaf_count=10751 15 18 18 19 15 16 70 28
internal_value=-3.58105e-11 -7.98665e-05 -0.0443358 0.000127507 0.00901213 -1.54524e-05 -0.032739 0.000245632
internal_weight=10950 10935 51 10884 33 10865 86 10779
internal_count=10950 10935 51 10884 33 10865 86 10779
is_linear=0
shrinkage=0.1


Tree=79
num_leaves=7
num_cat=0
split_feature=0 5 3 5 1 5
split_gain=5.43666 18.7738 24.366 23.0522 8.81061 18.448
threshold=25.500000000000004 16.357142857142858 14.500000000000002 15.000000000000002 20.500000000000004 13.392857142857144
decision_type=2 2 2 2 2 2
left_child=1 3 -3 4 5 -1
right_child=-2 2 -4 -5 -6 -7
leaf_value=-6.4438941099816141e-05 -0.060162086486816403 -0.030282534193247557 0.1265621436186708 -0.11324836495849822 -0.05928465986251831 0.079800597533326731
leaf_weight=10821 14.999999999999998 15.999999999999998 26 18 25 29
leaf_count=10821 15 16 26 18 25 29
internal_value=3.38539e-11 8.25269e-05 0.0668118 -0.00017476 1.23961e-05 0.000149025
internal_weight=10950 10935 42 10893 10875 10850
internal_count=10950 10935 42 10893 10875 10850
is_linear=0
shrinkage=0.1


Tree=80
num_leaves=11
num_cat=0
split_feature=2 2 5 4 4 4 4 4 0 8
split_gain=5.09152 10.4165 36.1498 47.2567 42.7529 14.1269 38.1665 30.3077 11.7006 9.64503
threshold=23.500000000000004 17.500000000000004 11.232142857142859 12.785714285714286 16.142857142857146 15.500000000000002 18.500000000000004 14.642857142857144 18.500000000000004 23.500000000000004
decision_type=2 2 2 2 2 2 2 2 2 2
left_child=1 5 9 -4 -5 7 -7 8 -1 -3
right_child=-2 2 3 4 -6 6 -8 -9 -10 -11
leaf_value=-0.00036256788306429877 -0.04700057367267816 0.0043726736307144161 0.21135743634383145 -0.11175048932433129 0.11408908194617223 -0.12989974485503303 0.065010028332471853 0.12007394787811099 0.058393307227422211 -0.10902944202224413
leaf_weight=10746 23 15 19 14.999999999999998 19 27 15.999999999999998 21 34 15
leaf_count=10746 23 15 19 15 19 27 16 21 34 15
internal_value=8.49128e-13 9.89305e-05 0.0353901 0.085042 0.014454 -0.000171188 -0.0573752 5.65476e-05 -0.000177253 -0.0523284
internal_weight=10950 10927 83 53 34 10844 43 10801 10780 30
internal_count=10950 10927 83 53 34 10844 43 10801 10780 30
is_linear=0
shrinkage=0.1


Tree=81
num_leaves=7
num_cat=0
split_feature=0 5 3 5 1 4
split_gain=5.01096 14.7654 20.1347 19.1529 7.97033 15.2386
threshold=25.500000000000004 16.357142857142858 14.500000000000002 15.000000000000002 20.500000000000004 12.071428571428573
decision_type=2 2 2 2 2 2
left_child=1 3 -3 4 5 -1
right_child=-2 2 -4 -5 -6 -7
leaf_value=-0.00026905554081926625 -0.057758652369181318 -0.029004596127197149 0.1135726703903996 -0.10321652889251709 -0.05637696218490601 0.033539373526970548
leaf_weight=10715 14.999999999999998 15.999999999999998 26 18 25 135
leaf_count=10715 15 16 26 18 25 135
internal_value=-1.47806e-11 7.923e-05 0.0592575 -0.000148943 2.16516e-05 0.000151602
internal_weight=10950 10935 42 10893 10875 10850
internal_count=10950 10935 42 10893 10875 10850
is_linear=0
shrinkage=0.1


Tree=82
num_leaves=20
num_cat=0
split_feature=9 6 2 6 0 3 1 7 0 3 8 3 5 5 4 6 10 9 4
split_gain=4.93894 20.3884 40.0433 37.378 35.7241 30.6708 29.4259 58.7762 25.164 21.5288 9.96527 20.6394 42.1627 30.6603 14.5805 14.4823 15.334 10.3608 30.5113
threshold=1.0000000180025095e-35 4.6532164240447829 6.5000000000000009 2.8552447284072406 9.5000000000000018 10.500000000000002 6.5000000000000009 0.94642857142857151 7.5000000000000009 7.5000000000000009 1.5000000000000002 1.5000000000000002 2.410714285714286 2.910714285714286 0.92857142857142871 2.2279245810166373 10.500000000000002 3.5000000000000004 15.357142857142859
decision_type=2 2 2 2 2 2 2 2 2 2 2 2 2 2 2 2 2 2 2
left_child=1 2 6 -4 -3 -6 9 -8 -5 -1 11 12 14 -14 -2 16 -13 18 -12
right_child=10 4 3 8 5 -7 7 -9 -10 -11 17 15 13 -15 -16 -17 -18 -19 -20
leaf_value=0.0058487384713146739 0.039382975526377255 -0.050333398506045346 0.059780770932373252 -0.014963673217141111 0.19822897740772794 0.031075480904268184 0.23326454138492836 0.0043864250634655811 -0.14455127528500419 -0.086029257195500239 -0.0045264742155660528 -0.0057246530233341425 0.20626109242439272 0.051050892211496834 -0.0052615862456150356 -0.047077911272644997 0.081368119698827679 0.0016910368032086107 -0.11116019625354696
leaf_weight=1335 121 20 19 23 21 23 17 33 43 26 4341 167 20 35 185 75 23 4396 27
leaf_count=1335 121 20 19 23 21 23 17 33 43 26 4341 167 20 35 185 75 23 4396 27
internal_value=2.51711e-11 0.00521051 0.00284594 -0.0638122 0.0604824 0.110853 0.00686148 0.082205 -0.099392 0.00409354 -0.000865644 0.0113236 0.0268807 0.107491 0.012392 -0.00986941 0.00481816 -0.0017363 -0.00518561
internal_weight=10950 1560 1496 85 64 44 1411 50 66 1361 9390 626 361 55 306 265 190 8764 4368
internal_count=10950 1560 1496 85 64 44 1411 50 66 1361 9390 626 361 55 306 265 190 8764 4368
is_linear=0
shrinkage=0.1


Tree=83
num_leaves=19
num_cat=0
split_feature=3 5 5 5 0 9 6 1 3 1 0 4 6 9 0 0 1 6
split_gain=5.13269 16.7514 76.5381 67.1422 56.8242 42.5319 40.2251 86.2891 38.6244 32.4891 27.6236 15.8325 24.1222 21.3329 19.68 19.4937 18.9729 14.0082
threshold=5.5000000000000009 7.7678571428571432 8.0892857142857171 7.4821428571428585 12.500000000000002 3.5000000000000004 3.4573752861158198 9.5000000000000018 7.5000000000000009 8.5000000000000018 5.5000000000000009 10.500000000000002 4.9856298400093655 2.5000000000000004 10.500000000000002 9.5000000000000018 8.5000000000000018 3.7011268137535125
decision_type=2 2 2 2 2 2 2 2 2 2 2 2 2 2 2 2 2 2
left_child=11 3 17 4 10 9 7 -4 -8 -5 -2 12 14 -13 15 -1 -16 -3
right_child=1 2 6 5 -6 -7 8 -9 -10 -11 -12 13 -14 -15 16 -17 -18 -19
leaf_value=-0.00064188471018111586 0.014834568499317092 -0.19971661584244835 -0.061880613565444942 0.099125538931952584 0.15756637919694186 0.024856638203241996 0.062034232486039398 0.26718525360612311 -0.012983957230434976 0.29497026745229959 -0.033034718845061269 5.8507591485977175e-05 0.092161196629915926 -0.14051537717643536 -0.084286696020075505 0.089596176644166317 0.043653663198153177 -0.085828396153670772
leaf_weight=9487 403 18 14.999999999999998 18 24 28 80 17 483 15.999999999999998 172 25 28 19 51 24 14.999999999999998 27
leaf_count=9487 403 18 15 18 24 28 80 17 483 16 172 25 28 19 51 24 15 27
internal_value=-4.8275e-11 0.00589614 -0.00563569 0.0170616 0.00680793 0.116125 0.00387467 0.112936 -0.00232418 0.191288 0.000515408 -0.000794993 -0.000520828 -0.0606439 -0.0007918 -0.000414179 -0.0552093 -0.131384
internal_weight=10950 1301 640 661 599 62 595 32 563 34 575 9649 9605 44 9577 9511 66 45
internal_count=10950 1301 640 661 599 62 595 32 563 34 575 9649 9605 44 9577 9511 66 45
is_linear=0
shrinkage=0.1


Tree=84
num_leaves=20
num_cat=0
split_feature=6 7 4 8 9 10 2 4 3 3 2 8 0 9 9 4 10 9 10
split_gain=4.58123 7.83534 25.695 7.67744 6.09734 21.6301 57.3519 24.4133 17.8803 78.4364 22.2532 3.6746 8.09165 6.19956 5.9411 5.64362 4.17586 3.4943 2.43664
threshold=0.76888916740181312 0.19642857142857145 1.0714285714285716 9.5000000000000018 3.5000000000000004 10.500000000000002 10.500000000000002 13.785714285714286 15.500000000000002 14.500000000000002 12.500000000000002 9.5000000000000018 1.5000000000000002 4.5000000000000009 1.5000000000000002 0.2142857142857143 5.5000000000000009 4.5000000000000009 4.5000000000000009
decision_type=2 2 2 2 2 2 2 2 2 2 2 2 2 2 2 2 2 2 2
left_child=11 2 3 -2 8 7 -7 -6 9 -3 -10 15 -13 14 -14 18 -17 -18 -1
right_child=1 4 -4 -5 5 6 -8 -9 10 -11 -12 12 13 -15 -16 16 17 -19 -20
leaf_value=-0.0094014401065892206 0.059633482087196578 -0.0018193142850572404 0.12997110158205033 -0.015125745812587538 0.0054260723668711546 -0.0063311566621699865 -0.137858754790255 0.076508178120973158 -0.014130064588342164 0.22716552247603736 -0.1496928867366579 -0.0049083034662256069 0.0094971908023580923 -0.019355556275695563 0.088846237552554719 -0.037222936997811006 -0.020912556563104905 0.012622803952111756 0.0202608918243984
leaf_weight=58 18 5480 20 58 3470 628 35 49 37 14.999999999999998 18 694 15.999999999999998 14.999999999999998 23 108 112 43 53
leaf_count=58 18 5480 20 58 3470 628 35 49 37 15 18 694 16 15 23 108 112 43 53
internal_value=3.83732e-12 0.000691111 0.0291201 0.00258039 0.000410677 0.0032942 -0.0132745 0.00641585 -0.0017621 -0.00119424 -0.0584961 -0.00605369 -0.00200706 0.0352794 0.0562928 -0.0141469 -0.0221274 -0.0116092 0.00476166
internal_weight=10950 9828 96 76 9732 4182 663 3519 5550 5495 55 1122 748 54 39 374 263 155 111
internal_count=10950 9828 96 76 9732 4182 663 3519 5550 5495 55 1122 748 54 39 374 263 155 111
is_linear=0
shrinkage=0.1


Tree=85
num_leaves=6
num_cat=0
split_feature=1 4 5 5 1
split_gain=4.58689 14.4151 10.0113 22.5168 13.2692
threshold=25.500000000000004 18.214285714285719 17.410714285714288 15.785714285714286 20.500000000000004
decision_type=2 2 2 2 2
left_child=1 2 3 4 -1
right_child=-2 -3 -4 -5 -6
leaf_value=1.1913905867505708e-05 -0.055260625630617149 0.080940586734901787 -0.070773009434342379 0.12247829278310141 -0.088405545669443475
leaf_weight=10861 14.999999999999998 22 20 14.999999999999998 17
leaf_count=10861 15 22 20 15 17
internal_value=3.48872e-11 7.58034e-05 -8.72155e-05 4.25665e-05 -0.000126264
internal_weight=10950 10935 10913 10893 10878
internal_count=10950 10935 10913 10893 10878
is_linear=0
shrinkage=0.1


Tree=86
num_leaves=18
num_cat=0
split_feature=9 6 2 7 3 6 8 4 5 4 4 6 4 6 0 3 3
split_gain=4.39604 15.6292 32.0795 31.6144 34.1321 29.3744 23.9042 38.2056 24.437 21.313 10.6553 8.75088 46.9413 26.4846 20.6961 11.7941 10.5751
threshold=1.0000000180025095e-35 4.6532164240447829 6.5000000000000009 0.98214285714285732 14.500000000000002 2.8552447284072406 10.500000000000002 3.0714285714285716 2.0892857142857149 6.0714285714285721 10.785714285714286 6.2941793083053676 14.928571428571431 6.7027588307436234 22.500000000000004 22.500000000000004 13.500000000000002
decision_type=2 2 2 2 2 2 2 2 2 2 2 2 2 2 2 2 2
left_child=1 2 6 -3 10 -4 8 -8 -1 -7 -5 14 13 -13 15 16 -2
right_child=11 3 5 4 -6 9 7 -9 -10 -11 -12 12 -14 -15 -16 -17 -18
leaf_value=0.00040283726092921228 -0.0011015552627120678 -0.073720733436445404 0.052747588178240934 0.097890387867626397 -0.033458933234214783 0.0044386725044912763 0.0082827638282268329 0.068386543829992957 -0.053229009169332979 -0.12315730966317158 0.21063606639703117 -0.059283299081855347 -0.18378487848676742 0.11754029247676955 0.10964296837063398 -0.089394862999518709 0.024595567411485993
leaf_weight=464 9145 14.999999999999998 19 19 14.999999999999998 18 719 124 104 48 14.999999999999998 18 15.999999999999998 15.999999999999998 17 14.999999999999998 163
leaf_count=464 9145 15 19 19 15 18 719 124 104 48 15 18 16 16 17 15 163
internal_value=2.85968e-11 0.0049158 0.00284551 0.0533088 0.0921954 -0.0568171 0.00643964 0.0171237 -0.00941708 -0.0883584 0.147631 -0.000816683 -0.0425403 0.0239278 -0.000593323 -0.000794333 -0.000651552
internal_weight=10950 1560 1496 64 49 85 1411 843 568 66 34 9390 50 34 9340 9323 9308
internal_count=10950 1560 1496 64 49 85 1411 843 568 66 34 9390 50 34 9340 9323 9308
is_linear=0
shrinkage=0.1


Tree=87
num_leaves=7
num_cat=0
split_feature=0 5 5 2 2 2
split_gain=4.39308 13.2549 17.4916 16.7078 5.5023 14.3759
threshold=25.500000000000004 16.357142857142858 15.000000000000002 15.500000000000002 21.500000000000004 19.500000000000004
decision_type=2 2 2 2 2 2
left_child=1 2 4 -3 5 -1
right_child=-2 3 -4 -5 -6 -7
leaf_value=-5.3923554435132264e-05 -0.054080594380696616 0.13654491249471903 -0.098638057543171787 0.006666175799014476 -0.056826007103218758 0.080864219215105893
leaf_weight=10836 14.999999999999998 15.999999999999998 18 26 17 22
leaf_count=10836 15 16 18 26 17 22
internal_value=2.60567e-11 7.41847e-05 -0.000142002 0.0561438 2.10258e-05 0.000110029
internal_weight=10950 10935 10893 42 10875 10858
internal_count=10950 10935 10893 42 10875 10858
is_linear=0
shrinkage=0.1


Tree=88
num_leaves=19
num_cat=0
split_feature=8 4 4 4 3 8 0 7 8 4 2 1 6 6 4 4 6 6
split_gain=4.36438 21.5846 17.2029 24.1033 14.2323 9.73714 11.0792 34.0062 16.82 34.3352 21.2186 15.7322 8.91086 16.0181 15.1529 18.7622 11.3079 9.19085
threshold=24.500000000000004 13.357142857142859 12.071428571428573 11.357142857142859 11.500000000000002 16.500000000000004 1.0000000180025095e-35 0.19642857142857145 21.500000000000004 2.785714285714286 5.5000000000000009 3.5000000000000004 2.3665933626609372 2.3383992505084641 2.3571428571428572 3.0714285714285716 2.5968483752354938 2.3188170127602099
decision_type=2 2 2 2 2 2 2 2 2 2 2 2 2 2 2 2 2 2
left_child=5 2 3 4 -2 12 8 -8 10 -10 -7 -9 13 17 16 -16 -14 -1
right_child=1 -3 -4 -5 -6 6 7 11 9 -11 -12 -13 14 -15 15 -17 -18 -19
leaf_value=-0.00079926740030939435 -0.0051774425474180449 -0.11049259455972596 0.074424350634217262 -0.11373428754508495 0.040527183653025982 -0.0090138022747955158 0.13848214875906706 0.016282549540312392 0.00034911131550525803 0.16195675096858075 -0.10363820798695088 -0.00013483811702579262 -0.035378119114924361 0.077658833162142685 -0.10321023446030733 -0.0010372435208410025 0.025527329508747372 -0.076691870333161216
leaf_weight=5966 1687 19 28 20 71 455 20 1095 58 17 25 1250 54 26 41 32 70 15.999999999999998
leaf_count=5966 1687 19 28 20 71 455 20 1095 58 17 25 1250 54 26 41 32 70 16
internal_value=-4.54804e-12 -0.00446415 -0.00334868 -0.00457345 -0.00333158 0.000892831 0.00565471 0.00863868 -0.00706076 0.0369802 -0.0139422 0.00753128 -0.00134806 -0.000661846 -0.0222757 -0.0584221 -0.000996011 -0.00100226
internal_weight=10950 1825 1806 1778 1758 9125 2920 2365 555 75 480 2345 6205 6008 197 73 124 5982
internal_count=10950 1825 1806 1778 1758 9125 2920 2365 555 75 480 2345 6205 6008 197 73 124 5982
is_linear=0
shrinkage=0.1


Tree=89
num_leaves=20
num_cat=0
split_feature=8 8 5 3 9 1 9 5 7 7 8 0 6 4 9 3 6 6 3
split_gain=4.12036 10.8094 37.5759 27.9995 19.0911 23.975 19.0851 12.8978 12.7311 17.8563 6.48959 17.3292 12.6369 7.15695 5.23312 21.9135 42.0884 28.1059 16.4865
threshold=1.5000000000000002 1.0000000180025095e-35 1.1250000000000002 1.5000000000000002 5.5000000000000009 2.5000000000000004 1.0000000180025095e-35 3.2678571428571432 0.5892857142857143 0.41071428571428575 2.5000000000000004 1.0000000180025095e-35 1.7194859995934475 0.50000000000000011 5.5000000000000009 17.500000000000004 4.9111361562164983 5.2405737398447174 15.500000000000002
decision_type=2 2 2 2 2 2 2 2 2 2 2 2 2 2 2 2 2 2 2
left_child=1 2 8 6 5 -5 -3 -8 9 -1 11 12 13 -2 18 17 -17 -16 -12
right_child=10 3 -4 4 -6 -7 7 -9 -10 -11 14 -13 -14 -15 15 16 -18 -19 -20
leaf_value=-0.018689957112073899 0.019571021370504094 -0.039741919727789038 -0.059782510679415479 0.046330195906523028 -0.07325910662257229 -0.023002505663427569 0.083964203070849175 -0.015475875884294511 -0.05907910686457233 0.038602360618465087 -0.00042079528666797783 -0.037734524002256124 0.091330262180417787 -0.019836321733987 0.0053780583600118448 0.20905981202920276 -0.024101556744426489 -0.11708045774384548 -0.035779282948308032
leaf_weight=80 87 18 93 95 32 105 100 14.999999999999998 22 170 8290 164 15.999999999999998 98 1381 15.000000000000002 15.999999999999998 19 134
leaf_count=80 87 18 93 95 32 105 100 15 22 170 8290 164 16 98 1381 15 16 19 134
internal_value=-4.31905e-11 0.00725813 -0.00491044 0.0194267 -0.0015439 0.00993053 0.056007 0.0709938 0.013851 0.0202688 -0.000518438 -0.0136122 0.00606967 -0.00130422 -3.3483e-05 0.00555754 0.0887185 0.00371612 -0.00098324
internal_weight=10950 730 365 365 232 200 133 115 272 250 10220 365 201 185 9855 1431 31 1400 8424
internal_count=10950 730 365 365 232 200 133 115 272 250 10220 365 201 185 9855 1431 31 1400 8424
is_linear=0
shrinkage=0.1


Tree=90
num_leaves=8
num_cat=0
split_feature=4 5 4 3 1 0 4
split_gain=4.42434 10.3986 13.4261 28.8987 11.0705 33.9743 17.7131
threshold=18.785714285714288 17.410714285714288 15.214285714285717 14.500000000000002 16.500000000000004 7.5000000000000009 10.785714285714286
decision_type=2 2 2 2 2 2 2
left_child=1 2 4 -4 6 -6 -1
right_child=-2 -3 3 -5 5 -7 -8
leaf_value=-0.00044614756737832009 0.045856150346142904 -0.067256611682798548 0.12261287283438903 -0.04221965505017175 -0.12183591834269465 0.0096371212157241089 0.029303575349131635
leaf_weight=10571 21 23 26 18 30 57 204
leaf_count=10571 21 23 26 18 30 57 204
internal_value=-1.94669e-11 -8.81123e-05 5.35414e-05 0.0551814 -0.000169772 -0.0356984 0.000117095
internal_weight=10950 10929 10906 44 10862 87 10775
internal_count=10950 10929 10906 44 10862 87 10775
is_linear=0
shrinkage=0.1


Tree=91
num_leaves=14
num_cat=0
split_feature=10 2 5 6 4 6 2 2 10 0 2 1 1
split_gain=3.92592 43.7996 74.4767 44.2117 50.2055 37.7372 8.66586 12.7771 28.6329 58.4871 13.1196 60.9133 22.4335
threshold=1.5000000000000002 10.500000000000002 9.8392857142857171 4.4212921766670856 5.9285714285714297 4.9856298400093655 23.500000000000004 17.500000000000004 8.5000000000000018 12.500000000000002 14.500000000000002 12.500000000000002 13.500000000000002
decision_type=2 2 2 2 2 2 2 2 2 2 2 2 2
left_child=1 2 3 4 -1 -3 7 10 9 -9 12 -12 -2
right_child=6 5 -4 -5 -6 -7 -8 8 -10 -11 11 -13 -14
leaf_value=0.0071927203403638305 -0.0010098923660619794 0.21697923868066737 -0.19930677960316343 0.14615199378776281 -0.12449726562947035 0.0022159275660912198 -0.066336112096905708 0.20169411340485449 -0.046859370229335937 -0.0087719723942779725 0.031220146708867771 -0.12981422036522772 0.037459855117871386
leaf_weight=827 9670 18 18 22 30 14.999999999999998 20 23 26 31 55 41 154
leaf_count=827 9670 18 18 22 30 15 20 23 26 31 55 41 154
internal_value=-6.26955e-12 0.00621521 0.00205271 0.00617612 0.0025828 0.11936 -0.000576861 -0.000445343 0.0393586 0.080871 -0.000766342 -0.0375549 -0.000406845
internal_weight=10950 930 897 879 857 33 10020 10000 80 54 9920 96 9824
internal_count=10950 930 897 879 857 33 10020 10000 80 54 9920 96 9824
is_linear=0
shrinkage=0.1


Tree=92
num_leaves=20
num_cat=0
split_feature=9 6 2 0 6 1 7 3 3 4 0 8 9 7 10 5 4 6 4
split_gain=4.08046 13.3061 26.3553 25.5868 23.8755 20.6525 49.814 19.9229 19.3626 17.3555 7.73378 45.8835 55.1393 39.6744 37.3809 22.6481 13.0335 25.974 24.9264
threshold=1.0000000180025095e-35 4.6532164240447829 6.5000000000000009 9.5000000000000018 2.8552447284072406 6.5000000000000009 0.94642857142857151 10.500000000000002 7.5000000000000009 6.0714285714285721 13.500000000000002 23.500000000000004 1.5000000000000002 0.98214285714285732 8.5000000000000018 10.946428571428573 14.071428571428573 4.7715672102000246 13.071428571428573
decision_type=2 2 2 2 2 2 2 2 2 2 2 2 2 2 2 2 2 2 2
left_child=1 2 5 -3 -4 8 -7 -5 -1 -6 16 12 -12 -14 15 -13 18 -18 -2
right_child=10 3 4 7 9 6 -8 -9 -10 -11 11 14 13 -15 -16 -17 17 -19 -20
leaf_value=0.0054292265218111417 -0.00039436918491541256 -0.044396333061158658 0.047526111983154956 0.16243828940648763 0.0040509676974680693 0.20827032925889777 -0.0024368974295529457 0.027719262598649316 -0.081703853836426366 -0.111090847531644 -0.14915408445032019 -0.11429131146181713 -0.087803569351407623 0.060392177422152894 -0.23305976986885071 0.039386954728294822 -0.1548731353133917 0.020237634248203702 0.10617694451727651
leaf_weight=1335 9138 20 19 21 18 17 33 23 26 48 19 22 22 101 14.999999999999998 17 15.999999999999998 18 22
leaf_count=1335 9138 20 19 21 18 17 33 23 26 48 19 22 22 101 15 17 16 18 22
internal_value=-4.1232e-11 0.00473607 0.00282583 0.0493878 -0.0512523 0.00608355 0.0692036 0.092017 0.00376467 -0.0796885 -0.000786823 -0.0204425 0.00939439 0.0338856 -0.0989024 -0.0473033 -0.000367799 -0.0621674 -0.000138412
internal_weight=10950 1560 1496 64 85 1411 50 44 1361 66 9390 196 142 123 54 39 9194 34 9160
internal_count=10950 1560 1496 64 85 1411 50 44 1361 66 9390 196 142 123 54 39 9194 34 9160
is_linear=0
shrinkage=0.1


Tree=93
num_leaves=20
num_cat=0
split_feature=7 6 0 10 9 4 5 4 1 5 3 1 0 0 7 1 0 2 1
split_gain=3.72619 18.4142 67.1291 33.9763 24.633 41.2351 40.1228 37.442 34.479 43.9052 24.806 21.6264 18.1264 28.864 32.9368 60.1678 25.8897 51.3453 14.1448
threshold=0.98214285714285732 4.9111361562164983 4.5000000000000009 4.5000000000000009 2.5000000000000004 12.642857142857144 10.553571428571431 14.357142857142859 12.500000000000002 8.5892857142857171 14.500000000000002 17.500000000000004 10.500000000000002 11.500000000000002 0.94642857142857151 7.5000000000000009 9.5000000000000018 6.5000000000000009 8.5000000000000018
decision_type=2 2 2 2 2 2 2 2 2 2 2 2 2 2 2 2 2 2 2
left_child=12 4 -3 -4 5 6 -2 -7 9 -6 -10 -5 16 -14 -15 -16 18 -18 -1
right_child=1 2 3 11 8 7 -8 -9 10 -11 -12 -13 13 14 15 -17 17 -19 -20
leaf_value=-0.00011418060496187978 -0.0066667400317696433 -0.17131390829498952 -0.1246424660459161 -0.0047533340148023656 0.020595882024393424 0.2086463275831193 -0.11935307366507396 0.0034091491997241975 -0.048402713391826391 0.095717826510951357 0.052954058484597645 0.079818438307235118 -0.14557334868745372 -0.089052472982023456 -0.079866652985413858 0.20337137937545779 0.22440240641434986 -0.029434902637320404 -0.034520789173485576
leaf_weight=9545 325 26 20 148 318 15.999999999999998 35 20 90 103 33 38 22 28 15.000000000000002 14.999999999999998 14.999999999999998 17 121
leaf_count=9545 325 26 20 148 318 16 35 20 90 103 33 38 22 28 15 15 15 17 121
internal_value=1.17797e-11 0.00532828 -0.0199026 -0.000792437 0.0115555 -0.00741799 -0.0176224 0.0946257 0.025367 0.0389749 -0.0212094 0.0125248 -0.000638652 -0.0480439 -0.01105 0.0617524 -0.0002476 0.0895513 -0.000544886
internal_weight=10950 1172 232 206 940 396 360 36 544 421 123 186 9778 80 58 30 9698 32 9666
internal_count=10950 1172 232 206 940 396 360 36 544 421 123 186 9778 80 58 30 9698 32 9666
is_linear=0
shrinkage=0.1


Tree=94
num_leaves=11
num_cat=0
split_feature=8 4 3 3 3 3 3 2 5 2
split_gain=4.06034 22.874 15.4461 44.7029 27.6082 8.70529 11.2851 27.1272 14.9119 38.7176
threshold=25.500000000000004 13.357142857142859 16.500000000000004 13.500000000000002 12.500000000000002 23.500000000000004 19.500000000000004 15.500000000000002 17.410714285714288 19.500000000000004
decision_type=2 2 2 2 2 2 2 2 2 2
left_child=5 2 3 4 -2 6 8 -8 9 -1
right_child=1 -3 -4 -5 -6 -7 7 -9 -10 -11
leaf_value=0.0006501493785593059 -0.0029804460539059208 -0.11391528115460747 -0.079850320518016826 0.13046510770916939 -0.13938525478045147 0.066660315850749607 0.030954224988818165 -0.15623350391785307 -0.076315506547689441 0.11259124565629229
leaf_weight=9383 1375 19 26 25 14.999999999999998 20 16.000000000000004 14.999999999999998 25 31
leaf_count=9383 1375 19 26 25 15 20 16 15 25 31
internal_value=7.30812e-11 -0.00490943 -0.00347215 -0.00206874 -0.00445244 0.000755297 0.00061611 -0.0596205 0.000813941 0.00101877
internal_weight=10950 1460 1441 1415 1390 9490 9470 31 9439 9414
internal_count=10950 1460 1441 1415 1390 9490 9470 31 9439 9414
is_linear=0
shrinkage=0.1


Tree=95
num_leaves=7
num_cat=0
split_feature=5 3 5 0 4 5
split_gain=3.73129 29.8588 16.527 8.8386 12.2735 13.8123
threshold=16.357142857142858 17.500000000000004 15.196428571428573 22.500000000000004 15.500000000000002 13.732142857142859
decision_type=2 2 2 2 2 2
left_child=2 -2 3 4 5 -1
right_child=1 -3 -4 -5 -6 -7
leaf_value=-8.8823102428588601e-05 -0.047830236826092005 0.11004822821072911 -0.10168127305805684 0.076735837856928515 -0.073051894942055579 0.077487536746522659
leaf_weight=10825 25 23 15.999999999999998 14.999999999999998 23 23
leaf_count=10825 25 23 16 15 23 23
internal_value=1.87062e-11 0.0278199 -0.000122487 2.67819e-05 -7.90627e-05 7.56548e-05
internal_weight=10950 48 10902 10886 10871 10848
internal_count=10950 48 10902 10886 10871 10848
is_linear=0
shrinkage=0.1


Tree=96
num_leaves=8
num_cat=0
split_feature=4 2 2 2 4 10 4
split_gain=3.74204 8.71377 16.9492 14.8957 10.0355 58.4337 23.683
threshold=18.785714285714288 21.500000000000004 19.500000000000004 25.500000000000004 15.357142857142859 7.5000000000000009 14.642857142857144
decision_type=2 2 2 2 2 2 2
left_child=1 2 4 -3 6 -6 -1
right_child=-2 3 -4 -5 5 -7 -8
leaf_value=-0.00011945177987497775 0.042172326857135414 -0.11627555539941087 0.084016203011075652 0.020445695221424105 0.043512033522129061 -0.20614622235298158 0.11468081523974737
leaf_weight=10815 21 17 24 14.999999999999998 25 14.999999999999998 18
leaf_count=10815 21 17 24 15 25 15 18
internal_value=-9.08465e-12 -8.10339e-05 7.19813e-05 -0.0521875 -0.000113309 -0.0501098 7.12991e-05
internal_weight=10950 10929 10897 32 10873 40 10833
internal_count=10950 10929 10897 32 10873 40 10833
is_linear=0
shrinkage=0.1


Tree=97
num_leaves=11
num_cat=0
split_feature=0 5 3 5 1 3 0 4 2 3
split_gain=3.76326 13.2269 14.7384 39.1779 41.2559 30.4787 44.2038 18.1665 17.5595 12.7234
threshold=25.500000000000004 16.357142857142858 15.500000000000002 11.803571428571431 9.5000000000000018 13.500000000000002 12.500000000000002 12.071428571428573 17.500000000000004 14.500000000000002
decision_type=2 2 2 2 2 2 2 2 2 2
left_child=1 2 5 4 -4 8 -7 -5 -1 -3
right_child=-2 9 3 7 -6 6 -8 -9 -10 -11
leaf_value=-0.00041954616691600318 -0.050053970813751229 -0.014083218295127153 -0.052015886205163869 -0.18943542890688952 0.080511442008541864 0.12787701986556829 -0.043875692719998569 -0.060045668780803689 0.058980893820524218 0.099256018319955244
leaf_weight=10634 14.999999999999998 15.999999999999998 55 17 41 43 23 30 50 26
leaf_count=10634 15 16 55 17 41 43 23 30 50 26
internal_value=1.10791e-11 6.86612e-05 -0.000147298 -0.0320397 0.00458433 0.000276945 0.0680238 -0.106846 -0.000141558 0.0560792
internal_weight=10950 10935 10893 143 96 10750 66 47 10684 42
internal_count=10950 10935 10893 143 96 10750 66 47 10684 42
is_linear=0
shrinkage=0.1


Tree=98
num_leaves=17
num_cat=0
split_feature=6 5 4 5 2 3 6 1 5 4 2 3 0 6 8 3
split_gain=3.96996 33.8253 36.5079 30.3133 80.7602 26.3285 20.4028 18.724 15.9604 14.827 37.2358 34.1216 37.5468 25.5083 19.472 16.4421
threshold=3.3864600510617353 8.5892857142857171 8.2142857142857171 4.4464285714285721 3.5000000000000004 6.5000000000000009 3.4142181421251743 2.5000000000000004 3.9464285714285716 6.3571428571428585 2.5000000000000004 2.5000000000000004 5.5000000000000009 3.9178424789577959 23.500000000000004 5.5000000000000009
decision_type=2 2 2 2 2 2 2 2 2 2 2 2 2 2 2 2
left_child=1 2 3 8 -5 -4 7 -2 -1 11 15 13 -13 -8 -12 -11
right_child=6 -3 5 4 -6 -7 9 -9 -10 10 14 12 -14 -15 -16 -17
leaf_value=6.080017014409965e-05 -0.010298648354364557 0.11923067594567936 -0.0097403081024394333 0.14774687060713768 0.0093880768246189863 -0.18104250997697052 0.10455588074401022 -0.16581444645921389 -0.048562426558312249 0.032379598560787384 0.013893007734604862 -0.011784438602721665 -0.099324909396268229 -0.031825303363924223 -0.016871009592488769 0.15751610596974691
leaf_weight=9331 16.000000000000004 24 17 50 270 19 32 14.999999999999998 68 21 409 145 74 24 414 21
leaf_count=9331 16 24 17 50 270 19 32 15 68 21 409 145 74 24 414 21
internal_value=-1.12194e-11 0.000658897 0.000367177 0.000739501 0.0310066 -0.10015 -0.00550243 -0.0855482 -0.00029098 -0.00332575 0.00310457 -0.023552 -0.0413643 0.0461068 -0.00158245 0.0949479
internal_weight=10950 9779 9755 9719 320 36 1171 31 9399 1140 865 275 219 56 823 42
internal_count=10950 9779 9755 9719 320 36 1171 31 9399 1140 865 275 219 56 823 42
is_linear=0
shrinkage=0.1


Tree=99
num_leaves=20
num_cat=0
split_feature=9 8 6 6 10 10 4 1 6 0 6 6 5 8 6 6 7 6 1
split_gain=3.75727 12.7877 14.7661 15.3093 12.1283 26.4723 65.2961 22.7983 13.9208 39.9064 29.4332 8.22378 9.17397 7.60256 15.8066 14.6263 26.2015 16.5383 14.5174
threshold=1.0000000180025095e-35 7.5000000000000009 2.1279240741133414 2.28180462366727 6.5000000000000009 4.5000000000000009 3.2142857142857149 3.5000000000000004 4.6532164240447829 8.5000000000000018 5.0514564255986407 1.9356680966124193 0.91071428571428592 8.5000000000000018 1.2543290059139227 2.2279245810166373 0.48214285714285721 1.7798116641198651 2.5000000000000004
decision_type=2 2 2 2 2 2 2 2 2 2 2 2 2 2 2 2 2 2 2
left_child=1 2 11 -4 5 7 -7 -3 9 -6 -10 12 -1 14 18 17 -17 -16 -2
right_child=13 4 3 -5 8 6 -8 -9 10 -11 -12 -13 -14 -15 15 16 -18 -19 -20
leaf_value=0.012720362508091436 -0.0026929233045678556 0.017833734967000144 -0.13072378394242964 -0.021706162281334401 0.0034471202189568432 0.017382099678119024 0.15138372499495745 -0.041582067183174018 0.15437741632408955 -0.10157922571286178 -0.034591997775714846 0.063056203702257743 -0.020529797004737421 -0.0026177880252984333 0.005556440996172439 0.065320121574526033 -0.022690335286452493 0.027677433734372231 -0.046278282438393638
leaf_weight=145 964 291 19 40 500 150 48 83 17 39 15.999999999999998 18 194 6573 952 39 255 524 83
leaf_count=145 964 291 19 40 500 150 48 83 17 39 16 18 194 6573 952 39 255 524 83
internal_value=-1.05394e-10 0.00454464 -0.0104695 -0.0568135 0.0100043 0.0203008 0.0498673 0.00464788 -0.000292108 -0.00415219 0.0627559 -0.00281041 -0.00630775 -0.00075502 0.00359144 0.00935263 -0.0110155 0.0134097 -0.00614811
internal_weight=10950 1560 416 59 1144 572 198 374 572 539 33 357 339 9390 2817 1770 294 1476 1047
internal_count=10950 1560 416 59 1144 572 198 374 572 539 33 357 339 9390 2817 1770 294 1476 1047
is_linear=0
shrinkage=0.1


Tree=100
num_leaves=6
num_cat=0
split_feature=1 1 5 0 1
split_gain=3.75013 9.1776 5.96514 13.2224 10.6191
threshold=25.500000000000004 21.500000000000004 17.803571428571434 22.500000000000004 10.500000000000002
decision_type=2 2 2 2 2
left_child=1 2 3 4 -1
right_child=-2 -3 -4 -5 -6
leaf_value=0.00049826117228915013 -0.049966604808966322 0.069508589412036692 -0.061066628061234952 0.081272015869617464 -0.016103289774386211
leaf_weight=10480 14.999999999999998 19 15.999999999999998 20 400
leaf_count=10480 15 19 16 20 400
internal_value=-3.91833e-11 6.85413e-05 -5.23236e-05 3.72387e-05 -0.00011209
internal_weight=10950 10935 10916 10900 10880
internal_count=10950 10935 10916 10900 10880
is_linear=0
shrinkage=0.1


Tree=101
num_leaves=7
num_cat=0
split_feature=0 5 5 2 1 1
split_gain=3.70473 11.1216 14.2037 12.902 5.72983 12.721
threshold=25.500000000000004 16.357142857142858 15.000000000000002 15.500000000000002 20.500000000000004 14.500000000000002
decision_type=2 2 2 2 2 2
left_child=1 2 4 -3 5 -1
right_child=-2 3 -4 -5 -6 -7
leaf_value=-0.00026002505967701115 -0.049663236737251287 0.12208090294152499 -0.088887364500098764 0.0079491073122391325 -0.047802044391632083 0.030406192206628074
leaf_weight=10713 14.999999999999998 15.999999999999998 18 26 25 137
leaf_count=10713 15 16 18 26 25 137
internal_value=-1.0198e-10 6.81251e-05 -0.000129902 0.0514279 1.70068e-05 0.000127189
internal_weight=10950 10935 10893 42 10875 10850
internal_count=10950 10935 10893 42 10875 10850
is_linear=0
shrinkage=0.1


Tree=102
num_leaves=20
num_cat=0
split_feature=4 5 9 10 2 2 3 6 6 3 8 0 1 5 1 1 4 2 7
split_gain=3.4585 5.19815 4.59079 20.2282 51.2611 32.9286 20.4227 18.2603 38.9528 15.2187 13.2833 27.3638 22.4417 72.2786 23.0668 21.0753 16.1934 3.38509 3.74706
threshold=0.2142857142857143 0.80357142857142871 3.5000000000000004 10.500000000000002 10.500000000000002 13.500000000000002 12.500000000000002 2.0158807280827848 2.10910898643544 1.5000000000000002 26.500000000000004 8.5000000000000018 14.500000000000002 13.732142857142859 10.500000000000002 10.500000000000002 7.9285714285714297 1.0000000180025095e-35 0.33928571428571436
decision_type=2 2 2 2 2 2 2 2 2 2 2 2 2 2 2 2 2 2 2
left_child=1 17 10 7 6 -6 -5 9 -9 -4 12 16 14 -14 -2 -13 -12 -1 -19
right_child=2 -3 3 4 5 -7 -8 8 -10 -11 11 15 13 -15 -16 -17 -18 18 -20
leaf_value=-0.0048360523326225965 0.00046359413573426775 -0.021359555381296073 -0.0040529688766466343 -0.0035177028785819773 -0.24277205268541971 -0.046770346388220786 -0.11796127557754517 0.094667379296715232 0.012615469450617154 0.01152533707307005 -0.014531901172229609 -0.091165457251999121 0.16320826861774551 -0.058955871562163031 -0.048043987948680297 0.027238005948694129 0.039544686471874063 -0.0045598330752303204 0.030636514540089938
leaf_weight=753 4981 172 1665 613 14.999999999999998 20 15.999999999999998 62 866 1006 344 72 32 27 100 19 66 60 61
leaf_count=753 4981 172 1665 613 15 20 16 62 866 1006 344 72 32 27 100 19 66 60 61
internal_value=5.55837e-11 -0.0054686 0.00057756 0.00305418 -0.012983 -0.130771 -0.00642883 0.00601297 0.0180974 0.00181441 -0.00129406 -0.0168372 0.000220938 0.0615399 -0.000491092 -0.0664439 -0.00582689 -0.00234132 0.0131838
internal_weight=10950 1046 9904 4263 664 35 629 3599 928 2671 5641 501 5140 59 5081 91 410 874 121
internal_count=10950 1046 9904 4263 664 35 629 3599 928 2671 5641 501 5140 59 5081 91 410 874 121
is_linear=0
shrinkage=0.1


Tree=103
num_leaves=20
num_cat=0
split_feature=7 5 8 3 6 5 6 9 10 10 0 5 10 5 0 6 0 3 4
split_gain=3.81674 16.7943 53.4612 45.7935 48.3943 45.5422 28.8098 33.2043 27.7005 27.0849 24.7409 20.2947 46.363 41.5825 16.7519 17.2119 27.3791 26.704 31.0778
threshold=0.98214285714285732 6.3035714285714297 22.500000000000004 6.5000000000000009 3.6311954297691407 5.6964285714285721 3.3864600510617353 4.5000000000000009 2.5000000000000004 6.5000000000000009 4.5000000000000009 7.2678571428571432 6.5000000000000009 7.3392857142857144 13.500000000000002 4.5988986664356162 10.500000000000002 12.500000000000002 8.7857142857142865
decision_type=2 2 2 2 2 2 2 2 2 2 2 2 2 2 2 2 2 2 2
left_child=14 3 8 6 5 -5 7 -2 -3 -8 -10 12 -4 -13 15 16 -1 18 -17
right_child=1 2 11 4 -6 -7 9 -9 10 -11 -12 13 -14 -15 -16 17 -18 -19 -20
leaf_value=-0.00052705015154154542 -0.001502502517354104 -0.0070981203537920246 -0.00051131241700866001 0.19289129058519999 0.24600029456264833 -0.018280272884294391 -0.11924319636196859 0.11659361232887022 -0.05994995065471706 0.027844077632540751 -0.22600706831405037 -0.15506993707488567 0.13331361041428189 0.0031166083316781206 -0.072880955241271292 0.063109328267587861 -0.091769460430650998 0.12578356244980737 -0.068884570250908536
leaf_weight=9612 93 23 77 14.999999999999998 17 32 31 32 17 21 19 17 39 739 32 44 33 27 30
leaf_count=9612 93 23 77 15 17 32 31 32 17 21 19 17 39 739 32 44 33 27 30
internal_value=-9.95344e-12 0.00539263 -0.000697847 0.0289206 0.101413 0.0491149 0.00270875 0.0287301 -0.0928227 -0.0598426 -0.147591 0.00553537 0.0444815 -0.000440497 -0.000646365 -0.00040919 -0.000839233 0.0406577 0.00959829
internal_weight=10950 1172 931 241 64 47 177 125 59 52 36 872 116 756 9778 9746 9645 101 74
internal_count=10950 1172 931 241 64 47 177 125 59 52 36 872 116 756 9778 9746 9645 101 74
is_linear=0
shrinkage=0.1


Tree=104
num_leaves=20
num_cat=0
split_feature=9 8 2 4 6 2 0 2 5 5 6 10 2 5 10 6 6 2 2
split_gain=3.60813 11.2409 14.787 50.6459 84.3071 35.2144 28.6006 27.7374 14.6082 13.4434 13.2923 9.88197 13.4116 10.6724 7.82246 7.34824 25.2725 24.7157 54.0609
threshold=1.0000000180025095e-35 10.500000000000002 5.5000000000000009 3.2142857142857149 2.0158807280827848 9.5000000000000018 8.5000000000000018 8.5000000000000018 1.6964285714285716 1.517857142857143 1.5384101220409565 7.5000000000000009 1.0000000180025095e-35 2.3750000000000004 5.5000000000000009 4.8415568399274234 4.7715672102000246 2.5000000000000004 6.5000000000000009
decision_type=2 2 2 2 2 2 2 2 2 2 2 2 2 2 2 2 2 2 2
left_child=1 8 3 10 -5 7 -7 -4 9 14 -3 12 -10 -13 -1 16 -2 -17 -19
right_child=15 2 5 4 -6 6 -8 -9 11 -11 -12 13 -14 -15 -16 17 -18 18 -20
leaf_value=-0.019050627811111852 -0.00052829922663569858 0.014535266823287332 -0.025966217226519341 0.29127074219286442 0.04333137119392632 -0.069574417897007051 0.082673968047731458 -0.15447522760792212 0.073283446766436097 0.065835159830749043 -0.016390862227714759 -0.020347663356612127 -0.027009763848618609 -0.096826476631434386 0.010446831556635165 0.10904920260111491 0.092973323461824464 -0.11711671563610436 -0.0026910456447598805
leaf_weight=153 9059 533 71 15.999999999999998 96 17 45 22 15.999999999999998 32 188 36 80 37 218 14.999999999999998 29 50 237
leaf_count=153 9059 533 71 16 96 17 45 22 16 32 188 36 80 37 218 15 29 50 237
internal_value=5.87993e-11 0.00445353 0.0109124 0.0161896 0.0787513 -0.0174483 0.0409284 -0.0563662 -0.00670272 0.00364612 0.00647131 -0.0313807 -0.0102942 -0.0591109 -0.00171789 -0.000739884 -0.000229934 -0.0160857 -0.0226258
internal_weight=10950 1560 988 833 112 155 62 93 572 403 721 169 96 73 371 9390 9088 302 287
internal_count=10950 1560 988 833 112 155 62 93 572 403 721 169 96 73 371 9390 9088 302 287
is_linear=0
shrinkage=0.1


Tree=105
num_leaves=20
num_cat=0
split_feature=8 3 5 5 6 4 7 8 6 10 6 0 4 1 5 8 4 1 9
split_gain=3.4924 9.09266 23.5699 25.5849 24.697 14.5245 19.6221 14.164 10.2214 14.8484 17.5353 16.7575 9.23266 9.39363 7.7696 5.33213 17.5299 19.8219 16.8226
threshold=1.5000000000000002 1.5000000000000002 2.410714285714286 3.2678571428571432 2.3383992505084641 0.92857142857142871 0.30357142857142866 1.0000000180025095e-35 2.2279245810166373 7.5000000000000009 2.3383992505084641 2.5000000000000004 1.642857142857143 2.5000000000000004 1.9107142857142858 14.500000000000002 3.2142857142857149 5.5000000000000009 5.5000000000000009
decision_type=2 2 2 2 2 2 2 2 2 2 2 2 2 2 2 2 2 2 2
left_child=1 2 5 4 -4 6 -1 -7 12 11 -11 -10 14 -14 -3 16 17 -2 -18
right_child=15 8 3 -5 -6 7 -8 -9 9 10 -12 -13 13 -15 -16 -17 18 -19 -20
leaf_value=-0.037854136922396725 -0.002838611856367058 -0.0063127898935322908 0.16724743920153584 -0.033018068837768894 0.018127435528569751 -0.027093128982698545 0.051116359548177573 0.02849749056622386 0.061356181780929157 -0.16344802863895894 -0.017590393586193815 -0.052097275704145435 0.05315044938387084 -0.0014581967921306691 -0.084818998674551657 0.0016491294588561951 -0.06055152422089255 0.049685108824952008 0.048011044500505223
leaf_weight=32 4566 79 29 17 18 150 110 66 23 15.999999999999998 17 30 56 72 14.999999999999998 5475 89 73 17
leaf_count=32 4566 79 29 17 18 150 110 66 23 16 17 30 56 72 15 5475 89 73 17
internal_value=6.97774e-12 0.0066822 0.0162168 0.0721119 0.110138 0.00622439 0.0310667 -0.0101071 -0.00638147 -0.0356504 -0.0883092 -0.00286276 0.00495694 0.0224331 -0.0188404 -0.0004773 -0.00293087 -0.00201209 -0.0431405
internal_weight=10950 730 422 64 47 358 142 216 308 86 33 53 222 128 94 10220 4745 4639 106
internal_count=10950 730 422 64 47 358 142 216 308 86 33 53 222 128 94 10220 4745 4639 106
is_linear=0
shrinkage=0.1


Tree=106
num_leaves=20
num_cat=0
split_feature=1 10 4 9 0 6 5 3 5 10 9 1 6 6 9 10 10 5 1
split_gain=3.50646 41.6264 26.5435 26.0138 35.6139 32.316 20.5225 39.5893 36.5372 20.8233 20.3703 33.4189 41.4494 27.9602 23.3682 33.3985 31.5602 17.4887 15.7336
threshold=10.500000000000002 3.5000000000000004 14.071428571428573 5.5000000000000009 8.5000000000000018 4.3226784805466822 11.446428571428573 8.5000000000000018 11.125000000000002 7.5000000000000009 4.5000000000000009 12.500000000000002 4.6532164240447829 4.0237654775722111 3.5000000000000004 10.500000000000002 9.5000000000000018 7.9464285714285721 6.5000000000000009
decision_type=2 2 2 2 2 2 2 2 2 2 2 2 2 2 2 2 2 2 2
left_child=2 3 6 4 17 -6 8 -8 18 -9 14 13 -13 -12 15 -3 -16 -2 -1
right_child=1 10 -4 -5 5 -7 7 9 -10 -11 11 12 -14 -15 16 -17 -18 -19 -20
leaf_value=-0.00042754480940125563 -0.094655759930610664 -0.016173787748343067 -0.12832844108343125 0.035007441540559132 0.074834848381578931 -0.12048750424550639 0.16195518251346508 -0.086545634603894805 -0.14211736553245122 0.062333016949040559 0.045439185422252532 -0.054692970885446779 0.06979182770229736 0.22249669392903645 -0.019501013918356461 0.093615001839186474 -0.17668301976389356 -0.24085777257051735 0.01718042865617497
leaf_weight=9861 14.999999999999998 133 15.999999999999998 18 15.999999999999998 18 23 17 18 21 22 54 53 14.999999999999998 44 35 18 18 535
leaf_count=9861 15 133 16 18 16 18 23 17 18 21 22 54 53 15 44 35 18 18 535
internal_value=4.46216e-11 -0.00855518 0.000374305 -0.0717242 -0.100398 -0.0285711 0.000570891 0.0584047 0.00023213 -0.00427059 0.00580142 0.0352962 0.00696772 0.117219 -0.0126649 0.00669888 -0.0651345 -0.174402 0.000478598
internal_weight=10950 459 10491 85 67 34 10475 61 10414 38 374 144 107 37 230 168 62 33 10396
internal_count=10950 459 10491 85 67 34 10475 61 10414 38 374 144 107 37 230 168 62 33 10396
is_linear=0
shrinkage=0.1


Tree=107
num_leaves=18
num_cat=0
split_feature=10 5 2 8 0 5 6 3 0 10 5 9 1 4 4 9 5
split_gain=3.66704 64.5631 61.1723 92.354 27.8374 60.5808 24.1956 14.9954 10.1043 45.8935 27.0703 39.9873 32.9685 23.3982 66.2395 28.5705 22.2986
threshold=2.5000000000000004 11.732142857142859 10.500000000000002 23.500000000000004 11.500000000000002 8.3392857142857171 3.1199448089013067 8.5000000000000018 10.500000000000002 3.5000000000000004 12.125000000000002 5.5000000000000009 12.500000000000002 12.785714285714286 11.928571428571431 2.5000000000000004 11.125000000000002
decision_type=2 2 2 2 2 2 2 2 2 2 2 2 2 2 2 2 2
left_child=1 2 4 -4 6 -6 -1 -5 13 -10 11 -11 -12 14 16 -15 -2
right_child=8 -3 3 7 5 -7 -8 -9 9 10 12 -13 -14 15 -16 -17 -18
leaf_value=0.0047466924224966968 0.00017619068271582472 -0.16234391224773037 0.2425003254303226 -0.082306663657849014 0.2404607247561216 -0.04374761641025543 -0.038948851209673764 0.056865984108299017 -0.15352987608183988 -0.048293326622758481 0.107670788035581 0.049001330661552926 -0.003977800100699239 0.00078955077462726161 0.19741475143853357 -0.18607796023289364 -0.073745464619885126
leaf_weight=1551 8663 23 27 15.000000000000002 15.000000000000002 14.999999999999998 138 15.999999999999998 23 194 38 54 87 18 17 14.999999999999998 41
leaf_count=1551 8663 23 27 15 15 15 138 16 23 194 38 54 87 18 17 15 41
internal_value=-4.57712e-11 0.00412596 0.00628061 0.107289 0.00287253 0.0983566 0.00117654 -0.0104756 -0.000811665 -0.0164359 -0.00798234 -0.0271082 0.0299634 -0.000104881 0.000213144 -0.0841502 -0.000172016
internal_weight=10950 1800 1777 58 1719 30 1689 31 9150 396 373 248 125 8754 8721 33 8704
internal_count=10950 1800 1777 58 1719 30 1689 31 9150 396 373 248 125 8754 8721 33 8704
is_linear=0
shrinkage=0.1


Tree=108
num_leaves=9
num_cat=0
split_feature=2 0 0 9 2 3 5 5
split_gain=3.82987 15.0867 9.54401 18.3076 18.2709 12.1145 12.8337 8.94871
threshold=20.500000000000004 17.500000000000004 18.500000000000004 1.0000000180025095e-35 11.500000000000002 24.500000000000004 16.357142857142858 12.410714285714286
decision_type=2 2 2 2 2 2 2 2
left_child=2 -2 5 -4 -5 6 7 -1
right_child=1 -3 3 4 -6 -7 -8 -9
leaf_value=8.9511974748015597e-05 0.020383888024550219 -0.096846349458945435 0.11795335857197642 0.061389428035666549 -0.068025862276554105 -0.089913247426350915 0.080048471242189417 -0.037709436612942869
leaf_weight=10743 26 19 20 24 20 14.999999999999998 20 63
leaf_count=10743 26 19 20 24 20 15 20 63
internal_value=-6.99688e-14 -0.0291133 0.000120138 0.0386234 0.0025643 -0.000107167 1.72642e-05 -0.000130859
internal_weight=10950 45 10905 64 44 10841 10826 10806
internal_count=10950 45 10905 64 44 10841 10826 10806
is_linear=0
shrinkage=0.1


Tree=109
num_leaves=20
num_cat=0
split_feature=3 6 2 2 0 0 9 0 4 5 5 5 0 9 0 6 1 3 0
split_gain=3.37456 13.9009 85.2039 20.9028 33.0794 119.788 44.5638 23.2063 52.071 11.7443 56.1977 54.7351 48.5336 32.9193 26.2583 22.8759 62.0424 30.0447 21.5118
threshold=5.5000000000000009 3.0738154319017768 9.5000000000000018 10.500000000000002 8.5000000000000018 7.5000000000000009 4.5000000000000009 6.5000000000000009 4.5000000000000009 7.7678571428571432 8.0892857142857171 7.4821428571428585 12.500000000000002 3.5000000000000004 6.5000000000000009 3.4573752861158198 9.5000000000000018 7.5000000000000009 5.5000000000000009
decision_type=2 2 2 2 2 2 2 2 2 2 2 2 2 2 2 2 2 2 2
left_child=1 2 -1 4 5 -3 -6 8 -5 11 -11 12 18 14 -13 16 -12 -17 -2
right_child=9 3 -4 7 6 -7 -8 -9 -10 10 15 13 -14 -15 -16 17 -18 -19 -20
leaf_value=-0.00030168305449144008 0.01169261853314622 -0.010801770511802478 0.17440741679498128 0.0089813912908236187 -0.028424620593117702 0.22125822667342923 -0.20796896030797676 -0.013278880272362684 -0.24329289297262827 -0.11262597634560532 -0.062714759111404422 0.26291079400107265 0.14419917999766768 0.023278252101902451 0.08684421707358625 0.055361740005027971 0.21631419684957054 -0.010801900357131387 -0.030550411044684957
leaf_weight=9132 403 304 28 14.999999999999998 74 24 17 37 18 45 14.999999999999998 15.999999999999998 24 28 18 80 17 483 172
leaf_count=9132 403 304 28 15 74 24 17 37 18 45 15 16 24 28 18 80 17 483 172
internal_value=9.98243e-12 -0.000644613 0.000232362 -0.0170722 -0.00862156 0.00617823 -0.0619659 -0.0676553 -0.128623 0.00478084 -0.00487489 0.0141298 0.00487184 0.103574 0.169699 0.00327436 0.0855194 -0.00140032 -0.000943557
internal_weight=10950 9649 9160 489 419 328 91 70 33 1301 640 661 599 62 34 595 32 563 575
internal_count=10950 9649 9160 489 419 328 91 70 33 1301 640 661 599 62 34 595 32 563 575
is_linear=0
shrinkage=0.1


Tree=110
num_leaves=8
num_cat=0
split_feature=4 5 4 6 1 4 1
split_gain=3.27746 7.56046 10.6082 24.8321 8.15772 25.2905 14.5994
threshold=18.785714285714288 17.410714285714288 15.214285714285717 4.6924545808277314 16.500000000000004 11.214285714285717 15.500000000000002
decision_type=2 2 2 2 2 2 2
left_child=1 2 4 -4 6 -6 -1
right_child=-2 -3 3 -5 5 -7 -8
leaf_value=-9.1790677382131398e-05 0.039467743464878635 -0.057349187653997671 0.14372295702204985 -0.010563190115822687 0.027791663780808454 -0.080391380381076905 0.073534051135734288
leaf_weight=10748 21 23 17 27 40 47 27
leaf_count=10748 21 23 17 27 40 47 27
internal_value=2.616e-11 -7.5837e-05 4.49486e-05 0.0490474 -0.000153551 -0.030652 9.2701e-05
internal_weight=10950 10929 10906 44 10862 87 10775
internal_count=10950 10929 10906 44 10862 87 10775
is_linear=0
shrinkage=0.1


Tree=111
num_leaves=8
num_cat=0
split_feature=0 5 5 9 1 4 10
split_gain=3.13052 9.98223 11.1754 10.486 5.14757 32.1136 31.8887
threshold=25.500000000000004 16.357142857142858 15.000000000000002 3.5000000000000004 14.500000000000002 13.357142857142859 11.500000000000002
decision_type=2 2 2 2 2 2 2
left_child=1 2 4 -3 5 -1 -6
right_child=-2 3 -4 -5 6 -7 -8
leaf_value=7.7142404044642864e-05 -0.045652562578519185 0.0054481928547223417 -0.078854267795880645 0.10641702156927851 0.0015254048721773644 -0.088594544369999959 0.13941487203303135
leaf_weight=10672 14.999999999999998 24 18 18 143 41 19
leaf_count=10672 15 24 18 18 143 41 19
internal_value=5.84384e-11 6.26236e-05 -0.000124986 0.0487205 5.3244e-06 -0.000262215 0.0176976
internal_weight=10950 10935 10893 42 10875 10713 162
internal_count=10950 10935 10893 42 10875 10713 162
is_linear=0
shrinkage=0.1


Tree=112
num_leaves=17
num_cat=0
split_feature=5 5 6 0 1 4 0 3 0 5 0 0 1 4 0 2
split_gain=3.27335 45.7415 43.2074 35.0814 28.2123 22.7802 26.2791 38.0707 26.6765 49.2789 20.4693 47.4234 22.6384 18.7539 25.9807 24.102
threshold=10.053571428571431 10.267857142857144 3.8142452191822289 3.5000000000000004 3.5000000000000004 9.2142857142857171 11.500000000000002 7.5000000000000009 5.5000000000000009 9.7678571428571441 12.500000000000002 13.500000000000002 5.5000000000000009 8.9285714285714306 10.500000000000002 7.5000000000000009
decision_type=2 2 2 2 2 2 2 2 2 2 2 2 2 2 2 2
left_child=5 -2 -3 -4 -5 10 8 -8 -7 -10 13 -12 -13 14 -1 -15
right_child=1 2 3 4 -6 6 7 -9 9 -11 11 12 -14 15 -16 -17
leaf_value=1.0575882001735517e-05 0.13980116027593611 -0.16607580761114757 0.14322840813547374 0.12651335947653827 -0.0051675384928101288 -0.11608334007776447 -0.011383163198828698 -0.18590127485990526 -0.027705208312433501 0.16841792041531711 0.18888917428098229 -0.09508649595081807 0.062803290837577408 -0.020764022966225943 -0.06246487257529551 0.1488040104900536
leaf_weight=10202 25 14.999999999999998 18 17 379 18 25 25 52 17 19 15.999999999999998 21 14.999999999999998 67 19
leaf_count=10202 25 15 18 17 379 18 25 25 52 17 19 16 21 15 67 19
internal_value=2.52153e-12 0.00831329 0.000650826 0.00669165 0.000485429 -0.000359588 -0.0408699 -0.0986422 -0.00766743 0.020615 0.00017617 0.0604711 -0.00547337 -0.000151552 -0.000397045 0.0739946
internal_weight=10950 454 429 414 396 10496 137 50 87 69 10359 56 37 10303 10269 34
internal_count=10950 454 429 414 396 10496 137 50 87 69 10359 56 37 10303 10269 34
is_linear=0
shrinkage=0.1


Tree=113
num_leaves=20
num_cat=0
split_feature=4 1 1 6 4 3 2 10 4 8 9 5 10 2 1 2 4 0 6
split_gain=3.56578 28.287 37.2412 61.8971 23.6085 16.8891 16.8399 38.9986 50.78 32.9788 44.495 55.123 32.6891 23.9491 22.5064 14.9247 12.2492 66.3695 37.9692
threshold=10.785714285714286 18.500000000000004 10.500000000000002 4.8415568399274234 10.214285714285717 10.500000000000002 13.500000000000002 5.5000000000000009 12.500000000000002 23.500000000000004 1.5000000000000002 12.410714285714286 9.5000000000000018 9.5000000000000018 14.500000000000002 8.5000000000000018 7.9285714285714297 8.5000000000000018 5.1411205889517637
decision_type=2 2 2 2 2 2 2 2 2 2 2 2 2 2 2 2 2 2 2
left_child=1 2 16 4 -4 -5 9 -8 -9 10 13 -12 15 -2 -10 -11 18 -18 -1
right_child=6 -3 3 5 -6 -7 7 8 14 12 11 -13 -14 -15 -16 -17 17 -19 -20
leaf_value=-0.00061488772143543065 -0.059664936322304941 0.11848922751843929 -0.0053391902840563233 -0.22921603785620795 -0.13676224748293561 -0.094042839423606278 -0.14690322846174239 0.13345932414134343 -0.10467789790460043 -0.044248977910589293 0.16744837905554211 -0.0016375036489578985 -0.13769159967962064 0.090729985733826957 0.0048048726560776696 0.054104494262072783 0.069257536644102835 -0.02811724190874923 0.1139735692277037
leaf_weight=10071 36 20 154 18 14.999999999999998 19 20 24 28 27 51 31 19 14.999999999999998 57 36 141 139 29
leaf_count=10071 36 20 154 18 15 19 20 24 28 27 51 31 19 15 57 36 141 139 29
internal_value=-1.7011e-11 -0.000324993 -0.000549467 -0.0426523 -0.017004 -0.159803 0.01002 -0.0185438 0.00500844 0.0271582 0.0579107 0.103526 -0.0227207 -0.0154311 -0.03126 0.011953 0.0002861 0.0209179 -0.000285871
internal_weight=10950 10606 10586 206 169 37 344 129 109 215 133 82 82 51 85 63 10380 280 10100
internal_count=10950 10606 10586 206 169 37 344 129 109 215 133 82 82 51 85 63 10380 280 10100
is_linear=0
shrinkage=0.1


Tree=114
num_leaves=14
num_cat=0
split_feature=9 0 5 6 2 2 3 6 4 6 0 3 1
split_gain=3.2643 10.804 34.8594 38.3335 12.8792 15.3008 11.3807 6.39555 32.1784 19.3321 15.3973 7.30017 6.67737
threshold=1.0000000180025095e-35 14.500000000000002 10.875000000000002 4.9111361562164983 7.5000000000000009 13.500000000000002 7.5000000000000009 6.2941793083053676 14.928571428571431 6.7027588307436234 22.500000000000004 22.500000000000004 21.500000000000004
decision_type=2 2 2 2 2 2 2 2 2 2 2 2 2
left_child=1 2 3 6 -3 -6 -1 10 9 -9 11 12 -2
right_child=7 4 -4 -5 5 -7 -8 8 -10 -11 -12 -13 -14
leaf_value=0.004728259735497487 -0.00068145247000818247 0.12443418577313424 -0.12515772803730907 0.16364125539859137 -0.058078947365283955 0.084753261258204787 -0.040842634844675402 -0.052433247864246371 -0.1533167125657201 0.098638301156461244 0.094570212855058566 -0.070392360140879948 0.066092539230982461
leaf_weight=1421 9293 15.999999999999998 21 14.999999999999998 15.000000000000002 14.999999999999998 57 18 15.999999999999998 15.999999999999998 17 14.999999999999998 14.999999999999998
leaf_count=1421 9293 16 21 15 15 15 57 18 16 16 17 15 15
internal_value=5.2781e-11 0.00423602 0.00278542 0.00458503 0.0519796 0.0133372 0.00297079 -0.000703748 -0.0363731 0.0186592 -0.000512799 -0.000686178 -0.000573845
internal_weight=10950 1560 1514 1493 46 30 1478 9390 50 34 9340 9323 9308
internal_count=10950 1560 1514 1493 46 30 1478 9390 50 34 9340 9323 9308
is_linear=0
shrinkage=0.1


Tree=115
num_leaves=9
num_cat=0
split_feature=4 4 3 5 5 1 4 5
split_gain=3.47144 8.07238 49.6304 17.0107 32.3707 26.6279 33.3646 19.2526
threshold=18.785714285714288 15.357142857142859 14.500000000000002 12.660714285714286 12.410714285714286 12.500000000000002 13.785714285714286 12.303571428571431
decision_type=2 2 2 2 2 2 2 2
left_child=1 3 -3 4 7 -5 -7 -1
right_child=-2 2 -4 5 -6 6 -8 -9
leaf_value=-0.00012330160630660136 0.040618918836116791 0.052427986290838037 -0.14142076230049136 0.12685969789271001 -0.13806563129319865 -0.098838045365280583 0.1031000598271688 0.11324734807014465
leaf_weight=10784 21 28 25 27 17 18 14.999999999999998 14.999999999999998
leaf_count=10784 21 28 25 27 17 18 15 15
internal_value=-2.33075e-11 -7.8049e-05 -0.0390101 0.000111671 -0.000182886 0.0532105 -0.007048 3.41722e-05
internal_weight=10950 10929 53 10876 10816 60 33 10799
internal_count=10950 10929 53 10876 10816 60 33 10799
is_linear=0
shrinkage=0.1


Tree=116
num_leaves=20
num_cat=0
split_feature=10 5 0 3 5 2 5 5 3 0 1 10 3 9 5 3 4 4 2
split_gain=3.09121 48.4364 50.2531 76.002 37.7122 24.7532 34.861 6.38513 39.0376 27.4848 51.5515 21.9999 21.2684 21.1138 29.8711 20.3391 16.8975 30.4827 16.8887
threshold=2.5000000000000004 11.589285714285717 9.5000000000000018 5.5000000000000009 9.946428571428573 11.500000000000002 8.946428571428573 11.803571428571431 11.500000000000002 10.500000000000002 15.500000000000002 3.5000000000000004 17.500000000000004 1.5000000000000002 12.410714285714286 15.500000000000002 18.785714285714288 15.357142857142859 11.500000000000002
decision_type=2 2 2 2 2 2 2 2 2 2 2 2 2 2 2 2 2 2 2
left_child=1 2 5 -4 -5 6 -1 9 13 12 11 -11 15 -9 -15 -2 17 -10 -12
right_child=7 -3 3 4 -6 -7 -8 8 16 10 18 -13 -14 14 -16 -17 -18 -19 -20
leaf_value=0.0024175337493356889 -0.00017083212896360395 -0.13171197817875788 -0.058984785753747694 0.23624768608382773 0.050721727311611176 0.10116129610687495 -0.13750024106767442 0.0064912192523479467 0.0066475513541851862 -0.14627780871731896 0.015567799806594847 -0.039020283773071436 0.098044301027601422 0.22564893277252424 0.050838658278403073 -0.10113130388781429 0.078984009008854633 -0.11048462148191351 0.1656285059452057
leaf_weight=1662 8662 26 23 28 18 25 18 24 68 21 15.000000000000002 214 22 17 23 20 15.999999999999998 33 14.999999999999998
leaf_count=1662 8662 26 23 28 18 25 18 24 68 21 15 214 22 17 23 20 16 33 15
internal_value=-1.29423e-11 0.00378819 0.0057741 0.0894388 0.163651 0.00238825 0.000918415 -0.000745217 0.0178503 -0.00112048 -0.0328462 -0.048605 -0.000154573 0.0806423 0.125133 -0.000403406 -0.0164976 -0.0316234 0.0905982
internal_weight=10950 1800 1774 69 46 1705 1680 9150 181 8969 265 235 8704 64 40 8682 117 101 30
internal_count=10950 1800 1774 69 46 1705 1680 9150 181 8969 265 235 8704 64 40 8682 117 101 30
is_linear=0
shrinkage=0.1


Tree=117
num_leaves=6
num_cat=0
split_feature=1 1 5 0 1
split_gain=3.04431 7.04716 5.86682 10.8563 7.16603
threshold=25.500000000000004 21.500000000000004 17.803571428571434 22.500000000000004 16.500000000000004
decision_type=2 2 2 2 2
left_child=1 2 3 4 -1
right_child=-2 -3 -4 -5 -6
leaf_value=0.00014635555793116945 -0.045019518931706748 0.060910639951103608 -0.060553576610982422 0.073653009235858921 -0.027881474274656051
leaf_weight=10788 14.999999999999998 19 15.999999999999998 20 92
leaf_count=10788 15 19 16 20 92
internal_value=4.19845e-11 6.17552e-05 -4.41562e-05 4.4665e-05 -9.06445e-05
internal_weight=10950 10935 10916 10900 10880
internal_count=10950 10935 10916 10900 10880
is_linear=0
shrinkage=0.1


Tree=118
num_leaves=18
num_cat=0
split_feature=4 1 4 0 0 0 0 3 4 5 10 2 5 8 4 2 2
split_gain=3.21804 21.6884 32.1949 35.2136 53.5812 41.2809 16.0415 45.452 20.2237 21.9043 21.4246 19.1924 15.7781 19.5783 12.8988 63.4334 6.15376
threshold=10.785714285714286 18.500000000000004 9.2142857142857171 8.5000000000000018 5.5000000000000009 14.500000000000002 8.5000000000000018 9.5000000000000018 11.357142857142859 10.517857142857144 4.5000000000000009 10.500000000000002 10.946428571428573 26.500000000000004 8.6428571428571441 9.5000000000000018 11.500000000000002
decision_type=2 2 2 2 2 2 2 2 2 2 2 2 2 2 2 2 2
left_child=1 2 14 4 -4 -5 7 -2 12 -10 -11 -9 13 -8 16 -16 -1
right_child=6 -3 3 5 -6 -7 8 11 9 10 -12 -13 -14 -15 15 -17 -18
leaf_value=0.00014418274142726761 0.056931734264924608 0.10372862569987773 -0.11369513577222826 -0.12797558651513871 0.063905877662154872 0.011921229117339657 0.20353223383426663 -0.044405408063903452 -0.081315066039562234 0.11615500457584858 0.007145753557809064 -0.19305431419052185 0.0091919421085289547 0.044508185645099729 0.098924017027020458 -0.072041278047596705 -0.022179309716075662
leaf_weight=10192 29 20 25 66 53 31 15.000000000000002 19 25 20 183 15.999999999999998 21 15.999999999999998 60 34 125
leaf_count=10192 29 20 25 66 53 31 15 19 25 20 183 16 21 16 60 34 125
internal_value=-4.56907e-11 -0.000308739 -0.000505296 -0.0430411 0.00698248 -0.0832663 0.00951887 -0.0356492 0.019843 0.00700832 0.0178856 -0.112359 0.0761182 0.121455 0.000209695 0.0370855 -0.000126287
internal_weight=10950 10606 10586 175 78 97 344 64 280 228 203 35 52 31 10411 94 10317
internal_count=10950 10606 10586 175 78 97 344 64 280 228 203 35 52 31 10411 94 10317
is_linear=0
shrinkage=0.1


Tree=119
num_leaves=20
num_cat=0
split_feature=7 6 0 9 5 2 9 4 5 4 4 5 4 0 6 3 4 5 5
split_gain=3.19029 13.846 50.51 26.4665 42.5753 32.2539 18.5295 32.7981 32.3521 26.6243 25.5301 34.9179 24.3361 11.1347 16.9309 24.7294 24.6695 24.1135 62.4782
threshold=0.98214285714285732 4.9111361562164983 4.5000000000000009 1.0000000180025095e-35 10.053571428571431 11.500000000000002 2.5000000000000004 12.642857142857144 10.553571428571431 14.357142857142859 12.357142857142859 8.5892857142857171 14.357142857142859 13.500000000000002 4.9856298400093655 12.500000000000002 7.7857142857142865 6.2321428571428585 5.8035714285714297
decision_type=2 2 2 2 2 2 2 2 2 2 2 2 2 2 2 2 2 2 2
left_child=13 6 -3 5 -5 -4 7 8 -2 -9 11 -8 -12 14 17 16 -16 18 -1
right_child=1 2 3 4 -6 -7 10 9 -10 -11 12 -13 -14 -15 15 -17 -18 -19 -20
leaf_value=-0.00055223559379842806 -0.0053888602073375999 -0.14828665107488634 0.18951571804781756 -0.14029741225143275 0.0034238939109730395 -0.0024779181217863449 0.012247324078974532 0.18103020451962948 -0.10657630383968353 0.0079626880586147319 -0.11811524263272684 0.070823178323917088 0.018016440035967991 -0.059482342109549793 0.11662588015198708 0.12793668021261692 -0.034277547303682723 -0.04423496218043424 0.18593025989830494
leaf_weight=9523 325 26 14.999999999999998 24 146 21 347 15.999999999999998 35 20 24 144 29 32 14.999999999999998 25 39 126 18
leaf_count=9523 325 26 15 24 146 21 347 16 35 20 24 144 29 32 15 25 39 126 18
internal_value=-1.08002e-11 0.00493025 -0.0169483 -0.000371601 -0.0168662 0.0775194 0.0103301 -0.00612579 -0.0152265 0.0848816 0.022309 0.0294264 -0.0436281 -0.000590944 -0.00039758 0.0457086 0.00764007 -0.000774366 -0.000200419
internal_weight=10950 1172 232 206 170 36 940 396 360 36 544 491 53 9778 9746 79 54 9667 9541
internal_count=10950 1172 232 206 170 36 940 396 360 36 544 491 53 9778 9746 79 54 9667 9541
is_linear=0
shrinkage=0.1


Tree=120
num_leaves=11
num_cat=0
split_feature=0 5 3 3 9 6 3 0 2 2
split_gain=3.00987 9.19167 10.4568 9.2837 30.1313 56.4398 24.1229 29.7963 14.6416 12.1034
threshold=25.500000000000004 16.357142857142858 14.500000000000002 15.500000000000002 5.5000000000000009 4.6924545808277314 13.500000000000002 12.500000000000002 6.5000000000000009 15.500000000000002
decision_type=2 2 2 2 2 2 2 2 2 2
left_child=1 3 -3 6 8 -6 9 -8 -5 -1
right_child=-2 2 -4 4 5 -7 7 -9 -10 -11
leaf_value=-0.00046271889894535314 -0.044764200846354171 -0.016853790171444418 0.085895322836362406 0.013394418276018567 0.19317986564710737 -0.068497061291161718 0.10962900716898055 -0.031382534167040947 -0.071381055319075848 0.036569139993425169
leaf_weight=10595 14.999999999999998 15.999999999999998 26 27 15.999999999999998 17 43 23 83 89
leaf_count=10595 15 16 26 27 16 17 43 23 83 89
internal_value=-3.47651e-13 6.14049e-05 0.0467528 -0.000118622 -0.0254304 0.0583766 0.000218083 0.0604886 -0.0505725 -0.000154236
internal_weight=10950 10935 42 10893 143 33 10750 66 110 10684
internal_count=10950 10935 42 10893 143 33 10750 66 110 10684
is_linear=0
shrinkage=0.1


Tree=121
num_leaves=7
num_cat=0
split_feature=3 0 2 0 5 0
split_gain=3.49413 6.92757 18.68 11.9122 7.24711 6.52424
threshold=23.500000000000004 20.500000000000004 15.500000000000002 19.500000000000004 16.357142857142858 13.500000000000002
decision_type=2 2 2 2 2 2
left_child=1 3 -3 4 5 -1
right_child=-2 2 -4 -5 -6 -7
leaf_value=0.00011439947049105805 0.03811427128190796 0.015696810775746903 -0.1213124222615186 0.086292646732181316 0.049867186361345753 -0.019983623971844593
leaf_weight=10676 24 24 17 15.999999999999998 29 164
leaf_count=10676 24 24 17 16 29 164
internal_value=-3.77061e-12 -8.37216e-05 -0.0411119 7.08172e-05 -5.61079e-05 -0.000189667
internal_weight=10950 10926 41 10885 10869 10840
internal_count=10950 10926 41 10885 10869 10840
is_linear=0
shrinkage=0.1


Tree=122
num_leaves=16
num_cat=0
split_feature=8 4 3 3 3 8 4 5 4 0 3 4 0 4 5
split_gain=2.92168 13.5179 12.6787 22.3799 21.1223 8.64576 40.7626 37.152 72.4225 29.144 28.8125 59.5669 51.5465 24.6306 25.4659
threshold=24.500000000000004 13.500000000000002 16.500000000000004 13.500000000000002 12.500000000000002 22.500000000000004 5.3571428571428585 6.3035714285714297 7.9285714285714297 5.5000000000000009 3.5000000000000004 9.6428571428571441 2.5000000000000004 7.6428571428571432 5.8750000000000009
decision_type=2 2 2 2 2 2 2 2 2 2 2 2 2 2 2
left_child=5 2 3 4 -2 7 -7 13 9 -9 11 -8 -12 14 -1
right_child=1 -3 -4 -5 -6 6 10 8 -10 -11 12 -13 -14 -15 -16
leaf_value=0.00026018661196924457 -0.0021776189936440434 -0.095165442116558557 -0.072170945256948477 0.09026623299488655 -0.12135307783881824 0.15572210322869451 0.13740132182304349 -0.068482987419134236 0.080563241854310033 -0.20723330111553273 0.14514099045967063 -0.089340691268444072 -0.0041815604873531647 -0.11032526545226573 0.059585532088036824
leaf_weight=8212 1742 15.999999999999998 26 26 14.999999999999998 19 42 41 25 24 24 15.999999999999998 629 20 73
leaf_count=8212 1742 16 26 26 15 19 42 41 25 24 24 16 629 20 73
internal_value=-9.85215e-11 -0.00365254 -0.00284313 -0.00183219 -0.00319505 0.000730507 0.0111689 -0.00017718 -0.0640813 -0.119714 0.00730603 0.0748518 0.00130656 0.000515339 0.000782908
internal_weight=10950 1825 1809 1783 1757 9125 730 8395 90 65 711 58 653 8305 8285
internal_count=10950 1825 1809 1783 1757 9125 730 8395 90 65 711 58 653 8305 8285
is_linear=0
shrinkage=0.1


Tree=123
num_leaves=20
num_cat=0
split_feature=10 5 2 3 5 4 4 4 2 9 1 4 7 5 4 3 4 5 3
split_gain=3.10698 24.6886 46.2132 54.7661 40.7678 32.0679 84.1177 36.6497 15.9361 6.98957 22.5003 41.9558 39.3031 21.5799 20.004 22.8828 19.6539 20.6106 18.5262
threshold=10.500000000000002 11.517857142857144 9.5000000000000018 5.5000000000000009 12.410714285714286 7.9285714285714297 9.071428571428573 7.0714285714285721 13.500000000000002 3.5000000000000004 9.5000000000000018 8.6428571428571441 0.94642857142857151 10.339285714285717 13.785714285714286 14.500000000000002 12.642857142857144 10.482142857142859 10.500000000000002
decision_type=2 2 2 2 2 2 2 2 2 2 2 2 2 2 2 2 2 2 2
left_child=9 2 5 -4 -3 7 -7 -2 -5 10 18 12 -12 -13 16 -16 17 -11 -1
right_child=1 4 3 8 -6 6 -8 -9 -10 14 11 13 -14 -15 15 -17 -18 -19 -20
leaf_value=0.00050301502027547899 -0.0031809465068935918 0.20278287092844641 0.070300159471876483 -0.17336026703317961 -0.030363263388474782 0.20561822337599903 -0.030430432574616542 -0.15076307264320993 -0.053415297745959836 0.0026245387157833276 0.015474953455850482 0.053786377070994096 -0.17458871212952279 -0.030711476273186829 0.15328199106611706 0.013027948240439097 -0.091132212362506182 0.055217052045229233 -0.045536936777696185
leaf_weight=4865 1652 15.000000000000002 17 36 14.999999999999998 26 36 17 15.999999999999998 3813 15.999999999999998 41 34 115 19 30 22 76 89
leaf_count=4865 1652 15 17 36 15 26 36 17 16 3813 16 41 34 115 19 30 22 76 89
internal_value=-6.04735e-12 -0.0037604 -0.00525991 -0.0855147 0.0862098 -0.00206084 0.0685577 -0.00468418 -0.136454 0.000754554 -0.00167066 -0.0340534 -0.113768 -0.00850371 0.00391468 0.0674122 0.00311914 0.00365232 -0.000324106
internal_weight=10950 1830 1800 69 30 1731 62 1669 52 9120 5160 206 50 156 3960 49 3911 3889 4954
internal_count=10950 1830 1800 69 30 1731 62 1669 52 9120 5160 206 50 156 3960 49 3911 3889 4954
is_linear=0
shrinkage=0.1


Tree=124
num_leaves=7
num_cat=0
split_feature=3 0 3 0 5 5
split_gain=3.41187 5.44489 17.8887 9.02542 6.32268 5.41755
threshold=23.500000000000004 20.500000000000004 12.500000000000002 19.500000000000004 16.357142857142858 15.000000000000002
decision_type=2 2 2 2 2 2
left_child=1 3 -3 4 5 -1
right_child=-2 2 -4 -5 -6 -7
leaf_value=-9.7735433094828567e-05 0.037662917313476402 -0.11902341435488779 0.016386632204055788 0.075104884896427401 0.046574436076756182 -0.060236767331759138
leaf_weight=10825 24 15.999999999999998 25 15.999999999999998 29 14.999999999999998
leaf_count=10825 24 16 25 16 29 15
internal_value=3.85651e-11 -8.27301e-05 -0.0364563 5.42765e-05 -5.62038e-05 -0.000180954
internal_weight=10950 10926 41 10885 10869 10840
internal_count=10950 10926 41 10885 10869 10840
is_linear=0
shrinkage=0.1


Tree=125
num_leaves=20
num_cat=0
split_feature=9 8 5 10 10 4 1 6 6 2 6 10 10 8 7 6 5 6 8
split_gain=2.94537 9.68829 16.9409 11.8165 24.3492 45.6923 19.5117 11.0474 10.1305 25.4629 19.9783 8.32481 6.48915 5.67268 12.1653 10.0126 14.1715 12.6594 10.0103
threshold=1.0000000180025095e-35 14.500000000000002 0.94642857142857151 6.5000000000000009 4.5000000000000009 3.2142857142857149 3.5000000000000004 0.8233671863026325 4.6532164240447829 6.5000000000000009 5.0514564255986407 8.5000000000000018 10.500000000000002 8.5000000000000018 0.33928571428571436 2.3972507305756836 1.8035714285714288 1.7798116641198651 11.500000000000002
decision_type=2 2 2 2 2 2 2 2 2 2 2 2 2 2 2 2 2 2 2
left_child=1 2 7 4 6 -6 -3 12 9 -5 -10 -9 -1 14 -2 17 -17 -16 -15
right_child=13 3 -4 8 5 -7 -8 11 10 -11 -12 -13 -14 18 15 16 -18 -19 -20
leaf_value=-0.022709474625045675 -0.015636021388893567 0.024056444192232365 -0.016279423226092549 0.004579012360198388 0.015340588331201124 0.1368775268861403 -0.036419807282570556 0.039564058245221363 0.12809107215965496 -0.077472985817422707 -0.02759576914831996 -0.0032384066627575803 0.046290949825197464 -0.01183666262210754 0.0024313454913617847 0.014358640289393024 -0.046641959001803228 0.018757414127740599 -0.00068436213836276709
leaf_weight=92 309 179 456 314 87 48 76 151 17 43 15.999999999999998 65 15.999999999999998 939 1694 69 85 660 5634
leaf_count=92 309 179 456 314 87 48 76 151 17 43 16 65 16 939 1694 69 85 660 5634
internal_value=9.01873e-12 0.00402377 -0.00385687 0.0119044 0.0242127 0.0585537 0.00603215 0.0136267 -0.000403878 -0.005304 0.0526065 0.0266837 -0.0124872 -0.000668486 0.00308599 0.00539265 -0.0193105 0.00700875 -0.00227755
internal_weight=10950 1560 780 780 390 135 255 324 390 357 33 216 108 9390 2817 2508 154 2354 6573
internal_count=10950 1560 780 780 390 135 255 324 390 357 33 216 108 9390 2817 2508 154 2354 6573
is_linear=0
shrinkage=0.1


Tree=126
num_leaves=20
num_cat=0
split_feature=2 0 2 5 6 9 6 10 0 3 5 1 5 8 3 0 1 0 6
split_gain=2.93796 30.3503 18.6408 35.089 54.1471 44.1024 36.9967 23.3698 28.0737 39.0661 18.9698 15.7396 46.6423 31.8469 29.6895 17.0219 15.9916 15.3684 50.8319
threshold=5.5000000000000009 17.500000000000004 6.5000000000000009 7.0535714285714297 3.1757607911566623 3.5000000000000004 2.8552447284072406 1.5000000000000002 11.500000000000002 3.5000000000000004 7.6250000000000009 9.5000000000000018 10.017857142857144 20.500000000000004 10.500000000000002 8.5000000000000018 11.500000000000002 5.5000000000000009 3.3188349912909265
decision_type=2 2 2 2 2 2 2 2 2 2 2 2 2 2 2 2 2 2 2
left_child=1 11 3 4 6 -6 -2 8 9 -4 -5 12 14 16 -1 -15 -13 -9 -19
right_child=2 -3 7 10 5 -7 -8 17 -10 -11 -12 13 -14 15 -16 -17 -18 18 -20
leaf_value=0.00097862595489399038 -0.012917788679421435 0.14273414378364882 0.12872202804481442 -0.1803110471543144 -0.008847438252996654 0.22246752924778881 -0.1703830492847106 -0.021008225857934715 0.15139726371992202 -0.033296413046469832 -0.059448331519961366 -0.021920363418757915 0.17701366444428762 -0.11679873517936185 -0.070179855950587136 -0.019988849433138969 0.10999870756093194 0.073250427720057285 -0.0060176181820127267
leaf_weight=9454 122 14.999999999999998 22 17 15.999999999999998 17 17 323 21 46 55 20 14.999999999999998 42 59 32 17 95 545
leaf_count=9454 122 15 22 17 16 17 17 323 21 46 55 20 15 42 59 32 17 95 545
internal_value=8.41046e-11 0.000600157 -0.00447061 -0.0293731 -0.00483775 0.110315 -0.0321761 0.00130525 0.0503325 0.0191213 -0.0879854 0.000378971 0.000815126 -0.0370596 0.000537298 -0.074935 0.0386911 -0.00322582 0.00574873
internal_weight=10950 9654 1296 244 172 33 139 1052 89 68 72 9639 9528 111 9513 74 37 963 640
internal_count=10950 9654 1296 244 172 33 139 1052 89 68 72 9639 9528 111 9513 74 37 963 640
is_linear=0
shrinkage=0.1


Tree=127
num_leaves=12
num_cat=0
split_feature=3 10 10 2 0 1 0 1 5 6 5
split_gain=3.21989 22.1066 27.51 29.5143 19.5575 18.8403 11.2969 10.5088 10.4189 21.4697 20.9996
threshold=17.500000000000004 8.5000000000000018 7.5000000000000009 9.5000000000000018 21.500000000000004 9.5000000000000018 19.500000000000004 12.500000000000002 14.196428571428573 5.2405737398447174 12.410714285714286
decision_type=2 2 2 2 2 2 2 2 2 2 2
left_child=4 2 3 -2 6 -3 8 -5 10 -10 -1
right_child=1 5 -4 7 -6 -7 -8 -9 9 -11 -12
leaf_value=-8.0421618517544034e-05 0.10813022697050322 -0.13258598913749062 0.14224023575132544 0.0064234639791881341 -0.090345115276674437 0.012754769250750543 0.071612386811863299 -0.10649097068235279 0.14556978593269984 -0.0017954992836919327 -0.082504067723188676
leaf_weight=10718 19 14.999999999999998 22 17 24 22 22 15.999999999999998 14.999999999999998 29 31
leaf_count=10718 19 15 22 17 24 22 22 16 15 29 31
internal_value=-1.05518e-12 0.0169452 0.0485014 0.00884265 -0.000173532 -0.0461672 2.65709e-05 -0.0483229 -0.000119347 0.0484427 -0.000318131
internal_weight=10950 111 74 52 10839 37 10815 33 10793 44 10749
internal_count=10950 111 74 52 10839 37 10815 33 10793 44 10749
is_linear=0
shrinkage=0.1


Tree=128
num_leaves=19
num_cat=0
split_feature=7 5 10 6 3 8 6 3 10 5 10 5 0 4 7 7 9 4
split_gain=3.09786 13.1068 60.498 35.8804 36.6454 12.8962 31.0134 45.9751 26.1781 15.3232 34.4759 29.2868 8.50326 16.3369 9.55654 7.59905 24.0912 8.96179
threshold=0.98214285714285732 5.8035714285714297 3.5000000000000004 3.3864600510617353 2.5000000000000004 22.500000000000004 3.6311954297691407 7.5000000000000009 10.500000000000002 7.2678571428571432 6.5000000000000009 7.3392857142857144 13.500000000000002 11.357142857142859 0.94642857142857151 0.94642857142857151 1.0000000180025095e-35 6.2142857142857153
decision_type=2 2 2 2 2 2 2 2 2 2 2 2 2 2 2 2 2 2
left_child=12 2 -2 4 -4 6 8 -8 -3 10 -7 -11 13 15 -14 17 -17 -1
right_child=1 5 3 -5 -6 9 7 -9 -10 11 -12 -13 14 -15 -16 16 -18 -19
leaf_value=0.00026501804411435085 0.20486420575115416 -0.14837238562518154 -0.081048996882005175 -0.11784054001695232 0.065726555724938712 0.0045447054443900122 -0.026938459303871287 0.15120288651240499 -0.021478257806518596 -0.12976033065248938 0.11587383621014083 0.0029943641032884969 -0.10337959115996082 0.097531404653016268 0.006130798161029816 -0.069582555408661192 -0.0037762792175997611 -0.041365924366982658
leaf_weight=9226 18 29 22 19 75 97 61 19 37 17 39 739 17 17 14.999999999999998 65 386 52
leaf_count=9226 18 29 22 19 75 97 61 19 37 17 39 739 17 17 15 65 386 52
internal_value=1.06931e-11 0.00485831 0.034291 0.00782279 0.0324373 0.00105871 -0.0264924 0.0153701 -0.0772348 0.00556819 0.03647 9.13949e-06 -0.000582321 -0.000413344 -0.0520466 -0.000584488 -0.0132606 3.16909e-05
internal_weight=10950 1172 134 116 97 1038 146 80 66 892 136 756 9778 9746 32 9729 451 9278
internal_count=10950 1172 134 116 97 1038 146 80 66 892 136 756 9778 9746 32 9729 451 9278
is_linear=0
shrinkage=0.1


Tree=129
num_leaves=6
num_cat=0
split_feature=5 0 0 0 5
split_gain=3.10324 20.3723 12.7994 6.77337 5.71997
threshold=17.803571428571434 23.500000000000004 20.500000000000004 19.500000000000004 16.357142857142858
decision_type=2 2 2 2 2
left_child=1 2 3 4 -1
right_child=-2 -3 -4 -5 -6
leaf_value=-0.00014341043899143745 -0.035191774606704716 0.10637872381032341 -0.086797509430085906 0.063112742453813556 0.061651266369347771
leaf_weight=10858 25 18 17 17 14.999999999999998
leaf_count=10858 25 18 17 17 15
internal_value=6.73907e-12 8.05304e-05 -9.48953e-05 4.04532e-05 -5.81607e-05
internal_weight=10950 10925 10907 10890 10873
internal_count=10950 10925 10907 10890 10873
is_linear=0
shrinkage=0.1


Tree=130
num_leaves=11
num_cat=0
split_feature=2 3 10 10 2 2 1 4 2 5
split_gain=2.77032 6.19017 24.593 40.0656 21.3452 19.961 16.5304 8.91283 16.5691 15.7976
threshold=23.500000000000004 17.500000000000004 8.5000000000000018 7.5000000000000009 9.5000000000000018 20.500000000000004 9.5000000000000018 16.142857142857146 12.500000000000002 12.410714285714286
decision_type=2 2 2 2 2 2 2 2 2 2
left_child=1 5 3 4 -3 7 -4 9 -9 -1
right_child=-2 2 6 -5 -6 -7 -8 8 -10 -11
leaf_value=0.00011303735829639171 -0.034669268341815988 0.09792129252302019 -0.12114656006296476 0.19932103268802168 -0.039401629407491007 -0.11176652880385518 0.016301011507000245 -0.021138458396308124 0.1206439634456354 -0.056227404851466427
leaf_weight=10729 23 19 14.999999999999998 15.999999999999998 28 15.999999999999998 21 15.999999999999998 17 50
leaf_count=10729 23 19 15 16 28 16 21 16 17 50
internal_value=2.5967e-11 7.29746e-05 0.0249648 0.0626412 0.0161119 -0.000154611 -0.0409688 1.05568e-05 0.051901 -0.000148306
internal_weight=10950 10927 99 63 47 10828 36 10812 33 10779
internal_count=10950 10927 99 63 47 10828 36 10812 33 10779
is_linear=0
shrinkage=0.1


Tree=131
num_leaves=11
num_cat=0
split_feature=4 5 1 4 5 5 4 0 3 5
split_gain=3.07539 18.0479 22.5605 24.9722 21.4198 13.8029 12.5583 12.0706 14.6854 9.03041
threshold=15.357142857142859 12.660714285714286 12.500000000000002 13.785714285714286 12.410714285714286 12.303571428571431 16.142857142857146 21.500000000000004 15.500000000000002 11.660714285714286
decision_type=2 2 2 2 2 2 2 2 2 2
left_child=1 4 -3 -4 5 9 -2 8 -8 -1
right_child=6 2 3 -5 -6 -7 7 -9 -10 -11
leaf_value=9.2693003173483356e-05 -0.092979183130794105 0.12262312118653898 -0.080044723571174675 0.094659407138824467 -0.11232601266135188 0.095871409947673486 0.025326537589232131 0.079795384208361311 -0.09615344808382148 -0.039137378638073553
leaf_weight=10725 18 27 18 14.999999999999998 17 14.999999999999998 24 14.999999999999998 17 59
leaf_count=10725 18 27 18 15 17 15 24 15 17 59
internal_value=1.45833e-11 0.000138237 0.0548318 -0.000633755 -0.000165167 1.1399e-05 -0.0203171 0.00303855 -0.0250432 -0.000121937
internal_weight=10950 10876 60 33 10816 10799 74 56 41 10784
internal_count=10950 10876 60 33 10816 10799 74 56 41 10784
is_linear=0
shrinkage=0.1


Tree=132
num_leaves=6
num_cat=0
split_feature=5 0 0 0 4
split_gain=2.96061 14.4108 10.4838 5.90441 5.3929
threshold=17.803571428571434 23.500000000000004 20.500000000000004 19.500000000000004 15.357142857142859
decision_type=2 2 2 2 2
left_child=1 2 3 4 -1
right_child=-2 -3 -4 -5 -6
leaf_value=8.6271589874846262e-05 -0.034373566865921017 0.089481296022940027 -0.078537393646205184 0.058941294789752546 -0.039802607061231843
leaf_weight=10839 25 18 17 17 34
leaf_count=10839 25 18 17 17 34
internal_value=-3.66414e-11 7.8658e-05 -6.88846e-05 5.36098e-05 -3.84614e-05
internal_weight=10950 10925 10907 10890 10873
internal_count=10950 10925 10907 10890 10873
is_linear=0
shrinkage=0.1


Tree=133
num_leaves=7
num_cat=0
split_feature=0 5 9 5 1 5
split_gain=3.06527 5.09609 8.31669 6.36683 5.82383 12.7065
threshold=25.500000000000004 16.357142857142858 3.5000000000000004 15.000000000000002 20.500000000000004 13.732142857142859
decision_type=2 2 2 2 2 2
left_child=1 3 -3 4 5 -1
right_child=-2 2 -4 -5 -6 -7
leaf_value=-2.3767850914279523e-05 -0.045174257010221486 -0.0037090600778659187 0.086211319733411076 -0.059496693002680935 -0.048183443814516072 0.072819370621194451
leaf_weight=10826 14.999999999999998 24 18 18 25 24
leaf_count=10826 15 24 18 18 25 24
internal_value=2.71039e-12 6.19674e-05 0.0348282 -7.20805e-05 2.62775e-05 0.00013736
internal_weight=10950 10935 42 10893 10875 10850
internal_count=10950 10935 42 10893 10875 10850
is_linear=0
shrinkage=0.1


Tree=134
num_leaves=15
num_cat=0
split_feature=5 5 6 0 3 4 10 6 3 0 0 4 10 0
split_gain=2.8414 33.6794 32.2579 29.2606 23.3701 17.9702 24.6804 21.5634 19.4025 17.6745 45.5665 19.3827 19.2394 18.8141
threshold=10.053571428571431 10.267857142857144 3.8142452191822289 3.5000000000000004 7.5000000000000009 9.071428571428573 11.500000000000002 4.9111361562164983 10.500000000000002 12.500000000000002 13.500000000000002 8.9285714285714306 7.5000000000000009 10.500000000000002
decision_type=2 2 2 2 2 2 2 2 2 2 2 2 2 2
left_child=5 -2 -3 -4 -5 9 7 8 -7 11 -11 13 -12 -1
right_child=1 2 3 4 -6 6 -8 -9 -10 10 12 -13 -14 -15
leaf_value=1.3298683037194893e-05 0.12057227784395218 -0.14288972536722819 0.13108597737219599 0.052255389673842328 -0.010729914724131196 0.023230386728537271 -0.15631726272404195 -0.11179904761639509 -0.066946917273761605 0.18720077785352868 0.052758962059901521 0.095836651325225841 -0.094113109509150195 -0.053151625453202581
leaf_weight=10202 25 14.999999999999998 18 72 324 80 14.999999999999998 22 34 18 22 21 14.999999999999998 67
leaf_count=10202 25 15 18 72 324 80 15 22 34 18 22 21 15 67
internal_value=5.18353e-11 0.00774538 0.00117039 0.00638996 0.000721959 -0.000335023 -0.0345835 -0.0211569 -0.0036646 0.000164881 0.0567021 -0.00013731 -0.00678377 -0.000333575
internal_weight=10950 454 429 414 396 10496 151 136 114 10345 55 10290 37 10269
internal_count=10950 454 429 414 396 10496 151 136 114 10345 55 10290 37 10269
is_linear=0
shrinkage=0.1


Tree=135
num_leaves=20
num_cat=0
split_feature=8 9 8 7 7 6 0 1 6 9 5 3 1 5 6 5 8 5 4
split_gain=2.67639 8.09854 11.2995 22.8681 28.3373 19.9033 16.2035 28.3672 19.1453 9.09007 31.5236 30.0507 27.3925 10.383 48.6294 30.1711 7.5334 25.6103 11.5051
threshold=14.500000000000002 1.0000000180025095e-35 24.500000000000004 0.8392857142857143 0.69642857142857151 3.515182029257518 3.5000000000000004 3.5000000000000004 1.4723211419147593 1.5000000000000002 8.5892857142857171 8.5000000000000018 11.500000000000002 8.0892857142857171 3.4573752861158198 7.7678571428571432 8.5000000000000018 1.1250000000000002 1.3571428571428574
decision_type=2 2 2 2 2 2 2 2 2 2 2 2 2 2 2 2 2 2 2
left_child=16 2 6 4 -4 -5 8 -8 -2 10 11 -3 -12 15 -15 -11 -1 -18 -19
right_child=1 9 3 5 -6 -7 7 -9 -10 13 12 -13 -14 14 -16 -17 17 18 -20
leaf_value=0.0014653182269323509 0.029164916247418023 -0.0063392748690293682 -0.0072095917609448614 -0.12068196083419025 0.090131217472859335 -0.01017531463637566 0.086789713156076129 0.013927130961114434 -0.022948201990553311 0.0011007464538168041 -0.040900848035675452 0.11514468155801297 -0.18910135892530283 0.14356472876721196 0.0078182175581004622 -0.081324254228836962 0.00037655884485894413 -0.011986026793531793 -0.040487520012586015
leaf_weight=3285 142 670 156 28 37 39 81 157 140 3383 74 21 14.999999999999998 28 459 45 1611 332 247
leaf_count=3285 142 670 156 28 37 39 81 157 140 3383 74 21 15 28 459 45 1611 332 247
internal_value=1.26163e-11 0.00156339 0.0109993 -0.00602221 0.0114516 -0.0563572 0.01951 0.0387249 0.00329316 -4.2281e-06 -0.00986213 -0.00264729 -0.0658785 0.0019598 0.0156229 1.8738e-05 -0.00156339 -0.00610646 -0.0241447
internal_weight=10950 5475 780 260 193 67 520 238 282 4695 780 691 89 3915 487 3428 5475 2190 579
internal_count=10950 5475 780 260 193 67 520 238 282 4695 780 691 89 3915 487 3428 5475 2190 579
is_linear=0
shrinkage=0.1


Tree=136
num_leaves=9
num_cat=0
split_feature=2 3 9 6 1 0 1 3
split_gain=2.67223 4.88417 23.6208 30.3297 30.2477 16.5552 10.6588 10.3187
threshold=23.500000000000004 17.500000000000004 5.5000000000000009 4.5038240146506174 9.5000000000000018 21.500000000000004 21.500000000000004 15.500000000000002
decision_type=2 2 2 2 2 2 2 2
left_child=1 5 3 -3 -5 6 7 -1
right_child=-2 2 -4 4 -6 -7 -8 -9
leaf_value=0.00014139273330042269 -0.03404996780597646 -0.13424974709749224 0.101947555884167 -0.096330486933390302 0.06909923599589439 -0.083092542473847675 0.074887231617283667 -0.043681859197439971
leaf_weight=10731 23 14.999999999999998 27 14.999999999999998 42 24 19 54
leaf_count=10731 23 15 27 15 42 24 19 54
internal_value=5.08165e-11 7.16711e-05 0.0221823 -0.00772966 0.0255651 -0.000130486 5.38062e-05 -7.80283e-05
internal_weight=10950 10927 99 72 57 10828 10804 10785
internal_count=10950 10927 99 72 57 10828 10804 10785
is_linear=0
shrinkage=0.1


Tree=137
num_leaves=20
num_cat=0
split_feature=4 6 7 6 5 5 8 8 5 1 8 10 10 1 5 8 3 6 7
split_gain=2.67217 4.33964 4.1176 20.1653 5.66381 8.3042 4.71299 10.0394 4.24463 3.77899 3.61892 3.43841 5.19068 3.27519 3.58684 4.12301 2.69575 0.971941 0.958228
threshold=0.2142857142857143 1.7194859995934475 0.19642857142857145 0.93096706740673596 0.5178571428571429 0.55357142857142871 11.500000000000002 27.500000000000004 0.23214285714285718 1.5000000000000002 25.500000000000004 7.5000000000000009 10.500000000000002 1.0000000180025095e-35 1.0892857142857146 7.5000000000000009 1.0000000180025095e-35 1.0338646086068002 0.33928571428571436
decision_type=2 2 2 2 2 2 2 2 2 2 2 2 2 2 2 2 2 2 2
left_child=1 13 3 6 11 9 8 -8 -2 -6 -7 16 -13 14 15 -1 -4 -15 -3
right_child=2 18 4 -5 5 10 7 -9 -10 -11 -12 12 -14 17 -16 -17 -18 -19 -20
leaf_value=0.012450003978990069 -0.036250462560426626 -0.0074598101278146103 -0.023068255850806907 0.10313457117780396 0.019987510878247086 0.001155599222094427 0.055595040178912529 -0.032344754625644005 0.019722218364477156 0.0711003584896817 -0.0051419548372245655 0.012466922644525766 -0.03127933862205181 -0.017891570702195169 0.040043266266584401 -0.0057345636223725665 -0.00160735943067221 -0.050958670303225519 -0.033818112032772123
leaf_weight=149 42 18 211 23 97 8185 34 21 20 17 1027 110 36 20 20 764 81 15.999999999999998 59
leaf_count=149 42 18 211 23 97 8185 34 21 20 17 1027 110 36 20 20 764 81 16 59
internal_value=-5.09597e-11 -0.00480689 0.000507674 0.0175358 0.000263518 0.000785469 0.000708688 0.022018 -0.0181948 0.0276096 0.000453516 -0.01085 0.00168017 -0.00299119 -0.00184919 -0.00276687 -0.0171151 -0.0325881 -0.0276564
internal_weight=10950 1046 9904 140 9764 9326 117 55 62 114 9212 438 146 969 933 913 292 36 77
internal_count=10950 1046 9904 140 9764 9326 117 55 62 114 9212 438 146 969 933 913 292 36 77
is_linear=0
shrinkage=0.1


Tree=138
num_leaves=20
num_cat=0
split_feature=7 6 0 1 9 6 9 4 1 1 3 3 0 0 4 1 10 3 6
split_gain=2.5856 11.5559 43.4797 18.7672 20.9572 18.1581 11.4268 24.7977 27.6504 22.126 36.8656 28.422 18.7632 7.12433 14.9704 9.90236 29.4793 26.3586 8.25846
threshold=0.98214285714285732 4.9111361562164983 4.5000000000000009 17.500000000000004 1.0000000180025095e-35 6.0733182163763191 2.5000000000000004 12.642857142857144 2.5000000000000004 13.500000000000002 16.500000000000004 16.500000000000004 14.500000000000002 13.500000000000002 10.928571428571431 10.500000000000002 5.5000000000000009 13.500000000000002 4.6532164240447829
decision_type=2 2 2 2 2 2 2 2 2 2 2 2 2 2 2 2 2 2 2
left_child=13 6 -3 4 -4 -5 7 8 -2 11 -11 -8 -9 14 15 17 -17 -1 -15
right_child=1 2 3 5 -6 -7 9 12 -10 10 -12 -13 -14 18 -16 16 -18 -19 -20
leaf_value=-0.00057368051429007886 0.066922646006569261 -0.13740482588226979 0.062521455642478227 0.12879588037729264 -0.030994574552860817 -0.0077174918382967783 0.034566607422062329 0.14777621635132365 -0.021262750875630447 -0.050881925175284476 0.11962565345068772 -0.071279408023865135 0.0033877429034974843 0.0064430770029624308 0.080204968445974856 -0.10415386120421868 0.038223407933345215 0.10660655964975772 -0.095358454129275155
leaf_weight=9641 40 26 29 20 138 19 420 18 320 82 14.999999999999998 27 18 14.999999999999998 23 33 26 23 17
leaf_count=9641 40 26 29 20 138 19 420 18 320 82 15 27 18 15 23 33 26 23 17
internal_value=4.64821e-11 0.00443849 -0.015549 -0.000169145 -0.0147553 0.0622894 0.00937157 -0.00355107 -0.0114644 0.0187785 -0.0245148 0.0281732 0.075582 -0.000532001 -0.00037733 -0.000567949 -0.0414113 -0.000318595 -0.047639
internal_weight=10950 1172 232 206 167 39 940 396 360 544 97 447 36 9778 9746 9723 59 9664 32
internal_count=10950 1172 232 206 167 39 940 396 360 544 97 447 36 9778 9746 9723 59 9664 32
is_linear=0
shrinkage=0.1


Tree=139
num_leaves=6
num_cat=0
split_feature=1 3 5 4 0
split_gain=2.70276 5.05813 4.43059 12.5218 7.19137
threshold=23.500000000000004 23.500000000000004 17.803571428571434 17.500000000000004 20.500000000000004
decision_type=2 2 2 2 2
left_child=1 2 3 4 -1
right_child=-2 -3 -4 -5 -6
leaf_value=4.3760441420125564e-05 -0.035015099360184238 0.047971671887419444 -0.049598088643203184 0.083392976472775146 -0.052611185237765312
leaf_weight=10844 22 22 18 18 26
leaf_count=10844 22 22 18 18 26
internal_value=-1.17722e-12 7.04916e-05 -2.61365e-05 5.58157e-05 -8.21852e-05
internal_weight=10950 10928 10906 10888 10870
internal_count=10950 10928 10906 10888 10870
is_linear=0
shrinkage=0.1


Tree=140
num_leaves=20
num_cat=0
split_feature=2 0 10 3 3 2 0 6 0 10 6 9 10 1 5 3 8 0 10
split_gain=2.56945 24.5073 15.6524 26.8624 40.9741 47.4211 12.9533 38.2642 35.4225 25.145 18.1239 71.896 18.754 11.444 38.5074 25.969 24.2768 13.7069 12.6541
threshold=5.5000000000000009 17.500000000000004 1.5000000000000002 11.500000000000002 7.5000000000000009 8.5000000000000018 5.5000000000000009 3.3188349912909265 11.500000000000002 5.5000000000000009 4.2428648136829947 4.5000000000000009 5.5000000000000009 9.5000000000000018 10.017857142857144 10.500000000000002 20.500000000000004 8.5000000000000018 6.5000000000000009
decision_type=2 2 2 2 2 2 2 2 2 2 2 2 2 2 2 2 2 2 2
left_child=1 13 3 4 5 -2 10 8 -8 -9 12 -12 -4 14 15 -1 18 -18 -15
right_child=2 -3 6 -5 -6 -7 7 9 -10 -11 11 -13 -14 16 -16 -17 17 -19 -20
leaf_value=0.000894715641706143 -0.010708877754708131 0.12828286084036031 -0.0018674446680747411 0.11652020315772721 -0.11357564374127171 0.18724439078394106 0.071570834524314342 -0.040785010612585187 -0.087767918873578321 0.0038493100097581599 -0.031062418594956398 0.19867830293046104 -0.046779153481683843 -0.032421774417161944 0.16083188374837243 -0.065655939032371019 -0.10219690660679979 -0.015323564660502598 0.085622930668649233
leaf_weight=9454 42 14.999999999999998 153 28 22 17 109 181 15.999999999999998 417 56 18 237 15.999999999999998 14.999999999999998 59 42 32 21
leaf_count=9454 42 15 153 28 22 17 109 181 16 417 56 18 237 16 15 59 42 32 21
internal_value=-2.78407e-12 0.000561257 -0.00418084 0.0320852 0.00289775 0.0463285 -0.00751108 0.000857551 0.0511755 -0.00966041 -0.020551 0.0248205 -0.0291599 0.000362499 0.000734406 0.000481966 -0.0315612 -0.0646301 0.0345766
internal_weight=10950 9654 1296 109 81 59 1187 723 125 598 464 74 390 9639 9528 9513 111 74 37
internal_count=10950 9654 1296 109 81 59 1187 723 125 598 464 74 390 9639 9528 9513 111 74 37
is_linear=0
shrinkage=0.1


Tree=141
num_leaves=20
num_cat=0
split_feature=3 4 5 8 6 6 2 1 9 0 5 6 6 4 4 10 5 2 10
split_gain=2.59021 11.7337 20.0642 61.1749 40.02 16.4959 26.1338 17.4001 11.3508 9.5277 52.418 52.0336 15.5069 28.0409 18.3628 8.95715 32.7529 52.7447 15.8431
threshold=5.5000000000000009 10.500000000000002 7.9464285714285721 23.500000000000004 4.0919750380705908 3.3586621842640016 9.5000000000000018 6.5000000000000009 2.5000000000000004 2.5000000000000004 5.5178571428571432 3.9666176782974225 2.10910898643544 2.3571428571428572 2.5000000000000004 10.500000000000002 11.517857142857144 8.5000000000000018 9.5000000000000018
decision_type=2 2 2 2 2 2 2 2 2 2 2 2 2 2 2 2 2 2 2
left_child=1 2 5 -4 -5 6 -1 -7 -3 10 12 -12 14 -14 -2 18 17 -17 -11
right_child=9 8 3 4 -6 7 -8 -9 -10 15 11 -13 13 -15 -16 16 -18 -19 -20
leaf_value=-0.00032809751859573695 0.0047822167403822726 -0.0078089527934789658 0.21757562511107503 0.10341625819530559 -0.10297723086107345 -0.0086994201378015595 0.079686658011703965 -0.064969004666767069 -0.11034875308212483 -0.00018798751829889084 0.22480668270879467 0.0011788482336621536 0.010551761173764648 -0.1193743796302722 0.11585331343942218 0.011655818422635397 0.086535881787538529 -0.10575813912714904 0.042405307429785634
leaf_weight=9245 86 25 17 17 21 186 41 78 19 802 23 19 46 26 18 93 25 65 98
leaf_count=9245 86 25 17 17 21 186 41 78 19 802 23 19 46 26 18 93 25 65 98
internal_value=-5.05704e-11 -0.000564752 -0.000328729 0.0598971 -0.0106433 -0.000675579 2.51875e-05 -0.0253245 -0.0520875 0.00418854 0.0232625 0.123642 -0.000691606 -0.036366 0.0240061 0.000349089 -0.0198191 -0.0366474 0.00444995
internal_weight=10950 9649 9605 55 38 9550 9286 264 44 1301 218 42 176 72 104 1083 183 158 900
internal_count=10950 9649 9605 55 38 9550 9286 264 44 1301 218 42 176 72 104 1083 183 158 900
is_linear=0
shrinkage=0.1


Tree=142
num_leaves=10
num_cat=0
split_feature=4 5 1 5 4 2 4 5 5
split_gain=2.7009 12.3185 20.3538 19.7833 16.9287 11.3746 17.7081 10.3637 8.03979
threshold=15.500000000000002 12.660714285714286 12.500000000000002 12.410714285714286 13.785714285714286 17.500000000000004 18.500000000000004 12.303571428571431 11.660714285714286
decision_type=2 2 2 2 2 2 2 2 2
left_child=1 3 -3 7 -4 6 -2 8 -1
right_child=5 2 4 -5 -6 -7 -8 -9 -10
leaf_value=0.00012785959618543411 -0.10092277648272339 0.10980755686759949 -0.073338373664834464 -0.10792012057979317 0.065812078994863174 0.031291233030734243 0.031840729137184103 0.083104180842638029 -0.036887954011306921
leaf_weight=10727 27 27 18 17 17 27 15.999999999999998 14.999999999999998 59
leaf_count=10727 27 27 18 17 17 27 16 15 59
internal_value=-8.24117e-12 0.000125974 0.0445729 -0.000128759 -0.00575101 -0.01958 -0.0515224 4.08965e-05 -7.46189e-05
internal_weight=10950 10880 62 10818 35 70 43 10801 10786
internal_count=10950 10880 62 10818 35 70 43 10801 10786
is_linear=0
shrinkage=0.1


Tree=143
num_leaves=20
num_cat=0
split_feature=8 10 3 3 0 4 10 1 2 4 8 3 5 3 4 8 5 5 6
split_gain=2.47373 7.92176 16.866 48.1679 31.8377 22.4423 13.9101 13.8345 25.6055 49.3973 24.1132 20.165 13.7396 10.1096 6.68908 18.2592 17.4777 13.8977 13.1977
threshold=14.500000000000002 8.5000000000000018 15.500000000000002 14.500000000000002 15.500000000000002 9.071428571428573 9.5000000000000018 3.5000000000000004 6.5000000000000009 3.2142857142857149 18.500000000000004 7.5000000000000009 10.482142857142859 3.5000000000000004 1.3571428571428574 8.5000000000000018 0.7678571428571429 1.4821428571428574 2.0940877991691456
decision_type=2 2 2 2 2 2 2 2 2 2 2 2 2 2 2 2 2 2 2
left_child=14 7 3 4 -3 -4 -7 8 9 -2 13 -10 -12 -9 17 -16 -17 18 -1
right_child=1 2 5 -5 -6 6 -8 10 11 -11 12 -13 -14 -15 15 16 -18 -19 -20
leaf_value=-0.00088200030997266372 0.0064461776683504479 -0.0018952768572363485 -0.14633111502779159 0.17626390586296717 -0.10414192152600135 -0.074157300301724002 0.05016346342033811 -0.05690867947144268 -0.012790028027125767 0.060716703427689415 -0.0057607555956756549 -0.11320162207952567 0.020517541286322282 0.011259747820871848 -0.0013770539048909198 0.053921939518589236 -0.03089878464670226 0.027313118027329136 0.078649770291078669
leaf_weight=3245 2137 1729 19 14.999999999999998 31 18 18 112 70 182 827 28 262 27 1621 26 370 192 21
leaf_count=3245 2137 1729 19 15 31 18 18 112 70 182 827 28 262 27 1621 26 370 192 21
internal_value=-3.935e-13 0.00150303 -0.00386533 -0.00217542 -0.00369621 -0.0584033 -0.0119969 0.00419826 0.00858956 0.0107054 -0.00444488 -0.0414791 0.000561479 -0.0436673 -0.00150303 -0.00607971 -0.0253297 0.00116648 -0.00037062
internal_weight=10950 5475 1830 1775 1760 55 36 3645 2417 2319 1228 98 1089 139 5475 2017 396 3458 3266
internal_count=10950 5475 1830 1775 1760 55 36 3645 2417 2319 1228 98 1089 139 5475 2017 396 3458 3266
is_linear=0
shrinkage=0.1


Tree=144
num_leaves=11
num_cat=0
split_feature=4 5 5 0 1 5 3 1 6 5
split_gain=2.54826 12.1051 26.9647 15.0548 27.5254 14.5632 10.6562 20.6027 25.441 9.99205
threshold=15.357142857142859 12.517857142857144 12.339285714285717 10.500000000000002 14.500000000000002 12.196428571428573 10.500000000000002 16.500000000000004 4.7715672102000246 11.660714285714286
decision_type=2 2 2 2 2 2 2 2 2 2
left_child=1 2 5 -3 -5 9 -2 -8 -9 -1
right_child=6 3 -4 4 -6 -7 7 8 -10 -11
leaf_value=0.00011665765024909169 0.053756112977862362 -0.023629271368617599 -0.12243114180035063 0.14898294849942129 -0.0077851306114877982 0.089938272121879798 -0.11753662157626379 -0.093946811159451804 0.074945826129987833 -0.046092474016737432
leaf_weight=10725 15.999999999999998 23 18 24 21 18 21 14.999999999999998 22 47
leaf_count=10725 16 23 18 24 21 18 21 15 22 47
internal_value=-8.43824e-12 0.000125833 -0.000138792 0.0421857 0.0758245 6.52174e-05 -0.0184941 -0.0384252 0.00647584 -8.49604e-05
internal_weight=10950 10876 10808 68 45 10790 74 58 37 10772
internal_count=10950 10876 10808 68 45 10790 74 58 37 10772
is_linear=0
shrinkage=0.1


Tree=145
num_leaves=7
num_cat=0
split_feature=1 4 1 1 4 3
split_gain=2.62662 4.59002 4.0119 7.8751 11.4339 4.02663
threshold=25.500000000000004 18.785714285714288 20.500000000000004 18.500000000000004 15.357142857142859 10.500000000000002
decision_type=2 2 2 2 2 2
left_child=1 2 3 4 -1 -5
right_child=-2 -3 -4 5 -6 -7
leaf_value=9.8781784337843292e-05 -0.041817228707174463 0.051978613129433464 -0.040037071228027347 0.011839871307214103 -0.059764788497705015 0.082924512028694164
leaf_weight=10829 14.999999999999998 17 25 14.999999999999998 32 17
leaf_count=10829 15 17 25 15 32 17
internal_value=6.36216e-11 5.73625e-05 -2.34821e-05 6.83512e-05 -7.75956e-05 0.0496036
internal_weight=10950 10935 10918 10893 10861 32
internal_count=10950 10935 10918 10893 10861 32
is_linear=0
shrinkage=0.1


Tree=146
num_leaves=20
num_cat=0
split_feature=1 3 8 4 10 5 9 5 5 4 2 5 5 4 6 4 3 3 0
split_gain=2.71318 25.8076 44.9738 12.2526 26.7525 29.8703 22.5236 14.5545 22.7175 10.419 11.7083 10.3676 40.0924 31.8198 37.9855 29.1009 20.4862 19.6695 18.7445
threshold=6.5000000000000009 1.5000000000000002 21.500000000000004 6.0714285714285721 5.5000000000000009 4.4464285714285721 3.5000000000000004 5.5892857142857144 5.8035714285714297 2.5000000000000004 2.5000000000000004 7.7678571428571432 7.5535714285714297 9.7857142857142865 4.9111361562164983 9.071428571428573 14.500000000000002 12.500000000000002 5.5000000000000009
decision_type=2 2 2 2 2 2 2 2 2 2 2 2 2 2 2 2 2 2 2
left_child=11 2 9 4 6 -6 -3 -5 -9 -2 -11 12 16 15 -15 18 17 -1 -13
right_child=1 3 -4 7 5 -7 -8 8 -10 10 -12 13 -14 14 -16 -17 -18 -19 -20
leaf_value=-0.00045113026191487428 0.076539769390707502 -0.064802733031303988 0.16711858166023519 0.091619165241718301 -0.0071898531592027711 -0.12658942856825889 0.053698882718904412 -0.11884136537710827 0.0054058942899462732 0.040869668889790774 -0.06272848111887773 -0.11497237816452982 0.13175921971383303 0.14625855457037687 -0.037051554554356984 -0.16239997879380275 0.10331079826543206 -0.11505191713571548 -0.0038526221814136653
leaf_weight=9685 17 23 26 19 44 40 53 14.999999999999998 777 20 24 20 23 20 26 21 19 14.999999999999998 63
leaf_count=9685 17 23 26 19 44 40 53 15 777 20 24 20 23 20 26 21 19 15 63
internal_value=3.01431e-12 0.00481318 0.0569904 0.000138178 -0.0251522 -0.0640468 0.0178366 0.00512765 0.00305273 0.0100506 -0.0156384 -0.000514794 -0.000113078 -0.0266049 0.0426485 -0.0572362 -0.000425154 -0.000628348 -0.0306285
internal_weight=10950 1058 87 971 160 84 76 811 792 61 44 9892 9742 150 46 104 9719 9700 83
internal_count=10950 1058 87 971 160 84 76 811 792 61 44 9892 9742 150 46 104 9719 9700 83
is_linear=0
shrinkage=0.1


Tree=147
num_leaves=6
num_cat=0
split_feature=5 0 0 0 5
split_gain=2.58639 13.9884 7.76695 4.67926 4.34209
threshold=17.803571428571434 23.500000000000004 20.500000000000004 19.500000000000004 16.357142857142858
decision_type=2 2 2 2 2
left_child=1 2 3 4 -1
right_child=-2 -3 -4 -5 -6
leaf_value=-0.00012265007019202057 -0.032127776235342027 0.088156031899982029 -0.067612019312732363 0.052456956269109956 0.053717148032349851
leaf_weight=10858 25 18 17 17 14.999999999999998
leaf_count=10858 25 18 17 17 15
internal_value=7.80744e-11 7.3519e-05 -7.1845e-05 3.35896e-05 -4.83746e-05
internal_weight=10950 10925 10907 10890 10873
internal_count=10950 10925 10907 10890 10873
is_linear=0
shrinkage=0.1


Tree=148
num_leaves=9
num_cat=0
split_feature=0 5 2 3 2 4 4 2
split_gain=2.50807 4.20382 8.36648 6.05204 33.5897 6.76598 6.48052 0.582058
threshold=25.500000000000004 16.357142857142858 15.500000000000002 19.500000000000004 14.500000000000002 15.642857142857144 13.357142857142859 9.5000000000000018
decision_type=2 2 2 2 2 2 2 2
left_child=1 3 -3 5 7 6 -1 -5
right_child=-2 2 -4 4 -6 -7 -8 -9
leaf_value=0.00015013031975809923 -0.040862638056278232 0.088527308125048887 -0.0033798405470756385 0.038358043332894637 -0.15884607672691345 0.050082937545246557 -0.031765480793546887 0.010499890546003978
leaf_weight=10757 14.999999999999998 15.999999999999998 26 15.000000000000002 14.999999999999998 27 64 14.999999999999998
leaf_count=10757 15 16 26 15 15 27 64 15
internal_value=-2.23941e-11 5.6053e-05 0.0316324 -6.56956e-05 -0.0366627 8.61173e-05 -3.86322e-05 0.024429
internal_weight=10950 10935 42 10893 45 10848 10821 30
internal_count=10950 10935 42 10893 45 10848 10821 30
is_linear=0
shrinkage=0.1


Tree=149
num_leaves=20
num_cat=0
split_feature=2 8 9 9 0 7 6 4 5 4 5 8 5 9 6 5 8 4 0
split_gain=2.46333 12.3822 16.4989 20.756 8.61326 15.3026 14.5926 14.3943 11.1372 10.8954 9.80322 8.51028 10.7605 9.12105 8.41688 7.27209 6.91542 6.58961 5.65497
threshold=1.5000000000000002 27.500000000000004 5.5000000000000009 3.5000000000000004 5.5000000000000009 0.94642857142857151 2.2279245810166373 4.7857142857142865 2.3750000000000004 6.5000000000000009 3.5892857142857149 1.0000000180025095e-35 1.017857142857143 4.5000000000000009 1.3100375744044979 2.5892857142857149 28.500000000000004 1.2142857142857146 1.0000000180025095e-35
decision_type=2 2 2 2 2 2 2 2 2 2 2 2 2 2 2 2 2 2 2
left_child=4 11 3 17 7 6 8 10 -6 -9 16 12 13 -2 -5 -8 -1 -3 -13
right_child=1 2 -4 14 5 -7 15 9 -10 -11 -12 18 -14 -15 -16 -17 -18 -19 -20
leaf_value=-5.1398941937949011e-05 -0.03865306925621223 -0.027255588036496192 -0.058797711572226352 0.063361375494973698 -0.015232185879722238 -0.09650161018967629 0.002239119852690593 0.12097302938208861 -0.10426888403793176 0.0040430422623952229 -0.067715774671259263 -0.0057622616936647726 -0.071958221917157061 0.058872570316581163 0.14705129673375802 0.088491505105048426 -0.015411071967888129 0.048376050963997844 0.0031634579631979486
leaf_weight=5706 22 32 17 41 64 25 23 17 18 14.999999999999998 22 881 36 17 17 17 309 18 3653
leaf_count=5706 22 32 17 41 64 25 23 17 18 15 22 881 36 17 17 17 309 18 3653
internal_value=-1.11146e-10 0.00171868 0.0327737 0.0471878 -0.00130892 -0.0252271 -0.0106217 -0.000729587 -0.0347768 0.0661621 -0.00108416 0.000876444 -0.0325337 0.00385811 0.0878912 0.0388964 -0.000840449 -2.8198e-05 0.0014291
internal_weight=10950 4734 125 108 6216 147 122 6069 82 32 6037 4609 75 39 58 40 6015 50 4534
internal_count=10950 4734 125 108 6216 147 122 6069 82 32 6037 4609 75 39 58 40 6015 50 4534
is_linear=0
shrinkage=0.1


end of trees

feature_importances:
Column_5=372
Column_4=337
Column_0=255
Column_3=222
Column_6=214
Column_1=182
Column_2=162
Column_9=157
Column_8=121
Column_10=111
Column_7=63

parameters:
[boosting: gbdt]
[objective: regression]
[metric: l2]
[tree_learner: serial]
[device_type: cpu]
[data_sample_strategy: bagging]
[data: ]
[valid: ]
[num_iterations: 150]
[learning_rate: 0.1]
[num_leaves: 20]
[num_threads: 1]
[seed: 20261009]
[deterministic: 1]
[force_col_wise: 1]
[force_row_wise: 0]
[histogram_pool_size: -1]
[max_depth: 5]
[min_data_in_leaf: 15]
[min_sum_hessian_in_leaf: 0.001]
[bagging_fraction: 1]
[pos_bagging_fraction: 1]
[neg_bagging_fraction: 1]
[bagging_freq: 0]
[bagging_seed: 26940]
[bagging_by_query: 0]
[feature_fraction: 1]
[feature_fraction_bynode: 1]
[feature_fraction_seed: 7539]
[extra_trees: 0]
[extra_seed: 29524]
[early_stopping_round: 0]
[early_stopping_min_delta: 0]
[first_metric_only: 0]
[max_delta_step: 0]
[lambda_l1: 0]
[lambda_l2: 0]
[linear_lambda: 0]
[min_gain_to_split: 0]
[drop_rate: 0.1]
[max_drop: 50]
[skip_drop: 0.5]
[xgboost_dart_mode: 0]
[uniform_drop: 0]
[drop_seed: 7068]
[top_rate: 0.2]
[other_rate: 0.1]
[min_data_per_group: 100]
[max_cat_threshold: 32]
[cat_l2: 10]
[cat_smooth: 10]
[max_cat_to_onehot: 4]
[top_k: 20]
[monotone_constraints: ]
[monotone_constraints_method: basic]
[monotone_penalty: 0]
[feature_contri: ]
[forcedsplits_filename: ]
[refit_decay_rate: 0.9]
[cegb_tradeoff: 1]
[cegb_penalty_split: 0]
[cegb_penalty_feature_lazy: ]
[cegb_penalty_feature_coupled: ]
[path_smooth: 0]
[interaction_constraints: ]
[verbosity: -1]
[saved_feature_importance_type: 0]
[use_quantized_grad: 0]
[num_grad_quant_bins: 4]
[quant_train_renew_leaf: 0]
[stochastic_rounding: 1]
[linear_tree: 0]
[max_bin: 255]
[max_bin_by_feature: ]
[min_data_in_bin: 3]
[bin_construct_sample_cnt: 200000]
[data_random_seed: 5376]
[is_enable_sparse: 1]
[enable_bundle: 1]
[use_missing: 1]
[zero_as_missing: 0]
[feature_pre_filter: 1]
[pre_partition: 0]
[two_round: 0]
[header: 0]
[label_column: ]
[weight_column: ]
[group_column: ]
[ignore_column: ]
[categorical_feature: ]
[forcedbins_filename: ]
[precise_float_parser: 0]
[parser_config_file: ]
[objective_seed: 6783]
[num_class: 1]
[is_unbalance: 0]
[scale_pos_weight: 1]
[sigmoid: 1]
[boost_from_average: 1]
[reg_sqrt: 0]
[alpha: 0.9]
[fair_c: 1]
[poisson_max_delta_step: 0.7]
[tweedie_variance_power: 1.5]
[lambdarank_truncation_level: 30]
[lambdarank_norm: 1]
[label_gain: ]
[lambdarank_position_bias_regularization: 0]
[eval_at: ]
[multi_error_top_k: 1]
[auc_mu_weights: ]
[num_machines: 1]
[local_listen_port: 12400]
[time_out: 120]
[machine_list_filename: ]
[machines: ]
[gpu_platform_id: -1]
[gpu_device_id: -1]
[gpu_device_id_list: ]
[gpu_use_dp: 0]
[num_gpu: 1]

end of parameters

pandas_categorical:null
