dataset,scenario,seed,origin,arm,days,demand,sales,fill_rate,operating_cost,cost_per_demand,holding_cost,shortage_cost,expiry_cost,expiry_units,expiry_share,purchase_spend,initial_stock,received_units,closing_stock,closing_pipeline,inventory_balance_residual,mean_inventory,held_days,orders,actual_violations,source_exact_days,source_correct_slots,priority_correct_days,critic_false_approvals,critic_false_holds,model_calls,schema_failures,input_tokens,output_tokens,total_agent_seconds,path
M5,promotion,101,1927,conventional,7,673.6100731785417,452.76693777297515,0.6721498917563965,1115.6483422257693,1.6562227713748343,11.432665197936961,1104.2156770278323,0.0,0.0,0.0,376.0,220.0,330.0,97.23306222702485,46.0,0.0,81.66189427097831,0,380.0,0,7,91,2,0,0,0,0,0,0,0.005456528000649996,runs/M5__promotion__seed101__origin1927
M5,promotion,101,1927,structured_planner,7,673.6100731785417,617.5870834166707,0.9168317221007144,303.43371796005005,0.45045899704000464,23.318769150694973,280.1149488093551,0.0,0.0,0.0,776.0,220.0,630.0,232.41291658332935,146.0,-2.842170943040401e-14,166.56263679067837,0,828.0,0,7,91,7,0,0,0,0,0,0,0.025905443992087385,runs/M5__promotion__seed101__origin1927
M5,promotion,101,1927,llm_agents,7,673.6100731785417,621.9741175117821,0.9233444425450665,281.54758475688413,0.4179681925306651,23.367806423086062,258.1797783337981,0.0,0.0,0.0,780.0,220.0,634.0,232.02588248821797,146.0,-5.684341886080802e-14,166.91290302204328,0,832.0,0,7,91,6,0,0,21,0,6629,993,26.64149350200023,runs/M5__promotion__seed101__origin1927
M5,promotion,101,1934,conventional,7,662.4966583844691,435.24350927779875,0.656974648504887,1150.1364598368145,1.7360637903313794,13.870714303463116,1136.2657455333517,0.0,0.0,0.0,388.0,229.0,303.0,96.75649072220118,85.0,7.105427357601002e-14,99.07653073902225,0,402.0,0,7,91,2,0,0,0,0,0,0,0.005473622990393778,runs/M5__promotion__seed101__origin1934
M5,promotion,101,1934,structured_planner,7,662.4966583844691,590.9697529639924,0.8920343151693797,383.6457008821539,0.5790907712918778,26.01117377977035,357.6345271023835,0.0,0.0,0.0,751.0,229.0,582.0,220.03024703600755,169.0,5.684341886080802e-14,185.79409842693104,0,802.0,0,7,91,7,0,0,0,0,0,0,0.02374619400143274,runs/M5__promotion__seed101__origin1934
M5,promotion,101,1934,llm_agents,7,662.4966583844691,590.9697529639924,0.8920343151693797,383.6457008821539,0.5790907712918778,26.01117377977035,357.6345271023835,0.0,0.0,0.0,751.0,229.0,582.0,220.03024703600755,169.0,5.684341886080802e-14,185.79409842693104,0,802.0,0,7,91,7,0,0,21,0,6628,992,27.095715759995073,runs/M5__promotion__seed101__origin1934
M5,promotion,102,1927,conventional,7,681.0433121620165,428.87779564286893,0.6297364469836263,1272.0776913145355,1.8678366978984666,11.250108718798156,1260.8275825957376,0.0,0.0,0.0,399.0,220.0,288.0,79.12220435713108,111.0,-1.4210854715202004e-14,80.35791941998683,0,424.0,0,7,91,2,0,0,0,0,0,0,0.0058379570036777295,runs/M5__promotion__seed102__origin1927
M5,promotion,102,1927,structured_planner,7,681.0433121620165,626.3039815758408,0.9196243034640453,297.3408533028079,0.4365960989454252,23.644200371929443,273.69665293087843,0.0,0.0,0.0,781.0,220.0,624.0,217.6960184241593,157.0,-8.526512829121202e-14,168.88714551378172,0,812.0,0,7,91,7,0,0,0,0,0,0,0.08302735799952643,runs/M5__promotion__seed102__origin1927
M5,promotion,102,1927,llm_agents,7,681.0433121620165,626.3039815758408,0.9196243034640453,297.3408533028079,0.4365960989454252,23.644200371929443,273.69665293087843,0.0,0.0,0.0,781.0,220.0,624.0,217.6960184241593,157.0,-8.526512829121202e-14,168.88714551378172,0,812.0,0,7,91,7,0,0,21,0,6663,992,24.75204467200092,runs/M5__promotion__seed102__origin1927
M5,promotion,102,1934,conventional,7,659.7107026756426,430.56153016029134,0.6526520312828453,1159.911066767571,1.7582116859150911,14.16520419081486,1145.745862576756,0.0,0.0,0.0,413.0,229.0,296.0,94.43846983970863,117.0,2.842170943040401e-14,101.18002993439185,0,444.0,0,7,91,2,0,0,0,0,0,0,0.005402118997153593,runs/M5__promotion__seed102__origin1934
M5,promotion,102,1934,structured_planner,7,659.7107026756426,589.8448388993168,0.8940962099099422,375.65502787905007,0.5694238798241037,26.325708997421007,349.3293188816291,0.0,0.0,0.0,748.0,229.0,575.0,214.1551611006832,173.0,5.684341886080802e-14,188.0407785530072,0,794.0,0,7,91,7,0,0,0,0,0,0,0.09312827499888954,runs/M5__promotion__seed102__origin1934
M5,promotion,102,1934,llm_agents,7,659.7107026756426,589.8448388993168,0.8940962099099422,375.65502787905007,0.5694238798241037,26.325708997421007,349.3293188816291,0.0,0.0,0.0,748.0,229.0,575.0,214.1551611006832,173.0,5.684341886080802e-14,188.0407785530072,0,794.0,0,7,91,7,0,0,21,0,6666,992,27.775240210990887,runs/M5__promotion__seed102__origin1934
M5,promotion,103,1927,conventional,7,685.8946530934558,447.6561093968119,0.6526601532434123,1202.853700887821,1.7537003612184854,11.66098240460217,1191.1927184832189,0.0,0.0,0.0,386.0,220.0,328.0,100.34389060318802,58.0,5.684341886080802e-14,83.29273146144406,0,406.0,0,7,91,2,0,0,0,0,0,0,0.005284438004309777,runs/M5__promotion__seed103__origin1927
M5,promotion,103,1927,structured_planner,7,685.8946530934558,633.3912053189694,0.9234526066974127,286.0273336030876,0.4170135053729822,23.510094730655595,262.517238872432,0.0,0.0,0.0,759.0,220.0,632.0,218.60879468103062,127.0,2.842170943040401e-14,167.92924807611138,0,814.0,0,7,91,7,0,0,0,0,0,0,0.02581428199846414,runs/M5__promotion__seed103__origin1927
M5,promotion,103,1927,llm_agents,7,685.8946530934558,633.3912053189694,0.9234526066974127,286.0273336030876,0.4170135053729822,23.510094730655595,262.517238872432,0.0,0.0,0.0,759.0,220.0,632.0,218.60879468103062,127.0,2.842170943040401e-14,167.92924807611138,0,814.0,0,7,91,7,0,0,21,0,6681,1026,27.883060572999966,runs/M5__promotion__seed103__origin1927
M5,promotion,103,1934,conventional,7,661.1465658380699,457.58257926004796,0.6921045996510863,1032.1688466474418,1.5611800771271702,14.348913757332003,1017.8199328901098,0.0,0.0,0.0,395.0,229.0,303.0,74.41742073995206,92.0,-2.842170943040401e-14,102.49224112380001,0,416.0,0,7,91,2,0,0,0,0,0,0,0.005178750998311443,runs/M5__promotion__seed103__origin1934
M5,promotion,103,1934,structured_planner,7,661.1465658380699,601.4497826521684,0.9097071870739738,325.1505789230481,0.49179803045772,26.66666299354037,298.4839159295077,0.0,0.0,0.0,731.0,229.0,592.0,219.55021734783162,139.0,-5.684341886080802e-14,190.47616423957408,0,768.0,0,7,91,7,0,0,0,0,0,0,0.025873257000057492,runs/M5__promotion__seed103__origin1934
M5,promotion,103,1934,llm_agents,7,661.1465658380699,601.4497826521684,0.9097071870739738,325.57218494406186,0.49243571965221705,27.088269014554086,298.4839159295077,0.0,0.0,0.0,722.0,229.0,589.0,216.55021734783162,133.0,-5.684341886080802e-14,193.4876358182435,0,758.0,0,7,91,6,0,0,21,0,6679,993,26.93608044200664,runs/M5__promotion__seed103__origin1934
M5,promotion,104,1927,conventional,7,674.584289511537,435.9849951107559,0.6463017326218053,1203.800567949113,1.784507268648042,10.804095945207138,1192.996472003906,0.0,0.0,0.0,370.0,220.0,291.0,75.01500488924417,79.0,-7.105427357601002e-14,77.1721138943367,0,386.0,0,7,91,2,0,0,0,0,0,0,0.0053789930025232024,runs/M5__promotion__seed104__origin1927
M5,promotion,104,1927,structured_planner,7,674.584289511537,616.0533526872982,0.9132340646909807,314.7507028548498,0.46658469185927703,22.096018733655384,292.65468412119446,0.0,0.0,0.0,771.0,220.0,609.0,212.94664731270183,162.0,-5.684341886080802e-14,157.82870524039558,0,808.0,0,7,91,7,0,0,0,0,0,0,0.025662109004770173,runs/M5__promotion__seed104__origin1927
M5,promotion,104,1927,llm_agents,7,674.584289511537,616.0533526872982,0.9132340646909807,314.7507028548498,0.46658469185927703,22.096018733655384,292.65468412119446,0.0,0.0,0.0,771.0,220.0,609.0,212.94664731270183,162.0,-5.684341886080802e-14,157.82870524039558,0,808.0,0,7,91,7,0,0,21,0,6629,992,27.46826378499827,runs/M5__promotion__seed104__origin1927
M5,promotion,104,1934,conventional,7,650.5003406499341,459.8208498033111,0.7068725734161654,968.2605991722977,1.488485921782731,14.863144939182517,953.3974542331152,0.0,0.0,0.0,418.0,229.0,323.0,92.17915019668894,95.0,-2.842170943040401e-14,106.16532099416081,0,434.0,0,7,91,2,0,0,0,0,0,0,0.005894992009416455,runs/M5__promotion__seed104__origin1934
M5,promotion,104,1934,structured_planner,7,650.5003406499341,590.4591813549685,0.9077000340461364,327.12053623691577,0.5028752727632394,26.914739762087365,300.2057964748284,0.0,0.0,0.0,717.0,229.0,599.0,237.54081864503155,118.0,0.0,192.2481411577669,0,752.0,0,7,91,7,0,0,0,0,0,0,0.024565824001911096,runs/M5__promotion__seed104__origin1934
M5,promotion,104,1934,llm_agents,7,650.5003406499341,590.4591813549685,0.9077000340461364,327.12053623691577,0.5028752727632394,26.914739762087365,300.2057964748284,0.0,0.0,0.0,717.0,229.0,599.0,237.54081864503155,118.0,0.0,192.2481411577669,0,752.0,0,7,91,7,0,0,21,0,6627,992,26.453833638988726,runs/M5__promotion__seed104__origin1934
M5,promotion,105,1927,conventional,7,683.9880946721436,427.422050674185,0.6248969156094178,1295.1255345620687,1.8934913409316896,12.295314572275704,1282.830219989793,0.0,0.0,0.0,372.0,220.0,306.0,98.57794932581498,66.0,0.0,87.82367551625502,0,394.0,0,7,91,2,0,0,0,0,0,0,0.0055580079861101694,runs/M5__promotion__seed105__origin1927
M5,promotion,105,1927,structured_planner,7,683.9880946721436,602.60086436041,0.8810107501202269,431.8800310956901,0.631414544287797,24.94387953702197,406.93615155866814,0.0,0.0,0.0,747.0,220.0,605.0,222.39913563959004,142.0,-5.684341886080802e-14,178.1705681215855,0,792.0,0,7,91,7,0,0,0,0,0,0,0.02473336799448589,runs/M5__promotion__seed105__origin1927
M5,promotion,105,1927,llm_agents,7,683.9880946721436,602.60086436041,0.8810107501202269,431.8800310956901,0.631414544287797,24.94387953702197,406.93615155866814,0.0,0.0,0.0,747.0,220.0,605.0,222.39913563959004,142.0,-5.684341886080802e-14,178.1705681215855,0,792.0,0,7,91,7,0,0,21,0,6667,992,27.895636946013838,runs/M5__promotion__seed105__origin1927
M5,promotion,105,1934,conventional,7,666.5532545742816,444.51906278780217,0.6668920446149653,1124.1288311338785,1.6864801475642694,13.957872201481656,1110.1709589323966,0.0,0.0,0.0,383.0,229.0,305.0,89.48093721219777,78.0,5.684341886080802e-14,99.69908715344037,0,408.0,0,7,91,2,0,0,0,0,0,0,0.005367958001443185,runs/M5__promotion__seed105__origin1934
M5,promotion,105,1934,structured_planner,7,666.5532545742816,595.5192561206993,0.8934308729781077,381.7180308400614,0.572674468574697,26.548038572150464,355.16999226791097,0.0,0.0,0.0,758.0,229.0,576.0,209.48074387930066,182.0,2.842170943040401e-14,189.62884694393188,0,816.0,0,7,91,7,0,0,0,0,0,0,0.02401756300969282,runs/M5__promotion__seed105__origin1934
M5,promotion,105,1934,llm_agents,7,666.5532545742816,595.5192561206993,0.8934308729781077,381.7180308400614,0.572674468574697,26.548038572150464,355.16999226791097,0.0,0.0,0.0,758.0,229.0,576.0,209.48074387930066,182.0,2.842170943040401e-14,189.62884694393188,0,816.0,0,7,91,7,0,0,21,0,6667,992,25.450796780998644,runs/M5__promotion__seed105__origin1934
M5,promotion,106,1927,conventional,7,687.4304098898045,435.70268467967543,0.6338135153920799,1269.508057947723,1.8467441062888472,10.869431897077025,1258.638626050646,0.0,0.0,0.0,381.0,220.0,290.0,74.2973153203246,91.0,-2.842170943040401e-14,77.6387992648359,0,406.0,0,7,91,2,0,0,0,0,0,0,0.0053698730043834075,runs/M5__promotion__seed106__origin1927
M5,promotion,106,1927,structured_planner,7,687.4304098898045,618.4012993763156,0.8995838567505992,368.07494998097053,0.5354359433123902,22.9293974135256,345.14555256744495,0.0,0.0,0.0,786.0,220.0,598.0,199.59870062368444,188.0,-2.842170943040401e-14,163.78141009661138,0,830.0,0,7,91,7,0,0,0,0,0,0,0.024738646003243048,runs/M5__promotion__seed106__origin1927
M5,promotion,106,1927,llm_agents,7,687.4304098898045,610.6510473694035,0.8883096217219881,406.42554884654555,0.5912242795771805,22.528736244540408,383.8968126020052,0.0,0.0,0.0,786.0,220.0,576.0,185.34895263059644,210.0,5.684341886080802e-14,160.91954460386006,0,828.0,0,7,91,6,0,0,21,0,6682,994,25.527252899984887,runs/M5__promotion__seed106__origin1927
M5,promotion,106,1934,conventional,7,671.7425727718964,435.3877713238027,0.6481467588502051,1195.6456811618177,1.7799164882881748,13.87167392134918,1181.7740072404683,0.0,0.0,0.0,393.0,229.0,280.0,73.61222867619729,113.0,-1.4210854715202004e-14,99.08338515249413,0,436.0,0,7,91,2,0,0,0,0,0,0,0.005135287006851286,runs/M5__promotion__seed106__origin1934
M5,promotion,106,1934,structured_planner,7,671.7425727718964,571.8965994689526,0.8513627431845852,524.1009006030214,0.7802109347340567,24.871034088302498,499.2298665147188,0.0,0.0,0.0,740.0,229.0,537.0,194.10340053104738,203.0,5.684341886080802e-14,177.65024348787497,0,788.0,0,7,91,7,0,0,0,0,0,0,0.02574882698536385,runs/M5__promotion__seed106__origin1934
M5,promotion,106,1934,llm_agents,7,671.7425727718964,571.8965994689526,0.8513627431845852,524.1009006030214,0.7802109347340567,24.871034088302498,499.2298665147188,0.0,0.0,0.0,740.0,229.0,537.0,194.10340053104738,203.0,5.684341886080802e-14,177.65024348787497,0,788.0,0,7,91,7,0,0,21,0,6680,992,25.515252185999998,runs/M5__promotion__seed106__origin1934
M5,promotion,107,1927,conventional,7,685.1848843746308,449.0156793458124,0.6553204683661836,1191.9280244690956,1.7395713940142885,11.081999325003704,1180.8460251440918,0.0,0.0,0.0,396.0,220.0,334.0,104.98432065418766,62.0,-2.842170943040401e-14,79.15713803574074,0,424.0,0,7,91,2,0,0,0,0,0,0,0.004835284002183471,runs/M5__promotion__seed107__origin1927
M5,promotion,107,1927,structured_planner,7,685.1848843746308,620.5736648125353,0.9057025030243243,345.55146607552575,0.5043185773003604,22.495368265048604,323.0560978104771,0.0,0.0,0.0,775.0,220.0,621.0,220.4263351874647,154.0,0.0,160.6812018932043,0,830.0,0,7,91,7,0,0,0,0,0,0,0.10645775699231308,runs/M5__promotion__seed107__origin1927
M5,promotion,107,1927,llm_agents,7,685.1848843746308,620.5736648125353,0.9057025030243243,345.55146607552575,0.5043185773003604,22.495368265048604,323.0560978104771,0.0,0.0,0.0,775.0,220.0,621.0,220.4263351874647,154.0,0.0,160.6812018932043,0,830.0,0,7,91,7,0,0,21,0,6627,992,26.14529130399751,runs/M5__promotion__seed107__origin1927
M5,promotion,107,1934,conventional,7,673.8805266406396,473.54755360794763,0.7027173733133802,1016.236755447336,1.5080369817382553,14.571890283876463,1001.6648651634597,0.0,0.0,0.0,414.0,229.0,334.0,89.45244639205238,80.0,-1.4210854715202004e-14,104.08493059911758,0,444.0,0,7,91,2,0,0,0,0,0,0,0.004957173980074003,runs/M5__promotion__seed107__origin1934
M5,promotion,107,1934,structured_planner,7,673.8805266406396,608.3390312159164,0.9027401848938209,353.7404632221373,0.5249305318044553,26.03298609852148,327.7074771236158,0.0,0.0,0.0,743.0,229.0,620.0,240.6609687840836,123.0,0.0,185.94990070372484,0,776.0,0,7,91,7,0,0,0,0,0,0,0.090660021014628,runs/M5__promotion__seed107__origin1934
M5,promotion,107,1934,llm_agents,7,673.8805266406396,608.3390312159164,0.9027401848938209,353.7404632221373,0.5249305318044553,26.03298609852148,327.7074771236158,0.0,0.0,0.0,743.0,229.0,620.0,240.6609687840836,123.0,0.0,185.94990070372484,0,776.0,0,7,91,7,0,0,21,0,6627,992,25.16908095200779,runs/M5__promotion__seed107__origin1934
M5,promotion,108,1927,conventional,7,676.9684038723099,454.2596310074698,0.6710204322817295,1125.1960866385189,1.6621101962843658,11.652222314318978,1113.5438643241998,0.0,0.0,0.0,381.0,220.0,325.0,90.74036899253016,56.0,2.842170943040401e-14,83.2301593879927,0,398.0,0,7,91,2,0,0,0,0,0,0,0.0050969570147572085,runs/M5__promotion__seed108__origin1927
M5,promotion,108,1927,structured_planner,7,676.9684038723099,619.8354322165599,0.9156046702786347,310.2859768802713,0.4583463203089129,24.62111860152158,285.66485827874976,0.0,0.0,0.0,773.0,220.0,637.0,237.16456778344008,136.0,5.684341886080802e-14,175.86513286801127,0,818.0,0,7,91,7,0,0,0,0,0,0,0.024783007000223733,runs/M5__promotion__seed108__origin1927
M5,promotion,108,1927,llm_agents,7,676.9684038723099,619.8354322165599,0.9156046702786347,310.2859768802713,0.4583463203089129,24.62111860152158,285.66485827874976,0.0,0.0,0.0,773.0,220.0,637.0,237.16456778344008,136.0,5.684341886080802e-14,175.86513286801127,0,818.0,0,7,91,7,0,0,21,0,6667,995,25.221564568004396,runs/M5__promotion__seed108__origin1927
M5,promotion,108,1934,conventional,7,661.037590975762,466.2853315037295,0.7053839870368682,988.6052572622422,1.4955356106192923,14.843959902079584,973.7612973601626,0.0,0.0,0.0,420.0,229.0,332.0,94.71466849627045,88.0,7.105427357601002e-14,106.02828501485416,0,446.0,0,7,91,2,0,0,0,0,0,0,0.005359433984267525,runs/M5__promotion__seed108__origin1934
M5,promotion,108,1934,structured_planner,7,661.037590975762,597.8685437645306,0.9044395537052785,343.14912379658597,0.5191068230931637,27.30388774042828,315.84523605615766,0.0,0.0,0.0,756.0,229.0,616.0,247.13145623546944,140.0,-5.684341886080802e-14,195.02776957448773,0,808.0,0,7,91,7,0,0,0,0,0,0,0.027048669006035198,runs/M5__promotion__seed108__origin1934
M5,promotion,108,1934,llm_agents,7,661.037590975762,597.8685437645306,0.9044395537052785,343.14912379658597,0.5191068230931637,27.30388774042828,315.84523605615766,0.0,0.0,0.0,756.0,229.0,616.0,247.13145623546944,140.0,-5.684341886080802e-14,195.02776957448773,0,808.0,0,7,91,7,0,0,21,0,6666,992,26.835156040011498,runs/M5__promotion__seed108__origin1934
M5,promotion,109,1927,conventional,7,688.6402965673475,442.7438499313863,0.6429246910735886,1241.2265268131382,1.8024308670292126,11.7442936333321,1229.4822331798061,0.0,0.0,0.0,405.0,220.0,314.0,91.25615006861372,91.0,-2.842170943040401e-14,83.88781166665785,0,420.0,0,7,91,2,0,0,0,0,0,0,0.005542171005799901,runs/M5__promotion__seed109__origin1927
M5,promotion,109,1927,structured_planner,7,688.6402965673475,624.301744518989,0.9065716131207168,344.7893725952383,0.5006813779470988,23.096612353445966,321.69276024179237,0.0,0.0,0.0,762.0,220.0,641.0,236.69825548101096,121.0,0.0,164.97580252461404,0,796.0,0,7,91,7,0,0,0,0,0,0,0.026496291007788386,runs/M5__promotion__seed109__origin1927
M5,promotion,109,1927,llm_agents,7,688.6402965673475,624.301744518989,0.9065716131207168,344.7893725952383,0.5006813779470988,23.096612353445966,321.69276024179237,0.0,0.0,0.0,762.0,220.0,641.0,236.69825548101096,121.0,0.0,164.97580252461404,0,796.0,0,7,91,7,0,0,21,0,6680,992,26.27359943499323,runs/M5__promotion__seed109__origin1927
M5,promotion,109,1934,conventional,7,682.4935739746345,456.89935851698704,0.6694559127584814,1142.0370619254898,1.6733301315565714,14.065984637252528,1127.9710772882372,0.0,0.0,0.0,409.0,229.0,306.0,78.10064148301294,103.0,2.842170943040401e-14,100.47131883751807,0,430.0,0,7,91,2,0,0,0,0,0,0,0.005505398010427598,runs/M5__promotion__seed109__origin1934
M5,promotion,109,1934,structured_planner,7,682.4935739746345,614.539860960038,0.9004331826615527,365.72604619062446,0.5358673841582822,25.957481117642164,339.76856507298226,0.0,0.0,0.0,736.0,229.0,609.0,223.46013903996192,127.0,5.684341886080802e-14,185.41057941172969,0,776.0,0,7,91,7,0,0,0,0,0,0,0.024821419981890358,runs/M5__promotion__seed109__origin1934
M5,promotion,109,1934,llm_agents,7,682.4935739746345,614.539860960038,0.9004331826615527,365.72604619062446,0.5358673841582822,25.957481117642164,339.76856507298226,0.0,0.0,0.0,736.0,229.0,609.0,223.46013903996192,127.0,5.684341886080802e-14,185.41057941172969,0,776.0,0,7,91,7,0,0,21,0,6680,992,25.822707396982878,runs/M5__promotion__seed109__origin1934
M5,promotion,110,1927,conventional,7,680.6990276888198,442.4212837307849,0.6499513966296379,1203.0628625547004,1.7673932437357296,11.674142764526461,1191.388719790174,0.0,0.0,0.0,379.0,220.0,305.0,82.57871626921506,74.0,1.4210854715202004e-14,83.38673403233187,0,390.0,0,7,91,2,0,0,0,0,0,0,0.005564134000451304,runs/M5__promotion__seed110__origin1927
M5,promotion,110,1927,structured_planner,7,680.6990276888198,625.0590780377328,0.9182605712836089,302.09077549372444,0.4437949272814661,23.891027238289958,278.1997482554345,0.0,0.0,0.0,782.0,220.0,610.0,204.94092196226717,172.0,5.684341886080802e-14,170.65019455921396,0,806.0,0,7,91,7,0,0,0,0,0,0,0.02660406300856266,runs/M5__promotion__seed110__origin1927
M5,promotion,110,1927,llm_agents,7,680.6990276888198,625.0590780377328,0.9182605712836089,302.09077549372444,0.4437949272814661,23.891027238289958,278.1997482554345,0.0,0.0,0.0,782.0,220.0,610.0,204.94092196226717,172.0,5.684341886080802e-14,170.65019455921396,0,806.0,0,7,91,7,0,0,21,0,6627,992,25.871614207993844,runs/M5__promotion__seed110__origin1927
M5,promotion,110,1934,conventional,7,675.2762890465566,441.0774282362438,0.6531806838042761,1185.5525797745627,1.7556555724005665,14.558275722998951,1170.9943040515639,0.0,0.0,0.0,387.0,229.0,307.0,94.92257176375621,80.0,-1.4210854715202004e-14,103.9876837357068,0,398.0,0,7,91,2,0,0,0,0,0,0,0.005269995010166895,runs/M5__promotion__seed110__origin1934
M5,promotion,110,1934,structured_planner,7,675.2762890465566,601.2335615656259,0.8903519512206272,397.4585938522413,0.588586627872608,27.24495644758834,370.2136374046529,0.0,0.0,0.0,742.0,229.0,616.0,243.76643843437404,126.0,5.684341886080802e-14,194.60683176848815,0,770.0,0,7,91,7,0,0,0,0,0,0,0.024488526993081905,runs/M5__promotion__seed110__origin1934
M5,promotion,110,1934,llm_agents,7,675.2762890465566,601.2335615656259,0.8903519512206272,397.4585938522413,0.588586627872608,27.24495644758834,370.2136374046529,0.0,0.0,0.0,742.0,229.0,616.0,243.76643843437404,126.0,5.684341886080802e-14,194.60683176848815,0,770.0,0,7,91,7,0,0,21,0,6624,992,25.74792093799624,runs/M5__promotion__seed110__origin1934
M5,promotion,111,1927,conventional,7,694.8774184526003,451.3006722658359,0.6494680360614143,1228.6898319523884,1.768210909326306,10.806101018566128,1217.8837309338223,0.0,0.0,0.0,376.0,220.0,307.0,75.69932773416414,69.0,-2.842170943040401e-14,77.18643584690092,0,410.0,0,7,91,2,0,0,0,0,0,0,0.005651353014400229,runs/M5__promotion__seed111__origin1927
M5,promotion,111,1927,structured_planner,7,694.8774184526003,623.5833389607177,0.897400494535216,380.9117322339626,0.5481711192777029,24.441334774549805,356.4703974594128,0.0,0.0,0.0,773.0,220.0,610.0,206.41666103928225,163.0,5.684341886080802e-14,174.58096267535572,0,818.0,0,7,91,7,0,0,0,0,0,0,0.025124642983428203,runs/M5__promotion__seed111__origin1927
M5,promotion,111,1927,llm_agents,7,694.8774184526003,623.5833389607177,0.897400494535216,380.9117322339626,0.5481711192777029,24.441334774549805,356.4703974594128,0.0,0.0,0.0,773.0,220.0,610.0,206.41666103928225,163.0,5.684341886080802e-14,174.58096267535572,0,818.0,0,7,91,7,0,0,21,0,6665,992,25.242401022995182,runs/M5__promotion__seed111__origin1927
M5,promotion,111,1934,conventional,7,685.054406484881,448.24417864794657,0.6543190940818204,1198.3048117933922,1.7492111581941026,14.253672608720303,1184.0511391846721,0.0,0.0,0.0,415.0,229.0,313.0,93.75582135205343,102.0,0.0,101.811947205145,0,450.0,0,7,91,2,0,0,0,0,0,0,0.00530074199923547,runs/M5__promotion__seed111__origin1934
M5,promotion,111,1934,structured_planner,7,685.054406484881,611.0463697733827,0.8919676510202381,396.95424129887084,0.579449219713371,26.914057741379494,370.04018355749133,0.0,0.0,0.0,740.0,229.0,617.0,234.95363022661726,123.0,2.842170943040401e-14,192.24326958128208,0,786.0,0,7,91,7,0,0,0,0,0,0,0.02495475199248176,runs/M5__promotion__seed111__origin1934
M5,promotion,111,1934,llm_agents,7,685.054406484881,611.0463697733827,0.8919676510202381,396.95424129887084,0.579449219713371,26.914057741379494,370.04018355749133,0.0,0.0,0.0,740.0,229.0,617.0,234.95363022661726,123.0,2.842170943040401e-14,192.24326958128208,0,786.0,0,7,91,7,0,0,21,0,6664,992,24.39623299800587,runs/M5__promotion__seed111__origin1934
M5,promotion,112,1927,conventional,7,681.5713249093172,436.66038325152954,0.6406671866801718,1235.8127826964005,1.813181889453499,11.258074407461745,1224.5547082889386,0.0,0.0,0.0,375.0,220.0,309.0,92.33961674847053,66.0,-7.105427357601002e-14,80.41481719615531,0,408.0,0,7,91,2,0,0,0,0,0,0,0.00533007099875249,runs/M5__promotion__seed112__origin1927
M5,promotion,112,1927,structured_planner,7,681.5713249093172,623.9912920309423,0.9155186980819126,312.30455479729903,0.4582125793494188,24.404390405424405,287.90016439187474,0.0,0.0,0.0,759.0,220.0,640.0,236.00870796905775,119.0,-5.684341886080802e-14,174.31707432446004,0,800.0,0,7,91,7,0,0,0,0,0,0,0.024762509994616266,runs/M5__promotion__seed112__origin1927
M5,promotion,112,1927,llm_agents,7,681.5713249093172,623.9912920309423,0.9155186980819126,312.30455479729903,0.4582125793494188,24.404390405424405,287.90016439187474,0.0,0.0,0.0,759.0,220.0,640.0,236.00870796905775,119.0,-5.684341886080802e-14,174.31707432446004,0,800.0,0,7,91,7,0,0,21,0,6680,992,26.520808295994357,runs/M5__promotion__seed112__origin1927
M5,promotion,112,1934,conventional,7,667.5042729908697,459.1767786074789,0.687900882716536,1055.42349682619,1.581148675044701,13.786024909236337,1041.637471916954,0.0,0.0,0.0,427.0,229.0,320.0,89.82322139252108,107.0,0.0,98.47160649454527,0,440.0,0,7,91,2,0,0,0,0,0,0,0.005491815005370881,runs/M5__promotion__seed112__origin1934
M5,promotion,112,1934,structured_planner,7,667.5042729908697,603.9881598945282,0.904845383518301,344.21521083895016,0.5156749174003541,26.634645357242096,317.58056548170805,0.0,0.0,0.0,734.0,229.0,597.0,222.0118401054719,137.0,-5.684341886080802e-14,190.2474668374435,0,788.0,0,7,91,7,0,0,0,0,0,0,0.02472288599528838,runs/M5__promotion__seed112__origin1934
M5,promotion,112,1934,llm_agents,7,667.5042729908697,603.9881598945282,0.904845383518301,344.21521083895016,0.5156749174003541,26.634645357242096,317.58056548170805,0.0,0.0,0.0,734.0,229.0,597.0,222.0118401054719,137.0,-5.684341886080802e-14,190.2474668374435,0,788.0,0,7,91,7,0,0,21,0,6678,992,26.43534726699727,runs/M5__promotion__seed112__origin1934
M5,promotion,113,1927,conventional,7,676.6216755017579,444.78195369281235,0.6573569393309464,1170.393240643206,1.729760193944844,11.194631598478342,1159.1986090447272,0.0,0.0,0.0,385.0,220.0,297.0,72.21804630718769,88.0,-4.263256414560601e-14,79.9616542748453,0,400.0,0,7,91,2,0,0,0,0,0,0,0.00517174899141537,runs/M5__promotion__seed113__origin1927
M5,promotion,113,1927,structured_planner,7,676.6216755017579,628.4912133993802,0.9288665086487424,264.80825835796406,0.39136827557525694,24.15594784607603,240.65231051188798,0.0,0.0,0.0,771.0,220.0,609.0,200.50878660061983,162.0,0.0,172.5424846148288,0,798.0,0,7,91,7,0,0,0,0,0,0,0.02315638600703096,runs/M5__promotion__seed113__origin1927
M5,promotion,113,1927,llm_agents,7,676.6216755017579,628.4912133993802,0.9288665086487424,264.80825835796406,0.39136827557525694,24.15594784607603,240.65231051188798,0.0,0.0,0.0,747.0,220.0,609.0,200.50878660061983,138.0,0.0,172.5424846148288,0,774.0,0,7,91,6,0,0,21,0,6627,991,24.582012515995302,runs/M5__promotion__seed113__origin1927
M5,promotion,113,1934,conventional,7,669.5933949357527,449.103523530085,0.6707108028943093,1116.6480808211404,1.6676509793354255,14.1987237928015,1102.449357028339,0.0,0.0,0.0,393.0,229.0,302.0,81.89647646991504,91.0,-4.263256414560601e-14,101.41945566286783,0,414.0,0,7,91,2,0,0,0,0,0,0,0.004923330008750781,runs/M5__promotion__seed113__origin1934
M5,promotion,113,1934,structured_planner,7,669.5933949357527,605.8184670328667,0.9047557392512732,345.89086463349247,0.5165685134434168,27.0162251190621,318.8746395144303,0.0,0.0,0.0,734.0,229.0,589.0,212.1815329671334,145.0,-8.526512829121202e-14,192.97303656472928,0,752.0,0,7,91,7,0,0,0,0,0,0,0.023727296000288334,runs/M5__promotion__seed113__origin1934
M5,promotion,113,1934,llm_agents,7,669.5933949357527,605.8184670328667,0.9047557392512732,345.89086463349247,0.5165685134434168,27.0162251190621,318.8746395144303,0.0,0.0,0.0,734.0,229.0,589.0,212.1815329671334,145.0,-8.526512829121202e-14,192.97303656472928,0,752.0,0,7,91,7,0,0,21,0,6625,992,24.26768038600858,runs/M5__promotion__seed113__origin1934
M5,promotion,114,1927,conventional,7,684.3467847886853,452.7677933583668,0.661605787332184,1169.5288223415396,1.708971019280335,11.633865189947409,1157.894957151592,0.0,0.0,0.0,387.0,220.0,315.0,82.23220664163317,72.0,1.4210854715202004e-14,83.0990370710529,0,412.0,0,7,91,2,0,0,0,0,0,0,0.005051207990618423,runs/M5__promotion__seed114__origin1927
M5,promotion,114,1927,structured_planner,7,684.3467847886853,629.7584562811442,0.9202329437050002,297.0737458534605,0.43409825611322456,24.132103315754467,272.941642537706,0.0,0.0,0.0,779.0,220.0,638.0,228.24154371885592,141.0,-8.526512829121202e-14,172.3721665411033,0,808.0,0,7,91,7,0,0,0,0,0,0,0.07595343900175067,runs/M5__promotion__seed114__origin1927
M5,promotion,114,1927,llm_agents,7,684.3467847886853,629.7584562811442,0.9202329437050002,297.0737458534605,0.43409825611322456,24.132103315754467,272.941642537706,0.0,0.0,0.0,779.0,220.0,638.0,228.24154371885592,141.0,-8.526512829121202e-14,172.3721665411033,0,808.0,0,7,91,7,0,0,21,0,6665,992,26.43090028798906,runs/M5__promotion__seed114__origin1927
M5,promotion,114,1934,conventional,7,667.2955932877321,458.1963755437762,0.6866467876496314,1060.062303147307,1.5885947903903168,14.566214427526974,1045.49608871978,0.0,0.0,0.0,427.0,229.0,321.0,91.80362445622384,106.0,-2.842170943040401e-14,104.04438876804981,0,460.0,0,7,91,2,0,0,0,0,0,0,0.005362953997973818,runs/M5__promotion__seed114__origin1934
M5,promotion,114,1934,structured_planner,7,667.2955932877321,583.9382034756278,0.8750817618899496,443.3875702979999,0.6644545157468393,26.600621237478567,416.78694906052135,0.0,0.0,0.0,731.0,229.0,579.0,224.06179652437217,152.0,2.842170943040401e-14,190.00443741056117,0,774.0,0,7,91,7,0,0,0,0,0,0,0.07635376199323218,runs/M5__promotion__seed114__origin1934
M5,promotion,114,1934,llm_agents,7,667.2955932877321,583.9382034756278,0.8750817618899496,443.3875702979999,0.6644545157468393,26.600621237478567,416.78694906052135,0.0,0.0,0.0,731.0,229.0,579.0,224.06179652437217,152.0,2.842170943040401e-14,190.00443741056117,0,774.0,0,7,91,7,0,0,21,0,6662,992,25.370925886003533,runs/M5__promotion__seed114__origin1934
M5,promotion,115,1927,conventional,7,681.7350843263341,446.53819668969174,0.6550025177755735,1187.8943225656114,1.742457370724063,11.90988438239952,1175.984438183212,0.0,0.0,0.0,385.0,220.0,316.0,89.46180331030826,69.0,0.0,85.07060273142515,0,398.0,0,7,91,2,0,0,0,0,0,0,0.0049942510086111724,runs/M5__promotion__seed115__origin1927
M5,promotion,115,1927,structured_planner,7,681.7350843263341,631.0076762622807,0.9255907327782897,277.7931709741107,0.40747964621567895,24.156130653843768,253.63704032026698,0.0,0.0,0.0,781.0,220.0,639.0,227.99232373771926,142.0,2.842170943040401e-14,172.54379038459828,0,808.0,0,7,91,7,0,0,0,0,0,0,0.09071976100676693,runs/M5__promotion__seed115__origin1927
M5,promotion,115,1927,llm_agents,7,681.7350843263341,631.0076762622807,0.9255907327782897,277.7931709741107,0.40747964621567895,24.156130653843768,253.63704032026698,0.0,0.0,0.0,781.0,220.0,639.0,227.99232373771926,142.0,2.842170943040401e-14,172.54379038459828,0,808.0,0,7,91,7,0,0,21,0,6681,992,26.272689106001053,runs/M5__promotion__seed115__origin1927
M5,promotion,115,1934,conventional,7,663.2545878421511,463.361351551853,0.6986176349859324,1014.8385825449992,1.5300890504907025,15.372401093508909,999.4661814514902,0.0,0.0,0.0,424.0,229.0,339.0,104.63864844814702,85.0,0.0,109.80286495363505,0,440.0,0,7,91,2,0,0,0,0,0,0,0.005645812991133425,runs/M5__promotion__seed115__origin1934
M5,promotion,115,1934,structured_planner,7,663.2545878421511,598.5908323993516,0.902505377832096,350.43527745694666,0.5283571103474181,27.116500242949126,323.3187772139975,0.0,0.0,0.0,745.0,229.0,613.0,243.40916760064843,132.0,-2.842170943040401e-14,193.68928744963662,0,784.0,0,7,91,7,0,0,0,0,0,0,0.08939268899121089,runs/M5__promotion__seed115__origin1934
M5,promotion,115,1934,llm_agents,7,663.2545878421511,598.5908323993516,0.902505377832096,350.43527745694666,0.5283571103474181,27.116500242949126,323.3187772139975,0.0,0.0,0.0,745.0,229.0,613.0,243.40916760064843,132.0,-2.842170943040401e-14,193.68928744963662,0,784.0,0,7,91,7,0,0,21,0,6680,992,26.454961332987295,runs/M5__promotion__seed115__origin1934
M5,promotion,116,1927,conventional,7,678.7264754304542,443.80514252719894,0.6538792261576858,1185.8369159121476,1.7471499327620592,11.230251395871383,1174.6066645162762,0.0,0.0,0.0,364.0,220.0,312.0,88.19485747280106,52.0,0.0,80.2160813990813,0,370.0,0,7,91,2,0,0,0,0,0,0,0.005194979006773792,runs/M5__promotion__seed116__origin1927
M5,promotion,116,1927,structured_planner,7,678.7264754304542,637.8956579499568,0.9398420144807197,228.8399613781163,0.33716079991278375,24.685873975629605,204.1540874024867,0.0,0.0,0.0,767.0,220.0,671.0,253.10434205004316,96.0,5.684341886080802e-14,176.32767125449718,0,806.0,0,7,91,7,0,0,0,0,0,0,0.02651049599808175,runs/M5__promotion__seed116__origin1927
M5,promotion,116,1927,llm_agents,7,678.7264754304542,637.8956579499568,0.9398420144807197,228.6599613781163,0.33689559735105096,24.505873975629605,204.1540874024867,0.0,0.0,0.0,763.0,220.0,662.0,244.10434205004316,101.0,5.684341886080802e-14,175.0419569687829,0,802.0,0,7,91,6,0,0,21,0,6627,991,25.64875748600025,runs/M5__promotion__seed116__origin1927
M5,promotion,116,1934,conventional,7,662.4734541309047,453.6850200310404,0.6848350182215638,1058.0515956635227,1.5971230078216112,14.109425164201733,1043.942170499321,0.0,0.0,0.0,385.0,229.0,317.0,92.31497996895965,68.0,-2.842170943040401e-14,100.78160831572666,0,410.0,0,7,91,2,0,0,0,0,0,0,0.005168409014004283,runs/M5__promotion__seed116__origin1934
M5,promotion,116,1934,structured_planner,7,662.4734541309047,603.4036259806511,0.9108344224482973,322.7226767171863,0.4871480882816119,27.373535965919057,295.34914075126727,0.0,0.0,0.0,722.0,229.0,621.0,246.59637401934884,101.0,5.684341886080802e-14,195.5252568994218,0,758.0,0,7,91,7,0,0,0,0,0,0,0.02482039001188241,runs/M5__promotion__seed116__origin1934
M5,promotion,116,1934,llm_agents,7,662.4734541309047,603.4036259806511,0.9108344224482973,322.7226767171863,0.4871480882816119,27.373535965919057,295.34914075126727,0.0,0.0,0.0,722.0,229.0,621.0,246.59637401934884,101.0,5.684341886080802e-14,195.5252568994218,0,758.0,0,7,91,7,0,0,21,0,6626,992,26.604203823000717,runs/M5__promotion__seed116__origin1934
M5,promotion,117,1927,conventional,7,681.5310053191001,457.07917868704925,0.6706652743891525,1133.499083298754,1.663165834646125,11.239950138498761,1122.2591331602553,0.0,0.0,0.0,395.0,220.0,331.0,93.92082131295084,64.0,-8.526512829121202e-14,80.28535813213401,0,402.0,0,7,91,2,0,0,0,0,0,0,0.005207168993365485,runs/M5__promotion__seed117__origin1927
M5,promotion,117,1927,structured_planner,7,681.5310053191001,634.4778325683579,0.930959600687996,258.93044069303005,0.37992466765586996,23.66457693931842,235.2658637537116,0.0,0.0,0.0,786.0,220.0,643.0,228.52216743164212,143.0,-5.684341886080802e-14,169.03269242370297,0,814.0,0,7,91,7,0,0,0,0,0,0,0.02668788799928734,runs/M5__promotion__seed117__origin1927
M5,promotion,117,1927,llm_agents,7,681.5310053191001,634.4778325683579,0.930959600687996,258.93044069303005,0.37992466765586996,23.66457693931842,235.2658637537116,0.0,0.0,0.0,786.0,220.0,643.0,228.52216743164212,143.0,-5.684341886080802e-14,169.03269242370297,0,814.0,0,7,91,7,0,0,21,0,6665,992,24.52626334901288,runs/M5__promotion__seed117__origin1927
M5,promotion,117,1934,conventional,7,664.1247375964349,465.2748979127159,0.7005835975883299,1009.2483185175458,1.519666805621733,14.999120098950314,994.2491984185956,0.0,0.0,0.0,425.0,229.0,345.0,108.72510208728413,80.0,-4.263256414560601e-14,107.13657213535939,0,430.0,0,7,91,2,0,0,0,0,0,0,0.0053146839927649125,runs/M5__promotion__seed117__origin1934
M5,promotion,117,1934,structured_planner,7,664.1247375964349,603.694412203763,0.909007567446775,328.71701223839926,0.49496275869511275,26.56538527503985,302.1516269633594,0.0,0.0,0.0,747.0,229.0,605.0,230.30558779623692,142.0,5.684341886080802e-14,189.75275196457036,0,776.0,0,7,91,7,0,0,0,0,0,0,0.024248223002359737,runs/M5__promotion__seed117__origin1934
M5,promotion,117,1934,llm_agents,7,664.1247375964349,603.694412203763,0.909007567446775,328.6370122383993,0.49484229939662383,26.48538527503985,302.1516269633594,0.0,0.0,0.0,743.0,229.0,601.0,226.30558779623692,142.0,5.684341886080802e-14,189.1813233931418,0,772.0,0,7,91,6,0,0,21,0,6665,991,25.04943741300667,runs/M5__promotion__seed117__origin1934
M5,promotion,118,1927,conventional,7,708.5769380267614,466.3207304629904,0.6581088170348814,1222.5736989319878,1.725393014252764,11.29266111313337,1211.2810378188544,0.0,0.0,0.0,424.0,220.0,329.0,82.67926953700955,95.0,4.263256414560601e-14,80.6618650938098,0,438.0,0,7,91,2,0,0,0,0,0,0,0.00513900399528211,runs/M5__promotion__seed118__origin1927
M5,promotion,118,1927,structured_planner,7,708.5769380267614,626.4903601397514,0.8841529077765303,433.56685456283867,0.6118839483687286,23.13396512778869,410.43288943505,0.0,0.0,0.0,762.0,220.0,623.0,216.50963986024868,139.0,-5.684341886080802e-14,165.24260805563353,0,802.0,0,7,91,7,0,0,0,0,0,0,0.027026948999264278,runs/M5__promotion__seed118__origin1927
M5,promotion,118,1927,llm_agents,7,708.5769380267614,626.4903601397514,0.8841529077765303,433.56685456283867,0.6118839483687286,23.13396512778869,410.43288943505,0.0,0.0,0.0,762.0,220.0,623.0,216.50963986024868,139.0,-5.684341886080802e-14,165.24260805563353,0,802.0,0,7,91,7,0,0,21,0,6679,992,25.52630573799979,runs/M5__promotion__seed118__origin1927
M5,promotion,118,1934,conventional,7,678.0506951670848,482.7854623378901,0.7120197144240409,990.5283145202715,1.4608469861920665,14.202150374298046,976.3261641459735,0.0,0.0,0.0,439.0,229.0,346.0,92.21453766210992,93.0,-4.263256414560601e-14,101.44393124498605,0,456.0,0,7,91,2,0,0,0,0,0,0,0.005476505000842735,runs/M5__promotion__seed118__origin1934
M5,promotion,118,1934,structured_planner,7,678.0506951670848,609.7595684107031,0.8992831550160811,366.28806109631597,0.5402074855273993,24.832427314407617,341.4556337819084,0.0,0.0,0.0,760.0,229.0,608.0,227.2404315892969,152.0,2.842170943040401e-14,177.37448081719728,0,804.0,0,7,91,7,0,0,0,0,0,0,0.026266162996762432,runs/M5__promotion__seed118__origin1934
M5,promotion,118,1934,llm_agents,7,678.0506951670848,609.7595684107031,0.8992831550160811,366.28806109631597,0.5402074855273993,24.832427314407617,341.4556337819084,0.0,0.0,0.0,760.0,229.0,608.0,227.2404315892969,152.0,2.842170943040401e-14,177.37448081719728,0,804.0,0,7,91,7,0,0,21,0,6678,992,27.085872803007078,runs/M5__promotion__seed118__origin1934
M5,promotion,119,1927,conventional,7,686.2710952225414,443.3728913376745,0.6460608561604934,1226.1503365261347,1.78668509436278,11.6593171018002,1214.4910194243344,0.0,0.0,0.0,402.0,220.0,314.0,90.62710866232553,88.0,-2.842170943040401e-14,83.28083644143,0,418.0,0,7,91,2,0,0,0,0,0,0,0.0052188490008120425,runs/M5__promotion__seed119__origin1927
M5,promotion,119,1927,structured_planner,7,686.2710952225414,620.9291194514774,0.9047869329978482,351.23655891899915,0.511804389495818,24.526680063679247,326.7098788553199,0.0,0.0,0.0,804.0,220.0,644.0,243.07088054852264,160.0,-2.842170943040401e-14,175.1905718834232,0,832.0,0,7,91,7,0,0,0,0,0,0,0.02505412499886006,runs/M5__promotion__seed119__origin1927
M5,promotion,119,1927,llm_agents,7,686.2710952225414,620.9291194514774,0.9047869329978482,351.23655891899915,0.511804389495818,24.526680063679247,326.7098788553199,0.0,0.0,0.0,804.0,220.0,644.0,243.07088054852264,160.0,-2.842170943040401e-14,175.1905718834232,0,832.0,0,7,91,7,0,0,21,0,6628,992,25.62228723899898,runs/M5__promotion__seed119__origin1927
M5,promotion,119,1934,conventional,7,664.2513406538698,471.4287453931231,0.7097144055878943,978.7701493982722,1.4734936755036117,14.657173094539267,964.1129763037329,0.0,0.0,0.0,444.0,229.0,328.0,85.57125460687692,116.0,-2.842170943040401e-14,104.69409353242334,0,460.0,0,7,91,2,0,0,0,0,0,0,0.005846490996191278,runs/M5__promotion__seed119__origin1934
M5,promotion,119,1934,structured_planner,7,664.2513406538698,607.8004647906196,0.9150157893431098,308.5880058365805,0.46456512309454345,26.333626520330586,282.25437931625,0.0,0.0,0.0,781.0,229.0,591.0,212.19953520938034,190.0,8.526512829121202e-14,188.09733228807565,0,808.0,0,7,91,7,0,0,0,0,0,0,0.02586728300229879,runs/M5__promotion__seed119__origin1934
M5,promotion,119,1934,llm_agents,7,664.2513406538698,607.8004647906196,0.9150157893431098,308.50800583658054,0.46444468675500783,26.253626520330588,282.25437931625,0.0,0.0,0.0,775.0,229.0,587.0,208.19953520938034,188.0,8.526512829121202e-14,187.52590371664706,0,802.0,0,7,91,6,0,0,21,0,6626,991,26.141213262999372,runs/M5__promotion__seed119__origin1934
M5,promotion,120,1927,conventional,7,674.1609749742705,452.646450870574,0.6714219120853878,1119.447333924959,1.660504501862753,11.874713406476,1107.5726205184828,0.0,0.0,0.0,384.0,220.0,317.0,84.35354912942607,67.0,-4.263256414560601e-14,84.81938147482855,0,394.0,0,7,91,2,0,0,0,0,0,0,0.005440540007839445,runs/M5__promotion__seed120__origin1927
M5,promotion,120,1927,structured_planner,7,674.1609749742705,626.6811787105116,0.929572019107794,262.8675991763281,0.3899181485347183,25.468617857533175,237.39898131879494,0.0,0.0,0.0,778.0,220.0,635.0,228.31882128948845,143.0,-8.526512829121202e-14,181.9186989823798,0,792.0,0,7,91,7,0,0,0,0,0,0,0.025724867002281826,runs/M5__promotion__seed120__origin1927
M5,promotion,120,1927,llm_agents,7,674.1609749742705,626.6811787105116,0.929572019107794,262.8675991763281,0.3899181485347183,25.468617857533175,237.39898131879494,0.0,0.0,0.0,778.0,220.0,635.0,228.31882128948845,143.0,-8.526512829121202e-14,181.9186989823798,0,792.0,0,7,91,7,0,0,21,0,6667,992,26.049043168990465,runs/M5__promotion__seed120__origin1927
M5,promotion,120,1934,conventional,7,672.773092605189,475.3234293217925,0.7065137333022501,1002.6665873719851,1.4903488239836475,15.418270955002802,987.2483164169823,0.0,0.0,0.0,445.0,229.0,344.0,97.67657067820747,101.0,2.842170943040401e-14,110.13050682144856,0,458.0,0,7,91,2,0,0,0,0,0,0,0.00549949100241065,runs/M5__promotion__seed120__origin1934
M5,promotion,120,1934,structured_planner,7,672.773092605189,608.7767748760891,0.904876817410628,347.90371185632114,0.5171189449761264,27.922123210822054,319.9815886454991,0.0,0.0,0.0,774.0,229.0,621.0,241.22322512391085,153.0,2.842170943040401e-14,199.44373722015754,0,794.0,0,7,91,7,0,0,0,0,0,0,0.024809569993522018,runs/M5__promotion__seed120__origin1934
M5,promotion,120,1934,llm_agents,7,672.773092605189,608.7767748760891,0.904876817410628,347.90371185632114,0.5171189449761264,27.922123210822054,319.9815886454991,0.0,0.0,0.0,774.0,229.0,621.0,241.22322512391085,153.0,2.842170943040401e-14,199.44373722015754,0,794.0,0,7,91,7,0,0,21,0,6665,992,26.31913268599601,runs/M5__promotion__seed120__origin1934
M5,promotion,121,1927,conventional,7,683.9387421216318,437.47081836673965,0.6396345044143439,1243.829243348449,1.818626679181812,11.489624573988259,1232.3396187744606,0.0,0.0,0.0,377.0,220.0,306.0,88.52918163326034,71.0,1.4210854715202004e-14,82.06874695705896,0,398.0,0,7,91,2,0,0,0,0,0,0,0.005185676003748085,runs/M5__promotion__seed121__origin1927
M5,promotion,121,1927,structured_planner,7,683.9387421216318,628.0252552234083,0.9182478145268165,303.311724405621,0.44347791070399695,23.744289914503426,279.56743449111764,0.0,0.0,0.0,766.0,220.0,629.0,220.9747447765917,137.0,0.0,169.60207081788164,0,806.0,0,7,91,7,0,0,0,0,0,0,0.02539095900283428,runs/M5__promotion__seed121__origin1927
M5,promotion,121,1927,llm_agents,7,683.9387421216318,628.0252552234083,0.9182478145268165,303.311724405621,0.44347791070399695,23.744289914503426,279.56743449111764,0.0,0.0,0.0,766.0,220.0,629.0,220.9747447765917,137.0,0.0,169.60207081788164,0,806.0,0,7,91,7,0,0,21,0,6681,992,26.449861870998575,runs/M5__promotion__seed121__origin1927
M5,promotion,121,1934,conventional,7,668.8007855726642,460.6391526445208,0.6887539048718313,1054.733019359061,1.5770511071633093,13.924854718343939,1040.808164640717,0.0,0.0,0.0,411.0,229.0,317.0,85.36084735547918,94.0,4.263256414560601e-14,99.463247988171,0,428.0,0,7,91,2,0,0,0,0,0,0,0.005221740000706632,runs/M5__promotion__seed121__origin1934
M5,promotion,121,1934,structured_planner,7,668.8007855726642,610.1653464824379,0.9123274966849518,318.3259646454539,0.4759652971592813,25.14876919432283,293.17719545113107,0.0,0.0,0.0,772.0,229.0,588.0,206.834653517562,184.0,5.684341886080802e-14,179.6340656737345,0,800.0,0,7,91,7,0,0,0,0,0,0,0.02615269200032344,runs/M5__promotion__seed121__origin1934
M5,promotion,121,1934,llm_agents,7,668.8007855726642,610.1653464824379,0.9123274966849518,318.3259646454539,0.4759652971592813,25.14876919432283,293.17719545113107,0.0,0.0,0.0,772.0,229.0,588.0,206.834653517562,184.0,5.684341886080802e-14,179.6340656737345,0,800.0,0,7,91,7,0,0,21,0,6680,992,26.95573768900067,runs/M5__promotion__seed121__origin1934
M5,promotion,122,1927,conventional,7,685.2149479912244,434.12167344009464,0.6335554627241646,1266.911168259297,1.8489251759223477,11.44479550364792,1255.4663727556492,0.0,0.0,0.0,382.0,220.0,304.0,89.8783265599054,78.0,-4.263256414560601e-14,81.74853931177086,0,396.0,0,7,91,2,0,0,0,0,0,0,0.005376490007620305,runs/M5__promotion__seed122__origin1927
M5,promotion,122,1927,structured_planner,7,685.2149479912244,612.9588343554451,0.8945497119588455,384.90239069284155,0.5617250350728936,23.62182251394527,361.28056817889626,0.0,0.0,0.0,765.0,220.0,604.0,211.04116564455484,161.0,5.684341886080802e-14,168.72730367103762,0,788.0,0,7,91,7,0,0,0,0,0,0,0.026338771000155248,runs/M5__promotion__seed122__origin1927
M5,promotion,122,1927,llm_agents,7,685.2149479912244,612.9588343554451,0.8945497119588455,384.7423906928415,0.5614915317022082,23.461822513945265,361.28056817889626,0.0,0.0,0.0,763.0,220.0,596.0,203.04116564455484,167.0,5.684341886080802e-14,167.58444652818048,0,786.0,0,7,91,6,0,0,21,0,6628,991,25.342686178002623,runs/M5__promotion__seed122__origin1927
M5,promotion,122,1934,conventional,7,666.1840959239507,422.62085736022374,0.6343904934777498,1231.6630747960921,1.8488329011935682,13.846881977456949,1217.8161928186353,0.0,0.0,0.0,399.0,229.0,277.0,83.37914263977629,122.0,-2.842170943040401e-14,98.9062998389782,0,420.0,0,7,91,2,0,0,0,0,0,0,0.005299657008436043,runs/M5__promotion__seed122__origin1934
M5,promotion,122,1934,structured_planner,7,666.1840959239507,597.7216239971195,0.8972319027942591,367.4964839236218,0.5516440367942586,25.18412428946599,342.31235963415577,0.0,0.0,0.0,763.0,229.0,569.0,200.2783760028804,194.0,5.684341886080802e-14,179.88660206761418,0,790.0,0,7,91,7,0,0,0,0,0,0,0.024790912997559644,runs/M5__promotion__seed122__origin1934
M5,promotion,122,1934,llm_agents,7,666.1840959239507,597.7216239971195,0.8972319027942591,367.4964839236218,0.5516440367942586,25.18412428946599,342.31235963415577,0.0,0.0,0.0,763.0,229.0,569.0,200.2783760028804,194.0,5.684341886080802e-14,179.88660206761418,0,790.0,0,7,91,7,0,0,21,0,6626,992,25.760649597003066,runs/M5__promotion__seed122__origin1934
M5,promotion,123,1927,conventional,7,690.2707224262778,451.5769124104532,0.6542026160738441,1204.4113011035931,1.7448390348501657,10.942251024469863,1193.4690500791232,0.0,0.0,0.0,387.0,220.0,317.0,85.42308758954681,70.0,0.0,78.15893588907043,0,412.0,0,7,91,2,0,0,0,0,0,0,0.004971655012923293,runs/M5__promotion__seed123__origin1927
M5,promotion,123,1927,structured_planner,7,690.2707224262778,630.2632817208763,0.9130668029864031,324.16453560340864,0.4696194189780808,24.127332076401498,300.03720352700714,0.0,0.0,0.0,772.0,220.0,641.0,230.73671827912352,131.0,1.7053025658242404e-13,172.3380862600107,0,804.0,0,7,91,7,0,0,0,0,0,0,0.024866744002792984,runs/M5__promotion__seed123__origin1927
M5,promotion,123,1927,llm_agents,7,690.2707224262778,630.2632817208763,0.9130668029864031,324.16453560340864,0.4696194189780808,24.127332076401498,300.03720352700714,0.0,0.0,0.0,772.0,220.0,641.0,230.73671827912352,131.0,1.7053025658242404e-13,172.3380862600107,0,804.0,0,7,91,7,0,0,21,0,6665,1026,27.092601541997283,runs/M5__promotion__seed123__origin1927
M5,promotion,123,1934,conventional,7,672.5689695246153,475.9396315114901,0.7076443503599242,997.6600981728434,1.483357311114143,14.51340810721812,983.1466900656253,0.0,0.0,0.0,427.0,229.0,327.0,80.06036848850985,100.0,2.842170943040401e-14,103.66720076584372,0,456.0,0,7,91,2,0,0,0,0,0,0,0.005783144020824693,runs/M5__promotion__seed123__origin1934
M5,promotion,123,1934,structured_planner,7,672.5689695246153,608.1732190004882,0.9042540565473258,349.4091422388694,0.519514217978029,27.430389618234116,321.97875262063525,0.0,0.0,0.0,751.0,229.0,617.0,237.8267809995118,134.0,0.0,195.93135441595797,0,782.0,0,7,91,7,0,0,0,0,0,0,0.059030080010415986,runs/M5__promotion__seed123__origin1934
M5,promotion,123,1934,llm_agents,7,672.5689695246153,608.1732190004882,0.9042540565473258,349.4091422388694,0.519514217978029,27.430389618234116,321.97875262063525,0.0,0.0,0.0,725.0,229.0,617.0,237.8267809995118,108.0,0.0,195.93135441595797,0,756.0,0,7,91,6,0,0,21,0,6665,991,27.613653335014533,runs/M5__promotion__seed123__origin1934
M5,promotion,124,1927,conventional,7,686.5419593900909,458.02860118734725,0.6671531068461569,1153.8435725494735,1.680659946224588,11.276781535755322,1142.566791013718,0.0,0.0,0.0,388.0,220.0,318.0,79.97139881265275,70.0,0.0,80.54843954110945,0,406.0,0,7,91,2,0,0,0,0,0,0,0.00528208700416144,runs/M5__promotion__seed124__origin1927
M5,promotion,124,1927,structured_planner,7,686.5419593900909,643.8285674662471,0.93778473210612,237.25856223656123,0.34558494057280437,23.691602617342514,213.5669596192187,0.0,0.0,0.0,786.0,220.0,653.0,229.17143253375286,133.0,0.0,169.22573298101796,0,820.0,0,7,91,7,0,0,0,0,0,0,0.023695906995271798,runs/M5__promotion__seed124__origin1927
M5,promotion,124,1927,llm_agents,7,686.5419593900909,643.8285674662471,0.93778473210612,236.99856223656124,0.3452062310177016,23.431602617342516,213.5669596192187,0.0,0.0,0.0,776.0,220.0,640.0,216.17143253375286,136.0,0.0,167.3685901238751,0,810.0,0,7,91,6,0,0,21,0,6680,991,26.904990509996423,runs/M5__promotion__seed124__origin1927
M5,promotion,124,1934,conventional,7,668.9305318075271,465.17981109493684,0.6954082508956013,1032.9020064836957,1.5441095261307267,14.148402920743928,1018.7536035629516,0.0,0.0,0.0,435.0,229.0,325.0,88.82018890506316,110.0,0.0,101.06002086245664,0,460.0,0,7,91,2,0,0,0,0,0,0,0.005179334992135409,runs/M5__promotion__seed124__origin1934
M5,promotion,124,1934,structured_planner,7,668.9305318075271,595.3817533660252,0.8900501996182404,394.4757851946638,0.5897111380590521,26.731892987154048,367.74389220750976,0.0,0.0,0.0,753.0,229.0,601.0,234.61824663397476,152.0,0.0,190.942092765386,0,784.0,0,7,91,7,0,0,0,0,0,0,0.023895552003523335,runs/M5__promotion__seed124__origin1934
M5,promotion,124,1934,llm_agents,7,668.9305318075271,595.3817533660252,0.8900501996182404,394.4757851946638,0.5897111380590521,26.731892987154048,367.74389220750976,0.0,0.0,0.0,753.0,229.0,601.0,234.61824663397476,152.0,0.0,190.942092765386,0,784.0,0,7,91,7,0,0,21,0,6680,992,25.474938392006152,runs/M5__promotion__seed124__origin1934
M5,promotion,125,1927,conventional,7,690.1091071052483,441.35752995133123,0.6395474648967644,1254.661425084052,1.818062408054418,10.903539314466888,1243.757885769585,0.0,0.0,0.0,359.0,220.0,301.0,79.64247004866883,58.0,-5.684341886080802e-14,77.88242367476349,0,388.0,0,7,91,2,0,0,0,0,0,0,0.004859245003899559,runs/M5__promotion__seed125__origin1927
M5,promotion,125,1927,structured_planner,7,690.1091071052483,623.4650371904448,0.9034296617322576,356.5407990358296,0.5166441007152999,23.32044946181217,333.2203495740174,0.0,0.0,0.0,765.0,220.0,622.0,218.53496280955525,143.0,-8.526512829121202e-14,166.5746390129441,0,812.0,0,7,91,7,0,0,0,0,0,0,0.08737298699270468,runs/M5__promotion__seed125__origin1927
M5,promotion,125,1927,llm_agents,7,690.1091071052483,623.4650371904448,0.9034296617322576,356.5407990358296,0.5166441007152999,23.32044946181217,333.2203495740174,0.0,0.0,0.0,765.0,220.0,622.0,218.53496280955525,143.0,-8.526512829121202e-14,166.5746390129441,0,812.0,0,7,91,7,0,0,21,0,6628,992,27.428487575998588,runs/M5__promotion__seed125__origin1927
M5,promotion,125,1934,conventional,7,674.7909904659996,459.0990041426995,0.6803573412052424,1092.2160830981961,1.6185990899847813,13.756151481696143,1078.4599316165,0.0,0.0,0.0,411.0,229.0,311.0,80.90099585730046,100.0,1.4210854715202004e-14,98.25822486925816,0,448.0,0,7,91,2,0,0,0,0,0,0,0.005031811007938813,runs/M5__promotion__seed125__origin1934
M5,promotion,125,1934,structured_planner,7,674.7909904659996,597.8168855806599,0.8859289676760761,411.4081703214939,0.6096823699993122,26.537645894795936,384.870524426698,0.0,0.0,0.0,743.0,229.0,593.0,224.18311441934003,150.0,5.684341886080802e-14,189.5546135342567,0,786.0,0,7,91,7,0,0,0,0,0,0,0.06427155397977913,runs/M5__promotion__seed125__origin1934
M5,promotion,125,1934,llm_agents,7,674.7909904659996,590.8168855806599,0.8755553851906818,445.92817032149395,0.660838951055857,26.05764589479594,419.870524426698,0.0,0.0,0.0,736.0,229.0,572.0,210.18311441934003,164.0,5.684341886080802e-14,186.12604210568526,0,778.0,0,7,91,6,0,0,21,0,6628,991,25.12440379399777,runs/M5__promotion__seed125__origin1934
M5,promotion,126,1927,conventional,7,672.5226593790433,445.3804253655471,0.6622534113226428,1147.7198530151452,1.7065891193537823,12.008682947664765,1135.7111700674802,0.0,0.0,0.0,370.0,220.0,312.0,86.61957463445283,58.0,4.263256414560601e-14,85.77630676903402,0,376.0,0,7,91,2,0,0,0,0,0,0,0.005143897004018072,runs/M5__promotion__seed126__origin1927
M5,promotion,126,1927,structured_planner,7,672.5226593790433,609.2012841306407,0.905844993673717,341.3132318419511,0.5075118690529982,24.706355599938604,316.60687624201245,0.0,0.0,0.0,754.0,220.0,606.0,216.79871586935926,148.0,2.842170943040401e-14,176.47396857099002,0,766.0,0,7,91,7,0,0,0,0,0,0,0.026130014994123485,runs/M5__promotion__seed126__origin1927
M5,promotion,126,1927,llm_agents,7,672.5226593790433,609.2012841306407,0.905844993673717,341.3132318419511,0.5075118690529982,24.706355599938604,316.60687624201245,0.0,0.0,0.0,754.0,220.0,606.0,216.79871586935926,148.0,2.842170943040401e-14,176.47396857099002,0,766.0,0,7,91,7,0,0,21,0,6666,992,26.133607767005742,runs/M5__promotion__seed126__origin1927
M5,promotion,126,1934,conventional,7,658.9784782149553,446.48137170864516,0.6775355895052544,1077.2792224206146,1.6347714804567741,14.793689889064169,1062.4855325315505,0.0,0.0,0.0,420.0,229.0,318.0,100.51862829135479,102.0,5.684341886080802e-14,105.66921349331548,0,428.0,0,7,91,2,0,0,0,0,0,0,0.005412266997154802,runs/M5__promotion__seed126__origin1934
M5,promotion,126,1934,structured_planner,7,658.9784782149553,575.0122319628817,0.8725812010135418,446.48497356315966,0.6775410553203508,26.653742302791592,419.83123126036804,0.0,0.0,0.0,746.0,229.0,588.0,241.9877680371183,158.0,-2.842170943040401e-14,190.3838735913685,0,756.0,0,7,91,7,0,0,0,0,0,0,0.02451492999534821,runs/M5__promotion__seed126__origin1934
M5,promotion,126,1934,llm_agents,7,658.9784782149553,575.0122319628817,0.8725812010135418,446.48497356315966,0.6775410553203508,26.653742302791592,419.83123126036804,0.0,0.0,0.0,746.0,229.0,588.0,241.9877680371183,158.0,-2.842170943040401e-14,190.3838735913685,0,756.0,0,7,91,7,0,0,21,0,6664,992,26.275230122009816,runs/M5__promotion__seed126__origin1934
M5,promotion,127,1927,conventional,7,673.6395616583487,433.9354682339793,0.6441656531658088,1210.5093763402886,1.7969689508144198,11.988909218441169,1198.5204671218473,0.0,0.0,0.0,366.0,220.0,304.0,90.06453176602068,62.0,2.842170943040401e-14,85.63506584600836,0,382.0,0,7,91,2,0,0,0,0,0,0,0.005092438004794531,runs/M5__promotion__seed127__origin1927
M5,promotion,127,1927,structured_planner,7,673.6395616583487,607.3414670063942,0.9015822430488738,356.3134030743814,0.5289377633896949,24.822929814608464,331.490473259773,0.0,0.0,0.0,742.0,220.0,617.0,229.65853299360583,125.0,0.0,177.3066415329176,0,784.0,0,7,91,7,0,0,0,0,0,0,0.024315130009199493,runs/M5__promotion__seed127__origin1927
M5,promotion,127,1927,llm_agents,7,673.6395616583487,607.3414670063942,0.9015822430488738,356.3134030743814,0.5289377633896949,24.822929814608464,331.490473259773,0.0,0.0,0.0,742.0,220.0,617.0,229.65853299360583,125.0,0.0,177.3066415329176,0,784.0,0,7,91,7,0,0,21,0,6680,992,26.39333125399571,runs/M5__promotion__seed127__origin1927
M5,promotion,127,1934,conventional,7,654.6658516126458,435.64843076839315,0.6654515883106709,1109.5576244849722,1.6948457319895123,14.470520263708735,1095.0871042212636,0.0,0.0,0.0,388.0,229.0,294.0,87.35156923160685,94.0,0.0,103.36085902649096,0,406.0,0,7,91,2,0,0,0,0,0,0,0.005054322013165802,runs/M5__promotion__seed127__origin1934
M5,promotion,127,1934,structured_planner,7,654.6658516126458,591.1821519374173,0.9030288512546539,344.44561276481875,0.5261395747408268,27.027114388676207,317.41849837614257,0.0,0.0,0.0,742.0,229.0,594.0,231.81784806258267,148.0,2.842170943040401e-14,193.05081706197294,0,780.0,0,7,91,7,0,0,0,0,0,0,0.023759940988384187,runs/M5__promotion__seed127__origin1934
M5,promotion,127,1934,llm_agents,7,654.6658516126458,591.1821519374173,0.9030288512546539,344.44561276481875,0.5261395747408268,27.027114388676207,317.41849837614257,0.0,0.0,0.0,720.0,229.0,594.0,231.81784806258267,126.0,2.842170943040401e-14,193.05081706197294,0,758.0,0,7,91,6,0,0,21,0,6679,991,25.993708853995486,runs/M5__promotion__seed127__origin1934
M5,promotion,128,1927,conventional,7,673.5813175706518,440.8306644572277,0.654457974052983,1175.5052402226825,1.7451571318252663,11.751974655563215,1163.7532655671193,0.0,0.0,0.0,373.0,220.0,315.0,94.16933554277223,58.0,4.263256414560601e-14,83.94267611116584,0,382.0,0,7,91,2,0,0,0,0,0,0,0.005250650006928481,runs/M5__promotion__seed128__origin1927
M5,promotion,128,1927,structured_planner,7,673.5813175706518,623.8294773249573,0.9261383311147492,272.02558089219644,0.40384965229333836,23.26637966372507,248.75920122847137,0.0,0.0,0.0,773.0,220.0,619.0,215.17052267504263,154.0,2.842170943040401e-14,166.18842616946478,0,804.0,0,7,91,7,0,0,0,0,0,0,0.026933768996968865,runs/M5__promotion__seed128__origin1927
M5,promotion,128,1927,llm_agents,7,673.5813175706518,623.8294773249573,0.9261383311147492,272.02558089219644,0.40384965229333836,23.26637966372507,248.75920122847137,0.0,0.0,0.0,773.0,220.0,619.0,215.17052267504263,154.0,2.842170943040401e-14,166.18842616946478,0,804.0,0,7,91,7,0,0,21,0,6629,992,26.036619324011554,runs/M5__promotion__seed128__origin1927
M5,promotion,128,1934,conventional,7,669.9011726802852,446.07992178416475,0.6658891489910249,1133.6887577518623,1.6923223961766714,14.582503271260164,1119.1062544806023,0.0,0.0,0.0,399.0,229.0,317.0,99.92007821583523,82.0,1.4210854715202004e-14,104.16073765185831,0,404.0,0,7,91,2,0,0,0,0,0,0,0.0053883659857092425,runs/M5__promotion__seed128__origin1934
M5,promotion,128,1934,structured_planner,7,669.9011726802852,616.2850671810988,0.9199641563774736,294.2754656070357,0.4392819084487267,26.1949381111037,268.08052749593196,0.0,0.0,0.0,770.0,229.0,617.0,229.71493281890113,153.0,2.842170943040401e-14,187.10670079359787,0,800.0,0,7,91,7,0,0,0,0,0,0,0.02511396200134186,runs/M5__promotion__seed128__origin1934
M5,promotion,128,1934,llm_agents,7,669.9011726802852,616.2850671810988,0.9199641563774736,294.2754656070357,0.4392819084487267,26.1949381111037,268.08052749593196,0.0,0.0,0.0,770.0,229.0,617.0,229.71493281890113,153.0,2.842170943040401e-14,187.10670079359787,0,800.0,0,7,91,7,0,0,21,0,6626,992,25.96956133597996,runs/M5__promotion__seed128__origin1934
M5,promotion,129,1927,conventional,7,686.7224570737579,443.3755380989553,0.6456400741403658,1228.2806888526204,1.7886129632144767,11.546093978607331,1216.7345948740133,0.0,0.0,0.0,385.0,220.0,323.0,99.62446190104473,62.0,-2.842170943040401e-14,82.47209984719521,0,396.0,0,7,91,2,0,0,0,0,0,0,0.005386601995269302,runs/M5__promotion__seed129__origin1927
M5,promotion,129,1927,structured_planner,7,686.7224570737579,625.0257068933893,0.9101576633400499,332.2466218159532,0.4838149945346377,23.762870914109754,308.48375090184345,0.0,0.0,0.0,773.0,220.0,608.0,202.97429310661073,165.0,0.0,169.7347922436411,0,814.0,0,7,91,7,0,0,0,0,0,0,0.027313457998388913,runs/M5__promotion__seed129__origin1927
M5,promotion,129,1927,llm_agents,7,686.7224570737579,625.0257068933893,0.9101576633400499,332.2466218159532,0.4838149945346377,23.762870914109754,308.48375090184345,0.0,0.0,0.0,753.0,220.0,608.0,202.97429310661073,145.0,0.0,169.7347922436411,0,794.0,0,7,91,6,0,0,21,0,6665,991,25.60354365198873,runs/M5__promotion__seed129__origin1927
M5,promotion,129,1934,conventional,7,679.9499659765701,469.9189830923325,0.6911081794340808,1064.420985485559,1.5654401628755095,14.266071064371419,1050.1549144211876,0.0,0.0,0.0,430.0,229.0,330.0,89.08101690766745,100.0,5.684341886080802e-14,101.90050760265298,0,446.0,0,7,91,2,0,0,0,0,0,0,0.005486732006829698,runs/M5__promotion__seed129__origin1934
M5,promotion,129,1934,structured_planner,7,679.9499659765701,599.4205392996925,0.8815656582007204,429.5617305822523,0.6317549115033771,26.91459719786447,402.64713338438787,0.0,0.0,0.0,739.0,229.0,597.0,226.57946070030752,142.0,2.842170943040401e-14,192.24712284188905,0,776.0,0,7,91,7,0,0,0,0,0,0,0.025906232003762852,runs/M5__promotion__seed129__origin1934
M5,promotion,129,1934,llm_agents,7,679.9499659765701,599.4205392996925,0.8815656582007204,429.5617305822523,0.6317549115033771,26.91459719786447,402.64713338438787,0.0,0.0,0.0,739.0,229.0,597.0,226.57946070030752,142.0,2.842170943040401e-14,192.24712284188905,0,776.0,0,7,91,7,0,0,21,0,6663,992,26.105788774992106,runs/M5__promotion__seed129__origin1934
M5,promotion,130,1927,conventional,7,690.9417221871273,444.5858222760694,0.6434490898433001,1243.6423101733844,1.7999235973718917,11.862810618094759,1231.7794995552897,0.0,0.0,0.0,387.0,220.0,321.0,96.41417772393064,66.0,-2.842170943040401e-14,84.7343615578197,0,402.0,0,7,91,2,0,0,0,0,0,0,0.005028951993153896,runs/M5__promotion__seed130__origin1927
M5,promotion,130,1927,structured_planner,7,690.9417221871273,636.928226696174,0.9218262644207135,294.6595082430308,0.42646072567496274,24.592030788264033,270.0674774547668,0.0,0.0,0.0,790.0,220.0,646.0,229.07177330382603,144.0,0.0,175.65736277331453,0,808.0,0,7,91,7,0,0,0,0,0,0,0.06356906199653167,runs/M5__promotion__seed130__origin1927
M5,promotion,130,1927,llm_agents,7,690.9417221871273,636.928226696174,0.9218262644207135,294.6595082430308,0.42646072567496274,24.592030788264033,270.0674774547668,0.0,0.0,0.0,790.0,220.0,646.0,229.07177330382603,144.0,0.0,175.65736277331453,0,808.0,0,7,91,7,0,0,21,0,6681,992,25.949233567997,runs/M5__promotion__seed130__origin1927
M5,promotion,130,1934,conventional,7,675.371169441086,453.16376936076244,0.670984770842062,1125.1543821395692,1.6659792911662314,14.117381737951787,1111.0370004016174,0.0,0.0,0.0,419.0,229.0,304.0,79.83623063923757,115.0,-1.4210854715202004e-14,100.8384409853699,0,438.0,0,7,91,2,0,0,0,0,0,0,0.005220498009293806,runs/M5__promotion__seed130__origin1934
M5,promotion,130,1934,structured_planner,7,675.371169441086,617.8447013990389,0.9148224403928079,314.1725791509913,0.4651850617357412,26.540238940755554,287.6323402102357,0.0,0.0,0.0,776.0,229.0,603.0,214.1552986009612,173.0,-5.684341886080802e-14,189.5731352911111,0,804.0,0,7,91,7,0,0,0,0,0,0,0.02498924399696989,runs/M5__promotion__seed130__origin1934
M5,promotion,130,1934,llm_agents,7,675.371169441086,617.8447013990389,0.9148224403928079,314.1725791509913,0.4651850617357412,26.540238940755554,287.6323402102357,0.0,0.0,0.0,776.0,229.0,603.0,214.1552986009612,173.0,-5.684341886080802e-14,189.5731352911111,0,804.0,0,7,91,7,0,0,21,0,6681,992,24.64880294300383,runs/M5__promotion__seed130__origin1934
M5,routine,101,1927,conventional,7,552.3857230240428,411.5063140662584,0.7449618933187877,716.1338839483966,1.2964380759660339,11.736839159474702,704.3970447889219,0.0,0.0,0.0,333.0,220.0,269.0,77.49368593374156,64.0,1.4210854715202004e-14,83.83456542481927,0,340.0,0,7,91,7,0,0,0,0,0,0,0.004983682003512513,runs/M5__routine__seed101__origin1927
M5,routine,101,1927,structured_planner,7,552.3857230240428,508.7913625492464,0.9210798565970559,240.78846592752947,0.435906389124849,22.816663553547325,217.97180237398214,0.0,0.0,0.0,592.0,220.0,482.0,193.20863745075363,110.0,-2.842170943040401e-14,162.97616823962375,0,630.0,0,7,91,7,0,0,0,0,0,0,0.028236982005182654,runs/M5__routine__seed101__origin1927
M5,routine,101,1927,llm_agents,7,552.3857230240428,508.7913625492464,0.9210798565970559,240.78846592752947,0.435906389124849,22.816663553547325,217.97180237398214,0.0,0.0,0.0,592.0,220.0,482.0,193.20863745075363,110.0,-2.842170943040401e-14,162.97616823962375,0,630.0,0,7,91,7,0,0,21,0,6622,987,25.573718231004023,runs/M5__routine__seed101__origin1927
M5,routine,101,1934,conventional,7,536.8393048205708,392.68435442677514,0.7314746720306239,734.9928860929749,1.3691115376483725,14.218134123996997,720.7747519689779,0.0,0.0,0.0,330.0,229.0,252.0,88.31564557322481,78.0,4.263256414560601e-14,101.55810088569281,0,356.0,0,7,91,7,0,0,0,0,0,0,0.004752260007080622,runs/M5__routine__seed101__origin1934
M5,routine,101,1934,structured_planner,7,536.8393048205708,487.840928110989,0.9087280378511804,270.4795499997273,0.5038370841533862,25.487666451818374,244.99188354790886,0.0,0.0,0.0,577.0,229.0,437.0,178.15907188901102,140.0,-2.842170943040401e-14,182.05476037013128,0,606.0,0,7,91,7,0,0,0,0,0,0,0.02242955100518884,runs/M5__routine__seed101__origin1934
M5,routine,101,1934,llm_agents,7,536.8393048205708,487.840928110989,0.9087280378511804,270.4795499997273,0.5038370841533862,25.487666451818374,244.99188354790886,0.0,0.0,0.0,577.0,229.0,437.0,178.15907188901102,140.0,-2.842170943040401e-14,182.05476037013128,0,606.0,0,7,91,7,0,0,21,0,6622,987,25.266417833991,runs/M5__routine__seed101__origin1934
M5,routine,102,1927,conventional,7,559.666254645751,383.6978849775686,0.6855833843697363,891.2052943041547,1.592387046576993,11.363445963242432,879.8418483409121,0.0,0.0,0.0,315.0,220.0,234.0,70.30211502243144,81.0,-4.263256414560601e-14,81.16747116601736,0,334.0,0,7,91,7,0,0,0,0,0,0,0.00496648000262212,runs/M5__routine__seed102__origin1927
M5,routine,102,1927,structured_planner,7,559.666254645751,510.87488794937485,0.9128206028300574,266.5939960018085,0.47634459606744217,22.63716251992756,243.95683348188095,0.0,0.0,0.0,585.0,220.0,487.0,196.1251120506252,98.0,-5.684341886080802e-14,161.69401799948255,0,614.0,0,7,91,7,0,0,0,0,0,0,0.02247827000246616,runs/M5__routine__seed102__origin1927
M5,routine,102,1927,llm_agents,7,559.666254645751,510.87488794937485,0.9128206028300574,266.5939960018085,0.47634459606744217,22.63716251992756,243.95683348188095,0.0,0.0,0.0,585.0,220.0,487.0,196.1251120506252,98.0,-5.684341886080802e-14,161.69401799948255,0,614.0,0,7,91,7,0,0,21,0,6660,987,25.74664335800844,runs/M5__routine__seed102__origin1927
M5,routine,102,1934,conventional,7,535.9624942441267,390.45244543285355,0.7285070310442386,742.8470445704144,1.3860056488058163,15.296800514049089,727.5502440563652,0.0,0.0,0.0,342.0,229.0,264.0,102.5475545671464,78.0,4.263256414560601e-14,109.26286081463635,0,360.0,0,7,91,7,0,0,0,0,0,0,0.005035913996835006,runs/M5__routine__seed102__origin1934
M5,routine,102,1934,structured_planner,7,535.9624942441267,484.8643631940961,0.9046609947546893,280.5756844076427,0.5234987287745599,25.085029157490116,255.4906552501526,0.0,0.0,0.0,580.0,229.0,439.0,183.1356368059039,141.0,0.0,179.17877969635796,0,610.0,0,7,91,7,0,0,0,0,0,0,0.022853841001051478,runs/M5__routine__seed102__origin1934
M5,routine,102,1934,llm_agents,7,535.9624942441267,484.8643631940961,0.9046609947546893,280.5756844076427,0.5234987287745599,25.085029157490116,255.4906552501526,0.0,0.0,0.0,580.0,229.0,439.0,183.1356368059039,141.0,0.0,179.17877969635796,0,610.0,0,7,91,7,0,0,21,0,6659,987,25.36298218900265,runs/M5__routine__seed102__origin1934
M5,routine,103,1927,conventional,7,562.5452013262475,391.01014005508307,0.6950732832370516,869.2370540169491,1.5451861503176096,11.561747661127285,857.6753063558219,0.0,0.0,0.0,296.0,220.0,256.0,84.98985994491692,40.0,1.4210854715202004e-14,82.58391186519489,0,306.0,0,7,91,7,0,0,0,0,0,0,0.004953563002345618,runs/M5__routine__seed103__origin1927
M5,routine,103,1927,structured_planner,7,562.5452013262475,530.8196004665286,0.9436034637129193,181.6467813657311,0.3229016636129569,23.018777067136938,158.62800429859422,0.0,0.0,0.0,605.0,220.0,501.0,190.18039953347133,104.0,2.842170943040401e-14,164.41983619383524,0,628.0,0,7,91,7,0,0,0,0,0,0,0.021374757005105494,runs/M5__routine__seed103__origin1927
M5,routine,103,1927,llm_agents,7,562.5452013262475,530.8196004665286,0.9436034637129193,181.6467813657311,0.3229016636129569,23.018777067136938,158.62800429859422,0.0,0.0,0.0,605.0,220.0,501.0,190.18039953347133,104.0,2.842170943040401e-14,164.41983619383524,0,628.0,0,7,91,7,0,0,21,0,6677,1021,25.775933951998013,runs/M5__routine__seed103__origin1927
M5,routine,103,1934,conventional,7,536.2269032388,403.38363382648316,0.7522629532200901,679.001685947732,1.2662581490159763,14.785338886147887,664.2163470615842,0.0,0.0,0.0,338.0,229.0,249.0,74.61636617351688,89.0,-4.263256414560601e-14,105.6095634724849,0,352.0,0,7,91,7,0,0,0,0,0,0,0.009522080999886384,runs/M5__routine__seed103__origin1934
M5,routine,103,1934,structured_planner,7,536.2269032388,500.61093842767116,0.9335804216535778,203.7531642518523,0.37997564654288546,25.673340196208006,178.07982405564428,0.0,0.0,0.0,585.0,229.0,430.0,158.3890615723289,155.0,-5.684341886080802e-14,183.38100140148578,0,618.0,0,7,91,7,0,0,0,0,0,0,0.025844038002105663,runs/M5__routine__seed103__origin1934
M5,routine,103,1934,llm_agents,7,536.2269032388,500.61093842767116,0.9335804216535778,203.7531642518523,0.37997564654288546,25.673340196208006,178.07982405564428,0.0,0.0,0.0,585.0,229.0,430.0,158.3890615723289,155.0,-5.684341886080802e-14,183.38100140148578,0,618.0,0,7,91,7,0,0,21,0,6675,987,25.44508798899915,runs/M5__routine__seed103__origin1934
M5,routine,104,1927,conventional,7,554.222477206778,410.52426728230427,0.7407210717098712,729.9793209368468,1.317123269008981,11.488271314477972,718.4910496223688,0.0,0.0,0.0,332.0,220.0,270.0,79.4757327176957,62.0,2.842170943040401e-14,82.05908081769978,0,344.0,0,7,91,7,0,0,0,0,0,0,0.005151133991603274,runs/M5__routine__seed104__origin1927
M5,routine,104,1927,structured_planner,7,554.222477206778,510.36101371384353,0.920859464751427,241.13777901618434,0.43509202339012476,21.83046155151183,219.3073174646725,0.0,0.0,0.0,578.0,220.0,494.0,203.63898628615647,84.0,0.0,155.93186822508451,0,610.0,0,7,91,7,0,0,0,0,0,0,0.023334435998549452,runs/M5__routine__seed104__origin1927
M5,routine,104,1927,llm_agents,7,554.222477206778,510.36101371384353,0.920859464751427,241.13777901618434,0.43509202339012476,21.83046155151183,219.3073174646725,0.0,0.0,0.0,578.0,220.0,494.0,203.63898628615647,84.0,0.0,155.93186822508451,0,610.0,0,7,91,7,0,0,21,0,6623,987,25.17198059799921,runs/M5__routine__seed104__origin1927
M5,routine,104,1934,conventional,7,528.263732242698,386.97694281362755,0.7325449755385447,721.2731067252556,1.365365560234758,14.839159579903843,706.4339471453518,0.0,0.0,0.0,326.0,229.0,250.0,92.02305718637245,76.0,0.0,105.99399699931317,0,338.0,0,7,91,7,0,0,0,0,0,0,0.005268747994705336,runs/M5__routine__seed104__origin1934
M5,routine,104,1934,structured_planner,7,528.263732242698,487.3467788120827,0.9225444585095669,229.57779041913602,0.43458934696213836,24.993023266059925,204.5847671530761,0.0,0.0,0.0,571.0,229.0,426.0,167.65322118791732,145.0,0.0,178.52159475757088,0,596.0,0,7,91,7,0,0,0,0,0,0,0.02280944499580073,runs/M5__routine__seed104__origin1934
M5,routine,104,1934,llm_agents,7,528.263732242698,487.3467788120827,0.9225444585095669,229.57779041913602,0.43458934696213836,24.993023266059925,204.5847671530761,0.0,0.0,0.0,571.0,229.0,426.0,167.65322118791732,145.0,0.0,178.52159475757088,0,596.0,0,7,91,7,0,0,21,0,6622,987,24.594909497998742,runs/M5__routine__seed104__origin1934
M5,routine,105,1927,conventional,7,562.3800752244348,411.39632614851496,0.7315272077950749,767.0566009801208,1.3639469724705373,12.137855600521675,754.918745379599,0.0,0.0,0.0,331.0,220.0,279.0,87.60367385148504,52.0,0.0,86.69896857515482,0,348.0,0,7,91,7,0,0,0,0,0,0,0.00533904499388882,runs/M5__routine__seed105__origin1927
M5,routine,105,1927,structured_planner,7,562.3800752244348,512.3863362498895,0.9111032890797317,273.5807770616392,0.48646954099940065,23.612082188912506,249.9686948727267,0.0,0.0,0.0,593.0,220.0,501.0,208.61366375011062,92.0,-1.1368683772161603e-13,168.65772992080363,0,636.0,0,7,91,7,0,0,0,0,0,0,0.023323057001107372,runs/M5__routine__seed105__origin1927
M5,routine,105,1927,llm_agents,7,562.3800752244348,512.3863362498895,0.9111032890797317,273.5807770616392,0.48646954099940065,23.612082188912506,249.9686948727267,0.0,0.0,0.0,593.0,220.0,501.0,208.61366375011062,92.0,-1.1368683772161603e-13,168.65772992080363,0,636.0,0,7,91,7,0,0,21,0,6662,987,25.08000279800399,runs/M5__routine__seed105__origin1927
M5,routine,105,1934,conventional,7,541.7951720566374,405.91055557902905,0.7491955936746453,694.1586540880796,1.2812197115988968,14.735571700037752,679.4230823880418,0.0,0.0,0.0,324.0,229.0,258.0,81.08944442097098,66.0,-2.842170943040401e-14,105.25408357169822,0,354.0,0,7,91,7,0,0,0,0,0,0,0.0051202810027461965,runs/M5__routine__seed105__origin1934
M5,routine,105,1934,structured_planner,7,541.7951720566374,493.3113411325234,0.9105126191138417,267.762305418297,0.49421316251652764,25.343150797727517,242.4191546205695,0.0,0.0,0.0,564.0,229.0,450.0,185.6886588674765,114.0,8.526512829121202e-14,181.0225056980537,0,602.0,0,7,91,7,0,0,0,0,0,0,0.021978490996843902,runs/M5__routine__seed105__origin1934
M5,routine,105,1934,llm_agents,7,541.7951720566374,493.3113411325234,0.9105126191138417,267.762305418297,0.49421316251652764,25.343150797727517,242.4191546205695,0.0,0.0,0.0,564.0,229.0,450.0,185.6886588674765,114.0,8.526512829121202e-14,181.0225056980537,0,602.0,0,7,91,7,0,0,21,0,6658,987,25.19446498999605,runs/M5__routine__seed105__origin1934
M5,routine,106,1927,conventional,7,564.2456758673193,394.6050084883151,0.699349636808037,859.5709550342162,1.523398391512604,11.367618139195221,848.203336895021,0.0,0.0,0.0,339.0,220.0,247.0,72.39499151168489,92.0,1.4210854715202004e-14,81.19727242282299,0,372.0,0,7,91,7,0,0,0,0,0,0,0.005360172988730483,runs/M5__routine__seed106__origin1927
M5,routine,106,1927,structured_planner,7,564.2456758673193,510.832561803268,0.9053371317698654,289.5027973470279,0.5130793371203498,22.437227026771595,267.06557032025626,0.0,0.0,0.0,564.0,220.0,472.0,181.16743819673198,92.0,2.842170943040401e-14,160.2659073340828,0,600.0,0,7,91,7,0,0,0,0,0,0,0.023376206001557875,runs/M5__routine__seed106__origin1927
M5,routine,106,1927,llm_agents,7,564.2456758673193,510.832561803268,0.9053371317698654,289.5027973470279,0.5130793371203498,22.437227026771595,267.06557032025626,0.0,0.0,0.0,564.0,220.0,472.0,181.16743819673198,92.0,2.842170943040401e-14,160.2659073340828,0,600.0,0,7,91,7,0,0,21,0,6676,987,25.75292806699872,runs/M5__routine__seed106__origin1927
M5,routine,106,1934,conventional,7,544.8668860610645,360.8853848080581,0.6623367909489968,933.9452843401482,1.7140797288890093,14.037778075116057,919.9075062650321,0.0,0.0,0.0,324.0,229.0,208.0,76.11461519194182,116.0,5.684341886080802e-14,100.26984339368612,0,346.0,0,7,91,7,0,0,0,0,0,0,0.005159215004823636,runs/M5__routine__seed106__origin1934
M5,routine,106,1934,structured_planner,7,544.8668860610645,470.49581774792324,0.8635059861119798,397.02955649444664,0.7286725742587165,25.174214928740152,371.8553415657065,0.0,0.0,0.0,552.0,229.0,425.0,183.50418225207667,127.0,8.526512829121202e-14,179.81582091957253,0,590.0,0,7,91,7,0,0,0,0,0,0,0.02160539000033168,runs/M5__routine__seed106__origin1934
M5,routine,106,1934,llm_agents,7,544.8668860610645,470.49581774792324,0.8635059861119798,397.02955649444664,0.7286725742587165,25.174214928740152,371.8553415657065,0.0,0.0,0.0,552.0,229.0,425.0,183.50418225207667,127.0,8.526512829121202e-14,179.81582091957253,0,590.0,0,7,91,7,0,0,21,0,6675,987,25.678970189997926,runs/M5__routine__seed106__origin1934
M5,routine,107,1927,conventional,7,561.8990187334523,416.92661739366434,0.7419956317657169,736.0289198674402,1.3098953643423068,11.166913168499955,724.8620066989401,0.0,0.0,0.0,332.0,220.0,280.0,83.07338260633571,52.0,-5.684341886080802e-14,79.76366548928539,0,358.0,0,7,91,7,0,0,0,0,0,0,0.005245231004664674,runs/M5__routine__seed107__origin1927
M5,routine,107,1927,structured_planner,7,561.8990187334523,518.049690556993,0.921962262409182,241.53737983714527,0.42985905257777857,22.290738954848994,219.24664088229625,0.0,0.0,0.0,596.0,220.0,491.0,192.95030944300694,105.0,2.842170943040401e-14,159.2195639632071,0,628.0,0,7,91,7,0,0,0,0,0,0,0.02445734999491833,runs/M5__routine__seed107__origin1927
M5,routine,107,1927,llm_agents,7,561.8990187334523,518.049690556993,0.921962262409182,241.53737983714527,0.42985905257777857,22.290738954848994,219.24664088229625,0.0,0.0,0.0,596.0,220.0,491.0,192.95030944300694,105.0,2.842170943040401e-14,159.2195639632071,0,628.0,0,7,91,7,0,0,21,0,6623,987,24.89703171101428,runs/M5__routine__seed107__origin1927
M5,routine,107,1934,conventional,7,546.2202468789362,408.43406370630083,0.7477461079849459,703.3222011212579,1.2876164974476707,14.391285258080632,688.9309158631772,0.0,0.0,0.0,332.0,229.0,262.0,82.56593629369918,70.0,-1.4210854715202004e-14,102.79489470057595,0,356.0,0,7,91,7,0,0,0,0,0,0,0.005177912004000973,runs/M5__routine__seed107__origin1934
M5,routine,107,1934,structured_planner,7,546.2202468789362,498.1875402333964,0.912063481864696,264.59382159991105,0.4844086668551402,24.430288372211795,240.1635332276993,0.0,0.0,0.0,584.0,229.0,463.0,193.81245976660352,121.0,5.684341886080802e-14,174.50205980151281,0,616.0,0,7,91,7,0,0,0,0,0,0,0.0216239199944539,runs/M5__routine__seed107__origin1934
M5,routine,107,1934,llm_agents,7,546.2202468789362,498.1875402333964,0.912063481864696,264.59382159991105,0.4844086668551402,24.430288372211795,240.1635332276993,0.0,0.0,0.0,584.0,229.0,463.0,193.81245976660352,121.0,5.684341886080802e-14,174.50205980151281,0,616.0,0,7,91,7,0,0,21,0,6622,987,25.441314692994638,runs/M5__routine__seed107__origin1934
M5,routine,108,1927,conventional,7,555.4126753099879,423.21634005454206,0.7619853828837014,672.970632340728,1.211658757994906,11.988956063499034,660.981676277229,0.0,0.0,0.0,340.0,220.0,290.0,86.78365994545796,50.0,-1.4210854715202004e-14,85.63540045356453,0,358.0,0,7,91,7,0,0,0,0,0,0,0.005440265013021417,runs/M5__routine__seed108__origin1927
M5,routine,108,1927,structured_planner,7,555.4126753099879,519.4041458293294,0.9351679731461632,204.0184558504441,0.3673276914981765,23.975808447152005,180.0426474032921,0.0,0.0,0.0,626.0,220.0,520.0,220.59585417067058,106.0,0.0,171.25577462251428,0,656.0,0,7,91,7,0,0,0,0,0,0,0.024139692010066938,runs/M5__routine__seed108__origin1927
M5,routine,108,1927,llm_agents,7,555.4126753099879,519.4041458293294,0.9351679731461632,204.0184558504441,0.3673276914981765,23.975808447152005,180.0426474032921,0.0,0.0,0.0,626.0,220.0,520.0,220.59585417067058,106.0,0.0,171.25577462251428,0,656.0,0,7,91,7,0,0,21,0,6662,987,26.226868858997477,runs/M5__routine__seed108__origin1927
M5,routine,108,1934,conventional,7,536.0927305452726,404.44627304197604,0.7544334216780074,672.8525000228287,1.255104689329502,14.620212506344998,658.2322875164837,0.0,0.0,0.0,337.0,229.0,267.0,91.553726958024,70.0,-4.263256414560601e-14,104.43008933103569,0,356.0,0,7,91,7,0,0,0,0,0,0,0.004949426001985557,runs/M5__routine__seed108__origin1934
M5,routine,108,1934,structured_planner,7,536.0927305452726,495.6803679047069,0.9246168426879033,228.32784118004645,0.42591109367927593,26.266027977217195,202.06181320282928,0.0,0.0,0.0,581.0,229.0,457.0,190.31963209529314,124.0,-2.842170943040401e-14,187.61448555155138,0,606.0,0,7,91,7,0,0,0,0,0,0,0.02540843300812412,runs/M5__routine__seed108__origin1934
M5,routine,108,1934,llm_agents,7,536.0927305452726,495.6803679047069,0.9246168426879033,228.32784118004645,0.42591109367927593,26.266027977217195,202.06181320282928,0.0,0.0,0.0,581.0,229.0,457.0,190.31963209529314,124.0,-2.842170943040401e-14,187.61448555155138,0,606.0,0,7,91,7,0,0,21,0,6661,990,26.456991425002343,runs/M5__routine__seed108__origin1934
M5,routine,109,1927,conventional,7,565.0031319826358,395.6971135393546,0.7003449912761113,857.9232888780919,1.5184398816827416,11.393196661686392,846.5300922164054,0.0,0.0,0.0,316.0,220.0,252.0,76.30288646064542,64.0,0.0,81.3799761549028,0,334.0,0,7,91,7,0,0,0,0,0,0,0.005418446009571198,runs/M5__routine__seed109__origin1927
M5,routine,109,1927,structured_planner,7,565.0031319826358,515.5339665278965,0.9124444402969086,269.32839484064993,0.47668478207467213,21.9825675669538,247.34582727369616,0.0,0.0,0.0,575.0,220.0,500.0,204.46603347210356,75.0,-5.684341886080802e-14,157.01833976395574,0,602.0,0,7,91,7,0,0,0,0,0,0,0.022310498003207613,runs/M5__routine__seed109__origin1927
M5,routine,109,1927,llm_agents,7,565.0031319826358,515.5339665278965,0.9124444402969086,269.32839484064993,0.47668478207467213,21.9825675669538,247.34582727369616,0.0,0.0,0.0,575.0,220.0,500.0,204.46603347210356,75.0,-5.684341886080802e-14,157.01833976395574,0,602.0,0,7,91,7,0,0,21,0,6677,987,26.073202552011935,runs/M5__routine__seed109__origin1927
M5,routine,109,1934,conventional,7,553.7202173351192,408.69260095720165,0.738085025907326,739.6465084879255,1.335776598599941,14.508426598337909,725.1380818895877,0.0,0.0,0.0,317.0,229.0,263.0,83.30739904279838,54.0,-2.842170943040401e-14,103.63161855955649,0,338.0,0,7,91,7,0,0,0,0,0,0,0.005252418988675345,runs/M5__routine__seed109__origin1934
M5,routine,109,1934,structured_planner,7,553.7202173351192,509.12788892233607,0.9194677618466021,247.55249075572456,0.44707143247742814,24.5908486918091,222.9616420639155,0.0,0.0,0.0,580.0,229.0,451.0,170.87211107766393,129.0,0.0,175.64891922720787,0,610.0,0,7,91,7,0,0,0,0,0,0,0.023148156004026532,runs/M5__routine__seed109__origin1934
M5,routine,109,1934,llm_agents,7,553.7202173351192,509.12788892233607,0.9194677618466021,247.55249075572456,0.44707143247742814,24.5908486918091,222.9616420639155,0.0,0.0,0.0,580.0,229.0,451.0,170.87211107766393,129.0,0.0,175.64891922720787,0,610.0,0,7,91,7,0,0,21,0,6675,987,25.701442686993687,runs/M5__routine__seed109__origin1934
M5,routine,110,1927,conventional,7,557.7149869132352,386.163118232397,0.692402261538066,869.3741228225103,1.5588143464356294,11.614779418319115,857.7593434041913,0.0,0.0,0.0,293.0,220.0,233.0,66.83688176760303,60.0,-1.4210854715202004e-14,82.96271013085082,0,304.0,0,7,91,7,0,0,0,0,0,0,0.005137917985848617,runs/M5__routine__seed110__origin1927
M5,routine,110,1927,structured_planner,7,557.7149869132352,511.845433473977,0.91775449016866,252.58464948067422,0.45289198857403,23.236882284382972,229.34776719629122,0.0,0.0,0.0,574.0,220.0,474.0,182.154566526023,100.0,2.842170943040401e-14,165.97773060273548,0,618.0,0,7,91,7,0,0,0,0,0,0,0.022994723993178923,runs/M5__routine__seed110__origin1927
M5,routine,110,1927,llm_agents,7,557.7149869132352,511.845433473977,0.91775449016866,252.58464948067422,0.45289198857403,23.236882284382972,229.34776719629122,0.0,0.0,0.0,574.0,220.0,474.0,182.154566526023,100.0,2.842170943040401e-14,165.97773060273548,0,618.0,0,7,91,7,0,0,21,0,6622,987,26.249611593004374,runs/M5__routine__seed110__origin1927
M5,routine,110,1934,conventional,7,547.3457651271858,401.36252929394925,0.7332888182677093,745.0391122896679,1.3611854877812828,15.122933123485128,729.9161791661827,0.0,0.0,0.0,344.0,229.0,260.0,87.63747070605073,84.0,1.4210854715202004e-14,108.02095088203664,0,352.0,0,7,91,7,0,0,0,0,0,0,0.005215743003645912,runs/M5__routine__seed110__origin1934
M5,routine,110,1934,structured_planner,7,547.3457651271858,494.8237650525388,0.9040423742705992,288.3078295931438,0.5267380291617862,25.69782921990899,262.6100003732348,0.0,0.0,0.0,561.0,229.0,438.0,172.17623494746118,123.0,0.0,183.55592299934992,0,598.0,0,7,91,7,0,0,0,0,0,0,0.022589611988223623,runs/M5__routine__seed110__origin1934
M5,routine,110,1934,llm_agents,7,547.3457651271858,494.8237650525388,0.9040423742705992,288.3078295931438,0.5267380291617862,25.69782921990899,262.6100003732348,0.0,0.0,0.0,561.0,229.0,438.0,172.17623494746118,123.0,0.0,183.55592299934992,0,598.0,0,7,91,7,0,0,21,0,6621,987,25.491225287994894,runs/M5__routine__seed110__origin1934
M5,routine,111,1927,conventional,7,569.4373427807909,427.36880967923514,0.7505106840942708,722.0344620490022,1.2679787709794694,11.691796541222935,710.3426655077793,0.0,0.0,0.0,330.0,220.0,283.0,75.6311903207649,47.0,-4.263256414560601e-14,83.51283243730666,0,354.0,0,7,91,7,0,0,0,0,0,0,0.005398410008638166,runs/M5__routine__seed111__origin1927
M5,routine,111,1927,structured_planner,7,569.4373427807909,528.3583497043992,0.9278603807825695,228.91672592028635,0.4020051175470758,23.521760538327825,205.3949653819585,0.0,0.0,0.0,601.0,220.0,502.0,193.64165029560078,99.0,2.842170943040401e-14,168.01257527377018,0,634.0,0,7,91,7,0,0,0,0,0,0,0.023353432006842922,runs/M5__routine__seed111__origin1927
M5,routine,111,1927,llm_agents,7,569.4373427807909,528.3583497043992,0.9278603807825695,228.91672592028635,0.4020051175470758,23.521760538327825,205.3949653819585,0.0,0.0,0.0,601.0,220.0,502.0,193.64165029560078,99.0,2.842170943040401e-14,168.01257527377018,0,634.0,0,7,91,7,0,0,21,0,6662,987,24.750363895007467,runs/M5__routine__seed111__origin1927
M5,routine,111,1934,conventional,7,554.973351674072,410.01295619704774,0.7387975566038395,739.6774113071701,1.332816087612027,14.875433922049329,724.8019773851207,0.0,0.0,0.0,348.0,229.0,274.0,92.98704380295224,74.0,1.4210854715202004e-14,106.25309944320949,0,372.0,0,7,91,7,0,0,0,0,0,0,0.0054574439927819185,runs/M5__routine__seed111__origin1934
M5,routine,111,1934,structured_planner,7,554.973351674072,500.86238932549037,0.902498088988676,295.6403628355623,0.532710916558004,25.085551092654637,270.5548117429077,0.0,0.0,0.0,576.0,229.0,453.0,181.13761067450966,123.0,-2.842170943040401e-14,179.18250780467594,0,612.0,0,7,91,7,0,0,0,0,0,0,0.023429184999258723,runs/M5__routine__seed111__origin1934
M5,routine,111,1934,llm_agents,7,554.973351674072,500.86238932549037,0.902498088988676,295.6403628355623,0.532710916558004,25.085551092654637,270.5548117429077,0.0,0.0,0.0,576.0,229.0,453.0,181.13761067450966,123.0,-2.842170943040401e-14,179.18250780467594,0,612.0,0,7,91,7,0,0,21,0,6659,990,25.017459751004935,runs/M5__routine__seed111__origin1934
M5,routine,112,1927,conventional,7,559.8632607082652,400.07868780155763,0.7146007174956092,810.1349263567416,1.4470228414914486,11.212061823203642,798.9228645335379,0.0,0.0,0.0,318.0,220.0,253.0,72.92131219844245,65.0,-8.526512829121202e-14,80.08615588002603,0,332.0,0,7,91,7,0,0,0,0,0,0,0.005020154996600468,runs/M5__routine__seed112__origin1927
M5,routine,112,1927,structured_planner,7,559.8632607082652,526.3137711538043,0.9400755650370439,190.58629070303652,0.34041578377893894,22.83884293073232,167.74744777230416,0.0,0.0,0.0,604.0,220.0,512.0,205.6862288461957,92.0,2.842170943040401e-14,163.13459236237372,0,644.0,0,7,91,7,0,0,0,0,0,0,0.02241735698771663,runs/M5__routine__seed112__origin1927
M5,routine,112,1927,llm_agents,7,559.8632607082652,526.3137711538043,0.9400755650370439,190.58629070303652,0.34041578377893894,22.83884293073232,167.74744777230416,0.0,0.0,0.0,604.0,220.0,512.0,205.6862288461957,92.0,2.842170943040401e-14,163.13459236237372,0,644.0,0,7,91,7,0,0,21,0,6676,987,24.265162332005275,runs/M5__routine__seed112__origin1927
M5,routine,112,1934,conventional,7,541.9498444097533,395.83071828602453,0.730382566521687,744.5775436391392,1.3738864422962815,13.981913020495757,730.5956306186434,0.0,0.0,0.0,323.0,229.0,250.0,83.1692817139755,73.0,-2.842170943040401e-14,99.8708072892554,0,348.0,0,7,91,7,0,0,0,0,0,0,0.0050679920095717534,runs/M5__routine__seed112__origin1934
M5,routine,112,1934,structured_planner,7,541.9498444097533,503.25624743953847,0.9286029927504516,218.8322145080851,0.4037868388843601,25.36422965701122,193.46798485107382,0.0,0.0,0.0,568.0,229.0,458.0,183.7437525604616,110.0,-5.684341886080802e-14,181.1730689786516,0,604.0,0,7,91,7,0,0,0,0,0,0,0.022301814999082126,runs/M5__routine__seed112__origin1934
M5,routine,112,1934,llm_agents,7,541.9498444097533,503.25624743953847,0.9286029927504516,218.8322145080851,0.4037868388843601,25.36422965701122,193.46798485107382,0.0,0.0,0.0,568.0,229.0,458.0,183.7437525604616,110.0,-5.684341886080802e-14,181.1730689786516,0,604.0,0,7,91,7,0,0,21,0,6674,987,26.003028302999155,runs/M5__routine__seed112__origin1934
M5,routine,113,1927,conventional,7,553.4905716247431,411.20124341937594,0.7429236639249623,723.0062563811339,1.306266616717221,11.559615354298622,711.4466410268351,0.0,0.0,0.0,330.0,220.0,252.0,60.798756580623994,78.0,5.684341886080802e-14,82.56868110213301,0,334.0,0,7,91,7,0,0,0,0,0,0,0.004929597991576884,runs/M5__routine__seed113__origin1927
M5,routine,113,1927,structured_planner,7,553.4905716247431,519.5704211262694,0.9387159380169695,193.15438798268994,0.3489750284556703,23.553635490321305,169.60075249236866,0.0,0.0,0.0,607.0,220.0,467.0,167.42957887373063,140.0,0.0,168.24025350229502,0,626.0,0,7,91,7,0,0,0,0,0,0,0.02031104599154787,runs/M5__routine__seed113__origin1927
M5,routine,113,1927,llm_agents,7,553.4905716247431,519.5704211262694,0.9387159380169695,193.15438798268994,0.3489750284556703,23.553635490321305,169.60075249236866,0.0,0.0,0.0,607.0,220.0,467.0,167.42957887373063,140.0,0.0,168.24025350229502,0,626.0,0,7,91,7,0,0,21,0,6620,987,24.812024882012338,runs/M5__routine__seed113__origin1927
M5,routine,113,1934,conventional,7,542.4134287866547,406.38854066011646,0.7492228604464726,695.0220357887567,1.2813510855427714,14.897595156065925,680.1244406326907,0.0,0.0,0.0,345.0,229.0,258.0,80.61145933988348,87.0,5.684341886080802e-14,106.41139397189944,0,354.0,0,7,91,7,0,0,0,0,0,0,0.004958639990945812,runs/M5__routine__seed113__origin1934
M5,routine,113,1934,structured_planner,7,542.4134287866547,490.0549670187156,0.903471302535666,287.86119012498136,0.5307043941904408,26.068881285285983,261.79230883969535,0.0,0.0,0.0,569.0,229.0,424.0,162.94503298128444,145.0,-5.684341886080802e-14,186.20629489489986,0,588.0,0,7,91,7,0,0,0,0,0,0,0.020894866007438395,runs/M5__routine__seed113__origin1934
M5,routine,113,1934,llm_agents,7,542.4134287866547,490.0549670187156,0.903471302535666,287.86119012498136,0.5307043941904408,26.068881285285983,261.79230883969535,0.0,0.0,0.0,569.0,229.0,424.0,162.94503298128444,145.0,-5.684341886080802e-14,186.20629489489986,0,588.0,0,7,91,7,0,0,21,0,6623,990,24.670451740006683,runs/M5__routine__seed113__origin1934
M5,routine,114,1927,conventional,7,562.3216543882497,398.94082544900056,0.7094530725177366,828.1956965154318,1.4728148739290978,11.29155181918636,816.9041446962456,0.0,0.0,0.0,304.0,220.0,248.0,69.05917455099947,56.0,-2.842170943040401e-14,80.65394156561686,0,316.0,0,7,91,7,0,0,0,0,0,0,0.005622168988338672,runs/M5__routine__seed114__origin1927
M5,routine,114,1927,structured_planner,7,562.3216543882497,524.6435150659004,0.9329953968012499,210.912278381179,0.3750740821294365,22.52158176943251,188.39069661174653,0.0,0.0,0.0,580.0,220.0,487.0,182.35648493409968,93.0,-5.684341886080802e-14,160.8684412102322,0,610.0,0,7,91,7,0,0,0,0,0,0,0.02410200001031626,runs/M5__routine__seed114__origin1927
M5,routine,114,1927,llm_agents,7,562.3216543882497,524.6435150659004,0.9329953968012499,210.912278381179,0.3750740821294365,22.52158176943251,188.39069661174653,0.0,0.0,0.0,580.0,220.0,487.0,182.35648493409968,93.0,-5.684341886080802e-14,160.8684412102322,0,610.0,0,7,91,7,0,0,21,0,6660,987,25.945459988994116,runs/M5__routine__seed114__origin1927
M5,routine,114,1934,conventional,7,541.9293393915116,393.2979091402093,0.7257365131435983,757.9885567074137,1.398685218922632,14.831405450902304,743.1571512565114,0.0,0.0,0.0,342.0,229.0,253.0,88.70209085979064,89.0,5.684341886080802e-14,105.93861036358787,0,366.0,0,7,91,7,0,0,0,0,0,0,0.005017497001972515,runs/M5__routine__seed114__origin1934
M5,routine,114,1934,structured_planner,7,541.9293393915116,480.7196552458546,0.8870522784125614,331.8029195881456,0.6122623291824357,25.754498859860277,306.0484207282853,0.0,0.0,0.0,561.0,229.0,427.0,175.28034475414543,134.0,-2.842170943040401e-14,183.96070614185913,0,592.0,0,7,91,7,0,0,0,0,0,0,0.02162557499104878,runs/M5__routine__seed114__origin1934
M5,routine,114,1934,llm_agents,7,541.9293393915116,480.7196552458546,0.8870522784125614,331.8029195881456,0.6122623291824357,25.754498859860277,306.0484207282853,0.0,0.0,0.0,561.0,229.0,427.0,175.28034475414543,134.0,-2.842170943040401e-14,183.96070614185913,0,592.0,0,7,91,7,0,0,21,0,6659,987,25.95074993698654,runs/M5__routine__seed114__origin1934
M5,routine,115,1927,conventional,7,559.5914866480709,418.7660749305347,0.7483424693233373,716.285732725455,1.2800154216354789,12.158674137774199,704.1270585876807,0.0,0.0,0.0,339.0,220.0,276.0,77.23392506946524,63.0,2.842170943040401e-14,86.84767241267285,0,352.0,0,7,91,7,0,0,0,0,0,0,0.004807195007742848,runs/M5__routine__seed115__origin1927
M5,routine,115,1927,structured_planner,7,559.5914866480709,522.2763069879414,0.9333171062275343,210.03336218393457,0.3753333765708721,23.457463883287616,186.575898300647,0.0,0.0,0.0,587.0,220.0,497.0,194.7236930120585,90.0,5.684341886080802e-14,167.5533134520544,0,612.0,0,7,91,7,0,0,0,0,0,0,0.021216971988906153,runs/M5__routine__seed115__origin1927
M5,routine,115,1927,llm_agents,7,559.5914866480709,522.2763069879414,0.9333171062275343,210.03336218393457,0.3753333765708721,23.457463883287616,186.575898300647,0.0,0.0,0.0,587.0,220.0,497.0,194.7236930120585,90.0,5.684341886080802e-14,167.5533134520544,0,612.0,0,7,91,7,0,0,21,0,6677,987,24.336501146986848,runs/M5__routine__seed115__origin1927
M5,routine,115,1934,conventional,7,537.9630579655826,399.9884610319064,0.7435240303387088,705.3818578531781,1.3112087296862427,15.508873184797098,689.872984668381,0.0,0.0,0.0,338.0,229.0,274.0,103.01153896809357,64.0,1.4210854715202004e-14,110.77766560569354,0,346.0,0,7,91,7,0,0,0,0,0,0,0.005010997992940247,runs/M5__routine__seed115__origin1934
M5,routine,115,1934,structured_planner,7,537.9630579655826,488.171875320728,0.9074449780378041,274.5376824810819,0.5103281320455392,25.581769256809043,248.95591322427282,0.0,0.0,0.0,583.0,229.0,444.0,184.82812467927195,139.0,2.842170943040401e-14,182.7269232629217,0,614.0,0,7,91,7,0,0,0,0,0,0,0.03599353999743471,runs/M5__routine__seed115__origin1934
M5,routine,115,1934,llm_agents,7,537.9630579655826,488.171875320728,0.9074449780378041,274.5376824810819,0.5103281320455392,25.581769256809043,248.95591322427282,0.0,0.0,0.0,583.0,229.0,444.0,184.82812467927195,139.0,2.842170943040401e-14,182.7269232629217,0,614.0,0,7,91,7,0,0,21,0,6675,987,25.336845992991584,runs/M5__routine__seed115__origin1934
M5,routine,116,1927,conventional,7,557.5734419023584,399.38197573604987,0.7162858660796638,802.1832472572503,1.4387041902862507,11.225916425707675,790.9573308315425,0.0,0.0,0.0,299.0,220.0,249.0,69.61802426395016,50.0,-2.842170943040401e-14,80.1851173264834,0,304.0,0,7,91,7,0,0,0,0,0,0,0.004733155001304112,runs/M5__routine__seed116__origin1927
M5,routine,116,1927,structured_planner,7,557.5734419023584,528.225180317555,0.9473643122515458,169.80357374933175,0.3045402829266527,23.062265825315166,146.74130792401655,0.0,0.0,0.0,594.0,220.0,508.0,199.77481968244496,86.0,5.684341886080802e-14,164.73047018082258,0,622.0,0,7,91,7,0,0,0,0,0,0,0.023279373002878856,runs/M5__routine__seed116__origin1927
M5,routine,116,1927,llm_agents,7,557.5734419023584,528.225180317555,0.9473643122515458,169.80357374933175,0.3045402829266527,23.062265825315166,146.74130792401655,0.0,0.0,0.0,594.0,220.0,508.0,199.77481968244496,86.0,5.684341886080802e-14,164.73047018082258,0,622.0,0,7,91,7,0,0,21,0,6622,987,25.689929036998365,runs/M5__routine__seed116__origin1927
M5,routine,116,1934,conventional,7,538.7466838996145,409.4688195475541,0.7600396100514116,661.043996354987,1.2270033693203397,14.654674594685293,646.3893217603016,0.0,0.0,0.0,315.0,229.0,266.0,85.5311804524459,49.0,-1.4210854715202004e-14,104.67624710489494,0,348.0,0,7,91,7,0,0,0,0,0,0,0.005589175008935854,runs/M5__routine__seed116__origin1934
M5,routine,116,1934,structured_planner,7,538.7466838996145,494.60021852700004,0.9180571005039535,246.90389309905606,0.45829310968912074,26.17156623598404,220.73232686307205,0.0,0.0,0.0,564.0,229.0,461.0,195.39978147299993,103.0,2.842170943040401e-14,186.9397588284574,0,604.0,0,7,91,7,0,0,0,0,0,0,0.022432015990489163,runs/M5__routine__seed116__origin1934
M5,routine,116,1934,llm_agents,7,538.7466838996145,494.60021852700004,0.9180571005039535,246.90389309905606,0.45829310968912074,26.17156623598404,220.73232686307205,0.0,0.0,0.0,564.0,229.0,461.0,195.39978147299993,103.0,2.842170943040401e-14,186.9397588284574,0,604.0,0,7,91,7,0,0,21,0,6621,987,24.25192135200632,runs/M5__routine__seed116__origin1934
M5,routine,117,1927,conventional,7,558.6147654420681,389.96079092904887,0.6980853623166362,854.4067406925211,1.5295097687157868,11.136868127424695,843.2698725650964,0.0,0.0,0.0,322.0,220.0,260.0,90.03920907095119,62.0,-5.684341886080802e-14,79.54905805303353,0,328.0,0,7,91,7,0,0,0,0,0,0,0.005637023015879095,runs/M5__routine__seed117__origin1927
M5,routine,117,1927,structured_planner,7,558.6147654420681,528.9641217014549,0.9469211242256572,171.15002172687605,0.30638291773657994,22.896803023810328,148.25321870306573,0.0,0.0,0.0,597.0,220.0,515.0,206.03587829854507,82.0,0.0,163.5485930272166,0,604.0,0,7,91,7,0,0,0,0,0,0,0.0230456339995726,runs/M5__routine__seed117__origin1927
M5,routine,117,1927,llm_agents,7,558.6147654420681,528.9641217014549,0.9469211242256572,171.15002172687605,0.30638291773657994,22.896803023810328,148.25321870306573,0.0,0.0,0.0,597.0,220.0,515.0,206.03587829854507,82.0,0.0,163.5485930272166,0,604.0,0,7,91,7,0,0,21,0,6661,987,25.9337442870019,runs/M5__routine__seed117__origin1927
M5,routine,117,1934,conventional,7,538.7929297913537,412.2164153414028,0.7650739134625109,647.8853902437896,1.2024756718590977,15.002817994035063,632.8825722497545,0.0,0.0,0.0,344.0,229.0,280.0,96.78358465859728,64.0,-8.526512829121202e-14,107.16298567167902,0,348.0,0,7,91,7,0,0,0,0,0,0,0.005500808998476714,runs/M5__routine__seed117__origin1934
M5,routine,117,1934,structured_planner,7,538.7929297913537,494.6004843850293,0.917978794889833,246.3036491380489,0.45713972013966375,25.34142210642738,220.96222703162152,0.0,0.0,0.0,580.0,229.0,446.0,180.39951561497068,134.0,2.842170943040401e-14,181.0101579030527,0,586.0,0,7,91,7,0,0,0,0,0,0,0.022660868002276402,runs/M5__routine__seed117__origin1934
M5,routine,117,1934,llm_agents,7,538.7929297913537,494.6004843850293,0.917978794889833,246.3036491380489,0.45713972013966375,25.34142210642738,220.96222703162152,0.0,0.0,0.0,580.0,229.0,446.0,180.39951561497068,134.0,2.842170943040401e-14,181.0101579030527,0,586.0,0,7,91,7,0,0,21,0,6660,987,24.781670477015723,runs/M5__routine__seed117__origin1934
M5,routine,118,1927,conventional,7,582.6946990860271,433.841697399228,0.744543751778969,756.5071027100162,1.29829068961262,12.24209427602121,744.2650084339949,0.0,0.0,0.0,356.0,220.0,292.0,78.158302600772,64.0,0.0,87.44353054300862,0,362.0,0,7,91,7,0,0,0,0,0,0,0.005197968988795765,runs/M5__routine__seed118__origin1927
M5,routine,118,1927,structured_planner,7,582.6946990860271,529.6840329474512,0.9090249727314758,286.6153016297809,0.49187902700907526,21.561970936902508,265.0533306928784,0.0,0.0,0.0,636.0,220.0,492.0,182.31596705254867,144.0,1.1368683772161603e-13,154.0140781207322,0,670.0,0,7,91,7,0,0,0,0,0,0,0.02519507302349666,runs/M5__routine__seed118__origin1927
M5,routine,118,1927,llm_agents,7,582.6946990860271,529.6840329474512,0.9090249727314758,286.6153016297809,0.49187902700907526,21.561970936902508,265.0533306928784,0.0,0.0,0.0,636.0,220.0,492.0,182.31596705254867,144.0,1.1368683772161603e-13,154.0140781207322,0,670.0,0,7,91,7,0,0,21,0,6676,987,25.130190367999603,runs/M5__routine__seed118__origin1927
M5,routine,118,1934,conventional,7,551.1347314878719,414.47234869829583,0.7520345298859406,697.7315419465725,1.2659908767914885,14.419627998692029,683.3119139478805,0.0,0.0,0.0,342.0,229.0,266.0,80.5276513017041,76.0,7.105427357601002e-14,102.9973428478002,0,356.0,0,7,91,7,0,0,0,0,0,0,0.005251295995549299,runs/M5__routine__seed118__origin1934
M5,routine,118,1934,structured_planner,7,551.1347314878719,508.2028757039044,0.9221027938702638,238.70455970048812,0.43311471054649175,24.045280780650096,214.65927891983802,0.0,0.0,0.0,600.0,229.0,457.0,177.79712429609563,143.0,-2.842170943040401e-14,171.75200557607212,0,630.0,0,7,91,7,0,0,0,0,0,0,0.024498566002876032,runs/M5__routine__seed118__origin1934
M5,routine,118,1934,llm_agents,7,551.1347314878719,508.2028757039044,0.9221027938702638,238.70455970048812,0.43311471054649175,24.045280780650096,214.65927891983802,0.0,0.0,0.0,600.0,229.0,457.0,177.79712429609563,143.0,-2.842170943040401e-14,171.75200557607212,0,630.0,0,7,91,7,0,0,21,0,6673,987,25.159300711005926,runs/M5__routine__seed118__origin1934
M5,routine,119,1927,conventional,7,562.9189223554235,414.95805050279836,0.7371542046703422,751.8274242745288,1.3355874077365435,12.023065011402847,739.8043592631259,0.0,0.0,0.0,348.0,220.0,286.0,91.04194949720166,62.0,-1.4210854715202004e-14,85.87903579573462,0,362.0,0,7,91,7,0,0,0,0,0,0,0.00530286999855889,runs/M5__routine__seed119__origin1927
M5,routine,119,1927,structured_planner,7,562.9189223554235,520.5445107697161,0.9247237747695529,234.73768999946947,0.4170008871211075,22.865632070932477,211.872057928537,0.0,0.0,0.0,618.0,220.0,496.0,195.4554892302839,122.0,0.0,163.32594336380336,0,642.0,0,7,91,7,0,0,0,0,0,0,0.024668331003340427,runs/M5__routine__seed119__origin1927
M5,routine,119,1927,llm_agents,7,562.9189223554235,520.5445107697161,0.9247237747695529,234.73768999946947,0.4170008871211075,22.865632070932477,211.872057928537,0.0,0.0,0.0,618.0,220.0,496.0,195.4554892302839,122.0,0.0,163.32594336380336,0,642.0,0,7,91,7,0,0,21,0,6625,987,25.517989821986703,runs/M5__routine__seed119__origin1927
M5,routine,119,1934,conventional,7,538.7050895633366,403.31238320491025,0.7486700813089162,691.6529279914112,1.2839175671275929,14.68939619927925,676.963531792132,0.0,0.0,0.0,352.0,229.0,262.0,87.68761679508978,90.0,-2.842170943040401e-14,104.92425856628036,0,364.0,0,7,91,7,0,0,0,0,0,0,0.005133238999405876,runs/M5__routine__seed119__origin1934
M5,routine,119,1934,structured_planner,7,538.7050895633366,502.12559515776786,0.9320973662320151,207.7754703744115,0.3856942776293984,24.877998346567352,182.89747202784417,0.0,0.0,0.0,603.0,229.0,455.0,181.87440484223222,148.0,-8.526512829121202e-14,177.69998818976683,0,628.0,0,7,91,7,0,0,0,0,0,0,0.023217632988234982,runs/M5__routine__seed119__origin1934
M5,routine,119,1934,llm_agents,7,538.7050895633366,502.12559515776786,0.9320973662320151,207.7754703744115,0.3856942776293984,24.877998346567352,182.89747202784417,0.0,0.0,0.0,603.0,229.0,455.0,181.87440484223222,148.0,-8.526512829121202e-14,177.69998818976683,0,628.0,0,7,91,7,0,0,21,0,6622,987,24.830960154009517,runs/M5__routine__seed119__origin1934
M5,routine,120,1927,conventional,7,553.1173228556452,396.15190325934543,0.7162167715414959,796.9338461093349,1.4408043523115655,12.106748127835688,784.8270979814992,0.0,0.0,0.0,303.0,220.0,249.0,72.84809674065458,54.0,-1.4210854715202004e-14,86.47677234168347,0,312.0,0,7,91,7,0,0,0,0,0,0,0.005048122002335731,runs/M5__routine__seed120__origin1927
M5,routine,120,1927,structured_planner,7,553.1173228556452,516.5548137252022,0.9338973711008048,207.21619068291227,0.37463334110219576,24.403645030697213,182.8125456522151,0.0,0.0,0.0,585.0,220.0,502.0,205.44518627479775,83.0,8.526512829121202e-14,174.31175021926583,0,598.0,0,7,91,7,0,0,0,0,0,0,0.02313525199133437,runs/M5__routine__seed120__origin1927
M5,routine,120,1927,llm_agents,7,553.1173228556452,516.5548137252022,0.9338973711008048,207.21619068291227,0.37463334110219576,24.403645030697213,182.8125456522151,0.0,0.0,0.0,585.0,220.0,502.0,205.44518627479775,83.0,8.526512829121202e-14,174.31175021926583,0,598.0,0,7,91,7,0,0,21,0,6662,987,24.643397979009023,runs/M5__routine__seed120__origin1927
M5,routine,120,1934,conventional,7,545.1882133852968,383.83391510971455,0.7040392761360937,821.5521391097186,1.5069147111753667,14.780647731807294,806.7714913779113,0.0,0.0,0.0,336.0,229.0,240.0,85.16608489028552,96.0,-7.105427357601002e-14,105.57605522719496,0,352.0,0,7,91,7,0,0,0,0,0,0,0.005324864003341645,runs/M5__routine__seed120__origin1934
M5,routine,120,1934,structured_planner,7,545.1882133852968,489.79870488168126,0.8984029604020979,302.9958273895212,0.5557637159983634,26.048284871443677,276.94754251807746,0.0,0.0,0.0,571.0,229.0,438.0,177.20129511831868,133.0,5.684341886080802e-14,186.05917765316912,0,582.0,0,7,91,7,0,0,0,0,0,0,0.023595106991706416,runs/M5__routine__seed120__origin1934
M5,routine,120,1934,llm_agents,7,545.1882133852968,489.79870488168126,0.8984029604020979,302.9958273895212,0.5557637159983634,26.048284871443677,276.94754251807746,0.0,0.0,0.0,571.0,229.0,438.0,177.20129511831868,133.0,5.684341886080802e-14,186.05917765316912,0,582.0,0,7,91,7,0,0,21,0,6660,987,24.72622767399298,runs/M5__routine__seed120__origin1934
M5,routine,121,1927,conventional,7,560.74667121943,392.20940667955983,0.6994413463510003,853.9245347950579,1.5228347819489814,11.23821209570653,842.6863226993514,0.0,0.0,0.0,292.0,220.0,246.0,73.79059332044017,46.0,0.0,80.27294354076093,0,304.0,0,7,91,7,0,0,0,0,0,0,0.004697195996413939,runs/M5__routine__seed121__origin1927
M5,routine,121,1927,structured_planner,7,560.74667121943,517.343240155273,0.9225970776254996,239.56653184654317,0.4272277378402779,22.54937652575787,217.0171553207853,0.0,0.0,0.0,586.0,220.0,495.0,197.65675984472696,91.0,8.526512829121202e-14,161.06697518398482,0,622.0,0,7,91,7,0,0,0,0,0,0,0.022159676998853683,runs/M5__routine__seed121__origin1927
M5,routine,121,1927,llm_agents,7,560.74667121943,517.343240155273,0.9225970776254996,239.56653184654317,0.4272277378402779,22.54937652575787,217.0171553207853,0.0,0.0,0.0,586.0,220.0,495.0,197.65675984472696,91.0,8.526512829121202e-14,161.06697518398482,0,622.0,0,7,91,7,0,0,21,0,6677,990,26.267539704000228,runs/M5__routine__seed121__origin1927
M5,routine,121,1934,conventional,7,542.8179369353189,409.4074954448131,0.7542261734316956,681.4943555137668,1.255475011311154,14.442148061237296,667.0522074525294,0.0,0.0,0.0,350.0,229.0,260.0,79.59250455518692,90.0,-1.4210854715202004e-14,103.15820043740925,0,372.0,0,7,91,7,0,0,0,0,0,0,0.018145211011869833,runs/M5__routine__seed121__origin1934
M5,routine,121,1934,structured_planner,7,542.8179369353189,502.078342509226,0.9249479583226311,229.2052959740193,0.42225077761446733,25.507323843554712,203.69797213046456,0.0,0.0,0.0,582.0,229.0,462.0,188.921657490774,120.0,0.0,182.1951703111051,0,596.0,0,7,91,7,0,0,0,0,0,0,0.0270504279906163,runs/M5__routine__seed121__origin1934
M5,routine,121,1934,llm_agents,7,542.8179369353189,502.078342509226,0.9249479583226311,229.2052959740193,0.42225077761446733,25.507323843554712,203.69797213046456,0.0,0.0,0.0,582.0,229.0,462.0,188.921657490774,120.0,0.0,182.1951703111051,0,596.0,0,7,91,7,0,0,21,0,6674,987,25.467351955005142,runs/M5__routine__seed121__origin1934
M5,routine,122,1927,conventional,7,563.0950865032235,383.55643440212475,0.6811574875994395,908.8104621747148,1.6139555893097146,11.117201669221242,897.6932605054936,0.0,0.0,0.0,292.0,220.0,235.0,71.4435655978753,57.0,-5.684341886080802e-14,79.4085833515803,0,306.0,0,7,91,7,0,0,0,0,0,0,0.0051948200052720495,runs/M5__routine__seed122__origin1927
M5,routine,122,1927,structured_planner,7,563.0950865032235,509.7489914428641,0.9052627232256022,289.08483376545564,0.5133854666725116,22.354358463659043,266.7304753017966,0.0,0.0,0.0,603.0,220.0,473.0,183.2510085571359,130.0,0.0,159.673989026136,0,630.0,0,7,91,7,0,0,0,0,0,0,0.02320524199603824,runs/M5__routine__seed122__origin1927
M5,routine,122,1927,llm_agents,7,563.0950865032235,509.7489914428641,0.9052627232256022,289.08483376545564,0.5133854666725116,22.354358463659043,266.7304753017966,0.0,0.0,0.0,603.0,220.0,473.0,183.2510085571359,130.0,0.0,159.673989026136,0,630.0,0,7,91,7,0,0,21,0,6624,987,24.588514429000497,runs/M5__routine__seed122__origin1927
M5,routine,122,1934,conventional,7,540.5749826330987,386.3787598269231,0.7147551630023687,785.2828473386993,1.452680705854436,14.30173330782112,770.9811140308781,0.0,0.0,0.0,332.0,229.0,242.0,84.62124017307691,90.0,-1.4210854715202004e-14,102.15523791300801,0,352.0,0,7,91,7,0,0,0,0,0,0,0.005299596028635278,runs/M5__routine__seed122__origin1934
M5,routine,122,1934,structured_planner,7,540.5749826330987,485.8019279851751,0.8986763050314902,297.8445011438797,0.5509772200206201,23.97922790426141,273.8652732396183,0.0,0.0,0.0,596.0,229.0,425.0,168.19807201482496,171.0,-5.684341886080802e-14,171.2801993161529,0,622.0,0,7,91,7,0,0,0,0,0,0,0.022383688010449987,runs/M5__routine__seed122__origin1934
M5,routine,122,1934,llm_agents,7,540.5749826330987,485.8019279851751,0.8986763050314902,297.8445011438797,0.5509772200206201,23.97922790426141,273.8652732396183,0.0,0.0,0.0,596.0,229.0,425.0,168.19807201482496,171.0,-5.684341886080802e-14,171.2801993161529,0,622.0,0,7,91,7,0,0,21,0,6622,987,24.539769052003976,runs/M5__routine__seed122__origin1934
M5,routine,123,1927,conventional,7,567.0323946902611,396.12811214699985,0.6985987323764511,865.6279176068626,1.5265934110866948,11.106504890557055,854.5214127163057,0.0,0.0,0.0,297.0,220.0,251.0,74.87188785300012,46.0,2.842170943040401e-14,79.33217778969325,0,310.0,0,7,91,7,0,0,0,0,0,0,0.0049862369924085215,runs/M5__routine__seed123__origin1927
M5,routine,123,1927,structured_planner,7,567.0323946902611,523.9596629688608,0.9240383228105891,238.151663657575,0.4199965749534721,22.78800505057378,215.36365860700118,0.0,0.0,0.0,589.0,220.0,494.0,190.0403370311392,95.0,0.0,162.77146464695556,0,626.0,0,7,91,7,0,0,0,0,0,0,0.021810631005791947,runs/M5__routine__seed123__origin1927
M5,routine,123,1927,llm_agents,7,567.0323946902611,523.9596629688608,0.9240383228105891,238.151663657575,0.4199965749534721,22.78800505057378,215.36365860700118,0.0,0.0,0.0,589.0,220.0,494.0,190.0403370311392,95.0,0.0,162.77146464695556,0,626.0,0,7,91,7,0,0,21,0,6661,1021,26.270990819000872,runs/M5__routine__seed123__origin1927
M5,routine,123,1934,conventional,7,544.6628426686617,410.4103463928277,0.7535126581831015,685.9941667158924,1.2594840568795838,14.731685336722613,671.2624813791698,0.0,0.0,0.0,347.0,229.0,263.0,81.58965360717228,84.0,1.4210854715202004e-14,105.22632383373296,0,370.0,0,7,91,7,0,0,0,0,0,0,0.00514473399380222,runs/M5__routine__seed123__origin1934
M5,routine,123,1934,structured_planner,7,544.6628426686617,497.79060796801184,0.9139426613517604,259.66652940064046,0.47674728117740367,25.305355897391127,234.3611735032493,0.0,0.0,0.0,572.0,229.0,458.0,189.20939203198813,114.0,2.842170943040401e-14,180.75254212422232,0,600.0,0,7,91,7,0,0,0,0,0,0,0.02272586999606574,runs/M5__routine__seed123__origin1934
M5,routine,123,1934,llm_agents,7,544.6628426686617,497.79060796801184,0.9139426613517604,259.66652940064046,0.47674728117740367,25.305355897391127,234.3611735032493,0.0,0.0,0.0,572.0,229.0,458.0,189.20939203198813,114.0,2.842170943040401e-14,180.75254212422232,0,600.0,0,7,91,7,0,0,21,0,6661,987,25.90931239299971,runs/M5__routine__seed123__origin1934
M5,routine,124,1927,conventional,7,562.9170791501444,398.24148910873424,0.7074603060720298,834.944022244129,1.4832451406602782,11.566072037077367,823.3779502070518,0.0,0.0,0.0,308.0,220.0,256.0,77.75851089126579,52.0,-2.842170943040401e-14,82.61480026483835,0,310.0,0,7,91,7,0,0,0,0,0,0,0.005005892991903238,runs/M5__routine__seed124__origin1927
M5,routine,124,1927,structured_planner,7,562.9170791501444,532.2589739982054,0.9455370847901353,176.34705077843805,0.313273583819264,23.056525018742605,153.29052575969544,0.0,0.0,0.0,624.0,220.0,514.0,201.74102600179458,110.0,0.0,164.68946441959,0,648.0,0,7,91,7,0,0,0,0,0,0,0.022375805994670372,runs/M5__routine__seed124__origin1927
M5,routine,124,1927,llm_agents,7,562.9170791501444,532.2589739982054,0.9455370847901353,176.34705077843805,0.313273583819264,23.056525018742605,153.29052575969544,0.0,0.0,0.0,624.0,220.0,514.0,201.74102600179458,110.0,0.0,164.68946441959,0,648.0,0,7,91,7,0,0,21,0,6675,987,25.983503651994397,runs/M5__routine__seed124__origin1927
M5,routine,124,1934,conventional,7,542.8428703010262,395.0442207966795,0.7277321715169862,753.8844192724127,1.3887709694968569,14.89117175067897,738.9932475217338,0.0,0.0,0.0,345.0,229.0,259.0,92.95577920332055,86.0,-4.263256414560601e-14,106.36551250484978,0,366.0,0,7,91,7,0,0,0,0,0,0,0.00482010499399621,runs/M5__routine__seed124__origin1934
M5,routine,124,1934,structured_planner,7,542.8428703010262,486.4321627874417,0.8960828066466034,307.70955645115976,0.5668482967834202,25.656018883237284,282.0535375679225,0.0,0.0,0.0,582.0,229.0,460.0,202.5678372125583,122.0,0.0,183.25727773740917,0,604.0,0,7,91,7,0,0,0,0,0,0,0.021519355999771506,runs/M5__routine__seed124__origin1934
M5,routine,124,1934,llm_agents,7,542.8428703010262,486.4321627874417,0.8960828066466034,307.70955645115976,0.5668482967834202,25.656018883237284,282.0535375679225,0.0,0.0,0.0,582.0,229.0,460.0,202.5678372125583,122.0,0.0,183.25727773740917,0,604.0,0,7,91,7,0,0,21,0,6674,987,25.800891142011096,runs/M5__routine__seed124__origin1934
M5,routine,125,1927,conventional,7,564.8349273186169,394.4466387516049,0.6983396735469619,862.7609907610411,1.5274568710839787,10.81954792598084,851.9414428350602,0.0,0.0,0.0,292.0,220.0,242.0,67.55336124839513,50.0,-2.842170943040401e-14,77.28248518557743,0,314.0,0,7,91,7,0,0,0,0,0,0,0.004752594999445137,runs/M5__routine__seed125__origin1927
M5,routine,125,1927,structured_planner,7,564.8349273186169,520.1616358786571,0.920909120029045,245.9364820559745,0.43541302097496626,22.570024856175603,223.3664571997989,0.0,0.0,0.0,600.0,220.0,492.0,191.8383641213429,108.0,2.842170943040401e-14,161.2144632583972,0,632.0,0,7,91,7,0,0,0,0,0,0,0.02290707999782171,runs/M5__routine__seed125__origin1927
M5,routine,125,1927,llm_agents,7,564.8349273186169,520.1616358786571,0.920909120029045,245.9364820559745,0.43541302097496626,22.570024856175603,223.3664571997989,0.0,0.0,0.0,600.0,220.0,492.0,191.8383641213429,108.0,2.842170943040401e-14,161.2144632583972,0,632.0,0,7,91,7,0,0,21,0,6624,987,25.78067632499733,runs/M5__routine__seed125__origin1927
M5,routine,125,1934,conventional,7,546.5568859126698,396.38263332185227,0.7252358236415801,764.9601123651296,1.3995983438901487,14.088849411041924,750.8712629540876,0.0,0.0,0.0,327.0,229.0,249.0,81.61736667814773,78.0,0.0,100.63463865029944,0,352.0,0,7,91,7,0,0,0,0,0,0,0.004808484991372097,runs/M5__routine__seed125__origin1934
M5,routine,125,1934,structured_planner,7,546.5568859126698,486.41548742005716,0.8899631492297726,326.5055572729022,0.5973862294821989,25.798564809838933,300.7069924630632,0.0,0.0,0.0,570.0,229.0,448.0,190.5845125799428,122.0,2.842170943040401e-14,184.27546292742093,0,594.0,0,7,91,7,0,0,0,0,0,0,0.021968617002130486,runs/M5__routine__seed125__origin1934
M5,routine,125,1934,llm_agents,7,546.5568859126698,486.41548742005716,0.8899631492297726,326.5055572729022,0.5973862294821989,25.798564809838933,300.7069924630632,0.0,0.0,0.0,570.0,229.0,448.0,190.5845125799428,122.0,2.842170943040401e-14,184.27546292742093,0,594.0,0,7,91,7,0,0,21,0,6622,987,25.700628254991898,runs/M5__routine__seed125__origin1934
M5,routine,126,1927,conventional,7,551.8334099648284,408.1911537416322,0.7396999644650885,730.2954251385447,1.323398351660315,12.084144022563887,718.2112811159808,0.0,0.0,0.0,331.0,220.0,271.0,82.80884625836777,60.0,2.842170943040401e-14,86.31531444688493,0,336.0,0,7,91,7,0,0,0,0,0,0,0.0049920420060516335,runs/M5__routine__seed126__origin1927
M5,routine,126,1927,structured_planner,7,551.8334099648284,509.3221972877134,0.9229636844934334,236.3237462106991,0.4282519723221568,23.767682825123828,212.55606338557536,0.0,0.0,0.0,581.0,220.0,485.0,195.67780271228665,96.0,-2.842170943040401e-14,169.76916303659874,0,588.0,0,7,91,7,0,0,0,0,0,0,0.029893137027102057,runs/M5__routine__seed126__origin1927
M5,routine,126,1927,llm_agents,7,551.8334099648284,509.3221972877134,0.9229636844934334,236.3237462106991,0.4282519723221568,23.767682825123828,212.55606338557536,0.0,0.0,0.0,581.0,220.0,485.0,195.67780271228665,96.0,-2.842170943040401e-14,169.76916303659874,0,588.0,0,7,91,7,0,0,21,0,6660,987,25.136905678984476,runs/M5__routine__seed126__origin1927
M5,routine,126,1934,conventional,7,535.3090816247017,387.9529004407359,0.72472691713593,751.4931663543548,1.4038490885929282,14.712260434526137,736.7809059198287,0.0,0.0,0.0,338.0,229.0,246.0,87.04709955926405,92.0,4.263256414560601e-14,105.08757453232954,0,344.0,0,7,91,7,0,0,0,0,0,0,0.005005263999919407,runs/M5__routine__seed126__origin1934
M5,routine,126,1934,structured_planner,7,535.3090816247017,475.0703306791745,0.8874692154246698,327.16963096615183,0.6111789285792956,25.975876238515898,301.1937547276359,0.0,0.0,0.0,566.0,229.0,450.0,203.9296693208255,116.0,0.0,185.54197313225637,0,572.0,0,7,91,7,0,0,0,0,0,0,0.021353871008614078,runs/M5__routine__seed126__origin1934
M5,routine,126,1934,llm_agents,7,535.3090816247017,475.0703306791745,0.8874692154246698,327.16963096615183,0.6111789285792956,25.975876238515898,301.1937547276359,0.0,0.0,0.0,566.0,229.0,450.0,203.9296693208255,116.0,0.0,185.54197313225637,0,572.0,0,7,91,7,0,0,21,0,6660,987,24.875815187988337,runs/M5__routine__seed126__origin1934
M5,routine,127,1927,conventional,7,552.3760904480927,389.31001981979296,0.7047915841251945,826.8617961807233,1.4969181513811818,11.531443039225252,815.3303531414981,0.0,0.0,0.0,286.0,220.0,242.0,72.68998018020696,44.0,8.526512829121202e-14,82.36745028018036,0,294.0,0,7,91,7,0,0,0,0,0,0,0.00478365699382266,runs/M5__routine__seed127__origin1927
M5,routine,127,1927,structured_planner,7,552.3760904480927,509.0855350474845,0.9216284771386638,240.05472841292809,0.4345856610451648,23.601951409887484,216.4527770030406,0.0,0.0,0.0,584.0,220.0,478.0,188.91446495251543,106.0,8.526512829121202e-14,168.58536721348202,0,610.0,0,7,91,7,0,0,0,0,0,0,0.023237927991431206,runs/M5__routine__seed127__origin1927
M5,routine,127,1927,llm_agents,7,552.3760904480927,509.0855350474845,0.9216284771386638,240.05472841292809,0.4345856610451648,23.601951409887484,216.4527770030406,0.0,0.0,0.0,584.0,220.0,478.0,188.91446495251543,106.0,8.526512829121202e-14,168.58536721348202,0,610.0,0,7,91,7,0,0,21,0,6676,987,25.88103755198972,runs/M5__routine__seed127__origin1927
M5,routine,127,1934,conventional,7,530.7637523084179,388.40381360973186,0.7317828542745641,726.7020693017537,1.3691629583617069,14.902375808323402,711.7996934934303,0.0,0.0,0.0,338.0,229.0,250.0,90.5961863902681,88.0,4.263256414560601e-14,106.4455414880243,0,350.0,0,7,91,7,0,0,0,0,0,0,0.005191215997911058,runs/M5__routine__seed127__origin1934
M5,routine,127,1934,structured_planner,7,530.7637523084179,490.24731075035686,0.9236638874040561,228.20358323973196,0.4299532178812518,25.621375449426846,202.58220779030512,0.0,0.0,0.0,575.0,229.0,441.0,179.75268924964305,134.0,8.526512829121202e-14,183.00982463876318,0,606.0,0,7,91,7,0,0,0,0,0,0,0.02296741199825192,runs/M5__routine__seed127__origin1934
M5,routine,127,1934,llm_agents,7,530.7637523084179,490.24731075035686,0.9236638874040561,228.20358323973196,0.4299532178812518,25.621375449426846,202.58220779030512,0.0,0.0,0.0,575.0,229.0,441.0,179.75268924964305,134.0,8.526512829121202e-14,183.00982463876318,0,606.0,0,7,91,7,0,0,21,0,6676,993,25.911880607003695,runs/M5__routine__seed127__origin1934
M5,routine,128,1927,conventional,7,553.4376111482395,399.88146980503075,0.7225411893770292,779.0778039248626,1.4077066470211126,11.297097208819217,767.7807067160434,0.0,0.0,0.0,311.0,220.0,261.0,81.1185301949692,50.0,5.684341886080802e-14,80.69355149156583,0,320.0,0,7,91,7,0,0,0,0,0,0,0.013179109002521727,runs/M5__routine__seed128__origin1927
M5,routine,128,1927,structured_planner,7,553.4376111482395,523.3729705699143,0.9456765496729633,173.24900696588858,0.313041621089759,22.925804074262828,150.32320289162575,0.0,0.0,0.0,586.0,220.0,516.0,212.62702943008563,70.0,8.526512829121202e-14,163.75574338759165,0,600.0,0,7,91,7,0,0,0,0,0,0,0.04334551600186387,runs/M5__routine__seed128__origin1927
M5,routine,128,1927,llm_agents,7,553.4376111482395,523.3729705699143,0.9456765496729633,173.24900696588858,0.313041621089759,22.925804074262828,150.32320289162575,0.0,0.0,0.0,586.0,220.0,516.0,212.62702943008563,70.0,8.526512829121202e-14,163.75574338759165,0,600.0,0,7,91,7,0,0,21,0,6624,987,25.530809185998805,runs/M5__routine__seed128__origin1927
M5,routine,128,1934,conventional,7,543.3200304425072,406.4951807638668,0.7481689574978427,698.9151552310475,1.28637840696176,14.790906837845304,684.1242483932023,0.0,0.0,0.0,353.0,229.0,267.0,89.50481923613322,86.0,-2.842170943040401e-14,105.64933455603786,0,360.0,0,7,91,7,0,0,0,0,0,0,0.0053524979812209494,runs/M5__routine__seed128__origin1934
M5,routine,128,1934,structured_planner,7,543.3200304425072,500.7272567371497,0.9216064725781086,237.97923141794516,0.4380093095852234,25.015362891157167,212.96386852678796,0.0,0.0,0.0,575.0,229.0,451.0,179.27274326285038,124.0,-5.684341886080802e-14,178.68116350826548,0,612.0,0,7,91,7,0,0,0,0,0,0,0.024247166991699487,runs/M5__routine__seed128__origin1934
M5,routine,128,1934,llm_agents,7,543.3200304425072,500.7272567371497,0.9216064725781086,237.97923141794516,0.4380093095852234,25.015362891157167,212.96386852678796,0.0,0.0,0.0,575.0,229.0,451.0,179.27274326285038,124.0,-5.684341886080802e-14,178.68116350826548,0,612.0,0,7,91,7,0,0,21,0,6623,987,24.96353942600399,runs/M5__routine__seed128__origin1934
M5,routine,129,1927,conventional,7,563.3521478214828,420.58185252252827,0.7465700701576162,725.5660215869425,1.2879440051711006,11.714545092169663,713.8514764947727,0.0,0.0,0.0,340.0,220.0,296.0,95.41814747747173,44.0,0.0,83.67532208692614,0,346.0,0,7,91,7,0,0,0,0,0,0,0.005089573001896497,runs/M5__routine__seed129__origin1927
M5,routine,129,1927,structured_planner,7,563.3521478214828,524.5572990013146,0.9311357044253931,216.6840701710936,0.3846334322306645,22.70982607025245,193.97424410084113,0.0,0.0,0.0,573.0,220.0,495.0,190.44270099868544,78.0,-5.684341886080802e-14,162.2130433589461,0,600.0,0,7,91,7,0,0,0,0,0,0,0.022830380003142636,runs/M5__routine__seed129__origin1927
M5,routine,129,1927,llm_agents,7,563.3521478214828,524.5572990013146,0.9311357044253931,216.6840701710936,0.3846334322306645,22.70982607025245,193.97424410084113,0.0,0.0,0.0,573.0,220.0,495.0,190.44270099868544,78.0,-5.684341886080802e-14,162.2130433589461,0,600.0,0,7,91,7,0,0,21,0,6660,987,24.73092142400128,runs/M5__routine__seed129__origin1927
M5,routine,129,1934,conventional,7,551.5009247451144,395.14104531520564,0.7164830149610844,796.1300777003693,1.4435697964936585,14.330680550825647,781.7993971495437,0.0,0.0,0.0,333.0,229.0,247.0,80.85895468479433,86.0,2.842170943040401e-14,102.3620039344689,0,354.0,0,7,91,7,0,0,0,0,0,0,0.005472847005876247,runs/M5__routine__seed129__origin1934
M5,routine,129,1934,structured_planner,7,551.5009247451144,492.3300381963618,0.8927093611382438,321.16677903716317,0.5823503907733172,25.312346293399962,295.8544327437632,0.0,0.0,0.0,578.0,229.0,442.0,178.66996180363824,136.0,-2.842170943040401e-14,180.80247352428543,0,604.0,0,7,91,7,0,0,0,0,0,0,0.023702665988821536,runs/M5__routine__seed129__origin1934
M5,routine,129,1934,llm_agents,7,551.5009247451144,492.3300381963618,0.8927093611382438,321.16677903716317,0.5823503907733172,25.312346293399962,295.8544327437632,0.0,0.0,0.0,578.0,229.0,442.0,178.66996180363824,136.0,-2.842170943040401e-14,180.80247352428543,0,604.0,0,7,91,7,0,0,21,0,6659,987,25.051589046008303,runs/M5__routine__seed129__origin1934
M5,routine,130,1927,conventional,7,565.8540896906113,400.53140618683386,0.7078351353894606,838.1443572285073,1.4812022613228342,11.530939709619492,826.6134175188878,0.0,0.0,0.0,313.0,220.0,255.0,74.4685938131662,58.0,-5.684341886080802e-14,82.36385506871066,0,324.0,0,7,91,7,0,0,0,0,0,0,0.005391509002947714,runs/M5__routine__seed130__origin1927
M5,routine,130,1927,structured_planner,7,565.8540896906113,538.9134840302522,0.9523894831703182,157.766897383002,0.2788119768989622,23.063869081205997,134.703028301796,0.0,0.0,0.0,617.0,220.0,509.0,190.0865159697478,108.0,-2.842170943040401e-14,164.74192200861427,0,634.0,0,7,91,7,0,0,0,0,0,0,0.023423024991643615,runs/M5__routine__seed130__origin1927
M5,routine,130,1927,llm_agents,7,565.8540896906113,538.9134840302522,0.9523894831703182,157.766897383002,0.2788119768989622,23.063869081205997,134.703028301796,0.0,0.0,0.0,617.0,220.0,509.0,190.0865159697478,108.0,-2.842170943040401e-14,164.74192200861427,0,634.0,0,7,91,7,0,0,21,0,6674,987,25.04825540300226,runs/M5__routine__seed130__origin1927
M5,routine,130,1934,conventional,7,547.157821128356,413.69618357200545,0.7560820070503165,681.8637224808251,1.246192042132701,14.555534699072613,667.3081877817526,0.0,0.0,0.0,340.0,229.0,266.0,81.30381642799459,74.0,-4.263256414560601e-14,103.9681049933758,0,354.0,0,7,91,7,0,0,0,0,0,0,0.005039178999140859,runs/M5__routine__seed130__origin1934
M5,routine,130,1934,structured_planner,7,547.157821128356,509.30018153469547,0.9308103838932796,214.63854825852363,0.39227904631956684,25.350350290221474,189.28819796830214,0.0,0.0,0.0,588.0,229.0,439.0,158.69981846530453,149.0,0.0,181.07393064443912,0,608.0,0,7,91,7,0,0,0,0,0,0,0.023925598994537722,runs/M5__routine__seed130__origin1934
M5,routine,130,1934,llm_agents,7,547.157821128356,509.30018153469547,0.9308103838932796,214.63854825852363,0.39227904631956684,25.350350290221474,189.28819796830214,0.0,0.0,0.0,588.0,229.0,439.0,158.69981846530453,149.0,0.0,181.07393064443912,0,608.0,0,7,91,7,0,0,21,0,6675,987,24.43735828599165,runs/M5__routine__seed130__origin1934
M5,supplier_disruption,101,1927,conventional,7,552.3857230240428,294.29476264586026,0.5327704000652655,1298.4367752192088,2.350597999004934,7.98197332829631,1290.4548018909124,0.0,0.0,0.0,104.0,220.0,96.0,21.70523735413969,8.0,4.973799150320701e-14,57.01409520211649,0,104.0,0,7,91,7,0,0,0,0,0,0,0.004071457999089034,runs/M5__supplier_disruption__seed101__origin1927
M5,supplier_disruption,101,1927,structured_planner,7,552.3857230240428,481.8082269748354,0.8722314985571495,374.04793881190005,0.6771499030861438,21.1604585658632,352.88748024603683,0.0,0.0,0.0,651.0,220.0,451.0,189.19177302516454,200.0,5.684341886080802e-14,151.14613261330857,0,696.0,0,7,91,7,0,0,0,0,0,0,0.021737010996730532,runs/M5__supplier_disruption__seed101__origin1927
M5,supplier_disruption,101,1927,llm_agents,7,552.3857230240428,481.8082269748354,0.8722314985571495,374.04793881190005,0.6771499030861438,21.1604585658632,352.88748024603683,0.0,0.0,0.0,651.0,220.0,451.0,189.19177302516454,200.0,5.684341886080802e-14,151.14613261330857,0,696.0,0,7,91,7,0,0,21,0,6658,997,25.09220619199914,runs/M5__supplier_disruption__seed101__origin1927
M5,supplier_disruption,101,1934,conventional,7,536.8393048205708,308.0908380524604,0.5738976920764668,1154.508051852274,2.1505654326822223,10.76571801172258,1143.7423338405515,0.0,0.0,0.0,120.0,229.0,96.0,16.909161947539562,24.0,2.4868995751603507e-14,76.89798579801842,0,124.0,0,7,91,7,0,0,0,0,0,0,0.004212098003335996,runs/M5__supplier_disruption__seed101__origin1934
M5,supplier_disruption,101,1934,structured_planner,7,536.8393048205708,466.8457173069995,0.869619107831597,374.4990174221465,0.6975998479606785,24.531079854290386,349.96793756785615,0.0,0.0,0.0,678.0,229.0,428.0,190.15428269300045,250.0,2.842170943040401e-14,175.22199895921702,0,722.0,0,7,91,7,0,0,0,0,0,0,0.02155993300038972,runs/M5__supplier_disruption__seed101__origin1934
M5,supplier_disruption,101,1934,llm_agents,7,536.8393048205708,466.8457173069995,0.869619107831597,374.4990174221465,0.6975998479606785,24.531079854290386,349.96793756785615,0.0,0.0,0.0,678.0,229.0,428.0,190.15428269300045,250.0,2.842170943040401e-14,175.22199895921702,0,722.0,0,7,91,7,0,0,21,0,6658,997,25.164948163997906,runs/M5__supplier_disruption__seed101__origin1934
M5,supplier_disruption,102,1927,conventional,7,559.666254645751,300.8183875015331,0.5374960255410441,1302.3944225403081,2.327091211466158,8.155086819218562,1294.2393357210894,0.0,0.0,0.0,109.0,220.0,101.0,20.181612498466915,8.0,-1.0658141036401503e-14,58.25062013727545,0,120.0,0,7,91,7,0,0,0,0,0,0,0.004167409995716298,runs/M5__supplier_disruption__seed102__origin1927
M5,supplier_disruption,102,1927,structured_planner,7,559.666254645751,493.9753083810639,0.8826247862553958,349.62184957385097,0.624697034476644,21.167118250415147,328.45473132343585,0.0,0.0,0.0,649.0,220.0,460.0,186.0246916189362,189.0,-8.526512829121202e-14,151.19370178867962,0,704.0,0,7,91,7,0,0,0,0,0,0,0.024610677999589825,runs/M5__supplier_disruption__seed102__origin1927
M5,supplier_disruption,102,1927,llm_agents,7,559.666254645751,493.9753083810639,0.8826247862553958,349.62184957385097,0.624697034476644,21.167118250415147,328.45473132343585,0.0,0.0,0.0,649.0,220.0,460.0,186.0246916189362,189.0,-8.526512829121202e-14,151.19370178867962,0,704.0,0,7,91,7,0,0,21,0,6693,997,26.241519538998546,runs/M5__supplier_disruption__seed102__origin1927
M5,supplier_disruption,102,1934,conventional,7,535.9624942441267,323.64456767370615,0.6038567458533556,1072.735312958385,2.001511905177758,11.145680106282901,1061.589632852102,0.0,0.0,0.0,129.0,229.0,113.0,18.355432326293787,16.0,6.394884621840902e-14,79.61200075916358,0,132.0,0,7,91,7,0,0,0,0,0,0,0.0043459859989525285,runs/M5__supplier_disruption__seed102__origin1934
M5,supplier_disruption,102,1934,structured_planner,7,535.9624942441267,485.6267377520853,0.9060834348809605,274.454989434422,0.5120787226380246,22.776206974215143,251.67878246020683,0.0,0.0,0.0,648.0,229.0,406.0,149.37326224791474,242.0,-5.684341886080802e-14,162.6871926729653,0,698.0,0,7,91,7,0,0,0,0,0,0,0.02280242700362578,runs/M5__supplier_disruption__seed102__origin1934
M5,supplier_disruption,102,1934,llm_agents,7,535.9624942441267,485.6267377520853,0.9060834348809605,274.454989434422,0.5120787226380246,22.776206974215143,251.67878246020683,0.0,0.0,0.0,648.0,229.0,406.0,149.37326224791474,242.0,-5.684341886080802e-14,162.6871926729653,0,698.0,0,7,91,7,0,0,21,0,6697,1000,25.081850717000634,runs/M5__supplier_disruption__seed102__origin1934
M5,supplier_disruption,103,1927,conventional,7,562.5452013262475,302.22754924037713,0.5372502485628716,1309.4331352017339,2.3276940806083415,7.8448747723820205,1301.588260429352,0.0,0.0,0.0,101.0,220.0,95.0,12.772450759622902,6.0,-3.197442310920451e-14,56.03481980272871,0,104.0,0,7,91,7,0,0,0,0,0,0,0.004288872001779964,runs/M5__supplier_disruption__seed103__origin1927
M5,supplier_disruption,103,1927,structured_planner,7,562.5452013262475,497.58160149161256,0.8845184357070724,346.56110215298395,0.6160591208243126,21.74310297980941,324.81799917317454,0.0,0.0,0.0,654.0,220.0,456.0,178.41839850838744,198.0,0.0,155.30787842721006,0,692.0,0,7,91,7,0,0,0,0,0,0,0.08042762399782077,runs/M5__supplier_disruption__seed103__origin1927
M5,supplier_disruption,103,1927,llm_agents,7,562.5452013262475,497.58160149161256,0.8845184357070724,346.56110215298395,0.6160591208243126,21.74310297980941,324.81799917317454,0.0,0.0,0.0,654.0,220.0,456.0,178.41839850838744,198.0,0.0,155.30787842721006,0,692.0,0,7,91,7,0,0,21,0,6712,1031,26.378328294998937,runs/M5__supplier_disruption__seed103__origin1927
M5,supplier_disruption,103,1934,conventional,7,536.2269032388,323.92053299196476,0.6040736319559706,1072.47984037185,2.0000485501456433,10.947989137673868,1061.5318512341762,0.0,0.0,0.0,128.0,229.0,112.0,17.07946700803527,16.0,-3.197442310920451e-14,78.1999224119562,0,132.0,0,7,91,7,0,0,0,0,0,0,0.003907136000634637,runs/M5__supplier_disruption__seed103__origin1934
M5,supplier_disruption,103,1934,structured_planner,7,536.2269032388,478.9074786803724,0.8931060261761963,311.3447907451831,0.5806213542525872,24.747667953045077,286.597122792138,0.0,0.0,0.0,687.0,229.0,435.0,185.09252131962762,252.0,0.0,176.7690568074648,0,726.0,0,7,91,7,0,0,0,0,0,0,0.10393938299603178,runs/M5__supplier_disruption__seed103__origin1934
M5,supplier_disruption,103,1934,llm_agents,7,536.2269032388,478.9074786803724,0.8931060261761963,311.3447907451831,0.5806213542525872,24.747667953045077,286.597122792138,0.0,0.0,0.0,687.0,229.0,435.0,185.09252131962762,252.0,0.0,176.7690568074648,0,726.0,0,7,91,7,0,0,21,0,6711,997,25.33462939499441,runs/M5__supplier_disruption__seed103__origin1934
M5,supplier_disruption,104,1927,conventional,7,554.222477206778,299.2809200766018,0.5400014116802797,1282.737404939522,2.314481021059235,8.029619288640433,1274.7077856508818,0.0,0.0,0.0,133.0,220.0,103.0,23.719079923398322,30.0,-9.592326932761353e-14,57.35442349028881,0,136.0,0,7,91,7,0,0,0,0,0,0,0.004605663001711946,runs/M5__supplier_disruption__seed104__origin1927
M5,supplier_disruption,104,1927,structured_planner,7,554.222477206778,485.5158836493057,0.8760306620840314,363.4925752656527,0.6558603994150805,19.95960747829094,343.5329677873617,0.0,0.0,0.0,660.0,220.0,460.0,194.48411635069434,200.0,-2.842170943040401e-14,142.56862484493527,0,704.0,0,7,91,7,0,0,0,0,0,0,0.02326512400759384,runs/M5__supplier_disruption__seed104__origin1927
M5,supplier_disruption,104,1927,llm_agents,7,554.222477206778,485.5158836493057,0.8760306620840314,363.4925752656527,0.6558603994150805,19.95960747829094,343.5329677873617,0.0,0.0,0.0,660.0,220.0,460.0,194.48411635069434,200.0,-2.842170943040401e-14,142.56862484493527,0,704.0,0,7,91,7,0,0,21,0,6660,997,25.30495482700644,runs/M5__supplier_disruption__seed104__origin1927
M5,supplier_disruption,104,1934,conventional,7,528.263732242698,314.5060311935808,0.5953579850321593,1079.8972284494685,2.0442388196230286,11.108723203882661,1068.7885052455858,0.0,0.0,0.0,121.0,229.0,107.0,21.493968806419254,14.0,-3.552713678800501e-14,79.34802288487616,0,124.0,0,7,91,7,0,0,0,0,0,0,0.004246187992976047,runs/M5__supplier_disruption__seed104__origin1934
M5,supplier_disruption,104,1934,structured_planner,7,528.263732242698,474.44126997301555,0.8981144095560303,293.8222958494954,0.5562038010864351,24.709984501083863,269.1123113484115,0.0,0.0,0.0,654.0,229.0,427.0,181.5587300269844,227.0,5.684341886080802e-14,176.49988929345616,0,680.0,0,7,91,7,0,0,0,0,0,0,0.023156253002525773,runs/M5__supplier_disruption__seed104__origin1934
M5,supplier_disruption,104,1934,llm_agents,7,528.263732242698,474.44126997301555,0.8981144095560303,293.8222958494954,0.5562038010864351,24.709984501083863,269.1123113484115,0.0,0.0,0.0,654.0,229.0,427.0,181.5587300269844,227.0,5.684341886080802e-14,176.49988929345616,0,680.0,0,7,91,7,0,0,21,0,6658,997,25.56813666299422,runs/M5__supplier_disruption__seed104__origin1934
M5,supplier_disruption,105,1927,conventional,7,562.3800752244348,289.73990007281964,0.515202996758358,1370.8045317563046,2.437505509435489,7.6036559982289535,1363.2008757580757,0.0,0.0,0.0,101.0,220.0,85.0,15.260099927180411,16.0,-4.796163466380676e-14,54.31182855877824,0,108.0,0,7,91,7,0,0,0,0,0,0,0.004513707011938095,runs/M5__supplier_disruption__seed105__origin1927
M5,supplier_disruption,105,1927,structured_planner,7,562.3800752244348,476.03852126427796,0.8464711717859144,454.52331746745995,0.808213764127523,22.815547666675812,431.70776980078415,0.0,0.0,0.0,669.0,220.0,485.0,228.961478735722,184.0,2.842170943040401e-14,162.96819761911294,0,696.0,0,7,91,7,0,0,0,0,0,0,0.02391990999603877,runs/M5__supplier_disruption__seed105__origin1927
M5,supplier_disruption,105,1927,llm_agents,7,562.3800752244348,476.03852126427796,0.8464711717859144,454.52331746745995,0.808213764127523,22.815547666675812,431.70776980078415,0.0,0.0,0.0,669.0,220.0,485.0,228.961478735722,184.0,2.842170943040401e-14,162.96819761911294,0,696.0,0,7,91,7,0,0,21,0,6697,997,24.82725862600637,runs/M5__supplier_disruption__seed105__origin1927
M5,supplier_disruption,105,1934,conventional,7,541.7951720566374,307.5928314675328,0.5677290004263421,1181.3615335163695,2.1804578454103942,10.349830570846533,1171.0117029455232,0.0,0.0,0.0,108.0,229.0,100.0,21.407168532467274,8.0,-6.394884621840902e-14,73.92736122033239,0,116.0,0,7,91,7,0,0,0,0,0,0,0.004600567008310463,runs/M5__supplier_disruption__seed105__origin1934
M5,supplier_disruption,105,1934,structured_planner,7,541.7951720566374,476.84605454679314,0.8801223767585461,350.9075769649218,0.6476757178047337,26.161989415700525,324.74558754922134,0.0,0.0,0.0,675.0,229.0,503.0,255.15394545320692,172.0,-5.684341886080802e-14,186.8713529692895,0,724.0,0,7,91,7,0,0,0,0,0,0,0.022602645003644284,runs/M5__supplier_disruption__seed105__origin1934
M5,supplier_disruption,105,1934,llm_agents,7,541.7951720566374,476.84605454679314,0.8801223767585461,350.9075769649218,0.6476757178047337,26.161989415700525,324.74558754922134,0.0,0.0,0.0,675.0,229.0,503.0,255.15394545320692,172.0,-5.684341886080802e-14,186.8713529692895,0,724.0,0,7,91,7,0,0,21,0,6695,997,25.19888140400144,runs/M5__supplier_disruption__seed105__origin1934
M5,supplier_disruption,106,1927,conventional,7,564.2456758673193,288.6764105936352,0.5116147503477131,1385.551296250173,2.4555815941706594,7.704969881752776,1377.8463263684203,0.0,0.0,0.0,110.0,220.0,80.0,11.323589406364764,30.0,5.3290705182007514e-14,55.03549915537697,0,120.0,0,7,91,7,0,0,0,0,0,0,0.004407248001371045,runs/M5__supplier_disruption__seed106__origin1927
M5,supplier_disruption,106,1927,structured_planner,7,564.2456758673193,500.1647910070888,0.8864308800209594,342.1231785137825,0.6063372625548161,21.718754212630135,320.4044243011524,0.0,0.0,0.0,659.0,220.0,471.0,190.8352089929112,188.0,0.0,155.13395866164382,0,688.0,0,7,91,7,0,0,0,0,0,0,0.024538542005757336,runs/M5__supplier_disruption__seed106__origin1927
M5,supplier_disruption,106,1927,llm_agents,7,564.2456758673193,500.1647910070888,0.8864308800209594,342.1231785137825,0.6063372625548161,21.718754212630135,320.4044243011524,0.0,0.0,0.0,659.0,220.0,471.0,190.8352089929112,188.0,0.0,155.13395866164382,0,688.0,0,7,91,7,0,0,21,0,6712,997,25.963250754997716,runs/M5__supplier_disruption__seed106__origin1927
M5,supplier_disruption,106,1934,conventional,7,544.8668860610645,316.2401379474698,0.5803988938172103,1154.4243267316165,2.1187272639692725,11.290586163642633,1143.1337405679737,0.0,0.0,0.0,130.0,229.0,108.0,20.759862052530178,22.0,1.7763568394002505e-14,80.64704402601879,0,132.0,0,7,91,7,0,0,0,0,0,0,0.004493383989029098,runs/M5__supplier_disruption__seed106__origin1934
M5,supplier_disruption,106,1934,structured_planner,7,544.8668860610645,474.63689826440026,0.8711061552953442,375.17939996878295,0.6885707492356871,24.0294609854612,351.1499389833217,0.0,0.0,0.0,646.0,229.0,453.0,207.3631017355997,193.0,2.842170943040401e-14,171.63900703900853,0,678.0,0,7,91,7,0,0,0,0,0,0,0.024067596001259517,runs/M5__supplier_disruption__seed106__origin1934
M5,supplier_disruption,106,1934,llm_agents,7,544.8668860610645,474.63689826440026,0.8711061552953442,375.17939996878295,0.6885707492356871,24.0294609854612,351.1499389833217,0.0,0.0,0.0,646.0,229.0,453.0,207.3631017355997,193.0,2.842170943040401e-14,171.63900703900853,0,678.0,0,7,91,7,0,0,21,0,6712,997,26.20638130300358,runs/M5__supplier_disruption__seed106__origin1934
M5,supplier_disruption,107,1927,conventional,7,561.8990187334523,302.54390695073135,0.5384311003651154,1304.3860908675447,2.3213888036460615,7.610531953939799,1296.7755589136048,0.0,0.0,0.0,112.0,220.0,96.0,13.456093049268665,16.0,-1.9539925233402755e-14,54.36094252814142,0,126.0,0,7,91,7,0,0,0,0,0,0,0.0044939860090380535,runs/M5__supplier_disruption__seed107__origin1927
M5,supplier_disruption,107,1927,structured_planner,7,561.8990187334523,487.95758161576094,0.8684079618356356,389.26241803129744,0.6927622313858349,19.555232442840676,369.70718558845675,0.0,0.0,0.0,662.0,220.0,418.0,150.04241838423908,244.0,-2.842170943040401e-14,139.68023173457627,0,698.0,0,7,91,7,0,0,0,0,0,0,0.023565855008200742,runs/M5__supplier_disruption__seed107__origin1927
M5,supplier_disruption,107,1927,llm_agents,7,561.8990187334523,487.95758161576094,0.8684079618356356,389.26241803129744,0.6927622313858349,19.555232442840676,369.70718558845675,0.0,0.0,0.0,662.0,220.0,418.0,150.04241838423908,244.0,-2.842170943040401e-14,139.68023173457627,0,698.0,0,7,91,7,0,0,21,0,6658,997,25.806906643003458,runs/M5__supplier_disruption__seed107__origin1927
M5,supplier_disruption,107,1934,conventional,7,546.2202468789362,321.63731024031296,0.5888417942727787,1133.4913468062305,2.0751543965697348,10.576663613113858,1122.9146831931166,0.0,0.0,0.0,126.0,229.0,110.0,17.36268975968704,16.0,3.552713678800501e-15,75.54759723652754,0,132.0,0,7,91,7,0,0,0,0,0,0,0.004730486005428247,runs/M5__supplier_disruption__seed107__origin1934
M5,supplier_disruption,107,1934,structured_planner,7,546.2202468789362,474.4209215130879,0.8685524277503359,381.1811932841875,0.6978525520835777,22.184566454945767,358.9966268292418,0.0,0.0,0.0,667.0,229.0,417.0,171.57907848691207,250.0,5.684341886080802e-14,158.4611889638983,0,706.0,0,7,91,7,0,0,0,0,0,0,0.025589120006770827,runs/M5__supplier_disruption__seed107__origin1934
M5,supplier_disruption,107,1934,llm_agents,7,546.2202468789362,474.4209215130879,0.8685524277503359,381.1811932841875,0.6978525520835777,22.184566454945767,358.9966268292418,0.0,0.0,0.0,667.0,229.0,417.0,171.57907848691207,250.0,5.684341886080802e-14,158.4611889638983,0,706.0,0,7,91,7,0,0,21,0,6660,997,24.650608767013182,runs/M5__supplier_disruption__seed107__origin1934
M5,supplier_disruption,108,1927,conventional,7,555.4126753099879,298.37601090413085,0.5372149829630747,1292.8423985000077,2.3277149693755983,7.659076470722462,1285.1833220292851,0.0,0.0,0.0,105.0,220.0,89.0,10.623989095869199,16.0,-4.973799150320701e-14,54.70768907658901,0,108.0,0,7,91,7,0,0,0,0,0,0,0.003932922991225496,runs/M5__supplier_disruption__seed108__origin1927
M5,supplier_disruption,108,1927,structured_planner,7,555.4126753099879,483.46903157115526,0.8704681276877966,382.1437040713617,0.6880356193853138,22.42548537719877,359.71821869416294,0.0,0.0,0.0,654.0,220.0,466.0,202.53096842884472,188.0,2.842170943040401e-14,160.18203840856262,0,692.0,0,7,91,7,0,0,0,0,0,0,0.022493584008770995,runs/M5__supplier_disruption__seed108__origin1927
M5,supplier_disruption,108,1927,llm_agents,7,555.4126753099879,483.46903157115526,0.8704681276877966,382.1437040713617,0.6880356193853138,22.42548537719877,359.71821869416294,0.0,0.0,0.0,654.0,220.0,466.0,202.53096842884472,188.0,2.842170943040401e-14,160.18203840856262,0,692.0,0,7,91,7,0,0,21,0,6698,997,26.47260416499921,runs/M5__supplier_disruption__seed108__origin1927
M5,supplier_disruption,108,1934,conventional,7,536.0927305452726,303.24527728846095,0.5656582527803035,1174.9660096535308,2.1917215860368877,10.728743369472372,1164.2372662840587,0.0,0.0,0.0,126.0,229.0,86.0,11.754722711539028,40.0,1.4210854715202004e-14,76.63388121051693,0,132.0,0,7,91,7,0,0,0,0,0,0,0.0041230970091419294,runs/M5__supplier_disruption__seed108__origin1934
M5,supplier_disruption,108,1934,structured_planner,7,536.0927305452726,490.1814155279211,0.9143593777691146,253.9610166633438,0.4737259100772249,24.40444157658609,229.55657508675768,0.0,0.0,0.0,664.0,229.0,449.0,187.81858447207878,215.0,1.1368683772161603e-13,174.31743983275783,0,714.0,0,7,91,7,0,0,0,0,0,0,0.021202945994446054,runs/M5__supplier_disruption__seed108__origin1934
M5,supplier_disruption,108,1934,llm_agents,7,536.0927305452726,490.1814155279211,0.9143593777691146,253.9610166633438,0.4737259100772249,24.40444157658609,229.55657508675768,0.0,0.0,0.0,664.0,229.0,449.0,187.81858447207878,215.0,1.1368683772161603e-13,174.31743983275783,0,714.0,0,7,91,7,0,0,21,0,6697,997,26.19968164699094,runs/M5__supplier_disruption__seed108__origin1934
M5,supplier_disruption,109,1927,conventional,7,565.0031319826358,302.7124213523972,0.535771227126048,1319.3375278133142,2.3350977244739615,7.883974662121726,1311.4535531511924,0.0,0.0,0.0,118.0,220.0,102.0,19.287578647602814,16.0,-1.4210854715202004e-14,56.314104729440885,0,120.0,0,7,91,7,0,0,0,0,0,0,0.004462423006771132,runs/M5__supplier_disruption__seed109__origin1927
M5,supplier_disruption,109,1927,structured_planner,7,565.0031319826358,494.64393944404804,0.8754711459887092,371.16770422710636,0.6569303481994033,19.371741534168233,351.79596269293825,0.0,0.0,0.0,665.0,220.0,445.0,170.35606055595196,220.0,0.0,138.36958238691594,0,692.0,0,7,91,7,0,0,0,0,0,0,0.023998801014386117,runs/M5__supplier_disruption__seed109__origin1927
M5,supplier_disruption,109,1927,llm_agents,7,565.0031319826358,494.64393944404804,0.8754711459887092,371.16770422710636,0.6569303481994033,19.371741534168233,351.79596269293825,0.0,0.0,0.0,665.0,220.0,445.0,170.35606055595196,220.0,0.0,138.36958238691594,0,692.0,0,7,91,7,0,0,21,0,6711,997,26.10654301899922,runs/M5__supplier_disruption__seed109__origin1927
M5,supplier_disruption,109,1934,conventional,7,553.7202173351192,306.39517178314696,0.55333932587423,1247.1005113193892,2.2522213787339944,10.475283559528172,1236.6252277598612,0.0,0.0,0.0,119.0,229.0,95.0,17.604828216853036,24.0,0.0,74.8234539966298,0,120.0,0,7,91,7,0,0,0,0,0,0,0.004391985996335279,runs/M5__supplier_disruption__seed109__origin1934
M5,supplier_disruption,109,1934,structured_planner,7,553.7202173351192,496.1487907432242,0.8960279491527904,310.9865732664803,0.5616312417905935,23.1294403070053,287.857132959475,0.0,0.0,0.0,628.0,229.0,445.0,177.85120925677577,183.0,2.842170943040401e-14,165.21028790718069,0,660.0,0,7,91,7,0,0,0,0,0,0,0.023592314988491125,runs/M5__supplier_disruption__seed109__origin1934
M5,supplier_disruption,109,1934,llm_agents,7,553.7202173351192,496.1487907432242,0.8960279491527904,310.9865732664803,0.5616312417905935,23.1294403070053,287.857132959475,0.0,0.0,0.0,628.0,229.0,445.0,177.85120925677577,183.0,2.842170943040401e-14,165.21028790718069,0,660.0,0,7,91,7,0,0,21,0,6710,997,26.261079316995165,runs/M5__supplier_disruption__seed109__origin1934
M5,supplier_disruption,110,1927,conventional,7,557.7149869132352,293.56314929921587,0.5263676899270524,1329.0423804647478,2.3830135672353907,8.283192394651337,1320.7591880700966,0.0,0.0,0.0,112.0,220.0,88.0,14.436850700784099,24.0,3.552713678800501e-14,59.165659961795264,0,116.0,0,7,91,7,0,0,0,0,0,0,0.004333094002504367,runs/M5__supplier_disruption__seed110__origin1927
M5,supplier_disruption,110,1927,structured_planner,7,557.7149869132352,492.77225640998745,0.8835557013400628,347.07790892521945,0.6223212878789198,22.364256408980737,324.71365251623877,0.0,0.0,0.0,628.0,220.0,468.0,195.22774359001252,160.0,2.842170943040401e-14,159.7446886355767,0,698.0,0,7,91,7,0,0,0,0,0,0,0.02265220200206386,runs/M5__supplier_disruption__seed110__origin1927
M5,supplier_disruption,110,1927,llm_agents,7,557.7149869132352,492.77225640998745,0.8835557013400628,347.07790892521945,0.6223212878789198,22.364256408980737,324.71365251623877,0.0,0.0,0.0,628.0,220.0,468.0,195.22774359001252,160.0,2.842170943040401e-14,159.7446886355767,0,698.0,0,7,91,7,0,0,21,0,6659,997,25.734206290995644,runs/M5__supplier_disruption__seed110__origin1927
M5,supplier_disruption,110,1934,conventional,7,547.3457651271858,306.7459982193816,0.5604245392272351,1213.8427736821423,2.21768916655468,10.843939143120773,1202.9988345390213,0.0,0.0,0.0,120.0,229.0,96.0,18.25400178061843,24.0,-2.1316282072803006e-14,77.45670816514837,0,124.0,0,7,91,7,0,0,0,0,0,0,0.004641455008822959,runs/M5__supplier_disruption__seed110__origin1934
M5,supplier_disruption,110,1934,structured_planner,7,547.3457651271858,480.1342260622366,0.8772046056676234,361.4034499253823,0.6602836323058123,25.345754600636333,336.05769532474596,0.0,0.0,0.0,644.0,229.0,460.0,208.86577393776338,184.0,0.0,181.04110429025948,0,688.0,0,7,91,7,0,0,0,0,0,0,0.02255212198360823,runs/M5__supplier_disruption__seed110__origin1934
M5,supplier_disruption,110,1934,llm_agents,7,547.3457651271858,480.1342260622366,0.8772046056676234,361.4034499253823,0.6602836323058123,25.345754600636333,336.05769532474596,0.0,0.0,0.0,644.0,229.0,460.0,208.86577393776338,184.0,0.0,181.04110429025948,0,688.0,0,7,91,7,0,0,21,0,6657,997,25.970052484000917,runs/M5__supplier_disruption__seed110__origin1934
M5,supplier_disruption,111,1927,conventional,7,569.4373427807909,304.0683501822715,0.5339803475082681,1334.706632400785,2.343904293109541,7.861669408187861,1326.8449629925974,0.0,0.0,0.0,113.0,220.0,105.0,20.93164981772854,8.0,-4.263256414560601e-14,56.15478148705615,0,132.0,0,7,91,7,0,0,0,0,0,0,0.004391613001644146,runs/M5__supplier_disruption__seed111__origin1927
M5,supplier_disruption,111,1927,structured_planner,7,569.4373427807909,491.1747431929524,0.8625615257235312,413.2467023870825,0.7257105766352329,21.933704447890022,391.3129979391925,0.0,0.0,0.0,651.0,220.0,462.0,190.8252568070476,189.0,0.0,156.66931748492874,0,708.0,0,7,91,7,0,0,0,0,0,0,0.025284582014137413,runs/M5__supplier_disruption__seed111__origin1927
M5,supplier_disruption,111,1927,llm_agents,7,569.4373427807909,491.1747431929524,0.8625615257235312,413.2467023870825,0.7257105766352329,21.933704447890022,391.3129979391925,0.0,0.0,0.0,651.0,220.0,462.0,190.8252568070476,189.0,0.0,156.66931748492874,0,708.0,0,7,91,7,0,0,21,0,6696,1000,25.559200696989137,runs/M5__supplier_disruption__seed111__origin1927
M5,supplier_disruption,111,1934,conventional,7,554.973351674072,311.04449574027353,0.5604674437106046,1230.6520637428234,2.217497578992888,11.007784073831566,1219.644279668992,0.0,0.0,0.0,121.0,229.0,105.0,22.955504259726496,16.0,-2.842170943040401e-14,78.6270290987969,0,140.0,0,7,91,7,0,0,0,0,0,0,0.004601608008670155,runs/M5__supplier_disruption__seed111__origin1934
M5,supplier_disruption,111,1934,structured_planner,7,554.973351674072,499.91675617308323,0.9007941636568476,299.9293797838925,0.5404392460992196,24.646402278949196,275.28297750494335,0.0,0.0,0.0,665.0,229.0,466.0,195.08324382691674,199.0,2.842170943040401e-14,176.04573056392283,0,718.0,0,7,91,7,0,0,0,0,0,0,0.023877355015429202,runs/M5__supplier_disruption__seed111__origin1934
M5,supplier_disruption,111,1934,llm_agents,7,554.973351674072,499.91675617308323,0.9007941636568476,299.9293797838925,0.5404392460992196,24.646402278949196,275.28297750494335,0.0,0.0,0.0,665.0,229.0,466.0,195.08324382691674,199.0,2.842170943040401e-14,176.04573056392283,0,718.0,0,7,91,7,0,0,21,0,6696,997,25.912861191995034,runs/M5__supplier_disruption__seed111__origin1934
M5,supplier_disruption,112,1927,conventional,7,559.8632607082652,302.79833486008334,0.5408433739285247,1293.0639593306119,2.309606738071717,7.739330089703107,1285.3246292409087,0.0,0.0,0.0,108.0,220.0,100.0,17.20166513991662,8.0,3.552713678800501e-14,55.28092921216505,0,110.0,0,7,91,7,0,0,0,0,0,0,0.00450144999922486,runs/M5__supplier_disruption__seed112__origin1927
M5,supplier_disruption,112,1927,structured_planner,7,559.8632607082652,486.08570992125397,0.868222196445472,390.2585171489478,0.6970604155293993,21.37076321389172,368.887753935056,0.0,0.0,0.0,638.0,220.0,470.0,203.91429007874603,168.0,0.0,152.64830867065515,0,698.0,0,7,91,7,0,0,0,0,0,0,0.025751626009878237,runs/M5__supplier_disruption__seed112__origin1927
M5,supplier_disruption,112,1927,llm_agents,7,559.8632607082652,486.08570992125397,0.868222196445472,390.2585171489478,0.6970604155293993,21.37076321389172,368.887753935056,0.0,0.0,0.0,638.0,220.0,470.0,203.91429007874603,168.0,0.0,152.64830867065515,0,698.0,0,7,91,7,0,0,21,0,6709,997,26.11233981600526,runs/M5__supplier_disruption__seed112__origin1927
M5,supplier_disruption,112,1934,conventional,7,541.9498444097533,315.53583423953364,0.5822233136411157,1142.725373363329,2.1085445178195235,10.655322512230885,1132.070050851098,0.0,0.0,0.0,124.0,229.0,108.0,21.46416576046639,16.0,-3.197442310920451e-14,76.10944651593489,0,128.0,0,7,91,7,0,0,0,0,0,0,0.004802858995390125,runs/M5__supplier_disruption__seed112__origin1934
M5,supplier_disruption,112,1934,structured_planner,7,541.9498444097533,495.33862282564644,0.9139934773210021,256.3174309537097,0.4729541554401022,23.26132303317558,233.0561079205341,0.0,0.0,0.0,670.0,229.0,443.0,176.66137717435362,227.0,-5.684341886080802e-14,166.15230737982554,0,708.0,0,7,91,7,0,0,0,0,0,0,0.0241054569996777,runs/M5__supplier_disruption__seed112__origin1934
M5,supplier_disruption,112,1934,llm_agents,7,541.9498444097533,495.33862282564644,0.9139934773210021,256.3174309537097,0.4729541554401022,23.26132303317558,233.0561079205341,0.0,0.0,0.0,670.0,229.0,443.0,176.66137717435362,227.0,-5.684341886080802e-14,166.15230737982554,0,708.0,0,7,91,7,0,0,21,0,6712,997,27.425314131003688,runs/M5__supplier_disruption__seed112__origin1934
M5,supplier_disruption,113,1927,conventional,7,553.4905716247431,310.01529044002234,0.560109433354914,1226.306386420963,2.2155867674876624,8.929980497359468,1217.3764059236037,0.0,0.0,0.0,121.0,220.0,113.0,22.98470955997766,8.0,0.0,63.785574981139064,0,122.0,0,7,91,7,0,0,0,0,0,0,0.004211718987789936,runs/M5__supplier_disruption__seed113__origin1927
M5,supplier_disruption,113,1927,structured_planner,7,553.4905716247431,495.8821431859672,0.8959179588738625,311.79261840007314,0.5633205593454319,23.750476206193785,288.04214219387933,0.0,0.0,0.0,674.0,220.0,486.0,210.1178568140328,188.0,0.0,169.6462586156699,0,702.0,0,7,91,7,0,0,0,0,0,0,0.02189008799905423,runs/M5__supplier_disruption__seed113__origin1927
M5,supplier_disruption,113,1927,llm_agents,7,553.4905716247431,495.8821431859672,0.8959179588738625,311.79261840007314,0.5633205593454319,23.750476206193785,288.04214219387933,0.0,0.0,0.0,674.0,220.0,486.0,210.1178568140328,188.0,0.0,169.6462586156699,0,702.0,0,7,91,7,0,0,21,0,6657,997,26.152677133999532,runs/M5__supplier_disruption__seed113__origin1927
M5,supplier_disruption,113,1934,conventional,7,542.4134287866547,321.0207307508162,0.5918377269326088,1118.3882198618319,2.061874136050793,11.424729682639914,1106.963490179192,0.0,0.0,0.0,127.0,229.0,113.0,20.979269249183748,14.0,5.3290705182007514e-14,81.60521201885652,0,132.0,0,7,91,7,0,0,0,0,0,0,0.00399397499859333,runs/M5__supplier_disruption__seed113__origin1934
M5,supplier_disruption,113,1934,structured_planner,7,542.4134287866547,483.61747436354955,0.8916030627143062,320.65452088979464,0.5911625779750309,26.674748774269034,293.9797721155256,0.0,0.0,0.0,682.0,229.0,468.0,213.38252563645045,214.0,0.0,190.53391981620737,0,696.0,0,7,91,7,0,0,0,0,0,0,0.021173473018279765,runs/M5__supplier_disruption__seed113__origin1934
M5,supplier_disruption,113,1934,llm_agents,7,542.4134287866547,483.61747436354955,0.8916030627143062,320.65452088979464,0.5911625779750309,26.674748774269034,293.9797721155256,0.0,0.0,0.0,682.0,229.0,468.0,213.38252563645045,214.0,0.0,190.53391981620737,0,696.0,0,7,91,7,0,0,21,0,6657,997,27.171764102000452,runs/M5__supplier_disruption__seed113__origin1934
M5,supplier_disruption,114,1927,conventional,7,562.3216543882497,305.1071575859967,0.5425847559043819,1294.0193009279692,2.3012083757217816,7.9468169167043285,1286.0724840112648,0.0,0.0,0.0,115.0,220.0,107.0,21.892842414003326,8.0,0.0,56.762977976459474,0,124.0,0,7,91,7,0,0,0,0,0,0,0.0044503239914774895,runs/M5__supplier_disruption__seed114__origin1927
M5,supplier_disruption,114,1927,structured_planner,7,562.3216543882497,501.9969215033508,0.8927220169912783,323.8114661234862,0.5758474061891872,22.187801698991596,301.62366442449456,0.0,0.0,0.0,695.0,220.0,497.0,215.00307849664927,198.0,-5.684341886080802e-14,158.48429784993996,0,712.0,0,7,91,7,0,0,0,0,0,0,0.03883761101315031,runs/M5__supplier_disruption__seed114__origin1927
M5,supplier_disruption,114,1927,llm_agents,7,562.3216543882497,501.9969215033508,0.8927220169912783,323.8114661234862,0.5758474061891872,22.187801698991596,301.62366442449456,0.0,0.0,0.0,695.0,220.0,497.0,215.00307849664927,198.0,-5.684341886080802e-14,158.48429784993996,0,712.0,0,7,91,7,0,0,21,0,6695,997,27.60586523800157,runs/M5__supplier_disruption__seed114__origin1927
M5,supplier_disruption,114,1934,conventional,7,541.9293393915116,309.19915332178687,0.5705525256649907,1174.1470404493894,2.166605413480185,10.49611010076537,1163.650930348624,0.0,0.0,0.0,115.0,229.0,99.0,18.80084667821316,16.0,-2.4868995751603507e-14,74.9722150054669,0,124.0,0,7,91,7,0,0,0,0,0,0,0.004274460006854497,runs/M5__supplier_disruption__seed114__origin1934
M5,supplier_disruption,114,1934,structured_planner,7,541.9293393915116,488.1312748290485,0.900728636277806,293.9552798220391,0.5424236306380783,24.964957009723555,268.9903228123155,0.0,0.0,0.0,675.0,229.0,468.0,208.86872517095145,207.0,5.684341886080802e-14,178.3211214980254,0,712.0,0,7,91,7,0,0,0,0,0,0,0.035870308995072264,runs/M5__supplier_disruption__seed114__origin1934
M5,supplier_disruption,114,1934,llm_agents,7,541.9293393915116,488.1312748290485,0.900728636277806,293.9552798220391,0.5424236306380783,24.964957009723555,268.9903228123155,0.0,0.0,0.0,675.0,229.0,468.0,208.86872517095145,207.0,5.684341886080802e-14,178.3211214980254,0,712.0,0,7,91,7,0,0,21,0,6695,997,26.965102915004536,runs/M5__supplier_disruption__seed114__origin1934
M5,supplier_disruption,115,1927,conventional,7,559.5914866480709,298.9017121832668,0.5341427082346718,1311.2234864041939,2.343179833307269,7.77461408017335,1303.4488723240204,0.0,0.0,0.0,109.0,220.0,93.0,14.098287816733174,16.0,2.842170943040401e-14,55.53295771552393,0,112.0,0,7,91,7,0,0,0,0,0,0,0.005377340996346902,runs/M5__supplier_disruption__seed115__origin1927
M5,supplier_disruption,115,1927,structured_planner,7,559.5914866480709,492.46397357909495,0.880041932962442,356.9964815833537,0.6379591007035281,21.358916238474237,335.6375653448795,0.0,0.0,0.0,684.0,220.0,484.0,211.53602642090502,200.0,2.842170943040401e-14,152.5636874176731,0,712.0,0,7,91,7,0,0,0,0,0,0,0.02380899900890654,runs/M5__supplier_disruption__seed115__origin1927
M5,supplier_disruption,115,1927,llm_agents,7,559.5914866480709,492.46397357909495,0.880041932962442,356.9964815833537,0.6379591007035281,21.358916238474237,335.6375653448795,0.0,0.0,0.0,684.0,220.0,484.0,211.53602642090502,200.0,2.842170943040401e-14,152.5636874176731,0,712.0,0,7,91,7,0,0,21,0,6711,997,26.7543506180009,runs/M5__supplier_disruption__seed115__origin1927
M5,supplier_disruption,115,1934,conventional,7,537.9630579655826,316.47297789246375,0.5882801304038814,1118.3246569746827,2.0788131088477644,10.874256609088672,1107.450400365594,0.0,0.0,0.0,119.0,229.0,111.0,23.527022107536204,8.0,4.973799150320701e-14,77.67326149349051,0,124.0,0,7,91,7,0,0,0,0,0,0,0.005269344001135323,runs/M5__supplier_disruption__seed115__origin1934
M5,supplier_disruption,115,1934,structured_planner,7,537.9630579655826,470.62842980766715,0.8748341040134705,361.6742287678445,0.6723030948176807,25.00108797826737,336.6731407895772,0.0,0.0,0.0,676.0,229.0,464.0,222.37157019233283,212.0,2.842170943040401e-14,178.57919984476692,0,712.0,0,7,91,7,0,0,0,0,0,0,0.02341556600003969,runs/M5__supplier_disruption__seed115__origin1934
M5,supplier_disruption,115,1934,llm_agents,7,537.9630579655826,470.62842980766715,0.8748341040134705,361.6742287678445,0.6723030948176807,25.00108797826737,336.6731407895772,0.0,0.0,0.0,676.0,229.0,464.0,222.37157019233283,212.0,2.842170943040401e-14,178.57919984476692,0,712.0,0,7,91,7,0,0,21,0,6712,997,26.3468941940082,runs/M5__supplier_disruption__seed115__origin1934
M5,supplier_disruption,116,1927,conventional,7,557.5734419023584,299.65861334545673,0.537433440737539,1297.2420538471354,2.326585085224176,7.667911062627021,1289.5741427845082,0.0,0.0,0.0,105.0,220.0,99.0,19.341386654543292,6.0,-2.1316282072803006e-14,54.77079330447871,0,108.0,0,7,91,7,0,0,0,0,0,0,0.004175867994490545,runs/M5__supplier_disruption__seed116__origin1927
M5,supplier_disruption,116,1927,structured_planner,7,557.5734419023584,494.93929036245123,0.8876665442919794,334.83939104688886,0.6005296627910868,21.66863334735342,313.17075769953544,0.0,0.0,0.0,694.0,220.0,474.0,199.0607096375487,220.0,5.684341886080802e-14,154.77595248109589,0,716.0,0,7,91,7,0,0,0,0,0,0,0.024154521997843403,runs/M5__supplier_disruption__seed116__origin1927
M5,supplier_disruption,116,1927,llm_agents,7,557.5734419023584,494.93929036245123,0.8876665442919794,334.83939104688886,0.6005296627910868,21.66863334735342,313.17075769953544,0.0,0.0,0.0,694.0,220.0,474.0,199.0607096375487,220.0,5.684341886080802e-14,154.77595248109589,0,716.0,0,7,91,7,0,0,21,0,6658,997,25.067073983998853,runs/M5__supplier_disruption__seed116__origin1927
M5,supplier_disruption,116,1934,conventional,7,538.7466838996145,318.6971696606072,0.5915529119432882,1110.9992565414484,2.0621922876623455,10.751685346412026,1100.2475711950365,0.0,0.0,0.0,117.0,229.0,109.0,19.302830339392806,8.0,7.105427357601002e-15,76.79775247437162,0,120.0,0,7,91,7,0,0,0,0,0,0,0.004114057002880145,runs/M5__supplier_disruption__seed116__origin1934
M5,supplier_disruption,116,1934,structured_planner,7,538.7466838996145,502.25869487140415,0.9322724573187179,207.95701070447433,0.3860014677013275,25.51706556342309,182.4399451410512,0.0,0.0,0.0,666.0,229.0,482.0,208.74130512859577,184.0,8.526512829121202e-14,182.26475402445064,0,712.0,0,7,91,7,0,0,0,0,0,0,0.021544014009123202,runs/M5__supplier_disruption__seed116__origin1934
M5,supplier_disruption,116,1934,llm_agents,7,538.7466838996145,502.25869487140415,0.9322724573187179,207.95701070447433,0.3860014677013275,25.51706556342309,182.4399451410512,0.0,0.0,0.0,666.0,229.0,482.0,208.74130512859577,184.0,8.526512829121202e-14,182.26475402445064,0,712.0,0,7,91,7,0,0,21,0,6659,997,25.20615171800455,runs/M5__supplier_disruption__seed116__origin1934
M5,supplier_disruption,117,1927,conventional,7,558.6147654420681,298.69651488812383,0.5347093083938551,1307.2491741095537,2.3401622280339165,7.65792133983224,1299.5912527697215,0.0,0.0,0.0,104.0,220.0,96.0,17.30348511187615,8.0,2.1316282072803006e-14,54.69943814165885,0,106.0,0,7,91,7,0,0,0,0,0,0,0.0043010010122088715,runs/M5__supplier_disruption__seed117__origin1927
M5,supplier_disruption,117,1927,structured_planner,7,558.6147654420681,486.56536998391005,0.8710213193144999,381.46023866810754,0.682868162939147,21.213261377317128,360.24697729079037,0.0,0.0,0.0,686.0,220.0,435.0,168.43463001608995,251.0,0.0,151.5232955522652,0,698.0,0,7,91,7,0,0,0,0,0,0,0.024022544996114448,runs/M5__supplier_disruption__seed117__origin1927
M5,supplier_disruption,117,1927,llm_agents,7,558.6147654420681,486.56536998391005,0.8710213193144999,381.46023866810754,0.682868162939147,21.213261377317128,360.24697729079037,0.0,0.0,0.0,686.0,220.0,435.0,168.43463001608995,251.0,0.0,151.5232955522652,0,698.0,0,7,91,7,0,0,21,0,6697,997,26.123194732012053,runs/M5__supplier_disruption__seed117__origin1927
M5,supplier_disruption,117,1934,conventional,7,538.7929297913537,320.047304786895,0.5940079891375571,1104.5058338734166,2.0499634883871507,10.777708851123167,1093.7281250222934,0.0,0.0,0.0,113.0,229.0,113.0,21.95269521310502,0.0,-3.552713678800501e-15,76.98363465087978,0,116.0,0,7,91,7,0,0,0,0,0,0,0.004349276998254936,runs/M5__supplier_disruption__seed117__origin1934
M5,supplier_disruption,117,1934,structured_planner,7,538.7929297913537,456.6204875827936,0.8474878981051567,433.80469550567307,0.8051417743615584,22.94248446287284,410.86221104280025,0.0,0.0,0.0,637.0,229.0,405.0,177.3795124172064,232.0,0.0,163.87488902052024,0,644.0,0,7,91,7,0,0,0,0,0,0,0.023453745008737314,runs/M5__supplier_disruption__seed117__origin1934
M5,supplier_disruption,117,1934,llm_agents,7,538.7929297913537,456.6204875827936,0.8474878981051567,433.80469550567307,0.8051417743615584,22.94248446287284,410.86221104280025,0.0,0.0,0.0,637.0,229.0,405.0,177.3795124172064,232.0,0.0,163.87488902052024,0,644.0,0,7,91,7,0,0,21,0,6695,997,24.657679711992387,runs/M5__supplier_disruption__seed117__origin1934
M5,supplier_disruption,118,1927,conventional,7,582.6946990860271,321.087452447771,0.5510389110307776,1316.2813837715576,2.2589554801788685,8.24515058027759,1308.03623319128,0.0,0.0,0.0,124.0,220.0,118.0,16.91254755222898,6.0,2.1316282072803006e-14,58.8939327162685,0,128.0,0,7,91,7,0,0,0,0,0,0,0.004625500994734466,runs/M5__supplier_disruption__seed118__origin1927
M5,supplier_disruption,118,1927,structured_planner,7,582.6946990860271,502.4514199168741,0.8622893269923052,421.2656162731046,0.7229611268711926,20.049220427340725,401.2163958457639,0.0,0.0,0.0,707.0,220.0,479.0,196.54858008312578,228.0,1.1368683772161603e-13,143.20871733814798,0,734.0,0,7,91,7,0,0,0,0,0,0,0.025056330996449105,runs/M5__supplier_disruption__seed118__origin1927
M5,supplier_disruption,118,1927,llm_agents,7,582.6946990860271,502.4514199168741,0.8622893269923052,421.2656162731046,0.7229611268711926,20.049220427340725,401.2163958457639,0.0,0.0,0.0,707.0,220.0,479.0,196.54858008312578,228.0,1.1368683772161603e-13,143.20871733814798,0,734.0,0,7,91,7,0,0,21,0,6712,997,25.64115679900715,runs/M5__supplier_disruption__seed118__origin1927
M5,supplier_disruption,118,1934,conventional,7,551.1347314878719,315.12392565678573,0.5717729398146635,1190.2377108249088,2.159612963624487,10.183681669477512,1180.0540291554312,0.0,0.0,0.0,114.0,229.0,98.0,11.876074343214269,16.0,0.0,72.7405833534108,0,116.0,0,7,91,7,0,0,0,0,0,0,0.00466201500967145,runs/M5__supplier_disruption__seed118__origin1934
M5,supplier_disruption,118,1934,structured_planner,7,551.1347314878719,499.66976701848375,0.9066199941156844,279.0636692692277,0.506343827245024,21.738846922286374,257.32482234694135,0.0,0.0,0.0,670.0,229.0,438.0,167.3302329815163,232.0,-5.684341886080802e-14,155.27747801633126,0,706.0,0,7,91,7,0,0,0,0,0,0,0.027086622001661453,runs/M5__supplier_disruption__seed118__origin1934
M5,supplier_disruption,118,1934,llm_agents,7,551.1347314878719,499.66976701848375,0.9066199941156844,279.0636692692277,0.506343827245024,21.738846922286374,257.32482234694135,0.0,0.0,0.0,670.0,229.0,438.0,167.3302329815163,232.0,-5.684341886080802e-14,155.27747801633126,0,706.0,0,7,91,7,0,0,21,0,6710,997,25.282537585007958,runs/M5__supplier_disruption__seed118__origin1934
M5,supplier_disruption,119,1927,conventional,7,562.9189223554235,298.97749762400724,0.5311199992584984,1327.4970162458808,2.358238395489053,7.789892588799359,1319.7071236570814,0.0,0.0,0.0,106.0,220.0,98.0,19.022502375992755,8.0,3.552713678800501e-15,55.6420899199954,0,110.0,0,7,91,7,0,0,0,0,0,0,0.00468368899601046,runs/M5__supplier_disruption__seed119__origin1927
M5,supplier_disruption,119,1927,structured_planner,7,562.9189223554235,507.03469326611025,0.900724195137238,301.2328724112073,0.5351265705383603,21.811726964640737,279.4211454465666,0.0,0.0,0.0,706.0,220.0,484.0,196.96530673388975,222.0,0.0,155.7980497474338,0,726.0,0,7,91,7,0,0,0,0,0,0,0.024019788994337432,runs/M5__supplier_disruption__seed119__origin1927
M5,supplier_disruption,119,1927,llm_agents,7,562.9189223554235,507.03469326611025,0.900724195137238,301.2328724112073,0.5351265705383603,21.811726964640737,279.4211454465666,0.0,0.0,0.0,706.0,220.0,484.0,196.96530673388975,222.0,0.0,155.7980497474338,0,726.0,0,7,91,7,0,0,21,0,6658,997,26.254567609001242,runs/M5__supplier_disruption__seed119__origin1927
M5,supplier_disruption,119,1934,conventional,7,538.7050895633366,321.64719647747745,0.5970747310707574,1096.2688606568775,2.0350074315159907,10.979395227581403,1085.289465429296,0.0,0.0,0.0,124.0,229.0,116.0,23.352803522522557,8.0,-7.105427357601002e-15,78.42425162558145,0,128.0,0,7,91,7,0,0,0,0,0,0,0.004517088993452489,runs/M5__supplier_disruption__seed119__origin1934
M5,supplier_disruption,119,1934,structured_planner,7,538.7050895633366,498.0399936177881,0.9245132508799744,227.06711053932779,0.4215054116592508,23.741630811585637,203.3254797277422,0.0,0.0,0.0,689.0,229.0,449.0,179.96000638221182,240.0,5.684341886080802e-14,169.58307722561173,0,718.0,0,7,91,7,0,0,0,0,0,0,0.023799449991201982,runs/M5__supplier_disruption__seed119__origin1934
M5,supplier_disruption,119,1934,llm_agents,7,538.7050895633366,498.0399936177881,0.9245132508799744,227.06711053932779,0.4215054116592508,23.741630811585637,203.3254797277422,0.0,0.0,0.0,689.0,229.0,449.0,179.96000638221182,240.0,5.684341886080802e-14,169.58307722561173,0,718.0,0,7,91,7,0,0,21,0,6657,997,24.630840847996296,runs/M5__supplier_disruption__seed119__origin1934
M5,supplier_disruption,120,1927,conventional,7,553.1173228556452,303.13534020703975,0.548048899719876,1258.0911352828464,2.2745466165976294,8.181222039818763,1249.9099132430276,0.0,0.0,0.0,110.0,220.0,102.0,18.86465979296026,8.0,-7.105427357601002e-15,58.43730028441973,0,112.0,0,7,91,7,0,0,0,0,0,0,0.004293140998925082,runs/M5__supplier_disruption__seed120__origin1927
M5,supplier_disruption,120,1927,structured_planner,7,553.1173228556452,493.02145408167115,0.8913505936431174,324.33800959032044,0.5863819413860005,23.858665720449817,300.4793438698706,0.0,0.0,0.0,682.0,220.0,483.0,209.97854591832882,199.0,2.842170943040401e-14,170.41904086035584,0,696.0,0,7,91,7,0,0,0,0,0,0,0.02499865000572754,runs/M5__supplier_disruption__seed120__origin1927
M5,supplier_disruption,120,1927,llm_agents,7,553.1173228556452,493.02145408167115,0.8913505936431174,324.33800959032044,0.5863819413860005,23.858665720449817,300.4793438698706,0.0,0.0,0.0,682.0,220.0,483.0,209.97854591832882,199.0,2.842170943040401e-14,170.41904086035584,0,696.0,0,7,91,7,0,0,21,0,6696,997,24.680404495011317,runs/M5__supplier_disruption__seed120__origin1927
M5,supplier_disruption,120,1934,conventional,7,545.1882133852968,313.4570709115538,0.5749520316390747,1169.7766994438928,2.145638278165022,11.120987075177842,1158.6557123687148,0.0,0.0,0.0,108.0,229.0,100.0,15.542929088446215,8.0,0.0,79.43562196555601,0,108.0,0,7,91,7,0,0,0,0,0,0,0.004351882002083585,runs/M5__supplier_disruption__seed120__origin1934
M5,supplier_disruption,120,1934,structured_planner,7,545.1882133852968,489.42484992730203,0.8977172248245479,304.96988426098346,0.5593845882457741,26.153066971009736,278.8168172899737,0.0,0.0,0.0,683.0,229.0,479.0,218.57515007269797,204.0,0.0,186.80762122149812,0,690.0,0,7,91,7,0,0,0,0,0,0,0.023036237987980712,runs/M5__supplier_disruption__seed120__origin1934
M5,supplier_disruption,120,1934,llm_agents,7,545.1882133852968,489.42484992730203,0.8977172248245479,304.96988426098346,0.5593845882457741,26.153066971009736,278.8168172899737,0.0,0.0,0.0,683.0,229.0,479.0,218.57515007269797,204.0,0.0,186.80762122149812,0,690.0,0,7,91,7,0,0,21,0,6697,997,25.177958520012908,runs/M5__supplier_disruption__seed120__origin1934
M5,supplier_disruption,121,1927,conventional,7,560.74667121943,297.7149018475199,0.5309258478522806,1322.952116189507,2.359268782305107,7.7932693299559,1315.158846859551,0.0,0.0,0.0,106.0,220.0,98.0,20.28509815248011,8.0,-2.1316282072803006e-14,55.666209499685,0,108.0,0,7,91,7,0,0,0,0,0,0,0.004380267004307825,runs/M5__supplier_disruption__seed121__origin1927
M5,supplier_disruption,121,1927,structured_planner,7,560.74667121943,488.26324929952074,0.870737668825955,384.5179456808486,0.6857248832965073,22.100836081301665,362.4171095995469,0.0,0.0,0.0,663.0,220.0,479.0,210.73675070047926,184.0,0.0,157.86311486644044,0,694.0,0,7,91,7,0,0,0,0,0,0,0.024796856996545102,runs/M5__supplier_disruption__seed121__origin1927
M5,supplier_disruption,121,1927,llm_agents,7,560.74667121943,488.26324929952074,0.870737668825955,384.5179456808486,0.6857248832965073,22.100836081301665,362.4171095995469,0.0,0.0,0.0,663.0,220.0,479.0,210.73675070047926,184.0,0.0,157.86311486644044,0,694.0,0,7,91,7,0,0,21,0,6712,997,24.47540825499891,runs/M5__supplier_disruption__seed121__origin1927
M5,supplier_disruption,121,1934,conventional,7,542.8179369353189,324.1854964713497,0.5972269418760549,1104.2928837954973,2.034370658475648,11.130681475651258,1093.162202319846,0.0,0.0,0.0,138.0,229.0,122.0,26.814503528650302,16.0,-2.4868995751603507e-14,79.50486768322328,0,140.0,0,7,91,7,0,0,0,0,0,0,0.004446685990842525,runs/M5__supplier_disruption__seed121__origin1934
M5,supplier_disruption,121,1934,structured_planner,7,542.8179369353189,494.2152457021902,0.910462260131761,267.43660867622543,0.4926819666021697,24.423152510582028,243.0134561656434,0.0,0.0,0.0,664.0,229.0,457.0,191.78475429780977,207.0,2.842170943040401e-14,174.45108936130018,0,702.0,0,7,91,7,0,0,0,0,0,0,0.023344853005255572,runs/M5__supplier_disruption__seed121__origin1934
M5,supplier_disruption,121,1934,llm_agents,7,542.8179369353189,494.2152457021902,0.910462260131761,267.43660867622543,0.4926819666021697,24.423152510582028,243.0134561656434,0.0,0.0,0.0,664.0,229.0,457.0,191.78475429780977,207.0,2.842170943040401e-14,174.45108936130018,0,702.0,0,7,91,7,0,0,21,0,6712,997,24.61491039898101,runs/M5__supplier_disruption__seed121__origin1934
M5,supplier_disruption,122,1927,conventional,7,563.0950865032235,292.70333883555236,0.5198115662013981,1359.6804795083922,2.4146552014010667,7.721741170037265,1351.958738338355,0.0,0.0,0.0,104.0,220.0,88.0,15.296661164447595,16.0,4.618527782440651e-14,55.155294071694755,0,114.0,0,7,91,7,0,0,0,0,0,0,0.004117257012694608,runs/M5__supplier_disruption__seed122__origin1927
M5,supplier_disruption,122,1927,structured_planner,7,563.0950865032235,500.8648045276489,0.8894853045832459,333.47945344460004,0.5922258272851951,22.328043566727622,311.15140987787237,0.0,0.0,0.0,675.0,220.0,507.0,226.13519547235106,168.0,2.842170943040401e-14,159.48602547662588,0,690.0,0,7,91,7,0,0,0,0,0,0,0.024811818992020562,runs/M5__supplier_disruption__seed122__origin1927
M5,supplier_disruption,122,1927,llm_agents,7,563.0950865032235,500.8648045276489,0.8894853045832459,333.47945344460004,0.5922258272851951,22.328043566727622,311.15140987787237,0.0,0.0,0.0,675.0,220.0,507.0,226.13519547235106,168.0,2.842170943040401e-14,159.48602547662588,0,690.0,0,7,91,7,0,0,21,0,6659,997,24.292880003988103,runs/M5__supplier_disruption__seed122__origin1927
M5,supplier_disruption,122,1934,conventional,7,540.5749826330987,311.11206936832673,0.5755206573802658,1157.9274677055362,2.142029329706235,10.612901381676544,1147.3145663238597,0.0,0.0,0.0,116.0,229.0,100.0,17.887930631673246,16.0,2.4868995751603507e-14,75.80643844054676,0,132.0,0,7,91,7,0,0,0,0,0,0,0.004582077999657486,runs/M5__supplier_disruption__seed122__origin1934
M5,supplier_disruption,122,1934,structured_planner,7,540.5749826330987,489.3577564773313,0.9052541686145144,280.0044797597435,0.5179752832731243,23.918348980906615,256.0861307788369,0.0,0.0,0.0,667.0,229.0,451.0,190.64224352266868,216.0,2.842170943040401e-14,170.84534986361868,0,688.0,0,7,91,7,0,0,0,0,0,0,0.023232383995491546,runs/M5__supplier_disruption__seed122__origin1934
M5,supplier_disruption,122,1934,llm_agents,7,540.5749826330987,489.3577564773313,0.9052541686145144,280.0044797597435,0.5179752832731243,23.918348980906615,256.0861307788369,0.0,0.0,0.0,667.0,229.0,451.0,190.64224352266868,216.0,2.842170943040401e-14,170.84534986361868,0,688.0,0,7,91,7,0,0,21,0,6659,997,24.65057677000732,runs/M5__supplier_disruption__seed122__origin1934
M5,supplier_disruption,123,1927,conventional,7,567.0323946902611,297.8656576972668,0.5253062443812837,1353.4607464109263,2.386919617088629,7.627061445955385,1345.8336849649709,0.0,0.0,0.0,111.0,220.0,95.0,17.134342302733174,16.0,4.263256414560601e-14,54.47901032825275,0,116.0,0,7,91,7,0,0,0,0,0,0,0.0041821300037554465,runs/M5__supplier_disruption__seed123__origin1927
M5,supplier_disruption,123,1927,structured_planner,7,567.0323946902611,508.10150370503277,0.896071385802536,317.26717871563284,0.5595221396282635,22.612723789491376,294.65445492614145,0.0,0.0,0.0,674.0,220.0,489.0,200.8984962949673,185.0,-5.684341886080802e-14,161.5194556392241,0,708.0,0,7,91,7,0,0,0,0,0,0,0.0776891749992501,runs/M5__supplier_disruption__seed123__origin1927
M5,supplier_disruption,123,1927,llm_agents,7,567.0323946902611,508.10150370503277,0.896071385802536,317.26717871563284,0.5595221396282635,22.612723789491376,294.65445492614145,0.0,0.0,0.0,674.0,220.0,489.0,200.8984962949673,185.0,-5.684341886080802e-14,161.5194556392241,0,708.0,0,7,91,7,0,0,21,0,6696,997,28.105983771994943,runs/M5__supplier_disruption__seed123__origin1927
M5,supplier_disruption,123,1934,conventional,7,544.6628426686617,322.39037902154035,0.5919081563227955,1122.1740626213648,2.060309561642016,10.81174438575841,1111.3623182356064,0.0,0.0,0.0,129.0,229.0,107.0,13.609620978459617,22.0,2.842170943040401e-14,77.22674561256007,0,136.0,0,7,91,7,0,0,0,0,0,0,0.004294131998904049,runs/M5__supplier_disruption__seed123__origin1934
M5,supplier_disruption,123,1934,structured_planner,7,544.6628426686617,486.7253757974734,0.8936269149786049,315.08375459891136,0.5784932070179576,25.39642024296988,289.6873343559415,0.0,0.0,0.0,697.0,229.0,445.0,187.2746242025266,252.0,-2.842170943040401e-14,181.40300173549915,0,710.0,0,7,91,7,0,0,0,0,0,0,0.054087224998511374,runs/M5__supplier_disruption__seed123__origin1934
M5,supplier_disruption,123,1934,llm_agents,7,544.6628426686617,486.7253757974734,0.8936269149786049,315.08375459891136,0.5784932070179576,25.39642024296988,289.6873343559415,0.0,0.0,0.0,697.0,229.0,445.0,187.2746242025266,252.0,-2.842170943040401e-14,181.40300173549915,0,710.0,0,7,91,7,0,0,21,0,6696,997,25.235886147980636,runs/M5__supplier_disruption__seed123__origin1934
M5,supplier_disruption,124,1927,conventional,7,562.9170791501444,296.15275450375657,0.5261036935508667,1341.681253416772,2.3834438554295687,7.8596301848322305,1333.8216232319398,0.0,0.0,0.0,113.0,220.0,91.0,14.84724549624342,22.0,1.0658141036401503e-14,56.14021560594451,0,116.0,0,7,91,7,0,0,0,0,0,0,0.004219903996272478,runs/M5__supplier_disruption__seed124__origin1927
M5,supplier_disruption,124,1927,structured_planner,7,562.9170791501444,502.05526972271235,0.8918813948240525,326.36905420370647,0.5797817587919649,22.060007066545534,304.309047137161,0.0,0.0,0.0,676.0,220.0,484.0,201.94473027728765,192.0,0.0,157.5714790467538,0,700.0,0,7,91,7,0,0,0,0,0,0,0.02392601500469027,runs/M5__supplier_disruption__seed124__origin1927
M5,supplier_disruption,124,1927,llm_agents,7,562.9170791501444,502.05526972271235,0.8918813948240525,326.36905420370647,0.5797817587919649,22.060007066545534,304.309047137161,0.0,0.0,0.0,676.0,220.0,484.0,201.94473027728765,192.0,0.0,157.5714790467538,0,700.0,0,7,91,7,0,0,21,0,6711,997,25.985320902982494,runs/M5__supplier_disruption__seed124__origin1927
M5,supplier_disruption,124,1934,conventional,7,542.8428703010262,319.0349596904629,0.5877114302220574,1130.350502252731,2.082279355766265,11.310949199914575,1119.0395530528167,0.0,0.0,0.0,126.0,229.0,112.0,21.96504030953712,14.0,-4.618527782440651e-14,80.7924942851041,0,132.0,0,7,91,7,0,0,0,0,0,0,0.004409490000398364,runs/M5__supplier_disruption__seed124__origin1934
M5,supplier_disruption,124,1934,structured_planner,7,542.8428703010262,491.73288712334073,0.9058475555747041,280.6516794357523,0.5170035286272079,25.10176354732506,255.54991588842728,0.0,0.0,0.0,662.0,229.0,486.0,223.26711287665924,176.0,2.842170943040401e-14,179.29831105232185,0,692.0,0,7,91,7,0,0,0,0,0,0,0.022252789000049233,runs/M5__supplier_disruption__seed124__origin1934
M5,supplier_disruption,124,1934,llm_agents,7,542.8428703010262,491.73288712334073,0.9058475555747041,280.6516794357523,0.5170035286272079,25.10176354732506,255.54991588842728,0.0,0.0,0.0,662.0,229.0,486.0,223.26711287665924,176.0,2.842170943040401e-14,179.29831105232185,0,692.0,0,7,91,7,0,0,21,0,6712,997,25.080194455993478,runs/M5__supplier_disruption__seed124__origin1934
M5,supplier_disruption,125,1927,conventional,7,564.8349273186169,290.97749340453396,0.5151549228477453,1376.7889162635092,2.4375066938572627,7.501746693094339,1369.2871695704148,0.0,0.0,0.0,109.0,220.0,85.0,14.022506595466059,24.0,-1.7763568394002505e-14,53.583904950673855,0,116.0,0,7,91,7,0,0,0,0,0,0,0.004018777988676447,runs/M5__supplier_disruption__seed125__origin1927
M5,supplier_disruption,125,1927,structured_planner,7,564.8349273186169,478.25856373958993,0.8467227159800084,454.3916195849839,0.8044679916344246,21.50980168984893,432.881817895135,0.0,0.0,0.0,668.0,220.0,448.0,189.74143626041007,220.0,0.0,153.64144064177805,0,716.0,0,7,91,7,0,0,0,0,0,0,0.036205657008395065,runs/M5__supplier_disruption__seed125__origin1927
M5,supplier_disruption,125,1927,llm_agents,7,564.8349273186169,478.25856373958993,0.8467227159800084,454.3916195849839,0.8044679916344246,21.50980168984893,432.881817895135,0.0,0.0,0.0,668.0,220.0,448.0,189.74143626041007,220.0,0.0,153.64144064177805,0,716.0,0,7,91,7,0,0,21,0,6660,997,25.98777714100288,runs/M5__supplier_disruption__seed125__origin1927
M5,supplier_disruption,125,1934,conventional,7,546.5568859126698,312.9399985910117,0.5725661987927346,1178.9373418181697,2.1570258690447512,10.852905209879186,1168.0844366082906,0.0,0.0,0.0,122.0,229.0,98.0,14.06000140898832,24.0,-3.552713678800501e-14,77.52075149913705,0,136.0,0,7,91,7,0,0,0,0,0,0,0.004428399006428663,runs/M5__supplier_disruption__seed125__origin1934
M5,supplier_disruption,125,1934,structured_planner,7,546.5568859126698,481.0708333458557,0.8801843792390209,351.4441455336322,0.643014761302974,24.01388269956138,327.4302628340708,0.0,0.0,0.0,670.0,229.0,432.0,179.92916665414432,238.0,-2.842170943040401e-14,171.5277335682956,0,712.0,0,7,91,7,0,0,0,0,0,0,0.023303629001020454,runs/M5__supplier_disruption__seed125__origin1934
M5,supplier_disruption,125,1934,llm_agents,7,546.5568859126698,481.0708333458557,0.8801843792390209,351.4441455336322,0.643014761302974,24.01388269956138,327.4302628340708,0.0,0.0,0.0,670.0,229.0,432.0,179.92916665414432,238.0,-2.842170943040401e-14,171.5277335682956,0,712.0,0,7,91,7,0,0,21,0,6659,997,26.20968446500774,runs/M5__supplier_disruption__seed125__origin1934
M5,supplier_disruption,126,1927,conventional,7,551.8334099648284,300.79650562117064,0.5450857091823095,1262.8894590751092,2.288533887710062,7.70493735682023,1255.184521718289,0.0,0.0,0.0,110.0,220.0,94.0,13.203494378829376,16.0,-1.4210854715202004e-14,55.03526683443022,0,112.0,0,7,91,7,0,0,0,0,0,0,0.003840499986836221,runs/M5__supplier_disruption__seed126__origin1927
M5,supplier_disruption,126,1927,structured_planner,7,551.8334099648284,477.8517190928145,0.8659347376652508,392.77133326404305,0.7117570740942936,22.862878903973552,369.9084543600695,0.0,0.0,0.0,664.0,220.0,480.0,222.14828090718547,184.0,2.842170943040401e-14,163.30627788552536,0,676.0,0,7,91,7,0,0,0,0,0,0,0.02291005599545315,runs/M5__supplier_disruption__seed126__origin1927
M5,supplier_disruption,126,1927,llm_agents,7,551.8334099648284,477.8517190928145,0.8659347376652508,392.77133326404305,0.7117570740942936,22.862878903973552,369.9084543600695,0.0,0.0,0.0,664.0,220.0,480.0,222.14828090718547,184.0,2.842170943040401e-14,163.30627788552536,0,676.0,0,7,91,7,0,0,21,0,6695,997,25.17935554500582,runs/M5__supplier_disruption__seed126__origin1927
M5,supplier_disruption,126,1934,conventional,7,535.3090816247017,326.9095378570436,0.6106930539359609,1053.7649486285095,1.9685168527876584,11.7672297902191,1041.9977188382904,0.0,0.0,0.0,135.0,229.0,127.0,29.09046214295639,8.0,3.552713678800501e-14,84.05164135870787,0,142.0,0,7,91,7,0,0,0,0,0,0,0.00429139198968187,runs/M5__supplier_disruption__seed126__origin1934
M5,supplier_disruption,126,1934,structured_planner,7,535.3090816247017,470.346102837545,0.8786439815480258,350.1781526355666,0.6541606796072853,25.363258699783252,324.8148939357834,0.0,0.0,0.0,629.0,229.0,457.0,215.653897162455,172.0,0.0,181.16613356988037,0,672.0,0,7,91,7,0,0,0,0,0,0,0.06511283102008747,runs/M5__supplier_disruption__seed126__origin1934
M5,supplier_disruption,126,1934,llm_agents,7,535.3090816247017,470.346102837545,0.8786439815480258,350.1781526355666,0.6541606796072853,25.363258699783252,324.8148939357834,0.0,0.0,0.0,629.0,229.0,457.0,215.653897162455,172.0,0.0,181.16613356988037,0,672.0,0,7,91,7,0,0,21,0,6697,997,26.64612521401432,runs/M5__supplier_disruption__seed126__origin1934
M5,supplier_disruption,127,1927,conventional,7,552.3760904480927,297.6012950024027,0.5387657071850915,1282.291382979282,2.321410005163466,8.41740575083238,1273.8739772284493,0.0,0.0,0.0,116.0,220.0,92.0,14.398704997597223,24.0,7.105427357601002e-14,60.12432679165985,0,116.0,0,7,91,7,0,0,0,0,0,0,0.004026397000416182,runs/M5__supplier_disruption__seed127__origin1927
M5,supplier_disruption,127,1927,structured_planner,7,552.3760904480927,466.12509377809425,0.8438545799474579,453.13769254638703,0.8203426983575584,21.882709196395062,431.25498334999196,0.0,0.0,0.0,650.0,220.0,438.0,191.87490622190575,212.0,0.0,156.3050656885362,0,692.0,0,7,91,7,0,0,0,0,0,0,0.02263589100766694,runs/M5__supplier_disruption__seed127__origin1927
M5,supplier_disruption,127,1927,llm_agents,7,552.3760904480927,466.12509377809425,0.8438545799474579,453.13769254638703,0.8203426983575584,21.882709196395062,431.25498334999196,0.0,0.0,0.0,650.0,220.0,438.0,191.87490622190575,212.0,0.0,156.3050656885362,0,692.0,0,7,91,7,0,0,21,0,6712,1000,25.880730061988288,runs/M5__supplier_disruption__seed127__origin1927
M5,supplier_disruption,127,1934,conventional,7,530.7637523084179,306.9128440553475,0.5782475587688694,1130.2669853959414,2.1295105034587256,11.012444130588893,1119.2545412653524,0.0,0.0,0.0,111.0,229.0,95.0,17.087155944652554,16.0,-3.197442310920451e-14,78.6603152184921,0,112.0,0,7,91,7,0,0,0,0,0,0,0.004133208989514969,runs/M5__supplier_disruption__seed127__origin1934
M5,supplier_disruption,127,1934,structured_planner,7,530.7637523084179,471.6606861924187,0.8886452477982042,319.37555410180425,0.6017282693340755,23.86022352180815,295.5153305799961,0.0,0.0,0.0,669.0,229.0,433.0,190.33931380758128,236.0,0.0,170.43016801291535,0,716.0,0,7,91,7,0,0,0,0,0,0,0.023262026988959406,runs/M5__supplier_disruption__seed127__origin1934
M5,supplier_disruption,127,1934,llm_agents,7,530.7637523084179,471.6606861924187,0.8886452477982042,319.37555410180425,0.6017282693340755,23.86022352180815,295.5153305799961,0.0,0.0,0.0,669.0,229.0,433.0,190.33931380758128,236.0,0.0,170.43016801291535,0,716.0,0,7,91,7,0,0,21,0,6711,997,26.863091403996805,runs/M5__supplier_disruption__seed127__origin1934
M5,supplier_disruption,128,1927,conventional,7,553.4376111482395,295.17797575843304,0.5333536604894187,1299.0739921812115,2.3472817279005844,7.77581523217901,1291.2981769490325,0.0,0.0,0.0,108.0,220.0,92.0,16.822024241567004,16.0,-3.907985046680551e-14,55.54153737270722,0,108.0,0,7,91,7,0,0,0,0,0,0,0.004447424995305482,runs/M5__supplier_disruption__seed128__origin1927
M5,supplier_disruption,128,1927,structured_planner,7,553.4376111482395,481.5371687395586,0.8700839246188813,379.7797749753978,0.6862196701584001,20.277562931993078,359.50221204340465,0.0,0.0,0.0,649.0,220.0,457.0,195.46283126044148,192.0,-5.684341886080802e-14,144.839735228522,0,680.0,0,7,91,7,0,0,0,0,0,0,0.024032375993556343,runs/M5__supplier_disruption__seed128__origin1927
M5,supplier_disruption,128,1927,llm_agents,7,553.4376111482395,481.5371687395586,0.8700839246188813,379.7797749753978,0.6862196701584001,20.277562931993078,359.50221204340465,0.0,0.0,0.0,649.0,220.0,457.0,195.46283126044148,192.0,-5.684341886080802e-14,144.839735228522,0,680.0,0,7,91,7,0,0,21,0,6659,997,26.59246433099179,runs/M5__supplier_disruption__seed128__origin1927
M5,supplier_disruption,128,1934,conventional,7,543.3200304425072,322.0914172971915,0.5928208040385775,1116.8672880730746,2.055634295616603,10.724222346495958,1106.1430657265787,0.0,0.0,0.0,117.0,229.0,109.0,15.908582702808506,8.0,-3.197442310920451e-14,76.60158818925684,0,120.0,0,7,91,7,0,0,0,0,0,0,0.004578403022605926,runs/M5__supplier_disruption__seed128__origin1934
M5,supplier_disruption,128,1934,structured_planner,7,543.3200304425072,493.2949367534975,0.9079270211181671,274.139023959306,0.5045627044819851,24.013555514257266,250.12546844504874,0.0,0.0,0.0,691.0,229.0,467.0,202.70506324650253,224.0,-2.842170943040401e-14,171.52539653040904,0,704.0,0,7,91,7,0,0,0,0,0,0,0.023429584987752605,runs/M5__supplier_disruption__seed128__origin1934
M5,supplier_disruption,128,1934,llm_agents,7,543.3200304425072,493.2949367534975,0.9079270211181671,274.139023959306,0.5045627044819851,24.013555514257266,250.12546844504874,0.0,0.0,0.0,691.0,229.0,467.0,202.70506324650253,224.0,-2.842170943040401e-14,171.52539653040904,0,704.0,0,7,91,7,0,0,21,0,6659,997,26.71679924698401,runs/M5__supplier_disruption__seed128__origin1934
M5,supplier_disruption,129,1927,conventional,7,563.3521478214828,283.5965213296134,0.503408964404056,1406.388770662653,2.4964647354256915,7.610638203305692,1398.7781324593475,0.0,0.0,0.0,109.0,220.0,77.0,13.40347867038664,32.0,-2.1316282072803006e-14,54.36170145218351,0,114.0,0,7,91,7,0,0,0,0,0,0,0.004246662007062696,runs/M5__supplier_disruption__seed129__origin1927
M5,supplier_disruption,129,1927,structured_planner,7,563.3521478214828,493.09363124279173,0.8752849050981965,372.3505344960831,0.6609552052583546,21.05795160262769,351.2925828934554,0.0,0.0,0.0,691.0,220.0,443.0,169.90636875720824,248.0,2.842170943040401e-14,150.4139400187692,0,716.0,0,7,91,7,0,0,0,0,0,0,0.02410693401179742,runs/M5__supplier_disruption__seed129__origin1927
M5,supplier_disruption,129,1927,llm_agents,7,563.3521478214828,493.09363124279173,0.8752849050981965,372.3505344960831,0.6609552052583546,21.05795160262769,351.2925828934554,0.0,0.0,0.0,691.0,220.0,443.0,169.90636875720824,248.0,2.842170943040401e-14,150.4139400187692,0,716.0,0,7,91,7,0,0,21,0,6696,997,26.24729064600251,runs/M5__supplier_disruption__seed129__origin1927
M5,supplier_disruption,129,1934,conventional,7,551.5009247451144,316.28152847518373,0.5734922903735088,1187.3693501645848,2.1529779858725493,11.272368814931442,1176.0969813496536,0.0,0.0,0.0,130.0,229.0,106.0,18.718471524816295,24.0,-2.842170943040401e-14,80.51692010665316,0,136.0,0,7,91,7,0,0,0,0,0,0,0.004497197005548514,runs/M5__supplier_disruption__seed129__origin1934
M5,supplier_disruption,129,1934,structured_planner,7,551.5009247451144,493.59620751180586,0.8950052218678143,314.47810242830576,0.5702222576936697,24.9545162617631,289.5235861665427,0.0,0.0,0.0,669.0,229.0,462.0,197.4037924881941,207.0,2.842170943040401e-14,178.2465447268793,0,696.0,0,7,91,7,0,0,0,0,0,0,0.02301567799440818,runs/M5__supplier_disruption__seed129__origin1934
M5,supplier_disruption,129,1934,llm_agents,7,551.5009247451144,493.59620751180586,0.8950052218678143,314.47810242830576,0.5702222576936697,24.9545162617631,289.5235861665427,0.0,0.0,0.0,669.0,229.0,462.0,197.4037924881941,207.0,2.842170943040401e-14,178.2465447268793,0,696.0,0,7,91,7,0,0,21,0,6695,997,26.503231548005715,runs/M5__supplier_disruption__seed129__origin1934
M5,supplier_disruption,130,1927,conventional,7,565.8540896906113,302.3155074489248,0.5342640672867099,1325.9631357137496,2.3432951353921267,8.270224505316794,1317.692911208433,0.0,0.0,0.0,111.0,220.0,103.0,20.68449255107522,8.0,-1.0658141036401503e-14,59.07303218083423,0,112.0,0,7,91,7,0,0,0,0,0,0,0.004115179996006191,runs/M5__supplier_disruption__seed130__origin1927
M5,supplier_disruption,130,1927,structured_planner,7,565.8540896906113,505.30129545615176,0.8929886779336212,325.1460445544758,0.574611106428963,22.382073382178078,302.7639711722977,0.0,0.0,0.0,716.0,220.0,500.0,214.69870454384818,216.0,5.684341886080802e-14,159.8719527298434,0,740.0,0,7,91,7,0,0,0,0,0,0,0.02363331800006563,runs/M5__supplier_disruption__seed130__origin1927
M5,supplier_disruption,130,1927,llm_agents,7,565.8540896906113,505.30129545615176,0.8929886779336212,325.1460445544758,0.574611106428963,22.382073382178078,302.7639711722977,0.0,0.0,0.0,716.0,220.0,500.0,214.69870454384818,216.0,5.684341886080802e-14,159.8719527298434,0,740.0,0,7,91,7,0,0,21,0,6712,997,25.166597736999393,runs/M5__supplier_disruption__seed130__origin1927
M5,supplier_disruption,130,1934,conventional,7,547.157821128356,319.60580567299553,0.58411996197715,1149.0627867608755,2.1000573187298377,11.302709484073523,1137.7600772768021,0.0,0.0,0.0,127.0,229.0,111.0,20.394194327004463,16.0,7.105427357601002e-15,80.73363917195374,0,132.0,0,7,91,7,0,0,0,0,0,0,0.004305964001105167,runs/M5__supplier_disruption__seed130__origin1934
M5,supplier_disruption,130,1934,structured_planner,7,547.157821128356,483.6318441143773,0.8838982564793196,343.4227072827282,0.627648356692622,25.79282221283523,317.62988506989296,0.0,0.0,0.0,679.0,229.0,471.0,216.3681558856227,208.0,-2.842170943040401e-14,184.23444437739448,0,700.0,0,7,91,7,0,0,0,0,0,0,0.021009979995142203,runs/M5__supplier_disruption__seed130__origin1934
M5,supplier_disruption,130,1934,llm_agents,7,547.157821128356,483.6318441143773,0.8838982564793196,343.4227072827282,0.627648356692622,25.79282221283523,317.62988506989296,0.0,0.0,0.0,679.0,229.0,471.0,216.3681558856227,208.0,-2.842170943040401e-14,184.23444437739448,0,700.0,0,7,91,7,0,0,21,0,6712,997,25.074933793999662,runs/M5__supplier_disruption__seed130__origin1934
RetailNet,promotion,101,83,conventional,7,17320.59647273405,14618.07511398885,0.8439706529160536,14651.351550903324,0.8458918590919988,229.2516591665887,13512.606793726005,909.4930980107324,909.4930980107324,0.052275726980729534,14988.0,5607.0,11791.0,1870.431788000418,3197.0,-1.8189894035458565e-12,1637.5118511899195,0,15914.0,0,7,91,2,0,0,0,0,0,0,0.007969404003233649,runs/RetailNet__promotion__seed101__origin83
RetailNet,promotion,101,83,structured_planner,7,17320.59647273405,14850.105814607072,0.8573668832931934,13668.183159549133,0.7891288952470824,243.702599965438,12352.453290634901,1072.0272689487924,1072.0272689487924,0.06036189577414372,16033.0,5607.0,12153.0,1837.866916444138,3880.0,-1.8189894035458565e-12,1740.7328568959858,0,16998.0,0,7,91,7,0,0,0,0,0,0,0.042040647011162946,runs/RetailNet__promotion__seed101__origin83
RetailNet,promotion,101,83,llm_agents,7,17320.59647273405,14850.105814607072,0.8573668832931934,13668.183159549133,0.7891288952470824,243.702599965438,12352.453290634901,1072.0272689487924,1072.0272689487924,0.06036189577414372,15554.0,5607.0,12153.0,1837.866916444138,3401.0,-1.8189894035458565e-12,1740.7328568959858,0,16512.0,0,7,91,6,0,0,21,0,6767,1040,28.11960005400033,runs/RetailNet__promotion__seed101__origin83
RetailNet,promotion,101,90,conventional,7,19191.101352998787,15364.371825263479,0.8005987536959495,20536.009298151454,1.0700797687644181,237.38795042330233,19133.64763867654,1164.9737090516073,1164.9737090516073,0.06467405257600663,16290.0,5785.0,12228.0,1483.6544656849132,4062.0,4.547473508864641e-13,1695.6282173093023,0,17308.0,0,7,91,2,0,0,0,0,0,0,0.007578027001727605,runs/RetailNet__promotion__seed101__origin90
RetailNet,promotion,101,90,structured_planner,7,19191.101352998787,15815.689336442827,0.8241157735312299,18317.120703602755,0.9544590676001269,237.50825701874015,16877.0600827798,1202.5523638042143,1202.5523638042143,0.06487658414998998,17276.0,5785.0,12751.0,1517.7582997529587,4525.0,0.0,1696.4875501338581,0,18314.0,0,7,91,7,0,0,0,0,0,0,0.040964628002257086,runs/RetailNet__promotion__seed101__origin90
RetailNet,promotion,101,90,llm_agents,7,19191.101352998787,15711.82732700008,0.8187037855722106,18736.676405529965,0.9763210594790687,229.71928505169492,17396.370129993546,1110.5869904847211,1110.5869904847211,0.06044668755699783,16611.0,5785.0,12588.0,1550.5856825152005,4023.0,-9.094947017729282e-13,1640.8520360835353,0,17630.0,0,7,91,4,0,0,21,0,6768,1038,28.391331130002072,runs/RetailNet__promotion__seed101__origin90
RetailNet,promotion,102,83,conventional,7,17306.073109636316,14780.23685547392,0.8540491399660176,13879.57511975266,0.8020060375235718,239.07539299255325,12629.181270811981,1011.3184559481257,1011.3184559481257,0.057644690831516514,15282.0,5607.0,11937.0,1752.4446885779535,3345.0,0.0,1707.6813785182374,0,15978.0,0,7,91,2,0,0,0,0,0,0,0.007528674006607616,runs/RetailNet__promotion__seed102__origin83
RetailNet,promotion,102,83,structured_planner,7,17306.073109636316,15122.851419597198,0.8738465002309818,12282.922188967323,0.7097463480682965,259.16909529951533,10916.108450195583,1107.6446434722238,1107.6446434722238,0.06152555926635693,16330.0,5607.0,12396.0,1772.5039369305755,3934.0,2.2737367544323206e-12,1851.2078235679662,0,17040.0,0,7,91,7,0,0,0,0,0,0,0.12056449200463248,runs/RetailNet__promotion__seed102__origin83
RetailNet,promotion,102,83,llm_agents,7,17306.073109636316,15013.232914548174,0.8675123940270743,12822.564862234822,0.7409286197395641,250.71924332189482,11464.200975440703,1107.6446434722238,1107.6446434722238,0.06307412126144432,16245.0,5607.0,11954.0,1440.1224419795994,4291.0,1.8189894035458565e-12,1790.8517380135343,0,16968.0,0,7,91,5,0,0,21,0,6805,1039,27.658658887001366,runs/RetailNet__promotion__seed102__origin83
RetailNet,promotion,102,90,conventional,7,19113.51338693458,15938.852340287023,0.8339048932355022,17470.405389736243,0.9140342246903954,228.8460198477115,15873.305233237785,1368.2541366507462,1368.2541366507462,0.07366502297032121,16898.0,5785.0,12789.0,1266.8935230622305,4109.0,0.0,1634.6144274836531,0,17752.0,0,7,91,2,0,0,0,0,0,0,0.011323781000101008,runs/RetailNet__promotion__seed102__origin90
RetailNet,promotion,102,90,structured_planner,7,19113.51338693458,16274.43901478689,0.8514624540934271,15696.306279343013,0.8212151246914412,240.3059873933998,14195.371860738445,1260.6284312111673,1260.6284312111673,0.06630001216004877,17784.0,5785.0,13229.0,1478.9325540019415,4555.0,0.0,1716.4713385242842,0,18616.0,0,7,91,7,0,0,0,0,0,0,0.18961456599572557,runs/RetailNet__promotion__seed102__origin90
RetailNet,promotion,102,90,llm_agents,7,19113.51338693458,16076.434698650213,0.8411030653129203,16560.59853174424,0.8664340352551072,216.75994716699705,15185.393441421833,1158.4451431554094,1158.4451431554094,0.06283262695424469,16938.0,5785.0,12652.0,1202.1201581943767,4286.0,0.0,1548.2853369071217,0,17758.0,0,7,91,2,0,0,21,0,6806,1036,27.679039362996264,runs/RetailNet__promotion__seed102__origin90
RetailNet,promotion,103,83,conventional,7,17198.39436196981,14650.248879140614,0.8518381757506491,13977.896875201519,0.8127442935086043,247.02721572402373,12740.727414145986,990.1422453315085,990.1422453315085,0.056274069072549504,15075.0,5607.0,11988.0,1954.6088755278781,3087.0,0.0,1764.4801123144548,0,15870.0,0,7,91,2,0,0,0,0,0,0,0.008004697003343608,runs/RetailNet__promotion__seed103__origin83
RetailNet,promotion,103,83,structured_planner,7,17198.39436196981,14860.831648409097,0.8640825030312317,13061.776327943498,0.7594764983890899,261.82051480842165,11687.81356780357,1112.1422453315085,1112.1422453315085,0.06229092894205828,15871.0,5607.0,12247.0,1881.0261062593945,3624.0,0.0,1870.146534345869,0,16652.0,0,7,91,7,0,0,0,0,0,0,0.04101790599816013,runs/RetailNet__promotion__seed103__origin83
RetailNet,promotion,103,83,llm_agents,7,17198.39436196981,14718.607415879287,0.855812880324806,13612.438272092222,0.791494716634299,247.3612963080838,12398.934730452629,966.1422453315085,966.1422453315085,0.05560850957358746,15700.0,5607.0,11767.0,1689.2503387892068,3933.0,-1.8189894035458565e-12,1766.8664022005983,0,16492.0,0,7,91,4,0,0,21,0,6821,1072,28.140746493001643,runs/RetailNet__promotion__seed103__origin83
RetailNet,promotion,103,90,conventional,7,19055.707642867306,15684.058538133537,0.8230635582827173,18215.101345817493,0.9558869020870784,234.29717164808758,16858.24552366885,1122.5586505005526,1122.5586505005526,0.06100199165854541,16761.0,5785.0,12617.0,1595.3828113659126,4144.0,-1.8189894035458565e-12,1673.5512260577686,0,17684.0,0,7,91,2,0,0,0,0,0,0,0.007795162000547862,runs/RetailNet__promotion__seed103__origin90
RetailNet,promotion,103,90,structured_planner,7,19055.707642867306,15865.733199958731,0.8325974294582229,17352.42655112558,0.9106156998384011,245.97553717241732,15949.872214542866,1156.5787994102986,1156.5787994102986,0.061454771488326176,17178.0,5785.0,13035.0,1797.6880006309693,4143.0,9.094947017729282e-13,1756.9681226601238,0,18078.0,0,7,91,7,0,0,0,0,0,0,0.040393995008344064,runs/RetailNet__promotion__seed103__origin90
RetailNet,promotion,103,90,llm_agents,7,19055.707642867306,15730.872793381886,0.8255202634403382,17940.495617690332,0.9414762208742006,229.76271976268742,16624.17424742709,1086.5586505005526,1086.5586505005526,0.05942349742961732,16491.0,5785.0,12500.0,1467.5685561175605,3991.0,9.094947017729282e-13,1641.1622840191958,0,17396.0,0,7,91,3,0,0,21,0,6820,1071,28.34348022899576,runs/RetailNet__promotion__seed103__origin90
RetailNet,promotion,104,83,conventional,7,17077.389054393614,14279.061293247589,0.8361384312184373,15196.847785123195,0.8898812187694114,246.26936388261464,13991.638805730134,958.9396155104432,958.9396155104432,0.056822684019343636,14986.0,5607.0,11269.0,1637.999091241969,3717.0,-9.094947017729282e-13,1759.0668848758191,0,15474.0,0,7,91,2,0,0,0,0,0,0,0.008133742991049075,runs/RetailNet__promotion__seed104__origin83
RetailNet,promotion,104,83,structured_planner,7,17077.389054393614,14535.171821034026,0.8511354853331321,14093.941129541588,0.8252983570644569,259.56455558021094,12711.086166797944,1123.2904071634307,1123.2904071634307,0.06441624080533494,15868.0,5607.0,11831.0,1779.5377718025434,4037.0,-4.547473508864641e-13,1854.0325398586494,0,16446.0,0,7,91,7,0,0,0,0,0,0,0.04222820699578733,runs/RetailNet__promotion__seed104__origin83
RetailNet,promotion,104,83,llm_agents,7,17077.389054393614,14484.171821034026,0.8481490803365861,14340.367742560185,0.8397283505625085,250.99116859880647,12966.086166797944,1123.2904071634307,1123.2904071634307,0.0649375885746,15209.0,5607.0,11691.0,1690.5377718025431,3518.0,0.0,1792.7940614200463,0,15778.0,0,7,91,4,0,0,21,0,6767,1041,27.7364834629916,runs/RetailNet__promotion__seed104__origin83
RetailNet,promotion,104,90,conventional,7,19069.703718291457,15574.947365724183,0.8167377740003826,19023.5976140544,0.9975822327961587,233.02546832825598,17473.781762836363,1316.790382889779,1316.790382889779,0.07337514671178975,16616.0,5785.0,12161.0,1054.2622513860365,4455.0,1.8189894035458565e-12,1664.4676309161146,0,17132.0,0,7,91,2,0,0,0,0,0,0,0.008120084999973187,runs/RetailNet__promotion__seed104__origin90
RetailNet,promotion,104,90,structured_planner,7,19069.703718291457,15733.940971457265,0.8250752714299088,18147.760253148666,0.9516540225919465,234.80870686350218,16678.813734170966,1234.1378121141993,1234.1378121141993,0.06723348290009802,17374.0,5785.0,12571.0,1387.9212164285364,4803.0,0.0,1677.2050490250156,0,17948.0,0,7,91,7,0,0,0,0,0,0,0.04177185400840244,runs/RetailNet__promotion__seed104__origin90
RetailNet,promotion,104,90,llm_agents,7,19069.703718291457,15531.229466493594,0.8144452423556117,19075.44668974672,1.0003011568265612,218.93761864321715,17692.371258989304,1164.1378121141993,1164.1378121141993,0.0653056104630427,17173.0,5785.0,12041.0,1130.632721392204,5132.0,2.7284841053187847e-12,1563.8401331658367,0,17710.0,0,7,91,4,0,0,21,0,6767,1038,26.015128412993363,runs/RetailNet__promotion__seed104__origin90
RetailNet,promotion,105,83,conventional,7,17237.074497466434,14642.972780226803,0.8495045248182387,14314.832912169531,0.8304676593625894,231.39306100083763,12970.508586198162,1112.931264970532,1112.931264970532,0.06512940455117815,15196.0,5607.0,11481.0,1332.0959548026653,3715.0,4.547473508864641e-13,1652.807578577412,0,15886.0,0,7,91,2,0,0,0,0,0,0,0.007977506007591728,runs/RetailNet__promotion__seed105__origin83
RetailNet,promotion,105,83,structured_planner,7,17237.074497466434,15062.072749476332,0.873818393700753,12146.843974945346,0.7046928976683794,249.55073317378088,10875.008739950521,1022.2845018210446,1022.2845018210446,0.057460766782139544,16192.0,5607.0,12184.0,1706.642748702625,4008.0,-1.8189894035458565e-12,1782.5052369555776,0,16982.0,0,7,91,7,0,0,0,0,0,0,0.04513644499093061,runs/RetailNet__promotion__seed105__origin83
RetailNet,promotion,105,83,llm_agents,7,17237.074497466434,14886.137042288823,0.8636115742539049,13008.28364071618,0.754668876242786,234.311863007069,11754.687275888067,1019.2845018210446,1019.2845018210446,0.05885014444694253,15443.0,5607.0,11713.0,1414.5784558901344,3730.0,-1.8189894035458565e-12,1673.6561643362072,0,16230.0,0,7,91,4,0,0,21,0,6806,1038,26.64018996199593,runs/RetailNet__promotion__seed105__origin83
RetailNet,promotion,105,90,conventional,7,19018.43945931861,15585.196488719113,0.8194781975701332,18775.678095016076,0.9872354740344593,228.0350464866092,17166.214852997487,1381.4281955319802,1381.4281955319802,0.07692550370486581,16674.0,5785.0,12173.0,991.3753157489049,4501.0,1.8189894035458565e-12,1628.821760618637,0,17426.0,0,7,91,2,0,0,0,0,0,0,0.008092246003798209,runs/RetailNet__promotion__seed105__origin90
RetailNet,promotion,105,90,structured_planner,7,19018.43945931861,15907.560155818072,0.836428256369043,17129.740131010058,0.9006911512193955,238.66831537158131,15554.396517502704,1336.675298135776,1336.675298135776,0.0720618522904618,17363.0,5785.0,12764.0,1304.764546046152,4599.0,9.094947017729282e-13,1704.7736812255805,0,18252.0,0,7,91,7,0,0,0,0,0,0,0.04364862700458616,runs/RetailNet__promotion__seed105__origin90
RetailNet,promotion,105,90,llm_agents,7,19018.43945931861,15723.159872642971,0.8267323881265649,18044.960341729005,0.9488139329374565,231.88711021501487,16476.397933378215,1336.675298135776,1336.675298135776,0.0738086857060064,16722.0,5785.0,12325.0,1050.1648292212546,4397.0,-1.8189894035458565e-12,1656.3365015358202,0,17562.0,0,7,91,4,0,0,21,0,6805,1038,26.936420997000823,runs/RetailNet__promotion__seed105__origin90
RetailNet,promotion,106,83,conventional,7,17185.753010433524,14663.830846997429,0.8532550676187987,13815.953321818784,0.8039189969407262,238.144735638406,12609.610817180454,968.1977689999251,968.1977689999251,0.055868307501438265,15163.0,5607.0,11723.0,1697.9713840026463,3440.0,0.0,1701.0338259886144,0,15784.0,0,7,91,2,0,0,0,0,0,0,0.007806087000062689,runs/RetailNet__promotion__seed106__origin83
RetailNet,promotion,106,83,structured_planner,7,17185.753010433524,14893.058498689847,0.8665933049106562,12727.429727184994,0.7405802771317691,245.97270037226005,11463.472558718378,1017.9844680943539,1017.9844680943539,0.05760437234576471,16068.0,5607.0,12065.0,1760.9570332158023,4003.0,-3.183231456205249e-12,1756.9478598018575,0,16718.0,0,7,91,7,0,0,0,0,0,0,0.041811442002654076,runs/RetailNet__promotion__seed106__origin83
RetailNet,promotion,106,83,llm_agents,7,17185.753010433524,14738.325068613665,0.8575897174634118,13360.903973593353,0.7774407071649352,231.003744064055,12237.139709099285,892.7605204300139,892.7605204300139,0.05134053254528805,15266.0,5607.0,11782.0,1757.9144109563233,3484.0,-2.7284841053187847e-12,1650.0267433146787,0,15902.0,0,7,91,3,0,0,21,0,6820,1037,25.99963399900298,runs/RetailNet__promotion__seed106__origin83
RetailNet,promotion,106,90,conventional,7,19051.51827827865,15322.626254660065,0.8042732359094952,20216.559859950044,1.0611521646020046,243.41432712279513,18644.460118092928,1328.6854147343186,1328.6854147343186,0.07449458481354107,16472.0,5785.0,12051.0,1184.6883306056156,4421.0,1.8189894035458565e-12,1738.6737651628225,0,17080.0,0,7,91,2,0,0,0,0,0,0,0.007812581010512076,runs/RetailNet__promotion__seed106__origin90
RetailNet,promotion,106,90,structured_planner,7,19051.51827827865,15714.994484243787,0.8248683519444768,18250.352759302667,0.9579474188212378,243.048374394035,16682.618970174313,1324.6854147343186,1324.6854147343186,0.0723160505914575,17406.0,5785.0,12533.0,1278.3201010218932,4873.0,1.8189894035458565e-12,1736.0598171002496,0,18088.0,0,7,91,7,0,0,0,0,0,0,0.04273317199840676,runs/RetailNet__promotion__seed106__origin90
RetailNet,promotion,106,90,llm_agents,7,19051.51827827865,15638.831715488448,0.8208706249579524,18601.40985845447,0.9763741443989078,235.29162976914176,17063.43281395101,1302.6854147343186,1302.6854147343186,0.07195169371633905,17292.0,5785.0,12320.0,1163.4828697772323,4972.0,1.8189894035458565e-12,1680.6544983510123,0,17888.0,0,7,91,5,0,0,21,0,6821,1073,27.599189452987048,runs/RetailNet__promotion__seed106__origin90
RetailNet,promotion,107,83,conventional,7,17033.389566046135,14366.01003578468,0.8434028928934655,14521.94434462239,0.8525575187671404,249.21542399644812,13336.897651307274,935.8312693186676,935.8312693186676,0.054156902159645116,14880.0,5607.0,11673.0,1978.1586948966515,3207.0,9.094947017729282e-13,1780.1101714032006,0,15596.0,0,7,91,2,0,0,0,0,0,0,0.007467971990990918,runs/RetailNet__promotion__seed107__origin83
RetailNet,promotion,107,83,structured_planner,7,17033.389566046135,14649.965681500846,0.8600734237126627,13155.139756801793,0.7723148528831201,254.5157085190907,11917.119422726453,983.5046255562477,983.5046255562477,0.05558721672730728,15830.0,5607.0,12086.0,2059.529692942908,3744.0,-9.094947017729282e-13,1817.9693465649336,0,16642.0,0,7,91,7,0,0,0,0,0,0,0.053502203001698945,runs/RetailNet__promotion__seed107__origin83
RetailNet,promotion,107,83,llm_agents,7,17033.389566046135,14649.965681500846,0.8600734237126627,13155.139756801793,0.7723148528831201,254.5157085190907,11917.119422726453,983.5046255562477,983.5046255562477,0.05558721672730728,15342.0,5607.0,12086.0,2059.529692942908,3256.0,-9.094947017729282e-13,1817.9693465649336,0,16132.0,0,7,91,6,0,0,21,0,6767,1040,25.725356488001125,runs/RetailNet__promotion__seed107__origin83
RetailNet,promotion,107,90,conventional,7,19082.874430510896,15346.556312375478,0.804205695963625,20289.512121051343,1.0632314431944907,236.41240324452522,18681.5905906771,1371.5091271297179,1371.5091271297179,0.0766249023481601,16431.0,5785.0,12114.0,1180.9345604948062,4317.0,-1.8189894035458565e-12,1688.6600231751806,0,17250.0,0,7,91,2,0,0,0,0,0,0,0.007503684981202241,runs/RetailNet__promotion__seed107__origin90
RetailNet,promotion,107,90,structured_planner,7,19082.874430510896,15651.05469302458,0.820162326698576,18735.020275940067,0.9817713963461051,232.12483283891683,17159.098687431586,1343.796755669564,1343.796755669564,0.07319154442644683,17074.0,5785.0,12575.0,1365.1485513058572,4499.0,-9.094947017729282e-13,1658.0345202779774,0,18028.0,0,7,91,7,0,0,0,0,0,0,0.040043500004685484,runs/RetailNet__promotion__seed107__origin90
RetailNet,promotion,107,90,llm_agents,7,19082.874430510896,15453.747438521938,0.8098228332841471,19695.32019302187,1.0320939995041711,219.88847740750785,18145.6349599448,1329.796755669564,1329.796755669564,0.0741949872046847,16375.0,5785.0,12138.0,1139.4558058085001,4237.0,-1.8189894035458565e-12,1570.6319814821989,0,17290.0,0,7,91,4,0,0,21,0,6767,1038,26.69773673900636,runs/RetailNet__promotion__seed107__origin90
RetailNet,promotion,108,83,conventional,7,16933.576233098927,14463.194091452986,0.8541133835145083,13636.55508493143,0.8052968195977982,250.62125560865022,12351.910708229694,1034.023121093087,1034.023121093087,0.05940613128191928,15010.0,5607.0,11799.0,1908.7827874539248,3211.0,2.2737367544323206e-12,1790.151825776073,0,15810.0,0,7,91,2,0,0,0,0,0,0,0.007835893011360895,runs/RetailNet__promotion__seed108__origin83
RetailNet,promotion,108,83,structured_planner,7,16933.576233098927,14762.685002287883,0.8717996009273133,12258.32235280238,0.7239062903228828,266.82930282557186,10854.45615405523,1137.0368959215807,1137.0368959215807,0.0638354421694128,16031.0,5607.0,12205.0,1912.2781017905381,3826.0,-1.8189894035458565e-12,1905.9235916112277,0,16892.0,0,7,91,7,0,0,0,0,0,0,0.04132931100321002,runs/RetailNet__promotion__seed108__origin83
RetailNet,promotion,108,83,llm_agents,7,16933.576233098927,14662.280878023075,0.8658703085626825,12589.510283960124,0.7434643521639718,253.01038748777734,11356.47677537926,980.0231210930871,980.0231210930871,0.05555056802477537,15216.0,5607.0,12035.0,1999.6960008838382,3181.0,-4.547473508864641e-13,1807.2170534841237,0,16008.0,0,7,91,3,0,0,21,0,6806,1037,27.592894303008507,runs/RetailNet__promotion__seed108__origin83
RetailNet,promotion,108,90,conventional,7,18839.528410096616,15648.121840727257,0.8306005065573193,17514.866645525733,0.9296871059754892,237.23371767763706,15957.032846846792,1320.6000810013015,1320.6000810013015,0.07212846583654495,16674.0,5785.0,12524.0,1340.278078271441,4150.0,9.094947017729282e-13,1694.5265548402647,0,17624.0,0,7,91,2,0,0,0,0,0,0,0.007797374993970152,runs/RetailNet__promotion__seed108__origin90
RetailNet,promotion,108,90,structured_planner,7,18839.528410096616,15934.012215163939,0.845775534732837,16112.909248189382,0.8552713686587842,240.72819252469995,14527.58097466338,1344.6000810013015,1344.6000810013015,0.07181925440665002,17477.0,5785.0,12937.0,1443.387703834759,4540.0,9.094947017729282e-13,1719.4870894621424,0,18524.0,0,7,91,7,0,0,0,0,0,0,0.041648527010693215,runs/RetailNet__promotion__seed108__origin90
RetailNet,promotion,108,90,llm_agents,7,18839.528410096616,15920.012215163939,0.8450324163439235,16181.269248189383,0.8588999095920787,239.08819252469993,14597.58097466338,1344.6000810013015,1344.6000810013015,0.07218941699781496,17446.0,5785.0,12841.0,1361.387703834759,4605.0,9.094947017729282e-13,1707.7728037478569,0,18448.0,0,7,91,6,0,0,21,0,6806,1040,26.97253103699768,runs/RetailNet__promotion__seed108__origin90
RetailNet,promotion,109,83,conventional,7,17136.815407860064,14616.81673791874,0.8529482514711871,13893.218185431944,0.8107234544324733,243.4288044557234,12599.993349706621,1049.7960312695998,1049.7960312695998,0.06013955266209898,14686.0,5607.0,11849.0,1789.3872308116586,2837.0,1.8189894035458565e-12,1738.7771746837386,0,15614.0,0,7,91,2,0,0,0,0,0,0,0.007917902985354885,runs/RetailNet__promotion__seed109__origin83
RetailNet,promotion,109,83,structured_planner,7,17136.815407860064,14945.335617824518,0.8721186090952238,12224.642121250428,0.7133555348704642,251.95193025681453,10957.398950177736,1015.2912408158791,1015.2912408158791,0.056650554671123704,15712.0,5607.0,12315.0,1961.3731413596017,3397.0,1.8189894035458565e-12,1799.6566446915326,0,16730.0,0,7,91,7,0,0,0,0,0,0,0.04298600000765873,runs/RetailNet__promotion__seed109__origin83
RetailNet,promotion,109,83,llm_agents,7,17136.815407860064,14827.421023754052,0.8652378327511906,12692.474379218023,0.7406553713239173,238.31385253058204,11546.971920530073,907.1886061573684,907.1886061573684,0.05101150506957762,14989.0,5607.0,12177.0,2049.3903700885803,2812.0,-9.094947017729282e-13,1702.2418037898717,0,15926.0,0,7,91,4,0,0,21,0,6821,1038,26.975289759997395,runs/RetailNet__promotion__seed109__origin83
RetailNet,promotion,109,90,conventional,7,19164.090591470045,15771.528103429348,0.8229729466238941,18321.103856283567,0.9560121712448129,228.575048550988,16962.81244020349,1129.7163675290897,1129.7163675290897,0.06146109393009573,16236.0,5785.0,12596.0,1479.755529041563,3640.0,0.0,1632.6789182213429,0,17470.0,0,7,91,2,0,0,0,0,0,0,0.007764640009554569,runs/RetailNet__promotion__seed109__origin90
RetailNet,promotion,109,90,structured_planner,7,19164.090591470045,16057.069883974627,0.8378727812485736,16863.589683073802,0.8799577314970428,233.05093299428506,15535.103537477085,1095.4352126024305,1095.4352126024305,0.057886028989771215,16847.0,5785.0,13139.0,1771.4949034229412,3708.0,9.094947017729282e-13,1664.6495213877502,0,18064.0,0,7,91,7,0,0,0,0,0,0,0.04197962901525898,runs/RetailNet__promotion__seed109__origin90
RetailNet,promotion,109,90,llm_agents,7,19164.090591470045,15936.367656706307,0.8315744272154296,17458.254863960774,0.9109879115125588,224.20497753965145,16138.61467381869,1095.4352126024305,1095.4352126024305,0.05947310997352899,16233.0,5785.0,12634.0,1387.1971306912624,3599.0,4.547473508864641e-13,1601.4641252832246,0,17386.0,0,7,91,4,0,0,21,0,6821,1072,29.083121904994186,runs/RetailNet__promotion__seed109__origin90
RetailNet,promotion,110,83,conventional,7,17164.603826783634,14553.927358103534,0.8479034823625581,14347.035960789206,0.8358501079064874,239.49479643453293,13053.382343400503,1054.158820954173,1054.158820954173,0.060629137916499286,15001.0,5607.0,11780.0,1778.9138209422958,3221.0,-3.183231456205249e-12,1710.677117389521,0,16082.0,0,7,91,2,0,0,0,0,0,0,0.007992083999852184,runs/RetailNet__promotion__seed110__origin83
RetailNet,promotion,110,83,structured_planner,7,17164.603826783634,14920.934682005523,0.8692851191078997,12556.339516637445,0.7315251574315128,256.4613803245654,11218.345723890554,1081.5324124223253,1081.5324124223253,0.060245789462027924,15850.0,5607.0,12345.0,1949.532905572154,3505.0,-2.7284841053187847e-12,1831.8670023183242,0,16788.0,0,7,91,7,0,0,0,0,0,0,0.042416800002683885,runs/RetailNet__promotion__seed110__origin83
RetailNet,promotion,110,83,llm_agents,7,17164.603826783634,14854.552826770365,0.8654177501953952,12759.217217515778,0.7433446962292427,252.73601977855137,11550.255000066338,956.2261976708874,956.2261976708874,0.05336679303889314,15326.0,5607.0,12311.0,2107.2209755587483,3015.0,0.0,1805.2572841325098,0,16184.0,0,7,91,5,0,0,21,0,6768,1073,27.25943169499078,runs/RetailNet__promotion__seed110__origin83
RetailNet,promotion,110,90,conventional,7,19215.353245585957,15449.628173602194,0.8040251967343456,20426.968544462048,1.063054542031613,240.58453747933046,18828.625359918824,1357.7586470638985,1357.7586470638985,0.07483237693253408,16297.0,5785.0,12359.0,1336.6131793339098,3938.0,-1.8189894035458565e-12,1718.460981995218,0,17420.0,0,7,91,2,0,0,0,0,0,0,0.008201898002880625,runs/RetailNet__promotion__seed110__origin90
RetailNet,promotion,110,90,structured_planner,7,19215.353245585957,15767.62511866487,0.8205743041589371,18756.685524285935,0.9761301436701204,243.90203303405212,17238.64063460543,1274.142856646456,1274.142856646456,0.06844710484267827,16880.0,5785.0,12830.0,1573.2320246886732,4050.0,9.094947017729282e-13,1742.1573788146582,0,17820.0,0,7,91,7,0,0,0,0,0,0,0.04680498800735222,runs/RetailNet__promotion__seed110__origin90
RetailNet,promotion,110,90,llm_agents,7,19215.353245585957,15585.271952707528,0.8110843320711624,19565.697394152914,1.0182325114760737,230.48428648964384,18150.406464392137,1184.8066432711341,1184.8066432711341,0.06541194960918313,16725.0,5785.0,12328.0,1342.921404021337,4397.0,1.8189894035458565e-12,1646.3163320688843,0,17600.0,0,7,91,4,0,0,21,0,6767,1038,26.030807895011094,runs/RetailNet__promotion__seed110__origin90
RetailNet,promotion,111,83,conventional,7,17047.69201615556,14452.234934434739,0.8477531692113403,14364.909654456415,0.8426307585122516,245.5751348011335,12977.285408604112,1142.0491110511693,1142.0491110511693,0.06563123447222398,15073.0,5607.0,11794.0,1806.7159545140926,3279.0,-4.547473508864641e-13,1754.108105722382,0,15964.0,0,7,91,2,0,0,0,0,0,0,0.007887756008130964,runs/RetailNet__promotion__seed111__origin83
RetailNet,promotion,111,83,structured_planner,7,17047.69201615556,14833.930850097688,0.8701430572560813,12531.980968959246,0.735113055602077,259.1673886570272,11068.80583028936,1204.0077500128582,1204.0077500128582,0.06742497340050727,16149.0,5607.0,12250.0,1819.0613998894537,3899.0,4.547473508864641e-13,1851.1956332644797,0,17064.0,0,7,91,7,0,0,0,0,0,0,0.04228328399040038,runs/RetailNet__promotion__seed111__origin83
RetailNet,promotion,111,83,llm_agents,7,17047.69201615556,14802.230404448606,0.8682835418671923,12689.477206117639,0.7443516221487473,258.1613975700088,11227.30805853477,1204.0077500128582,1204.0077500128582,0.06773601969130004,16146.0,5607.0,12168.0,1768.761845538536,3978.0,-4.547473508864641e-13,1844.00998264292,0,17040.0,0,7,91,6,0,0,21,0,6805,1043,25.840242485013732,runs/RetailNet__promotion__seed111__origin83
RetailNet,promotion,111,90,conventional,7,19260.38989898898,15574.247336588745,0.8086153716652575,19917.381908489173,1.0341110441141528,237.06378327044507,18430.712812001184,1249.6053132175475,1249.6053132175475,0.06914593366630963,16614.0,5785.0,12287.0,1248.1473501937076,4327.0,0.0,1693.3127376460363,0,17624.0,0,7,91,2,0,0,0,0,0,0,0.007987156001036055,runs/RetailNet__promotion__seed111__origin90
RetailNet,promotion,111,90,structured_planner,7,19260.38989898898,15897.731476304529,0.8254106775449565,18303.336726003174,0.9503097716087231,235.43929936335152,16813.29211342227,1254.6053132175475,1254.6053132175475,0.0674518985600832,17414.0,5785.0,12815.0,1447.6632104779253,4599.0,-1.8189894035458565e-12,1681.7092811667965,0,18422.0,0,7,91,7,0,0,0,0,0,0,0.042076008998265024,runs/RetailNet__promotion__seed111__origin90
RetailNet,promotion,111,90,llm_agents,7,19260.38989898898,15628.14148790379,0.8114135575585698,19540.541984243842,1.0145455043601983,216.47946780457704,18161.242055425962,1162.820461013298,1162.820461013298,0.06445432409585378,17049.0,5785.0,12256.0,1250.0380510829136,4793.0,-9.094947017729282e-13,1546.2819128898357,0,18000.0,0,7,91,3,0,0,21,0,6806,1037,26.267185257995152,runs/RetailNet__promotion__seed111__origin90
RetailNet,promotion,112,83,conventional,7,16943.342598206567,14433.803371645754,0.8518864142647717,13874.297663910082,0.8188642579521859,243.76438222076206,12547.696132804072,1082.8371488852465,1082.8371488852465,0.06268958194206256,14738.0,5607.0,11666.0,1756.3594794690005,3072.0,-9.094947017729282e-13,1741.1741587197287,0,16086.0,0,7,91,2,0,0,0,0,0,0,0.012796053997590207,runs/RetailNet__promotion__seed112__origin83
RetailNet,promotion,112,83,structured_planner,7,16943.342598206567,14759.626734507798,0.8711165845203465,12382.758160093184,0.7308332513682326,263.2351606173771,10918.57931849384,1200.943680981969,1200.943680981969,0.06709932288423115,15818.0,5607.0,12291.0,1937.4295845102313,3527.0,1.8189894035458565e-12,1880.2511472669792,0,17092.0,0,7,91,7,0,0,0,0,0,0,0.05805907098692842,runs/RetailNet__promotion__seed112__origin83
RetailNet,promotion,112,83,llm_agents,7,16943.342598206567,14589.047246478513,0.8610489436731773,13031.041720557516,0.7690950970876806,242.72781303199054,11771.476758640278,1016.8371488852466,1016.8371488852466,0.05849606793333985,15020.0,5607.0,11776.0,1777.1156046362414,3244.0,0.0,1733.7700930856465,0,16266.0,0,7,91,3,0,0,21,0,6821,1037,27.550687293994997,runs/RetailNet__promotion__seed112__origin83
RetailNet,promotion,112,90,conventional,7,18865.514251225737,15552.251728689653,0.8243746511007081,18203.956228874275,0.9649329451855001,235.47906463091417,16566.31261268042,1402.164551562942,1402.164551562942,0.077080124872901,16232.0,5785.0,12406.0,1236.5837197474032,3826.0,1.8189894035458565e-12,1681.9933187922436,0,17626.0,0,7,91,2,0,0,0,0,0,0,0.007625419988471549,runs/RetailNet__promotion__seed112__origin90
RetailNet,promotion,112,90,structured_planner,7,18865.514251225737,15755.611914034323,0.8351541179435723,17147.656911068367,0.9089419287870323,243.34196157435173,15549.511685957073,1354.8032635369432,1354.8032635369432,0.07274502059369325,17006.0,5785.0,12839.0,1513.5848224287336,4167.0,-9.094947017729282e-13,1738.1568683882267,0,18324.0,0,7,91,7,0,0,0,0,0,0,0.040323309985978995,runs/RetailNet__promotion__seed112__origin90
RetailNet,promotion,112,90,llm_agents,7,18865.514251225737,15685.030603837435,0.8314128305735605,17483.831487555388,0.9267614576909518,234.6099870769262,15902.418236941518,1346.8032635369432,1346.8032635369432,0.07293026823723091,16911.0,5785.0,12682.0,1435.1661326256224,4229.0,-9.094947017729282e-13,1675.7856219780442,0,18154.0,0,7,91,5,0,0,21,0,6821,1107,28.51987594000093,runs/RetailNet__promotion__seed112__origin90
RetailNet,promotion,113,83,conventional,7,17134.529098053707,14584.749442382099,0.8511905614049683,14021.984138319167,0.8183466296667534,236.21726487310255,12748.898278358029,1036.8685950880345,1036.8685950880345,0.0593310022366694,15256.0,5607.0,11869.0,1854.3819625298665,3387.0,0.0,1687.2661776650182,0,15794.0,0,7,91,2,0,0,0,0,0,0,0.013689507002709433,runs/RetailNet__promotion__seed113__origin83
RetailNet,promotion,113,83,structured_planner,7,17134.529098053707,14953.441276786987,0.8727080383251112,12292.369680950784,0.717403414509189,247.19452474328062,10905.439106333579,1139.7360498739267,1139.7360498739267,0.06367240502088976,16143.0,5607.0,12293.0,1806.8226733390843,3850.0,1.3642420526593924e-12,1765.6751767377189,0,16678.0,0,7,91,7,0,0,0,0,0,0,0.05653675000939984,runs/RetailNet__promotion__seed113__origin83
RetailNet,promotion,113,83,llm_agents,7,17134.529098053707,14793.48054822483,0.8633724605775834,12925.571365555414,0.754358132142868,232.5552579815159,11705.242749144367,987.7733584295315,987.7733584295315,0.05684045105475495,15435.0,5607.0,11771.0,1596.7460933456375,3664.0,9.094947017729282e-13,1661.108985582256,0,15996.0,0,7,91,3,0,0,21,0,6767,1037,25.707295541003987,runs/RetailNet__promotion__seed113__origin83
RetailNet,promotion,113,90,conventional,7,19142.311622494297,15730.229694127049,0.8217518345925535,18605.488257730987,0.97195618923409,225.98121154009252,17060.40964183624,1319.0974043546598,1319.0974043546598,0.07223972641591785,16654.0,5785.0,12475.0,1210.6729015182925,4179.0,-9.094947017729282e-13,1614.1515110006603,0,17252.0,0,7,91,2,0,0,0,0,0,0,0.007762886001728475,runs/RetailNet__promotion__seed113__origin90
RetailNet,promotion,113,90,structured_planner,7,19142.311622494297,16023.912586135197,0.8370939154132961,17086.478739303337,0.8926026843709339,231.77275770525608,15591.995181795503,1262.7107998025754,1262.7107998025754,0.06794978204824707,17259.0,5785.0,12798.0,1296.3766140622304,4461.0,-1.8189894035458565e-12,1655.519697894686,0,17836.0,0,7,91,7,0,0,0,0,0,0,0.04242085099394899,runs/RetailNet__promotion__seed113__origin90
RetailNet,promotion,113,90,llm_agents,7,19142.311622494297,15854.49604734085,0.8282435455031509,17897.00028918624,0.9349445689806511,217.21161361642564,16439.077875767234,1240.7107998025754,1240.7107998025754,0.06876410795336559,17094.0,5785.0,12258.0,947.7931528565763,4836.0,-9.094947017729282e-13,1551.5115258316116,0,17646.0,0,7,91,4,0,0,21,0,6768,1038,26.584992126001453,runs/RetailNet__promotion__seed113__origin90
RetailNet,promotion,114,83,conventional,7,17249.394142382804,14246.498404271866,0.8259129733297332,16180.129566355225,0.9380114705941855,248.37100278321938,15014.478690554692,917.279873017312,917.279873017312,0.054357325808433304,14704.0,5607.0,11268.0,1711.221722710822,3436.0,0.0,1774.0785913087095,0,15326.0,0,7,91,2,0,0,0,0,0,0,0.00778748399898177,runs/RetailNet__promotion__seed114__origin83
RetailNet,promotion,114,83,structured_planner,7,17249.394142382804,14403.453545441904,0.8350121416758487,15481.309895213904,0.8974987624159733,254.3510932773408,14229.70298470451,997.2558172320521,997.2558172320521,0.05781863504360228,15565.0,5607.0,11641.0,1847.290637326045,3924.0,-9.094947017729282e-13,1816.793523409577,0,16182.0,0,7,91,7,0,0,0,0,0,0,0.06765153499873122,runs/RetailNet__promotion__seed114__origin83
RetailNet,promotion,114,83,llm_agents,7,17249.394142382804,14246.831457742504,0.8259322814554501,16153.613735327972,0.9364742669794742,239.54449489441595,15012.813423201504,901.2558172320521,901.2558172320521,0.05308061824795642,14797.0,5607.0,11372.0,1830.912725025444,3425.0,-9.094947017729282e-13,1711.0321063886856,0,15378.0,0,7,91,3,0,0,21,0,6805,1037,26.85219129199686,runs/RetailNet__promotion__seed114__origin83
RetailNet,promotion,114,90,conventional,7,19286.131854597297,15149.727882189629,0.7855244377880959,22283.6311009506,1.1554225216830496,227.32614487500484,20682.019862038338,1374.2850940372573,1374.2850940372573,0.07833808892648106,16414.0,5785.0,11758.0,1018.987023773114,4656.0,0.0,1623.758177678606,0,17262.0,0,7,91,2,0,0,0,0,0,0,0.007431195997924078,runs/RetailNet__promotion__seed114__origin90
RetailNet,promotion,114,90,structured_planner,7,19286.131854597297,15195.203751393683,0.7878823947670748,21969.94813827415,1.1391578313324195,230.02252821883087,20454.640516018062,1285.2850940372573,1285.2850940372573,0.07244716160516641,16635.0,5785.0,11956.0,1260.5111545690588,4679.0,9.094947017729282e-13,1643.0180587059347,0,17524.0,0,7,91,7,0,0,0,0,0,0,0.039193186014017556,runs/RetailNet__promotion__seed114__origin90
RetailNet,promotion,114,90,llm_agents,7,19286.131854597297,15044.976133806114,0.7800929832500235,22597.52659065503,1.1716982317150542,217.46289266186116,21205.778603955914,1174.2850940372573,1174.2850940372573,0.06715572995752357,15821.0,5785.0,11701.0,1266.738772156629,4120.0,-9.094947017729282e-13,1553.3063761561514,0,16682.0,0,7,91,3,0,0,21,0,6805,1037,28.099066776987456,runs/RetailNet__promotion__seed114__origin90
RetailNet,promotion,115,83,conventional,7,17181.038115194286,14539.281051982452,0.8462399625971635,14627.420460642634,0.851370002357813,236.94810116895673,13208.785316059171,1181.6870434145048,1181.6870434145048,0.06845597517173589,15179.0,5607.0,11655.0,1541.0319046030424,3524.0,0.0,1692.4864369211193,0,15980.0,0,7,91,2,0,0,0,0,0,0,0.007612343993969262,runs/RetailNet__promotion__seed115__origin83
RetailNet,promotion,115,83,structured_planner,7,17181.038115194286,14917.542994287247,0.8682562074694843,12793.289783644088,0.7446168094074692,243.97194628339332,11317.475604535195,1231.8422328254974,1231.8422328254974,0.0692629875077592,16126.0,5607.0,12178.0,1635.6147728872545,3948.0,9.094947017729282e-13,1742.656759167095,0,16834.0,0,7,91,7,0,0,0,0,0,0,0.10827660499489866,runs/RetailNet__promotion__seed115__origin83
RetailNet,promotion,115,83,llm_agents,7,17181.038115194286,14662.598063233432,0.853417469009999,13877.642886757287,0.8077301728633268,221.96701758012017,12592.20025980427,1063.475609372896,1063.475609372896,0.061905559658472324,15798.0,5607.0,11572.0,1452.9263273936713,4226.0,9.094947017729282e-13,1585.4786970008583,0,16476.0,0,7,91,3,0,0,21,0,6821,1037,27.954063927994866,runs/RetailNet__promotion__seed115__origin83
RetailNet,promotion,115,90,conventional,7,19242.23010621866,15464.293852032393,0.8036643240761724,20589.790175164504,1.0700313872928036,246.4146856512593,18889.68127093134,1453.6942185819032,1453.6942185819032,0.07982506279621675,16473.0,5785.0,12426.0,1293.0119293857026,4047.0,9.094947017729282e-13,1760.1048975089948,0,17108.0,0,7,91,2,0,0,0,0,0,0,0.008432586982962675,runs/RetailNet__promotion__seed115__origin90
RetailNet,promotion,115,90,structured_planner,7,19242.23010621866,15778.216782308873,0.8199785937083096,18871.284683332986,0.98072232683852,248.40455984625925,17320.066619548943,1302.8135039377835,1302.8135039377835,0.0697587012174868,17157.0,5785.0,12891.0,1594.9697137533428,4266.0,9.094947017729282e-13,1774.318284616137,0,17854.0,0,7,91,7,0,0,0,0,0,0,0.04363357199326856,runs/RetailNet__promotion__seed115__origin90
RetailNet,promotion,115,90,llm_agents,7,19242.23010621866,15713.957603842757,0.8166391066472257,19081.92554885293,0.9916691279295157,240.35559322827484,17641.362511879524,1200.2074437451347,1200.2074437451347,0.06479202352327439,17077.0,5785.0,12739.0,1609.8349524121074,4338.0,9.094947017729282e-13,1716.825665916249,0,17758.0,0,7,91,5,0,0,21,0,6821,1039,29.558030662999954,runs/RetailNet__promotion__seed115__origin90
RetailNet,promotion,116,83,conventional,7,17118.817571731386,14260.693655685998,0.8330419782751199,15571.382354964466,0.9096061856911059,253.90037938861124,14290.619580226958,1026.862395348896,1026.862395348896,0.05887972450395045,14557.0,5607.0,11833.0,2152.4439489651063,2724.0,-4.547473508864641e-13,1813.5741384900807,0,15330.0,0,7,91,2,0,0,0,0,0,0,0.007901719007350039,runs/RetailNet__promotion__seed116__origin83
RetailNet,promotion,116,83,structured_planner,7,17118.817571731386,14604.192635513067,0.8531075568927865,13827.065235199367,0.8077114658919112,256.10442600131444,12573.12468109161,997.8361281064426,997.8361281064426,0.05634945381220029,15577.0,5607.0,12101.0,2105.9712363804897,3476.0,4.547473508864641e-13,1829.3173285808175,0,16260.0,0,7,91,7,0,0,0,0,0,0,0.04376143699482782,runs/RetailNet__promotion__seed116__origin83
RetailNet,promotion,116,83,llm_agents,7,17118.817571731386,14587.80467288903,0.8521502499669216,13839.603970652479,0.808443919252114,248.70334833424005,12655.064494211798,935.8361281064426,935.8361281064426,0.05288703747422677,15030.0,5607.0,12088.0,2171.3591990045275,2942.0,4.547473508864641e-13,1776.4524881017148,0,15634.0,0,7,91,5,0,0,21,0,6768,1039,27.04526043300575,runs/RetailNet__promotion__seed116__origin83
RetailNet,promotion,116,90,conventional,7,18972.845198891027,15499.219312248199,0.8169159211373388,18813.337569474337,0.9915928461048101,241.6749480228156,17368.129433214137,1203.5331882373825,1203.5331882373825,0.06553406960181772,16046.0,5785.0,12580.0,1662.2474995144216,3466.0,-3.183231456205249e-12,1726.2496287343972,0,17034.0,0,7,91,2,0,0,0,0,0,0,0.007984523006598465,runs/RetailNet__promotion__seed116__origin90
RetailNet,promotion,116,90,structured_planner,7,18972.845198891027,15737.81871728445,0.8294917579470017,17656.239929873416,0.9306058076574321,237.57433360317012,16175.132408032863,1243.5331882373825,1243.5331882373825,0.0668350633256682,16959.0,5785.0,12821.0,1624.6480944781665,4138.0,0.0,1696.9595257369292,0,17750.0,0,7,91,7,0,0,0,0,0,0,0.04189684298762586,runs/RetailNet__promotion__seed116__origin90
RetailNet,promotion,116,90,llm_agents,7,18972.845198891027,15524.29222402837,0.8182374367833757,18615.73423982964,0.9811777856553501,216.874827570701,17242.76487431328,1156.0945379456587,1156.0945379456587,0.06408506307902764,16132.0,5785.0,12255.0,1359.6132380259735,3877.0,-1.8189894035458565e-12,1549.1059112192927,0,16852.0,0,7,91,2,0,0,21,0,6768,1036,27.542265343006875,runs/RetailNet__promotion__seed116__origin90
RetailNet,promotion,117,83,conventional,7,17194.997900225928,14683.606028921091,0.8539463694106156,13692.511768644408,0.7963078476714731,238.46316411702898,12556.95935652417,897.0892480032078,897.0892480032078,0.05130621950261412,15110.0,5607.0,11878.0,1904.3047230757006,3232.0,4.547473508864641e-13,1703.3083151216358,0,15364.0,0,7,91,2,0,0,0,0,0,0,0.007963038995512761,runs/RetailNet__promotion__seed117__origin83
RetailNet,promotion,117,83,structured_planner,7,17194.997900225928,14867.971392583564,0.8646684040821088,12826.769359220123,0.7459593443190586,257.5191404818237,11635.132538211801,934.1176805264986,934.1176805264986,0.05213001174878613,16083.0,5607.0,12312.0,2116.910926889936,3771.0,1.3642420526593924e-12,1839.4224320130265,0,16388.0,0,7,91,7,0,0,0,0,0,0,0.0450795750002726,runs/RetailNet__promotion__seed117__origin83
RetailNet,promotion,117,83,llm_agents,7,17194.997900225928,14728.455682516904,0.8565546659545323,13428.872912771258,0.7809755482781893,243.71391286179093,12332.711088545113,852.4479113643542,852.4479113643542,0.04870296014193877,15461.0,5607.0,11896.0,1922.0964061187428,3565.0,-4.547473508864641e-13,1740.8136632985068,0,15734.0,0,7,91,4,0,0,21,0,6806,1038,27.46303425700171,runs/RetailNet__promotion__seed117__origin83
RetailNet,promotion,117,90,conventional,7,19073.265311473922,15806.366259236176,0.8287184182211069,17732.992138023565,0.929730271583645,226.8201285161836,16334.495261188718,1171.676748318663,1171.676748318663,0.06399108401521916,16706.0,5785.0,12525.0,1331.9569924451598,4181.0,9.094947017729282e-13,1620.1437751155972,0,17082.0,0,7,91,2,0,0,0,0,0,0,0.008109146008791868,runs/RetailNet__promotion__seed117__origin90
RetailNet,promotion,117,90,structured_planner,7,19073.265311473922,16096.35546610265,0.8439223805280761,16308.217825989035,0.8550301985354593,237.780404998659,14884.549226856352,1185.888194134025,1185.888194134025,0.06291851624225515,17514.0,5785.0,13063.0,1565.756339763324,4451.0,9.094947017729282e-13,1698.4314642761358,0,17916.0,0,7,91,7,0,0,0,0,0,0,0.040842365990101825,runs/RetailNet__promotion__seed117__origin90
RetailNet,promotion,117,90,llm_agents,7,19073.265311473922,15936.925144066583,0.8355635432009323,17008.615520953765,0.8917516347199279,225.02648978305143,15681.700837036688,1101.8881941340253,1101.8881941340253,0.05900654354364492,16709.0,5785.0,12889.0,1635.1866617993912,3820.0,9.094947017729282e-13,1607.3320698789387,0,17098.0,0,7,91,4,0,0,21,0,6805,1038,29.579821354003798,runs/RetailNet__promotion__seed117__origin90
RetailNet,promotion,118,83,conventional,7,16985.003332658933,14483.21477216047,0.8527060306377451,13759.775029076503,0.8101131780539055,248.6456336676919,12508.942802492316,1002.1865929164965,1002.1865929164965,0.057639994991458936,14960.0,5607.0,11780.0,1901.598634923034,3180.0,-9.094947017729282e-13,1776.0402404835131,0,15270.0,0,7,91,2,0,0,0,0,0,0,0.007970138001837768,runs/RetailNet__promotion__seed118__origin83
RetailNet,promotion,118,83,structured_planner,7,16985.003332658933,14808.73391903432,0.8718711223659249,12233.286432049581,0.7202404493219791,258.91575945372597,10881.347068123057,1093.0236044727985,1093.0236044727985,0.06137478827967873,16106.0,5607.0,12202.0,1907.2424764928799,3904.0,1.8189894035458565e-12,1849.3982818123282,0,16454.0,0,7,91,7,0,0,0,0,0,0,0.04300020900700474,runs/RetailNet__promotion__seed118__origin83
RetailNet,promotion,118,83,llm_agents,7,16985.003332658933,14782.169674607016,0.8703071400747807,12364.718939074643,0.7279785995272452,257.527044342272,11014.168290259573,1093.0236044727985,1093.0236044727985,0.061707424178445124,15568.0,5607.0,12106.0,1837.8067209201831,3462.0,2.2737367544323206e-12,1839.478888159086,0,15904.0,0,7,91,5,0,0,21,0,6821,1073,28.420836545003112,runs/RetailNet__promotion__seed118__origin83
RetailNet,promotion,118,90,conventional,7,19032.423711153322,15655.447126313298,0.8225671813484765,18365.05862339118,0.9649353598947541,237.85568177925367,16884.88292420012,1242.3200174118092,1242.3200174118092,0.06787150444776055,16547.0,5785.0,12519.0,1406.2328562748903,4028.0,2.2737367544323206e-12,1698.9691555660977,0,17012.0,0,7,91,2,0,0,0,0,0,0,0.007880336008383892,runs/RetailNet__promotion__seed118__origin90
RetailNet,promotion,118,90,structured_planner,7,19032.423711153322,15919.55475195,0.8364439019199048,16943.269870324828,0.8902318552521393,243.29136530828077,15564.344796016614,1135.6337089999329,1135.6337089999329,0.060660953421288015,17440.0,5785.0,12936.0,1665.8115390500661,4504.0,1.8189894035458565e-12,1737.7954664877198,0,17894.0,0,7,91,7,0,0,0,0,0,0,0.0426031490060268,runs/RetailNet__promotion__seed118__origin90
RetailNet,promotion,118,90,llm_agents,7,19032.423711153322,15802.890897869034,0.8303141595470194,17519.40378419359,0.9205030347200038,236.10600877222384,16147.664066421434,1135.6337089999329,1135.6337089999329,0.061998892231256916,17349.0,5785.0,12532.0,1378.4753931310302,4817.0,3.637978807091713e-12,1686.4714912301702,0,17802.0,0,7,91,6,0,0,21,0,6821,1074,28.921067677991232,runs/RetailNet__promotion__seed118__origin90
RetailNet,promotion,119,83,conventional,7,17305.547505577502,14742.875272611827,0.8519161423734362,14097.082502933774,0.8145990468311012,243.02249244121737,12813.361164828366,1040.698845664193,1040.698845664193,0.059848113500729945,15193.0,5607.0,11782.0,1605.4258817239786,3411.0,9.094947017729282e-13,1735.8749460086958,0,15572.0,0,7,91,2,0,0,0,0,0,0,0.008151764996000566,runs/RetailNet__promotion__seed119__origin83
RetailNet,promotion,119,83,structured_planner,7,17305.547505577502,15093.48357858741,0.8721760218058888,12358.563305861844,0.714138821778319,247.9598393123153,11060.31963495046,1050.2838315990703,1050.2838315990703,0.05902128865406408,16210.0,5607.0,12188.0,1651.2325898135196,4022.0,9.094947017729282e-13,1771.1417093736807,0,16626.0,0,7,91,7,0,0,0,0,0,0,0.04545335899456404,runs/RetailNet__promotion__seed119__origin83
RetailNet,promotion,119,83,llm_agents,7,17305.547505577502,14867.44816840912,0.859114579507953,13338.430436599852,0.7707603837613883,225.6499191588776,12190.496685841903,922.2838315990703,922.2838315990703,0.053621152999945944,15417.0,5607.0,11593.0,1410.2679999918087,3824.0,4.547473508864641e-13,1611.785136849126,0,15810.0,0,7,91,2,0,0,21,0,6766,1036,28.85041111100145,runs/RetailNet__promotion__seed119__origin83
RetailNet,promotion,119,90,conventional,7,19382.723865973552,15861.688570724948,0.818341564395405,19199.95942660708,0.9905707556569325,230.95652443542895,17605.17647624303,1363.826425928623,1363.826425928623,0.07449346875292893,16882.0,5785.0,12523.0,1082.485003346429,4359.0,9.094947017729282e-13,1649.689460253064,0,17280.0,0,7,91,2,0,0,0,0,0,0,0.008129443020152394,runs/RetailNet__promotion__seed119__origin90
RetailNet,promotion,119,90,structured_planner,7,19382.723865973552,16180.4604124612,0.834787748323963,17528.230873462693,0.904322374639695,237.76861800324366,16011.31726756176,1279.1449878976903,1279.1449878976903,0.06814111378104039,17729.0,5785.0,12987.0,1312.394599641108,4742.0,1.8189894035458565e-12,1698.3472714517404,0,18188.0,0,7,91,7,0,0,0,0,0,0,0.044227491998753976,runs/RetailNet__promotion__seed119__origin90
RetailNet,promotion,119,90,llm_agents,7,19382.723865973552,16129.930885491236,0.8321808119965736,17752.407761886127,0.9158881839642027,231.29787157684862,16263.964902411586,1257.1449878976903,1257.1449878976903,0.0672593755228554,17589.0,5785.0,12906.0,1303.924126611073,4683.0,9.094947017729282e-13,1652.1276541203472,0,18054.0,0,7,91,6,0,0,21,0,6768,1074,27.283131388991023,runs/RetailNet__promotion__seed119__origin90
RetailNet,promotion,120,83,conventional,7,17329.53620074763,14998.542362780778,0.8654901198183084,12889.522937141157,0.7437892617452208,229.89332209307196,11654.96918983425,1004.660425213837,1004.660425213837,0.0571154306545672,15553.0,5607.0,11983.0,1586.7972120053867,3570.0,-9.094947017729282e-13,1642.0951578076572,0,16188.0,0,7,91,2,0,0,0,0,0,0,0.008051750999584328,runs/RetailNet__promotion__seed120__origin83
RetailNet,promotion,120,83,structured_planner,7,17329.53620074763,15364.208352107134,0.8865908570273389,11167.296011161932,0.6444082450792973,254.26694628499618,9826.639243202462,1086.3898216744747,1086.3898216744747,0.0595510509057981,16534.0,5607.0,12636.0,1792.4018262183915,3898.0,-9.094947017729282e-13,1816.1924734642585,0,17176.0,0,7,91,7,0,0,0,0,0,0,0.042668781003158074,runs/RetailNet__promotion__seed120__origin83
RetailNet,promotion,120,83,llm_agents,7,17329.53620074763,15232.251728675477,0.8789763068222408,11661.463880943513,0.6729241767266925,242.3148186807769,10486.422360360742,932.7267019019931,932.7267019019931,0.05221264565058179,16363.0,5607.0,12257.0,1699.021569422529,4106.0,9.094947017729282e-13,1730.820133434121,0,17000.0,0,7,91,5,0,0,21,0,6806,1042,28.753288988998975,runs/RetailNet__promotion__seed120__origin83
RetailNet,promotion,120,90,conventional,7,19255.306654821554,16074.021884713206,0.834783998658793,17488.092782087,0.9082219824168812,227.65037641736302,15906.423850541754,1354.018555127883,1354.018555127883,0.07348412868381,16967.0,5785.0,12641.0,997.9595601589134,4326.0,-1.8189894035458565e-12,1626.0741172668786,0,17604.0,0,7,91,2,0,0,0,0,0,0,0.008212524007831234,runs/RetailNet__promotion__seed120__origin90
RetailNet,promotion,120,90,structured_planner,7,19255.306654821554,16476.899396742036,0.8557069327491701,15498.052933242814,0.8048717795601599,239.70085634979404,13892.036290397595,1366.3157864954246,1366.3157864954246,0.07140028148491977,17832.0,5785.0,13351.0,1292.7848167625405,4481.0,-9.094947017729282e-13,1712.1489739271,0,18540.0,0,7,91,7,0,0,0,0,0,0,0.041544720996171236,runs/RetailNet__promotion__seed120__origin90
RetailNet,promotion,120,90,llm_agents,7,19255.306654821554,16326.106126848506,0.847875674977133,16164.827123209683,0.8394998538837598,226.5086968490162,14646.00263986524,1292.3157864954246,1292.3157864954246,0.06925964877514468,17061.0,5785.0,12874.0,1040.5780866560694,4187.0,0.0,1617.9192632072584,0,17726.0,0,7,91,3,0,0,21,0,6806,1037,27.23724474899791,runs/RetailNet__promotion__seed120__origin90
RetailNet,promotion,121,83,conventional,7,17104.550627160497,14380.627104838324,0.8407486065142906,14977.833237857853,0.8756636502378725,254.01008743193384,13619.617611610889,1104.2055388150304,1104.2055388150304,0.06364663893106406,14892.0,5607.0,11742.0,1864.167356346647,3150.0,-1.3642420526593924e-12,1814.3577673709556,0,15688.0,0,7,91,2,0,0,0,0,0,0,0.007771286000206601,runs/RetailNet__promotion__seed121__origin83
RetailNet,promotion,121,83,structured_planner,7,17104.550627160497,14627.996657903459,0.8552108135875554,13772.561338576359,0.8051986654771721,266.0568024078901,12382.76984628521,1123.734689883258,1123.734689883258,0.063502186363204,15998.0,5607.0,12089.0,1944.268652213284,3909.0,-1.3642420526593924e-12,1900.4057314849288,0,16828.0,0,7,91,7,0,0,0,0,0,0,0.04428352598915808,runs/RetailNet__promotion__seed121__origin83
RetailNet,promotion,121,83,llm_agents,7,17104.550627160497,14594.57428862213,0.8532568090650245,13931.176814723653,0.8144719565214528,257.5604321485492,12549.881692691844,1123.734689883258,1123.734689883258,0.06379781366431576,15271.0,5607.0,12007.0,1895.691021494611,3264.0,0.0,1839.7173724896368,0,16100.0,0,7,91,5,0,0,21,0,6821,1073,28.15667814000335,runs/RetailNet__promotion__seed121__origin83
RetailNet,promotion,121,90,conventional,7,19005.85191677717,15457.024331680102,0.8132771106164209,19352.25428405819,1.0182260899852238,242.1513962851599,17744.137925485356,1365.9649622876696,1365.9649622876696,0.07478592730838596,16342.0,5785.0,12480.0,1442.0107060322314,3862.0,-3.637978807091713e-12,1729.6528306082853,0,17218.0,0,7,91,2,0,0,0,0,0,0,0.007869230015785433,runs/RetailNet__promotion__seed121__origin90
RetailNet,promotion,121,90,structured_planner,7,19005.85191677717,15717.769044058892,0.8269962910836023,17982.92316804805,0.9461782216757071,248.72236038602824,16440.41436359139,1293.786444070634,1293.786444070634,0.06936077006758344,17037.0,5785.0,12868.0,1641.4445118704737,4169.0,0.0,1776.5882884716302,0,18002.0,0,7,91,7,0,0,0,0,0,0,0.04221830199821852,runs/RetailNet__promotion__seed121__origin90
RetailNet,promotion,121,90,llm_agents,7,19005.85191677717,15633.022240029526,0.8225373063245682,18397.012124275472,0.967965666828949,239.07729646661556,16864.148383738222,1293.786444070634,1293.786444070634,0.0712123758295153,16451.0,5785.0,12383.0,1241.1913158998395,4068.0,0.0,1707.6949747615397,0,17382.0,0,7,91,4,0,0,21,0,6819,1038,26.60459379700478,runs/RetailNet__promotion__seed121__origin90
RetailNet,promotion,122,83,conventional,7,17190.777977158294,14578.305390951125,0.8480305783904365,14351.025916821307,0.834809566843908,236.9037752259426,13062.362931035837,1051.759210559525,1051.759210559525,0.06015552565542925,15272.0,5607.0,11877.0,1853.9353984893498,3395.0,0.0,1692.169823042447,0,15704.0,0,7,91,2,0,0,0,0,0,0,0.007914068999525625,runs/RetailNet__promotion__seed122__origin83
RetailNet,promotion,122,83,structured_planner,7,17190.777977158294,14819.392086888603,0.8620547660250982,13206.548255256745,0.7682344727390774,251.91665735931923,11856.929451348451,1097.702146548974,1097.702146548974,0.0614718119812384,16197.0,5607.0,12250.0,1939.9057665624232,3947.0,-9.094947017729282e-13,1799.4046954237087,0,16714.0,0,7,91,7,0,0,0,0,0,0,0.042117234006582294,runs/RetailNet__promotion__seed122__origin83
RetailNet,promotion,122,83,llm_agents,7,17190.777977158294,14676.7603663419,0.8537577755842803,13741.046210703844,0.7993266057511665,238.75617907539913,12570.088054081967,932.2019775464793,932.2019775464793,0.05293594421047582,15357.0,5607.0,12003.0,2001.0376561116211,3354.0,0.0,1705.4012791099942,0,15876.0,0,7,91,3,0,0,21,0,6768,1071,28.373752845996933,runs/RetailNet__promotion__seed122__origin83
RetailNet,promotion,122,90,conventional,7,19221.30254408024,15610.657131968723,0.8121539680346209,19563.184744033533,1.0177866301812404,225.44635347968688,18053.227060557587,1284.5113299962595,1284.5113299962595,0.07112465836081171,16790.0,5785.0,12275.0,1164.8315380350173,4515.0,0.0,1610.331096283478,0,17248.0,0,7,91,2,0,0,0,0,0,0,0.007843227009288967,runs/RetailNet__promotion__seed122__origin90
RetailNet,promotion,122,90,structured_planner,7,19221.30254408024,15770.67582770281,0.8204790383760879,18691.78667470477,0.9724516136114537,239.45593044834717,17253.13358188716,1199.197162369261,1199.197162369261,0.06470255543159928,17440.0,5785.0,12749.0,1564.1270099279307,4691.0,-9.094947017729282e-13,1710.3995032024793,0,17978.0,0,7,91,7,0,0,0,0,0,0,0.05360376498720143,runs/RetailNet__promotion__seed122__origin90
RetailNet,promotion,122,90,llm_agents,7,19221.30254408024,15651.657131968725,0.8142870180662708,19180.16270591505,0.997859674802431,225.9007267045076,17848.227060557583,1106.0349186529547,1106.0349186529547,0.06012693224533595,17205.0,5785.0,12610.0,1637.3079493783218,4595.0,-9.094947017729282e-13,1613.5766193179115,0,17756.0,0,7,91,5,0,0,21,0,6768,1073,27.914489725008025,runs/RetailNet__promotion__seed122__origin90
RetailNet,promotion,123,83,conventional,7,16899.113608745083,14454.700706020903,0.8553525966320964,13562.1798367857,0.8025379407927904,252.97782734499935,12222.064513620897,1087.1374958198048,1087.1374958198048,0.06284758329401115,15056.0,5607.0,11691.0,1756.1617981592913,3365.0,4.547473508864641e-13,1806.9844810357095,0,15564.0,0,7,91,2,0,0,0,0,0,0,0.011790780001319945,runs/RetailNet__promotion__seed123__origin83
RetailNet,promotion,123,83,structured_planner,7,16899.113608745083,14844.135258474387,0.8783972699486872,11656.375317613865,0.6897625276382445,263.8313529622833,10274.891751353474,1117.6522132981083,1117.6522132981083,0.06223007869143142,16039.0,5607.0,12353.0,1998.212528227503,3686.0,1.8189894035458565e-12,1884.509664016309,0,16548.0,0,7,91,7,0,0,0,0,0,0,0.06650634199468186,runs/RetailNet__promotion__seed123__origin83
RetailNet,promotion,123,83,llm_agents,7,16899.113608745083,14844.135258474387,0.8783972699486872,11656.375317613865,0.6897625276382445,263.8313529622833,10274.891751353474,1117.6522132981083,1117.6522132981083,0.06223007869143142,15537.0,5607.0,12353.0,1998.212528227503,3184.0,1.8189894035458565e-12,1884.509664016309,0,16030.0,0,7,91,6,0,0,21,0,6804,1040,27.525506979000056,runs/RetailNet__promotion__seed123__origin83
RetailNet,promotion,123,90,conventional,7,19079.93581590634,15385.231577280174,0.8063565687917037,20117.557530055386,1.0543828723618667,249.54256188463233,18473.521193130833,1394.4937750399167,1394.4937750399167,0.07711202029639,16606.0,5785.0,12299.0,1304.27464767991,4307.0,-9.094947017729282e-13,1782.4468706045166,0,17074.0,0,7,91,2,0,0,0,0,0,0,0.011618504984653555,runs/RetailNet__promotion__seed123__origin90
RetailNet,promotion,123,90,structured_planner,7,19079.93581590634,15718.523964406158,0.823824782015363,18497.964313160828,0.9694982463064503,253.63399661438177,16807.059257500903,1437.2710590455426,1437.2710590455426,0.07709854409642435,17439.0,5785.0,12857.0,1486.204976548298,4582.0,9.094947017729282e-13,1811.6714043884417,0,17928.0,0,7,91,7,0,0,0,0,0,0,0.05763037300494034,runs/RetailNet__promotion__seed123__origin90
RetailNet,promotion,123,90,llm_agents,7,19079.93581590634,15718.523964406158,0.823824782015363,18497.964313160828,0.9694982463064503,253.63399661438177,16807.059257500903,1437.2710590455426,1437.2710590455426,0.07709854409642435,16924.0,5785.0,12857.0,1486.204976548298,4067.0,9.094947017729282e-13,1811.6714043884417,0,17396.0,0,7,91,6,0,0,21,0,6804,1040,27.461637305015756,runs/RetailNet__promotion__seed123__origin90
RetailNet,promotion,124,83,conventional,7,17378.467982303766,14902.90120553804,0.8575497691000981,13566.338414732447,0.7806406426934093,232.69942905618953,12377.833883828607,955.8051018476486,955.8051018476486,0.05403692344231392,15389.0,5607.0,12081.0,1829.2936926143097,3308.0,4.547473508864641e-13,1662.1387789727826,0,15782.0,0,7,91,2,0,0,0,0,0,0,0.007703955991019029,runs/RetailNet__promotion__seed124__origin83
RetailNet,promotion,124,83,structured_planner,7,17378.467982303766,15205.359818085602,0.874953985217166,12208.892352751003,0.7025298412485574,245.24342340076115,10865.540821090803,1098.10810825944,1098.10810825944,0.06032235268399473,16254.0,5607.0,12597.0,1900.5320736549565,3657.0,9.094947017729282e-13,1751.738738576865,0,16720.0,0,7,91,7,0,0,0,0,0,0,0.041371988016180694,runs/RetailNet__promotion__seed124__origin83
RetailNet,promotion,124,83,llm_agents,7,17378.467982303766,15205.359818085602,0.874953985217166,12208.892352751003,0.7025298412485574,245.24342340076115,10865.540821090803,1098.10810825944,1098.10810825944,0.06032235268399473,16254.0,5607.0,12597.0,1900.5320736549565,3657.0,9.094947017729282e-13,1751.738738576865,0,16720.0,0,7,91,7,0,0,21,0,6821,1041,26.700709734002885,runs/RetailNet__promotion__seed124__origin83
RetailNet,promotion,124,90,conventional,7,19395.06680014983,15852.441990454008,0.8173440263856965,19274.546702953274,0.9937860437172804,238.91593520189005,17713.124048479105,1322.506719272281,1322.506719272281,0.07174279696605626,16719.0,5785.0,12649.0,1259.0512902737107,4070.0,0.0,1706.5423942992145,0,17220.0,0,7,91,2,0,0,0,0,0,0,0.007493327007978223,runs/RetailNet__promotion__seed124__origin90
RetailNet,promotion,124,90,structured_planner,7,19395.06680014983,16109.829909044733,0.8306148194818427,18002.842678418456,0.9282176165683214,243.72410178198527,16426.184455525487,1332.9341211109863,1332.9341211109863,0.07092716017192499,17449.0,5785.0,13008.0,1350.2359698442822,4441.0,-9.094947017729282e-13,1740.8864412998948,0,17980.0,0,7,91,7,0,0,0,0,0,0,0.04171433299779892,runs/RetailNet__promotion__seed124__origin90
RetailNet,promotion,124,90,llm_agents,7,19395.06680014983,15983.579569279216,0.8241054147416362,18627.35516620601,0.9604171698992091,236.98489074195726,17057.43615435307,1332.9341211109863,1332.9341211109863,0.07242632694582625,16833.0,5785.0,12619.0,1087.4863096097981,4214.0,0.0,1692.7492195854088,0,17326.0,0,7,91,5,0,0,21,0,6821,1039,27.361525288994017,runs/RetailNet__promotion__seed124__origin90
RetailNet,promotion,125,83,conventional,7,17061.444835742797,14623.02432554233,0.8570800694972732,13502.861845866988,0.7914254610828286,234.80958958469893,12192.102551002336,1075.9497052799518,1075.9497052799518,0.062283629828072465,15095.0,5607.0,11668.0,1576.02596917772,3427.0,-1.8189894035458565e-12,1677.2113541764209,0,15924.0,0,7,91,2,0,0,0,0,0,0,0.008147420005116146,runs/RetailNet__promotion__seed125__origin83
RetailNet,promotion,125,83,structured_planner,7,17061.444835742797,14887.471143413948,0.8725797426150865,12282.434412429142,0.719894154960318,253.19903617275318,10869.868461644235,1159.3669146121542,1159.3669146121542,0.06544179919915072,16087.0,5607.0,12109.0,1669.1619419738972,3978.0,9.094947017729282e-13,1808.5645440910941,0,16822.0,0,7,91,7,0,0,0,0,0,0,0.1352161210088525,runs/RetailNet__promotion__seed125__origin83
RetailNet,promotion,125,83,llm_agents,7,17061.444835742797,14819.664274144086,0.8686054678732541,12465.034595172521,0.7305966590273147,239.53276982417617,11208.90280799355,1016.5990173547946,1016.5990173547946,0.057725229535789825,15857.0,5607.0,12004.0,1774.7367085011197,3853.0,-4.547473508864641e-13,1710.9483558869722,0,16598.0,0,7,91,5,0,0,21,0,6768,1039,26.682899020983314,runs/RetailNet__promotion__seed125__origin83
RetailNet,promotion,125,90,conventional,7,19164.356309284944,15593.978561957158,0.8136969648389405,19378.412636799512,1.011169502594296,230.39319366364504,17851.88873663894,1296.1307064969305,1296.1307064969305,0.07197527246206856,16660.0,5785.0,12223.0,1117.890731545912,4437.0,0.0,1645.6656690260359,0,17446.0,0,7,91,2,0,0,0,0,0,0,0.0074126339895883575,runs/RetailNet__promotion__seed125__origin90
RetailNet,promotion,125,90,structured_planner,7,19164.356309284944,15966.52649450268,0.833136591536187,17525.29852514249,0.9144736323156157,236.41511684301736,15989.149073911329,1299.7343343881482,1299.7343343881482,0.06976192015394495,17436.0,5785.0,12846.0,1364.7391711091725,4590.0,0.0,1688.679406021553,0,18146.0,0,7,91,7,0,0,0,0,0,0,0.07029334600520087,runs/RetailNet__promotion__seed125__origin90
RetailNet,promotion,125,90,llm_agents,7,19164.356309284944,15958.52649450268,0.8327191499132652,17563.718525142493,0.9164783957096979,234.83511684301735,16029.149073911329,1299.7343343881482,1299.7343343881482,0.07008921130220816,17409.0,5785.0,12759.0,1285.7391711091727,4650.0,0.0,1677.3936917358387,0,18132.0,0,7,91,6,0,0,21,0,6768,1040,25.87112949400762,runs/RetailNet__promotion__seed125__origin90
RetailNet,promotion,126,83,conventional,7,17099.093675733853,14438.423945765411,0.8443970317710858,14656.043536774621,0.8571239981902502,252.89035658407448,13303.348649842206,1099.8045303483402,1099.8045303483402,0.06365714709430689,15012.0,5607.0,11670.0,1738.7715238862486,3342.0,0.0,1806.3596898862465,0,15390.0,0,7,91,2,0,0,0,0,0,0,0.007961120005347766,runs/RetailNet__promotion__seed126__origin83
RetailNet,promotion,126,83,structured_planner,7,17099.093675733853,14844.759813798457,0.8681606227390501,12714.428130562115,0.7435732192406064,263.39088485047665,11271.669309676974,1179.3679360346646,1179.3679360346646,0.06598600884208944,16076.0,5607.0,12266.0,1848.8722501668776,3810.0,4.547473508864641e-13,1881.3634632176904,0,16528.0,0,7,91,7,0,0,0,0,0,0,0.053508183009398635,runs/RetailNet__promotion__seed126__origin83
RetailNet,promotion,126,83,llm_agents,7,17099.093675733853,14761.284943722796,0.8632787926456738,12930.799698648902,0.756227197994688,251.95150824528514,11689.043660055277,989.8045303483402,989.8045303483402,0.05564450923928155,15797.0,5607.0,12181.0,2036.9105259288622,3616.0,1.3642420526593924e-12,1799.6536303234654,0,16226.0,0,7,91,5,0,0,21,0,6806,1042,27.68070531800913,runs/RetailNet__promotion__seed126__origin83
RetailNet,promotion,126,90,conventional,7,19052.060943940196,15583.21672199907,0.8179281374257599,18847.6276765176,0.9892697557485182,234.38408222124488,17344.221109705646,1269.0224845907098,1269.0224845907098,0.07018541477742989,16636.0,5785.0,12296.0,1228.7607934102211,4340.0,0.0,1674.172015866035,0,17224.0,0,7,91,2,0,0,0,0,0,0,0.007876431009208318,runs/RetailNet__promotion__seed126__origin90
RetailNet,promotion,126,90,structured_planner,7,19052.060943940196,15950.38301226658,0.8371998735044908,16989.5985525354,0.8917459692432491,241.77032222247811,15508.389658368083,1239.438571944839,1239.438571944839,0.06604351105370272,17372.0,5785.0,12982.0,1577.1784157885802,4390.0,0.0,1726.9308730177006,0,17942.0,0,7,91,7,0,0,0,0,0,0,0.03891954800928943,runs/RetailNet__promotion__seed126__origin90
RetailNet,promotion,126,90,llm_agents,7,19052.060943940196,15733.216721999068,0.8258013014074082,17947.402838322978,0.9420189706054571,220.36111522469074,16594.221109705642,1132.820613392643,1132.820613392643,0.06231136487308268,16571.0,5785.0,12395.0,1313.9626646082877,4176.0,9.094947017729282e-13,1574.0079658906477,0,17114.0,0,7,91,2,0,0,21,0,6805,1036,27.476665428999695,runs/RetailNet__promotion__seed126__origin90
RetailNet,promotion,127,83,conventional,7,17186.172636076728,14178.909417289773,0.82501844462599,16386.751195446806,0.9534846147796864,243.63974351995833,15036.316093934758,1106.795357992091,1106.795357992091,0.06536321726758938,14929.0,5607.0,11326.0,1647.295224718135,3603.0,9.094947017729282e-13,1740.283882285417,0,15654.0,0,7,91,2,0,0,0,0,0,0,0.007653163011127617,runs/RetailNet__promotion__seed127__origin83
RetailNet,promotion,127,83,structured_planner,7,17186.172636076728,14510.554182705773,0.8443156303600505,14690.523290195993,0.8547873689664948,251.53178479153038,13378.092266854757,1060.8992385497027,1060.8992385497027,0.061044895480160115,16000.0,5607.0,11772.0,1807.5465787445237,4228.0,9.094947017729282e-13,1796.6556056537884,0,16738.0,0,7,91,7,0,0,0,0,0,0,0.041827715998806525,runs/RetailNet__promotion__seed127__origin83
RetailNet,promotion,127,83,llm_agents,7,17186.172636076728,14458.554182705773,0.8412899421453957,14927.323290195995,0.8685658876055381,242.33178479153037,13638.092266854757,1046.8992385497027,1046.8992385497027,0.06067574119332924,15767.0,5607.0,11647.0,1748.5465787445237,4120.0,9.094947017729282e-13,1730.9413199395026,0,16508.0,0,7,91,6,0,0,21,0,6821,1074,28.212866490001034,runs/RetailNet__promotion__seed127__origin83
RetailNet,promotion,127,90,conventional,7,19157.570413384325,14931.975767227328,0.7794295124602643,22732.47619070771,1.1866053836777652,251.96540433016955,21127.973230784977,1352.5375555925684,1352.5375555925684,0.07714679190010088,16145.0,5785.0,11747.0,1247.4866771801012,4398.0,1.8189894035458565e-12,1799.7528880726397,0,16914.0,0,7,91,2,0,0,0,0,0,0,0.007629711981280707,runs/RetailNet__promotion__seed127__origin90
RetailNet,promotion,127,90,structured_planner,7,19157.570413384325,15283.072363290721,0.7977562933874586,20830.034585767855,1.0873004319595283,241.4406383234506,19372.49025046803,1216.1036969763754,1216.1036969763754,0.06784778492392186,16916.0,5785.0,12139.0,1424.8239397329041,4777.0,-9.094947017729282e-13,1724.5759880246467,0,17672.0,0,7,91,7,0,0,0,0,0,0,0.04761536700971192,runs/RetailNet__promotion__seed127__origin90
RetailNet,promotion,127,90,llm_agents,7,19157.570413384325,15283.072363290721,0.7977562933874586,20830.034585767855,1.0873004319595283,241.4406383234506,19372.49025046803,1216.1036969763754,1216.1036969763754,0.06784778492392186,16916.0,5785.0,12139.0,1424.8239397329041,4777.0,-9.094947017729282e-13,1724.5759880246467,0,17672.0,0,7,91,7,0,0,21,0,6820,1075,27.750498109002365,runs/RetailNet__promotion__seed127__origin90
RetailNet,promotion,128,83,conventional,7,17030.85174788003,14628.911111952839,0.8589653253116843,13276.593840114834,0.7795613535164194,239.5286992843396,12009.703179635984,1027.3619611945078,1027.3619611945078,0.05862599641602989,15274.0,5607.0,11917.0,1867.7269268526538,3357.0,-4.547473508864641e-13,1710.9192806024257,0,16026.0,0,7,91,2,0,0,0,0,0,0,0.007881423989601899,runs/RetailNet__promotion__seed128__origin83
RetailNet,promotion,128,83,structured_planner,7,17030.85174788003,14989.714771791743,0.8801506227460194,11603.081809844403,0.6812977989364938,250.17854939367896,10205.684880441455,1147.2183800092685,1147.2183800092685,0.06359303658587963,16211.0,5607.0,12433.0,1903.0668481989871,3778.0,1.8189894035458565e-12,1786.9896385262782,0,17106.0,0,7,91,7,0,0,0,0,0,0,0.042394556003273465,runs/RetailNet__promotion__seed128__origin83
RetailNet,promotion,128,83,llm_agents,7,17030.85174788003,14965.714771791743,0.8787414154817388,11721.441809844404,0.6882475394281714,248.53854939367898,10325.684880441455,1147.2183800092685,1147.2183800092685,0.06396890710434194,15687.0,5607.0,12327.0,1821.0668481989871,3360.0,1.8189894035458565e-12,1775.2753528119924,0,16526.0,0,7,91,5,0,0,21,0,6767,1039,26.896948938992864,runs/RetailNet__promotion__seed128__origin83
RetailNet,promotion,128,90,conventional,7,19010.99750480048,15843.009499017633,0.8333602429339704,17263.704466708223,0.9080904072681589,227.1425226520097,15839.940028914232,1196.621915141981,1196.621915141981,0.06485755637625913,16854.0,5785.0,12665.0,1410.3685858403835,4189.0,2.7284841053187847e-12,1622.4465903714977,0,17586.0,0,7,91,2,0,0,0,0,0,0,0.008147316992108244,runs/RetailNet__promotion__seed128__origin90
RetailNet,promotion,128,90,structured_planner,7,19010.99750480048,16207.28401444052,0.8525214950108749,15431.207479561403,0.8116989903167815,236.52641040323755,14018.567451799805,1176.113617358364,1176.113617358364,0.061864900181913846,17460.0,5785.0,13226.0,1627.6023682011148,4234.0,1.8189894035458565e-12,1689.4743600231252,0,18340.0,0,7,91,7,0,0,0,0,0,0,0.04190603800088866,runs/RetailNet__promotion__seed128__origin90
RetailNet,promotion,128,90,llm_agents,7,19010.99750480048,16189.544397909722,0.8515883710900328,15517.940354546017,0.8162612377718512,234.56120273385355,14107.265534453803,1176.113617358364,1176.113617358364,0.062244700574668646,16942.0,5785.0,13110.0,1529.3419847319144,3832.0,0.0,1675.437162384668,0,17752.0,0,7,91,5,0,0,21,0,6768,1042,27.11559542699979,runs/RetailNet__promotion__seed128__origin90
RetailNet,promotion,129,83,conventional,7,17063.131088651055,14830.948474665609,0.8691809491242728,12462.306934935285,0.7303646013259637,238.01622944856103,11160.913069927221,1063.377635559502,1063.377635559502,0.060415751125475946,15414.0,5607.0,11994.0,1706.6738897748892,3420.0,0.0,1700.1159246325788,0,15974.0,0,7,91,2,0,0,0,0,0,0,0.008444549013802316,runs/RetailNet__promotion__seed129__origin83
RetailNet,promotion,129,83,structured_planner,7,17063.131088651055,15128.639672063364,0.8866274069784091,11117.443462978505,0.6515476793337703,259.78620765466167,9672.457082938447,1185.2001723853978,1185.2001723853978,0.06538313964723329,16326.0,5607.0,12520.0,1813.1601555512389,3806.0,0.0,1855.6157689618688,0,16940.0,0,7,91,7,0,0,0,0,0,0,0.05780765899544349,runs/RetailNet__promotion__seed129__origin83
RetailNet,promotion,129,83,llm_agents,7,17063.131088651055,15054.1605499892,0.8822624916714112,11330.451317025889,0.6640311944014743,252.2209881571128,10044.852693309273,1033.377635559502,1033.377635559502,0.05740667938222888,15709.0,5607.0,12394.0,1913.4618144512997,3315.0,-9.094947017729282e-13,1801.5784868365201,0,16342.0,0,7,91,4,0,0,21,0,6806,1038,25.920791643984558,runs/RetailNet__promotion__seed129__origin83
RetailNet,promotion,129,90,conventional,7,19158.338169974795,15860.987333820762,0.8278895169873509,18045.305912882275,0.9419035071195851,229.7829051749274,16486.754180770167,1328.768826937182,1328.768826937182,0.07209423400451316,16765.0,5785.0,12646.0,1241.2438392420563,4119.0,0.0,1641.306465535196,0,17534.0,0,7,91,2,0,0,0,0,0,0,0.007863201004511211,runs/RetailNet__promotion__seed129__origin90
RetailNet,promotion,129,90,structured_planner,7,19158.338169974795,16230.801635423657,0.8471925639594767,16244.391988366024,0.847901934094913,240.94048867314925,14637.682672755693,1365.7688269371822,1365.7688269371822,0.07201902694247955,17745.0,5785.0,13179.0,1367.4295376391617,4566.0,-9.094947017729282e-13,1721.0034905224948,0,18490.0,0,7,91,7,0,0,0,0,0,0,0.043344884004909545,runs/RetailNet__promotion__seed129__origin90
RetailNet,promotion,129,90,llm_agents,7,19158.338169974795,16056.639710542455,0.8381019046686751,16971.464937298933,0.8858526656501367,228.38239209618354,15508.492297161712,1234.5902480410373,1234.5902480410373,0.06575363485518945,17430.0,5785.0,12991.0,1484.7700414165106,4439.0,-1.8189894035458565e-12,1631.3028006870252,0,18202.0,0,7,91,4,0,0,21,0,6806,1038,26.021883571003855,runs/RetailNet__promotion__seed129__origin90
RetailNet,promotion,130,83,conventional,7,17438.973606805248,14691.4700225546,0.8424503846270813,14868.377513997717,0.8525947598312551,229.6662597781142,13737.517921253238,901.193332966363,901.193332966363,0.05229159411432999,15417.0,5607.0,11627.0,1641.3366444790367,3790.0,4.547473508864641e-13,1640.4732841293874,0,15790.0,0,7,91,2,0,0,0,0,0,0,0.007672012019611429,runs/RetailNet__promotion__seed130__origin83
RetailNet,promotion,130,83,structured_planner,7,17438.973606805248,15007.926090102234,0.8605968693160736,13424.331654401693,0.7697890917825053,244.73468496634126,12155.237583515081,1024.3593859202715,1024.3593859202715,0.0577494298072089,16218.0,5607.0,12131.0,1705.7145239774961,4087.0,-1.8189894035458565e-12,1748.1048926167236,0,16628.0,0,7,91,7,0,0,0,0,0,0,0.0408891690094606,runs/RetailNet__promotion__seed130__origin83
RetailNet,promotion,130,83,llm_agents,7,17438.973606805248,14851.423296471374,0.8516225571140191,14066.027251893067,0.8065857297016638,233.08236725732746,12937.751551669375,895.193332966363,895.193332966363,0.0518171644458418,15563.0,5607.0,11669.0,1529.3833705622637,3894.0,0.0,1664.874051838053,0,15962.0,0,7,91,3,0,0,21,0,6821,1037,26.85542917300336,runs/RetailNet__promotion__seed130__origin83
RetailNet,promotion,130,90,conventional,7,19417.235409069166,15616.11739116119,0.8042399992672182,20507.43156134003,1.0561457967266374,231.08210737706227,19005.590089539863,1270.7593644231051,1270.7593644231051,0.07090499745693031,16787.0,5785.0,12137.0,1035.1232444157035,4650.0,1.8189894035458565e-12,1650.5864812647303,0,17150.0,0,7,91,2,0,0,0,0,0,0,0.00821565999649465,runs/RetailNet__promotion__seed130__origin90
RetailNet,promotion,130,90,structured_planner,7,19417.235409069166,15905.550661386049,0.8191459971668819,18999.745877706097,0.9784990230294024,233.2076373864446,17558.423738415564,1208.1145019040873,1208.1145019040873,0.06567624364795256,17307.0,5785.0,12610.0,1281.3348367098613,4697.0,2.7284841053187847e-12,1665.7688384746039,0,17674.0,0,7,91,7,0,0,0,0,0,0,0.042191050000838004,runs/RetailNet__promotion__seed130__origin90
RetailNet,promotion,130,90,llm_agents,7,19417.235409069166,15778.619671831024,0.8126089702997235,19620.046532741257,1.0104449021397435,226.8533446464761,18193.078686190693,1200.1145019040873,1200.1145019040873,0.06568052221454068,16621.0,5785.0,12487.0,1293.2658262648868,4134.0,2.7284841053187847e-12,1620.381033189115,0,16962.0,0,7,91,5,0,0,21,0,6821,1039,26.483760256000096,runs/RetailNet__promotion__seed130__origin90
RetailNet,routine,101,83,conventional,7,14181.021600578853,12515.972502318034,0.8825860967454663,9663.513280914744,0.6814398534249669,222.7664104721864,8325.245491304082,1115.501379138473,1115.501379138473,0.07294672895229357,12219.0,5607.0,9685.0,1660.5261185434924,2534.0,-4.547473508864641e-13,1591.1886462299028,0,12988.0,0,7,91,7,0,0,0,0,0,0,0.007644073000847129,runs/RetailNet__routine__seed101__origin83
RetailNet,routine,101,83,structured_planner,7,14181.021600578853,12591.33484925555,0.8879004068889922,9280.664260346699,0.6544425727387562,222.10383998521138,7948.433756616506,1110.1266637449821,1110.1266637449821,0.07329987875503348,12502.0,5607.0,9538.0,1443.5384869994682,2964.0,-1.3642420526593924e-12,1586.4559998943673,0,13308.0,0,7,91,7,0,0,0,0,0,0,0.045301750004000496,runs/RetailNet__routine__seed101__origin83
RetailNet,routine,101,83,llm_agents,7,14181.021600578853,12591.33484925555,0.8879004068889922,9280.664260346699,0.6544425727387562,222.10383998521138,7948.433756616506,1110.1266637449821,1110.1266637449821,0.07329987875503348,12502.0,5607.0,9538.0,1443.5384869994682,2964.0,-1.3642420526593924e-12,1586.4559998943673,0,13308.0,0,7,91,7,0,0,21,0,6766,1036,26.010606248008116,runs/RetailNet__routine__seed101__origin83
RetailNet,routine,101,90,conventional,7,15743.075247003571,13223.519828110173,0.8399578621481243,14060.219095717011,0.8931049922024057,226.73500530007956,12597.777094467,1235.7069959499365,1235.7069959499365,0.07811042957964201,13266.0,5785.0,10035.0,1360.7731759398887,3231.0,1.8189894035458565e-12,1619.5357521434257,0,14138.0,0,7,91,7,0,0,0,0,0,0,0.007584511004097294,runs/RetailNet__routine__seed101__origin90
RetailNet,routine,101,90,structured_planner,7,15743.075247003571,13401.519828110173,0.8512644205687149,13122.837929419742,0.8335625488366672,220.35383900280922,11707.777094466997,1194.7069959499365,1194.7069959499365,0.0755140001232499,13488.0,5785.0,10036.0,1224.7731759398885,3452.0,1.8189894035458565e-12,1573.9559928772087,0,14350.0,0,7,91,7,0,0,0,0,0,0,0.0411986680010159,runs/RetailNet__routine__seed101__origin90
RetailNet,routine,101,90,llm_agents,7,15743.075247003571,13401.519828110173,0.8512644205687149,13122.837929419742,0.8335625488366672,220.35383900280922,11707.777094466997,1194.7069959499365,1194.7069959499365,0.0755140001232499,13488.0,5785.0,10036.0,1224.7731759398885,3452.0,1.8189894035458565e-12,1573.9559928772087,0,14350.0,0,7,91,7,0,0,21,0,6767,1036,26.388839357001416,runs/RetailNet__routine__seed101__origin90
RetailNet,routine,102,83,conventional,7,14168.664323300742,12601.475015456723,0.8893904695542307,9243.448422018913,0.6523867184020881,229.51767477638816,7835.946539220092,1177.9842080224346,1177.9842080224346,0.07683674959379262,12449.0,5607.0,9724.0,1551.5407765208429,2725.0,0.0,1639.411962688487,0,13016.0,0,7,91,7,0,0,0,0,0,0,0.007639067007403355,runs/RetailNet__routine__seed102__origin83
RetailNet,routine,102,83,structured_planner,7,14168.664323300742,12656.698667642986,0.8932880601051937,8920.179524821608,0.6295709546984,236.50474823526133,7559.828278288787,1123.8464982975584,1123.8464982975584,0.07388865866519122,12606.0,5607.0,9603.0,1429.4548340594579,3003.0,-2.2737367544323206e-12,1689.3196302518666,0,13194.0,0,7,91,7,0,0,0,0,0,0,0.04736481700092554,runs/RetailNet__routine__seed102__origin83
RetailNet,routine,102,83,llm_agents,7,14168.664323300742,12656.698667642986,0.8932880601051937,8920.179524821608,0.6295709546984,236.50474823526133,7559.828278288787,1123.8464982975584,1123.8464982975584,0.07388865866519122,12606.0,5607.0,9603.0,1429.4548340594579,3003.0,-2.2737367544323206e-12,1689.3196302518666,0,13194.0,0,7,91,7,0,0,21,0,6805,1039,26.768747903002804,runs/RetailNet__routine__seed102__origin83
RetailNet,routine,102,90,conventional,7,15693.95258697386,13655.713224388468,0.8701258111180257,11802.599601109403,0.7520476142450997,221.41066297681806,10191.196812926968,1389.9921252056176,1389.9921252056176,0.08506683752788358,13733.0,5785.0,10555.0,1294.294650405916,3178.0,-1.3642420526593924e-12,1581.5047355487002,0,14448.0,0,7,91,7,0,0,0,0,0,0,0.0076526789998752065,runs/RetailNet__routine__seed102__origin90
RetailNet,routine,102,90,structured_planner,7,15693.95258697386,13742.962228414599,0.8756852139225524,11200.52692794566,0.7136842593268831,220.35915878629808,9754.951792796312,1225.215976363051,1225.215976363051,0.07554667507479658,13787.0,5785.0,10433.0,1249.8217952223515,3354.0,-9.094947017729282e-13,1573.9939913307005,0,14464.0,0,7,91,7,0,0,0,0,0,0,0.042575506995490286,runs/RetailNet__routine__seed102__origin90
RetailNet,routine,102,90,llm_agents,7,15693.95258697386,13742.962228414599,0.8756852139225524,11200.52692794566,0.7136842593268831,220.35915878629808,9754.951792796312,1225.215976363051,1225.215976363051,0.07554667507479658,13787.0,5785.0,10433.0,1249.8217952223515,3354.0,-9.094947017729282e-13,1573.9939913307005,0,14464.0,0,7,91,7,0,0,21,0,6805,1039,27.31005345000449,runs/RetailNet__routine__seed102__origin90
RetailNet,routine,103,83,conventional,7,14081.150869367393,12612.58102491236,0.89570668917057,8649.953967778842,0.6142931105579048,237.40363344094266,7342.84922227515,1069.7011120627494,1069.7011120627494,0.06966921401997847,12295.0,5607.0,9747.0,1671.717863024889,2548.0,9.094947017729282e-13,1695.7402388638761,0,12898.0,0,7,91,7,0,0,0,0,0,0,0.008172818004823057,runs/RetailNet__routine__seed103__origin83
RetailNet,routine,103,83,structured_planner,7,14081.150869367393,12617.729425872494,0.8960723127625545,8666.152300388736,0.6154434662894901,241.34397085150468,7317.107217474482,1107.7011120627494,1107.7011120627494,0.07297108775116927,12397.0,5607.0,9573.0,1454.5694620647557,2824.0,9.094947017729282e-13,1723.8855060821763,0,13012.0,0,7,91,7,0,0,0,0,0,0,0.043461523000587476,runs/RetailNet__routine__seed103__origin83
RetailNet,routine,103,83,llm_agents,7,14081.150869367393,12617.729425872494,0.8960723127625545,8666.152300388736,0.6154434662894901,241.34397085150468,7317.107217474482,1107.7011120627494,1107.7011120627494,0.07297108775116927,12397.0,5607.0,9573.0,1454.5694620647557,2824.0,9.094947017729282e-13,1723.8855060821763,0,13012.0,0,7,91,7,0,0,21,0,6820,1076,27.30774781699438,runs/RetailNet__routine__seed103__origin83
RetailNet,routine,103,90,conventional,7,15643.019277990981,13515.957218307893,0.8640248393303607,12080.65610691899,0.772271381389648,224.77270397199266,10635.310298415432,1220.5731045315672,1220.5731045315672,0.07541850621178739,13727.0,5785.0,10399.0,1447.469677160539,3328.0,1.3642420526593924e-12,1605.5193140856616,0,14476.0,0,7,91,7,0,0,0,0,0,0,0.008194630001526093,runs/RetailNet__routine__seed103__origin90
RetailNet,routine,103,90,structured_planner,7,15643.019277990981,13509.445675114484,0.8636085806096053,12076.174485274943,0.771984887998289,225.6685637003162,10667.868014382464,1182.637907192164,1182.637907192164,0.0735288427749418,13483.0,5785.0,10299.0,1391.9164176933486,3184.0,3.183231456205249e-12,1611.9183121451156,0,14154.0,0,7,91,7,0,0,0,0,0,0,0.054474569002195494,runs/RetailNet__routine__seed103__origin90
RetailNet,routine,103,90,llm_agents,7,15643.019277990981,13509.445675114484,0.8636085806096053,12076.174485274943,0.771984887998289,225.6685637003162,10667.868014382464,1182.637907192164,1182.637907192164,0.0735288427749418,13483.0,5785.0,10299.0,1391.9164176933486,3184.0,3.183231456205249e-12,1611.9183121451156,0,14154.0,0,7,91,7,0,0,21,0,6819,1073,28.269367553002667,runs/RetailNet__routine__seed103__origin90
RetailNet,routine,104,83,conventional,7,13957.663315902872,12251.099721184353,0.877732858567084,9922.582222964695,0.7109056866029468,234.81351183971293,8532.817973592599,1154.9507375323822,1154.9507375323822,0.0775707393063592,12196.0,5607.0,9282.0,1482.9495412832646,2914.0,0.0,1677.2393702836637,0,12570.0,0,7,91,7,0,0,0,0,0,0,0.007858121003664564,runs/RetailNet__routine__seed104__origin83
RetailNet,routine,104,83,structured_planner,7,13957.663315902872,12287.942880254755,0.8803724951764887,9775.500213655945,0.7003679622016733,235.73655525778904,8348.60217824059,1191.1614801575656,1191.1614801575656,0.0801643098564887,12363.0,5607.0,9252.0,1379.8956395876794,3111.0,0.0,1683.832537555636,0,12826.0,0,7,91,7,0,0,0,0,0,0,0.04655058099888265,runs/RetailNet__routine__seed104__origin83
RetailNet,routine,104,83,llm_agents,7,13957.663315902872,12287.942880254755,0.8803724951764887,9775.500213655945,0.7003679622016733,235.73655525778904,8348.60217824059,1191.1614801575656,1191.1614801575656,0.0801643098564887,12363.0,5607.0,9252.0,1379.8956395876794,3111.0,0.0,1683.832537555636,0,12826.0,0,7,91,7,0,0,21,0,6766,1036,25.41445923399806,runs/RetailNet__routine__seed104__origin83
RetailNet,routine,104,90,conventional,7,15641.990870640278,13331.686436391416,0.8523011262853208,13126.014485688407,0.839152419550742,224.69985651246847,11551.522171244302,1349.7924579316352,1349.7924579316352,0.08575555641242917,13505.0,5785.0,9955.0,1058.5211056769463,3550.0,3.183231456205249e-12,1604.9989750890602,0,13908.0,0,7,91,7,0,0,0,0,0,0,0.007758812003885396,runs/RetailNet__routine__seed104__origin90
RetailNet,routine,104,90,structured_planner,7,15641.990870640278,13283.810018439788,0.8492403638575987,13250.496614427111,0.8471106219156568,215.86122286090105,11790.904261002459,1243.7311305637504,1243.7311305637504,0.07977237704853764,13520.0,5785.0,9806.0,1063.4588509964628,3714.0,-1.3642420526593924e-12,1541.8658775778651,0,13984.0,0,7,91,7,0,0,0,0,0,0,0.040936546996817924,runs/RetailNet__routine__seed104__origin90
RetailNet,routine,104,90,llm_agents,7,15641.990870640278,13283.810018439788,0.8492403638575987,13250.496614427111,0.8471106219156568,215.86122286090105,11790.904261002459,1243.7311305637504,1243.7311305637504,0.07977237704853764,13520.0,5785.0,9806.0,1063.4588509964628,3714.0,-1.3642420526593924e-12,1541.8658775778651,0,13984.0,0,7,91,7,0,0,21,0,6767,1036,25.309401758000604,runs/RetailNet__routine__seed104__origin90
RetailNet,routine,105,83,conventional,7,14087.196970009481,12522.135026684799,0.8889018200954686,9260.550362789207,0.6573735273599268,226.25371248749798,7825.309716623404,1208.9869336783036,1208.9869336783036,0.08047573278827821,12310.0,5607.0,9416.0,1291.8780396368968,2894.0,1.8189894035458565e-12,1616.097946339271,0,12908.0,0,7,91,7,0,0,0,0,0,0,0.008094978998997249,runs/RetailNet__routine__seed105__origin83
RetailNet,routine,105,83,structured_planner,7,14087.196970009481,12667.375608815084,0.8992119323512631,8480.677966898756,0.6020131602442589,230.89304366863578,7099.10680597199,1150.6781172581282,1150.6781172581282,0.07613326169499327,12591.0,5607.0,9507.0,1295.9462739267894,3084.0,-1.8189894035458565e-12,1649.236026204541,0,13272.0,0,7,91,7,0,0,0,0,0,0,0.04263486299169017,runs/RetailNet__routine__seed105__origin83
RetailNet,routine,105,83,llm_agents,7,14087.196970009481,12667.375608815084,0.8992119323512631,8480.677966898756,0.6020131602442589,230.89304366863578,7099.10680597199,1150.6781172581282,1150.6781172581282,0.07613326169499327,12591.0,5607.0,9507.0,1295.9462739267894,3084.0,-1.8189894035458565e-12,1649.236026204541,0,13272.0,0,7,91,7,0,0,21,0,6805,1036,28.319370281002193,runs/RetailNet__routine__seed105__origin83
RetailNet,routine,105,90,conventional,7,15583.069188123922,13439.90709915821,0.8624685507654009,12333.646842871953,0.79147738445977,220.47911106129567,10715.810444828563,1397.3572869820928,1397.3572869820928,0.08836762707785321,13544.0,5785.0,10028.0,975.7356138596947,3516.0,2.2737367544323206e-12,1574.850793294969,0,14202.0,0,7,91,7,0,0,0,0,0,0,0.007974195996212075,runs/RetailNet__routine__seed105__origin90
RetailNet,routine,105,90,structured_planner,7,15583.069188123922,13532.041649430155,0.8683810285423822,11767.729079803768,0.755161190503609,220.12799534338657,10255.137693468858,1292.4633909915242,1292.4633909915242,0.08121039214524185,13557.0,5785.0,10130.0,1090.4949595783223,3427.0,-2.2737367544323206e-12,1572.3428238813326,0,14296.0,0,7,91,7,0,0,0,0,0,0,0.04180932798772119,runs/RetailNet__routine__seed105__origin90
RetailNet,routine,105,90,llm_agents,7,15583.069188123922,13532.041649430155,0.8683810285423822,11767.729079803768,0.755161190503609,220.12799534338657,10255.137693468858,1292.4633909915242,1292.4633909915242,0.08121039214524185,13557.0,5785.0,10130.0,1090.4949595783223,3427.0,-2.2737367544323206e-12,1572.3428238813326,0,14296.0,0,7,91,7,0,0,21,0,6805,1039,26.945860301999346,runs/RetailNet__routine__seed105__origin90
RetailNet,routine,106,83,conventional,7,14067.361148477588,12578.151683288488,0.8941372550636288,8750.411978574193,0.622036491863379,229.1614191416805,7446.0473259454975,1075.2032334870153,1075.2032334870153,0.0706951958371369,12382.0,5607.0,9602.0,1555.6450832244964,2780.0,0.0,1636.8672795834323,0,12892.0,0,7,91,7,0,0,0,0,0,0,0.007834044998162426,runs/RetailNet__routine__seed106__origin83
RetailNet,routine,106,83,structured_planner,7,14067.361148477588,12663.156262559698,0.9001799363009986,8292.973740387246,0.5895187912542316,228.7460773107846,7021.024429589446,1043.203233487015,1043.203233487015,0.06894932144659716,12565.0,5607.0,9523.0,1423.6405039532863,3042.0,9.094947017729282e-13,1633.9005522198897,0,13072.0,0,7,91,7,0,0,0,0,0,0,0.04132666601071833,runs/RetailNet__routine__seed106__origin83
RetailNet,routine,106,83,llm_agents,7,14067.361148477588,12663.156262559698,0.9001799363009986,8292.973740387246,0.5895187912542316,228.7460773107846,7021.024429589446,1043.203233487015,1043.203233487015,0.06894932144659716,12565.0,5607.0,9523.0,1423.6405039532863,3042.0,9.094947017729282e-13,1633.9005522198897,0,13072.0,0,7,91,7,0,0,21,0,6820,1039,27.86020164400543,runs/RetailNet__routine__seed106__origin83
RetailNet,routine,106,90,conventional,7,15622.469820432285,13236.342637909585,0.8472631274088341,13519.844057877403,0.8654101568623352,229.01561754960252,11930.635912613492,1360.1925277143084,1360.1925277143084,0.08650973273003297,13519.0,5785.0,9938.0,1126.4648343761062,3581.0,0.0,1635.8258396400179,0,14064.0,0,7,91,7,0,0,0,0,0,0,0.00785970800643554,runs/RetailNet__routine__seed106__origin90
RetailNet,routine,106,90,structured_planner,7,15622.469820432285,13358.44243785626,0.8550787802057422,12802.34536659421,0.8194828035353479,224.0159259997915,11320.13691288011,1258.1925277143084,1258.1925277143084,0.07989538530062919,13600.0,5785.0,9963.0,1131.36503442943,3637.0,1.8189894035458565e-12,1600.1137571413674,0,14150.0,0,7,91,7,0,0,0,0,0,0,0.04324385298968991,runs/RetailNet__routine__seed106__origin90
RetailNet,routine,106,90,llm_agents,7,15622.469820432285,13358.44243785626,0.8550787802057422,12802.34536659421,0.8194828035353479,224.0159259997915,11320.13691288011,1258.1925277143084,1258.1925277143084,0.07989538530062919,13600.0,5785.0,9963.0,1131.36503442943,3637.0,1.8189894035458565e-12,1600.1137571413674,0,14150.0,0,7,91,7,0,0,21,0,6819,1073,28.280907650994777,runs/RetailNet__routine__seed106__origin90
RetailNet,routine,107,83,conventional,7,13944.270487884432,12189.955255665416,0.8741909636833807,10117.359922485837,0.725556774825644,241.1424906619087,8771.576161095085,1104.6412707288441,1104.6412707288441,0.07327636953425168,12017.0,5607.0,9468.0,1780.403473605741,2549.0,-9.094947017729282e-13,1722.4463618707762,0,12616.0,0,7,91,7,0,0,0,0,0,0,0.007805301000189502,runs/RetailNet__routine__seed107__origin83
RetailNet,routine,107,83,structured_planner,7,13944.270487884432,12295.116073416106,0.8817324709886254,9609.60971973734,0.6891439554393836,234.35362356883198,8245.772072341624,1129.4840238268841,1129.4840238268841,0.07539946754518585,12269.0,5607.0,9373.0,1555.399902757009,2896.0,9.094947017729282e-13,1673.9544540630854,0,12864.0,0,7,91,7,0,0,0,0,0,0,0.0423765869854833,runs/RetailNet__routine__seed107__origin83
RetailNet,routine,107,83,llm_agents,7,13944.270487884432,12295.116073416106,0.8817324709886254,9609.60971973734,0.6891439554393836,234.35362356883198,8245.772072341624,1129.4840238268841,1129.4840238268841,0.07539946754518585,12269.0,5607.0,9373.0,1555.399902757009,2896.0,9.094947017729282e-13,1673.9544540630854,0,12864.0,0,7,91,7,0,0,21,0,6767,1036,25.8019213929947,runs/RetailNet__routine__seed107__origin83
RetailNet,routine,107,90,conventional,7,15661.383232506321,13211.434994107116,0.8435675698609966,13859.835483002651,0.8849687972793853,224.63750266513097,12249.741191996032,1385.4567883414886,1385.4567883414886,0.0879934447978081,13383.0,5785.0,9960.0,1148.108217551396,3423.0,0.0,1604.5535904652213,0,14074.0,0,7,91,7,0,0,0,0,0,0,0.007826934997865465,runs/RetailNet__routine__seed107__origin90
RetailNet,routine,107,90,structured_planner,7,15661.383232506321,13277.86995357609,0.8478095297493852,13462.871948423055,0.8596221514125203,211.00640574705463,11917.566394651158,1334.299148024842,1334.299148024842,0.08491148962866502,13358.0,5785.0,9929.0,1101.8308983990678,3429.0,4.547473508864641e-13,1507.1886124789619,0,14104.0,0,7,91,7,0,0,0,0,0,0,0.04419781401520595,runs/RetailNet__routine__seed107__origin90
RetailNet,routine,107,90,llm_agents,7,15661.383232506321,13277.86995357609,0.8478095297493852,13462.871948423055,0.8596221514125203,211.00640574705463,11917.566394651158,1334.299148024842,1334.299148024842,0.08491148962866502,13358.0,5785.0,9929.0,1101.8308983990678,3429.0,4.547473508864641e-13,1507.1886124789619,0,14104.0,0,7,91,7,0,0,21,0,6767,1036,26.28438530600397,runs/RetailNet__routine__seed107__origin90
RetailNet,routine,108,83,conventional,7,13852.332793754576,12397.662823416258,0.8949873648000887,8702.85985000266,0.6282595126451486,238.6123979480732,7273.349851691582,1190.8976003630055,1190.8976003630055,0.07789754057842789,12227.0,5607.0,9681.0,1699.4395762207362,2546.0,9.094947017729282e-13,1704.374271057666,0,12844.0,0,7,91,7,0,0,0,0,0,0,0.00791211399337044,runs/RetailNet__routine__seed108__origin83
RetailNet,routine,108,83,structured_planner,7,13852.332793754576,12482.765509602343,0.9011309283033027,8329.5730634035,0.6013119369438589,242.83904227933192,6847.836420761164,1238.8976003630055,1238.8976003630055,0.08135655374067544,12528.0,5607.0,9621.0,1506.3368900346525,2907.0,0.0,1734.5645877095137,0,13176.0,0,7,91,7,0,0,0,0,0,0,0.04037690100813052,runs/RetailNet__routine__seed108__origin83
RetailNet,routine,108,83,llm_agents,7,13852.332793754576,12482.765509602343,0.9011309283033027,8329.5730634035,0.6013119369438589,242.83904227933192,6847.836420761164,1238.8976003630055,1238.8976003630055,0.08135655374067544,12528.0,5607.0,9621.0,1506.3368900346525,2907.0,0.0,1734.5645877095137,0,13176.0,0,7,91,7,0,0,21,0,6805,1039,27.689307730004657,runs/RetailNet__routine__seed108__origin83
RetailNet,routine,108,90,conventional,7,15457.207960173442,13557.472053159818,0.8770970855856747,11072.732830313975,0.7163475356509165,223.14337448255685,9498.679535068113,1350.9099207633042,1350.9099207633042,0.08377735942718166,13664.0,5785.0,10340.0,1216.6180260768765,3324.0,1.3642420526593924e-12,1593.8812463039776,0,14416.0,0,7,91,7,0,0,0,0,0,0,0.007552349008619785,runs/RetailNet__routine__seed108__origin90
RetailNet,routine,108,90,structured_planner,7,15457.207960173442,13562.818095485794,0.8774429463866519,10996.126123549213,0.7113914849228584,223.75446722868043,9471.949323438239,1300.4223328822923,1300.4223328822923,0.08089215805438493,13702.0,5785.0,10291.0,1212.7595716319138,3411.0,0.0,1598.2461944905747,0,14462.0,0,7,91,7,0,0,0,0,0,0,0.04251531399495434,runs/RetailNet__routine__seed108__origin90
RetailNet,routine,108,90,llm_agents,7,15457.207960173442,13562.818095485794,0.8774429463866519,10996.126123549213,0.7113914849228584,223.75446722868043,9471.949323438239,1300.4223328822923,1300.4223328822923,0.08089215805438493,13702.0,5785.0,10291.0,1212.7595716319138,3411.0,0.0,1598.2461944905747,0,14462.0,0,7,91,7,0,0,21,0,6805,1039,27.591672329996072,runs/RetailNet__routine__seed108__origin90
RetailNet,routine,109,83,conventional,7,14014.31799489039,12513.619779264662,0.8929167858062816,8867.377852886746,0.6327370233870664,232.57087790602372,7503.49107812864,1131.3158968520827,1131.3158968520827,0.07378788787190729,11992.0,5607.0,9725.0,1687.0643238832522,2267.0,3.183231456205249e-12,1661.220556471598,0,12730.0,0,7,91,7,0,0,0,0,0,0,0.00792393400479341,runs/RetailNet__routine__seed109__origin83
RetailNet,routine,109,83,structured_planner,7,14014.31799489039,12682.610511932144,0.9049752200967762,7966.286638162385,0.5684391235497073,229.38957790909603,6658.53741479125,1078.3596454620401,1078.3596454620401,0.07064725140605609,12310.0,5607.0,9657.0,1503.0298426058166,2653.0,-4.547473508864641e-13,1638.4969850649716,0,13082.0,0,7,91,7,0,0,0,0,0,0,0.04290134301118087,runs/RetailNet__routine__seed109__origin83
RetailNet,routine,109,83,llm_agents,7,14014.31799489039,12682.610511932144,0.9049752200967762,7966.286638162385,0.5684391235497073,229.38957790909603,6658.53741479125,1078.3596454620401,1078.3596454620401,0.07064725140605609,12310.0,5607.0,9657.0,1503.0298426058166,2653.0,-4.547473508864641e-13,1638.4969850649716,0,13082.0,0,7,91,7,0,0,21,0,6819,1036,26.404810983985953,runs/RetailNet__routine__seed109__origin83
RetailNet,routine,109,90,conventional,7,15718.641435655809,13628.581754533072,0.8670330581890052,11877.358117024218,0.755622435033214,213.691163250125,10450.298405613663,1213.3685481604282,1213.3685481604282,0.07479771595120381,13328.0,5785.0,10437.0,1380.0496973064985,2891.0,1.8189894035458565e-12,1526.365451786607,0,14278.0,0,7,91,7,0,0,0,0,0,0,0.007833270006813109,runs/RetailNet__routine__seed109__origin90
RetailNet,routine,109,90,structured_planner,7,15718.641435655809,13665.326723692644,0.8693707264480585,11636.072453008683,0.7402721476051792,211.13034503244302,10266.573559815813,1158.3685481604282,1158.3685481604282,0.07141166069665422,13269.0,5785.0,10436.0,1397.304728146928,2833.0,0.0,1508.0738930888785,0,14202.0,0,7,91,7,0,0,0,0,0,0,0.04186811000545276,runs/RetailNet__routine__seed109__origin90
RetailNet,routine,109,90,llm_agents,7,15718.641435655809,13665.326723692644,0.8693707264480585,11636.072453008683,0.7402721476051792,211.13034503244302,10266.573559815813,1158.3685481604282,1158.3685481604282,0.07141166069665422,13269.0,5785.0,10436.0,1397.304728146928,2833.0,0.0,1508.0738930888785,0,14202.0,0,7,91,7,0,0,21,0,6820,1070,27.530374501984625,runs/RetailNet__routine__seed109__origin90
RetailNet,routine,110,83,conventional,7,14047.048921103818,12495.080928859155,0.8895164385799897,9132.093742081834,0.6501076342349802,229.67775096288133,7759.839961223332,1142.5760298956218,1142.5760298956218,0.0747612399329727,12224.0,5607.0,9676.0,1645.343041245224,2548.0,-1.3642420526593924e-12,1640.5553640205812,0,13052.0,0,7,91,7,0,0,0,0,0,0,0.00793857700045919,runs/RetailNet__routine__seed110__origin83
RetailNet,routine,110,83,structured_planner,7,14047.048921103818,12649.351327226112,0.9004988448657104,8356.872341384844,0.5949201421823026,234.5981640029968,6988.487969388549,1133.7862079932977,1133.7862079932977,0.07399727241830686,12357.0,5607.0,9715.0,1538.8624647805914,2642.0,-4.547473508864641e-13,1675.701171449977,0,13038.0,0,7,91,7,0,0,0,0,0,0,0.04138845099078026,runs/RetailNet__routine__seed110__origin83
RetailNet,routine,110,83,llm_agents,7,14047.048921103818,12649.351327226112,0.9004988448657104,8356.872341384844,0.5949201421823026,234.5981640029968,6988.487969388549,1133.7862079932977,1133.7862079932977,0.07399727241830686,12357.0,5607.0,9715.0,1538.8624647805914,2642.0,-4.547473508864641e-13,1675.701171449977,0,13038.0,0,7,91,7,0,0,21,0,6767,1070,27.462441574993136,runs/RetailNet__routine__seed110__origin83
RetailNet,routine,110,90,conventional,7,15775.356878520293,13208.334525485274,0.8372764322986396,14475.045855384727,0.9175732737364524,230.80524020546645,12835.111765175094,1409.1288500041649,1409.1288500041649,0.08883117001854408,13205.0,5785.0,10078.0,1245.5366245105604,3127.0,9.094947017729282e-13,1648.6088586104745,0,14074.0,0,7,91,7,0,0,0,0,0,0,0.00780052799382247,runs/RetailNet__routine__seed110__origin90
RetailNet,routine,110,90,structured_planner,7,15775.356878520293,13343.593725521088,0.8458505140818532,13642.078519878663,0.8647714676080451,221.57068185867033,12158.815764996025,1261.6920730239697,1261.6920730239697,0.07923210707259291,13211.0,5785.0,10139.0,1318.714201454942,3072.0,0.0,1582.6477275619307,0,13898.0,0,7,91,7,0,0,0,0,0,0,0.04096031800145283,runs/RetailNet__routine__seed110__origin90
RetailNet,routine,110,90,llm_agents,7,15775.356878520293,13343.593725521088,0.8458505140818532,13642.078519878663,0.8647714676080451,221.57068185867033,12158.815764996025,1261.6920730239697,1261.6920730239697,0.07923210707259291,13211.0,5785.0,10139.0,1318.714201454942,3072.0,0.0,1582.6477275619307,0,13898.0,0,7,91,7,0,0,21,0,6763,1036,25.873202287999447,runs/RetailNet__routine__seed110__origin90
RetailNet,routine,111,83,conventional,7,13961.54011475786,12465.450999973844,0.8928421146602161,8971.707158163703,0.6426015385423188,233.09972219861584,7480.445573920069,1258.1618620450172,1258.1618620450172,0.08270851052097142,12287.0,5607.0,9605.0,1488.3871379811376,2682.0,1.3642420526593924e-12,1664.9980157043988,0,13024.0,0,7,91,7,0,0,0,0,0,0,0.007838728997739963,runs/RetailNet__routine__seed111__origin83
RetailNet,routine,111,83,structured_planner,7,13961.54011475786,12602.429319584267,0.9026532328093975,8228.949346251697,0.589401260793098,238.9088257365617,6795.553975867955,1194.4865446471822,1194.4865446471822,0.07807611900432591,12635.0,5607.0,9692.0,1502.0841357685495,2943.0,9.094947017729282e-13,1706.4916124040121,0,13328.0,0,7,91,7,0,0,0,0,0,0,0.04402467398904264,runs/RetailNet__routine__seed111__origin83
RetailNet,routine,111,83,llm_agents,7,13961.54011475786,12602.429319584267,0.9026532328093975,8228.949346251697,0.589401260793098,238.9088257365617,6795.553975867955,1194.4865446471822,1194.4865446471822,0.07807611900432591,12635.0,5607.0,9692.0,1502.0841357685495,2943.0,9.094947017729282e-13,1706.4916124040121,0,13328.0,0,7,91,7,0,0,21,0,6804,1036,26.127168815015466,runs/RetailNet__routine__seed111__origin83
RetailNet,routine,111,90,conventional,7,15799.818024653154,13368.762925319208,0.8461339810660691,13683.581465079364,0.8660594345914787,228.47992687307118,12155.275496669714,1299.8260415365762,1299.8260415365762,0.08172436601927546,13514.0,5785.0,10120.0,1236.4110331442143,3394.0,9.094947017729282e-13,1631.9994776647945,0,14326.0,0,7,91,7,0,0,0,0,0,0,0.007904545993369538,runs/RetailNet__routine__seed111__origin90
RetailNet,routine,111,90,structured_planner,7,15799.818024653154,13433.770755794407,0.8502484481044719,13302.635023787896,0.8419486226380081,220.84500851767055,11830.23634429373,1251.553670976495,1251.553670976495,0.07876856133025961,13584.0,5785.0,10104.0,1203.6755732290987,3480.0,0.0,1577.46434655479,0,14366.0,0,7,91,7,0,0,0,0,0,0,0.04308002100151498,runs/RetailNet__routine__seed111__origin90
RetailNet,routine,111,90,llm_agents,7,15799.818024653154,13433.770755794407,0.8502484481044719,13302.635023787896,0.8419486226380081,220.84500851767055,11830.23634429373,1251.553670976495,1251.553670976495,0.07876856133025961,13584.0,5785.0,10104.0,1203.6755732290987,3480.0,0.0,1577.46434655479,0,14366.0,0,7,91,7,0,0,21,0,6805,1036,27.87342507201538,runs/RetailNet__routine__seed111__origin90
RetailNet,routine,112,83,conventional,7,13864.689731059212,12368.599785950113,0.892093514234393,8918.536141771618,0.6432553713620156,234.22895086341657,7480.449725545511,1203.85746536269,1203.85746536269,0.07925850716720587,12046.0,5607.0,9582.0,1616.5427486871997,2464.0,-2.7284841053187847e-12,1673.0639347386896,0,13114.0,0,7,91,7,0,0,0,0,0,0,0.008216863992856815,runs/RetailNet__routine__seed112__origin83
RetailNet,routine,112,83,structured_planner,7,13864.689731059212,12483.881947563827,0.900408317078878,8375.558809261685,0.6040927688774052,240.057319416594,6904.038917476935,1231.462572368155,1231.462572368155,0.08074105509888244,12348.0,5607.0,9645.0,1536.6554800680196,2703.0,-9.094947017729282e-13,1714.6951386899575,0,13374.0,0,7,91,7,0,0,0,0,0,0,0.04516233199683484,runs/RetailNet__routine__seed112__origin83
RetailNet,routine,112,83,llm_agents,7,13864.689731059212,12483.881947563827,0.900408317078878,8375.558809261685,0.6040927688774052,240.057319416594,6904.038917476935,1231.462572368155,1231.462572368155,0.08074105509888244,12348.0,5607.0,9645.0,1536.6554800680196,2703.0,-9.094947017729282e-13,1714.6951386899575,0,13374.0,0,7,91,7,0,0,21,0,6820,1036,27.091277304993127,runs/RetailNet__routine__seed112__origin83
RetailNet,routine,112,90,conventional,7,15473.906632184338,13328.232989770951,0.8613360094889949,12391.451236743622,0.8007965623219229,226.39220102352965,10728.368212066962,1436.6908236531322,1436.6908236531322,0.08965309351969623,13246.0,5785.0,10240.0,1260.0761865759182,3006.0,-2.2737367544323206e-12,1617.0871501680688,0,14368.0,0,7,91,7,0,0,0,0,0,0,0.007884833998105023,runs/RetailNet__routine__seed112__origin90
RetailNet,routine,112,90,structured_planner,7,15473.906632184338,13345.014277672579,0.8624204989007848,12174.415982561653,0.7867706760773624,222.85516107169158,10644.461772558816,1307.0990489311448,1307.0990489311448,0.08186253203050947,13268.0,5785.0,10182.0,1314.8866733962764,3086.0,4.547473508864641e-13,1591.8225790835113,0,14332.0,0,7,91,7,0,0,0,0,0,0,0.04395886599377263,runs/RetailNet__routine__seed112__origin90
RetailNet,routine,112,90,llm_agents,7,15473.906632184338,13345.014277672579,0.8624204989007848,12174.415982561653,0.7867706760773624,222.85516107169158,10644.461772558816,1307.0990489311448,1307.0990489311448,0.08186253203050947,13268.0,5785.0,10182.0,1314.8866733962764,3086.0,4.547473508864641e-13,1591.8225790835113,0,14332.0,0,7,91,7,0,0,21,0,6819,1104,28.38333981899632,runs/RetailNet__routine__seed112__origin90
RetailNet,routine,113,83,conventional,7,13998.721701151602,12523.046209543167,0.8945849826068734,8754.498822436759,0.6253784459274286,227.77713385981923,7378.377458042168,1148.3442305347708,1148.3442305347708,0.07507480586655144,12427.0,5607.0,9689.0,1624.6095599220635,2738.0,-9.094947017729282e-13,1626.9795275701374,0,12888.0,0,7,91,7,0,0,0,0,0,0,0.0077902100092615,runs/RetailNet__routine__seed113__origin83
RetailNet,routine,113,83,structured_planner,7,13998.721701151602,12636.51370273467,0.9026905436440764,8188.438420994171,0.5849418679650265,228.52139285140805,6811.039992084659,1148.8770360581027,1148.8770360581027,0.07541037322337399,12586.0,5607.0,9628.0,1449.6092612072298,2958.0,-2.7284841053187847e-12,1632.2956632243433,0,13046.0,0,7,91,7,0,0,0,0,0,0,0.042814489992451854,runs/RetailNet__routine__seed113__origin83
RetailNet,routine,113,83,llm_agents,7,13998.721701151602,12636.51370273467,0.9026905436440764,8188.438420994171,0.5849418679650265,228.52139285140805,6811.039992084659,1148.8770360581027,1148.8770360581027,0.07541037322337399,12586.0,5607.0,9628.0,1449.6092612072298,2958.0,-2.7284841053187847e-12,1632.2956632243433,0,13046.0,0,7,91,7,0,0,21,0,6766,1045,26.36118028799683,runs/RetailNet__routine__seed113__origin83
RetailNet,routine,113,90,conventional,7,15681.289027009809,13518.89257791605,0.8621033994482726,12394.248106870253,0.7903845204002119,217.16208713715184,10811.982245468782,1365.103774264319,1365.103774264319,0.08506379450799595,13578.0,5785.0,10263.0,1164.0036478196307,3315.0,-9.094947017729282e-13,1551.1577652653702,0,14086.0,0,7,91,7,0,0,0,0,0,0,0.00825811399408849,runs/RetailNet__routine__seed113__origin90
RetailNet,routine,113,90,structured_planner,7,15681.289027009809,13661.191329053374,0.8711778289095384,11567.761192830498,0.73767922859568,211.16892878401265,10100.488489782167,1256.103774264319,1256.103774264319,0.07865396207040194,13588.0,5785.0,10185.0,1052.7048966823077,3403.0,-9.094947017729282e-13,1508.349491314376,0,14074.0,0,7,91,7,0,0,0,0,0,0,0.041009974003827665,runs/RetailNet__routine__seed113__origin90
RetailNet,routine,113,90,llm_agents,7,15681.289027009809,13661.191329053374,0.8711778289095384,11567.761192830498,0.73767922859568,211.16892878401265,10100.488489782167,1256.103774264319,1256.103774264319,0.07865396207040194,13588.0,5785.0,10185.0,1052.7048966823077,3403.0,-9.094947017729282e-13,1508.349491314376,0,14074.0,0,7,91,7,0,0,21,0,6767,1036,26.486161608991097,runs/RetailNet__routine__seed113__origin90
RetailNet,routine,114,83,conventional,7,14100.151234794412,12308.88891006896,0.87296148141268,10280.029449898197,0.7290722828937151,232.0728542427257,8956.311623627253,1091.6449720282183,1091.6449720282183,0.073447148760561,12087.0,5607.0,9256.0,1462.4661179028226,2831.0,0.0,1657.6632445908979,0,12598.0,0,7,91,7,0,0,0,0,0,0,0.0075064259945065714,runs/RetailNet__routine__seed114__origin83
RetailNet,routine,114,83,structured_planner,7,14100.151234794412,12306.815245835198,0.8728144146047266,10322.422617429242,0.7320788582718878,228.8854358243835,8966.67994479607,1126.8572368087875,1126.8572368087875,0.07616473381607215,12232.0,5607.0,9188.0,1361.3275173560164,3044.0,-2.2737367544323206e-12,1634.8959701741676,0,12736.0,0,7,91,7,0,0,0,0,0,0,0.03970738399948459,runs/RetailNet__routine__seed114__origin83
RetailNet,routine,114,83,llm_agents,7,14100.151234794412,12306.815245835198,0.8728144146047266,10322.422617429242,0.7320788582718878,228.8854358243835,8966.67994479607,1126.8572368087875,1126.8572368087875,0.07616473381607215,12232.0,5607.0,9188.0,1361.3275173560164,3044.0,-2.2737367544323206e-12,1634.8959701741676,0,12736.0,0,7,91,7,0,0,21,0,6805,1036,26.973189005017048,runs/RetailNet__routine__seed114__origin83
RetailNet,routine,114,90,conventional,7,15807.567689229149,13090.794171362713,0.8281346269535463,15208.608035538971,0.9621093095746608,217.11688364476356,13583.867589332162,1407.6235625620461,1407.6235625620461,0.09110832120142694,13388.0,5785.0,9665.0,951.5822660752403,3723.0,0.0,1550.8348831768822,0,14092.0,0,7,91,7,0,0,0,0,0,0,0.007678689995373134,runs/RetailNet__routine__seed114__origin90
RetailNet,routine,114,90,structured_planner,7,15807.567689229149,13013.222425052076,0.8232273731725935,15509.2717803227,0.9811295504298426,216.16159896843928,13971.726320885358,1321.383860468904,1321.383860468904,0.08631982365226705,13047.0,5785.0,9523.0,973.3937144790217,3524.0,-1.8189894035458565e-12,1544.0114212031374,0,13748.0,0,7,91,7,0,0,0,0,0,0,0.03900512500695186,runs/RetailNet__routine__seed114__origin90
RetailNet,routine,114,90,llm_agents,7,15807.567689229149,13013.222425052076,0.8232273731725935,15509.2717803227,0.9811295504298426,216.16159896843928,13971.726320885358,1321.383860468904,1321.383860468904,0.08631982365226705,13047.0,5785.0,9523.0,973.3937144790217,3524.0,-1.8189894035458565e-12,1544.0114212031374,0,13748.0,0,7,91,7,0,0,21,0,6803,1039,27.558292324014474,runs/RetailNet__routine__seed114__origin90
RetailNet,routine,115,83,conventional,7,14073.76725193689,12467.223811529333,0.8858483722482722,9505.003339855395,0.6753702238856677,226.2446993467377,8032.717202037773,1246.041438470885,1246.041438470885,0.0818471780393382,12369.0,5607.0,9617.0,1510.7347499997795,2752.0,2.7284841053187847e-12,1616.033566762412,0,13064.0,0,7,91,7,0,0,0,0,0,0,0.007585913997900207,runs/RetailNet__routine__seed115__origin83
RetailNet,routine,115,83,structured_planner,7,14073.76725193689,12586.912074615848,0.8943527237089689,8856.826489338835,0.6293145488902356,224.63999192909276,7434.275886605199,1197.9106108045426,1197.9106108045426,0.07899179761322404,12519.0,5607.0,9558.0,1380.1773145796074,2961.0,2.2737367544323206e-12,1604.5713709220913,0,13126.0,0,7,91,7,0,0,0,0,0,0,0.04100081299839076,runs/RetailNet__routine__seed115__origin83
RetailNet,routine,115,83,llm_agents,7,14073.76725193689,12586.912074615848,0.8943527237089689,8856.826489338835,0.6293145488902356,224.63999192909276,7434.275886605199,1197.9106108045426,1197.9106108045426,0.07899179761322404,12519.0,5607.0,9558.0,1380.1773145796074,2961.0,2.2737367544323206e-12,1604.5713709220913,0,13126.0,0,7,91,7,0,0,21,0,6820,1036,27.495435355987865,runs/RetailNet__routine__seed115__origin83
RetailNet,routine,115,90,conventional,7,15784.510119507586,13311.18168468558,0.8433066078011952,14066.354829633872,0.8911492800938878,231.75700167461994,12366.642174110048,1467.955653849208,1467.955653849208,0.09163268750619276,13436.0,5785.0,10235.0,1240.8626614652135,3201.0,-1.3642420526593924e-12,1655.4071548187135,0,13966.0,0,7,91,7,0,0,0,0,0,0,0.007694056992477272,runs/RetailNet__routine__seed115__origin90
RetailNet,routine,115,90,structured_planner,7,15784.510119507586,13413.918535957962,0.8498153211216937,13356.43420004746,0.8461735016749528,225.736562791758,11852.957917748128,1277.7397195075775,1277.7397195075775,0.0797590336771272,13449.0,5785.0,10235.0,1328.3417445344596,3214.0,9.094947017729282e-13,1612.4040199411284,0,14034.0,0,7,91,7,0,0,0,0,0,0,0.04704483100067591,runs/RetailNet__routine__seed115__origin90
RetailNet,routine,115,90,llm_agents,7,15784.510119507586,13413.918535957962,0.8498153211216937,13356.43420004746,0.8461735016749528,225.736562791758,11852.957917748128,1277.7397195075775,1277.7397195075775,0.0797590336771272,13449.0,5785.0,10235.0,1328.3417445344596,3214.0,9.094947017729282e-13,1612.4040199411284,0,14034.0,0,7,91,7,0,0,21,0,6819,1036,26.134423696996237,runs/RetailNet__routine__seed115__origin90
RetailNet,routine,116,83,conventional,7,13986.62566838847,12364.252069683787,0.8840053607517752,9490.726114497691,0.6785572402890515,237.42793409292693,8111.867993523407,1141.4301868813582,1141.4301868813582,0.07444757284642305,12009.0,5607.0,9725.0,1826.317743434854,2284.0,4.547473508864641e-13,1695.9138149494781,0,12586.0,0,7,91,7,0,0,0,0,0,0,0.007430642988765612,runs/RetailNet__routine__seed116__origin83
RetailNet,routine,116,83,structured_planner,7,13986.62566838847,12536.865444171837,0.8963466772766163,8572.470645786958,0.6129048456027402,235.71148929237023,7248.801121083162,1087.9580354114244,1087.9580354114244,0.07083521293127315,12318.0,5607.0,9752.0,1734.1765204167386,2566.0,0.0,1683.6534949455017,0,12808.0,0,7,91,7,0,0,0,0,0,0,0.038269265001872554,runs/RetailNet__routine__seed116__origin83
RetailNet,routine,116,83,llm_agents,7,13986.62566838847,12536.865444171837,0.8963466772766163,8572.470645786958,0.6129048456027402,235.71148929237023,7248.801121083162,1087.9580354114244,1087.9580354114244,0.07083521293127315,12318.0,5607.0,9752.0,1734.1765204167386,2566.0,0.0,1683.6534949455017,0,12808.0,0,7,91,7,0,0,21,0,6767,1036,26.311984312000277,runs/RetailNet__routine__seed116__origin83
RetailNet,routine,116,90,conventional,7,15553.52796643293,13368.57280955761,0.8595202862276127,12425.09119844983,0.798859990174912,229.69662774734886,10924.775784376601,1270.6187863258788,1270.6187863258788,0.07854962823478479,13197.0,5785.0,10391.0,1536.8084041165118,2806.0,-9.094947017729282e-13,1640.690198195349,0,13960.0,0,7,91,7,0,0,0,0,0,0,0.007777214996167459,runs/RetailNet__routine__seed116__origin90
RetailNet,routine,116,90,structured_planner,7,15553.52796643293,13479.497981837358,0.8666521197588309,11829.890010807674,0.7605920686508245,219.73398685513428,10370.149922977864,1240.0061009746769,1240.0061009746769,0.0772685755841648,13365.0,5785.0,10263.0,1328.495917187966,3102.0,-4.547473508864641e-13,1569.528477536673,0,13970.0,0,7,91,7,0,0,0,0,0,0,0.042112146998988464,runs/RetailNet__routine__seed116__origin90
RetailNet,routine,116,90,llm_agents,7,15553.52796643293,13479.497981837358,0.8666521197588309,11829.890010807674,0.7605920686508245,219.73398685513428,10370.149922977864,1240.0061009746769,1240.0061009746769,0.0772685755841648,13365.0,5785.0,10263.0,1328.495917187966,3102.0,-4.547473508864641e-13,1569.528477536673,0,13970.0,0,7,91,7,0,0,21,0,6766,1036,26.97129562500777,runs/RetailNet__routine__seed116__origin90
RetailNet,routine,117,83,conventional,7,14087.636719504633,12465.874522315718,0.8848804643760049,9403.697775720295,0.667514215688191,233.01370513904936,8108.810985944563,1061.873084636682,1061.873084636682,0.06924506583871419,12288.0,5607.0,9728.0,1807.252393047598,2560.0,1.8189894035458565e-12,1664.3836081360673,0,12482.0,0,7,91,7,0,0,0,0,0,0,0.008002175003639422,runs/RetailNet__routine__seed117__origin83
RetailNet,routine,117,83,structured_planner,7,14087.636719504633,12503.254169071713,0.8875338296991071,9234.063551389338,0.655472861434919,237.1541424595319,7921.912752164588,1074.9966567652177,1074.9966567652177,0.07076070673810017,12441.0,5607.0,9585.0,1613.7491741630672,2856.0,1.8189894035458565e-12,1693.9581604252278,0,12652.0,0,7,91,7,0,0,0,0,0,0,0.04211893299361691,runs/RetailNet__routine__seed117__origin83
RetailNet,routine,117,83,llm_agents,7,14087.636719504633,12503.254169071713,0.8875338296991071,9234.063551389338,0.655472861434919,237.1541424595319,7921.912752164588,1074.9966567652177,1074.9966567652177,0.07076070673810017,12441.0,5607.0,9585.0,1613.7491741630672,2856.0,1.8189894035458565e-12,1693.9581604252278,0,12652.0,0,7,91,7,0,0,21,0,6805,1039,27.393799999001203,runs/RetailNet__routine__seed117__origin83
RetailNet,routine,117,90,conventional,7,15666.868502073181,13572.13826880745,0.8662955374273719,11910.209799485036,0.7602163634621029,219.62903992037582,10473.651166328664,1216.929593235996,1216.929593235996,0.07536101023259821,13575.0,5785.0,10363.0,1358.932137956554,3212.0,-4.547473508864641e-13,1568.7788565741125,0,13878.0,0,7,91,7,0,0,0,0,0,0,0.007916402006230783,runs/RetailNet__routine__seed117__origin90
RetailNet,routine,117,90,structured_planner,7,15666.868502073181,13641.787182521994,0.870741155497462,11515.768959100837,0.7350396128988359,218.4327681089041,10125.406597755937,1171.929593235996,1171.929593235996,0.07295378443949178,13645.0,5785.0,10279.0,1250.2832242420086,3366.0,1.3642420526593924e-12,1560.2340579207432,0,13950.0,0,7,91,7,0,0,0,0,0,0,0.04134102300304221,runs/RetailNet__routine__seed117__origin90
RetailNet,routine,117,90,llm_agents,7,15666.868502073181,13641.787182521994,0.870741155497462,11515.768959100837,0.7350396128988359,218.4327681089041,10125.406597755937,1171.929593235996,1171.929593235996,0.07295378443949178,13645.0,5785.0,10279.0,1250.2832242420086,3366.0,1.3642420526593924e-12,1560.2340579207432,0,13950.0,0,7,91,7,0,0,21,0,6804,1036,26.838943702015968,runs/RetailNet__routine__seed117__origin90
RetailNet,routine,118,83,conventional,7,13911.245439732094,12427.848669850104,0.8933670765634513,8764.428244966883,0.6300247007313006,237.2964964538167,7416.9838494099595,1110.1478991031067,1110.1478991031067,0.07304565726431812,12251.0,5607.0,9591.0,1660.0034310467909,2660.0,-1.8189894035458565e-12,1694.9749746701193,0,12504.0,0,7,91,7,0,0,0,0,0,0,0.008001562004210427,runs/RetailNet__routine__seed118__origin83
RetailNet,routine,118,83,structured_planner,7,13911.245439732094,12521.788620205312,0.9001198831875732,8313.649127624569,0.5976207639813359,240.26034204227977,6947.284097633898,1126.1046879483906,1126.1046879483906,0.07426171774916847,12572.0,5607.0,9557.0,1516.1066918462946,3015.0,1.8189894035458565e-12,1716.1453003019983,0,12842.0,0,7,91,7,0,0,0,0,0,0,0.04215544399630744,runs/RetailNet__routine__seed118__origin83
RetailNet,routine,118,83,llm_agents,7,13911.245439732094,12521.788620205312,0.9001198831875732,8313.649127624569,0.5976207639813359,240.26034204227977,6947.284097633898,1126.1046879483906,1126.1046879483906,0.07426171774916847,12572.0,5607.0,9557.0,1516.1066918462946,3015.0,1.8189894035458565e-12,1716.1453003019983,0,12842.0,0,7,91,7,0,0,21,0,6820,1070,27.39224713200383,runs/RetailNet__routine__seed118__origin83
RetailNet,routine,118,90,conventional,7,15642.087941057887,13472.78810585838,0.8613164787607763,12394.972641102699,0.7924116452873246,226.46860617401057,10846.499175997531,1322.0048589311573,1322.0048589311573,0.08201531477952462,13507.0,5785.0,10334.0,1324.207035210461,3173.0,9.094947017729282e-13,1617.6329012429326,0,13886.0,0,7,91,7,0,0,0,0,0,0,0.011232233999180607,runs/RetailNet__routine__seed118__origin90
RetailNet,routine,118,90,structured_planner,7,15642.087941057887,13529.52163376968,0.8649434579802437,11974.264563186967,0.7655157424193038,225.9302105588797,10562.831536441032,1185.5028161870543,1185.5028161870543,0.07368863849994121,13650.0,5785.0,10303.0,1372.9755500432639,3347.0,1.8189894035458565e-12,1613.7872182777123,0,14012.0,0,7,91,7,0,0,0,0,0,0,0.050876423018053174,runs/RetailNet__routine__seed118__origin90
RetailNet,routine,118,90,llm_agents,7,15642.087941057887,13529.52163376968,0.8649434579802437,11974.264563186967,0.7655157424193038,225.9302105588797,10562.831536441032,1185.5028161870543,1185.5028161870543,0.07368863849994121,13650.0,5785.0,10303.0,1372.9755500432639,3347.0,1.8189894035458565e-12,1613.7872182777123,0,14012.0,0,7,91,7,0,0,21,0,6820,1076,28.071484799002064,runs/RetailNet__routine__seed118__origin90
RetailNet,routine,119,83,conventional,7,14182.87478035878,12626.128861534591,0.8902376321491567,9143.435620292837,0.6446814035864694,233.14830894579944,7783.729594120939,1126.557717226099,1126.557717226099,0.07397450372487352,12346.0,5607.0,9622.0,1476.3134212393115,2724.0,-1.8189894035458565e-12,1665.3450638985673,0,12644.0,0,7,91,7,0,0,0,0,0,0,0.007953028994961642,runs/RetailNet__routine__seed119__origin83
RetailNet,routine,119,83,structured_planner,7,14182.87478035878,12772.240489421138,0.9005396076054225,8368.636143479049,0.5900521772263261,227.705019813577,7053.171454688201,1087.759668977269,1087.759668977269,0.07158668436836256,12682.0,5607.0,9588.0,1334.999841601594,3094.0,-9.094947017729282e-13,1626.4644272398357,0,12990.0,0,7,91,7,0,0,0,0,0,0,0.043506797002919484,runs/RetailNet__routine__seed119__origin83
RetailNet,routine,119,83,llm_agents,7,14182.87478035878,12772.240489421138,0.9005396076054225,8368.636143479049,0.5900521772263261,227.705019813577,7053.171454688201,1087.759668977269,1087.759668977269,0.07158668436836256,12682.0,5607.0,9588.0,1334.999841601594,3094.0,-9.094947017729282e-13,1626.4644272398357,0,12990.0,0,7,91,7,0,0,21,0,6765,1039,27.02768661499431,runs/RetailNet__routine__seed119__origin83
RetailNet,routine,119,90,conventional,7,15914.241041158692,13691.938043250037,0.8603575883913561,12699.879421922207,0.7980197980586543,219.1442411906757,11111.51498954327,1369.2201911882623,1369.2201911882623,0.08476569003827539,13765.0,5785.0,10368.0,1091.8417655617002,3397.0,9.094947017729282e-13,1565.316008504826,0,14068.0,0,7,91,7,0,0,0,0,0,0,0.008127170993248,runs/RetailNet__routine__seed119__origin90
RetailNet,routine,119,90,structured_planner,7,15914.241041158692,13749.635405098486,0.8639831060455897,12298.229092719068,0.772781376184538,217.42798125357558,10823.028180301026,1257.772931164468,1257.772931164468,0.07801593668058976,13832.0,5785.0,10337.0,1114.5916637370456,3495.0,0.0,1553.0570089541106,0,14166.0,0,7,91,7,0,0,0,0,0,0,0.04250211999169551,runs/RetailNet__routine__seed119__origin90
RetailNet,routine,119,90,llm_agents,7,15914.241041158692,13749.635405098486,0.8639831060455897,12298.229092719068,0.772781376184538,217.42798125357558,10823.028180301026,1257.772931164468,1257.772931164468,0.07801593668058976,13832.0,5785.0,10337.0,1114.5916637370456,3495.0,0.0,1553.0570089541106,0,14166.0,0,7,91,7,0,0,21,0,6766,1070,26.037305338002625,runs/RetailNet__routine__seed119__origin90
RetailNet,routine,120,83,conventional,7,14168.084449184222,12816.123831158231,0.9045770355989208,8076.923664150767,0.5700787352813828,223.17292920478053,6759.8030901299435,1093.9476448160422,1093.9476448160422,0.07114643891883729,12605.0,5607.0,9769.0,1465.928524025725,2836.0,1.8189894035458565e-12,1594.0923514627182,0,13088.0,0,7,91,7,0,0,0,0,0,0,0.007808772003045306,runs/RetailNet__routine__seed120__origin83
RetailNet,routine,120,83,structured_planner,7,14168.084449184222,12923.395238799749,0.9121483772313242,7563.65746737449,0.5338518057612224,234.12611222685973,6223.446051922366,1106.0853032252653,1106.0853032252653,0.07166085540818046,12803.0,5607.0,9828.0,1405.5194579749864,2975.0,-4.547473508864641e-13,1672.3293730489984,0,13258.0,0,7,91,7,0,0,0,0,0,0,0.04050082901085261,runs/RetailNet__routine__seed120__origin83
RetailNet,routine,120,83,llm_agents,7,14168.084449184222,12923.395238799749,0.9121483772313242,7563.65746737449,0.5338518057612224,234.12611222685973,6223.446051922366,1106.0853032252653,1106.0853032252653,0.07166085540818046,12803.0,5607.0,9828.0,1405.5194579749864,2975.0,-4.547473508864641e-13,1672.3293730489984,0,13258.0,0,7,91,7,0,0,21,0,6805,1036,25.738107694000064,runs/RetailNet__routine__seed120__origin83
RetailNet,routine,120,90,conventional,7,15790.778747855948,13807.341681544842,0.874392701083193,11513.182554821677,0.7291079647598079,219.50214405878324,9917.185331555535,1376.49507920736,1376.49507920736,0.0848013232631444,13804.0,5785.0,10447.0,1048.163239247801,3357.0,-2.2737367544323206e-12,1567.8724575627373,0,14264.0,0,7,91,7,0,0,0,0,0,0,0.008169422995706555,runs/RetailNet__routine__seed120__origin90
RetailNet,routine,120,90,structured_planner,7,15790.778747855948,13896.736335028956,0.8800538945500606,11016.018820197758,0.6976235305490237,221.32266278811935,9470.212064134957,1324.4840932746808,1324.4840932746808,0.0811571135584976,13901.0,5785.0,10535.0,1098.7795716963642,3366.0,-1.3642420526593924e-12,1580.8761627722813,0,14382.0,0,7,91,7,0,0,0,0,0,0,0.044439250996219926,runs/RetailNet__routine__seed120__origin90
RetailNet,routine,120,90,llm_agents,7,15790.778747855948,13896.736335028956,0.8800538945500606,11016.018820197758,0.6976235305490237,221.32266278811935,9470.212064134957,1324.4840932746808,1324.4840932746808,0.0811571135584976,13901.0,5785.0,10535.0,1098.7795716963642,3366.0,-1.3642420526593924e-12,1580.8761627722813,0,14382.0,0,7,91,7,0,0,21,0,6804,1039,26.016582554992056,runs/RetailNet__routine__seed120__origin90
RetailNet,routine,121,83,conventional,7,13988.656210833262,12245.232258705575,0.8753687326465623,10126.829398387985,0.7239315375086168,246.13568188717167,8717.119760638441,1163.5739558623734,1163.5739558623734,0.07673265338053109,12042.0,5607.0,9557.0,1755.1937854320508,2485.0,4.547473508864641e-13,1758.1120134797973,0,12706.0,0,7,91,7,0,0,0,0,0,0,0.007982121991517488,runs/RetailNet__routine__seed121__origin83
RetailNet,routine,121,83,structured_planner,7,13988.656210833262,12326.945687319676,0.8812101392393428,9710.17846587162,0.6941466227722252,244.0366312172996,8308.552617567939,1157.5892170863826,1157.5892170863826,0.0771777596564026,12373.0,5607.0,9392.0,1514.465095593941,2981.0,4.547473508864641e-13,1743.118794409283,0,13040.0,0,7,91,7,0,0,0,0,0,0,0.0441731550017721,runs/RetailNet__routine__seed121__origin83
RetailNet,routine,121,83,llm_agents,7,13988.656210833262,12326.945687319676,0.8812101392393428,9710.17846587162,0.6941466227722252,244.0366312172996,8308.552617567939,1157.5892170863826,1157.5892170863826,0.0771777596564026,12373.0,5607.0,9392.0,1514.465095593941,2981.0,4.547473508864641e-13,1743.118794409283,0,13040.0,0,7,91,7,0,0,21,0,6820,1070,28.716116658993997,runs/RetailNet__routine__seed121__origin83
RetailNet,routine,121,90,conventional,7,15579.92231773257,13231.937730969375,0.8492942044973618,13419.334263592104,0.8613222832516082,233.98446420672457,11739.92293381599,1445.4268655693913,1445.4268655693913,0.08982828075131385,13316.0,5785.0,10306.0,1413.6354034612339,3010.0,-9.094947017729282e-13,1671.3176014766038,0,14002.0,0,7,91,7,0,0,0,0,0,0,0.007912720000604168,runs/RetailNet__routine__seed121__origin90
RetailNet,routine,121,90,structured_planner,7,15579.92231773257,13280.18601329524,0.8523910288166301,13067.83768618835,0.8387614148316359,227.0669865563448,11498.68152218666,1342.0891774453457,1342.0891774453457,0.08411715308338112,13316.0,5785.0,10170.0,1332.724809259414,3146.0,-4.547473508864641e-13,1621.9070468310342,0,14068.0,0,7,91,7,0,0,0,0,0,0,0.04153908400621731,runs/RetailNet__routine__seed121__origin90
RetailNet,routine,121,90,llm_agents,7,15579.92231773257,13280.18601329524,0.8523910288166301,13067.83768618835,0.8387614148316359,227.0669865563448,11498.68152218666,1342.0891774453457,1342.0891774453457,0.08411715308338112,13316.0,5785.0,10170.0,1332.724809259414,3146.0,-4.547473508864641e-13,1621.9070468310342,0,14068.0,0,7,91,7,0,0,21,0,6819,1036,27.3882154479943,runs/RetailNet__routine__seed121__origin90
RetailNet,routine,122,83,conventional,7,14062.561548489688,12528.834331914453,0.8909354308397707,9034.449275076026,0.642446914377866,226.53574870362937,7668.636082876177,1139.277443496218,1139.277443496218,0.07418619805275888,12451.0,5607.0,9750.0,1688.888224589329,2701.0,0.0,1618.1124907402098,0,12864.0,0,7,91,7,0,0,0,0,0,0,0.007884784005000256,runs/RetailNet__routine__seed122__origin83
RetailNet,routine,122,83,structured_planner,7,14062.561548489688,12556.250620706584,0.8928850250653743,8892.94166079688,0.6323841947381185,231.60606485120806,7531.554638915522,1129.780957030148,1129.780957030148,0.07399665686600394,12611.0,5607.0,9661.0,1581.9684222632677,2950.0,9.094947017729282e-13,1654.3290346514862,0,13046.0,0,7,91,7,0,0,0,0,0,0,0.042694684001617134,runs/RetailNet__routine__seed122__origin83
RetailNet,routine,122,83,llm_agents,7,14062.561548489688,12556.250620706584,0.8928850250653743,8892.94166079688,0.6323841947381185,231.60606485120806,7531.554638915522,1129.780957030148,1129.780957030148,0.07399665686600394,12611.0,5607.0,9661.0,1581.9684222632677,2950.0,9.094947017729282e-13,1654.3290346514862,0,13046.0,0,7,91,7,0,0,21,0,6767,1070,26.247300103015732,runs/RetailNet__routine__seed122__origin83
RetailNet,routine,122,90,conventional,7,15771.109002916834,13430.01290123997,0.8515579277751563,13257.312042505113,0.8406074702833644,217.224664365338,11705.480508384315,1334.6068697554597,1334.6068697554597,0.08397450888790409,13633.0,5785.0,10108.0,1128.380229004569,3525.0,9.094947017729282e-13,1551.6047454667,0,14050.0,0,7,91,7,0,0,0,0,0,0,0.008087367001280654,runs/RetailNet__routine__seed122__origin90
RetailNet,routine,122,90,structured_planner,7,15771.109002916834,13410.217240170368,0.8503027426727047,13238.680827122233,0.839426119283924,216.7642290333634,11804.458813732328,1217.45778435654,1217.45778435654,0.07673859340413111,13682.0,5785.0,10080.0,1237.3249754730919,3602.0,-4.547473508864641e-13,1548.3159216668814,0,14148.0,0,7,91,7,0,0,0,0,0,0,0.047239178995369,runs/RetailNet__routine__seed122__origin90
RetailNet,routine,122,90,llm_agents,7,15771.109002916834,13410.217240170368,0.8503027426727047,13238.680827122233,0.839426119283924,216.7642290333634,11804.458813732328,1217.45778435654,1217.45778435654,0.07673859340413111,13682.0,5785.0,10080.0,1237.3249754730919,3602.0,-4.547473508864641e-13,1548.3159216668814,0,14148.0,0,7,91,7,0,0,21,0,6767,1073,26.43683031701221,runs/RetailNet__routine__seed122__origin90
RetailNet,routine,123,83,conventional,7,13826.333547205822,12345.64389790527,0.8929080045519524,8864.625324494926,0.6411407112543142,242.39442752622935,7403.448246502779,1218.7826504659179,1218.7826504659179,0.08050615301313943,12215.0,5607.0,9532.0,1574.5734516288135,2683.0,-4.547473508864641e-13,1731.3887680444952,0,12664.0,0,7,91,7,0,0,0,0,0,0,0.007561275007901713,runs/RetailNet__routine__seed123__origin83
RetailNet,routine,123,83,structured_planner,7,13826.333547205822,12507.462430323823,0.9046116519336732,8010.097158737374,0.5793363172810295,242.2372561826254,6594.355584410005,1173.5043181447438,1173.5043181447438,0.07702181137731319,12456.0,5607.0,9629.0,1555.0332515314328,2827.0,0.0,1730.2661155901812,0,12866.0,0,7,91,7,0,0,0,0,0,0,0.04549382600089302,runs/RetailNet__routine__seed123__origin83
RetailNet,routine,123,83,llm_agents,7,13826.333547205822,12507.462430323823,0.9046116519336732,8010.097158737374,0.5793363172810295,242.2372561826254,6594.355584410005,1173.5043181447438,1173.5043181447438,0.07702181137731319,12456.0,5607.0,9629.0,1555.0332515314328,2827.0,0.0,1730.2661155901812,0,12866.0,0,7,91,7,0,0,21,0,6804,1036,26.382845483014535,runs/RetailNet__routine__seed123__origin83
RetailNet,routine,123,90,conventional,7,15640.039713359873,13228.557614223342,0.8458135565297434,13716.980775879021,0.8770425796401171,235.21843655997864,12057.410495682656,1424.3518436363888,1424.3518436363888,0.08939633739009532,13522.0,5785.0,10148.0,1280.090542140269,3374.0,4.547473508864641e-13,1680.1316897141332,0,13890.0,0,7,91,7,0,0,0,0,0,0,0.008016113999474328,runs/RetailNet__routine__seed123__origin90
RetailNet,routine,123,90,structured_planner,7,15640.039713359873,13307.15163304178,0.8508387367888001,13258.51176986771,0.8477287790095674,230.7835464559978,11664.44040159047,1363.2878218212425,1363.2878218212425,0.08544045010160707,13556.0,5785.0,10171.0,1285.560545136979,3385.0,-1.8189894035458565e-12,1648.453903257127,0,13922.0,0,7,91,7,0,0,0,0,0,0,0.0940542330063181,runs/RetailNet__routine__seed123__origin90
RetailNet,routine,123,90,llm_agents,7,15640.039713359873,13307.15163304178,0.8508387367888001,13258.51176986771,0.8477287790095674,230.7835464559978,11664.44040159047,1363.2878218212425,1363.2878218212425,0.08544045010160707,13556.0,5785.0,10171.0,1285.560545136979,3385.0,-1.8189894035458565e-12,1648.453903257127,0,13922.0,0,7,91,7,0,0,21,0,6803,1039,26.639625621995947,runs/RetailNet__routine__seed123__origin90
RetailNet,routine,124,83,conventional,7,14236.16442032506,12754.072032707103,0.8958924367646411,8715.076653921411,0.6121787018333985,224.97358356703734,7410.461938089769,1079.6411322646045,1079.6411322646045,0.06969473450807595,12567.0,5607.0,9884.0,1657.2868350282909,2683.0,1.8189894035458565e-12,1606.954168335981,0,12912.0,0,7,91,7,0,0,0,0,0,0,0.007662681011424866,runs/RetailNet__routine__seed124__origin83
RetailNet,routine,124,83,structured_planner,7,14236.16442032506,12851.372833639598,0.9027271991388083,8252.523128649,0.5796872588003283,228.5295278199126,6923.957933427303,1100.0356674017842,1100.0356674017842,0.0705829751300471,12680.0,5607.0,9978.0,1633.591498958618,2702.0,0.0,1632.3537701422326,0,13090.0,0,7,91,7,0,0,0,0,0,0,0.03814040800352814,runs/RetailNet__routine__seed124__origin83
RetailNet,routine,124,83,llm_agents,7,14236.16442032506,12851.372833639598,0.9027271991388083,8252.523128649,0.5796872588003283,228.5295278199126,6923.957933427303,1100.0356674017842,1100.0356674017842,0.0705829751300471,12680.0,5607.0,9978.0,1633.591498958618,2702.0,0.0,1632.3537701422326,0,13090.0,0,7,91,7,0,0,21,0,6818,1036,27.380953585998213,runs/RetailNet__routine__seed124__origin83
RetailNet,routine,124,90,conventional,7,15933.38626757806,13673.542523049156,0.8581692738393388,12913.714816992235,0.8104815009267439,226.15058596925786,11299.21872264452,1388.3455083784595,1388.3455083784595,0.08524779002692248,13631.0,5785.0,10501.0,1224.1119685723852,3130.0,-9.094947017729282e-13,1615.361328351842,0,14080.0,0,7,91,7,0,0,0,0,0,0,0.015041670005302876,runs/RetailNet__routine__seed124__origin90
RetailNet,routine,124,90,structured_planner,7,15933.38626757806,13694.685242619267,0.8594962183579145,12709.668644467007,0.7976752983343652,222.8180112945908,11193.505124793955,1293.3455083784595,1293.3455083784595,0.07988052055947499,13685.0,5785.0,10406.0,1202.9692490022724,3279.0,9.094947017729282e-13,1591.557223532791,0,14158.0,0,7,91,7,0,0,0,0,0,0,0.06446304200653685,runs/RetailNet__routine__seed124__origin90
RetailNet,routine,124,90,llm_agents,7,15933.38626757806,13694.685242619267,0.8594962183579145,12709.668644467007,0.7976752983343652,222.8180112945908,11193.505124793955,1293.3455083784595,1293.3455083784595,0.07988052055947499,13685.0,5785.0,10406.0,1202.9692490022724,3279.0,9.094947017729282e-13,1591.557223532791,0,14158.0,0,7,91,7,0,0,21,0,6819,1039,27.565298506000545,runs/RetailNet__routine__seed124__origin90
RetailNet,routine,125,83,conventional,7,13939.794545557868,12480.66896739122,0.8953266080502155,8703.924284801604,0.6243940150161857,226.44731698932475,7295.627890833231,1181.8490769790494,1181.8490769790494,0.07800984006462372,12292.0,5607.0,9543.0,1487.4819556297296,2749.0,0.0,1617.480835638034,0,12992.0,0,7,91,7,0,0,0,0,0,0,0.007920149997517001,runs/RetailNet__routine__seed125__origin83
RetailNet,routine,125,83,structured_planner,7,13939.794545557868,12604.56134352909,0.9042142839577022,8105.021486910287,0.5814304838153499,232.0174431316469,6676.166010143887,1196.838033634752,1196.838033634752,0.07881193425752352,12568.0,5607.0,9579.0,1384.6006228361584,2989.0,-9.094947017729282e-13,1657.2674509403348,0,13198.0,0,7,91,7,0,0,0,0,0,0,0.03962037200835766,runs/RetailNet__routine__seed125__origin83
RetailNet,routine,125,83,llm_agents,7,13939.794545557868,12604.56134352909,0.9042142839577022,8105.021486910287,0.5814304838153499,232.0174431316469,6676.166010143887,1196.838033634752,1196.838033634752,0.07881193425752352,12568.0,5607.0,9579.0,1384.6006228361584,2989.0,-9.094947017729282e-13,1657.2674509403348,0,13198.0,0,7,91,7,0,0,21,0,6767,1039,27.381562041002326,runs/RetailNet__routine__seed125__origin83
RetailNet,routine,125,90,conventional,7,15693.813008816298,13410.429228551044,0.8545042062765422,12996.73147247424,0.8281436426681698,221.3887174905678,11416.918901326266,1358.4238536574057,1358.4238536574057,0.085408604442465,13534.0,5785.0,10120.0,1136.1469177915499,3414.0,9.094947017729282e-13,1581.3479820754842,0,14222.0,0,7,91,7,0,0,0,0,0,0,0.007291454989172053,runs/RetailNet__routine__seed125__origin90
RetailNet,routine,125,90,structured_planner,7,15693.813008816298,13540.184267930745,0.8627721166503187,12281.893838687916,0.7825946334258175,219.3262806027458,10768.143704427763,1294.4238536574057,1294.4238536574057,0.08086611192961865,13594.0,5785.0,10222.0,1172.3918784118496,3372.0,0.0,1566.616290019613,0,14216.0,0,7,91,7,0,0,0,0,0,0,0.03947462899668608,runs/RetailNet__routine__seed125__origin90
RetailNet,routine,125,90,llm_agents,7,15693.813008816298,13540.184267930745,0.8627721166503187,12281.893838687916,0.7825946334258175,219.3262806027458,10768.143704427763,1294.4238536574057,1294.4238536574057,0.08086611192961865,13594.0,5785.0,10222.0,1172.3918784118496,3372.0,0.0,1566.616290019613,0,14216.0,0,7,91,7,0,0,21,0,6766,1039,27.399412710001343,runs/RetailNet__routine__seed125__origin90
RetailNet,routine,126,83,conventional,7,13983.595902884337,12351.665667381045,0.8832968110036217,9669.858924902166,0.6915144711030734,242.1783883051453,8159.651177516456,1268.0293590805638,1268.0293590805638,0.08410913764132157,12181.0,5607.0,9469.0,1456.3049735383909,2712.0,0.0,1729.8456307510376,0,12466.0,0,7,91,7,0,0,0,0,0,0,0.007740830005786847,runs/RetailNet__routine__seed126__origin83
RetailNet,routine,126,83,structured_planner,7,13983.595902884337,12516.109047378943,0.8950565458486467,8809.621362811155,0.6299968494508649,243.67656986864694,7337.434277526969,1228.5105154155387,1228.5105154155387,0.08065855921577958,12526.0,5607.0,9624.0,1486.3804372055185,2902.0,0.0,1740.5469276331928,0,12874.0,0,7,91,7,0,0,0,0,0,0,0.041865136998239905,runs/RetailNet__routine__seed126__origin83
RetailNet,routine,126,83,llm_agents,7,13983.595902884337,12516.109047378943,0.8950565458486467,8809.621362811155,0.6299968494508649,243.67656986864694,7337.434277526969,1228.5105154155387,1228.5105154155387,0.08065855921577958,12526.0,5607.0,9624.0,1486.3804372055185,2902.0,0.0,1740.5469276331928,0,12874.0,0,7,91,7,0,0,21,0,6805,1042,27.040291792007338,runs/RetailNet__routine__seed126__origin83
RetailNet,routine,126,90,conventional,7,15624.720283639657,13438.140303575568,0.8600563760265446,12482.79296927397,0.7989130520528077,222.16715373612854,10932.899900320455,1327.7259152173879,1327.7259152173879,0.08332136273720664,13596.0,5785.0,10150.0,1169.1337812070453,3446.0,-1.8189894035458565e-12,1586.9082409723467,0,14068.0,0,7,91,7,0,0,0,0,0,0,0.00765042201965116,runs/RetailNet__routine__seed126__origin90
RetailNet,routine,126,90,structured_planner,7,15624.720283639657,13540.84367456282,0.8666295094409578,11904.404489361075,0.7618955266563042,220.04654432865968,10419.383045384195,1264.974899648221,1264.974899648221,0.07880972522884687,13620.0,5785.0,10266.0,1245.1814257889605,3354.0,-2.2737367544323206e-12,1571.7610309189974,0,14074.0,0,7,91,7,0,0,0,0,0,0,0.04353702399384929,runs/RetailNet__routine__seed126__origin90
RetailNet,routine,126,90,llm_agents,7,15624.720283639657,13540.84367456282,0.8666295094409578,11904.404489361075,0.7618955266563042,220.04654432865968,10419.383045384195,1264.974899648221,1264.974899648221,0.07880972522884687,13620.0,5785.0,10266.0,1245.1814257889605,3354.0,-2.2737367544323206e-12,1571.7610309189974,0,14074.0,0,7,91,7,0,0,21,0,6804,1036,26.37679577099334,runs/RetailNet__routine__seed126__origin90
RetailNet,routine,127,83,conventional,7,14047.538175847185,12187.480519542345,0.8675883537015081,10826.006099771086,0.7706692777233323,233.4893545767065,9300.288281524197,1292.2284636701816,1292.2284636701816,0.08681413931274314,12183.0,5607.0,9278.0,1405.291016787473,2905.0,4.547473508864641e-13,1667.781104119332,0,12830.0,0,7,91,7,0,0,0,0,0,0,0.007701326008827891,runs/RetailNet__routine__seed127__origin83
RetailNet,routine,127,83,structured_planner,7,14047.538175847185,12295.206022276012,0.875256992959516,10124.567988551662,0.7207361077658054,231.31681327941553,8761.660767855872,1131.5904074163748,1131.5904074163748,0.07631443265554186,12463.0,5607.0,9221.0,1401.2035703076149,3242.0,-1.3642420526593924e-12,1652.2629519958248,0,13066.0,0,7,91,7,0,0,0,0,0,0,0.0402457489981316,runs/RetailNet__routine__seed127__origin83
RetailNet,routine,127,83,llm_agents,7,14047.538175847185,12295.206022276012,0.875256992959516,10124.567988551662,0.7207361077658054,231.31681327941553,8761.660767855872,1131.5904074163748,1131.5904074163748,0.07631443265554186,12463.0,5607.0,9221.0,1401.2035703076149,3242.0,-1.3642420526593924e-12,1652.2629519958248,0,13066.0,0,7,91,7,0,0,21,0,6820,1073,28.00771423598053,runs/RetailNet__routine__seed127__origin83
RetailNet,routine,127,90,conventional,7,15702.00182086438,12865.536176792295,0.8193564313371134,15833.63844491906,1.0083834294223406,236.85256364683437,14182.328220360418,1414.4576609118071,1414.4576609118071,0.09165150397925272,13164.0,5785.0,9648.0,1153.0061622958965,3516.0,1.8189894035458565e-12,1691.8040260488167,0,13826.0,0,7,91,7,0,0,0,0,0,0,0.008359530002053361,runs/RetailNet__routine__seed127__origin90
RetailNet,routine,127,90,structured_planner,7,15702.00182086438,12992.702545989467,0.8274551674503774,15036.373186516188,0.9576086767826174,220.20800074234296,13546.49637437456,1269.6688113992816,1269.6688113992816,0.0825210458468271,13231.0,5785.0,9601.0,1123.6286426112508,3630.0,9.094947017729282e-13,1572.9142910167352,0,13846.0,0,7,91,7,0,0,0,0,0,0,0.04162148301838897,runs/RetailNet__routine__seed127__origin90
RetailNet,routine,127,90,llm_agents,7,15702.00182086438,12992.702545989467,0.8274551674503774,15036.373186516188,0.9576086767826174,220.20800074234296,13546.49637437456,1269.6688113992816,1269.6688113992816,0.0825210458468271,13231.0,5785.0,9601.0,1123.6286426112508,3630.0,9.094947017729282e-13,1572.9142910167352,0,13846.0,0,7,91,7,0,0,21,0,6820,1073,28.430118759002653,runs/RetailNet__routine__seed127__origin90
RetailNet,routine,128,83,conventional,7,13939.537655064938,12547.503096545153,0.9001376808208564,8306.173876100702,0.5958715476537093,231.24611673662417,6960.172792598945,1114.7549667651324,1114.7549667651324,0.07270299137579941,12407.0,5607.0,9726.0,1670.7419366897157,2681.0,-1.8189894035458565e-12,1651.7579766901727,0,13022.0,0,7,91,7,0,0,0,0,0,0,0.007872627989854664,runs/RetailNet__routine__seed128__origin83
RetailNet,routine,128,83,structured_planner,7,13939.537655064938,12682.992169779456,0.9098574489069288,7663.9002414950755,0.5497958706478614,233.45309675927894,6282.727426427432,1147.7197183083645,1147.7197183083645,0.07477001422204328,12550.0,5607.0,9743.0,1519.2881119121805,2807.0,-9.094947017729282e-13,1667.5221197091353,0,13232.0,0,7,91,7,0,0,0,0,0,0,0.042858647990215104,runs/RetailNet__routine__seed128__origin83
RetailNet,routine,128,83,llm_agents,7,13939.537655064938,12682.992169779456,0.9098574489069288,7663.9002414950755,0.5497958706478614,233.45309675927894,6282.727426427432,1147.7197183083645,1147.7197183083645,0.07477001422204328,12550.0,5607.0,9743.0,1519.2881119121805,2807.0,-9.094947017729282e-13,1667.5221197091353,0,13232.0,0,7,91,7,0,0,21,0,6767,1036,27.655855233992042,runs/RetailNet__routine__seed128__origin83
RetailNet,routine,128,90,conventional,7,15594.403663343244,13630.950331890155,0.8740924389389476,11326.779540060727,0.7263361770406043,220.5935111729602,9817.266657265429,1288.9193716223363,1288.9193716223363,0.07955310280350181,13708.0,5785.0,10417.0,1282.1302964875067,3291.0,1.8189894035458565e-12,1575.6679369497156,0,14346.0,0,7,91,7,0,0,0,0,0,0,0.008193445006327238,runs/RetailNet__routine__seed128__origin90
RetailNet,routine,128,90,structured_planner,7,15594.403663343244,13745.441723635946,0.8814342645205772,10675.908366150035,0.6845986930071075,219.65667460890631,9244.809698536494,1211.4419930046338,1211.4419930046338,0.07437635025814304,13705.0,5785.0,10503.0,1331.1162833594217,3202.0,-9.094947017729282e-13,1568.9762472064738,0,14384.0,0,7,91,7,0,0,0,0,0,0,0.04385752699454315,runs/RetailNet__routine__seed128__origin90
RetailNet,routine,128,90,llm_agents,7,15594.403663343244,13745.441723635946,0.8814342645205772,10675.908366150035,0.6845986930071075,219.65667460890631,9244.809698536494,1211.4419930046338,1211.4419930046338,0.07437635025814304,13705.0,5785.0,10503.0,1331.1162833594217,3202.0,-9.094947017729282e-13,1568.9762472064738,0,14384.0,0,7,91,7,0,0,21,0,6767,1039,28.125313851996907,runs/RetailNet__routine__seed128__origin90
RetailNet,routine,129,83,conventional,7,13963.597435408192,12697.818742178355,0.9093515335797251,7745.701891072549,0.5547067599808762,229.58396004367242,6328.893466149185,1187.2244648796918,1187.2244648796918,0.07709249771946051,12499.0,5607.0,9793.0,1514.956792941954,2706.0,-4.547473508864641e-13,1639.885428883374,0,12960.0,0,7,91,7,0,0,0,0,0,0,0.008046807997743599,runs/RetailNet__routine__seed129__origin83
RetailNet,routine,129,83,structured_planner,7,13963.597435408192,12757.027060131313,0.91359172442072,7504.822353027418,0.5374562241387069,236.74601176333232,6032.851876384394,1235.2244648796918,1235.2244648796918,0.08008457370848625,12743.0,5607.0,9817.0,1431.748474988996,2926.0,-4.547473508864641e-13,1691.0429411666594,0,13228.0,0,7,91,7,0,0,0,0,0,0,0.04519698699004948,runs/RetailNet__routine__seed129__origin83
RetailNet,routine,129,83,llm_agents,7,13963.597435408192,12757.027060131313,0.91359172442072,7504.822353027418,0.5374562241387069,236.74601176333232,6032.851876384394,1235.2244648796918,1235.2244648796918,0.08008457370848625,12743.0,5607.0,9817.0,1431.748474988996,2926.0,-4.547473508864641e-13,1691.0429411666594,0,13228.0,0,7,91,7,0,0,21,0,6805,1036,27.885199559990724,runs/RetailNet__routine__seed129__origin83
RetailNet,routine,129,90,conventional,7,15737.902498839025,13630.676914804,0.8661050553470849,12116.042987423087,0.7698638994819595,219.67394676251723,10536.12792017512,1360.2411204854507,1360.2411204854507,0.08406409495614924,13675.0,5785.0,10396.0,1190.0819647105495,3279.0,-4.547473508864641e-13,1569.0996197322659,0,14350.0,0,7,91,7,0,0,0,0,0,0,0.007849002002330963,runs/RetailNet__routine__seed129__origin90
RetailNet,routine,129,90,structured_planner,7,15737.902498839025,13706.016983919253,0.8708922288043364,11693.6028172933,0.7430216839986097,222.18497908731533,10159.427574598862,1311.9902636071226,1311.9902636071226,0.08104208188319986,13792.0,5785.0,10404.0,1170.992752473626,3388.0,-1.8189894035458565e-12,1587.0355649093956,0,14450.0,0,7,91,7,0,0,0,0,0,0,0.04244623599515762,runs/RetailNet__routine__seed129__origin90
RetailNet,routine,129,90,llm_agents,7,15737.902498839025,13706.016983919253,0.8708922288043364,11693.6028172933,0.7430216839986097,222.18497908731533,10159.427574598862,1311.9902636071226,1311.9902636071226,0.08104208188319986,13792.0,5785.0,10404.0,1170.992752473626,3388.0,-1.8189894035458565e-12,1587.0355649093956,0,14450.0,0,7,91,7,0,0,21,0,6805,1036,27.426139305003744,runs/RetailNet__routine__seed129__origin90
RetailNet,routine,130,83,conventional,7,14274.763751799326,12532.212806241749,0.877927860954061,9969.091798422718,0.6983717539399641,225.22303101325898,8712.754727787902,1031.1140396215578,1031.1140396215578,0.06845343156220925,12519.0,5607.0,9456.0,1499.6731541366953,3063.0,-1.8189894035458565e-12,1608.7359358089925,0,12814.0,0,7,91,7,0,0,0,0,0,0,0.008150581998052076,runs/RetailNet__routine__seed130__origin83
RetailNet,routine,130,83,structured_planner,7,14274.763751799326,12648.009546125997,0.8860398508894217,9408.309673453587,0.6590868918771194,228.6067906413992,8133.771028366659,1045.9318544455289,1045.9318544455289,0.06938648364372621,12601.0,5607.0,9467.0,1380.0585994284756,3134.0,-1.8189894035458565e-12,1632.9056474385654,0,12906.0,0,7,91,7,0,0,0,0,0,0,0.04272621400014032,runs/RetailNet__routine__seed130__origin83
RetailNet,routine,130,83,llm_agents,7,14274.763751799326,12648.009546125997,0.8860398508894217,9408.309673453587,0.6590868918771194,228.6067906413992,8133.771028366659,1045.9318544455289,1045.9318544455289,0.06938648364372621,12601.0,5607.0,9467.0,1380.0585994284756,3134.0,-1.8189894035458565e-12,1632.9056474385654,0,12906.0,0,7,91,7,0,0,21,0,6819,1036,26.445035646996985,runs/RetailNet__routine__seed130__origin83
RetailNet,routine,130,90,conventional,7,15935.974659681786,13423.252083038255,0.8423238847762007,14092.844316811716,0.8843415365403904,223.15300700912093,12563.61288321764,1306.0784265849552,1306.0784265849552,0.0830152181138343,13673.0,5785.0,9948.0,1003.6694903767878,3725.0,2.2737367544323206e-12,1593.9500500651495,0,13966.0,0,7,91,7,0,0,0,0,0,0,0.008057424012804404,runs/RetailNet__routine__seed130__origin90
RetailNet,routine,130,90,structured_planner,7,15935.974659681786,13461.851392912151,0.8447460340766482,13790.018858877203,0.8653389047967127,217.62101624171225,12370.616333848164,1201.7815087873275,1201.7815087873275,0.07648813065092462,13497.0,5785.0,9927.0,1048.3670983005204,3570.0,9.094947017729282e-13,1554.4358302979442,0,13796.0,0,7,91,7,0,0,0,0,0,0,0.050085013994248584,runs/RetailNet__routine__seed130__origin90
RetailNet,routine,130,90,llm_agents,7,15935.974659681786,13461.851392912151,0.8447460340766482,13790.018858877203,0.8653389047967127,217.62101624171225,12370.616333848164,1201.7815087873275,1201.7815087873275,0.07648813065092462,13497.0,5785.0,9927.0,1048.3670983005204,3570.0,9.094947017729282e-13,1554.4358302979442,0,13796.0,0,7,91,7,0,0,21,0,6819,1036,26.080810082989046,runs/RetailNet__routine__seed130__origin90
RetailNet,supplier_disruption,101,83,conventional,7,14181.021600578853,11384.261461583192,0.8027814766968904,15132.970457639918,1.067128369441466,216.43142274014025,13983.8006949783,932.7383399214771,932.7383399214771,0.0636681460697254,13177.0,5607.0,9043.0,2333.0001984953324,4134.0,-9.094947017729282e-13,1545.9387338581448,0,13998.0,0,7,91,7,0,0,0,0,0,0,0.007316436996916309,runs/RetailNet__supplier_disruption__seed101__origin83
RetailNet,supplier_disruption,101,83,structured_planner,7,14181.021600578853,11527.216729456257,0.8128622220690876,14415.197291429173,1.0165133159969773,211.3852924775274,13269.02435561296,934.7876433386829,934.7876433386829,0.06612348046535212,13527.0,5607.0,8530.0,1674.995627205059,4997.0,1.8189894035458565e-12,1509.8949462680528,0,14386.0,0,7,91,7,0,0,0,0,0,0,0.04112519199770759,runs/RetailNet__supplier_disruption__seed101__origin83
RetailNet,supplier_disruption,101,83,llm_agents,7,14181.021600578853,11527.216729456257,0.8128622220690876,14415.197291429173,1.0165133159969773,211.3852924775274,13269.02435561296,934.7876433386829,934.7876433386829,0.06612348046535212,13527.0,5607.0,8530.0,1674.995627205059,4997.0,1.8189894035458565e-12,1509.8949462680528,0,14386.0,0,7,91,7,0,0,21,0,6798,1079,28.213748872996803,runs/RetailNet__supplier_disruption__seed101__origin83
RetailNet,supplier_disruption,101,90,conventional,7,15743.075247003571,12224.154854394854,0.776478207885179,18791.70519243673,1.1936489470831573,218.39047003522757,17594.6019630436,978.7127593579019,978.7127593579019,0.06308577796557314,14302.0,5785.0,9729.0,2311.1323862472427,4573.0,1.8189894035458565e-12,1559.931928823054,0,15250.0,0,7,91,7,0,0,0,0,0,0,0.007754369999020128,runs/RetailNet__supplier_disruption__seed101__origin90
RetailNet,supplier_disruption,101,90,structured_planner,7,15743.075247003571,12206.46264702395,0.7753543990299635,18897.63568793811,1.2003776512174744,207.85992868208717,17683.06299989812,1006.7127593579019,1006.7127593579019,0.06805792045415777,14292.0,5785.0,9007.0,1578.8245936181477,5285.0,1.8189894035458565e-12,1484.7137763006228,0,15110.0,0,7,91,7,0,0,0,0,0,0,0.043972881001536734,runs/RetailNet__supplier_disruption__seed101__origin90
RetailNet,supplier_disruption,101,90,llm_agents,7,15743.075247003571,12206.46264702395,0.7753543990299635,18897.63568793811,1.2003776512174744,207.85992868208717,17683.06299989812,1006.7127593579019,1006.7127593579019,0.06805792045415777,14292.0,5785.0,9007.0,1578.8245936181477,5285.0,1.8189894035458565e-12,1484.7137763006228,0,15110.0,0,7,91,7,0,0,21,0,6799,1049,26.768480342001567,runs/RetailNet__supplier_disruption__seed101__origin90
RetailNet,supplier_disruption,102,83,conventional,7,14168.664323300742,11612.2347913555,0.8195715930865038,14023.049042457487,0.9897227235030344,236.03764579551063,12782.147659726206,1004.863736935771,1004.863736935771,0.06680830642482355,13398.0,5607.0,9434.0,2423.9014717087284,3964.0,0.0,1685.983184253647,0,13886.0,0,7,91,7,0,0,0,0,0,0,0.007215998994070105,runs/RetailNet__supplier_disruption__seed102__origin83
RetailNet,supplier_disruption,102,83,structured_planner,7,14168.664323300742,11741.86512858903,0.828720679710029,13370.914564729406,0.9436961917956221,231.5602685533184,12133.995973558558,1005.3583226175303,1005.3583226175303,0.06876595913936596,13833.0,5607.0,9013.0,1872.77654879344,4820.0,-9.094947017729282e-13,1654.001918237988,0,14396.0,0,7,91,7,0,0,0,0,0,0,0.04121793099329807,runs/RetailNet__supplier_disruption__seed102__origin83
RetailNet,supplier_disruption,102,83,llm_agents,7,14168.664323300742,11741.86512858903,0.828720679710029,13370.914564729406,0.9436961917956221,231.5602685533184,12133.995973558558,1005.3583226175303,1005.3583226175303,0.06876595913936596,13833.0,5607.0,9013.0,1872.77654879344,4820.0,-9.094947017729282e-13,1654.001918237988,0,14396.0,0,7,91,7,0,0,21,0,6839,1049,26.565382631997636,runs/RetailNet__supplier_disruption__seed102__origin83
RetailNet,supplier_disruption,102,90,conventional,7,15693.95258697386,12704.624933461497,0.8095235959873145,16184.79728650937,1.0312760406797021,216.98358814155193,14946.638267561817,1021.1754308060022,1021.1754308060022,0.06437467255916297,14789.0,5785.0,10078.0,2137.1996357325006,4711.0,0.0,1549.8827724396567,0,15476.0,0,7,91,7,0,0,0,0,0,0,0.007606436000060057,runs/RetailNet__supplier_disruption__seed102__origin90
RetailNet,supplier_disruption,102,90,structured_planner,7,15693.95258697386,12745.944368733284,0.8121564212773618,15996.456232012653,1.0192751726094722,211.2397100037743,14740.041091202878,1045.1754308060022,1045.1754308060022,0.0678376991501267,14940.0,5785.0,9622.0,1615.880200460713,5318.0,0.0,1508.8550714555308,0,15596.0,0,7,91,7,0,0,0,0,0,0,0.06551813099940773,runs/RetailNet__supplier_disruption__seed102__origin90
RetailNet,supplier_disruption,102,90,llm_agents,7,15693.95258697386,12745.944368733284,0.8121564212773618,15996.456232012653,1.0192751726094722,211.2397100037743,14740.041091202878,1045.1754308060022,1045.1754308060022,0.0678376991501267,14940.0,5785.0,9622.0,1615.880200460713,5318.0,0.0,1508.8550714555308,0,15596.0,0,7,91,7,0,0,21,0,6838,1046,26.44311488000676,runs/RetailNet__supplier_disruption__seed102__origin90
RetailNet,supplier_disruption,103,83,conventional,7,14081.150869367393,11515.368385357971,0.8177860241813678,13929.981861100467,0.989264442255513,236.7355962949731,12828.912420047103,864.3338447583884,864.3338447583884,0.05748429401159806,13197.0,5607.0,9429.0,2656.297769883641,3768.0,-9.094947017729282e-13,1690.9685449640933,0,14066.0,0,7,91,7,0,0,0,0,0,0,0.007831347997125704,runs/RetailNet__supplier_disruption__seed103__origin83
RetailNet,supplier_disruption,103,83,structured_planner,7,14081.150869367393,11664.52838138851,0.8283789080595618,13225.539699221245,0.9392371278396374,230.09341456845237,12083.112439894403,912.3338447583884,912.3338447583884,0.06334771870284603,13466.0,5607.0,8795.0,1825.1377738531012,4671.0,0.0,1643.5243897746598,0,14294.0,0,7,91,7,0,0,0,0,0,0,0.09650936199977878,runs/RetailNet__supplier_disruption__seed103__origin83
RetailNet,supplier_disruption,103,83,llm_agents,7,14081.150869367393,11664.52838138851,0.8283789080595618,13225.539699221245,0.9392371278396374,230.09341456845237,12083.112439894403,912.3338447583884,912.3338447583884,0.06334771870284603,13466.0,5607.0,8795.0,1825.1377738531012,4671.0,0.0,1643.5243897746598,0,14294.0,0,7,91,7,0,0,21,0,6849,1078,28.907373138994444,runs/RetailNet__supplier_disruption__seed103__origin83
RetailNet,supplier_disruption,103,90,conventional,7,15643.019277990981,12530.959281653006,0.801057587347188,16773.77526433173,1.0722850215962894,217.4386705266798,15560.299981689866,996.0366121151807,996.0366121151807,0.0627503693136257,14526.0,5785.0,10088.0,2346.0041062318132,4438.0,0.0,1553.1333609048556,0,15498.0,0,7,91,7,0,0,0,0,0,0,0.007822881001629867,runs/RetailNet__supplier_disruption__seed103__origin90
RetailNet,supplier_disruption,103,90,structured_planner,7,15643.019277990981,12557.30856434101,0.8027419989188771,16667.006956870424,1.0654597210859509,209.52400658494201,15428.55356824984,1028.9293820356452,1028.9293820356452,0.06771054106578345,14463.0,5785.0,9411.0,1609.7620536233426,5052.0,1.8189894035458565e-12,1496.6000470353,0,15326.0,0,7,91,7,0,0,0,0,0,0,0.0469897349976236,runs/RetailNet__supplier_disruption__seed103__origin90
RetailNet,supplier_disruption,103,90,llm_agents,7,15643.019277990981,12557.30856434101,0.8027419989188771,16667.006956870424,1.0654597210859509,209.52400658494201,15428.55356824984,1028.9293820356452,1028.9293820356452,0.06771054106578345,14463.0,5785.0,9411.0,1609.7620536233426,5052.0,1.8189894035458565e-12,1496.6000470353,0,15326.0,0,7,91,7,0,0,21,0,6848,1078,28.22094284600098,runs/RetailNet__supplier_disruption__seed103__origin90
RetailNet,supplier_disruption,104,83,conventional,7,13957.663315902872,11463.076913340974,0.82127478317093,13708.68223688655,0.9821616933020128,237.95304230743525,12472.932012809497,997.7971817696179,997.7971817696179,0.06638703804189074,13233.0,5607.0,9423.0,2569.1259048894085,3810.0,-4.547473508864641e-13,1699.664587910252,0,13682.0,0,7,91,7,0,0,0,0,0,0,0.0075343900061852764,runs/RetailNet__supplier_disruption__seed104__origin83
RetailNet,supplier_disruption,104,83,structured_planner,7,13957.663315902872,11602.186577432967,0.8312413270646701,13035.111331180875,0.9339035507705024,225.76875554795564,11777.383692349526,1031.9588832833936,1031.9588832833936,0.07185342454277911,13603.0,5607.0,8755.0,1727.8545392836388,4848.0,9.094947017729282e-13,1612.6339681996833,0,14128.0,0,7,91,7,0,0,0,0,0,0,0.04131186100130435,runs/RetailNet__supplier_disruption__seed104__origin83
RetailNet,supplier_disruption,104,83,llm_agents,7,13957.663315902872,11602.186577432967,0.8312413270646701,13035.111331180875,0.9339035507705024,225.76875554795564,11777.383692349526,1031.9588832833936,1031.9588832833936,0.07185342454277911,13603.0,5607.0,8755.0,1727.8545392836388,4848.0,9.094947017729282e-13,1612.6339681996833,0,14128.0,0,7,91,7,0,0,21,0,6798,1048,27.904685117002373,runs/RetailNet__supplier_disruption__seed104__origin83
RetailNet,supplier_disruption,104,90,conventional,7,15641.990870640278,12656.534210423386,0.8091383197377683,16206.95709865642,1.0361185627001337,218.45546100130605,14927.283301084462,1061.2183365706505,1061.2183365706505,0.06646738923779598,14805.0,5785.0,10181.0,2248.2474530059626,4624.0,9.094947017729282e-13,1560.3961500093287,0,15248.0,0,7,91,7,0,0,0,0,0,0,0.007742673002212541,runs/RetailNet__supplier_disruption__seed104__origin90
RetailNet,supplier_disruption,104,90,structured_planner,7,15641.990870640278,12618.691245120805,0.8067190007638894,16387.365831924933,1.0476521797927725,208.10481335288452,15116.498127597371,1062.7628909746797,1062.7628909746797,0.06971222636764052,14844.0,5785.0,9460.0,1563.5458639045155,5384.0,0.0,1486.4629525206037,0,15370.0,0,7,91,7,0,0,0,0,0,0,0.04226832799758995,runs/RetailNet__supplier_disruption__seed104__origin90
RetailNet,supplier_disruption,104,90,llm_agents,7,15641.990870640278,12618.691245120805,0.8067190007638894,16387.365831924933,1.0476521797927725,208.10481335288452,15116.498127597371,1062.7628909746797,1062.7628909746797,0.06971222636764052,14844.0,5785.0,9460.0,1563.5458639045155,5384.0,0.0,1486.4629525206037,0,15370.0,0,7,91,7,0,0,21,0,6799,1045,27.631643184002314,runs/RetailNet__supplier_disruption__seed104__origin90
RetailNet,supplier_disruption,105,83,conventional,7,14087.196970009481,11413.105483969168,0.8101757580494373,14614.866976118394,1.0374574166338613,238.67257084074674,13370.45743020157,1005.7369750760755,1005.7369750760755,0.06540102582104795,13141.0,5607.0,9771.0,2959.1575409547577,3370.0,-9.094947017729282e-13,1704.8040774339056,0,13732.0,0,7,91,7,0,0,0,0,0,0,0.007521931009250693,runs/RetailNet__supplier_disruption__seed105__origin83
RetailNet,supplier_disruption,105,83,structured_planner,7,14087.196970009481,11648.898212279024,0.8269138450380582,13454.943757450052,0.9551185935778816,225.8365996409803,12191.493788652288,1037.613369156782,1037.613369156782,0.07055234712427973,13680.0,5607.0,9100.0,2020.4884185641945,4580.0,0.0,1613.1185688641451,0,14426.0,0,7,91,7,0,0,0,0,0,0,0.05022221699618967,runs/RetailNet__supplier_disruption__seed105__origin83
RetailNet,supplier_disruption,105,83,llm_agents,7,14087.196970009481,11648.898212279024,0.8269138450380582,13454.943757450052,0.9551185935778816,225.8365996409803,12191.493788652288,1037.613369156782,1037.613369156782,0.07055234712427973,13680.0,5607.0,9100.0,2020.4884185641945,4580.0,0.0,1613.1185688641451,0,14426.0,0,7,91,7,0,0,21,0,6839,1046,26.177973104000557,runs/RetailNet__supplier_disruption__seed105__origin83
RetailNet,supplier_disruption,105,90,conventional,7,15583.069188123922,12490.444623998206,0.8015394447146106,16752.51406536609,1.07504586311748,234.97219505009605,15463.1228206286,1054.4190496873932,1054.4190496873932,0.06465258750919083,14369.0,5785.0,10524.0,2764.1363263144017,3845.0,-1.3642420526593924e-12,1678.3728217864004,0,14966.0,0,7,91,7,0,0,0,0,0,0,0.007865475992730353,runs/RetailNet__supplier_disruption__seed105__origin90
RetailNet,supplier_disruption,105,90,structured_planner,7,15583.069188123922,12395.871599770842,0.795470484673065,17231.873428176637,1.1058074131705256,217.77583669301532,15935.987941765416,1078.1096497182052,1078.1096497182052,0.06989818787073426,14501.0,5785.0,9639.0,1950.0187505109527,4862.0,0.0,1555.5416906643954,0,15264.0,0,7,91,7,0,0,0,0,0,0,0.042943296997691505,runs/RetailNet__supplier_disruption__seed105__origin90
RetailNet,supplier_disruption,105,90,llm_agents,7,15583.069188123922,12395.871599770842,0.795470484673065,17231.873428176637,1.1058074131705256,217.77583669301532,15935.987941765416,1078.1096497182052,1078.1096497182052,0.06989818787073426,14501.0,5785.0,9639.0,1950.0187505109527,4862.0,0.0,1555.5416906643954,0,15264.0,0,7,91,7,0,0,21,0,6838,1046,28.029931690995,runs/RetailNet__supplier_disruption__seed105__origin90
RetailNet,supplier_disruption,106,83,conventional,7,14067.361148477588,11408.20056273862,0.8109694805107958,14483.107274798034,1.029553952723069,244.25297776884983,13295.802928694833,943.0513683343513,943.0513683343513,0.06194097657368482,13228.0,5607.0,9618.0,2873.7480689270274,3610.0,4.547473508864641e-13,1744.6641269203558,0,13810.0,0,7,91,7,0,0,0,0,0,0,0.007851650014345068,runs/RetailNet__supplier_disruption__seed106__origin83
RetailNet,supplier_disruption,106,83,structured_planner,7,14067.361148477588,11633.143340510442,0.8269598837852695,13351.313546711655,0.9490986550918666,228.35959634265936,12171.089039835731,951.8649105332653,951.8649105332653,0.06571837272392056,13739.0,5607.0,8877.0,1898.9917489562933,4862.0,0.0,1631.1399738761381,0,14204.0,0,7,91,7,0,0,0,0,0,0,0.043695120002666954,runs/RetailNet__supplier_disruption__seed106__origin83
RetailNet,supplier_disruption,106,83,llm_agents,7,14067.361148477588,11633.143340510442,0.8269598837852695,13351.313546711655,0.9490986550918666,228.35959634265936,12171.089039835731,951.8649105332653,951.8649105332653,0.06571837272392056,13739.0,5607.0,8877.0,1898.9917489562933,4862.0,0.0,1631.1399738761381,0,14204.0,0,7,91,7,0,0,21,0,6850,1044,25.99623199200869,runs/RetailNet__supplier_disruption__seed106__origin83
RetailNet,supplier_disruption,106,90,conventional,7,15622.469820432285,12402.601643156368,0.7938950617741171,17380.506662781474,1.1125325804790411,237.90479285161425,16099.340886379576,1043.2609835502835,1043.2609835502835,0.06449038657045704,14569.0,5785.0,10392.0,2731.1373732933475,4177.0,1.8189894035458565e-12,1699.3199489401018,0,15224.0,0,7,91,7,0,0,0,0,0,0,0.007810157985659316,runs/RetailNet__supplier_disruption__seed106__origin90
RetailNet,supplier_disruption,106,90,structured_planner,7,15622.469820432285,12454.841347904783,0.7972389443579125,17127.20476490113,1.0963186334660628,217.80141871334683,15838.1423626375,1071.2609835502835,1071.2609835502835,0.07007201619245707,14747.0,5785.0,9503.0,1761.8976685449334,5244.0,0.0,1555.724419381049,0,15284.0,0,7,91,7,0,0,0,0,0,0,0.043057861003035214,runs/RetailNet__supplier_disruption__seed106__origin90
RetailNet,supplier_disruption,106,90,llm_agents,7,15622.469820432285,12454.841347904783,0.7972389443579125,17127.20476490113,1.0963186334660628,217.80141871334683,15838.1423626375,1071.2609835502835,1071.2609835502835,0.07007201619245707,14747.0,5785.0,9503.0,1761.8976685449334,5244.0,0.0,1555.724419381049,0,15284.0,0,7,91,7,0,0,21,0,6849,1115,29.45505986498756,runs/RetailNet__supplier_disruption__seed106__origin90
RetailNet,supplier_disruption,107,83,conventional,7,13944.270487884432,11451.415427009539,0.8212272873621588,13661.953352852966,0.9797538971094429,232.4179428343758,12464.275304374476,965.2601056441127,965.2601056441127,0.0659195592190202,13190.0,5607.0,9036.0,2226.3244673463505,4154.0,-1.8189894035458565e-12,1660.1281631026843,0,13898.0,0,7,91,7,0,0,0,0,0,0,0.007493717006582301,runs/RetailNet__supplier_disruption__seed107__origin83
RetailNet,supplier_disruption,107,83,structured_planner,7,13944.270487884432,11603.78827774823,0.8321545603859488,12928.078108027066,0.9271247369491081,220.2549288080699,11702.411050681018,1005.4121285379775,1005.4121285379775,0.07053543766928425,13662.0,5607.0,8647.0,1644.7995937137946,5015.0,-2.7284841053187847e-12,1573.2494914862139,0,14402.0,0,7,91,7,0,0,0,0,0,0,0.12988512799347518,runs/RetailNet__supplier_disruption__seed107__origin83
RetailNet,supplier_disruption,107,83,llm_agents,7,13944.270487884432,11603.78827774823,0.8321545603859488,12928.078108027066,0.9271247369491081,220.2549288080699,11702.411050681018,1005.4121285379775,1005.4121285379775,0.07053543766928425,13662.0,5607.0,8647.0,1644.7995937137946,5015.0,-2.7284841053187847e-12,1573.2494914862139,0,14402.0,0,7,91,7,0,0,21,0,6800,1046,27.323258805990918,runs/RetailNet__supplier_disruption__seed107__origin83
RetailNet,supplier_disruption,107,90,conventional,7,15661.383232506321,12234.650466804575,0.7811985879644834,18413.564734742406,1.1757304231291483,224.95773955906117,17133.663828508732,1054.943166674613,1054.943166674613,0.0676072267799675,14478.0,5785.0,9819.0,2314.4063665208114,4659.0,9.094947017729282e-13,1606.8409968504368,0,15208.0,0,7,91,7,0,0,0,0,0,0,0.007560180994914845,runs/RetailNet__supplier_disruption__seed107__origin90
RetailNet,supplier_disruption,107,90,structured_planner,7,15661.383232506321,12241.007117029465,0.7816044684751969,18357.842885154274,1.1721725094531406,206.01911162898034,17101.880577384287,1049.943196141003,1049.943196141003,0.0701974457538947,14519.0,5785.0,9172.0,1666.0496868295334,5347.0,-9.094947017729282e-13,1471.5650830641457,0,15312.0,0,7,91,7,0,0,0,0,0,0,0.14324754400149686,runs/RetailNet__supplier_disruption__seed107__origin90
RetailNet,supplier_disruption,107,90,llm_agents,7,15661.383232506321,12241.007117029465,0.7816044684751969,18357.842885154274,1.1721725094531406,206.01911162898034,17101.880577384287,1049.943196141003,1049.943196141003,0.0701974457538947,14519.0,5785.0,9172.0,1666.0496868295334,5347.0,-9.094947017729282e-13,1471.5650830641457,0,15312.0,0,7,91,7,0,0,21,0,6799,1046,28.50541926999722,runs/RetailNet__supplier_disruption__seed107__origin90
RetailNet,supplier_disruption,108,83,conventional,7,13852.332793754576,11361.954115007442,0.8202195459908428,13714.380792172615,0.9900412440535533,247.3332217779732,12451.89339373566,1015.1541766589811,1015.1541766589811,0.06676010631717619,13233.0,5607.0,9599.0,2828.8917083335764,3634.0,9.094947017729282e-13,1766.6658698426656,0,13870.0,0,7,91,7,0,0,0,0,0,0,0.007718639011727646,runs/RetailNet__supplier_disruption__seed108__origin83
RetailNet,supplier_disruption,108,83,structured_planner,7,13852.332793754576,11522.10140005293,0.8317805796037294,12930.533049783924,0.9334552701198275,233.63662206620234,11651.156968508221,1045.7394592095009,1045.7394592095009,0.07180303894599704,13646.0,5607.0,8957.0,1996.1591407375684,4689.0,9.094947017729282e-13,1668.833014758588,0,14366.0,0,7,91,7,0,0,0,0,0,0,0.04330778599251062,runs/RetailNet__supplier_disruption__seed108__origin83
RetailNet,supplier_disruption,108,83,llm_agents,7,13852.332793754576,11522.10140005293,0.8317805796037294,12930.533049783924,0.9334552701198275,233.63662206620234,11651.156968508221,1045.7394592095009,1045.7394592095009,0.07180303894599704,13646.0,5607.0,8957.0,1996.1591407375684,4689.0,9.094947017729282e-13,1668.833014758588,0,14366.0,0,7,91,7,0,0,21,0,6838,1046,28.21872076800355,runs/RetailNet__supplier_disruption__seed108__origin83
RetailNet,supplier_disruption,108,90,conventional,7,15457.207960173442,12429.418208122037,0.8041179390318929,16442.117628560747,1.0637184717269117,228.03747573141112,15138.948760257019,1075.1313925723164,1075.1313925723164,0.06662110500510078,14606.0,5785.0,10353.0,2633.450399305646,4253.0,9.094947017729282e-13,1628.8391123672225,0,15390.0,0,7,91,7,0,0,0,0,0,0,0.008006318006664515,runs/RetailNet__supplier_disruption__seed108__origin90
RetailNet,supplier_disruption,108,90,structured_planner,7,15457.207960173442,12492.056290625758,0.8081702932905088,16123.11908711503,1.0430809450618348,208.4786077052097,14825.758347738425,1088.8821316713952,1088.8821316713952,0.07118737785508598,14595.0,5785.0,9511.0,1715.0615777028484,5084.0,-1.8189894035458565e-12,1489.1329121800693,0,15464.0,0,7,91,7,0,0,0,0,0,0,0.04317227699357318,runs/RetailNet__supplier_disruption__seed108__origin90
RetailNet,supplier_disruption,108,90,llm_agents,7,15457.207960173442,12492.056290625758,0.8081702932905088,16123.11908711503,1.0430809450618348,208.4786077052097,14825.758347738425,1088.8821316713952,1088.8821316713952,0.07118737785508598,14595.0,5785.0,9511.0,1715.0615777028484,5084.0,-1.8189894035458565e-12,1489.1329121800693,0,15464.0,0,7,91,7,0,0,21,0,6839,1049,28.834003932017367,runs/RetailNet__supplier_disruption__seed108__origin90
RetailNet,supplier_disruption,109,83,conventional,7,14014.31799489039,11447.402128218606,0.8168361908437014,14010.200531284725,0.9997061959342461,224.78747883598095,12834.579333358926,950.8337190898156,950.8337190898156,0.06499649457172846,13042.0,5607.0,9022.0,2230.764152691577,4020.0,1.8189894035458565e-12,1605.6248488284348,0,13760.0,0,7,91,7,0,0,0,0,0,0,0.008214218003558926,runs/RetailNet__supplier_disruption__seed109__origin83
RetailNet,supplier_disruption,109,83,structured_planner,7,14014.31799489039,11682.409774122485,0.833605301262743,12866.885144795886,0.9181242461807376,220.49159075013094,11659.541103839534,986.8524502062216,986.8524502062216,0.0689527983654431,13358.0,5607.0,8705.0,1642.7377756712924,4653.0,9.094947017729282e-13,1574.9399339295064,0,14186.0,0,7,91,7,0,0,0,0,0,0,0.05093954000767553,runs/RetailNet__supplier_disruption__seed109__origin83
RetailNet,supplier_disruption,109,83,llm_agents,7,14014.31799489039,11682.409774122485,0.833605301262743,12866.885144795886,0.9181242461807376,220.49159075013094,11659.541103839534,986.8524502062216,986.8524502062216,0.0689527983654431,13358.0,5607.0,8705.0,1642.7377756712924,4653.0,9.094947017729282e-13,1574.9399339295064,0,14186.0,0,7,91,7,0,0,21,0,6851,1045,29.178178270994977,runs/RetailNet__supplier_disruption__seed109__origin83
RetailNet,supplier_disruption,109,90,conventional,7,15718.641435655809,12457.962677937176,0.7925597596289599,17568.25967219786,1.117670362550953,206.55129845146791,16303.393788593152,1058.3145851532413,1058.3145851532413,0.06724153917995053,14410.0,5785.0,9954.0,2222.722736909582,4456.0,1.8189894035458565e-12,1475.3664175104852,0,15278.0,0,7,91,7,0,0,0,0,0,0,0.007607062994793523,runs/RetailNet__supplier_disruption__seed109__origin90
RetailNet,supplier_disruption,109,90,structured_planner,7,15718.641435655809,12522.739579045396,0.7966807837882921,17260.112238445192,1.098066414269922,202.44250851637275,15979.509283052055,1078.1604468767653,1078.1604468767653,0.0712644885238129,14429.0,5785.0,9344.0,1528.0999740778389,5085.0,0.0,1446.017917974091,0,15382.0,0,7,91,7,0,0,0,0,0,0,0.04514174099313095,runs/RetailNet__supplier_disruption__seed109__origin90
RetailNet,supplier_disruption,109,90,llm_agents,7,15718.641435655809,12522.739579045396,0.7966807837882921,17260.112238445192,1.098066414269922,202.44250851637275,15979.509283052055,1078.1604468767653,1078.1604468767653,0.0712644885238129,14429.0,5785.0,9344.0,1528.0999740778389,5085.0,0.0,1446.017917974091,0,15382.0,0,7,91,7,0,0,21,0,6852,1079,28.660690148994036,runs/RetailNet__supplier_disruption__seed109__origin90
RetailNet,supplier_disruption,110,83,conventional,7,14047.048921103818,11355.240445926076,0.8083719583880954,14677.201492975904,1.0448601393368373,235.72464649680703,13459.042375888725,982.4344705903728,982.4344705903728,0.06547380677043471,13201.0,5607.0,9398.0,2667.325083483551,3803.0,-4.547473508864641e-13,1683.7474749771932,0,13896.0,0,7,91,7,0,0,0,0,0,0,0.007962827978190035,runs/RetailNet__supplier_disruption__seed110__origin83
RetailNet,supplier_disruption,110,83,structured_planner,7,14047.048921103818,11650.733058567912,0.8294078794773925,13221.155167915673,0.941205177128176,225.14138464577235,11981.579312679527,1014.4344705903728,1014.4344705903728,0.06981654993739661,13609.0,5607.0,8923.0,1864.8324708417126,4686.0,1.8189894035458565e-12,1608.1527474698028,0,14426.0,0,7,91,7,0,0,0,0,0,0,0.04394148400751874,runs/RetailNet__supplier_disruption__seed110__origin83
RetailNet,supplier_disruption,110,83,llm_agents,7,14047.048921103818,11650.733058567912,0.8294078794773925,13221.155167915673,0.941205177128176,225.14138464577235,11981.579312679527,1014.4344705903728,1014.4344705903728,0.06981654993739661,13609.0,5607.0,8923.0,1864.8324708417126,4686.0,1.8189894035458565e-12,1608.1527474698028,0,14426.0,0,7,91,7,0,0,21,0,6801,1046,29.46053777400084,runs/RetailNet__supplier_disruption__seed110__origin83
RetailNet,supplier_disruption,110,90,conventional,7,15775.356878520293,12338.884419692857,0.7821619830669864,18489.013182361894,1.172018695027845,228.18839059638157,17182.36229413719,1078.4624976283233,1078.4624976283233,0.0686743821719513,14390.0,5785.0,9919.0,2286.653082678821,4471.0,-9.094947017729282e-13,1629.9170756884398,0,15232.0,0,7,91,7,0,0,0,0,0,0,0.007759142994473223,runs/RetailNet__supplier_disruption__seed110__origin90
RetailNet,supplier_disruption,110,90,structured_planner,7,15775.356878520293,12334.528607748414,0.7818858681126316,18552.82151323808,1.176063505637681,217.77228827254012,17204.14135385939,1130.9078711061497,1130.9078711061497,0.07449004552141679,14350.0,5785.0,9397.0,1716.5635211454348,4953.0,9.094947017729282e-13,1555.516344803858,0,15166.0,0,7,91,7,0,0,0,0,0,0,0.045400947994494345,runs/RetailNet__supplier_disruption__seed110__origin90
RetailNet,supplier_disruption,110,90,llm_agents,7,15775.356878520293,12334.528607748414,0.7818858681126316,18552.82151323808,1.176063505637681,217.77228827254012,17204.14135385939,1130.9078711061497,1130.9078711061497,0.07449004552141679,14350.0,5785.0,9397.0,1716.5635211454348,4953.0,9.094947017729282e-13,1555.516344803858,0,15166.0,0,7,91,7,0,0,21,0,6800,1046,28.29737071798445,runs/RetailNet__supplier_disruption__seed110__origin90
RetailNet,supplier_disruption,111,83,conventional,7,13961.54011475786,11473.210006068412,0.8217725202064784,13627.198213669017,0.9760526490386665,236.49520072090095,12441.650543447235,949.0524695008805,949.0524695008805,0.06312707659311431,13205.0,5607.0,9427.0,2611.7375244307073,3778.0,4.547473508864641e-13,1689.251433720721,0,14162.0,0,7,91,7,0,0,0,0,0,0,0.00780062899866607,runs/RetailNet__supplier_disruption__seed111__origin83
RetailNet,supplier_disruption,111,83,structured_planner,7,13961.54011475786,11675.768695372502,0.8362808543615319,12626.560283149229,0.9043816211796356,227.3427483157849,11428.857096926786,970.3604379066583,970.3604379066583,0.0668706800294024,13698.0,5607.0,8904.0,1864.8708667208398,4794.0,0.0,1623.8767736841776,0,14554.0,0,7,91,7,0,0,0,0,0,0,0.042384031003166456,runs/RetailNet__supplier_disruption__seed111__origin83
RetailNet,supplier_disruption,111,83,llm_agents,7,13961.54011475786,11675.768695372502,0.8362808543615319,12626.560283149229,0.9043816211796356,227.3427483157849,11428.857096926786,970.3604379066583,970.3604379066583,0.0668706800294024,13698.0,5607.0,8904.0,1864.8708667208398,4794.0,0.0,1623.8767736841776,0,14554.0,0,7,91,7,0,0,21,0,6837,1045,27.15859687698685,runs/RetailNet__supplier_disruption__seed111__origin83
RetailNet,supplier_disruption,111,90,conventional,7,15799.818024653154,12518.208879856342,0.7923008265236744,17686.964896062018,1.1194410510592125,229.20590997495847,16408.045723984054,1049.7132621030034,1049.7132621030034,0.06509849687460487,14464.0,5785.0,10340.0,2557.077858040655,4124.0,0.0,1637.1850712497035,0,15462.0,0,7,91,7,0,0,0,0,0,0,0.0078862640002626,runs/RetailNet__supplier_disruption__seed111__origin90
RetailNet,supplier_disruption,111,90,structured_planner,7,15799.818024653154,12556.206399463998,0.7947057605266082,17484.89051468674,1.1066513859466163,209.0263494957715,16218.058125945767,1057.8060392452035,1057.8060392452035,0.06958334687838465,14549.0,5785.0,9417.0,1587.9875612907977,5132.0,1.8189894035458565e-12,1493.0453535412253,0,15474.0,0,7,91,7,0,0,0,0,0,0,0.04379797799629159,runs/RetailNet__supplier_disruption__seed111__origin90
RetailNet,supplier_disruption,111,90,llm_agents,7,15799.818024653154,12556.206399463998,0.7947057605266082,17484.89051468674,1.1066513859466163,209.0263494957715,16218.058125945767,1057.8060392452035,1057.8060392452035,0.06958334687838465,14549.0,5785.0,9417.0,1587.9875612907977,5132.0,1.8189894035458565e-12,1493.0453535412253,0,15474.0,0,7,91,7,0,0,21,0,6837,1048,26.493708845002402,runs/RetailNet__supplier_disruption__seed111__origin90
RetailNet,supplier_disruption,112,83,conventional,7,13864.689731059212,11345.956260606403,0.8183346674675,13851.18170079786,0.9990257243022834,239.69811280867503,12593.667352264056,1017.8162357251338,1017.8162357251338,0.06762898576246736,12958.0,5607.0,9443.0,2686.2275036684646,3515.0,-1.3642420526593924e-12,1712.1293772048214,0,14034.0,0,7,91,7,0,0,0,0,0,0,0.007654493005247787,runs/RetailNet__supplier_disruption__seed112__origin83
RetailNet,supplier_disruption,112,83,structured_planner,7,13864.689731059212,11463.51717387559,0.826813826795951,13287.830998586278,0.9583936789309699,232.15197694302788,12005.862785918116,1049.8162357251338,1049.8162357251338,0.07260139942774092,13433.0,5607.0,8853.0,1946.6665903992769,4580.0,-1.8189894035458565e-12,1658.228406735913,0,14440.0,0,7,91,7,0,0,0,0,0,0,0.04823945899261162,runs/RetailNet__supplier_disruption__seed112__origin83
RetailNet,supplier_disruption,112,83,llm_agents,7,13864.689731059212,11463.51717387559,0.826813826795951,13287.830998586278,0.9583936789309699,232.15197694302788,12005.862785918116,1049.8162357251338,1049.8162357251338,0.07260139942774092,13433.0,5607.0,8853.0,1946.6665903992769,4580.0,-1.8189894035458565e-12,1658.228406735913,0,14440.0,0,7,91,7,0,0,21,0,6849,1044,28.631978452009207,runs/RetailNet__supplier_disruption__seed112__origin83
RetailNet,supplier_disruption,112,90,conventional,7,15473.906632184338,12235.883642269135,0.7907430187551729,17519.871954729275,1.1322203481756514,225.37316923528354,16190.11494957604,1104.383835917952,1104.383835917952,0.06900673806035691,14234.0,5785.0,10219.0,2663.7325218129154,4015.0,-1.8189894035458565e-12,1609.8083516805966,0,15440.0,0,7,91,7,0,0,0,0,0,0,0.007815049015334807,runs/RetailNet__supplier_disruption__seed112__origin90
RetailNet,supplier_disruption,112,90,structured_planner,7,15473.906632184338,12308.697328974209,0.7954485975360108,17178.23274328991,1.110141940986042,211.8023913212907,15826.046516050666,1140.3838359179517,1140.3838359179517,0.07500058111923393,14357.0,5785.0,9420.0,1755.9188351078406,4937.0,-1.8189894035458565e-12,1512.874223723505,0,15436.0,0,7,91,7,0,0,0,0,0,0,0.043964599004539195,runs/RetailNet__supplier_disruption__seed112__origin90
RetailNet,supplier_disruption,112,90,llm_agents,7,15473.906632184338,12308.697328974209,0.7954485975360108,17178.23274328991,1.110141940986042,211.8023913212907,15826.046516050666,1140.3838359179517,1140.3838359179517,0.07500058111923393,14357.0,5785.0,9420.0,1755.9188351078406,4937.0,-1.8189894035458565e-12,1512.874223723505,0,15436.0,0,7,91,7,0,0,21,0,6854,1083,28.79226291499799,runs/RetailNet__supplier_disruption__seed112__origin90
RetailNet,supplier_disruption,113,83,conventional,7,13998.721701151602,11471.294186565901,0.819452978026002,13850.018361122915,0.9893773629333273,231.65615605956862,12637.13757292849,981.2246321348568,981.2246321348568,0.06633033408604454,13290.0,5607.0,9186.0,2340.481181299241,4104.0,9.094947017729282e-13,1654.6868289969186,0,13842.0,0,7,91,7,0,0,0,0,0,0,0.007308909007406328,runs/RetailNet__supplier_disruption__seed113__origin83
RetailNet,supplier_disruption,113,83,structured_planner,7,13998.721701151602,11695.771330794381,0.8354885239151679,12754.144036395925,0.9110934775813643,224.31861976580979,11514.751851786094,1015.0735648440212,1015.0735648440212,0.07057453694250304,13657.0,5607.0,8776.0,1672.1551043615973,4881.0,0.0,1602.27585547007,0,14088.0,0,7,91,7,0,0,0,0,0,0,0.03998060699814232,runs/RetailNet__supplier_disruption__seed113__origin83
RetailNet,supplier_disruption,113,83,llm_agents,7,13998.721701151602,11695.771330794381,0.8354885239151679,12754.144036395925,0.9110934775813643,224.31861976580979,11514.751851786094,1015.0735648440212,1015.0735648440212,0.07057453694250304,13657.0,5607.0,8776.0,1672.1551043615973,4881.0,0.0,1602.27585547007,0,14088.0,0,7,91,7,0,0,21,0,6797,1044,27.18600380400312,runs/RetailNet__supplier_disruption__seed113__origin83
RetailNet,supplier_disruption,113,90,conventional,7,15681.289027009809,12525.012515372695,0.7987234017432705,17056.977918895034,1.0877280489834547,218.7289511088324,15781.382558185556,1056.8664096006485,1056.8664096006485,0.06693688071446251,14659.0,5785.0,10004.0,2207.121075026656,4655.0,0.0,1562.3496507773743,0,15270.0,0,7,91,7,0,0,0,0,0,0,0.008748548993025906,runs/RetailNet__supplier_disruption__seed113__origin90
RetailNet,supplier_disruption,113,90,structured_planner,7,15681.289027009809,12508.650377580832,0.797679983835235,17143.950499209335,1.0932743137174632,207.1088947784505,15863.193247144873,1073.6483572860113,1073.6483572860113,0.07077911248506898,14593.0,5785.0,9384.0,1586.7012651331568,5209.0,-9.094947017729282e-13,1479.3492484175035,0,15046.0,0,7,91,7,0,0,0,0,0,0,0.04407313000410795,runs/RetailNet__supplier_disruption__seed113__origin90
RetailNet,supplier_disruption,113,90,llm_agents,7,15681.289027009809,12508.650377580832,0.797679983835235,17143.950499209335,1.0932743137174632,207.1088947784505,15863.193247144873,1073.6483572860113,1073.6483572860113,0.07077911248506898,14593.0,5785.0,9384.0,1586.7012651331568,5209.0,-9.094947017729282e-13,1479.3492484175035,0,15046.0,0,7,91,7,0,0,21,0,6799,1045,26.582735853000486,runs/RetailNet__supplier_disruption__seed113__origin90
RetailNet,supplier_disruption,114,83,conventional,7,14100.151234794412,11160.777381418,0.7915360052221972,15951.902917282065,1.1313284979467564,248.16823335586054,14696.869266882044,1006.8654170441569,1006.8654170441569,0.0666621700903176,12839.0,5607.0,9497.0,2936.3572015378427,3342.0,4.547473508864641e-13,1772.6302382561466,0,13540.0,0,7,91,7,0,0,0,0,0,0,0.00746411299041938,runs/RetailNet__supplier_disruption__seed114__origin83
RetailNet,supplier_disruption,114,83,structured_planner,7,14100.151234794412,11360.084959338708,0.805671142824756,14961.288537362285,1.0610729124977665,226.0917430396122,13700.331377278515,1034.8654170441569,1034.8654170441569,0.07214622260486314,13295.0,5607.0,8737.0,1949.0496236171357,4558.0,-9.094947017729282e-13,1614.9410217115158,0,13826.0,0,7,91,7,0,0,0,0,0,0,0.129928860005748,runs/RetailNet__supplier_disruption__seed114__origin83
RetailNet,supplier_disruption,114,83,llm_agents,7,14100.151234794412,11360.084959338708,0.805671142824756,14961.288537362285,1.0610729124977665,226.0917430396122,13700.331377278515,1034.8654170441569,1034.8654170441569,0.07214622260486314,13295.0,5607.0,8737.0,1949.0496236171357,4558.0,-9.094947017729282e-13,1614.9410217115158,0,13826.0,0,7,91,7,0,0,21,0,6837,1045,28.070622456005367,runs/RetailNet__supplier_disruption__seed114__origin83
RetailNet,supplier_disruption,114,90,conventional,7,15807.567689229149,12084.366268597632,0.7644671530858979,19938.766465141118,1.2613431020590762,232.8023726897359,18616.00710315757,1089.9569892938093,1089.9569892938093,0.06742697119046145,14046.0,5785.0,10380.0,2990.676742108559,3666.0,-4.547473508864641e-13,1662.8740906409705,0,14890.0,0,7,91,7,0,0,0,0,0,0,0.007954825996421278,runs/RetailNet__supplier_disruption__seed114__origin90
RetailNet,supplier_disruption,114,90,structured_planner,7,15807.567689229149,12187.118442533121,0.7709673418534273,19419.349503722922,1.228484349110505,211.1462809489801,18102.24623348013,1105.9569892938093,1105.9569892938093,0.07296674733085765,14104.0,5785.0,9372.0,1863.9245681730708,4732.0,-9.094947017729282e-13,1508.1877210641433,0,14748.0,0,7,91,7,0,0,0,0,0,0,0.15177914998639608,runs/RetailNet__supplier_disruption__seed114__origin90
RetailNet,supplier_disruption,114,90,llm_agents,7,15807.567689229149,12187.118442533121,0.7709673418534273,19419.349503722922,1.228484349110505,211.1462809489801,18102.24623348013,1105.9569892938093,1105.9569892938093,0.07296674733085765,14104.0,5785.0,9372.0,1863.9245681730708,4732.0,-9.094947017729282e-13,1508.1877210641433,0,14748.0,0,7,91,7,0,0,21,0,6838,1046,28.192526942992117,runs/RetailNet__supplier_disruption__seed114__origin90
RetailNet,supplier_disruption,115,83,conventional,7,14073.76725193689,11318.895521553757,0.8042548465476438,14967.673054030205,1.0635157442986911,236.02795546030197,13774.358651915654,957.2864466542472,957.2864466542472,0.06317888375490016,13077.0,5607.0,9545.0,2875.8180317919932,3532.0,2.7284841053187847e-12,1685.9139675735855,0,13794.0,0,7,91,7,0,0,0,0,0,0,0.007442224996339064,runs/RetailNet__supplier_disruption__seed115__origin83
RetailNet,supplier_disruption,115,83,structured_planner,7,14073.76725193689,11463.760154001506,0.8145480843037116,14245.900471854293,1.0122307848947631,225.58301097444667,13050.035489676928,970.281971202919,970.281971202919,0.06712431485319398,13534.0,5607.0,8848.0,2020.957874795576,4686.0,0.0,1611.3072212460472,0,14218.0,0,7,91,7,0,0,0,0,0,0,0.0407495640029083,runs/RetailNet__supplier_disruption__seed115__origin83
RetailNet,supplier_disruption,115,83,llm_agents,7,14073.76725193689,11463.760154001506,0.8145480843037116,14245.900471854293,1.0122307848947631,225.58301097444667,13050.035489676928,970.281971202919,970.281971202919,0.06712431485319398,13534.0,5607.0,8848.0,2020.957874795576,4686.0,0.0,1611.3072212460472,0,14218.0,0,7,91,7,0,0,21,0,6847,1043,27.516785735002486,runs/RetailNet__supplier_disruption__seed115__origin83
RetailNet,supplier_disruption,115,90,conventional,7,15784.510119507586,12161.691369853585,0.7704826616584907,19425.134631511042,1.2306453912373323,236.76182178307414,18114.09374827002,1074.279061457949,1074.279061457949,0.06710888689767297,14378.0,5785.0,10223.0,2772.029568688467,4155.0,0.0,1691.155869879101,0,14954.0,0,7,91,7,0,0,0,0,0,0,0.007636446003743913,runs/RetailNet__supplier_disruption__seed115__origin90
RetailNet,supplier_disruption,115,90,structured_planner,7,15784.510119507586,12155.599197883446,0.7700967027706941,19430.406003227854,1.2309793497622976,222.1972615937209,18144.554608120703,1063.654133513428,1063.654133513428,0.07003714581638427,14473.0,5785.0,9402.0,1967.7466686031246,5071.0,9.094947017729282e-13,1587.1232970980066,0,15138.0,0,7,91,7,0,0,0,0,0,0,0.16054782499850262,runs/RetailNet__supplier_disruption__seed115__origin90
RetailNet,supplier_disruption,115,90,llm_agents,7,15784.510119507586,12155.599197883446,0.7700967027706941,19430.406003227854,1.2309793497622976,222.1972615937209,18144.554608120703,1063.654133513428,1063.654133513428,0.07003714581638427,14473.0,5785.0,9402.0,1967.7466686031246,5071.0,9.094947017729282e-13,1587.1232970980066,0,15138.0,0,7,91,7,0,0,21,0,6846,1043,27.429480240003613,runs/RetailNet__supplier_disruption__seed115__origin90
RetailNet,supplier_disruption,116,83,conventional,7,13986.62566838847,11186.286611472824,0.7997845139128329,15253.628648735279,1.090586751256981,237.3846368302892,14001.695284578233,1014.5487273267569,1014.5487273267569,0.06679056796094515,12869.0,5607.0,9583.0,2989.16466120042,3286.0,-1.3642420526593924e-12,1695.60454878778,0,13444.0,0,7,91,7,0,0,0,0,0,0,0.00741626598755829,runs/RetailNet__supplier_disruption__seed116__origin83
RetailNet,supplier_disruption,116,83,structured_planner,7,13986.62566838847,11477.285721831127,0.8205900403677232,13806.945377636224,0.987153421060067,222.97476022863745,12546.699732786714,1037.270884620868,1037.270884620868,0.07158529224436631,13300.0,5607.0,8883.0,1975.4433935480056,4417.0,-9.094947017729282e-13,1592.6768587759818,0,13992.0,0,7,91,7,0,0,0,0,0,0,0.06544428399502067,runs/RetailNet__supplier_disruption__seed116__origin83
RetailNet,supplier_disruption,116,83,llm_agents,7,13986.62566838847,11477.285721831127,0.8205900403677232,13806.945377636224,0.987153421060067,222.97476022863745,12546.699732786714,1037.270884620868,1037.270884620868,0.07158529224436631,13300.0,5607.0,8883.0,1975.4433935480056,4417.0,-9.094947017729282e-13,1592.6768587759818,0,13992.0,0,7,91,7,0,0,21,0,6797,1044,25.79702177299623,runs/RetailNet__supplier_disruption__seed116__origin83
RetailNet,supplier_disruption,116,90,conventional,7,15553.52796643293,12202.874860918213,0.7845727919256662,18023.88401946381,1.1588293060174075,222.8254821995565,16753.265527573578,1047.7930096906762,1047.7930096906762,0.0650358767109848,14224.0,5785.0,10326.0,2860.3321293911094,3898.0,9.094947017729282e-13,1591.6105871396892,0,14776.0,0,7,91,7,0,0,0,0,0,0,0.007829312009562273,runs/RetailNet__supplier_disruption__seed116__origin90
RetailNet,supplier_disruption,116,90,structured_planner,7,15553.52796643293,12352.741717730334,0.7942083458100041,17264.840088788886,1.110027263656789,203.2358966078385,16003.931243512972,1057.6729486680726,1057.6729486680726,0.06957001569874845,14289.0,5785.0,9418.0,1792.585333601592,4871.0,1.8189894035458565e-12,1451.6849757702748,0,14942.0,0,7,91,7,0,0,0,0,0,0,0.041136530991934706,runs/RetailNet__supplier_disruption__seed116__origin90
RetailNet,supplier_disruption,116,90,llm_agents,7,15553.52796643293,12352.741717730334,0.7942083458100041,17264.840088788886,1.110027263656789,203.2358966078385,16003.931243512972,1057.6729486680726,1057.6729486680726,0.06957001569874845,14289.0,5785.0,9418.0,1792.585333601592,4871.0,1.8189894035458565e-12,1451.6849757702748,0,14942.0,0,7,91,7,0,0,21,0,6799,1045,25.61737224299577,runs/RetailNet__supplier_disruption__seed116__origin90
RetailNet,supplier_disruption,117,83,conventional,7,14087.636719504633,11509.380641944706,0.8169844858371258,14052.250011193426,0.9974881018714649,224.90308762856085,12891.28038779963,936.066535765238,936.066535765238,0.0640264388348316,13253.0,5607.0,9013.0,2174.5528222900552,4240.0,0.0,1606.4506259182922,0,13518.0,0,7,91,7,0,0,0,0,0,0,0.007687785997404717,runs/RetailNet__supplier_disruption__seed117__origin83
RetailNet,supplier_disruption,117,83,structured_planner,7,14087.636719504633,11723.322522335266,0.8321709847971929,13004.579428891198,0.9231200156436516,225.6675135777098,11821.57098584683,957.3409294666579,957.3409294666579,0.06652358623213522,13782.0,5607.0,8784.0,1710.3365481980754,4998.0,9.094947017729282e-13,1611.9108112693555,0,14048.0,0,7,91,7,0,0,0,0,0,0,0.043900507007492706,runs/RetailNet__supplier_disruption__seed117__origin83
RetailNet,supplier_disruption,117,83,llm_agents,7,14087.636719504633,11723.322522335266,0.8321709847971929,13004.579428891198,0.9231200156436516,225.6675135777098,11821.57098584683,957.3409294666579,957.3409294666579,0.06652358623213522,13782.0,5607.0,8784.0,1710.3365481980754,4998.0,9.094947017729282e-13,1611.9108112693555,0,14048.0,0,7,91,7,0,0,21,0,6835,1044,26.101929272001144,runs/RetailNet__supplier_disruption__seed117__origin83
RetailNet,supplier_disruption,117,90,conventional,7,15666.868502073181,12382.315458946487,0.7903503790376454,17617.319383919643,1.1244952609124383,218.10567248644662,16422.765215633484,976.4484957997134,976.4484957997134,0.061973121084013295,14675.0,5785.0,9971.0,2397.2360452538005,4704.0,-9.094947017729282e-13,1557.897660617476,0,15036.0,0,7,91,7,0,0,0,0,0,0,0.007786183996358886,runs/RetailNet__supplier_disruption__seed117__origin90
RetailNet,supplier_disruption,117,90,structured_planner,7,15666.868502073181,12437.917344753247,0.7938993898562019,17357.80814389858,1.1079309270772035,212.60386149918605,16144.75578659968,1000.4484957997134,1000.4484957997134,0.06562469634632427,14755.0,5785.0,9460.0,1806.6341594470402,5295.0,-9.094947017729282e-13,1518.599010708472,0,15066.0,0,7,91,7,0,0,0,0,0,0,0.04380834100447828,runs/RetailNet__supplier_disruption__seed117__origin90
RetailNet,supplier_disruption,117,90,llm_agents,7,15666.868502073181,12437.917344753247,0.7938993898562019,17357.80814389858,1.1079309270772035,212.60386149918605,16144.75578659968,1000.4484957997134,1000.4484957997134,0.06562469634632427,14755.0,5785.0,9460.0,1806.6341594470402,5295.0,-9.094947017729282e-13,1518.599010708472,0,15066.0,0,7,91,7,0,0,21,0,6837,1046,26.576814189007564,runs/RetailNet__supplier_disruption__seed117__origin90
RetailNet,supplier_disruption,118,83,conventional,7,13911.245439732094,11443.548449564727,0.8226113541840513,13505.85441684526,0.9708587541896867,238.6266824285664,12338.484950836832,928.7427835798641,928.7427835798641,0.06125867578522948,13235.0,5607.0,9554.0,2788.7087668554077,3681.0,9.094947017729282e-13,1704.4763030611887,0,13496.0,0,7,91,7,0,0,0,0,0,0,0.007700738002313301,runs/RetailNet__supplier_disruption__seed118__origin83
RetailNet,supplier_disruption,118,83,structured_planner,7,13911.245439732094,11645.84944163291,0.8371536173440692,12504.183230757206,0.8988543322687587,227.50366783613885,11326.979990495918,949.6995724251481,949.6995724251481,0.06524902593096174,13681.0,5607.0,8948.0,1959.4509859419413,4733.0,0.0,1625.026198829563,0,14010.0,0,7,91,7,0,0,0,0,0,0,0.043949237988272216,runs/RetailNet__supplier_disruption__seed118__origin83
RetailNet,supplier_disruption,118,83,llm_agents,7,13911.245439732094,11645.84944163291,0.8371536173440692,12504.183230757206,0.8988543322687587,227.50366783613885,11326.979990495918,949.6995724251481,949.6995724251481,0.06524902593096174,13681.0,5607.0,8948.0,1959.4509859419413,4733.0,0.0,1625.026198829563,0,14010.0,0,7,91,7,0,0,21,0,6852,1079,28.362060314007977,runs/RetailNet__supplier_disruption__seed118__origin83
RetailNet,supplier_disruption,118,90,conventional,7,15642.087941057887,12537.084116591226,0.8014968438889453,16810.772513169115,1.074714103162892,223.26286202806156,15525.019122333304,1062.4905288077484,1062.4905288077484,0.06558178685314169,14577.0,5785.0,10416.0,2601.425354601025,4161.0,9.094947017729282e-13,1594.7347287718683,0,14936.0,0,7,91,7,0,0,0,0,0,0,0.007953748987347353,runs/RetailNet__supplier_disruption__seed118__origin90
RetailNet,supplier_disruption,118,90,structured_planner,7,15642.087941057887,12542.90980954975,0.8018692809306289,16746.936487458515,1.0706330606606924,205.05734385418165,15495.890657540684,1045.9884860636455,1045.9884860636455,0.06845922416805063,14724.0,5785.0,9494.0,1690.1017043866036,5230.0,0.0,1464.6953132441547,0,15110.0,0,7,91,7,0,0,0,0,0,0,0.044525016004627105,runs/RetailNet__supplier_disruption__seed118__origin90
RetailNet,supplier_disruption,118,90,llm_agents,7,15642.087941057887,12542.90980954975,0.8018692809306289,16746.936487458515,1.0706330606606924,205.05734385418165,15495.890657540684,1045.9884860636455,1045.9884860636455,0.06845922416805063,14724.0,5785.0,9494.0,1690.1017043866036,5230.0,0.0,1464.6953132441547,0,15110.0,0,7,91,7,0,0,21,0,6853,1080,28.30294133600546,runs/RetailNet__supplier_disruption__seed118__origin90
RetailNet,supplier_disruption,119,83,conventional,7,14182.87478035878,11550.134225334497,0.814371867777452,14361.892236301226,1.0126220853469257,238.50990585907428,13163.70277512139,959.6795553207616,959.6795553207616,0.06412826965056877,13334.0,5607.0,9358.0,2455.186219344739,3976.0,2.2737367544323206e-12,1703.6421847076738,0,13650.0,0,7,91,7,0,0,0,0,0,0,0.007645134013728239,runs/RetailNet__supplier_disruption__seed119__origin83
RetailNet,supplier_disruption,119,83,structured_planner,7,14182.87478035878,11746.994356400866,0.8282519967439004,13400.699357926795,0.9448507136567839,224.70381295033332,12179.402119789553,996.5934251869113,996.5934251869113,0.06891594116498938,13799.0,5607.0,8854.0,1717.4122184122216,4945.0,9.094947017729282e-13,1605.0272353595235,0,14148.0,0,7,91,7,0,0,0,0,0,0,0.04356725300021935,runs/RetailNet__supplier_disruption__seed119__origin83
RetailNet,supplier_disruption,119,83,llm_agents,7,14182.87478035878,11746.994356400866,0.8282519967439004,13400.699357926795,0.9448507136567839,224.70381295033332,12179.402119789553,996.5934251869113,996.5934251869113,0.06891594116498938,13799.0,5607.0,8854.0,1717.4122184122216,4945.0,9.094947017729282e-13,1605.0272353595235,0,14148.0,0,7,91,7,0,0,21,0,6795,1047,26.899647032005305,runs/RetailNet__supplier_disruption__seed119__origin83
RetailNet,supplier_disruption,119,90,conventional,7,15914.241041158692,12877.707943680796,0.8091939735219186,16392.932467277755,1.030079437962579,213.7485076788555,15182.66548738947,996.5184722094313,996.5184722094313,0.06248548233066411,14920.0,5785.0,10163.0,2073.773584109771,4757.0,1.8189894035458565e-12,1526.775054848968,0,15266.0,0,7,91,7,0,0,0,0,0,0,0.007895606009697076,runs/RetailNet__supplier_disruption__seed119__origin90
RetailNet,supplier_disruption,119,90,structured_planner,7,15914.241041158692,12753.538379882686,0.8013915553307542,17028.53926663994,1.0700189360334156,204.50748805048832,15803.513306380019,1020.5184722094313,1020.5184722094313,0.06706436697177047,14945.0,5785.0,9432.0,1442.9431479078812,5513.0,1.8189894035458565e-12,1460.767771789202,0,15324.0,0,7,91,7,0,0,0,0,0,0,0.045233536991872825,runs/RetailNet__supplier_disruption__seed119__origin90
RetailNet,supplier_disruption,119,90,llm_agents,7,15914.241041158692,12753.538379882686,0.8013915553307542,17028.53926663994,1.0700189360334156,204.50748805048832,15803.513306380019,1020.5184722094313,1020.5184722094313,0.06706436697177047,14945.0,5785.0,9432.0,1442.9431479078812,5513.0,1.8189894035458565e-12,1460.767771789202,0,15324.0,0,7,91,7,0,0,21,0,6796,1044,26.327722001005895,runs/RetailNet__supplier_disruption__seed119__origin90
RetailNet,supplier_disruption,120,83,conventional,7,14168.084449184222,11815.386211715055,0.8339438019368502,12958.374627370522,0.9146172634591154,236.81013876975405,11763.491187345839,958.07330125493,958.07330125493,0.06286157740666164,13469.0,5607.0,9634.0,2467.5404870300167,3835.0,-1.3642420526593924e-12,1691.5009912125286,0,13812.0,0,7,91,7,0,0,0,0,0,0,0.007720939989667386,runs/RetailNet__supplier_disruption__seed120__origin83
RetailNet,supplier_disruption,120,83,structured_planner,7,14168.084449184222,12039.10940394363,0.8497344469623644,11846.874575657701,0.8361662875562424,234.7231581913496,10644.875226202947,967.2761912634038,967.2761912634038,0.06493529748008887,14036.0,5607.0,9289.0,1889.6144047929643,4747.0,1.8189894035458565e-12,1676.5939870810687,0,14462.0,0,7,91,7,0,0,0,0,0,0,0.04291669099620776,runs/RetailNet__supplier_disruption__seed120__origin83
RetailNet,supplier_disruption,120,83,llm_agents,7,14168.084449184222,12039.10940394363,0.8497344469623644,11846.874575657701,0.8361662875562424,234.7231581913496,10644.875226202947,967.2761912634038,967.2761912634038,0.06493529748008887,14036.0,5607.0,9289.0,1889.6144047929643,4747.0,1.8189894035458565e-12,1676.5939870810687,0,14462.0,0,7,91,7,0,0,21,0,6835,1047,27.082750631001545,runs/RetailNet__supplier_disruption__seed120__origin83
RetailNet,supplier_disruption,120,90,conventional,7,15790.778747855948,12830.981135319926,0.8125616437417376,16104.440012103012,1.019863571598054,225.4549354066122,14798.988062680115,1079.9970140162873,1079.9970140162873,0.06652276033361794,14809.0,5785.0,10450.0,2324.0218506637893,4359.0,-2.7284841053187847e-12,1610.3923957615157,0,15198.0,0,7,91,7,0,0,0,0,0,0,0.0076936419936828315,runs/RetailNet__supplier_disruption__seed120__origin90
RetailNet,supplier_disruption,120,90,structured_planner,7,15790.778747855948,12925.616256161315,0.8185547060442689,15635.032150592378,0.9901368640679158,214.75481298315782,14325.812458473161,1094.464879136062,1094.464879136062,0.06963130672706846,15022.0,5785.0,9933.0,1697.9188647026238,5089.0,-9.094947017729282e-13,1533.9629498796987,0,15544.0,0,7,91,7,0,0,0,0,0,0,0.047928388994478155,runs/RetailNet__supplier_disruption__seed120__origin90
RetailNet,supplier_disruption,120,90,llm_agents,7,15790.778747855948,12925.616256161315,0.8185547060442689,15635.032150592378,0.9901368640679158,214.75481298315782,14325.812458473161,1094.464879136062,1094.464879136062,0.06963130672706846,15022.0,5785.0,9933.0,1697.9188647026238,5089.0,-9.094947017729282e-13,1533.9629498796987,0,15544.0,0,7,91,7,0,0,21,0,6835,1047,27.847964447995764,runs/RetailNet__supplier_disruption__seed120__origin90
RetailNet,supplier_disruption,121,83,conventional,7,13988.656210833262,11181.709599966456,0.7993412255929904,15234.97772756523,1.089095156671788,243.69545922896515,14034.733054334041,956.5492140022257,956.5492140022257,0.06468415025711562,13080.0,5607.0,9181.0,2649.7411860313186,3899.0,0.0,1740.6818516354654,0,13844.0,0,7,91,7,0,0,0,0,0,0,0.007642235003004316,runs/RetailNet__supplier_disruption__seed121__origin83
RetailNet,supplier_disruption,121,83,structured_planner,7,13988.656210833262,11412.801691813384,0.8158611892238045,14097.74524024663,1.007798392337992,235.66091653241176,12879.272595099412,982.8117286148058,982.8117286148058,0.06844569458979079,13553.0,5607.0,8752.0,1963.3865795718127,4801.0,-2.7284841053187847e-12,1683.292260945798,0,14366.0,0,7,91,7,0,0,0,0,0,0,0.0439708129997598,runs/RetailNet__supplier_disruption__seed121__origin83
RetailNet,supplier_disruption,121,83,llm_agents,7,13988.656210833262,11412.801691813384,0.8158611892238045,14097.74524024663,1.007798392337992,235.66091653241176,12879.272595099412,982.8117286148058,982.8117286148058,0.06844569458979079,13553.0,5607.0,8752.0,1963.3865795718127,4801.0,-2.7284841053187847e-12,1683.292260945798,0,14366.0,0,7,91,7,0,0,21,0,6854,1080,27.058498461003182,runs/RetailNet__supplier_disruption__seed121__origin83
RetailNet,supplier_disruption,121,90,conventional,7,15579.92231773257,11962.618859571321,0.7678227539014011,19388.462933463365,1.2444518360271948,224.28126612001313,18086.517290806252,1077.6643765371002,1077.6643765371002,0.0689484565922649,14534.0,5785.0,9845.0,2589.716763891578,4689.0,9.094947017729282e-13,1602.0090437143795,0,15240.0,0,7,91,7,0,0,0,0,0,0,0.00787505599873839,runs/RetailNet__supplier_disruption__seed121__origin90
RetailNet,supplier_disruption,121,90,structured_planner,7,15579.92231773257,12144.825905716893,0.7795177445714244,18463.518811850394,1.1850841381176727,215.1978104728807,17175.482060078404,1072.8389412991075,1072.8389412991075,0.07103482363100759,14572.0,5785.0,9318.0,1885.335152984001,5254.0,-9.094947017729282e-13,1537.1272176634334,0,15334.0,0,7,91,7,0,0,0,0,0,0,0.04156581099960022,runs/RetailNet__supplier_disruption__seed121__origin90
RetailNet,supplier_disruption,121,90,llm_agents,7,15579.92231773257,12144.825905716893,0.7795177445714244,18463.518811850394,1.1850841381176727,215.1978104728807,17175.482060078404,1072.8389412991075,1072.8389412991075,0.07103482363100759,14572.0,5785.0,9318.0,1885.335152984001,5254.0,-9.094947017729282e-13,1537.1272176634334,0,15334.0,0,7,91,7,0,0,21,0,6853,1046,26.062671882005816,runs/RetailNet__supplier_disruption__seed121__origin90
RetailNet,supplier_disruption,122,83,conventional,7,14062.561548489688,11349.994843451175,0.8071072118912901,14747.79154070248,1.0487272528443714,232.26022079699254,13562.833525192571,952.6977947129145,952.6977947129145,0.0638708631478221,13201.0,5607.0,9309.0,2613.3073618359113,3892.0,-9.094947017729282e-13,1659.001577121375,0,13612.0,0,7,91,7,0,0,0,0,0,0,0.007611172979522962,runs/RetailNet__supplier_disruption__seed122__origin83
RetailNet,supplier_disruption,122,83,structured_planner,7,14062.561548489688,11541.236500274683,0.8207065590773686,13820.063906845711,0.9827557987349737,222.60471588825777,12606.625241075037,990.8339498824154,990.8339498824154,0.0682486533876853,13676.0,5607.0,8911.0,1985.9295498429033,4765.0,-1.8189894035458565e-12,1590.0336849161267,0,14084.0,0,7,91,7,0,0,0,0,0,0,0.043406291006249376,runs/RetailNet__supplier_disruption__seed122__origin83
RetailNet,supplier_disruption,122,83,llm_agents,7,14062.561548489688,11541.236500274683,0.8207065590773686,13820.063906845711,0.9827557987349737,222.60471588825777,12606.625241075037,990.8339498824154,990.8339498824154,0.0682486533876853,13676.0,5607.0,8911.0,1985.9295498429033,4765.0,-1.8189894035458565e-12,1590.0336849161267,0,14084.0,0,7,91,7,0,0,21,0,6799,1048,26.31473934099631,runs/RetailNet__supplier_disruption__seed122__origin83
RetailNet,supplier_disruption,122,90,conventional,7,15771.109002916834,12458.245231478959,0.7899409755632805,17772.430936913726,1.1268979837516024,214.22927195672264,16564.31885718937,993.8828077676278,993.8828077676278,0.06312370960734379,14582.0,5785.0,9960.0,2292.871960753412,4622.0,9.094947017729282e-13,1530.2090854051619,0,15040.0,0,7,91,7,0,0,0,0,0,0,0.008218829992983956,runs/RetailNet__supplier_disruption__seed122__origin90
RetailNet,supplier_disruption,122,90,structured_planner,7,15771.109002916834,12448.427046330997,0.7893184330936198,17806.730702802746,1.1290728318160397,204.2185022132184,16613.409782929186,989.1024176603412,989.1024176603412,0.06499555905246032,14625.0,5785.0,9433.0,1780.4705360086618,5192.0,0.0,1458.7035872372742,0,15082.0,0,7,91,7,0,0,0,0,0,0,0.04448664599476615,runs/RetailNet__supplier_disruption__seed122__origin90
RetailNet,supplier_disruption,122,90,llm_agents,7,15771.109002916834,12448.427046330997,0.7893184330936198,17806.730702802746,1.1290728318160397,204.2185022132184,16613.409782929186,989.1024176603412,989.1024176603412,0.06499555905246032,14625.0,5785.0,9433.0,1780.4705360086618,5192.0,0.0,1458.7035872372742,0,15082.0,0,7,91,7,0,0,21,0,6799,1045,27.52970840501075,runs/RetailNet__supplier_disruption__seed122__origin90
RetailNet,supplier_disruption,123,83,conventional,7,13826.333547205822,11383.00426262108,0.8232843670201695,13437.406323518057,0.9718705452635081,246.23558111858608,12216.646422923726,974.5243194757453,974.5243194757453,0.06455941169100664,13191.0,5607.0,9488.0,2737.4714179031753,3703.0,0.0,1758.8255794184718,0,13648.0,0,7,91,7,0,0,0,0,0,0,0.0074658709854702465,runs/RetailNet__supplier_disruption__seed123__origin83
RetailNet,supplier_disruption,123,83,structured_planner,7,13826.333547205822,11694.373929411795,0.8458044129692736,11889.406050748104,0.8599102582152625,235.1012281102066,10659.798088970147,994.5067336677512,994.5067336677512,0.06813556684487196,13748.0,5607.0,8989.0,1907.1193369204539,4759.0,0.0,1679.2944865014756,0,14150.0,0,7,91,7,0,0,0,0,0,0,0.04025929000636097,runs/RetailNet__supplier_disruption__seed123__origin83
RetailNet,supplier_disruption,123,83,llm_agents,7,13826.333547205822,11694.373929411795,0.8458044129692736,11889.406050748104,0.8599102582152625,235.1012281102066,10659.798088970147,994.5067336677512,994.5067336677512,0.06813556684487196,13748.0,5607.0,8989.0,1907.1193369204539,4759.0,0.0,1679.2944865014756,0,14150.0,0,7,91,7,0,0,21,0,6838,1046,26.499414231977426,runs/RetailNet__supplier_disruption__seed123__origin83
RetailNet,supplier_disruption,123,90,conventional,7,15640.039713359873,12563.84224254681,0.8033126816049357,16712.01330147541,1.0685403367102608,228.90777835467543,15380.987354065308,1102.1181690554308,1102.1181690554308,0.06810766092296569,14742.0,5785.0,10397.0,2516.0395883977576,4345.0,0.0,1635.055559676253,0,15128.0,0,7,91,7,0,0,0,0,0,0,0.0073863289871951565,runs/RetailNet__supplier_disruption__seed123__origin90
RetailNet,supplier_disruption,123,90,structured_planner,7,15640.039713359873,12404.924498833132,0.7931517263499482,17521.71012909873,1.1203111021598953,220.06883061080308,16175.576072633705,1126.0652258542223,1126.0652258542223,0.0734837657174512,14763.0,5785.0,9539.0,1793.0102753126457,5224.0,0.0,1571.9202186485932,0,15180.0,0,7,91,7,0,0,0,0,0,0,0.04186420999758411,runs/RetailNet__supplier_disruption__seed123__origin90
RetailNet,supplier_disruption,123,90,llm_agents,7,15640.039713359873,12404.924498833132,0.7931517263499482,17521.71012909873,1.1203111021598953,220.06883061080308,16175.576072633705,1126.0652258542223,1126.0652258542223,0.0734837657174512,14763.0,5785.0,9539.0,1793.0102753126457,5224.0,0.0,1571.9202186485932,0,15180.0,0,7,91,7,0,0,21,0,6836,1046,27.234625683006016,runs/RetailNet__supplier_disruption__seed123__origin90
RetailNet,supplier_disruption,124,83,conventional,7,14236.16442032506,11622.349740463318,0.8163961441657711,14263.136781740053,1.0018946368290385,237.9082643323401,13069.073399308705,956.1551180990084,956.1551180990084,0.06315006393890815,13292.0,5607.0,9534.0,2562.4951414376737,3758.0,0.0,1699.3447452310008,0,13614.0,0,7,91,7,0,0,0,0,0,0,0.0073158540108124726,runs/RetailNet__supplier_disruption__seed124__origin83
RetailNet,supplier_disruption,124,83,structured_planner,7,14236.16442032506,11821.361888445821,0.8303754817251471,13294.840718882559,0.9338779973559053,222.6729413873606,12074.01265939619,998.1551180990084,998.1551180990084,0.0686583517745913,13804.0,5607.0,8931.0,1718.482993455171,4873.0,0.0,1590.521009909718,0,14206.0,0,7,91,7,0,0,0,0,0,0,0.03970324600231834,runs/RetailNet__supplier_disruption__seed124__origin83
RetailNet,supplier_disruption,124,83,llm_agents,7,14236.16442032506,11821.361888445821,0.8303754817251471,13294.840718882559,0.9338779973559053,222.6729413873606,12074.01265939619,998.1551180990084,998.1551180990084,0.0686583517745913,13804.0,5607.0,8931.0,1718.482993455171,4873.0,0.0,1590.521009909718,0,14206.0,0,7,91,7,0,0,21,0,6851,1045,28.27381736800453,runs/RetailNet__supplier_disruption__seed124__origin83
RetailNet,supplier_disruption,124,90,conventional,7,15933.38626757806,12581.641373786297,0.7896401406766848,18032.71326396223,1.1317564867335181,231.35530547560694,16758.724468958815,1042.6334895278076,1042.6334895278076,0.06424508531196053,14609.0,5785.0,10444.0,2604.725136685896,4165.0,0.0,1652.5378962543352,0,15064.0,0,7,91,7,0,0,0,0,0,0,0.00848505699832458,runs/RetailNet__supplier_disruption__seed124__origin90
RetailNet,supplier_disruption,124,90,structured_planner,7,15933.38626757806,12616.965912746837,0.7918571545849222,17865.446663941344,1.1212586178428827,215.16474742893365,16582.101774156108,1068.180142356303,1068.180142356303,0.06912892456357124,14694.0,5785.0,9667.0,1766.8539448968595,5027.0,9.094947017729282e-13,1536.8910530638116,0,15160.0,0,7,91,7,0,0,0,0,0,0,0.04739846099255374,runs/RetailNet__supplier_disruption__seed124__origin90
RetailNet,supplier_disruption,124,90,llm_agents,7,15933.38626757806,12616.965912746837,0.7918571545849222,17865.446663941344,1.1212586178428827,215.16474742893365,16582.101774156108,1068.180142356303,1068.180142356303,0.06912892456357124,14694.0,5785.0,9667.0,1766.8539448968595,5027.0,9.094947017729282e-13,1536.8910530638116,0,15160.0,0,7,91,7,0,0,21,0,6852,1045,28.00498040101229,runs/RetailNet__supplier_disruption__seed124__origin90
RetailNet,supplier_disruption,125,83,conventional,7,13939.794545557868,11443.407333278035,0.8209164988679589,13657.652545435923,0.9797599599334228,233.94160279786135,12481.936061399152,941.7748812389098,941.7748812389098,0.06348758805709247,13137.0,5607.0,9227.0,2448.817785483054,3910.0,4.547473508864641e-13,1671.0114485561521,0,13958.0,0,7,91,7,0,0,0,0,0,0,0.008610383010818623,runs/RetailNet__supplier_disruption__seed125__origin83
RetailNet,supplier_disruption,125,83,structured_planner,7,13939.794545557868,11652.059212564563,0.8358845730820095,12649.105726108024,0.9074097673942302,229.65417990260602,11438.67666496651,980.7748812389098,980.7748812389098,0.06780331014441132,13676.0,5607.0,8858.0,1832.1659061965252,4818.0,1.8189894035458565e-12,1640.3869993043286,0,14250.0,0,7,91,7,0,0,0,0,0,0,0.04814236200036248,runs/RetailNet__supplier_disruption__seed125__origin83
RetailNet,supplier_disruption,125,83,llm_agents,7,13939.794545557868,11652.059212564563,0.8358845730820095,12649.105726108024,0.9074097673942302,229.65417990260602,11438.67666496651,980.7748812389098,980.7748812389098,0.06780331014441132,13676.0,5607.0,8858.0,1832.1659061965252,4818.0,1.8189894035458565e-12,1640.3869993043286,0,14250.0,0,7,91,7,0,0,21,0,6797,1084,28.338812203997804,runs/RetailNet__supplier_disruption__seed125__origin83
RetailNet,supplier_disruption,125,90,conventional,7,15693.813008816298,12469.040531620627,0.794519504254059,17369.3856886537,1.1067664485932205,220.6782231974172,16123.862385978362,1024.8450794779187,1024.8450794779187,0.06432620383366298,14457.0,5785.0,10147.0,2438.114388901457,4310.0,-1.8189894035458565e-12,1576.273022838694,0,15256.0,0,7,91,7,0,0,0,0,0,0,0.007545981010480318,runs/RetailNet__supplier_disruption__seed125__origin90
RetailNet,supplier_disruption,125,90,structured_planner,7,15693.813008816298,12506.909022666625,0.7969324609411766,17186.56071049125,1.0951169547411055,211.19570026497564,15934.519930748353,1040.8450794779187,1040.8450794779187,0.06826556565081122,14602.0,5785.0,9462.0,1699.2458978554548,5140.0,1.8189894035458565e-12,1508.5407161783974,0,15212.0,0,7,91,7,0,0,0,0,0,0,0.08046120399376377,runs/RetailNet__supplier_disruption__seed125__origin90
RetailNet,supplier_disruption,125,90,llm_agents,7,15693.813008816298,12506.909022666625,0.7969324609411766,17186.56071049125,1.0951169547411055,211.19570026497564,15934.519930748353,1040.8450794779187,1040.8450794779187,0.06826556565081122,14602.0,5785.0,9462.0,1699.2458978554548,5140.0,1.8189894035458565e-12,1508.5407161783974,0,15212.0,0,7,91,7,0,0,21,0,6798,1045,27.227781228008098,runs/RetailNet__supplier_disruption__seed125__origin90
RetailNet,supplier_disruption,126,83,conventional,7,13983.595902884337,11491.124138096324,0.8217574519388177,13650.952020565943,0.9762118496108871,245.83259679358994,12462.358823940063,942.7605998322898,942.7605998322898,0.061873111493882645,13307.0,5607.0,9630.0,2803.1152620713856,3677.0,9.094947017729282e-13,1755.9471199542143,0,13648.0,0,7,91,7,0,0,0,0,0,0,0.008005781994143035,runs/RetailNet__supplier_disruption__seed126__origin83
RetailNet,supplier_disruption,126,83,structured_planner,7,13983.595902884337,11706.931693536117,0.8371903603937366,12568.574931224852,0.8988085052309317,230.41418590621763,11383.321046741092,954.8396985775448,954.8396985775448,0.06520347572914127,13741.0,5607.0,9037.0,1982.2286078863367,4704.0,1.8189894035458565e-12,1645.81561361584,0,14110.0,0,7,91,7,0,0,0,0,0,0,0.14270034900982864,runs/RetailNet__supplier_disruption__seed126__origin83
RetailNet,supplier_disruption,126,83,llm_agents,7,13983.595902884337,11706.931693536117,0.8371903603937366,12568.574931224852,0.8988085052309317,230.41418590621763,11383.321046741092,954.8396985775448,954.8396985775448,0.06520347572914127,13741.0,5607.0,9037.0,1982.2286078863367,4704.0,1.8189894035458565e-12,1645.81561361584,0,14110.0,0,7,91,7,0,0,21,0,6837,1051,27.370318768997095,runs/RetailNet__supplier_disruption__seed126__origin83
RetailNet,supplier_disruption,126,90,conventional,7,15624.720283639657,12650.440965836708,0.8096427159136244,16215.178351162305,1.0377899928321217,227.60023619057108,14871.39658901475,1116.1815259569803,1116.1815259569803,0.06915194386698348,14559.0,5785.0,10356.0,2374.377508206312,4203.0,0.0,1625.7159727897936,0,14932.0,0,7,91,7,0,0,0,0,0,0,0.007465156988473609,runs/RetailNet__supplier_disruption__seed126__origin90
RetailNet,supplier_disruption,126,90,structured_planner,7,15624.720283639657,12532.642581305314,0.8021034843374445,16784.44474695078,1.0742236943931371,212.38833827800508,15460.388511671723,1111.6678970010528,1111.6678970010528,0.07287236296303197,14631.0,5785.0,9470.0,1610.6895216936339,5161.0,0.0,1517.0595591286076,0,15100.0,0,7,91,7,0,0,0,0,0,0,0.07123683599638753,runs/RetailNet__supplier_disruption__seed126__origin90
RetailNet,supplier_disruption,126,90,llm_agents,7,15624.720283639657,12532.642581305314,0.8021034843374445,16784.44474695078,1.0742236943931371,212.38833827800508,15460.388511671723,1111.6678970010528,1111.6678970010528,0.07287236296303197,14631.0,5785.0,9470.0,1610.6895216936339,5161.0,0.0,1517.0595591286076,0,15100.0,0,7,91,7,0,0,21,0,6839,1046,26.765824884998437,runs/RetailNet__supplier_disruption__seed126__origin90
RetailNet,supplier_disruption,127,83,conventional,7,14047.538175847185,11207.589550664154,0.7978330017948673,15423.997122597533,1.0979857772600312,239.51780477310712,14199.743125915153,984.7361919092737,984.7361919092737,0.06550061140809323,13022.0,5607.0,9427.0,2841.674257426572,3595.0,9.094947017729282e-13,1710.8414626650504,0,13754.0,0,7,91,7,0,0,0,0,0,0,0.007573130002128892,runs/RetailNet__supplier_disruption__seed127__origin83
RetailNet,supplier_disruption,127,83,structured_planner,7,14047.538175847185,11400.584614168793,0.8115717125275754,14475.599199661436,1.0304723161066216,221.1654449544942,13234.767808391955,1019.6659463149869,1019.6659463149869,0.07207138438754501,13411.0,5607.0,8541.0,1727.7494395162196,4870.0,9.094947017729282e-13,1579.753178246387,0,14116.0,0,7,91,7,0,0,0,0,0,0,0.044295261992374435,runs/RetailNet__supplier_disruption__seed127__origin83
RetailNet,supplier_disruption,127,83,llm_agents,7,14047.538175847185,11400.584614168793,0.8115717125275754,14475.599199661436,1.0304723161066216,221.1654449544942,13234.767808391955,1019.6659463149869,1019.6659463149869,0.07207138438754501,13411.0,5607.0,8541.0,1727.7494395162196,4870.0,9.094947017729282e-13,1579.753178246387,0,14116.0,0,7,91,7,0,0,21,0,6846,1076,28.07788726199942,runs/RetailNet__supplier_disruption__seed127__origin83
RetailNet,supplier_disruption,127,90,conventional,7,15702.00182086438,12246.585374765751,0.7799378394220304,18584.10841558071,1.183550264966004,228.66172290763575,17277.08223049314,1078.3644621799303,1078.3644621799303,0.06752861557892982,14345.0,5785.0,10184.0,2644.050163054318,4161.0,0.0,1633.2980207688267,0,15112.0,0,7,91,7,0,0,0,0,0,0,0.009268714988138527,runs/RetailNet__supplier_disruption__seed127__origin90
RetailNet,supplier_disruption,127,90,structured_planner,7,15702.00182086438,12282.985172503968,0.7822560023004634,18416.665889910513,1.1728864956211484,207.21818592851838,17095.083241802065,1114.3644621799303,1114.3644621799303,0.07451450766833369,14424.0,5785.0,9170.0,1557.6503653161028,5254.0,-9.094947017729282e-13,1480.1298994894169,0,15154.0,0,7,91,7,0,0,0,0,0,0,0.049126646990771405,runs/RetailNet__supplier_disruption__seed127__origin90
RetailNet,supplier_disruption,127,90,llm_agents,7,15702.00182086438,12282.985172503968,0.7822560023004634,18416.665889910513,1.1728864956211484,207.21818592851838,17095.083241802065,1114.3644621799303,1114.3644621799303,0.07451450766833369,14424.0,5785.0,9170.0,1557.6503653161028,5254.0,-9.094947017729282e-13,1480.1298994894169,0,15154.0,0,7,91,7,0,0,21,0,6852,1045,28.336064764000184,runs/RetailNet__supplier_disruption__seed127__origin90
RetailNet,supplier_disruption,128,83,conventional,7,13939.537655064938,11613.885609247996,0.8331614646507365,12849.985608219937,0.9218372894563607,233.89900964946406,11628.260229084712,987.8263694857611,987.8263694857611,0.06447531946255212,13331.0,5607.0,9714.0,2719.28802126624,3617.0,2.2737367544323206e-12,1670.707211781886,0,13822.0,0,7,91,7,0,0,0,0,0,0,0.007790966992615722,runs/RetailNet__supplier_disruption__seed128__origin83
RetailNet,supplier_disruption,128,83,structured_planner,7,13939.537655064938,11768.974326603178,0.8442872796664755,12091.443182179042,0.8674206764516046,225.45668908111682,10852.816642308822,1013.1698507891027,1013.1698507891027,0.06909232479467421,13856.0,5607.0,9057.0,1881.8558226077205,4799.0,-9.094947017729282e-13,1610.4049220079773,0,14508.0,0,7,91,7,0,0,0,0,0,0,0.04297600800782675,runs/RetailNet__supplier_disruption__seed128__origin83
RetailNet,supplier_disruption,128,83,llm_agents,7,13939.537655064938,11768.974326603178,0.8442872796664755,12091.443182179042,0.8674206764516046,225.45668908111682,10852.816642308822,1013.1698507891027,1013.1698507891027,0.06909232479467421,13856.0,5607.0,9057.0,1881.8558226077205,4799.0,-9.094947017729282e-13,1610.4049220079773,0,14508.0,0,7,91,7,0,0,21,0,6797,1044,28.138887558001443,runs/RetailNet__supplier_disruption__seed128__origin83
RetailNet,supplier_disruption,128,90,conventional,7,15594.403663343244,12618.34625274394,0.8091586267197296,16138.510106346655,1.0348911349705796,218.484524491782,14880.287052996508,1039.7385288583632,1039.7385288583632,0.06478929018309841,14643.0,5785.0,10263.0,2389.9152183976958,4380.0,9.094947017729282e-13,1560.6037463698715,0,15160.0,0,7,91,7,0,0,0,0,0,0,0.008088072994723916,runs/RetailNet__supplier_disruption__seed128__origin90
RetailNet,supplier_disruption,128,90,structured_planner,7,15594.403663343244,12695.519624915301,0.8141074130816454,15764.087258165586,1.0108810569795115,205.31529465751066,14494.420192139713,1064.3517713683611,1064.3517713683611,0.06889008228921431,14753.0,5785.0,9665.0,1690.1286037163381,5088.0,-9.094947017729282e-13,1466.537818982219,0,15452.0,0,7,91,7,0,0,0,0,0,0,0.05395783601125004,runs/RetailNet__supplier_disruption__seed128__origin90
RetailNet,supplier_disruption,128,90,llm_agents,7,15594.403663343244,12695.519624915301,0.8141074130816454,15764.087258165586,1.0108810569795115,205.31529465751066,14494.420192139713,1064.3517713683611,1064.3517713683611,0.06889008228921431,14753.0,5785.0,9665.0,1690.1286037163381,5088.0,-9.094947017729282e-13,1466.537818982219,0,15452.0,0,7,91,7,0,0,21,0,6799,1045,28.50000577497849,runs/RetailNet__supplier_disruption__seed128__origin90
RetailNet,supplier_disruption,129,83,conventional,7,13963.597435408192,11637.944346330281,0.8334488587317309,12862.313745321266,0.9211318075316074,240.22726972455126,11628.265445389557,993.8210302071564,993.8210302071564,0.06589014322131913,13330.0,5607.0,9476.0,2451.2346234625647,3854.0,-2.7284841053187847e-12,1715.9090694610802,0,13878.0,0,7,91,7,0,0,0,0,0,0,0.007773534001898952,runs/RetailNet__supplier_disruption__seed129__origin83
RetailNet,supplier_disruption,129,83,structured_planner,7,13963.597435408192,11793.944604651006,0.8446207833766757,12120.103089290309,0.8679785524722131,232.54029345100787,10848.264153785927,1039.2986420533755,1039.2986420533755,0.07110691311257358,13803.0,5607.0,9009.0,1782.7567532956186,4794.0,0.0,1661.0020960786276,0,14322.0,0,7,91,7,0,0,0,0,0,0,0.045650883999769576,runs/RetailNet__supplier_disruption__seed129__origin83
RetailNet,supplier_disruption,129,83,llm_agents,7,13963.597435408192,11793.944604651006,0.8446207833766757,12120.103089290309,0.8679785524722131,232.54029345100787,10848.264153785927,1039.2986420533755,1039.2986420533755,0.07110691311257358,13803.0,5607.0,9009.0,1782.7567532956186,4794.0,0.0,1661.0020960786276,0,14322.0,0,7,91,7,0,0,21,0,6837,1045,27.65748175799672,runs/RetailNet__supplier_disruption__seed129__origin83
RetailNet,supplier_disruption,129,90,conventional,7,15737.902498839025,12638.736457905068,0.8030762967833496,16775.69629990354,1.0659423198956195,224.32844427498395,15495.830204669783,1055.5376509587684,1055.5376509587684,0.06621942603254506,14760.0,5785.0,10155.0,2245.725891136164,4605.0,-9.094947017729282e-13,1602.3460305355998,0,15442.0,0,7,91,7,0,0,0,0,0,0,0.010123284999281168,runs/RetailNet__supplier_disruption__seed129__origin90
RetailNet,supplier_disruption,129,90,structured_planner,7,15737.902498839025,12638.13613144379,0.803038151518355,16769.06555314906,1.065520996485148,217.29384721479093,15498.831836976162,1052.9398689581055,1052.9398689581055,0.0684304847571395,14747.0,5785.0,9602.0,1695.9239995981031,5145.0,0.0,1552.098908677078,0,15378.0,0,7,91,7,0,0,0,0,0,0,0.05541644699405879,runs/RetailNet__supplier_disruption__seed129__origin90
RetailNet,supplier_disruption,129,90,llm_agents,7,15737.902498839025,12638.13613144379,0.803038151518355,16769.06555314906,1.065520996485148,217.29384721479093,15498.831836976162,1052.9398689581055,1052.9398689581055,0.0684304847571395,14747.0,5785.0,9602.0,1695.9239995981031,5145.0,0.0,1552.098908677078,0,15378.0,0,7,91,7,0,0,21,0,6839,1046,28.526855011994485,runs/RetailNet__supplier_disruption__seed129__origin90
RetailNet,supplier_disruption,130,83,conventional,7,14274.763751799326,11795.12511770802,0.8262921420483229,13561.136916059202,0.9500078006089473,242.63708641443242,12398.193170456554,920.3066591882158,920.3066591882158,0.060005650335020914,13386.0,5607.0,9730.0,2621.568223103767,3656.0,-2.7284841053187847e-12,1733.1220458173743,0,13610.0,0,7,91,7,0,0,0,0,0,0,0.007788231996528339,runs/RetailNet__supplier_disruption__seed130__origin83
RetailNet,supplier_disruption,130,83,structured_planner,7,14274.763751799326,11896.827139345474,0.8334167448372577,13063.742462152493,0.9151634793609678,233.25042189335943,11889.683062269269,940.8089779898662,940.8089779898662,0.06397884923426496,13864.0,5607.0,9098.0,1867.3638826646602,4766.0,-9.094947017729282e-13,1666.0744420954247,0,14110.0,0,7,91,7,0,0,0,0,0,0,0.05918210300296778,runs/RetailNet__supplier_disruption__seed130__origin83
RetailNet,supplier_disruption,130,83,llm_agents,7,14274.763751799326,11896.827139345474,0.8334167448372577,13063.742462152493,0.9151634793609678,233.25042189335943,11889.683062269269,940.8089779898662,940.8089779898662,0.06397884923426496,13864.0,5607.0,9098.0,1867.3638826646602,4766.0,-9.094947017729282e-13,1666.0744420954247,0,14110.0,0,7,91,7,0,0,21,0,6853,1046,27.477446662007424,runs/RetailNet__supplier_disruption__seed130__origin83
RetailNet,supplier_disruption,130,90,conventional,7,15935.974659681786,12671.364558054198,0.7951421126511269,17568.092819765876,1.102417216074858,233.36988433789253,16323.050508137936,1011.6724272900465,1011.6724272900465,0.062345006919951096,14818.0,5785.0,10442.0,2543.963014655756,4376.0,0.0,1666.9277452706608,0,15084.0,0,7,91,7,0,0,0,0,0,0,0.007380404997093137,runs/RetailNet__supplier_disruption__seed130__origin90
RetailNet,supplier_disruption,130,90,structured_planner,7,15935.974659681786,12675.61967037478,0.79540912564603,17542.73892223587,1.1008262310192558,216.86235957469864,16301.774946535017,1024.1016161261516,1024.1016161261516,0.06636651002048809,14712.0,5785.0,9646.0,1731.2787134990663,5066.0,3.637978807091713e-12,1549.0168541049904,0,14982.0,0,7,91,7,0,0,0,0,0,0,0.1286057910110685,runs/RetailNet__supplier_disruption__seed130__origin90
RetailNet,supplier_disruption,130,90,llm_agents,7,15935.974659681786,12675.61967037478,0.79540912564603,17542.73892223587,1.1008262310192558,216.86235957469864,16301.774946535017,1024.1016161261516,1024.1016161261516,0.06636651002048809,14712.0,5785.0,9646.0,1731.2787134990663,5066.0,3.637978807091713e-12,1549.0168541049904,0,14982.0,0,7,91,7,0,0,21,0,6853,1049,27.13757621400873,runs/RetailNet__supplier_disruption__seed130__origin90
