dataset,scenario,arm,seed,demand,sales,operating_cost,holding_cost,shortage_cost,expiry_cost,expiry_units,initial_stock,received_units,held_days,actual_violations,purchase_spend,source_correct_slots,source_exact_days,priority_correct_days,critic_false_approvals,critic_false_holds,model_calls,schema_failures,input_tokens,output_tokens,total_agent_seconds,days,fill_rate,cost_per_demand,expiry_share
M5,promotion,conventional,101,1336.1067315630107,888.0104470507739,2265.784802062584,25.303379501400077,2240.481422561184,0.0,0.0,449.0,633.0,0,0,764.0,182,14,4,0,0,0,0,0,0,0.010930150991043774,14,0.6646253821444019,1.695811231646152,0.0
M5,promotion,conventional,102,1340.754014837659,859.4393258031603,2431.9887580821064,25.415312909613014,2406.573445172494,0.0,0.0,449.0,584.0,0,0,812.0,182,14,4,0,0,0,0,0,0,0.011240076000831323,14,0.6410119352931587,1.8138963084713016,0.0
M5,promotion,conventional,103,1347.0412189315257,905.23868865686,2235.0225475352627,26.009896161934172,2209.0126513733285,0.0,0.0,449.0,631.0,0,0,781.0,182,14,4,0,0,0,0,0,0,0.01046318900262122,14,0.6720200361611028,1.6592087280804106,0.0
M5,promotion,conventional,104,1325.084630161471,895.8058449140669,2172.0611671214106,25.667240884389656,2146.3939262370213,0.0,0.0,449.0,614.0,0,0,788.0,182,14,4,0,0,0,0,0,0,0.011273985011939658,14,0.6760367032594036,1.639186749043138,0.0
M5,promotion,conventional,105,1350.5413492464252,871.9411134619872,2419.254365695947,26.25318677375736,2393.00117892219,0.0,0.0,449.0,611.0,0,0,755.0,182,14,4,0,0,0,0,0,0,0.010925965987553354,14,0.6456234116404602,1.791321951783144,0.0
M5,promotion,conventional,106,1359.172982661701,871.0904560034782,2465.1537391095408,24.741105818426206,2440.4126332911146,0.0,0.0,449.0,570.0,0,0,774.0,182,14,4,0,0,0,0,0,0,0.010505160011234693,14,0.6408974185887663,1.8137159659265527,0.0
M5,promotion,conventional,107,1359.0654110152705,922.56323295376,2208.1647799164316,25.653889608880167,2182.5108903075516,0.0,0.0,449.0,668.0,0,0,810.0,182,14,4,0,0,0,0,0,0,0.009792457982257474,14,0.6788218031864797,1.6247671098235468,0.0
M5,promotion,conventional,108,1338.0059948480719,920.5449625111993,2113.801343900761,26.496182216398562,2087.3051616843622,0.0,0.0,449.0,657.0,0,0,801.0,182,14,4,0,0,0,0,0,0,0.010456390999024734,14,0.6879976368235372,1.5798145539256565,0.0
M5,promotion,conventional,109,1371.133870541982,899.6432084483733,2383.2635887386277,25.81027827058463,2357.453310468043,0.0,0.0,449.0,620.0,0,0,814.0,182,14,4,0,0,0,0,0,0,0.011047569016227499,14,0.6561308328651835,1.7381698752701447,0.0
M5,promotion,conventional,110,1355.9753167353765,883.4987119670287,2388.615442329263,26.232418487525415,2362.3830238417377,0.0,0.0,449.0,612.0,0,0,766.0,182,14,4,0,0,0,0,0,0,0.010834129010618199,14,0.6515595830270167,1.7615478783788288,0.0
M5,promotion,conventional,111,1379.9318249374815,899.5448509137825,2426.9946437457806,25.059773627286432,2401.9348701184945,0.0,0.0,449.0,620.0,0,0,791.0,182,14,4,0,0,0,0,0,0,0.010952095013635699,14,0.651876299000885,1.7587786583991112,0.0
M5,promotion,conventional,112,1349.075597900187,895.8371618590085,2291.236279522591,25.04409931669808,2266.1921802058923,0.0,0.0,449.0,629.0,0,0,802.0,182,14,4,0,0,0,0,0,0,0.010821886004123371,14,0.6640377776111017,1.6983750081084121,0.0
M5,promotion,conventional,113,1346.2150704375106,893.8854772228974,2287.0413214643463,25.39335539127984,2261.647966073066,0.0,0.0,449.0,599.0,0,0,778.0,182,14,4,0,0,0,0,0,0,0.010095079000166152,14,0.6639990123809792,1.6988677156325949,0.0
M5,promotion,conventional,114,1351.6423780764176,910.964168902143,2229.5911254888465,26.200079617474383,2203.3910458713717,0.0,0.0,449.0,636.0,0,0,814.0,182,14,4,0,0,0,0,0,0,0.010414161988592241,14,0.6739683393166295,1.6495421878247682,0.0
M5,promotion,conventional,115,1344.9896721684852,909.8995482415447,2202.732905110611,27.28228547590843,2175.450619634702,0.0,0.0,449.0,655.0,0,0,809.0,182,14,4,0,0,0,0,0,0,0.010640063999744598,14,0.6765104350389114,1.637732207682467,0.0
M5,promotion,conventional,116,1341.1999295613589,897.4901625582393,2243.8885115756702,25.339676560073116,2218.5488350155974,0.0,0.0,449.0,629.0,0,0,749.0,182,14,4,0,0,0,0,0,0,0.010363388020778075,14,0.669169556884606,1.673045503595826,0.0
M5,promotion,conventional,117,1345.655742915535,922.3540765997652,2142.7474018162998,26.239070237449077,2116.5083315788506,0.0,0.0,449.0,676.0,0,0,820.0,182,14,4,0,0,0,0,0,0,0.010521852986130398,14,0.6854309368913087,1.5923444113378982,0.0
M5,promotion,conventional,118,1386.6276331938461,949.1061928008805,2213.102013452259,25.494811487431416,2187.607201964828,0.0,0.0,449.0,675.0,0,0,863.0,182,14,4,0,0,0,0,0,0,0.010615508996124845,14,0.6844708486118843,1.5960319558573766,0.0
M5,promotion,conventional,119,1350.5224358764112,914.8016367307976,2204.920485924407,26.316490196339466,2178.6039957280673,0.0,0.0,449.0,642.0,0,0,846.0,182,14,4,0,0,0,0,0,0,0.01106533999700332,14,0.6773687074196172,1.6326426184053289,0.0
M5,promotion,conventional,120,1346.9340675794597,927.9698801923664,2122.1139212969438,27.2929843614788,2094.8209369354654,0.0,0.0,449.0,661.0,0,0,829.0,182,14,4,0,0,0,0,0,0,0.010940031010250095,14,0.6889497433679119,1.5755143272235588,0.0
M5,promotion,conventional,121,1352.739527694296,898.1099710112604,2298.56226270751,25.414479292332196,2273.1477834151774,0.0,0.0,449.0,623.0,0,0,788.0,182,14,4,0,0,0,0,0,0,0.010407416004454717,14,0.6639193670507004,1.6991905800411855,0.0
M5,promotion,conventional,122,1351.3990439151753,856.7425308003184,2498.574243055389,25.29167748110487,2473.2825655742845,0.0,0.0,449.0,581.0,0,0,781.0,182,14,4,0,0,0,0,0,0,0.010676147016056348,14,0.6339670985101677,1.8488796882797114,0.0
M5,promotion,conventional,123,1362.8396919508932,927.5165439219434,2202.0713992764368,25.455659131687984,2176.6157401447485,0.0,0.0,449.0,644.0,0,0,814.0,182,14,4,0,0,0,0,0,0,0.010754799033747986,14,0.6805764092431235,1.6157963495502472,0.0
M5,promotion,conventional,124,1355.4724911976182,923.2084122822841,2186.745579033169,25.425184456499252,2161.32039457667,0.0,0.0,449.0,643.0,0,0,823.0,182,14,4,0,0,0,0,0,0,0.010461421996296849,14,0.6810971216882387,1.6132718245732052,0.0
M5,promotion,conventional,125,1364.900097571248,900.4565340940308,2346.877508182248,24.659690796163034,2322.217817386085,0.0,0.0,449.0,612.0,0,0,770.0,182,14,4,0,0,0,0,0,0,0.009891056011838373,14,0.6597234007795408,1.7194500259457568,0.0
M5,promotion,conventional,126,1331.5011375939985,891.8617970741923,2224.9990754357596,26.802372836728935,2198.1967025990307,0.0,0.0,449.0,630.0,0,0,790.0,182,14,4,0,0,0,0,0,0,0.010556164001172874,14,0.6698167743857677,1.6710455685049566,0.0
M5,promotion,conventional,127,1328.3054132709944,869.5838990023724,2320.067000825261,26.459429482149904,2293.607571343111,0.0,0.0,449.0,598.0,0,0,754.0,182,14,4,0,0,0,0,0,0,0.010146760017960332,14,0.6546565950228226,1.7466367129469282,0.0
M5,promotion,conventional,128,1343.482490250937,886.9105862413925,2309.193997974545,26.33447792682338,2282.8595200477216,0.0,0.0,449.0,632.0,0,0,772.0,182,14,4,0,0,0,0,0,0,0.010639015992637724,14,0.6601579050544488,1.7188121279818327,0.0
M5,promotion,conventional,129,1366.672423050328,913.2945211912878,2292.701674338179,25.812165042978748,2266.8895092952007,0.0,0.0,449.0,653.0,0,0,815.0,182,14,4,0,0,0,0,0,0,0.010873334002099,14,0.6682614690891846,1.6775795250342518,0.0
M5,promotion,conventional,130,1366.3128916282133,897.7495916368318,2368.7966923129534,25.980192356046544,2342.816499956907,0.0,0.0,449.0,625.0,0,0,806.0,182,14,4,0,0,0,0,0,0,0.010249450002447702,14,0.6570600315181085,1.733714661427293,0.0
M5,promotion,llm_agents,101,1336.1067315630107,1212.9438704757745,665.1932856390381,49.37898020285641,615.8143054361816,0.0,0.0,449.0,1216.0,0,0,1531.0,182,14,13,0,0,42,0,13257,1985,53.737209261995304,14,0.9078195939158563,0.49785939246101885,0.0
M5,promotion,llm_agents,102,1340.754014837659,1216.1488204751577,672.995881181858,49.96990936935045,623.0259718125076,0.0,0.0,449.0,1199.0,0,0,1529.0,182,14,14,0,0,42,0,13329,1984,52.52728488299181,14,0.9070633442200888,0.501953284296781,0.0
M5,promotion,llm_agents,103,1347.0412189315257,1234.8409879711378,611.5995185471495,50.59836374520968,561.0011548019397,0.0,0.0,449.0,1221.0,0,0,1481.0,182,14,13,0,0,42,0,13360,2019,54.81914101500661,14,0.9167061635653694,0.4540317771658619,0.0
M5,promotion,llm_agents,104,1325.084630161471,1206.5125340422667,641.8712390917656,49.01075849574275,592.8604805960229,0.0,0.0,449.0,1208.0,0,0,1488.0,182,14,14,0,0,42,0,13256,1984,53.922097423987,14,0.9105173409906991,0.4844001843214716,0.0
M5,promotion,llm_agents,105,1350.5413492464252,1198.1201204811093,813.5980619357515,51.49191810917243,762.1061438265791,0.0,0.0,449.0,1181.0,0,0,1505.0,182,14,14,0,0,42,0,13334,1984,53.34643372701248,14,0.8871406426390692,0.6024236595123302,0.0
M5,promotion,llm_agents,106,1359.172982661701,1182.547646838356,930.5264494495669,47.399770332842905,883.1266791167241,0.0,0.0,449.0,1113.0,0,0,1526.0,182,14,13,0,0,42,0,13362,1986,51.042505085984885,14,0.8700494064578481,0.6846269469153916,0.0
M5,promotion,llm_agents,107,1359.0654110152705,1228.9126960284516,699.291929297663,48.52835436357009,650.763574934093,0.0,0.0,449.0,1241.0,0,0,1518.0,182,14,14,0,0,42,0,13254,1984,51.3143722560053,14,0.9042336638605274,0.5145388320752472,0.0
M5,promotion,llm_agents,108,1338.0059948480719,1217.7039759810905,653.4351006768572,51.92500634194986,601.5100943349074,0.0,0.0,449.0,1253.0,0,0,1529.0,182,14,14,0,0,42,0,13333,1987,52.056720608015894,14,0.9100885800734836,0.48836485276813246,0.0
M5,promotion,llm_agents,109,1371.133870541982,1238.841605479027,710.5154187858627,49.05409347108813,661.4613253147746,0.0,0.0,449.0,1250.0,0,0,1498.0,182,14,14,0,0,42,0,13360,1984,52.09630683197611,14,0.9035161570250887,0.5181955125249805,0.0
M5,promotion,llm_agents,110,1355.9753167353765,1226.2926396033586,699.5493693459657,51.1359836858783,648.4133856600874,0.0,0.0,449.0,1226.0,0,0,1524.0,182,14,14,0,0,42,0,13251,1984,51.619535145990085,14,0.9043620665277007,0.5159012562486677,0.0
M5,promotion,llm_agents,111,1379.9318249374815,1234.6297087341004,777.8659735328334,51.355392515929296,726.5105810169041,0.0,0.0,449.0,1227.0,0,0,1513.0,182,14,14,0,0,42,0,13329,1984,49.63863402100105,14,0.8947034095615818,0.5636988432874755,0.0
M5,promotion,llm_agents,112,1349.075597900187,1227.9794519254706,656.5197656362492,51.0390357626665,605.4807298735827,0.0,0.0,449.0,1237.0,0,0,1493.0,182,14,14,0,0,42,0,13358,1984,52.956155562991626,14,0.9102376870775808,0.4866441633501569,0.0
M5,promotion,llm_agents,113,1346.2150704375106,1234.3096804322468,610.6991229914565,51.17217296513813,559.5269500263183,0.0,0.0,449.0,1198.0,0,0,1481.0,182,14,13,0,0,42,0,13252,1983,48.84969290200388,14,0.9168740623525368,0.45364157362536695,0.0
M5,promotion,llm_agents,114,1351.6423780764176,1213.696659756772,740.4613161514603,50.732724553233034,689.7285915982274,0.0,0.0,449.0,1217.0,0,0,1510.0,182,14,14,0,0,42,0,13327,1984,51.801826173992595,14,0.8979421475997503,0.5478233948281821,0.0
M5,promotion,llm_agents,115,1344.9896721684852,1229.5985086616324,628.2284484310574,51.27263089679289,576.9558175342645,0.0,0.0,449.0,1252.0,0,0,1526.0,182,14,14,0,0,42,0,13361,1984,52.72765043898835,14,0.9142066545977181,0.46708793489706435,0.0
M5,promotion,llm_agents,116,1341.1999295613589,1241.299283930608,551.3826380953026,51.87940994154866,499.503228153754,0.0,0.0,449.0,1283.0,0,0,1485.0,182,14,13,0,0,42,0,13253,1983,52.252961309000966,14,0.9255139793636706,0.41111144277768713,0.0
M5,promotion,llm_agents,117,1345.655742915535,1238.1722447721208,587.5674529314293,50.14996221435827,537.417490717071,0.0,0.0,449.0,1244.0,0,0,1529.0,182,14,13,0,0,42,0,13330,1983,49.57570076201955,14,0.9201255605608776,0.4366402447466909,0.0
M5,promotion,llm_agents,118,1386.6276331938461,1236.2499285504546,799.8549156591546,47.96639244219631,751.8885232169584,0.0,0.0,449.0,1231.0,0,0,1522.0,182,14,14,0,0,42,0,13357,1984,52.61217854100687,14,0.8915514871883639,0.5768346861924519,0.0
M5,promotion,llm_agents,119,1350.5224358764112,1228.729584242097,659.7445647555796,50.780306584009836,608.9642581715699,0.0,0.0,449.0,1231.0,0,0,1579.0,182,14,13,0,0,42,0,13254,1983,51.76350050199835,14,0.9098179723646889,0.4885106290940242,0.0
M5,promotion,llm_agents,120,1346.9340675794597,1235.4579535866008,610.7713110326492,53.390741068355226,557.380569964294,0.0,0.0,449.0,1256.0,0,0,1552.0,182,14,14,0,0,42,0,13332,1984,52.368175854986475,14,0.9172371412409297,0.4534530128339916,0.0
M5,promotion,llm_agents,121,1352.739527694296,1238.1906017058463,621.6376890510749,48.89305910882626,572.7446299422487,0.0,0.0,449.0,1217.0,0,0,1538.0,182,14,14,0,0,42,0,13361,1984,53.405599559999246,14,0.9153207815375257,0.45953982738320487,0.0
M5,promotion,llm_agents,122,1351.3990439151753,1210.6804583525645,752.2388746164634,48.645946803411256,703.592927813052,0.0,0.0,449.0,1165.0,0,0,1526.0,182,14,13,0,0,42,0,13254,1983,51.10333577500569,14,0.8958719216235856,0.5566371221020932,0.0
M5,promotion,llm_agents,123,1362.8396919508932,1238.4365007213646,673.573677842278,51.55772169463562,622.0159561476423,0.0,0.0,449.0,1258.0,0,0,1497.0,182,14,13,0,0,42,0,13330,2017,54.706254877011816,14,0.9087176635929597,0.49424277985187176,0.0
M5,promotion,llm_agents,124,1355.4724911976182,1239.2103208322724,631.474347431225,50.16349560449656,581.3108518267285,0.0,0.0,449.0,1241.0,0,0,1529.0,182,14,13,0,0,42,0,13360,1983,52.379928902002575,14,0.9142275692643359,0.4658702788378172,0.0
M5,promotion,llm_agents,125,1364.900097571248,1214.2819227711047,802.4689693573235,49.378095356608114,753.0908740007154,0.0,0.0,449.0,1194.0,0,0,1501.0,182,14,13,0,0,42,0,13256,1983,52.55289136999636,14,0.8896489383595484,0.5879323847842531,0.0
M5,promotion,llm_agents,126,1331.5011375939985,1184.2135160935225,787.7982054051108,51.360097902730196,736.4381075023805,0.0,0.0,449.0,1194.0,0,0,1500.0,182,14,14,0,0,42,0,13330,1984,52.40883788901556,14,0.8893822788866539,0.5916616840663387,0.0
M5,promotion,llm_agents,127,1328.3054132709944,1198.5236189438115,700.7590158392002,51.85004420328467,648.9089716359156,0.0,0.0,449.0,1211.0,0,0,1462.0,182,14,13,0,0,42,0,13359,1983,52.3870401079912,14,0.9022952153694901,0.5275586539345336,0.0
M5,promotion,llm_agents,128,1343.482490250937,1240.114544506056,566.3010464992321,49.46131777482877,516.8397287244034,0.0,0.0,449.0,1236.0,0,0,1543.0,182,14,14,0,0,42,0,13255,1984,52.006180659991514,14,0.9230597000742646,0.42151725132901274,0.0
M5,promotion,llm_agents,129,1366.672423050328,1224.4462461930816,761.8083523982054,50.67746811197422,711.1308842862313,0.0,0.0,449.0,1205.0,0,0,1492.0,182,14,13,0,0,42,0,13328,1983,51.709332426980836,14,0.8959325040452588,0.5574183978175958,0.0
M5,promotion,llm_agents,130,1366.3128916282133,1254.7729280952128,608.8320873940221,51.13226972901958,557.6998176650025,0.0,0.0,449.0,1249.0,0,0,1566.0,182,14,14,0,0,42,0,13362,1984,50.59803651100083,14,0.9183642603268714,0.4456022417152828,0.0
M5,promotion,structured_planner,101,1336.1067315630107,1208.556836380663,687.079418842204,49.32994293046532,637.7494759117386,0.0,0.0,449.0,1212.0,0,0,1527.0,182,14,14,0,0,0,0,0,0,0.049651637993520126,14,0.9045361480716914,0.514239920068692,0.0
M5,promotion,structured_planner,102,1340.754014837659,1216.1488204751577,672.995881181858,49.96990936935045,623.0259718125076,0.0,0.0,449.0,1199.0,0,0,1529.0,182,14,14,0,0,0,0,0,0,0.17615563299841597,14,0.9070633442200888,0.501953284296781,0.0
M5,promotion,structured_planner,103,1347.0412189315257,1234.8409879711378,611.1779125261357,50.176757724195966,561.0011548019397,0.0,0.0,449.0,1224.0,0,0,1490.0,182,14,14,0,0,0,0,0,0,0.05168753899852163,14,0.9167061635653694,0.4537187904397778,0.0
M5,promotion,structured_planner,104,1325.084630161471,1206.5125340422667,641.8712390917656,49.01075849574275,592.8604805960229,0.0,0.0,449.0,1208.0,0,0,1488.0,182,14,14,0,0,0,0,0,0,0.05022793300668127,14,0.9105173409906991,0.4844001843214716,0.0
M5,promotion,structured_planner,105,1350.5413492464252,1198.1201204811093,813.5980619357515,51.49191810917243,762.1061438265791,0.0,0.0,449.0,1181.0,0,0,1505.0,182,14,14,0,0,0,0,0,0,0.04875093100417871,14,0.8871406426390692,0.6024236595123302,0.0
M5,promotion,structured_planner,106,1359.172982661701,1190.2978988452683,892.1758505839919,47.8004315018281,844.3754190821637,0.0,0.0,449.0,1135.0,0,0,1526.0,182,14,14,0,0,0,0,0,0,0.050487472988606896,14,0.8757515886714282,0.656410818906084,0.0
M5,promotion,structured_planner,107,1359.0654110152705,1228.9126960284516,699.291929297663,48.52835436357009,650.763574934093,0.0,0.0,449.0,1241.0,0,0,1518.0,182,14,14,0,0,0,0,0,0,0.19711777800694108,14,0.9042336638605274,0.5145388320752472,0.0
M5,promotion,structured_planner,108,1338.0059948480719,1217.7039759810905,653.4351006768572,51.92500634194986,601.5100943349074,0.0,0.0,449.0,1253.0,0,0,1529.0,182,14,14,0,0,0,0,0,0,0.05183167600625893,14,0.9100885800734836,0.48836485276813246,0.0
M5,promotion,structured_planner,109,1371.133870541982,1238.841605479027,710.5154187858627,49.05409347108813,661.4613253147746,0.0,0.0,449.0,1250.0,0,0,1498.0,182,14,14,0,0,0,0,0,0,0.051317710989678744,14,0.9035161570250887,0.5181955125249805,0.0
M5,promotion,structured_planner,110,1355.9753167353765,1226.2926396033586,699.5493693459657,51.1359836858783,648.4133856600874,0.0,0.0,449.0,1226.0,0,0,1524.0,182,14,14,0,0,0,0,0,0,0.05109259000164457,14,0.9043620665277007,0.5159012562486677,0.0
M5,promotion,structured_planner,111,1379.9318249374815,1234.6297087341004,777.8659735328334,51.355392515929296,726.5105810169041,0.0,0.0,449.0,1227.0,0,0,1513.0,182,14,14,0,0,0,0,0,0,0.05007939497590996,14,0.8947034095615818,0.5636988432874755,0.0
M5,promotion,structured_planner,112,1349.075597900187,1227.9794519254706,656.5197656362492,51.0390357626665,605.4807298735827,0.0,0.0,449.0,1237.0,0,0,1493.0,182,14,14,0,0,0,0,0,0,0.049485395989904646,14,0.9102376870775808,0.4866441633501569,0.0
M5,promotion,structured_planner,113,1346.2150704375106,1234.3096804322468,610.6991229914565,51.17217296513813,559.5269500263183,0.0,0.0,449.0,1198.0,0,0,1505.0,182,14,14,0,0,0,0,0,0,0.046883682007319294,14,0.9168740623525368,0.45364157362536695,0.0
M5,promotion,structured_planner,114,1351.6423780764176,1213.696659756772,740.4613161514603,50.732724553233034,689.7285915982274,0.0,0.0,449.0,1217.0,0,0,1510.0,182,14,14,0,0,0,0,0,0,0.15230720099498285,14,0.8979421475997503,0.5478233948281821,0.0
M5,promotion,structured_planner,115,1344.9896721684852,1229.5985086616324,628.2284484310574,51.27263089679289,576.9558175342645,0.0,0.0,449.0,1252.0,0,0,1526.0,182,14,14,0,0,0,0,0,0,0.18011244999797782,14,0.9142066545977181,0.46708793489706435,0.0
M5,promotion,structured_planner,116,1341.1999295613589,1241.299283930608,551.5626380953026,52.059409941548665,499.503228153754,0.0,0.0,449.0,1292.0,0,0,1489.0,182,14,14,0,0,0,0,0,0,0.05133088600996416,14,0.9255139793636706,0.4112456509565221,0.0
M5,promotion,structured_planner,117,1345.655742915535,1238.1722447721208,587.6474529314294,50.22996221435827,537.417490717071,0.0,0.0,449.0,1248.0,0,0,1533.0,182,14,14,0,0,0,0,0,0,0.05093611100164708,14,0.9201255605608776,0.4366996953159923,0.0
M5,promotion,structured_planner,118,1386.6276331938461,1236.2499285504546,799.8549156591546,47.96639244219631,751.8885232169584,0.0,0.0,449.0,1231.0,0,0,1522.0,182,14,14,0,0,0,0,0,0,0.05329311199602671,14,0.8915514871883639,0.5768346861924519,0.0
M5,promotion,structured_planner,119,1350.5224358764112,1228.729584242097,659.8245647555797,50.860306584009834,608.9642581715699,0.0,0.0,449.0,1235.0,0,0,1585.0,182,14,14,0,0,0,0,0,0,0.05092140800115885,14,0.9098179723646889,0.4885698654294414,0.0
M5,promotion,structured_planner,120,1346.9340675794597,1235.4579535866008,610.7713110326492,53.390741068355226,557.380569964294,0.0,0.0,449.0,1256.0,0,0,1552.0,182,14,14,0,0,0,0,0,0,0.050534436995803844,14,0.9172371412409297,0.4534530128339916,0.0
M5,promotion,structured_planner,121,1352.739527694296,1238.1906017058463,621.6376890510749,48.89305910882626,572.7446299422487,0.0,0.0,449.0,1217.0,0,0,1538.0,182,14,14,0,0,0,0,0,0,0.05154365100315772,14,0.9153207815375257,0.45953982738320487,0.0
M5,promotion,structured_planner,122,1351.3990439151753,1210.6804583525645,752.3988746164633,48.80594680341126,703.592927813052,0.0,0.0,449.0,1173.0,0,0,1528.0,182,14,14,0,0,0,0,0,0,0.05112968399771489,14,0.8958719216235856,0.5567555179236089,0.0
M5,promotion,structured_planner,123,1362.8396919508932,1238.4365007213646,673.573677842278,51.55772169463562,622.0159561476423,0.0,0.0,449.0,1258.0,0,0,1523.0,182,14,14,0,0,0,0,0,0,0.08389682401320897,14,0.9087176635929597,0.49424277985187176,0.0
M5,promotion,structured_planner,124,1355.4724911976182,1239.2103208322724,631.734347431225,50.423495604496566,581.3108518267285,0.0,0.0,449.0,1254.0,0,0,1539.0,182,14,14,0,0,0,0,0,0,0.04759145899879513,14,0.9142275692643359,0.46606209387035263,0.0
M5,promotion,structured_planner,125,1364.900097571248,1221.2819227711047,767.9489693573234,49.8580953566081,718.0908740007154,0.0,0.0,449.0,1215.0,0,0,1508.0,182,14,14,0,0,0,0,0,0,0.1516445409724838,14,0.8947775188413405,0.5626411564654727,0.0
M5,promotion,structured_planner,126,1331.5011375939985,1184.2135160935225,787.7982054051108,51.360097902730196,736.4381075023805,0.0,0.0,449.0,1194.0,0,0,1500.0,182,14,14,0,0,0,0,0,0,0.050644944989471696,14,0.8893822788866539,0.5916616840663387,0.0
M5,promotion,structured_planner,127,1328.3054132709944,1198.5236189438115,700.7590158392002,51.85004420328467,648.9089716359156,0.0,0.0,449.0,1211.0,0,0,1484.0,182,14,14,0,0,0,0,0,0,0.04807507099758368,14,0.9022952153694901,0.5275586539345336,0.0
M5,promotion,structured_planner,128,1343.482490250937,1240.114544506056,566.3010464992321,49.46131777482877,516.8397287244034,0.0,0.0,449.0,1236.0,0,0,1543.0,182,14,14,0,0,0,0,0,0,0.052047730998310726,14,0.9230597000742646,0.42151725132901274,0.0
M5,promotion,structured_planner,129,1366.672423050328,1224.4462461930816,761.8083523982054,50.67746811197422,711.1308842862313,0.0,0.0,449.0,1205.0,0,0,1512.0,182,14,14,0,0,0,0,0,0,0.053219690002151765,14,0.8959325040452588,0.5574183978175958,0.0
M5,promotion,structured_planner,130,1366.3128916282133,1254.7729280952128,608.8320873940221,51.13226972901958,557.6998176650025,0.0,0.0,449.0,1249.0,0,0,1566.0,182,14,14,0,0,0,0,0,0,0.08855830599350156,14,0.9183642603268714,0.4456022417152828,0.0
M5,routine,conventional,101,1089.2250278446136,804.1906684930336,1451.1267700413714,25.9549732834717,1425.1717967578998,0.0,0.0,449.0,521.0,0,0,663.0,182,14,14,0,0,0,0,0,0,0.009735942010593135,14,0.7383145336683887,1.3322561756709705,0.0
M5,routine,conventional,102,1095.6287488898777,774.1503304104222,1634.0523388745692,26.660246477291523,1607.3920923972773,0.0,0.0,449.0,498.0,0,0,657.0,182,14,14,0,0,0,0,0,0,0.010002393999457126,14,0.706580884441754,1.4914288626783823,0.0
M5,routine,conventional,103,1098.7721045650474,794.3937738815662,1548.238739964681,26.347086547275172,1521.8916534174061,0.0,0.0,449.0,505.0,0,0,634.0,182,14,14,0,0,0,0,0,0,0.014475644002232002,14,0.7229832015038548,1.409062655970463,0.0
M5,routine,conventional,104,1082.486209449476,797.5012100959318,1451.2524276621025,26.327430894381813,1424.9249967677206,0.0,0.0,449.0,520.0,0,0,658.0,182,14,14,0,0,0,0,0,0,0.01041988198630861,14,0.7367310577577888,1.340665973380087,0.0
M5,routine,conventional,105,1104.1752472810722,817.306881727544,1461.2152550682003,26.873427300559428,1434.341827767641,0.0,0.0,449.0,537.0,0,0,655.0,182,14,14,0,0,0,0,0,0,0.010459325996635016,14,0.7401967067637908,1.3233544753573363,0.0
M5,routine,conventional,106,1109.112561928384,755.4903932963732,1793.5162393743644,25.405396214311278,1768.1108431600533,0.0,0.0,449.0,455.0,0,0,663.0,182,14,14,0,0,0,0,0,0,0.010519387993554119,14,0.6811665643591869,1.6170732357913487,0.0
M5,routine,conventional,107,1108.1192656123885,825.3606810999652,1439.351120988698,25.55819842658059,1413.7929225621174,0.0,0.0,449.0,542.0,0,0,664.0,182,14,14,0,0,0,0,0,0,0.010423143008665647,14,0.744830188151128,1.2989135426620873,0.0
M5,routine,conventional,108,1091.5054058552605,827.662613096518,1345.8231323635569,26.60916856984403,1319.2139637937125,0.0,0.0,449.0,557.0,0,0,677.0,182,14,14,0,0,0,0,0,0,0.010389691015006974,14,0.7582762381721732,1.2329972212176292,0.0
M5,routine,conventional,109,1118.723349317755,804.3897144965563,1597.5697973660174,25.9016232600243,1571.668174105993,0.0,0.0,449.0,515.0,0,0,633.0,182,14,14,0,0,0,0,0,0,0.010670864998246543,14,0.7190246945208637,1.4280293678864244,0.0
M5,routine,conventional,110,1105.060752040421,787.5256475263462,1614.4132351121782,26.737712541804243,1587.6755225703741,0.0,0.0,449.0,493.0,0,0,637.0,182,14,14,0,0,0,0,0,0,0.010353660989494529,14,0.7126537125422585,1.4609271319529462,0.0
M5,routine,conventional,111,1124.410694454863,837.3817658762829,1461.7118733561724,26.567230463272264,1435.1446428929,0.0,0.0,449.0,557.0,0,0,678.0,182,14,14,0,0,0,0,0,0,0.010855854001420084,14,0.744729456955461,1.2999804080170545,0.0
M5,routine,conventional,112,1101.8131051180185,795.9094060875822,1554.7124699958808,25.1939748436994,1529.5184951521815,0.0,0.0,449.0,503.0,0,0,641.0,182,14,14,0,0,0,0,0,0,0.010088147006172221,14,0.7223633503636081,1.4110491722907497,0.0
M5,routine,conventional,113,1095.9040004113976,817.5897840794923,1418.0282921698906,26.457210510364547,1391.5710816595258,0.0,0.0,449.0,510.0,0,0,675.0,182,14,14,0,0,0,0,0,0,0.009888237982522696,14,0.7460414267787805,1.293934771328117,0.0
M5,routine,conventional,114,1104.2509937797613,792.2387345892098,1586.1842532228457,26.122957270088662,1560.061295952757,0.0,0.0,449.0,501.0,0,0,646.0,182,14,14,0,0,0,0,0,0,0.010639665990311187,14,0.7174444388566417,1.4364345263511749,0.0
M5,routine,conventional,115,1097.5545446136534,818.7545359624412,1421.667590578633,27.667547322571295,1394.0000432560619,0.0,0.0,449.0,550.0,0,0,677.0,182,14,14,0,0,0,0,0,0,0.009818193000683095,14,0.745980725951664,1.2953047277291077,0.0
M5,routine,conventional,116,1096.3201258019728,808.8507952836039,1463.2272436122373,25.88059102039297,1437.3466525918443,0.0,0.0,449.0,515.0,0,0,614.0,182,14,14,0,0,0,0,0,0,0.010322330010239966,14,0.7377870534775769,1.334671515349467,0.0
M5,routine,conventional,117,1097.4076952334217,802.1772062704517,1502.2921309363107,26.139686121459757,1476.152444814851,0.0,0.0,449.0,540.0,0,0,666.0,182,14,14,0,0,0,0,0,0,0.011137832014355808,14,0.7309746503097251,1.3689462334385845,0.0
M5,routine,conventional,118,1133.8294305738991,848.3140460975238,1454.2386446565888,26.661722274713238,1427.5769223818754,0.0,0.0,449.0,558.0,0,0,698.0,182,14,14,0,0,0,0,0,0,0.010449264984345064,14,0.7481848885049148,1.2825903133600187,0.0
M5,routine,conventional,119,1101.62401191876,818.2704337077087,1443.48035226594,26.712461210682097,1416.767891055258,0.0,0.0,449.0,548.0,0,0,700.0,182,14,14,0,0,0,0,0,0,0.010436108997964766,14,0.7427855827892507,1.3103203421934764,0.0
M5,routine,conventional,120,1098.3055362409418,779.98581836906,1618.4859852190534,26.887395859642982,1591.5985893594104,0.0,0.0,449.0,489.0,0,0,639.0,182,14,14,0,0,0,0,0,0,0.010372986005677376,14,0.7101719809577195,1.4736208931063757,0.0
M5,routine,conventional,121,1103.5646081547488,801.6169021243729,1535.4188903088248,25.680360156943827,1509.7385301518807,0.0,0.0,449.0,506.0,0,0,642.0,182,14,14,0,0,0,0,0,0,0.02284240700828377,14,0.7263887371893365,1.3913266871399328,0.0
M5,routine,conventional,122,1103.6700691363221,769.9351942290479,1694.0933095134142,25.418934977042362,1668.6743745363717,0.0,0.0,449.0,477.0,0,0,624.0,182,14,14,0,0,0,0,0,0,0.010494416033907328,14,0.6976135493386726,1.53496353383863,0.0
M5,routine,conventional,123,1111.695237358923,806.5384585398276,1551.6220843227552,25.838190227279668,1525.7838940954755,0.0,0.0,449.0,514.0,0,0,644.0,182,14,14,0,0,0,0,0,0,0.010130970986210741,14,0.7255032057670208,1.3957261236532554,0.0
M5,routine,conventional,124,1105.7599494511705,793.2857099054138,1588.8284415165417,26.457243787756337,1562.3711977287855,0.0,0.0,449.0,515.0,0,0,653.0,182,14,14,0,0,0,0,0,0,0.009825997985899448,14,0.7174122288469127,1.4368656074992912,0.0
M5,routine,conventional,125,1111.3918132312867,790.8292720734571,1627.7211031261706,24.908397337022762,1602.812705789148,0.0,0.0,449.0,491.0,0,0,619.0,182,14,14,0,0,0,0,0,0,0.009561079990817234,14,0.7115665804431125,1.4645789934277957,0.0
M5,routine,conventional,126,1087.14249158953,796.1440541823681,1481.7885914928995,26.796404457090023,1454.9921870358094,0.0,0.0,449.0,517.0,0,0,669.0,182,14,14,0,0,0,0,0,0,0.00999730600597104,14,0.7323272343244647,1.3630123033148585,0.0
M5,routine,conventional,127,1083.1398427565105,777.7138334295248,1553.563865482477,26.433818847548654,1527.1300466349285,0.0,0.0,449.0,492.0,0,0,624.0,182,14,14,0,0,0,0,0,0,0.009974872991733719,14,0.7180179352005932,1.4343151310257154,0.0
M5,routine,conventional,128,1096.7576415907467,806.3766505688975,1477.99295915591,26.088004046664523,1451.9049551092457,0.0,0.0,449.0,528.0,0,0,664.0,182,14,14,0,0,0,0,0,0,0.018531606983742677,14,0.7352368654567311,1.3476021530264575,0.0
M5,routine,conventional,129,1114.8530725665973,815.7228978377339,1521.6960992873119,26.045225642995312,1495.6508736443163,0.0,0.0,449.0,543.0,0,0,673.0,182,14,14,0,0,0,0,0,0,0.010562420007772744,14,0.7316864597769726,1.3649297263755904,0.0
M5,routine,conventional,130,1113.0119108189674,814.2275897588393,1520.0080797093324,26.086474408692105,1493.9216053006403,0.0,0.0,449.0,521.0,0,0,653.0,182,14,14,0,0,0,0,0,0,0.010430688002088573,14,0.7315533480317573,1.3656709914190337,0.0
M5,routine,llm_agents,101,1089.2250278446136,996.6322906602354,511.2680159272568,48.3043300053657,462.963685921891,0.0,0.0,449.0,919.0,0,0,1169.0,182,14,14,0,0,42,0,13244,1974,50.84013606499502,14,0.9149920954647883,0.46938695205982095,0.0
M5,routine,llm_agents,102,1095.6287488898777,995.7392511434709,547.1696804094512,47.722191677417676,499.44748873203355,0.0,0.0,449.0,926.0,0,0,1165.0,182,14,14,0,0,42,0,13319,1974,51.10962554701109,14,0.9088290647287071,0.4994115761966443,0.0
M5,routine,llm_agents,103,1098.7721045650474,1031.4305388941998,385.3999456175834,48.69211726334494,336.7078283542385,0.0,0.0,449.0,931.0,0,0,1190.0,182,14,14,0,0,42,0,13352,2008,51.22102194099716,14,0.9387119809548633,0.3507551238481298,0.0
M5,routine,llm_agents,104,1082.486209449476,997.7077925259262,470.7155694353204,46.82348481757175,423.8920846177486,0.0,0.0,449.0,920.0,0,0,1149.0,182,14,14,0,0,42,0,13245,1974,49.76689009599795,14,0.9216817579905558,0.43484671243499157,0.0
M5,routine,llm_agents,105,1104.1752472810722,1005.6976773824128,541.3430824799361,48.95523298664003,492.3878494932962,0.0,0.0,449.0,951.0,0,0,1157.0,182,14,14,0,0,42,0,13320,1974,50.27446778800004,14,0.9108134599637593,0.49026917041741574,0.0
M5,routine,llm_agents,106,1109.112561928384,981.3283795511912,686.5323538414746,47.61144195551175,638.9209118859628,0.0,0.0,449.0,897.0,0,0,1116.0,182,14,14,0,0,42,0,13351,1974,51.43189825699665,14,0.8847870029034585,0.6189924967109014,0.0
M5,routine,llm_agents,107,1108.1192656123885,1016.2372307903895,506.13120143705635,46.72102732706079,459.4101741099955,0.0,0.0,449.0,954.0,0,0,1180.0,182,14,14,0,0,42,0,13245,1974,50.33834640400892,14,0.9170829010258011,0.4567479486581701,0.0
M5,routine,llm_agents,108,1091.5054058552605,1015.0845137340364,432.3462970304905,50.2418364243692,382.1044606061214,0.0,0.0,449.0,977.0,0,0,1207.0,182,14,14,0,0,42,0,13323,1977,52.68386028399982,14,0.9299857868671354,0.3961009214532667,0.0
M5,routine,llm_agents,109,1118.723349317755,1024.6618554502325,516.8808855963745,46.573416258762904,470.3074693376117,0.0,0.0,449.0,951.0,0,0,1155.0,182,14,14,0,0,42,0,13352,1974,51.77464523900562,14,0.915920684121874,0.46202744039586763,0.0
M5,routine,llm_agents,110,1105.060752040421,1006.6691985265159,540.8924790738181,48.93471150429196,491.957767569526,0.0,0.0,449.0,912.0,0,0,1135.0,182,14,14,0,0,42,0,13243,1974,51.74083688099927,14,0.9109627653210634,0.4894685455755226,0.0
M5,routine,llm_agents,111,1124.410694454863,1029.2207390298895,524.5570887558487,48.607311630982466,475.9497771248662,0.0,0.0,449.0,955.0,0,0,1177.0,182,14,14,0,0,42,0,13321,1977,49.7678236460124,14,0.9153423603186881,0.46651734223335944,0.0
M5,routine,llm_agents,112,1101.8131051180185,1029.5700185933429,409.4185052111216,48.203072587743534,361.215432623378,0.0,0.0,449.0,970.0,0,0,1172.0,182,14,14,0,0,42,0,13350,1974,50.26819063500443,14,0.9344325401566743,0.3715861640321183,0.0
M5,routine,llm_agents,113,1095.9040004113976,1009.625388144985,481.01557810767133,49.62251677560729,431.393061332064,0.0,0.0,449.0,891.0,0,0,1176.0,182,14,14,0,0,42,0,13243,1977,49.48247662201902,14,0.9212717425668452,0.4389212722347032,0.0
M5,routine,llm_agents,114,1104.2509937797613,1005.363170311755,542.7151979693245,48.276080629292785,494.4391173400318,0.0,0.0,449.0,914.0,0,0,1141.0,182,14,14,0,0,42,0,13319,1974,51.896209925980656,14,0.9104480557182735,0.49147811595953794,0.0
M5,routine,llm_agents,115,1097.5545446136534,1010.4481823086694,484.5710446650165,49.039233140096655,435.5318115249198,0.0,0.0,449.0,941.0,0,0,1170.0,182,14,14,0,0,42,0,13352,1974,49.67334713997843,14,0.9206359604336146,0.44150064982473264,0.0
M5,routine,llm_agents,116,1096.3201258019728,1022.825398844555,416.7074668483878,49.23383206129921,367.4736347870886,0.0,0.0,449.0,969.0,0,0,1158.0,182,14,14,0,0,42,0,13243,1974,49.941850389004685,14,0.9329623481064389,0.38009652202960403,0.0
M5,routine,llm_agents,117,1097.4076952334217,1023.5646060864842,417.45367086492496,48.23822513023771,369.21544573468725,0.0,0.0,449.0,961.0,0,0,1177.0,182,14,14,0,0,42,0,13321,1974,50.71541476401762,14,0.9327113437716228,0.38039980280631386,0.0
M5,routine,llm_agents,118,1133.8294305738991,1037.8869086513555,525.3198613302691,45.6072517175526,479.7126096127164,0.0,0.0,449.0,949.0,0,0,1236.0,182,14,14,0,0,42,0,13349,1974,50.28949107900553,14,0.9153818737321174,0.46331471662750295,0.0
M5,routine,llm_agents,119,1101.62401191876,1022.670105927484,442.51316037388096,47.74363041749983,394.7695299563812,0.0,0.0,449.0,951.0,0,0,1221.0,182,14,14,0,0,42,0,13247,1974,50.34894997599622,14,0.928329534272081,0.40169164396038454,0.0
M5,routine,llm_agents,120,1098.3055362409418,1006.3535186068834,510.21201807243347,50.45192990214089,459.76008817029253,0.0,0.0,449.0,940.0,0,0,1156.0,182,14,14,0,0,42,0,13322,1974,49.369625653002004,14,0.9162782899658567,0.4645447020313528,0.0
M5,routine,llm_agents,121,1103.5646081547488,1019.4215826644989,468.77182782056246,48.05670036931258,420.7151274512498,0.0,0.0,449.0,957.0,0,0,1168.0,182,14,14,0,0,42,0,13351,1977,51.73489165900537,14,0.9237534215319355,0.4247796860796285,0.0
M5,routine,llm_agents,122,1103.6700691363221,995.5509194280392,586.9293349093354,46.333586367920454,540.5957485414149,0.0,0.0,449.0,898.0,0,0,1199.0,182,14,14,0,0,42,0,13246,1974,49.12828348100447,14,0.9020367112130786,0.5317978183177853,0.0
M5,routine,llm_agents,123,1111.695237358923,1021.7502709368727,497.81819305821546,48.09336094796491,449.7248321102505,0.0,0.0,449.0,952.0,0,0,1161.0,182,14,14,0,0,42,0,13322,2008,52.18030321200058,14,0.9190920646239932,0.44780095868800546,0.0
M5,routine,llm_agents,124,1105.7599494511705,1018.6911367856471,484.05660722959783,48.712543901979885,435.34406332761796,0.0,0.0,449.0,974.0,0,0,1206.0,182,14,14,0,0,42,0,13349,1974,51.78439479400549,14,0.9212588476289643,0.4377592148005116,0.0
M5,routine,llm_agents,125,1111.3918132312867,1006.5771232987142,572.4420393288767,48.368589666014536,524.0734496628621,0.0,0.0,449.0,940.0,0,0,1170.0,182,14,14,0,0,42,0,13246,1974,51.48130457998923,14,0.9056906046231961,0.5150677128568594,0.0
M5,routine,llm_agents,126,1087.14249158953,984.3925279668879,563.4933771768509,49.74355906363972,513.7498181132113,0.0,0.0,449.0,935.0,0,0,1147.0,182,14,14,0,0,42,0,13320,1974,50.01272086697281,14,0.905486204046344,0.5183252255672184,0.0
M5,routine,llm_agents,127,1083.1398427565105,999.3328457978414,468.25831165266004,49.22332685931433,419.03498479334576,0.0,0.0,449.0,919.0,0,0,1159.0,182,14,14,0,0,42,0,13352,1980,51.792918158993416,14,0.9226258755791067,0.4323156559922839,0.0
M5,routine,llm_agents,128,1096.7576415907467,1024.100227307064,411.22823838383374,47.941166965419995,363.2870714184137,0.0,0.0,449.0,967.0,0,0,1161.0,182,14,14,0,0,42,0,13247,1974,50.494348612002796,14,0.9337525342624466,0.3749490523607246,0.0
M5,routine,llm_agents,129,1114.8530725665973,1016.8873371976764,537.8508492082567,48.022172363652416,489.82867684460433,0.0,0.0,449.0,937.0,0,0,1151.0,182,14,14,0,0,42,0,13319,1974,49.78251047000958,14,0.9121267745682525,0.48244101616908575,0.0
M5,routine,llm_agents,130,1113.0119108189674,1048.2136655649476,372.4054456415256,48.41421937142747,323.99122627009814,0.0,0.0,449.0,948.0,0,0,1205.0,182,14,14,0,0,42,0,13349,1974,49.48561368899391,14,0.9417811753637565,0.3345925070716496,0.0
M5,routine,structured_planner,101,1089.2250278446136,996.6322906602354,511.2680159272568,48.3043300053657,462.963685921891,0.0,0.0,449.0,919.0,0,0,1169.0,182,14,14,0,0,0,0,0,0,0.050666533010371495,14,0.9149920954647883,0.46938695205982095,0.0
M5,routine,structured_planner,102,1095.6287488898777,995.7392511434709,547.1696804094512,47.722191677417676,499.44748873203355,0.0,0.0,449.0,926.0,0,0,1165.0,182,14,14,0,0,0,0,0,0,0.04533211100351764,14,0.9088290647287071,0.4994115761966443,0.0
M5,routine,structured_planner,103,1098.7721045650474,1031.4305388941998,385.3999456175834,48.69211726334494,336.7078283542385,0.0,0.0,449.0,931.0,0,0,1190.0,182,14,14,0,0,0,0,0,0,0.047218795007211156,14,0.9387119809548633,0.3507551238481298,0.0
M5,routine,structured_planner,104,1082.486209449476,997.7077925259262,470.7155694353204,46.82348481757175,423.8920846177486,0.0,0.0,449.0,920.0,0,0,1149.0,182,14,14,0,0,0,0,0,0,0.046143880994350184,14,0.9216817579905558,0.43484671243499157,0.0
M5,routine,structured_planner,105,1104.1752472810722,1005.6976773824128,541.3430824799361,48.95523298664003,492.3878494932962,0.0,0.0,449.0,951.0,0,0,1157.0,182,14,14,0,0,0,0,0,0,0.045301547997951275,14,0.9108134599637593,0.49026917041741574,0.0
M5,routine,structured_planner,106,1109.112561928384,981.3283795511912,686.5323538414746,47.61144195551175,638.9209118859628,0.0,0.0,449.0,897.0,0,0,1116.0,182,14,14,0,0,0,0,0,0,0.04498159600188956,14,0.8847870029034585,0.6189924967109014,0.0
M5,routine,structured_planner,107,1108.1192656123885,1016.2372307903895,506.13120143705635,46.72102732706079,459.4101741099955,0.0,0.0,449.0,954.0,0,0,1180.0,182,14,14,0,0,0,0,0,0,0.04608126998937223,14,0.9170829010258011,0.4567479486581701,0.0
M5,routine,structured_planner,108,1091.5054058552605,1015.0845137340364,432.3462970304905,50.2418364243692,382.1044606061214,0.0,0.0,449.0,977.0,0,0,1207.0,182,14,14,0,0,0,0,0,0,0.04954812501819106,14,0.9299857868671354,0.3961009214532667,0.0
M5,routine,structured_planner,109,1118.723349317755,1024.6618554502325,516.8808855963745,46.573416258762904,470.3074693376117,0.0,0.0,449.0,951.0,0,0,1155.0,182,14,14,0,0,0,0,0,0,0.045458654007234145,14,0.915920684121874,0.46202744039586763,0.0
M5,routine,structured_planner,110,1105.060752040421,1006.6691985265159,540.8924790738181,48.93471150429196,491.957767569526,0.0,0.0,449.0,912.0,0,0,1135.0,182,14,14,0,0,0,0,0,0,0.045584335981402546,14,0.9109627653210634,0.4894685455755226,0.0
M5,routine,structured_planner,111,1124.410694454863,1029.2207390298895,524.5570887558487,48.607311630982466,475.9497771248662,0.0,0.0,449.0,955.0,0,0,1177.0,182,14,14,0,0,0,0,0,0,0.046782617006101646,14,0.9153423603186881,0.46651734223335944,0.0
M5,routine,structured_planner,112,1101.8131051180185,1029.5700185933429,409.4185052111216,48.203072587743534,361.215432623378,0.0,0.0,449.0,970.0,0,0,1172.0,182,14,14,0,0,0,0,0,0,0.044719171986798756,14,0.9344325401566743,0.3715861640321183,0.0
M5,routine,structured_planner,113,1095.9040004113976,1009.625388144985,481.01557810767133,49.62251677560729,431.393061332064,0.0,0.0,449.0,891.0,0,0,1176.0,182,14,14,0,0,0,0,0,0,0.04120591199898627,14,0.9212717425668452,0.4389212722347032,0.0
M5,routine,structured_planner,114,1104.2509937797613,1005.363170311755,542.7151979693245,48.276080629292785,494.4391173400318,0.0,0.0,449.0,914.0,0,0,1141.0,182,14,14,0,0,0,0,0,0,0.04572757500136504,14,0.9104480557182735,0.49147811595953794,0.0
M5,routine,structured_planner,115,1097.5545446136534,1010.4481823086694,484.5710446650165,49.039233140096655,435.5318115249198,0.0,0.0,449.0,941.0,0,0,1170.0,182,14,14,0,0,0,0,0,0,0.05721051198634086,14,0.9206359604336146,0.44150064982473264,0.0
M5,routine,structured_planner,116,1096.3201258019728,1022.825398844555,416.7074668483878,49.23383206129921,367.4736347870886,0.0,0.0,449.0,969.0,0,0,1158.0,182,14,14,0,0,0,0,0,0,0.04571138899336802,14,0.9329623481064389,0.38009652202960403,0.0
M5,routine,structured_planner,117,1097.4076952334217,1023.5646060864842,417.45367086492496,48.23822513023771,369.21544573468725,0.0,0.0,449.0,961.0,0,0,1177.0,182,14,14,0,0,0,0,0,0,0.045706502001849,14,0.9327113437716228,0.38039980280631386,0.0
M5,routine,structured_planner,118,1133.8294305738991,1037.8869086513555,525.3198613302691,45.6072517175526,479.7126096127164,0.0,0.0,449.0,949.0,0,0,1236.0,182,14,14,0,0,0,0,0,0,0.049693639026372693,14,0.9153818737321174,0.46331471662750295,0.0
M5,routine,structured_planner,119,1101.62401191876,1022.670105927484,442.51316037388096,47.74363041749983,394.7695299563812,0.0,0.0,449.0,951.0,0,0,1221.0,182,14,14,0,0,0,0,0,0,0.04788596399157541,14,0.928329534272081,0.40169164396038454,0.0
M5,routine,structured_planner,120,1098.3055362409418,1006.3535186068834,510.21201807243347,50.45192990214089,459.76008817029253,0.0,0.0,449.0,940.0,0,0,1156.0,182,14,14,0,0,0,0,0,0,0.04673035898304079,14,0.9162782899658567,0.4645447020313528,0.0
M5,routine,structured_planner,121,1103.5646081547488,1019.4215826644989,468.77182782056246,48.05670036931258,420.7151274512498,0.0,0.0,449.0,957.0,0,0,1168.0,182,14,14,0,0,0,0,0,0,0.04921010498946998,14,0.9237534215319355,0.4247796860796285,0.0
M5,routine,structured_planner,122,1103.6700691363221,995.5509194280392,586.9293349093354,46.333586367920454,540.5957485414149,0.0,0.0,449.0,898.0,0,0,1199.0,182,14,14,0,0,0,0,0,0,0.045588930006488226,14,0.9020367112130786,0.5317978183177853,0.0
M5,routine,structured_planner,123,1111.695237358923,1021.7502709368727,497.81819305821546,48.09336094796491,449.7248321102505,0.0,0.0,449.0,952.0,0,0,1161.0,182,14,14,0,0,0,0,0,0,0.04453650100185769,14,0.9190920646239932,0.44780095868800546,0.0
M5,routine,structured_planner,124,1105.7599494511705,1018.6911367856471,484.05660722959783,48.712543901979885,435.34406332761796,0.0,0.0,449.0,974.0,0,0,1206.0,182,14,14,0,0,0,0,0,0,0.04389516199444188,14,0.9212588476289643,0.4377592148005116,0.0
M5,routine,structured_planner,125,1111.3918132312867,1006.5771232987142,572.4420393288767,48.368589666014536,524.0734496628621,0.0,0.0,449.0,940.0,0,0,1170.0,182,14,14,0,0,0,0,0,0,0.0448756969999522,14,0.9056906046231961,0.5150677128568594,0.0
M5,routine,structured_planner,126,1087.14249158953,984.3925279668879,563.4933771768509,49.74355906363972,513.7498181132113,0.0,0.0,449.0,935.0,0,0,1147.0,182,14,14,0,0,0,0,0,0,0.051247008035716135,14,0.905486204046344,0.5183252255672184,0.0
M5,routine,structured_planner,127,1083.1398427565105,999.3328457978414,468.25831165266004,49.22332685931433,419.03498479334576,0.0,0.0,449.0,919.0,0,0,1159.0,182,14,14,0,0,0,0,0,0,0.046205339989683125,14,0.9226258755791067,0.4323156559922839,0.0
M5,routine,structured_planner,128,1096.7576415907467,1024.100227307064,411.22823838383374,47.941166965419995,363.2870714184137,0.0,0.0,449.0,967.0,0,0,1161.0,182,14,14,0,0,0,0,0,0,0.06759268299356336,14,0.9337525342624466,0.3749490523607246,0.0
M5,routine,structured_planner,129,1114.8530725665973,1016.8873371976764,537.8508492082567,48.022172363652416,489.82867684460433,0.0,0.0,449.0,937.0,0,0,1151.0,182,14,14,0,0,0,0,0,0,0.04653304599196417,14,0.9121267745682525,0.48244101616908575,0.0
M5,routine,structured_planner,130,1113.0119108189674,1048.2136655649476,372.4054456415256,48.41421937142747,323.99122627009814,0.0,0.0,449.0,948.0,0,0,1205.0,182,14,14,0,0,0,0,0,0,0.04734862398618134,14,0.9417811753637565,0.3345925070716496,0.0
M5,supplier_disruption,conventional,101,1089.2250278446136,602.3856006983207,2452.944827071483,18.74769134001889,2434.197135731464,0.0,0.0,449.0,192.0,0,0,224.0,182,14,14,0,0,0,0,0,0,0.00828355600242503,14,0.5530405428622374,2.252009239932205,0.0
M5,supplier_disruption,conventional,102,1095.6287488898777,624.4629551752392,2375.129735498693,19.300766925501463,2355.8289685731916,0.0,0.0,449.0,214.0,0,0,238.0,182,14,14,0,0,0,0,0,0,0.008513395994668826,14,0.5699585336802845,2.1678234875684326,0.0
M5,supplier_disruption,conventional,103,1098.7721045650474,626.148082232342,2381.912975573584,18.79286391005589,2363.1201116635284,0.0,0.0,449.0,207.0,0,0,229.0,182,14,14,0,0,0,0,0,0,0.008196008002414601,14,0.5698616479531075,2.1677952740859507,0.0
M5,supplier_disruption,conventional,104,1082.486209449476,613.7869512701825,2362.6346333889906,19.138342492523094,2343.4962908964676,0.0,0.0,449.0,210.0,0,0,254.0,182,14,14,0,0,0,0,0,0,0.008851850994687993,14,0.56701595448716,2.182600214916885,0.0
M5,supplier_disruption,conventional,105,1104.1752472810722,597.3327315403524,2552.166065272674,17.953486569075487,2534.212578703599,0.0,0.0,449.0,185.0,0,0,209.0,182,14,14,0,0,0,0,0,0,0.009114274020248558,14,0.5409763830616816,2.3113777197570253,0.0
M5,supplier_disruption,conventional,106,1109.112561928384,604.9165485411049,2539.9756229817895,18.99555604539541,2520.980066936394,0.0,0.0,449.0,188.0,0,0,240.0,182,14,14,0,0,0,0,0,0,0.008900631990400143,14,0.5454059121730196,2.29009724546407,0.0
M5,supplier_disruption,conventional,107,1108.1192656123885,624.1812171910443,2437.877437673775,18.187195567053656,2419.6902421067216,0.0,0.0,449.0,206.0,0,0,238.0,182,14,14,0,0,0,0,0,0,0.0092244720144663,14,0.5632798170385551,2.2000135845725164,0.0
M5,supplier_disruption,conventional,108,1091.5054058552605,601.6212881925918,2467.8084081535385,18.387819840194833,2449.4205883133436,0.0,0.0,449.0,175.0,0,0,231.0,182,14,14,0,0,0,0,0,0,0.008056020000367425,14,0.5511848910369667,2.26092183778042,0.0
M5,supplier_disruption,conventional,109,1118.723349317755,609.1075931355442,2566.438039132703,18.3592582216499,2548.0787809110534,0.0,0.0,449.0,197.0,0,0,237.0,182,14,14,0,0,0,0,0,0,0.008854409003106412,14,0.5444666847322029,2.294077477419083,0.0
M5,supplier_disruption,conventional,110,1105.060752040421,600.3091475185975,2542.8851541468903,19.127131537772108,2523.7580226091177,0.0,0.0,449.0,184.0,0,0,232.0,182,14,14,0,0,0,0,0,0,0.008974549011327326,14,0.5432363301385618,2.301127018991148,0.0
M5,supplier_disruption,conventional,111,1124.410694454863,615.112845922545,2565.3586961436085,18.869453482019427,2546.4892426615897,0.0,0.0,449.0,210.0,0,0,234.0,182,14,14,0,0,0,0,0,0,0.0089932210103143,14,0.547053535648524,2.2815139599746925,0.0
M5,supplier_disruption,conventional,112,1101.8131051180185,618.3341690996169,2435.789332693941,18.39465260193399,2417.3946800920066,0.0,0.0,449.0,208.0,0,0,232.0,182,14,14,0,0,0,0,0,0,0.009304308994614985,14,0.5611969636478278,2.210710075401614,0.0
M5,supplier_disruption,conventional,113,1095.9040004113976,631.0360211908385,2344.6946062827947,20.35471017999938,2324.3398961027956,0.0,0.0,449.0,226.0,0,0,248.0,182,14,14,0,0,0,0,0,0,0.008205693986383267,14,0.5758132290364396,2.1395072975393887,0.0
M5,supplier_disruption,conventional,114,1104.2509937797613,614.3063109077835,2468.1663413773585,18.4429270174697,2449.723414359889,0.0,0.0,449.0,206.0,0,0,230.0,182,14,14,0,0,0,0,0,0,0.008724783998331986,14,0.5563103989656039,2.235149757872552,0.0
M5,supplier_disruption,conventional,115,1097.5545446136534,615.3746900757305,2429.5481433788764,18.648870689262022,2410.8992726896145,0.0,0.0,449.0,204.0,0,0,228.0,182,14,14,0,0,0,0,0,0,0.010646684997482225,14,0.5606780028343343,2.213601278680955,0.0
M5,supplier_disruption,conventional,116,1096.3201258019728,618.3557830060639,2408.2413103885838,18.41959640903905,2389.8217139795447,0.0,0.0,449.0,208.0,0,0,222.0,182,14,14,0,0,0,0,0,0,0.00828992499737069,14,0.564028488078451,2.196658853295175,0.0
M5,supplier_disruption,conventional,117,1097.4076952334217,618.7438196750188,2411.7550079829703,18.435630190955408,2393.319377792015,0.0,0.0,449.0,209.0,0,0,217.0,182,14,14,0,0,0,0,0,0,0.008650278010463808,14,0.5638231100096398,2.1976837035665064,0.0
M5,supplier_disruption,conventional,118,1133.8294305738991,636.2113781045567,2506.5190945964664,18.428832249755104,2488.090262346711,0.0,0.0,449.0,216.0,0,0,238.0,182,14,14,0,0,0,0,0,0,0.009287516004405916,14,0.5611173611735691,2.2106668137267937,0.0
M5,supplier_disruption,conventional,119,1101.62401191876,620.6246941014847,2423.7658769027585,18.76928781638076,2404.9965890863773,0.0,0.0,449.0,214.0,0,0,230.0,182,14,14,0,0,0,0,0,0,0.00920077798946295,14,0.5633725185605822,2.2001752418968703,0.0
M5,supplier_disruption,conventional,120,1098.3055362409418,616.5924111185935,2427.867834726739,19.302209114996607,2408.5656256117427,0.0,0.0,449.0,202.0,0,0,218.0,182,14,14,0,0,0,0,0,0,0.008645023001008667,14,0.5614033534137881,2.210557767956223,0.0
M5,supplier_disruption,conventional,121,1103.5646081547488,621.9003983188696,2427.244999985004,18.92395080560716,2408.321049179397,0.0,0.0,449.0,220.0,0,0,244.0,182,14,14,0,0,0,0,0,0,0.00882695299515035,14,0.5635378243587735,2.1994589007738825,0.0
M5,supplier_disruption,conventional,122,1103.6700691363221,603.8154082038791,2517.607947213928,18.33464255171381,2499.2733046622147,0.0,0.0,449.0,188.0,0,0,220.0,182,14,14,0,0,0,0,0,0,0.008699335012352094,14,0.5470977469529416,2.2811236959466377,0.0
M5,supplier_disruption,conventional,123,1111.695237358923,620.2560367188071,2475.634809032291,18.438805831713793,2457.1960032005773,0.0,0.0,449.0,202.0,0,0,240.0,182,14,14,0,0,0,0,0,0,0.008476262002659496,14,0.5579371179032502,2.226900616138023,0.0
M5,supplier_disruption,conventional,124,1105.7599494511705,615.1877141942196,2472.031755669503,19.170579384746805,2452.8611762847568,0.0,0.0,449.0,203.0,0,0,239.0,182,14,14,0,0,0,0,0,0,0.008629393996670842,14,0.5563483416989012,2.2355953088158635,0.0
M5,supplier_disruption,conventional,125,1111.3918132312867,603.9174919955457,2555.7262580816787,18.354651902973526,2537.3716061787054,0.0,0.0,449.0,183.0,0,0,231.0,182,14,14,0,0,0,0,0,0,0.00844717699510511,14,0.5433884655310729,2.2995726868376867,0.0
M5,supplier_disruption,conventional,126,1087.14249158953,627.7060434782143,2316.6544077036187,19.47216714703933,2297.1822405565795,0.0,0.0,449.0,221.0,0,0,245.0,182,14,14,0,0,0,0,0,0,0.00813189197651809,14,0.5773907729063504,2.1309574647536755,0.0
M5,supplier_disruption,conventional,127,1083.1398427565105,604.5141390577502,2412.5583683752234,19.429849881421273,2393.1285184938015,0.0,0.0,449.0,187.0,0,0,227.0,182,14,14,0,0,0,0,0,0,0.008159605989931151,14,0.5581127341039422,2.2273747794517846,0.0
M5,supplier_disruption,conventional,128,1096.7576415907467,617.2693930556245,2415.941280254286,18.50003757867497,2397.441242675611,0.0,0.0,449.0,201.0,0,0,225.0,182,14,14,0,0,0,0,0,0,0.009025828017911408,14,0.5628129402958448,2.202803234404808,0.0
M5,supplier_disruption,conventional,129,1114.8530725665973,599.8780498047971,2593.7581208272377,18.883007018237134,2574.875113809001,0.0,0.0,449.0,183.0,0,0,239.0,182,14,14,0,0,0,0,0,0,0.00874385901261121,14,0.5380781239843266,2.326547044316726,0.0
M5,supplier_disruption,conventional,130,1113.0119108189674,621.9213131219203,2475.025922474625,19.572933989390314,2455.4529884852354,0.0,0.0,449.0,214.0,0,0,238.0,182,14,14,0,0,0,0,0,0,0.008421143997111358,14,0.5587732773356425,2.2237191699534207,0.0
M5,supplier_disruption,llm_agents,101,1089.2250278446136,948.6539442818349,748.5469562340465,45.691538420153584,702.8554178138929,0.0,0.0,449.0,879.0,0,0,1329.0,182,14,14,0,0,42,0,13316,1994,50.257154355997045,14,0.8709439464121163,0.6872289353424889,0.0
M5,supplier_disruption,llm_agents,102,1095.6287488898777,979.6020461331492,624.0768390082729,43.943325224630286,580.1335137836427,0.0,0.0,449.0,866.0,0,0,1297.0,182,14,14,0,0,42,0,13390,1997,51.32337025599918,14,0.8941003484307162,0.5696061185329477,0.0
M5,supplier_disruption,llm_agents,103,1098.7721045650474,976.4890801719849,657.905892898167,46.49077093285449,611.4151219653126,0.0,0.0,449.0,891.0,0,0,1341.0,182,14,14,0,0,42,0,13423,2028,51.712957689993345,14,0.8887093839705108,0.5987646484332629,0.0
M5,supplier_disruption,llm_agents,104,1082.486209449476,959.9571536223212,657.3148711151481,44.6695919793748,612.6452791357732,0.0,0.0,449.0,887.0,0,0,1314.0,182,14,14,0,0,42,0,13318,1994,50.87309149000066,14,0.8868077442857495,0.6072270162678942,0.0
M5,supplier_disruption,llm_agents,105,1104.1752472810722,952.884575811071,805.4308944323818,48.97753708237634,756.4533573500055,0.0,0.0,449.0,988.0,0,0,1344.0,182,14,14,0,0,42,0,13392,1994,50.02614003000781,14,0.8629830981607854,0.7294411792110715,0.0
M5,supplier_disruption,llm_agents,106,1109.112561928384,974.8016892714891,717.3025784825654,45.74821519809133,671.5543632844741,0.0,0.0,449.0,924.0,0,0,1305.0,182,14,14,0,0,42,0,13424,1994,52.1696320580013,14,0.8789023970449201,0.6467356002490955,0.0
M5,supplier_disruption,llm_agents,107,1108.1192656123885,962.3785031288488,770.443611315485,41.73979889778644,728.7038124176986,0.0,0.0,449.0,835.0,0,0,1329.0,182,14,14,0,0,42,0,13318,1994,50.45751541001664,14,0.8684791727693698,0.6952713802784656,0.0
M5,supplier_disruption,llm_agents,108,1091.5054058552605,973.6504470990764,636.1047207347056,46.82992695378486,589.2747937809206,0.0,0.0,449.0,915.0,0,0,1318.0,182,14,14,0,0,42,0,13395,1994,52.67228581199015,14,0.8920253091519619,0.5827774350199201,0.0
M5,supplier_disruption,llm_agents,109,1118.723349317755,990.7927301872722,682.1542774935867,42.50118184117353,639.6530956524132,0.0,0.0,449.0,890.0,0,0,1293.0,182,14,14,0,0,42,0,13421,1994,52.36762233599438,14,0.885645884473136,0.6097613658547427,0.0
M5,supplier_disruption,llm_agents,110,1105.060752040421,972.9064824722241,708.4813588506017,47.71001100961707,660.7713478409847,0.0,0.0,449.0,928.0,0,0,1272.0,182,14,14,0,0,42,0,13316,1994,51.70425877499656,14,0.880409950924252,0.6411243522516189,0.0
M5,supplier_disruption,llm_agents,111,1124.410694454863,991.0914993660356,713.176082170975,46.58010672683922,666.5959754441358,0.0,0.0,449.0,928.0,0,0,1316.0,182,14,14,0,0,42,0,13392,1997,51.47206188898417,14,0.8814319396406459,0.6342665412985395,0.0
M5,supplier_disruption,llm_agents,112,1101.8131051180185,981.4243327469004,646.5759481026575,44.6320862470673,601.9438618555901,0.0,0.0,449.0,913.0,0,0,1308.0,182,14,14,0,0,42,0,13421,1994,53.53765394700895,14,0.8907357592572627,0.5868290593924284,0.0
M5,supplier_disruption,llm_agents,113,1095.9040004113976,979.4996175495168,632.4471392898678,50.425224980462815,582.0219143094049,0.0,0.0,449.0,954.0,0,0,1356.0,182,14,14,0,0,42,0,13314,1994,53.324441235999984,14,0.8937823177776674,0.5771008583347171,0.0
M5,supplier_disruption,llm_agents,114,1104.2509937797613,990.1281963323993,617.7667459455253,47.152758708715155,570.6139872368101,0.0,0.0,449.0,965.0,0,0,1370.0,182,14,14,0,0,42,0,13390,1994,54.570968153006106,14,0.8966513971097015,0.5594441385386124,0.0
M5,supplier_disruption,llm_agents,115,1097.5545446136534,963.092403386762,718.6707103511983,46.36000421674161,672.3107061344567,0.0,0.0,449.0,948.0,0,0,1360.0,182,14,14,0,0,42,0,13423,1994,53.1012448120091,14,0.8774893312712554,0.6547927060920469,0.0
M5,supplier_disruption,llm_agents,116,1096.3201258019728,997.1979852338554,542.7964017513632,47.18569891077651,495.61070284058667,0.0,0.0,449.0,956.0,0,0,1360.0,182,14,14,0,0,42,0,13317,1994,50.2732257020034,14,0.9095864992028599,0.4951075775921749,0.0
M5,supplier_disruption,llm_agents,117,1097.4076952334217,943.1858575667036,815.2649341737806,44.155745840189965,771.1091883335906,0.0,0.0,449.0,840.0,0,0,1323.0,182,14,14,0,0,42,0,13392,1994,50.78087444400444,14,0.8594671439460658,0.7429006901581563,0.0
M5,supplier_disruption,llm_agents,118,1133.8294305738991,1002.1211869353579,700.3292855423324,41.7880673496271,658.5412181927052,0.0,0.0,449.0,917.0,0,0,1377.0,182,14,14,0,0,42,0,13422,1994,50.92369438401511,14,0.8838376919076127,0.6176672316468745,0.0
M5,supplier_disruption,llm_agents,119,1101.62401191876,1005.0746868838984,528.2999829505351,45.55335777622638,482.74662517430875,0.0,0.0,449.0,933.0,0,0,1395.0,182,14,14,0,0,42,0,13315,1994,50.88540845699754,14,0.9123572798066589,0.47956469470047725,0.0
M5,supplier_disruption,llm_agents,120,1098.3055362409418,982.4463040089731,629.3078938513039,50.01173269145956,579.2961611598444,0.0,0.0,449.0,962.0,0,0,1365.0,182,14,14,0,0,42,0,13393,1994,49.858363015024224,14,0.8945109275980633,0.5729807171920227,0.0
M5,supplier_disruption,llm_agents,121,1103.5646081547488,982.4784950017109,651.954554357074,46.52398859188369,605.4305657651903,0.0,0.0,449.0,936.0,0,0,1327.0,182,14,14,0,0,42,0,13424,1994,49.09031865397992,14,0.890277277598179,0.5907715321237021,0.0
M5,supplier_disruption,llm_agents,122,1103.6700691363221,990.2225610049802,613.4839332043435,46.24639254763424,567.2375406567093,0.0,0.0,449.0,958.0,0,0,1342.0,182,14,14,0,0,42,0,13318,1994,48.94345677399542,14,0.8972088567916675,0.5558580869049261,0.0
M5,supplier_disruption,llm_agents,123,1111.695237358923,994.8268795025062,632.3509333145441,48.00914403246126,584.341789282083,0.0,0.0,449.0,934.0,0,0,1371.0,182,14,14,0,0,42,0,13392,1994,53.34186991997558,14,0.8948737442340194,0.5688168052395666,0.0
M5,supplier_disruption,llm_agents,124,1105.7599494511705,993.7881568460531,607.0207336394587,47.161770613870594,559.8589630255883,0.0,0.0,449.0,970.0,0,0,1338.0,182,14,14,0,0,42,0,13423,1994,51.06551535897597,14,0.8987377028253798,0.5489624885950568,0.0
M5,supplier_disruption,llm_agents,125,1111.3918132312867,959.3293970854456,805.8357651186161,45.523684389410306,760.3120807292057,0.0,0.0,449.0,880.0,0,0,1338.0,182,14,14,0,0,42,0,13319,1994,52.19746160601062,14,0.8631783909729088,0.7250690130384443,0.0
M5,supplier_disruption,llm_agents,126,1087.14249158953,948.1978219303595,742.9494858996097,48.226137603756804,694.7233482958529,0.0,0.0,449.0,937.0,0,0,1293.0,182,14,14,0,0,42,0,13392,1994,51.82548075902014,14,0.8721927707415639,0.6833966031567126,0.0
M5,supplier_disruption,llm_agents,127,1083.1398427565105,937.785779970513,772.5132466481913,45.742932718203214,726.7703139299881,0.0,0.0,449.0,871.0,0,0,1319.0,182,14,14,0,0,42,0,13423,1997,52.74382146598509,14,0.8658030504943091,0.7132165359942835,0.0
M5,supplier_disruption,llm_agents,128,1096.7576415907467,974.8321054930561,653.9187989347038,44.291118446250344,609.6276804884534,0.0,0.0,449.0,924.0,0,0,1340.0,182,14,14,0,0,42,0,13318,1994,53.3092635779758,14,0.8888309217332202,0.5962290793673015,0.0
M5,supplier_disruption,llm_agents,129,1114.8530725665973,986.6898387545975,686.8286369243889,46.012467864390786,640.8161690599982,0.0,0.0,449.0,905.0,0,0,1360.0,182,14,14,0,0,42,0,13391,1994,52.75052219400823,14,0.885040247037267,0.6160709907209411,0.0
M5,supplier_disruption,llm_agents,130,1113.0119108189674,988.9331395705291,668.568751837204,48.17489559501331,620.3938562421906,0.0,0.0,449.0,971.0,0,0,1395.0,182,14,14,0,0,42,0,13424,1994,50.241531530999055,14,0.8885198172253703,0.6006842742098448,0.0
M5,supplier_disruption,structured_planner,101,1089.2250278446136,948.6539442818349,748.5469562340465,45.691538420153584,702.8554178138929,0.0,0.0,449.0,879.0,0,0,1329.0,182,14,14,0,0,0,0,0,0,0.04329694399712025,14,0.8709439464121163,0.6872289353424889,0.0
M5,supplier_disruption,structured_planner,102,1095.6287488898777,979.6020461331492,624.0768390082729,43.943325224630286,580.1335137836427,0.0,0.0,449.0,866.0,0,0,1297.0,182,14,14,0,0,0,0,0,0,0.047413105003215605,14,0.8941003484307162,0.5696061185329477,0.0
M5,supplier_disruption,structured_planner,103,1098.7721045650474,976.4890801719849,657.905892898167,46.49077093285449,611.4151219653126,0.0,0.0,449.0,891.0,0,0,1341.0,182,14,14,0,0,0,0,0,0,0.18436700699385256,14,0.8887093839705108,0.5987646484332629,0.0
M5,supplier_disruption,structured_planner,104,1082.486209449476,959.9571536223212,657.3148711151481,44.6695919793748,612.6452791357732,0.0,0.0,449.0,887.0,0,0,1314.0,182,14,14,0,0,0,0,0,0,0.04642137701011961,14,0.8868077442857495,0.6072270162678942,0.0
M5,supplier_disruption,structured_planner,105,1104.1752472810722,952.884575811071,805.4308944323818,48.97753708237634,756.4533573500055,0.0,0.0,449.0,988.0,0,0,1344.0,182,14,14,0,0,0,0,0,0,0.04652255499968305,14,0.8629830981607854,0.7294411792110715,0.0
M5,supplier_disruption,structured_planner,106,1109.112561928384,974.8016892714891,717.3025784825654,45.74821519809133,671.5543632844741,0.0,0.0,449.0,924.0,0,0,1305.0,182,14,14,0,0,0,0,0,0,0.04860613800701685,14,0.8789023970449201,0.6467356002490955,0.0
M5,supplier_disruption,structured_planner,107,1108.1192656123885,962.3785031288488,770.443611315485,41.73979889778644,728.7038124176986,0.0,0.0,449.0,835.0,0,0,1329.0,182,14,14,0,0,0,0,0,0,0.04915497501497157,14,0.8684791727693698,0.6952713802784656,0.0
M5,supplier_disruption,structured_planner,108,1091.5054058552605,973.6504470990764,636.1047207347056,46.82992695378486,589.2747937809206,0.0,0.0,449.0,915.0,0,0,1318.0,182,14,14,0,0,0,0,0,0,0.04369653000321705,14,0.8920253091519619,0.5827774350199201,0.0
M5,supplier_disruption,structured_planner,109,1118.723349317755,990.7927301872722,682.1542774935867,42.50118184117353,639.6530956524132,0.0,0.0,449.0,890.0,0,0,1293.0,182,14,14,0,0,0,0,0,0,0.04759111600287724,14,0.885645884473136,0.6097613658547427,0.0
M5,supplier_disruption,structured_planner,110,1105.060752040421,972.9064824722241,708.4813588506017,47.71001100961707,660.7713478409847,0.0,0.0,449.0,928.0,0,0,1272.0,182,14,14,0,0,0,0,0,0,0.04520432398567209,14,0.880409950924252,0.6411243522516189,0.0
M5,supplier_disruption,structured_planner,111,1124.410694454863,991.0914993660356,713.176082170975,46.58010672683922,666.5959754441358,0.0,0.0,449.0,928.0,0,0,1316.0,182,14,14,0,0,0,0,0,0,0.049161937029566616,14,0.8814319396406459,0.6342665412985395,0.0
M5,supplier_disruption,structured_planner,112,1101.8131051180185,981.4243327469004,646.5759481026575,44.6320862470673,601.9438618555901,0.0,0.0,449.0,913.0,0,0,1308.0,182,14,14,0,0,0,0,0,0,0.049857083009555936,14,0.8907357592572627,0.5868290593924284,0.0
M5,supplier_disruption,structured_planner,113,1095.9040004113976,979.4996175495168,632.4471392898678,50.425224980462815,582.0219143094049,0.0,0.0,449.0,954.0,0,0,1356.0,182,14,14,0,0,0,0,0,0,0.043063561017333996,14,0.8937823177776674,0.5771008583347171,0.0
M5,supplier_disruption,structured_planner,114,1104.2509937797613,990.1281963323993,617.7667459455253,47.152758708715155,570.6139872368101,0.0,0.0,449.0,965.0,0,0,1370.0,182,14,14,0,0,0,0,0,0,0.07470792000822257,14,0.8966513971097015,0.5594441385386124,0.0
M5,supplier_disruption,structured_planner,115,1097.5545446136534,963.092403386762,718.6707103511983,46.36000421674161,672.3107061344567,0.0,0.0,449.0,948.0,0,0,1360.0,182,14,14,0,0,0,0,0,0,0.04722456500894623,14,0.8774893312712554,0.6547927060920469,0.0
M5,supplier_disruption,structured_planner,116,1096.3201258019728,997.1979852338554,542.7964017513632,47.18569891077651,495.61070284058667,0.0,0.0,449.0,956.0,0,0,1360.0,182,14,14,0,0,0,0,0,0,0.045698536006966606,14,0.9095864992028599,0.4951075775921749,0.0
M5,supplier_disruption,structured_planner,117,1097.4076952334217,943.1858575667036,815.2649341737806,44.155745840189965,771.1091883335906,0.0,0.0,449.0,840.0,0,0,1323.0,182,14,14,0,0,0,0,0,0,0.04747629000485176,14,0.8594671439460658,0.7429006901581563,0.0
M5,supplier_disruption,structured_planner,118,1133.8294305738991,1002.1211869353579,700.3292855423324,41.7880673496271,658.5412181927052,0.0,0.0,449.0,917.0,0,0,1377.0,182,14,14,0,0,0,0,0,0,0.05214295299811056,14,0.8838376919076127,0.6176672316468745,0.0
M5,supplier_disruption,structured_planner,119,1101.62401191876,1005.0746868838984,528.2999829505351,45.55335777622638,482.74662517430875,0.0,0.0,449.0,933.0,0,0,1395.0,182,14,14,0,0,0,0,0,0,0.047819238985539414,14,0.9123572798066589,0.47956469470047725,0.0
M5,supplier_disruption,structured_planner,120,1098.3055362409418,982.4463040089731,629.3078938513039,50.01173269145956,579.2961611598444,0.0,0.0,449.0,962.0,0,0,1365.0,182,14,14,0,0,0,0,0,0,0.04803488799370825,14,0.8945109275980633,0.5729807171920227,0.0
M5,supplier_disruption,structured_planner,121,1103.5646081547488,982.4784950017109,651.954554357074,46.52398859188369,605.4305657651903,0.0,0.0,449.0,936.0,0,0,1327.0,182,14,14,0,0,0,0,0,0,0.048141710001800675,14,0.890277277598179,0.5907715321237021,0.0
M5,supplier_disruption,structured_planner,122,1103.6700691363221,990.2225610049802,613.4839332043435,46.24639254763424,567.2375406567093,0.0,0.0,449.0,958.0,0,0,1342.0,182,14,14,0,0,0,0,0,0,0.04804420298751211,14,0.8972088567916675,0.5558580869049261,0.0
M5,supplier_disruption,structured_planner,123,1111.695237358923,994.8268795025062,632.3509333145441,48.00914403246126,584.341789282083,0.0,0.0,449.0,934.0,0,0,1371.0,182,14,14,0,0,0,0,0,0,0.13177639999776147,14,0.8948737442340194,0.5688168052395666,0.0
M5,supplier_disruption,structured_planner,124,1105.7599494511705,993.7881568460531,607.0207336394587,47.161770613870594,559.8589630255883,0.0,0.0,449.0,970.0,0,0,1338.0,182,14,14,0,0,0,0,0,0,0.046178804004739504,14,0.8987377028253798,0.5489624885950568,0.0
M5,supplier_disruption,structured_planner,125,1111.3918132312867,959.3293970854456,805.8357651186161,45.523684389410306,760.3120807292057,0.0,0.0,449.0,880.0,0,0,1338.0,182,14,14,0,0,0,0,0,0,0.05950928600941552,14,0.8631783909729088,0.7250690130384443,0.0
M5,supplier_disruption,structured_planner,126,1087.14249158953,948.1978219303595,742.9494858996097,48.226137603756804,694.7233482958529,0.0,0.0,449.0,937.0,0,0,1293.0,182,14,14,0,0,0,0,0,0,0.08802288701554062,14,0.8721927707415639,0.6833966031567126,0.0
M5,supplier_disruption,structured_planner,127,1083.1398427565105,937.785779970513,772.5132466481913,45.742932718203214,726.7703139299881,0.0,0.0,449.0,871.0,0,0,1319.0,182,14,14,0,0,0,0,0,0,0.04589791799662635,14,0.8658030504943091,0.7132165359942835,0.0
M5,supplier_disruption,structured_planner,128,1096.7576415907467,974.8321054930561,653.9187989347038,44.291118446250344,609.6276804884534,0.0,0.0,449.0,924.0,0,0,1340.0,182,14,14,0,0,0,0,0,0,0.04746196098130895,14,0.8888309217332202,0.5962290793673015,0.0
M5,supplier_disruption,structured_planner,129,1114.8530725665973,986.6898387545975,686.8286369243889,46.012467864390786,640.8161690599982,0.0,0.0,449.0,905.0,0,0,1360.0,182,14,14,0,0,0,0,0,0,0.0471226120062056,14,0.885040247037267,0.6160709907209411,0.0
M5,supplier_disruption,structured_planner,130,1113.0119108189674,988.9331395705291,668.568751837204,48.17489559501331,620.3938562421906,0.0,0.0,449.0,971.0,0,0,1395.0,182,14,14,0,0,0,0,0,0,0.04464329799520783,14,0.8885198172253703,0.6006842742098448,0.0
RetailNet,promotion,conventional,101,36511.69782573284,29982.44693925233,35187.36084905478,466.63960958989105,32646.254432402544,2074.4668070623397,2074.4668070623397,11392.0,24019.0,0,0,31278.0,182,14,4,0,0,0,0,0,0,0.015547431004961254,14,0.8211737258112715,0.9637284197793539,0.05858255364328428
RetailNet,promotion,conventional,102,36419.5864965709,30719.089195760942,31349.9805094889,467.92141284026474,28502.486504049768,2379.572592598872,2379.572592598872,11392.0,24726.0,0,0,32180.0,182,14,4,0,0,0,0,0,0,0.018852455006708624,14,0.84347715476268,0.8608000124449703,0.06588328790627587
RetailNet,promotion,conventional,103,36254.102004837114,30334.30741727415,32192.998221019014,481.32438737211135,29598.972937814837,2112.700895832061,2112.700895832061,11392.0,24605.0,0,0,31836.0,182,14,4,0,0,0,0,0,0,0.01579985900389147,14,0.836713798985474,0.8879822265829048,0.058691026914244555
RetailNet,promotion,conventional,104,36147.09277268507,29854.008658971772,34220.445399177595,479.2948322108706,31465.420568566497,2275.729998400222,2275.729998400222,11392.0,23430.0,0,0,31602.0,182,14,4,0,0,0,0,0,0,0.016253827991022263,14,0.8259034508449118,0.9466997972527581,0.06535322492677681
RetailNet,promotion,conventional,105,36255.51395678504,30228.169268945916,33090.5110071856,459.4281074874468,30136.72343919565,2494.3594605025123,2494.3594605025123,11392.0,23654.0,0,0,31870.0,182,14,4,0,0,0,0,0,0,0.016069752011389937,14,0.8337537099867498,0.9127028524992921,0.07117387035617509
RetailNet,promotion,conventional,106,36237.271288712174,29986.457101657492,34032.51318176883,481.5590627612011,31254.070935273383,2296.8831837342436,2296.8831837342436,11392.0,23774.0,0,0,31635.0,182,14,4,0,0,0,0,0,0,0.015618668010574766,14,0.8275031765705329,0.9391577227386291,0.06531545196309628
RetailNet,promotion,conventional,107,36116.26399655703,29712.56634816016,34811.456465673735,485.6278272409734,32018.488241984374,2307.3403964483855,2307.3403964483855,11392.0,23787.0,0,0,31311.0,182,14,4,0,0,0,0,0,0,0.01497165697219316,14,0.8226921353491232,0.9638720236675732,0.06558857262708961
RetailNet,promotion,conventional,108,35773.10464319555,30111.315932180245,31151.421730457165,487.8549732862873,28308.943555076487,2354.6232020943885,2354.6232020943885,11392.0,24323.0,0,0,31684.0,182,14,4,0,0,0,0,0,0,0.015633268005331047,14,0.8417305747575857,0.8708056524912919,0.06592813109602096
RetailNet,promotion,conventional,109,36300.905999330105,30388.344841348087,32214.32204171551,472.0038530067114,29562.80578991011,2179.5123987986894,2179.5123987986894,11392.0,24445.0,0,0,30922.0,182,14,4,0,0,0,0,0,0,0.015682542994909454,14,0.8371235925050706,0.8874247392698681,0.06081737865331053
RetailNet,promotion,conventional,110,36379.957072369594,30003.55553170573,34774.00450525126,480.07933391386337,31882.007703319327,2411.9174680180713,2411.9174680180713,11392.0,24139.0,0,0,31298.0,182,14,4,0,0,0,0,0,0,0.01619398200273281,14,0.8247276232904983,0.9558561170392901,0.06788205983558221
RetailNet,promotion,conventional,111,36308.08191514454,30026.482271023484,34282.29156294559,482.6389180715786,31407.998220605296,2391.654424268717,2391.654424268717,11392.0,24081.0,0,0,31687.0,182,14,4,0,0,0,0,0,0,0.01587491200916702,14,0.826991696812799,0.9442055254548171,0.06742182573418422
RetailNet,promotion,conventional,112,35808.856849432304,29986.055100335405,32078.253892784356,479.24344685167625,29114.00874548449,2485.001700448189,2485.001700448189,11392.0,24072.0,0,0,30970.0,182,14,4,0,0,0,0,0,0,0.020421473986061756,14,0.8373921353150034,0.8958189876785444,0.07007110592285666
RetailNet,promotion,conventional,113,36276.840720548,30314.979136509148,32627.472396050154,462.19847641319507,29809.307920194267,2355.9659994426943,2355.9659994426943,11392.0,24344.0,0,0,31910.0,182,14,4,0,0,0,0,0,0,0.02145239300443791,14,0.8356565382866451,0.8994022563152594,0.06592696439004629
RetailNet,promotion,conventional,114,36535.5259969801,29396.226286461497,38463.760667305825,475.69714765822425,35696.49855259303,2291.564967054569,2291.564967054569,11392.0,23026.0,0,0,31118.0,182,14,4,0,0,0,0,0,0,0.015218679996905848,14,0.804592940276576,1.052776978508127,0.06658042207724356
RetailNet,promotion,conventional,115,36423.268221412945,30003.574904014844,35217.21063580714,483.362786820216,32098.466586990515,2635.3812619964083,2635.3812619964083,11392.0,24081.0,0,0,31652.0,182,14,4,0,0,0,0,0,0,0.016044930976931937,14,0.8237474660875156,0.9668877164379013,0.07429259611525409
RetailNet,promotion,conventional,116,36091.66277062241,29759.912967934197,34384.7199244388,495.5753274114269,31658.749013441095,2230.3955835862785,2230.3955835862785,11392.0,24413.0,0,0,30603.0,182,14,4,0,0,0,0,0,0,0.015886242013948504,14,0.8245647521720147,0.9527053420333682,0.0622928524950783
RetailNet,promotion,conventional,117,36268.26321169985,30489.972288157267,31425.503906667975,465.28329263321257,28891.454617712887,2068.7659963218707,2068.7659963218707,11392.0,24403.0,0,0,31816.0,182,14,4,0,0,0,0,0,0,0.01607218500430463,14,0.8406791389536802,0.8664739120049829,0.0577948315776469
RetailNet,promotion,conventional,118,36017.427043812255,30138.66189847377,32124.833652467685,486.50131544694557,29393.825726692434,2244.5066103283057,2244.5066103283057,11392.0,24299.0,0,0,31507.0,182,14,4,0,0,0,0,0,0,0.01585047401022166,14,0.8367799804748005,0.8919247233676757,0.06288718753546568
RetailNet,promotion,conventional,119,36688.271371551054,30604.563843336775,33297.04192954086,473.9790168766463,30418.537641071394,2404.525271592816,2404.525271592816,11392.0,24305.0,0,0,32075.0,182,14,4,0,0,0,0,0,0,0.01628120801615296,14,0.834178409045139,0.9075663879699757,0.06735930951040188
RetailNet,promotion,conventional,120,36584.84285556918,31072.56424749398,30377.615719228153,457.543698510435,27561.393040376002,2358.67898034172,2358.67898034172,11392.0,24624.0,0,0,32520.0,182,14,4,0,0,0,0,0,0,0.016264275007415563,14,0.8493288974935126,0.8303333661744533,0.06548975400771102
RetailNet,promotion,conventional,121,36110.40254393767,29837.651436518427,34330.08752191604,496.16148371709374,31363.755537096244,2470.1705011026997,2470.1705011026997,11392.0,24222.0,0,0,31234.0,182,14,4,0,0,0,0,0,0,0.015640516015992034,14,0.826289637735641,0.9506980012240124,0.06935953560685966
RetailNet,promotion,conventional,122,36412.08052123853,30188.96252291985,33914.21066085484,462.35012870562946,31115.589991593424,2336.2705405557845,2336.2705405557845,11392.0,24152.0,0,0,32062.0,182,14,4,0,0,0,0,0,0,0.015757296008814592,14,0.82909194121196,0.9313999687843509,0.06572897086866375
RetailNet,promotion,conventional,123,35979.04942465143,29839.932283301077,33679.73736684109,502.5203892296317,30695.585706751728,2481.6312708597216,2481.6312708597216,11392.0,23990.0,0,0,31662.0,182,14,4,0,0,0,0,0,0,0.0234092849859735,14,0.8293696681951783,0.9360930292884575,0.07013824178564586
RetailNet,promotion,conventional,124,36773.5347824536,30755.34319599205,32840.88511768572,471.6153642580796,30090.957932307712,2278.31182111993,2278.31182111993,11392.0,24730.0,0,0,32108.0,182,14,4,0,0,0,0,0,0,0.015197282998997252,14,0.836344490077872,0.8930576109141313,0.06307269312662449
RetailNet,promotion,conventional,125,36225.80114502774,30217.00288749949,32881.2744826665,465.20278324834396,30043.991287641275,2372.080411776882,2372.080411776882,11392.0,23891.0,0,0,31755.0,182,14,4,0,0,0,0,0,0,0.015560053994704504,14,0.8341293203296622,0.9076755639172303,0.06723012248892901
RetailNet,promotion,conventional,126,36151.15461967405,30021.64066776448,33503.671213292226,487.2744388053194,30647.569759547852,2368.82701493905,2368.82701493905,11392.0,23966.0,0,0,31648.0,182,14,4,0,0,0,0,0,0,0.015837551014556084,14,0.8304476297812687,0.9267662835603867,0.06699550356182618
RetailNet,promotion,conventional,127,36343.74304946105,29110.8851845171,39119.22738615452,495.6051478501279,36164.289324719735,2459.3329135846598,2459.3329135846598,11392.0,23073.0,0,0,31074.0,182,14,4,0,0,0,0,0,0,0.015282874992408324,14,0.8009875357334387,1.0763675973857796,0.07135740355678688
RetailNet,promotion,conventional,128,36041.84925268051,30471.920610970472,30540.298306823057,466.6712219363493,27849.643208550217,2223.9838763364887,2223.9838763364887,11392.0,24582.0,0,0,32128.0,182,14,4,0,0,0,0,0,0,0.016028740981710143,14,0.8454594101800758,0.847356585193855,0.06182197910536745
RetailNet,promotion,conventional,129,36221.469258625846,30691.93580848637,30507.61284781756,467.79913462348844,27647.66725069739,2392.146462496684,2392.146462496684,11392.0,24640.0,0,0,32179.0,182,14,4,0,0,0,0,0,0,0.016307750018313527,14,0.8473409951800157,0.8422522187045856,0.06638949995827831
RetailNet,promotion,conventional,130,36856.20901587441,30307.587413715788,35375.80907533775,460.7483671551765,32743.1080107931,2171.952697389468,2171.952697389468,11392.0,23764.0,0,0,32204.0,182,14,4,0,0,0,0,0,0,0.01588767201610608,14,0.822319718250511,0.9598330924404342,0.06178042716433804
RetailNet,promotion,llm_agents,101,36511.69782573284,30561.93314160715,32404.859565079096,473.4218850171329,29748.823420628447,2182.6142594335133,2182.6142594335133,11392.0,24741.0,0,0,32165.0,182,14,10,0,0,42,0,13535,2078,56.5109311840024,14,0.8370449735719386,0.8875199318241698,0.060405010916157346
RetailNet,promotion,llm_agents,102,36419.5864965709,31089.667613198388,29383.163393979063,467.47919048889185,26649.594416862536,2266.089786627633,2266.089786627633,11392.0,24606.0,0,0,33183.0,182,14,7,0,0,42,0,13611,2075,55.33769824999763,14,0.8536524053101385,0.806795634451963,0.06295043576386558
RetailNet,promotion,llm_agents,103,36254.102004837114,30449.48020926117,31552.933889782555,477.12401607077123,29023.108977879718,2052.700895832061,2052.700895832061,11392.0,24267.0,0,0,32191.0,182,14,7,0,0,42,0,13641,2143,56.4842267219974,14,0.8398906199689768,0.8703272773263749,0.0575647352935321
RetailNet,promotion,llm_agents,104,36147.09277268507,30015.40128752762,33415.81443230691,469.92878724202365,30658.45742578725,2287.42821927763,2287.42821927763,11392.0,23732.0,0,0,32382.0,182,14,8,0,0,42,0,13534,2079,53.75161187598496,14,0.8303683362942281,0.9244398890512687,0.06512436565532485
RetailNet,promotion,llm_agents,105,36255.51395678504,30609.296914931794,31053.243982445187,466.19897322208385,28231.085209266283,2355.9597999568205,2355.9597999568205,11392.0,24038.0,0,0,32165.0,182,14,8,0,0,42,0,13611,2076,53.57661095899675,14,0.8442659770708729,0.8565109301569761,0.06649618402361898
RetailNet,promotion,llm_agents,106,36237.271288712174,30377.156784102113,31962.313832047825,466.2953738331968,29300.572523050294,2195.4459351643327,2195.4459351643327,11392.0,24102.0,0,0,32558.0,182,14,8,0,0,42,0,13641,2110,53.59882345199003,14,0.8382848847000388,0.8820287150595694,0.061854001666882645
RetailNet,promotion,llm_agents,107,36116.26399655703,30103.71312002278,32850.459949823664,474.40418592659853,30062.754382671254,2313.3013812258114,2313.3013812258114,11392.0,24224.0,0,0,31717.0,182,14,10,0,0,42,0,13534,2078,52.423093227007485,14,0.8335223466882559,0.9095752526605551,0.06495118433360882
RetailNet,promotion,llm_agents,108,35773.10464319555,30582.293093187014,28770.779532149507,492.09858001247727,25954.05775004264,2324.6232020943885,2324.6232020943885,11392.0,24876.0,0,0,32662.0,182,14,9,0,0,42,0,13612,2077,54.565425340006186,14,0.8548962523163087,0.8042572714644726,0.0640957097743021
RetailNet,promotion,llm_agents,109,36300.905999330105,30763.78868046036,30150.729243178797,462.5188300702335,27685.586594348766,2002.623818759799,2002.623818759799,11392.0,24811.0,0,0,31222.0,182,14,8,0,0,42,0,13642,2110,56.05841166499158,14,0.8474661398541422,0.8305778716303994,0.05531651572410571
RetailNet,promotion,llm_agents,110,36379.957072369594,30439.824779477894,32324.91461166869,483.2203062681952,29700.661464458477,2141.0328409420217,2141.0328409420217,11392.0,24639.0,0,0,32051.0,182,14,9,0,0,42,0,13535,2111,53.290239590001875,14,0.8367196453510056,0.8885363593850777,0.05942196555582753
RetailNet,promotion,llm_agents,111,36308.08191514454,30430.371892352396,32230.019190361483,474.6408653745858,29388.550113960733,2366.828211026156,2366.828211026156,11392.0,24424.0,0,0,33195.0,182,14,9,0,0,42,0,13611,2080,52.107427743008884,14,0.838115655998328,0.8876816810561935,0.06608298556584086
RetailNet,promotion,llm_agents,112,35808.856849432304,30274.077850315945,30514.873208112906,477.3378001089167,27673.894995581795,2363.64041242219,2363.64041242219,11392.0,24458.0,0,0,31931.0,182,14,8,0,0,42,0,13642,2144,56.07056323399593,14,0.8454354736207084,0.8521599373144098,0.06593139225724379
RetailNet,promotion,llm_agents,113,36276.840720548,30647.97659556568,30822.571654741652,449.76687159794153,28144.3206249116,2228.484158232107,2228.484158232107,11392.0,24029.0,0,0,32529.0,182,14,7,0,0,42,0,13535,2075,52.29228766700544,14,0.8448358783957168,0.8496487302237172,0.0629142079058216
RetailNet,promotion,llm_agents,114,36535.5259969801,29291.80759154862,38751.140325983004,457.0073875562771,36218.592027157414,2075.5409112693096,2075.5409112693096,11392.0,23073.0,0,0,30618.0,182,14,6,0,0,42,0,13610,2074,54.951258068984316,14,0.8017349358531141,1.060642737952809,0.06022170060262033
RetailNet,promotion,llm_agents,115,36423.268221412945,30376.555667076187,32959.568435610214,462.322610808395,30233.562771683795,2263.683053118031,2263.683053118031,11392.0,24311.0,0,0,32875.0,182,14,8,0,0,42,0,13642,2076,57.51209459099482,14,0.8339876444480634,0.9049042012169998,0.06340316088614488
RetailNet,promotion,llm_agents,116,36091.66277062241,30112.0968969174,32455.338210482118,465.5781759049411,29897.82936852508,2091.9306660521015,2091.9306660521015,11392.0,24343.0,0,0,31162.0,182,14,7,0,0,42,0,13536,2075,54.587525776012626,14,0.8343227932803304,0.899247519205456,0.05854010538833361
RetailNet,promotion,llm_agents,117,36268.26321169985,30665.38082658349,30437.488433725022,468.74040264484233,28014.4119255818,1954.3361054983795,1954.3361054983795,11392.0,24785.0,0,0,32170.0,182,14,8,0,0,42,0,13611,2076,57.04285561100551,14,0.8455155585363426,0.8392320375546997,0.05402150829251678
RetailNet,promotion,llm_agents,118,36017.427043812255,30585.06057247605,29884.122723268232,493.63305311449585,27161.832356681007,2228.6573134727314,2228.6573134727314,11392.0,24638.0,0,0,32917.0,182,14,11,0,0,42,0,13642,2147,57.341904222994344,14,0.8491739439153114,0.8297128689097264,0.061855601262079694
RetailNet,promotion,llm_agents,119,36688.271371551054,30997.379053900357,31090.83819848598,456.94779073572624,28454.46158825349,2179.4288194967603,2179.4288194967603,11392.0,24499.0,0,0,33006.0,182,14,8,0,0,42,0,13534,2110,56.13354249999247,14,0.8448852424793295,0.8474326272726642,0.06072354683616395
RetailNet,promotion,llm_agents,120,36584.84285556918,31558.357855523984,27826.291004153194,468.8235155297931,25132.425000225983,2225.042488397418,2225.042488397418,11392.0,25131.0,0,0,33424.0,182,14,8,0,0,42,0,13612,2079,55.990533737996884,14,0.862607445933582,0.7605961603827771,0.060921679171957885
RetailNet,promotion,llm_agents,121,36110.40254393767,30227.59652865166,32328.188938999127,496.63772861516475,29414.030076430066,2417.521133953892,2417.521133953892,11392.0,24390.0,0,0,31722.0,182,14,9,0,0,42,0,13640,2111,54.76127193700813,14,0.8370883291005119,0.8952597218949165,0.06756249326348142
RetailNet,promotion,llm_agents,122,36412.08052123853,30328.417498310624,32921.208916618896,464.65690577990677,30418.31511463955,2038.2368961994339,2038.2368961994339,11392.0,24613.0,0,0,32562.0,182,14,8,0,0,42,0,13536,2144,56.28824257100496,14,0.8329218507747885,0.9041287519238712,0.056609829084833606
RetailNet,promotion,llm_agents,123,35979.04942465143,30562.659222880546,30154.339630774695,517.4653495766651,27081.951008854376,2554.9232723436508,2554.9232723436508,11392.0,25210.0,0,0,32461.0,182,14,12,0,0,42,0,13608,2080,54.98714428401581,14,0.849457106611055,0.8381082911577461,0.06980283242291817
RetailNet,promotion,llm_agents,124,36773.5347824536,31188.93938736482,30836.24751895701,482.22831414271843,27922.97697544387,2431.0422293704264,2431.0422293704264,11392.0,25216.0,0,0,33087.0,182,14,12,0,0,42,0,13642,2080,54.0622350229969,14,0.8481354749243889,0.8385445593245077,0.0664074035557918
RetailNet,promotion,llm_agents,125,36225.80114502774,30778.190768646768,30028.753120315014,474.3678866671935,27238.05188190488,2316.333351742943,2316.333351742943,11392.0,24763.0,0,0,33266.0,182,14,11,0,0,42,0,13536,2079,52.55402851499093,14,0.8496207066733513,0.8289327543122309,0.06406675015192762
RetailNet,promotion,llm_agents,126,36151.15461967405,30494.501665721866,30878.20253697188,472.31262346997585,28283.26476976092,2122.6251437409833,2122.6251437409833,11392.0,24576.0,0,0,32368.0,182,14,7,0,0,42,0,13611,2078,55.15737074700883,14,0.8435277375380497,0.8541415305216131,0.05901426667429335
RetailNet,promotion,llm_agents,127,36343.74304946105,29741.626545996492,35757.35787596385,483.77242311498094,33010.582517322786,2263.002935526078,2263.002935526078,11392.0,23786.0,0,0,32683.0,182,14,13,0,0,42,0,13641,2149,55.9633645990034,14,0.8183424174422655,0.9838655811345799,0.06433006241190739
RetailNet,promotion,llm_agents,128,36041.84925268051,31155.259169701465,27239.382164390423,483.0997521275325,24432.95041489526,2323.3319973676325,2323.3319973676325,11392.0,25437.0,0,0,32629.0,182,14,10,0,0,42,0,13535,2081,54.01254436599265,14,0.8644189966857591,0.7557709365416251,0.06308430848971279
RetailNet,promotion,llm_agents,129,36221.469258625846,31110.800260531654,28301.916254324824,480.60338025329634,25553.344990470985,2267.9678836005396,2267.9678836005396,11392.0,25385.0,0,0,33139.0,182,14,8,0,0,42,0,13612,2076,51.94267521498841,14,0.8589049781055712,0.7813574886276861,0.061668104619749836
RetailNet,promotion,llm_agents,130,36856.20901587441,30630.042968302398,33686.073784634325,459.93571190380356,31130.830237860067,2095.3078348704503,2095.3078348704503,11392.0,24156.0,0,0,32184.0,182,14,8,0,0,42,0,13642,2076,53.339189429003454,14,0.831068734039078,0.9139863996898143,0.058943058255610734
RetailNet,promotion,structured_planner,101,36511.69782573284,30665.795151049897,31985.303863151887,481.2108569841781,29229.513373414702,2274.579632753007,2274.579632753007,11392.0,24904.0,0,0,33309.0,182,14,14,0,0,0,0,0,0,0.08300527501342003,14,0.8398895964086653,0.8760289377890604,0.06266750145341103
RetailNet,promotion,structured_planner,102,36419.5864965709,31397.29043438409,27979.228468310335,499.4750826929151,25111.48031093403,2368.2730746833913,2368.2730746833913,11392.0,25625.0,0,0,34114.0,182,14,14,0,0,0,0,0,0,0.31017905800035805,14,0.8620990366637006,0.7682467364352072,0.06397798510639413
RetailNet,promotion,structured_planner,103,36254.102004837114,30726.56484836783,30414.20287906908,507.79605198083897,27637.685782346438,2268.7210447418074,2268.7210447418074,11392.0,25282.0,0,0,33049.0,182,14,14,0,0,0,0,0,0,0.0814119010065042,14,0.8475334692959218,0.8389175623495277,0.06186183794355149
RetailNet,promotion,structured_planner,104,36147.09277268507,30269.11279249129,32241.701382690255,494.3732624437131,29389.89990096891,2357.42821927763,2357.42821927763,11392.0,24402.0,0,0,33242.0,182,14,14,0,0,0,0,0,0,0.08400006100418977,14,0.8373871996523179,0.8919583543120799,0.06586098841363441
RetailNet,promotion,structured_planner,105,36255.51395678504,30969.632905294406,29276.584105955404,488.21904854536217,26429.405257453225,2358.9597999568205,2358.9597999568205,11392.0,24948.0,0,0,33555.0,182,14,14,0,0,0,0,0,0,0.08878507199551677,14,0.854204768472151,0.8075070771538858,0.06491358833122786
RetailNet,promotion,structured_planner,106,36237.271288712174,30608.052982933634,30977.78248648766,489.02107476629504,28146.09152889269,2342.6698828286726,2342.6698828286726,11392.0,24598.0,0,0,33474.0,182,14,14,0,0,0,0,0,0,0.08454461400106084,14,0.8446566723821717,0.854859689618439,0.06509224459096062
RetailNet,promotion,structured_planner,107,36116.26399655703,30301.020374525426,31890.16003274186,486.64054135800757,29076.21811015804,2327.3013812258114,2327.3013812258114,11392.0,24661.0,0,0,32904.0,182,14,14,0,0,0,0,0,0,0.09354570300638443,14,0.8389854603292862,0.8829861260229451,0.06455222536892384
RetailNet,promotion,structured_planner,108,35773.10464319555,30696.697217451823,28371.231600991763,507.5574953502718,25382.03712871861,2481.6369769228822,2481.6369769228822,11392.0,25142.0,0,0,33508.0,182,14,14,0,0,0,0,0,0,0.08297783801390324,14,0.8580943008336483,0.7930883238670283,0.06792677990154054
RetailNet,promotion,structured_planner,109,36300.905999330105,31002.405501799145,29088.23180432423,485.0028632510996,26492.50248765482,2110.7264534183096,2110.7264534183096,11392.0,25454.0,0,0,32559.0,182,14,14,0,0,0,0,0,0,0.08496562902291771,14,0.854039441945919,0.8013087002528538,0.05728509074033299
RetailNet,promotion,structured_planner,110,36379.957072369594,30688.559800670395,31313.025040923378,500.36341335861755,28456.986358495982,2355.6752690687813,2355.6752690687813,11392.0,25175.0,0,0,32730.0,182,14,14,0,0,0,0,0,0,0.08922178801003611,14,0.8435567897901181,0.8607218798700967,0.0644207965944371
RetailNet,promotion,structured_planner,111,36308.08191514454,30731.662326402216,30835.317694962418,494.60668802037867,27882.097943711633,2458.6130632304057,2458.6130632304057,11392.0,25065.0,0,0,33563.0,182,14,14,0,0,0,0,0,0,0.0843592929886654,14,0.8464138204332867,0.8492687046103814,0.0674387103500125
RetailNet,promotion,structured_planner,112,35808.856849432304,30515.238648542123,29530.41507116155,506.57712219172885,26468.091004450915,2555.746944518912,2555.746944518912,11392.0,25130.0,0,0,32824.0,182,14,14,0,0,0,0,0,0,0.09838238097290741,14,0.852170142622855,0.8246679081471352,0.06997828554074016
RetailNet,promotion,structured_planner,113,36276.840720548,30977.353862922184,29378.848420254122,478.9672824485367,26497.43428812908,2402.446849676502,2402.446849676502,11392.0,25091.0,0,0,33402.0,182,14,14,0,0,0,0,0,0,0.09895760100334883,14,0.8539154250379892,0.8098513496963172,0.06585113202523099
RetailNet,promotion,structured_planner,114,36535.5259969801,29598.657296835587,37451.258033488055,484.37362149617167,34684.34350072257,2282.5409112693096,2282.5409112693096,11392.0,23597.0,0,0,32200.0,182,14,14,0,0,0,0,0,0,0.10684472101274878,14,0.8101336025457007,1.025064153629091,0.06523595733714338
RetailNet,promotion,structured_planner,115,36423.268221412945,30695.759776596118,31664.574466977072,492.37650612965257,28637.542224084136,2534.655736763281,2534.655736763281,11392.0,25069.0,0,0,33283.0,182,14,14,0,0,0,0,0,0,0.15191017698816722,14,0.8427513860096258,0.8693501712831394,0.06951690125787227
RetailNet,promotion,structured_planner,116,36091.66277062241,30342.01135279752,31483.305165072783,493.6787596044845,28748.257089124472,2241.369316343825,2241.369316343825,11392.0,24922.0,0,0,32536.0,182,14,14,0,0,0,0,0,0,0.08565827998245368,14,0.8406930859803737,0.8723151760882377,0.06172190660196688
RetailNet,promotion,structured_planner,117,36268.26321169985,30964.326858686214,29134.98718520916,495.2995454804827,26519.681765068155,2120.0058746605237,2120.0058746605237,11392.0,25375.0,0,0,33597.0,182,14,14,0,0,0,0,0,0,0.08592194099037442,14,0.8537581928846643,0.8033190620445935,0.05766056177171169
RetailNet,promotion,structured_planner,118,36017.427043812255,30728.28867098432,29176.55630237441,502.20712476200674,26445.69186413967,2228.6573134727314,2228.6573134727314,11392.0,25138.0,0,0,33546.0,182,14,14,0,0,0,0,0,0,0.08560335801303154,14,0.8531505771804818,0.8100677560027683,0.0610089601279149
RetailNet,promotion,structured_planner,119,36688.271371551054,31273.94399104861,29886.794179324537,485.72845731555896,27071.63690251222,2329.4288194967603,2329.4288194967603,11392.0,25175.0,0,0,33939.0,182,14,14,0,0,0,0,0,0,0.08968085099331802,14,0.8524234809083744,0.8146144002439826,0.06370303332230591
RetailNet,promotion,structured_planner,120,36584.84285556918,31841.107748849172,26665.348944404745,493.96780263479025,23718.675533600057,2452.7056081698993,2452.7056081698993,11392.0,25987.0,0,0,34366.0,182,14,14,0,0,0,0,0,0,0.08421350199932931,14,0.8703360535004215,0.7288632904526902,0.06561720774150992
RetailNet,promotion,structured_planner,121,36110.40254393767,30345.76570196235,31755.48450662441,514.7791627939183,28823.1842098766,2417.521133953892,2417.521133953892,11392.0,24957.0,0,0,33035.0,182,14,14,0,0,0,0,0,0,0.0865018279873766,14,0.8403607704189633,0.8793999033377051,0.0665086008955925
RetailNet,promotion,structured_planner,122,36412.08052123853,30590.06791459141,31898.334929961515,491.3725878076664,29110.06303323561,2296.899308918235,2296.899308918235,11392.0,24999.0,0,0,33637.0,182,14,14,0,0,0,0,0,0,0.09572099899378372,14,0.8401076641788914,0.8760371413370838,0.06311723527570649
RetailNet,promotion,structured_planner,123,35979.04942465143,30562.659222880546,30154.339630774695,517.4653495766651,27081.951008854376,2554.9232723436508,2554.9232723436508,11392.0,25210.0,0,0,33478.0,182,14,14,0,0,0,0,0,0,0.1241367149996222,14,0.849457106611055,0.8381082911577461,0.06980283242291817
RetailNet,promotion,structured_planner,124,36773.5347824536,31315.189727130335,30211.73503116946,488.9675251827464,27291.72527661629,2431.0422293704264,2431.0422293704264,11392.0,25605.0,0,0,33703.0,182,14,14,0,0,0,0,0,0,0.08308632101397961,14,0.8515686597001357,0.8215618979762837,0.06570917180772566
RetailNet,promotion,structured_planner,125,36225.80114502774,30853.997637916626,29807.732937571633,489.6141530157705,26859.017535555562,2459.1012490003022,2459.1012490003022,11392.0,24955.0,0,0,33523.0,182,14,14,0,0,0,0,0,0,0.20550946701405337,14,0.8517133275919714,0.8228315729509537,0.06765623707597057
RetailNet,promotion,structured_planner,126,36151.15461967405,30795.142826065035,29704.026683097516,505.16120707295477,26780.058968045058,2418.8065079795033,2418.8065079795033,11392.0,25248.0,0,0,33448.0,182,14,14,0,0,0,0,0,0,0.09242773101868806,14,0.851843963216207,0.8216619080523668,0.06601546146232269
RetailNet,promotion,structured_planner,127,36343.74304946105,29793.626545996492,35520.557875963845,492.972423114981,32750.582517322786,2277.002935526078,2277.002935526078,11392.0,23911.0,0,0,32916.0,182,14,14,0,0,0,0,0,0,0.08944308300851844,14,0.8197732001750521,0.9773500166898903,0.06449885096241334
RetailNet,promotion,structured_planner,128,36041.84925268051,31196.998786232263,27034.289289405806,486.7049597969165,24224.25233224126,2323.3319973676325,2323.3319973676325,11392.0,25659.0,0,0,33671.0,182,14,14,0,0,0,0,0,0,0.08430059400416212,14,0.8655770842255568,0.7500805272192077,0.06270632364491195
RetailNet,promotion,structured_planner,129,36221.469258625846,31359.44130748702,27361.83545134453,500.72669632781094,24310.139755694137,2550.96899932258,2550.96899932258,11392.0,25699.0,0,0,34071.0,182,14,14,0,0,0,0,0,0,0.10115254300035303,14,0.8657694441817549,0.7554037981170113,0.06877595641321561
RetailNet,promotion,structured_planner,130,36856.20901587441,30913.476751488284,32424.07753210779,477.9423223527858,29713.661321930645,2232.473887824359,2232.473887824359,11392.0,24741.0,0,0,33525.0,182,14,14,0,0,0,0,0,0,0.0830802190102986,14,0.8387589927703493,0.8797453237293709,0.061784902660292775
RetailNet,routine,conventional,101,29924.096847582427,25739.492330428206,23723.732376631757,449.501415772266,20923.022585771083,2351.2083750884094,2351.2083750884094,11392.0,19720.0,0,0,25485.0,182,14,14,0,0,0,0,0,0,0.015228584004944423,14,0.8601593712763199,0.7927969387837481,0.07557239570225024
RetailNet,routine,conventional,102,29862.616910274603,26257.188239845193,21046.048023128315,450.9283377532062,18027.14335214706,2567.976333228052,2567.976333228052,11392.0,20279.0,0,0,26182.0,182,14,14,0,0,0,0,0,0,0.015291746007278562,14,0.8792661513469398,0.7047623484024658,0.08108289391645519
RetailNet,routine,conventional,103,29724.170147358374,26128.538243220253,20730.610074697834,462.1763374129353,17978.159520690584,2290.2742165943164,2290.2742165943164,11392.0,20146.0,0,0,26022.0,182,14,14,0,0,0,0,0,0,0.01636744800634915,14,0.8790333965149345,0.6974327616860378,0.07261951349465141
RetailNet,routine,conventional,104,29599.65418654315,25582.78615757577,23048.5967086531,459.5133683521814,20084.3401448369,2504.7431954640174,2504.7431954640174,11392.0,19237.0,0,0,25701.0,182,14,14,0,0,0,0,0,0,0.01561693300754996,14,0.8642934135766505,0.778677904930783,0.08177685185490931
RetailNet,routine,conventional,105,29670.266158133403,25962.042125843007,21594.19720566116,446.73282354879365,18541.120161451967,2606.3442206603963,2606.3442206603963,11392.0,19444.0,0,0,25854.0,182,14,14,0,0,0,0,0,0,0.016069174995209323,14,0.8750188484145474,0.7278059822777027,0.08452277275458543
RetailNet,routine,conventional,106,29689.830968909875,25814.49432119807,22270.256036451596,458.17703669128304,19376.683238558988,2435.3957612013237,2435.3957612013237,11392.0,19540.0,0,0,25901.0,182,14,14,0,0,0,0,0,0,0.015693753004597966,14,0.8694725930986298,0.7500970975473794,0.07873386011901344
RetailNet,routine,conventional,107,29605.653720390754,25401.390249772532,23977.195405488488,465.7799933270397,21021.317353091115,2490.098059070333,2490.098059070333,11392.0,19428.0,0,0,25400.0,182,14,14,0,0,0,0,0,0,0.015632235998054966,14,0.8579911961976859,0.8098856938590182,0.08079487537541638
RetailNet,routine,conventional,108,29309.54075392802,25955.134876576078,19775.592680316637,461.75577243063003,16772.029386759696,2541.8075211263094,2541.8075211263094,11392.0,20021.0,0,0,25891.0,182,14,14,0,0,0,0,0,0,0.015464463001990225,14,0.8855524245325341,0.6747152009765401,0.08091578394697449
RetailNet,routine,conventional,109,29732.9594305462,26142.201533797735,20744.735969910966,446.2620411561487,17953.7894837423,2344.684445012511,2344.684445012511,11392.0,20162.0,0,0,25320.0,182,14,14,0,0,0,0,0,0,0.015757204011606518,14,0.8792330812162783,0.6977016875285825,0.07430704332295464
RetailNet,routine,conventional,110,29822.40579962411,25703.41545434443,23607.13959746656,460.4829911683478,20594.951726398423,2551.7048798997866,2551.7048798997866,11392.0,19754.0,0,0,25429.0,182,14,14,0,0,0,0,0,0,0.01573910499428166,14,0.8618826940738766,0.7915907172641354,0.08192720991137824
RetailNet,routine,conventional,111,29761.358139411015,25834.21392529305,22655.28862324307,461.579649071687,19635.72107058978,2557.9879035815934,2557.9879035815934,11392.0,19725.0,0,0,25801.0,182,14,14,0,0,0,0,0,0,0.0157432749911095,14,0.8680455308617954,0.7612316789146176,0.08220547943508671
RetailNet,routine,conventional,112,29338.596363243552,25696.832775721065,21309.987378515238,460.6211518869462,18208.81793761247,2640.548289015822,2640.548289015822,11392.0,19822.0,0,0,25292.0,182,14,14,0,0,0,0,0,0,0.01610169799096184,14,0.8758712399723042,0.7263465202859246,0.08459499868699372
RetailNet,routine,conventional,113,29680.01072816141,26041.938787459218,21148.74692930701,444.9392209969711,18190.35970351095,2513.44800479909,2513.44800479909,11392.0,19952.0,0,0,26005.0,182,14,14,0,0,0,0,0,0,0.01604832400334999,14,0.8774234964392965,0.7125586012420256,0.08018912725877649
RetailNet,routine,conventional,114,29907.71892402356,25399.68308143167,25488.637485437168,449.1897378874893,22540.179212959414,2499.2685345902646,2499.2685345902646,11392.0,18921.0,0,0,25475.0,182,14,14,0,0,0,0,0,0,0.015185115989879705,14,0.8492684830279457,0.8522427788688111,0.08244873600733232
RetailNet,routine,conventional,115,29858.277371444477,25778.405496214913,23571.358169489267,458.00170102135763,20399.35937614782,2713.9970923200926,2713.9970923200926,11392.0,19852.0,0,0,25805.0,182,14,14,0,0,0,0,0,0,0.015279970990377478,14,0.8633587656623678,0.789441328990807,0.08686458495455424
RetailNet,routine,conventional,116,29540.1536348214,25732.824879241398,21915.81731294752,467.12456184027576,19036.643777900008,2412.048973207237,2412.048973207237,11392.0,20116.0,0,0,25206.0,182,14,14,0,0,0,0,0,0,0.01520785798493307,14,0.8711134409574637,0.7418992326131152,0.07655354110725013
RetailNet,routine,conventional,117,29754.505221577812,26038.01279112317,21313.907575205332,452.6427450594252,18582.462152273227,2278.802677872678,2278.802677872678,11392.0,20091.0,0,0,25863.0,182,14,14,0,0,0,0,0,0,0.015918577009870205,14,0.8750947998369181,0.716325390608364,0.07238200545922174
RetailNet,routine,conventional,118,29553.333380789983,25900.636775708484,21159.400886069583,463.7651026278273,18263.48302540749,2432.152758034264,2432.152758034264,11392.0,19925.0,0,0,25758.0,182,14,14,0,0,0,0,0,0,0.019233796003391035,14,0.8764032280887882,0.7159734102895968,0.07766238011413175
RetailNet,routine,conventional,119,30097.115821517473,26318.066904784628,21843.315042215043,452.29255013647514,18895.244583664207,2495.7779084143613,2495.7779084143613,11392.0,19990.0,0,0,26111.0,182,14,14,0,0,0,0,0,0,0.016080199988209642,14,0.8744381707820963,0.725761071982801,0.07952896273068515
RetailNet,routine,conventional,120,29958.86319704017,26623.46551270307,19590.106218972443,442.6750732635638,16676.988421685477,2470.442724023402,2470.442724023402,11392.0,20216.0,0,0,26409.0,182,14,14,0,0,0,0,0,0,0.01597819499875186,14,0.8886674149683148,0.6539001860694059,0.07815878018297273
RetailNet,routine,conventional,121,29568.57852856583,25477.16998967495,23546.16366198009,480.1201460938962,20457.04269445443,2609.000821431765,2609.000821431765,11392.0,19863.0,0,0,25358.0,182,14,14,0,0,0,0,0,0,0.015894841992121655,14,0.861629853632016,0.7963238286626608,0.0834746703385623
RetailNet,routine,conventional,122,29833.67055140652,25958.847233154425,22291.76131758114,443.76041306896735,19374.116591260492,2473.8843132516777,2473.8843132516777,11392.0,19858.0,0,0,26084.0,182,14,14,0,0,0,0,0,0,0.01597215100628091,14,0.8701191222321982,0.7472014306509859,0.07916429802405368
RetailNet,routine,conventional,123,29466.373260565695,25574.20151212861,22581.606100373945,477.612864086208,19460.858742185435,2643.1344941023067,2643.1344941023067,11392.0,19680.0,0,0,25737.0,182,14,14,0,0,0,0,0,0,0.015577389007376041,14,0.8679114082340799,0.7663517291622207,0.08506483310061491
RetailNet,routine,conventional,124,30169.55068790312,26427.61455575626,21628.791470913646,451.1241695362952,18709.680660734288,2467.9866406430638,2467.9866406430638,11392.0,20385.0,0,0,26198.0,182,14,14,0,0,0,0,0,0,0.022704351016727742,14,0.8759697759222103,0.7169079743566084,0.07766581617657625
RetailNet,routine,conventional,125,29633.607554374168,25891.098195942264,21700.655757275843,447.83603447989253,18712.546792159497,2540.2729306364554,2540.2729306364554,11392.0,19663.0,0,0,25826.0,182,14,14,0,0,0,0,0,0,0.015211604986689053,14,0.8737072645790817,0.7322988170595734,0.08179916054214958
RetailNet,routine,conventional,126,29608.316186523996,25789.805970956615,22152.65189417614,464.3455420412738,19092.551077836913,2595.7552742979515,2595.7552742979515,11392.0,19619.0,0,0,25777.0,182,14,14,0,0,0,0,0,0,0.015391252025438007,14,0.871032510207205,0.7481901961131702,0.08370433956653935
RetailNet,routine,conventional,127,29749.539996711566,25053.016696334642,26659.644544690145,470.34191822354086,23482.616501884615,2706.6861245819887,2706.6861245819887,11392.0,18926.0,0,0,25347.0,182,14,14,0,0,0,0,0,0,0.016060856010881253,14,0.8421312295620011,0.8961363620290274,0.08927653950069228
RetailNet,routine,conventional,128,29533.941318408182,26178.453428435307,19632.95341616143,451.83962790958435,16777.439449864374,2403.6743383874687,2403.6743383874687,11392.0,20143.0,0,0,26115.0,182,14,14,0,0,0,0,0,0,0.0160660729961819,14,0.8863853674727309,0.664759004038666,0.07622243026438778
RetailNet,routine,conventional,129,29701.499934247215,26328.495656982355,19861.744878495636,449.2579068061897,16865.021386324304,2547.4655853651425,2547.4655853651425,11392.0,20189.0,0,0,26174.0,182,14,14,0,0,0,0,0,0,0.01589581000007456,14,0.886436567690791,0.668711846959423,0.08066450034404048
RetailNet,routine,conventional,130,30210.738411481114,25955.464889280003,24061.936115234435,448.37603802237993,21276.367611005542,2337.192466206513,2337.192466206513,11392.0,19404.0,0,0,26192.0,182,14,14,0,0,0,0,0,0,0.01620800601085648,14,0.8591469872651653,0.7964696455777485,0.07589272847793586
RetailNet,routine,llm_agents,101,29924.096847582427,25992.85467736572,22403.50218976644,442.4576789880206,19656.210851083502,2304.8336596949184,2304.8336596949184,11392.0,19574.0,0,0,25990.0,182,14,14,0,0,42,0,13533,2072,52.39944560500953,14,0.8686262048194677,0.7486776394247776,0.07443110701075109
RetailNet,routine,llm_agents,102,29862.616910274603,26399.660896057583,20120.70645276727,456.8639070215594,17314.7800710851,2349.062474660609,2349.062474660609,11392.0,20036.0,0,0,26393.0,182,14,14,0,0,42,0,13610,2078,54.07880135300729,14,0.8840370880883669,0.6737757281360192,0.07474425590749043
RetailNet,routine,llm_agents,103,29724.170147358374,26127.175100986977,20742.32678566368,467.01253455182086,17984.975231856944,2290.339019254913,2290.339019254913,11392.0,19872.0,0,0,25880.0,182,14,14,0,0,42,0,13639,2149,55.577115369997045,14,0.87898753679113,0.6978269429502333,0.07325802901915664
RetailNet,routine,llm_agents,104,29599.65418654315,25571.752898694544,23025.996828083058,451.5977781186901,20139.50643924305,2434.892610721316,2434.892610721316,11392.0,19058.0,0,0,25883.0,182,14,14,0,0,42,0,13533,2072,50.72386099199866,14,0.8639206639893852,0.7779143865319661,0.07996363253600382
RetailNet,routine,llm_agents,105,29670.266158133403,26199.417258245237,20248.407046702523,451.02103901202236,17354.244499440847,2443.1415082496524,2443.1415082496524,11392.0,19637.0,0,0,26148.0,182,14,14,0,0,42,0,13610,2075,55.26523058300154,14,0.8830192866693677,0.6824477724191867,0.07873735886588844
RetailNet,routine,llm_agents,106,29689.830968909875,26021.598700415958,21095.319106981457,452.7620033105761,18341.161342469557,2301.3957612013237,2301.3957612013237,11392.0,19486.0,0,0,26165.0,182,14,14,0,0,42,0,13639,2112,56.141109295000206,14,0.8764481929070207,0.7105233818633632,0.07453189200082012
RetailNet,routine,llm_agents,107,29605.653720390754,25572.986026992196,23072.481668160395,445.3600293158866,20163.338466992784,2463.7831718517264,2463.7831718517264,11392.0,19302.0,0,0,25627.0,182,14,14,0,0,42,0,13534,2072,52.08630669899867,14,0.863787243764826,0.7793268774291355,0.0802692113068263
RetailNet,routine,llm_agents,108,29309.54075392802,26045.583605088137,19325.699186952712,466.59350950801235,16319.785744199402,2539.3199332452978,2539.3199332452978,11392.0,19912.0,0,0,26230.0,182,14,14,0,0,42,0,13610,2078,55.28098006000073,14,0.8886384069868972,0.6593654724652317,0.08111806584606752
RetailNet,routine,llm_agents,109,29732.9594305462,26347.937235624788,19602.359091171067,440.51992294153905,16925.110974607065,2236.728193622468,2236.728193622468,11392.0,20093.0,0,0,25579.0,182,14,14,0,0,42,0,13639,2106,53.93518548597058,14,0.8861525303988473,0.6592804573308823,0.0710410733245186
RetailNet,routine,llm_agents,110,29822.40579962411,25992.9450527472,21998.950861263507,456.16884586166714,19147.30373438457,2395.4782810172674,2395.4782810172674,11392.0,19854.0,0,0,25568.0,182,14,14,0,0,42,0,13530,2106,53.33564386299258,14,0.8715911528866267,0.737665197404724,0.0766651181276729
RetailNet,routine,llm_agents,111,29761.358139411015,26036.200075378674,21531.584370039593,459.7538342542323,18625.790320161686,2446.040215623677,2446.040215623677,11392.0,19796.0,0,0,26219.0,182,14,14,0,0,42,0,13609,2072,54.000593887030846,14,0.8748323901556307,0.7234745225395721,0.0784288898173553
RetailNet,routine,llm_agents,112,29338.596363243552,25828.896225236407,20549.97479182334,462.9124804882856,17548.50069003575,2538.5616212993,2538.5616212993,11392.0,19827.0,0,0,25616.0,182,14,14,0,0,42,0,13639,2140,55.47461712398945,14,0.8803725953841397,0.7004416481754079,0.08131463600049009
RetailNet,routine,llm_agents,113,29680.01072816141,26297.705031788042,19756.19961382467,439.6903216354207,16911.528481866826,2404.980810322422,2404.980810322422,11392.0,19813.0,0,0,26174.0,182,14,14,0,0,42,0,13533,2081,52.84734189698793,14,0.8860409543867138,0.6656399081109263,0.0770703672591707
RetailNet,routine,llm_agents,114,29907.71892402356,25320.03767088727,25831.69439775194,445.0470347928228,22938.406265681428,2448.2410972776916,2448.2410972776916,11392.0,18711.0,0,0,25279.0,182,14,14,0,0,42,0,13608,2075,54.53148132903152,14,0.8466054444074902,0.8637132929921469,0.08132880766959079
RetailNet,routine,llm_agents,115,29858.277371444477,26000.83061057381,22213.260689386298,450.3765547208508,19287.233804353327,2475.65033031212,2475.65033031212,11392.0,19793.0,0,0,25968.0,182,14,14,0,0,42,0,13639,2072,53.6298590529841,14,0.8708081275793957,0.7439565388534559,0.07938593331127529
RetailNet,routine,llm_agents,116,29540.1536348214,26016.363426009193,20402.360656594632,455.4454761475045,17618.951044061025,2327.964136386101,2327.964136386101,11392.0,20015.0,0,0,25683.0,182,14,14,0,0,42,0,13533,2072,53.28327993700805,14,0.8807118523358516,0.690665353633933,0.07412246111968991
RetailNet,routine,llm_agents,117,29754.505221577812,26145.041351593707,20749.832510490174,455.586910568436,18047.319349920523,2246.9262500012137,2246.9262500012137,11392.0,19864.0,0,0,26086.0,182,14,14,0,0,42,0,13609,2075,54.23274370101717,14,0.8786918537846652,0.6973677551002428,0.07188783753523208
RetailNet,routine,llm_agents,118,29553.333380789983,26051.310253974993,20287.913690811536,466.1905526011595,17510.11563407493,2311.607504135445,2311.607504135445,11392.0,19860.0,0,0,26222.0,182,14,14,0,0,42,0,13640,2146,55.463731931005896,14,0.8815015862443677,0.6864847842849064,0.07396670626313341
RetailNet,routine,llm_agents,119,30097.115821517473,26521.875894519624,20666.865236198115,445.1330010671526,17876.19963498923,2345.532600141737,2345.532600141737,11392.0,19925.0,0,0,26514.0,182,14,14,0,0,42,0,13531,2109,53.064991952996934,14,0.8812098824286084,0.686672615368103,0.07489646518318284
RetailNet,routine,llm_agents,120,29958.86319704017,26820.131573828705,18579.67628757225,455.4487750149791,15693.658116057322,2430.5693964999464,2430.5693964999464,11392.0,20363.0,0,0,26704.0,182,14,14,0,0,42,0,13609,2075,51.75469024899212,14,0.8952319518077856,0.6201729406544323,0.07654131306880638
RetailNet,routine,llm_agents,121,29568.57852856583,25607.13170061492,22778.016152059972,471.1036177736444,19807.234139754597,2499.6783945317284,2499.6783945317284,11392.0,19562.0,0,0,25689.0,182,14,14,0,0,42,0,13639,2106,56.104332106988295,14,0.8660251177064935,0.7703453221484563,0.08075461635109286
RetailNet,routine,llm_agents,122,29833.67055140652,25966.467860876954,22131.622487919114,448.3702938845714,19336.01345264785,2347.238741386688,2347.238741386688,11392.0,19741.0,0,0,26293.0,182,14,14,0,0,42,0,13534,2143,52.68413042002794,14,0.8703745593802823,0.7418337093246379,0.07539391454041333
RetailNet,routine,llm_agents,123,29466.373260565695,25814.614063365603,21268.608928605085,473.0208026386232,18258.795986000474,2536.7921399659863,2536.7921399659863,11392.0,19800.0,0,0,26012.0,182,14,14,0,0,42,0,13607,2075,53.02247110501048,14,0.8760702864615112,0.7217925579280051,0.08132829379218987
RetailNet,routine,llm_agents,124,30169.55068790312,26546.058076258865,20962.191773116007,451.34753911450343,18117.46305822126,2393.3811757802437,2393.3811757802437,11392.0,20384.0,0,0,26365.0,182,14,14,0,0,42,0,13637,2075,54.94625209199876,14,0.879895705138985,0.6948128591627012,0.07532040457515872
RetailNet,routine,llm_agents,125,29633.607554374168,26144.745611459835,20386.915325598202,451.3437237343927,17444.30971457165,2491.2618872921576,2491.2618872921576,11392.0,19801.0,0,0,26162.0,182,14,14,0,0,42,0,13533,2078,54.78097475100367,14,0.8822667157040301,0.6879660293870944,0.0798660560796383
RetailNet,routine,llm_agents,126,29608.316186523996,26056.952721941765,20714.025852172228,463.7231141973066,17756.817322911164,2493.48541506376,2493.48541506376,11392.0,19890.0,0,0,26146.0,182,14,14,0,0,42,0,13609,2078,53.41708756300068,14,0.8800552033351154,0.6996016160351618,0.07970991033385844
RetailNet,routine,llm_agents,127,29749.539996711566,25287.908568265477,25160.94117506785,451.5248140217585,22308.157142230433,2401.2592188156564,2401.2592188156564,11392.0,18822.0,0,0,25694.0,182,14,14,0,0,42,0,13640,2146,56.43783299498318,14,0.8500268767537492,0.8457589992265114,0.07947505192346781
RetailNet,routine,llm_agents,128,29533.941318408182,26428.4338934154,18339.80860764511,453.10977136818525,15527.537124963925,2359.1617113129982,2359.1617113129982,11392.0,20246.0,0,0,26255.0,182,14,14,0,0,42,0,13534,2075,55.78116908598895,14,0.8948495430558348,0.6209739638174911,0.0745673465867943
RetailNet,routine,llm_agents,129,29701.499934247215,26463.044044050566,19198.42517032072,458.9309908506476,16192.279450983257,2547.2147284868142,2547.2147284868142,11392.0,20221.0,0,0,26535.0,182,14,14,0,0,42,0,13610,2072,55.31133886499447,14,0.8909665876347693,0.6463789779244125,0.08057491312076723
RetailNet,routine,llm_agents,130,30210.738411481114,26109.860939038146,23198.32853233079,446.22780688311144,20504.387362214824,2247.7133632328564,2247.7133632328564,11392.0,19394.0,0,0,26098.0,182,14,14,0,0,42,0,13638,2072,52.52584572998603,14,0.8642576220220922,0.7678835325492949,0.07301089336818217
RetailNet,routine,structured_planner,101,29924.096847582427,25992.85467736572,22403.50218976644,442.4576789880206,19656.210851083502,2304.8336596949184,2304.8336596949184,11392.0,19574.0,0,0,25990.0,182,14,14,0,0,0,0,0,0,0.0865004180050164,14,0.8686262048194677,0.7486776394247776,0.07443110701075109
RetailNet,routine,structured_planner,102,29862.616910274603,26399.660896057583,20120.70645276727,456.8639070215594,17314.7800710851,2349.062474660609,2349.062474660609,11392.0,20036.0,0,0,26393.0,182,14,14,0,0,0,0,0,0,0.08994032399641583,14,0.8840370880883669,0.6737757281360192,0.07474425590749043
RetailNet,routine,structured_planner,103,29724.170147358374,26127.175100986977,20742.32678566368,467.01253455182086,17984.975231856944,2290.339019254913,2290.339019254913,11392.0,19872.0,0,0,25880.0,182,14,14,0,0,0,0,0,0,0.09793609200278297,14,0.87898753679113,0.6978269429502333,0.07325802901915664
RetailNet,routine,structured_planner,104,29599.65418654315,25571.752898694544,23025.996828083058,451.5977781186901,20139.50643924305,2434.892610721316,2434.892610721316,11392.0,19058.0,0,0,25883.0,182,14,14,0,0,0,0,0,0,0.08748712799570058,14,0.8639206639893852,0.7779143865319661,0.07996363253600382
RetailNet,routine,structured_planner,105,29670.266158133403,26199.417258245237,20248.407046702523,451.02103901202236,17354.244499440847,2443.1415082496524,2443.1415082496524,11392.0,19637.0,0,0,26148.0,182,14,14,0,0,0,0,0,0,0.08444419097941136,14,0.8830192866693677,0.6824477724191867,0.07873735886588844
RetailNet,routine,structured_planner,106,29689.830968909875,26021.598700415958,21095.319106981457,452.7620033105761,18341.161342469557,2301.3957612013237,2301.3957612013237,11392.0,19486.0,0,0,26165.0,182,14,14,0,0,0,0,0,0,0.08457051900040824,14,0.8764481929070207,0.7105233818633632,0.07453189200082012
RetailNet,routine,structured_planner,107,29605.653720390754,25572.986026992196,23072.481668160395,445.3600293158866,20163.338466992784,2463.7831718517264,2463.7831718517264,11392.0,19302.0,0,0,25627.0,182,14,14,0,0,0,0,0,0,0.08657440100068925,14,0.863787243764826,0.7793268774291355,0.0802692113068263
RetailNet,routine,structured_planner,108,29309.54075392802,26045.583605088137,19325.699186952712,466.59350950801235,16319.785744199402,2539.3199332452978,2539.3199332452978,11392.0,19912.0,0,0,26230.0,182,14,14,0,0,0,0,0,0,0.08289221500308486,14,0.8886384069868972,0.6593654724652317,0.08111806584606752
RetailNet,routine,structured_planner,109,29732.9594305462,26347.937235624788,19602.359091171067,440.51992294153905,16925.110974607065,2236.728193622468,2236.728193622468,11392.0,20093.0,0,0,25579.0,182,14,14,0,0,0,0,0,0,0.08476945301663363,14,0.8861525303988473,0.6592804573308823,0.0710410733245186
RetailNet,routine,structured_planner,110,29822.40579962411,25992.9450527472,21998.950861263507,456.16884586166714,19147.30373438457,2395.4782810172674,2395.4782810172674,11392.0,19854.0,0,0,25568.0,182,14,14,0,0,0,0,0,0,0.08234876899223309,14,0.8715911528866267,0.737665197404724,0.0766651181276729
RetailNet,routine,structured_planner,111,29761.358139411015,26036.200075378674,21531.584370039593,459.7538342542323,18625.790320161686,2446.040215623677,2446.040215623677,11392.0,19796.0,0,0,26219.0,182,14,14,0,0,0,0,0,0,0.08710469499055762,14,0.8748323901556307,0.7234745225395721,0.0784288898173553
RetailNet,routine,structured_planner,112,29338.596363243552,25828.896225236407,20549.97479182334,462.9124804882856,17548.50069003575,2538.5616212993,2538.5616212993,11392.0,19827.0,0,0,25616.0,182,14,14,0,0,0,0,0,0,0.08912119799060747,14,0.8803725953841397,0.7004416481754079,0.08131463600049009
RetailNet,routine,structured_planner,113,29680.01072816141,26297.705031788042,19756.19961382467,439.6903216354207,16911.528481866826,2404.980810322422,2404.980810322422,11392.0,19813.0,0,0,26174.0,182,14,14,0,0,0,0,0,0,0.08382446399627952,14,0.8860409543867138,0.6656399081109263,0.0770703672591707
RetailNet,routine,structured_planner,114,29907.71892402356,25320.03767088727,25831.69439775194,445.0470347928228,22938.406265681428,2448.2410972776916,2448.2410972776916,11392.0,18711.0,0,0,25279.0,182,14,14,0,0,0,0,0,0,0.07871250900643645,14,0.8466054444074902,0.8637132929921469,0.08132880766959079
RetailNet,routine,structured_planner,115,29858.277371444477,26000.83061057381,22213.260689386298,450.3765547208508,19287.233804353327,2475.65033031212,2475.65033031212,11392.0,19793.0,0,0,25968.0,182,14,14,0,0,0,0,0,0,0.08804564399906667,14,0.8708081275793957,0.7439565388534559,0.07938593331127529
RetailNet,routine,structured_planner,116,29540.1536348214,26016.363426009193,20402.360656594632,455.4454761475045,17618.951044061025,2327.964136386101,2327.964136386101,11392.0,20015.0,0,0,25683.0,182,14,14,0,0,0,0,0,0,0.08038141200086102,14,0.8807118523358516,0.690665353633933,0.07412246111968991
RetailNet,routine,structured_planner,117,29754.505221577812,26145.041351593707,20749.832510490174,455.586910568436,18047.319349920523,2246.9262500012137,2246.9262500012137,11392.0,19864.0,0,0,26086.0,182,14,14,0,0,0,0,0,0,0.08345995599665912,14,0.8786918537846652,0.6973677551002428,0.07188783753523208
RetailNet,routine,structured_planner,118,29553.333380789983,26051.310253974993,20287.913690811536,466.1905526011595,17510.11563407493,2311.607504135445,2311.607504135445,11392.0,19860.0,0,0,26222.0,182,14,14,0,0,0,0,0,0,0.09303186701436061,14,0.8815015862443677,0.6864847842849064,0.07396670626313341
RetailNet,routine,structured_planner,119,30097.115821517473,26521.875894519624,20666.865236198115,445.1330010671526,17876.19963498923,2345.532600141737,2345.532600141737,11392.0,19925.0,0,0,26514.0,182,14,14,0,0,0,0,0,0,0.08600891699461499,14,0.8812098824286084,0.686672615368103,0.07489646518318284
RetailNet,routine,structured_planner,120,29958.86319704017,26820.131573828705,18579.67628757225,455.4487750149791,15693.658116057322,2430.5693964999464,2430.5693964999464,11392.0,20363.0,0,0,26704.0,182,14,14,0,0,0,0,0,0,0.08494008000707254,14,0.8952319518077856,0.6201729406544323,0.07654131306880638
RetailNet,routine,structured_planner,121,29568.57852856583,25607.13170061492,22778.016152059972,471.1036177736444,19807.234139754597,2499.6783945317284,2499.6783945317284,11392.0,19562.0,0,0,25689.0,182,14,14,0,0,0,0,0,0,0.08571223900798941,14,0.8660251177064935,0.7703453221484563,0.08075461635109286
RetailNet,routine,structured_planner,122,29833.67055140652,25966.467860876954,22131.622487919114,448.3702938845714,19336.01345264785,2347.238741386688,2347.238741386688,11392.0,19741.0,0,0,26293.0,182,14,14,0,0,0,0,0,0,0.08993386299698614,14,0.8703745593802823,0.7418337093246379,0.07539391454041333
RetailNet,routine,structured_planner,123,29466.373260565695,25814.614063365603,21268.608928605085,473.0208026386232,18258.795986000474,2536.7921399659863,2536.7921399659863,11392.0,19800.0,0,0,26012.0,182,14,14,0,0,0,0,0,0,0.13954805900721112,14,0.8760702864615112,0.7217925579280051,0.08132829379218987
RetailNet,routine,structured_planner,124,30169.55068790312,26546.058076258865,20962.191773116007,451.34753911450343,18117.46305822126,2393.3811757802437,2393.3811757802437,11392.0,20384.0,0,0,26365.0,182,14,14,0,0,0,0,0,0,0.10260345001006499,14,0.879895705138985,0.6948128591627012,0.07532040457515872
RetailNet,routine,structured_planner,125,29633.607554374168,26144.745611459835,20386.915325598202,451.3437237343927,17444.30971457165,2491.2618872921576,2491.2618872921576,11392.0,19801.0,0,0,26162.0,182,14,14,0,0,0,0,0,0,0.07909500100504374,14,0.8822667157040301,0.6879660293870944,0.0798660560796383
RetailNet,routine,structured_planner,126,29608.316186523996,26056.952721941765,20714.025852172228,463.7231141973066,17756.817322911164,2493.48541506376,2493.48541506376,11392.0,19890.0,0,0,26146.0,182,14,14,0,0,0,0,0,0,0.0854021609920892,14,0.8800552033351154,0.6996016160351618,0.07970991033385844
RetailNet,routine,structured_planner,127,29749.539996711566,25287.908568265477,25160.94117506785,451.5248140217585,22308.157142230433,2401.2592188156564,2401.2592188156564,11392.0,18822.0,0,0,25694.0,182,14,14,0,0,0,0,0,0,0.08186723201652057,14,0.8500268767537492,0.8457589992265114,0.07947505192346781
RetailNet,routine,structured_planner,128,29533.941318408182,26428.4338934154,18339.80860764511,453.10977136818525,15527.537124963925,2359.1617113129982,2359.1617113129982,11392.0,20246.0,0,0,26255.0,182,14,14,0,0,0,0,0,0,0.08671617498475825,14,0.8948495430558348,0.6209739638174911,0.0745673465867943
RetailNet,routine,structured_planner,129,29701.499934247215,26463.044044050566,19198.42517032072,458.9309908506476,16192.279450983257,2547.2147284868142,2547.2147284868142,11392.0,20221.0,0,0,26535.0,182,14,14,0,0,0,0,0,0,0.0876432229852071,14,0.8909665876347693,0.6463789779244125,0.08057491312076723
RetailNet,routine,structured_planner,130,30210.738411481114,26109.860939038146,23198.32853233079,446.22780688311144,20504.387362214824,2247.7133632328564,2247.7133632328564,11392.0,19394.0,0,0,26098.0,182,14,14,0,0,0,0,0,0,0.0928112279943889,14,0.8642576220220922,0.7678835325492949,0.07301089336818217
RetailNet,supplier_disruption,conventional,101,29924.096847582427,23608.416315978044,33924.67565007665,434.8218927753678,31578.4026580219,1911.451099279379,1911.451099279379,11392.0,18772.0,0,0,27479.0,182,14,14,0,0,0,0,0,0,0.015070806995936437,14,0.788943320034916,1.133690878721288,0.06336862151171525
RetailNet,supplier_disruption,conventional,102,29862.616910274603,24316.859724816997,30207.846328966858,453.02123393706256,27728.785927288023,2026.0391677417733,2026.0391677417733,11392.0,19512.0,0,0,28187.0,182,14,14,0,0,0,0,0,0,0.014822434994130163,14,0.8142909845402893,1.0115605882675833,0.06555912398853783
RetailNet,supplier_disruption,conventional,103,29724.170147358374,24046.327667010977,30703.757125432196,454.1742668216529,28389.21240173697,1860.370456873569,1860.370456873569,11392.0,19517.0,0,0,27723.0,182,14,14,0,0,0,0,0,0,0.01565422899875557,14,0.808982304562269,1.0329559066987402,0.06018863298306542
RetailNet,supplier_disruption,conventional,104,29599.65418654315,24119.61112376436,29915.63933554297,456.4085033087413,27400.21531389396,2059.0155183402685,2059.0155183402685,11392.0,19604.0,0,0,28038.0,182,14,14,0,0,0,0,0,0,0.015277063008397818,14,0.8148612470861172,1.0106752986710053,0.06642842684024611
RetailNet,supplier_disruption,conventional,105,29670.266158133403,23903.550107967374,31367.381041484485,473.6447658908428,28833.58025083017,2060.156024763469,2060.156024763469,11392.0,20295.0,0,0,27510.0,182,14,14,0,0,0,0,0,0,0.015387407001981046,14,0.8056398948553004,1.0571991796199596,0.0650158116818717
RetailNet,supplier_disruption,conventional,106,29689.830968909875,23810.802205894986,31863.61393757951,482.1577706204641,29395.143815074407,1986.3123518846348,1986.3123518846348,11392.0,20010.0,0,0,27797.0,182,14,14,0,0,0,0,0,0,0.015661808000004385,14,0.8019851049616552,1.0732164144331418,0.06325432621758598
RetailNet,supplier_disruption,conventional,107,29605.653720390754,23686.065893814113,32075.518087595374,457.37568239343693,29597.939132883206,2020.2032723187258,2020.2032723187258,11392.0,18855.0,0,0,27668.0,182,14,14,0,0,0,0,0,0,0.015053898001497146,14,0.8000521156369687,1.0834254291606307,0.06679020307199808
RetailNet,supplier_disruption,conventional,108,29309.54075392802,23791.37232312948,30156.498420733362,475.3706975093843,27590.84215399268,2090.2855692312974,2090.2855692312974,11392.0,19952.0,0,0,27839.0,182,14,14,0,0,0,0,0,0,0.01572495701839216,14,0.81172791217962,1.028896995484033,0.06668853908981934
RetailNet,supplier_disruption,conventional,109,29732.9594305462,23905.364806155783,31578.460203482584,431.33877728744886,29137.973121952076,2009.1483042430568,2009.1483042430568,11392.0,18976.0,0,0,27452.0,182,14,14,0,0,0,0,0,0,0.01582128099835245,14,0.8040022003863017,1.0620691921787107,0.06616004689946842
RetailNet,supplier_disruption,conventional,110,29822.40579962411,23694.124865618935,33166.2146753378,463.91303709318856,30641.404670025913,2060.896968218696,2060.896968218696,11392.0,19317.0,0,0,27591.0,182,14,14,0,0,0,0,0,0,0.015721970972663257,14,0.7945074929507392,1.1121240485486195,0.06711052031061565
RetailNet,supplier_disruption,conventional,111,29761.358139411015,23991.41888592475,31314.163109731035,465.7011106958594,28849.69626743129,1998.765731603884,1998.765731603884,11392.0,19767.0,0,0,27669.0,182,14,14,0,0,0,0,0,0,0.01568689299892867,14,0.8061264803018008,1.0521752052794842,0.06414730034994333
RetailNet,supplier_disruption,conventional,112,29338.596363243552,23581.839902875538,31371.053655527136,465.0712820439586,28783.782301840096,2122.2000716430857,2122.2000716430857,11392.0,19662.0,0,0,27192.0,182,14,14,0,0,0,0,0,0,0.015469542020582594,14,0.8037821445479824,1.069275887200586,0.06833902465521625
RetailNet,supplier_disruption,conventional,113,29680.01072816141,23996.306701938596,30906.99628001795,450.385107168401,28418.520131114048,2038.0910417355053,2038.0910417355053,11392.0,19190.0,0,0,27949.0,182,14,14,0,0,0,0,0,0,0.016057458000432234,14,0.808500607419595,1.0413404686101522,0.066643484459339
RetailNet,supplier_disruption,conventional,114,29907.71892402356,23245.143650015634,35890.669382423184,480.97060604559647,33312.876370039616,2096.822406337966,2096.822406337966,11392.0,19877.0,0,0,26885.0,182,14,14,0,0,0,0,0,0,0.015418938986840658,14,0.7772289056569884,1.2000470337974785,0.06705754601483789
RetailNet,supplier_disruption,conventional,115,29858.277371444477,23480.586891407344,34392.80768554125,472.7897772433761,31888.452400185677,2031.5655081121963,2031.5655081121963,11392.0,19768.0,0,0,27455.0,182,14,14,0,0,0,0,0,0,0.015078671000082977,14,0.7864012581604404,1.151868450335767,0.0651978661139986
RetailNet,supplier_disruption,conventional,116,29540.1536348214,23389.16147239104,33277.51266819909,460.2101190298457,30754.96081215181,2062.341737017433,2062.341737017433,11392.0,19909.0,0,0,27093.0,182,14,14,0,0,0,0,0,0,0.015245577997120563,14,0.7917752142229998,1.1265179280913473,0.06588740733578585
RetailNet,supplier_disruption,conventional,117,29754.505221577812,23891.696100891193,31669.569395113067,443.0087601150075,29314.045603433115,1912.5150315649514,1912.5150315649514,11392.0,18984.0,0,0,27928.0,182,14,14,0,0,0,0,0,0,0.015473969993763603,14,0.8029606247179355,1.064362158243736,0.06296138502649959
RetailNet,supplier_disruption,conventional,118,29553.333380789983,23980.632566155953,30316.626930014376,461.88954445662796,27863.504073170137,1991.2333123876124,1991.2333123876124,11392.0,19970.0,0,0,27812.0,182,14,14,0,0,0,0,0,0,0.015654486989660654,14,0.8114357949801916,1.025827663478413,0.06349191098742467
RetailNet,supplier_disruption,conventional,119,30097.115821517473,24427.842169015294,30754.824703578983,452.25841353792975,28346.36826251086,1956.1980275301928,1956.1980275301928,11392.0,19521.0,0,0,28254.0,182,14,14,0,0,0,0,0,0,0.015540740023425315,14,0.8116339889136812,1.021852887365084,0.06328075655970604
RetailNet,supplier_disruption,conventional,120,29958.86319704017,24646.367347034982,29062.814639473534,462.2650741763663,26562.479250025954,2038.0703152712172,2038.0703152712172,11392.0,20084.0,0,0,28278.0,182,14,14,0,0,0,0,0,0,0.015414581983350217,14,0.822673650363007,0.9700907023182654,0.06474997824600386
RetailNet,supplier_disruption,conventional,121,29568.57852856583,23144.328459537777,34623.440661028595,467.9767253489783,32121.250345140295,2034.2135905393259,2034.2135905393259,11392.0,19026.0,0,0,27614.0,182,14,14,0,0,0,0,0,0,0.015517291001742706,14,0.7827338888536131,1.1709538430323705,0.06687532351039929
RetailNet,supplier_disruption,conventional,122,29833.67055140652,23808.240074930134,32520.222477616204,446.4894927537152,30127.15238238194,1946.5806024805424,1946.5806024805424,11392.0,19269.0,0,0,27783.0,182,14,14,0,0,0,0,0,0,0.015830002972506918,14,0.7980325462770683,1.0900510019905352,0.06348718575651617
RetailNet,supplier_disruption,conventional,123,29466.373260565695,23946.84650516789,30149.41962499347,475.1433594732615,27597.633776989034,2076.6424885311762,2076.6424885311762,11392.0,19885.0,0,0,27933.0,182,14,14,0,0,0,0,0,0,0.014852199972665403,14,0.812683878447149,1.0231805372988294,0.0663951941852216
RetailNet,supplier_disruption,conventional,124,30169.55068790312,24203.991114249613,32295.850045702282,469.2635698079471,29827.79786826752,1998.788607626816,1998.788607626816,11392.0,19978.0,0,0,27901.0,182,14,14,0,0,0,0,0,0,0.015800911009137053,14,0.8022655479570838,1.0704783236513937,0.06371656383891668
RetailNet,supplier_disruption,conventional,125,29633.607554374168,23912.447864898662,31027.038234089625,454.6198259952786,28605.798447377514,1966.6199607168285,1966.6199607168285,11392.0,19374.0,0,0,27594.0,182,14,14,0,0,0,0,0,0,0.01615636402129894,14,0.8069367801750815,1.0470219725073526,0.06392186051865138
RetailNet,supplier_disruption,conventional,126,29608.316186523996,24141.565103933033,29866.13037172825,473.432832984161,27333.755412954815,2058.94212578927,2058.94212578927,11392.0,19986.0,0,0,27866.0,182,14,14,0,0,0,0,0,0,0.015470938982616644,14,0.8153643372303923,1.0087074922998018,0.06561737923989006
RetailNet,supplier_disruption,conventional,127,29749.539996711566,23454.174925429907,34008.10553817824,468.17952768074286,31476.82535640829,2063.100654089204,2063.100654089204,11392.0,19611.0,0,0,27367.0,182,14,14,0,0,0,0,0,0,0.01684184499026742,14,0.7883878180308828,1.1431472736027988,0.06654519414537961
RetailNet,supplier_disruption,conventional,128,29533.941318408182,24232.23186199194,28988.49571456659,452.38353414124606,26508.54728208122,2027.5648983441242,2027.5648983441242,11392.0,19977.0,0,0,27974.0,182,14,14,0,0,0,0,0,0,0.015879039987339638,14,0.8204875739658984,0.9815315674274188,0.06463594307577941
RetailNet,supplier_disruption,conventional,129,29701.499934247215,24276.68080423535,29638.010045224804,464.5557139995352,27124.09565005934,2049.3586811659247,2049.3586811659247,11392.0,19631.0,0,0,28090.0,182,14,14,0,0,0,0,0,0,0.01789681900118012,14,0.8173553813099925,0.997862401253709,0.06605933279070124
RetailNet,supplier_disruption,conventional,130,30210.738411481114,24466.48967576222,31129.22973582508,476.00697075232495,28721.24367859449,1931.9790864782622,1931.9790864782622,11392.0,20172.0,0,0,28204.0,182,14,14,0,0,0,0,0,0,0.015168636993621476,14,0.8098606972964327,1.0304028094856135,0.061208309671722916
RetailNet,supplier_disruption,llm_agents,101,29924.096847582427,23733.679376480206,33312.83297936728,419.2452211596146,30952.08735551108,1941.5004026965848,1941.5004026965848,11392.0,17537.0,0,0,27819.0,182,14,14,0,0,42,0,13597,2128,54.98222921499837,14,0.7931293464717434,1.1132443912691932,0.06711259990655
RetailNet,supplier_disruption,llm_agents,102,29862.616910274603,24487.809497322312,29367.37079674206,442.7999785570927,26874.037064761436,2050.5337534235323,2050.5337534235323,11392.0,18635.0,0,0,28773.0,182,14,14,0,0,42,0,13677,2095,53.008497512004396,14,0.8200155254610985,0.983415850157387,0.06828966441614322
RetailNet,supplier_disruption,llm_agents,103,29724.170147358374,24221.83694572952,29892.54665609167,439.6174211533944,27511.666008144242,1941.2632267940335,1941.2632267940335,11392.0,18206.0,0,0,27929.0,182,14,14,0,0,42,0,13697,2156,57.128315984995425,14,0.8148869026670589,1.0056646327853247,0.06558764871930649
RetailNet,supplier_disruption,llm_agents,104,29599.65418654315,24220.87782255377,29422.47716310581,433.87356890084016,26893.881819946895,2094.7217742580733,2094.7217742580733,11392.0,18215.0,0,0,28447.0,182,14,14,0,0,42,0,13597,2093,55.53632830100469,14,0.8182824593121523,0.9940142198175447,0.07075089587793675
RetailNet,supplier_disruption,llm_agents,105,29670.266158133403,24044.769812049868,30686.81718562669,443.6124363339956,28127.481730417705,2115.7230188749872,2115.7230188749872,11392.0,18739.0,0,0,28181.0,182,14,14,0,0,42,0,13677,2092,54.20790479499556,14,0.8103995321072832,1.0342616079705986,0.07021748428113861
RetailNet,supplier_disruption,llm_agents,106,29689.830968909875,24087.984688415225,30478.518311612785,446.1610150560062,28009.231402473233,2023.1258940835487,2023.1258940835487,11392.0,18380.0,0,0,28486.0,182,14,14,0,0,42,0,13699,2159,55.45129185699625,14,0.8113210450284913,1.0265642247518618,0.06795398005117388
RetailNet,supplier_disruption,llm_agents,107,29605.653720390754,23844.795394777695,31285.92099318134,426.27404043705025,28804.291628065304,2055.3553246789807,2055.3553246789807,11392.0,17819.0,0,0,28181.0,182,14,14,0,0,42,0,13599,2092,55.82867807598814,14,0.8054135747171394,1.0567549458174372,0.07036237460816065
RetailNet,supplier_disruption,llm_agents,108,29309.54075392802,24014.157690678687,29053.652136898956,442.11522977141203,26476.915316246646,2134.6215908808963,2134.6215908808963,11392.0,18468.0,0,0,28241.0,182,14,14,0,0,42,0,13677,2095,57.05272470002092,14,0.8193290332418581,0.9912694429715767,0.07148766211925306
RetailNet,supplier_disruption,llm_agents,109,29732.9594305462,24205.14935316788,30126.997383241076,422.9340992665037,27639.05038689159,2065.012897082987,2065.012897082987,11392.0,18049.0,0,0,27787.0,182,14,14,0,0,42,0,13703,2124,57.83886841998901,14,0.8140847670985849,1.0132525641658818,0.07014071862650681
RetailNet,supplier_disruption,llm_agents,110,29822.40579962411,23985.261666316328,31773.976681153752,442.9136729183125,29185.720666538917,2145.3423416965225,2145.3423416965225,11392.0,18320.0,0,0,27959.0,182,14,14,0,0,42,0,13601,2092,57.75790849198529,14,0.804269844206152,1.0654397534069582,0.0722045753128878
RetailNet,supplier_disruption,llm_agents,111,29761.358139411015,24231.9750948365,30111.45079783597,436.3690978115564,27646.91522287255,2028.1664771518617,2028.1664771518617,11392.0,18321.0,0,0,28247.0,182,14,14,0,0,42,0,13674,2093,53.65230572198925,14,0.8142093173747902,1.0117633293744532,0.06825855609167239
RetailNet,supplier_disruption,llm_agents,112,29338.596363243552,23772.214502849798,30466.06374187619,443.9543682643186,27831.909301968783,2190.2000716430857,2190.2000716430857,11392.0,18273.0,0,0,27790.0,182,14,14,0,0,42,0,13703,2127,57.4242413670072,14,0.8102710234846983,1.0384294928316737,0.07383111652260528
RetailNet,supplier_disruption,llm_agents,113,29680.01072816141,24204.421708375216,29898.09453560526,431.42751454426025,27377.945098930966,2088.7219221300325,2088.7219221300325,11392.0,18160.0,0,0,28250.0,182,14,14,0,0,42,0,13596,2089,53.76873965700361,14,0.815512566018355,1.0073478345220719,0.07067954528052357
RetailNet,supplier_disruption,llm_agents,114,29907.71892402356,23547.20340187183,34380.63804108521,437.2380239885923,31802.577610758646,2140.822406337966,2140.822406337966,11392.0,18109.0,0,0,27399.0,182,14,14,0,0,42,0,13675,2091,56.263149398997484,14,0.7873286311701089,1.149557347667486,0.07256779113718065
RetailNet,supplier_disruption,llm_agents,115,29858.277371444477,23619.359351884952,33676.30647508215,447.78027256816756,31194.59009779763,2033.936104716347,2033.936104716347,11392.0,18250.0,0,0,28007.0,182,14,14,0,0,42,0,13693,2086,54.9462659750061,14,0.791048963007952,1.1278717139686403,0.06861669606357017
RetailNet,supplier_disruption,llm_agents,116,29540.1536348214,23830.02743956146,31071.78546642511,426.21065683647595,28550.630976299686,2094.9438332889404,2094.9438332889404,11392.0,18301.0,0,0,27589.0,182,14,14,0,0,42,0,13596,2089,51.414394015992,14,0.8066995092222897,1.0518491491458681,0.07055345816485166
RetailNet,supplier_disruption,llm_agents,117,29754.505221577812,24161.239867088512,30362.387572789776,438.2713750768959,27966.32677244651,1957.7894252663714,1957.7894252663714,11392.0,18244.0,0,0,28537.0,182,14,14,0,0,42,0,13672,2090,52.67874346100871,14,0.8120195475328189,1.020429926382077,0.06606118994690145
RetailNet,supplier_disruption,llm_agents,118,29553.333380789983,24188.75925118266,29251.11971821572,432.56101169032047,26822.8706480366,1995.6880584887936,1995.6880584887936,11392.0,18442.0,0,0,28405.0,182,14,14,0,0,42,0,13705,2159,56.66500165001344,14,0.8184782047938335,0.9897739568433689,0.06689307697555787
RetailNet,supplier_disruption,llm_agents,119,30097.115821517473,24500.532736283552,30429.238624566733,429.21130100082166,27982.915426169573,2017.1118973963426,2017.1118973963426,11392.0,18286.0,0,0,28744.0,182,14,14,0,0,42,0,13591,2091,53.2273690330112,14,0.8140491893501394,1.0110350375437573,0.06796657110978983
RetailNet,supplier_disruption,llm_agents,120,29958.86319704017,24964.725660104945,27481.90672625008,449.4779711745074,24970.687684676108,2061.741070399466,2061.741070399466,11392.0,19222.0,0,0,29058.0,182,14,14,0,0,42,0,13670,2094,54.93071507899731,14,0.8333001654939755,0.9173214132158791,0.0673463471091483
RetailNet,supplier_disruption,llm_agents,121,29568.57852856583,23557.627597530278,32561.264052097024,450.85872700529245,30054.754655177814,2055.6506699139136,2055.6506699139136,11392.0,18070.0,0,0,28125.0,182,14,14,0,0,42,0,13707,2126,53.121170343009,14,0.7967115353472792,1.1012116805222814,0.06977295057748671
RetailNet,supplier_disruption,llm_agents,122,29833.67055140652,23989.66354660568,31626.79460964846,426.8232181014762,29220.035024004224,1979.9363675427567,1979.9363675427567,11392.0,18344.0,0,0,28301.0,182,14,14,0,0,42,0,13598,2093,53.84444774600706,14,0.8041137112266823,1.0601040376561173,0.06658381650332111
RetailNet,supplier_disruption,llm_agents,123,29466.373260565695,24099.298428244925,29411.116179846835,455.1700587210097,26835.374161603853,2120.5719595219734,2120.5719595219734,11392.0,18528.0,0,0,28511.0,182,14,14,0,0,42,0,13674,2092,53.73403991498344,14,0.8178576377601438,0.9981247410317438,0.07087473126744563
RetailNet,supplier_disruption,llm_agents,124,30169.55068790312,24438.32780119266,31160.287382823903,437.83768881629425,28656.1144335523,2066.335260455311,2066.335260455311,11392.0,18598.0,0,0,28498.0,182,14,14,0,0,42,0,13703,2090,56.27879776901682,14,0.8100328723487265,1.0328389608837638,0.0689008089514942
RetailNet,supplier_disruption,llm_agents,125,29633.607554374168,24158.968235231187,29835.666436599273,440.84988016758166,27373.196595714864,2021.6199607168285,2021.6199607168285,11392.0,18320.0,0,0,28278.0,182,14,14,0,0,42,0,13595,2129,55.5665934320059,14,0.8152557258140891,1.0068185718480056,0.0680405210257414
RetailNet,supplier_disruption,llm_agents,126,29608.316186523996,24239.57427484143,29353.01967817563,442.8025241842227,26843.709558412815,2066.507595578598,2066.507595578598,11392.0,18507.0,0,0,28372.0,182,14,14,0,0,42,0,13676,2097,54.13614365399553,14,0.8186745278636915,0.9913775404605899,0.0691162779885146
RetailNet,supplier_disruption,llm_agents,127,29749.539996711566,23683.56978667276,32892.26508957195,428.3836308830126,30329.851050194018,2134.030408494917,2134.030408494917,11392.0,17711.0,0,0,27835.0,182,14,14,0,0,42,0,13698,2121,56.413952025999606,14,0.7960986888970613,1.1056394516758166,0.07332681883293533
RetailNet,supplier_disruption,llm_agents,128,29533.941318408182,24464.49395151848,27855.530440344628,430.77198373862745,25347.236834448537,2077.5216221574638,2077.5216221574638,11392.0,18722.0,0,0,28609.0,182,14,14,0,0,42,0,13596,2089,56.63889333297993,14,0.828351816906673,0.9431701018171449,0.06898856419464248
RetailNet,supplier_disruption,llm_agents,129,29701.499934247215,24432.080736094795,28889.16864243937,449.8341406657988,26347.09599076209,2092.238511011481,2092.238511011481,11392.0,18611.0,0,0,28550.0,182,14,14,0,0,42,0,13676,2091,56.184336769991205,14,0.8225874380143161,0.9726501592981441,0.06973431026935577
RetailNet,supplier_disruption,llm_agents,130,30210.738411481114,24572.446809720255,30606.48138438836,450.1127814680581,28191.458008804286,1964.9105941160178,1964.9105941160178,11392.0,18744.0,0,0,28576.0,182,14,14,0,0,42,0,13706,2095,54.615022876016155,14,0.8133679645639474,1.0130994141062388,0.06520143994279326
RetailNet,supplier_disruption,structured_planner,101,29924.096847582427,23733.679376480206,33312.83297936728,419.2452211596146,30952.08735551108,1941.5004026965848,1941.5004026965848,11392.0,17537.0,0,0,27819.0,182,14,14,0,0,0,0,0,0,0.08509807299924432,14,0.7931293464717434,1.1132443912691932,0.06711259990655
RetailNet,supplier_disruption,structured_planner,102,29862.616910274603,24487.809497322312,29367.37079674206,442.7999785570927,26874.037064761436,2050.5337534235323,2050.5337534235323,11392.0,18635.0,0,0,28773.0,182,14,14,0,0,0,0,0,0,0.1067360619927058,14,0.8200155254610985,0.983415850157387,0.06828966441614322
RetailNet,supplier_disruption,structured_planner,103,29724.170147358374,24221.83694572952,29892.54665609167,439.6174211533944,27511.666008144242,1941.2632267940335,1941.2632267940335,11392.0,18206.0,0,0,27929.0,182,14,14,0,0,0,0,0,0,0.14349909699740238,14,0.8148869026670589,1.0056646327853247,0.06558764871930649
RetailNet,supplier_disruption,structured_planner,104,29599.65418654315,24220.87782255377,29422.47716310581,433.87356890084016,26893.881819946895,2094.7217742580733,2094.7217742580733,11392.0,18215.0,0,0,28447.0,182,14,14,0,0,0,0,0,0,0.0835801889988943,14,0.8182824593121523,0.9940142198175447,0.07075089587793675
RetailNet,supplier_disruption,structured_planner,105,29670.266158133403,24044.769812049868,30686.81718562669,443.6124363339956,28127.481730417705,2115.7230188749872,2115.7230188749872,11392.0,18739.0,0,0,28181.0,182,14,14,0,0,0,0,0,0,0.09316551399388118,14,0.8103995321072832,1.0342616079705986,0.07021748428113861
RetailNet,supplier_disruption,structured_planner,106,29689.830968909875,24087.984688415225,30478.518311612785,446.1610150560062,28009.231402473233,2023.1258940835487,2023.1258940835487,11392.0,18380.0,0,0,28486.0,182,14,14,0,0,0,0,0,0,0.08675298100570217,14,0.8113210450284913,1.0265642247518618,0.06795398005117388
RetailNet,supplier_disruption,structured_planner,107,29605.653720390754,23844.795394777695,31285.92099318134,426.27404043705025,28804.291628065304,2055.3553246789807,2055.3553246789807,11392.0,17819.0,0,0,28181.0,182,14,14,0,0,0,0,0,0,0.27313267199497204,14,0.8054135747171394,1.0567549458174372,0.07036237460816065
RetailNet,supplier_disruption,structured_planner,108,29309.54075392802,24014.157690678687,29053.652136898956,442.11522977141203,26476.915316246646,2134.6215908808963,2134.6215908808963,11392.0,18468.0,0,0,28241.0,182,14,14,0,0,0,0,0,0,0.0864800629860838,14,0.8193290332418581,0.9912694429715767,0.07148766211925306
RetailNet,supplier_disruption,structured_planner,109,29732.9594305462,24205.14935316788,30126.997383241076,422.9340992665037,27639.05038689159,2065.012897082987,2065.012897082987,11392.0,18049.0,0,0,27787.0,182,14,14,0,0,0,0,0,0,0.09608128100080648,14,0.8140847670985849,1.0132525641658818,0.07014071862650681
RetailNet,supplier_disruption,structured_planner,110,29822.40579962411,23985.261666316328,31773.976681153752,442.9136729183125,29185.720666538917,2145.3423416965225,2145.3423416965225,11392.0,18320.0,0,0,27959.0,182,14,14,0,0,0,0,0,0,0.08934243200201308,14,0.804269844206152,1.0654397534069582,0.0722045753128878
RetailNet,supplier_disruption,structured_planner,111,29761.358139411015,24231.9750948365,30111.45079783597,436.3690978115564,27646.91522287255,2028.1664771518617,2028.1664771518617,11392.0,18321.0,0,0,28247.0,182,14,14,0,0,0,0,0,0,0.08618200899945805,14,0.8142093173747902,1.0117633293744532,0.06825855609167239
RetailNet,supplier_disruption,structured_planner,112,29338.596363243552,23772.214502849798,30466.06374187619,443.9543682643186,27831.909301968783,2190.2000716430857,2190.2000716430857,11392.0,18273.0,0,0,27790.0,182,14,14,0,0,0,0,0,0,0.09220405799715081,14,0.8102710234846983,1.0384294928316737,0.07383111652260528
RetailNet,supplier_disruption,structured_planner,113,29680.01072816141,24204.421708375216,29898.09453560526,431.42751454426025,27377.945098930966,2088.7219221300325,2088.7219221300325,11392.0,18160.0,0,0,28250.0,182,14,14,0,0,0,0,0,0,0.08405373700225027,14,0.815512566018355,1.0073478345220719,0.07067954528052357
RetailNet,supplier_disruption,structured_planner,114,29907.71892402356,23547.20340187183,34380.63804108521,437.2380239885923,31802.577610758646,2140.822406337966,2140.822406337966,11392.0,18109.0,0,0,27399.0,182,14,14,0,0,0,0,0,0,0.28170800999214407,14,0.7873286311701089,1.149557347667486,0.07256779113718065
RetailNet,supplier_disruption,structured_planner,115,29858.277371444477,23619.359351884952,33676.30647508215,447.78027256816756,31194.59009779763,2033.936104716347,2033.936104716347,11392.0,18250.0,0,0,28007.0,182,14,14,0,0,0,0,0,0,0.20129738900141092,14,0.791048963007952,1.1278717139686403,0.06861669606357017
RetailNet,supplier_disruption,structured_planner,116,29540.1536348214,23830.02743956146,31071.78546642511,426.21065683647595,28550.630976299686,2094.9438332889404,2094.9438332889404,11392.0,18301.0,0,0,27589.0,182,14,14,0,0,0,0,0,0,0.10658081498695537,14,0.8066995092222897,1.0518491491458681,0.07055345816485166
RetailNet,supplier_disruption,structured_planner,117,29754.505221577812,24161.239867088512,30362.387572789776,438.2713750768959,27966.32677244651,1957.7894252663714,1957.7894252663714,11392.0,18244.0,0,0,28537.0,182,14,14,0,0,0,0,0,0,0.08770884801197099,14,0.8120195475328189,1.020429926382077,0.06606118994690145
RetailNet,supplier_disruption,structured_planner,118,29553.333380789983,24188.75925118266,29251.11971821572,432.56101169032047,26822.8706480366,1995.6880584887936,1995.6880584887936,11392.0,18442.0,0,0,28405.0,182,14,14,0,0,0,0,0,0,0.08847425399289932,14,0.8184782047938335,0.9897739568433689,0.06689307697555787
RetailNet,supplier_disruption,structured_planner,119,30097.115821517473,24500.532736283552,30429.238624566733,429.21130100082166,27982.915426169573,2017.1118973963426,2017.1118973963426,11392.0,18286.0,0,0,28744.0,182,14,14,0,0,0,0,0,0,0.08880078999209218,14,0.8140491893501394,1.0110350375437573,0.06796657110978983
RetailNet,supplier_disruption,structured_planner,120,29958.86319704017,24964.725660104945,27481.90672625008,449.4779711745074,24970.687684676108,2061.741070399466,2061.741070399466,11392.0,19222.0,0,0,29058.0,182,14,14,0,0,0,0,0,0,0.09084507999068592,14,0.8333001654939755,0.9173214132158791,0.0673463471091483
RetailNet,supplier_disruption,structured_planner,121,29568.57852856583,23557.627597530278,32561.264052097024,450.85872700529245,30054.754655177814,2055.6506699139136,2055.6506699139136,11392.0,18070.0,0,0,28125.0,182,14,14,0,0,0,0,0,0,0.08553662399936002,14,0.7967115353472792,1.1012116805222814,0.06977295057748671
RetailNet,supplier_disruption,structured_planner,122,29833.67055140652,23989.66354660568,31626.79460964846,426.8232181014762,29220.035024004224,1979.9363675427567,1979.9363675427567,11392.0,18344.0,0,0,28301.0,182,14,14,0,0,0,0,0,0,0.08789293700101553,14,0.8041137112266823,1.0601040376561173,0.06658381650332111
RetailNet,supplier_disruption,structured_planner,123,29466.373260565695,24099.298428244925,29411.116179846835,455.1700587210097,26835.374161603853,2120.5719595219734,2120.5719595219734,11392.0,18528.0,0,0,28511.0,182,14,14,0,0,0,0,0,0,0.08212350000394508,14,0.8178576377601438,0.9981247410317438,0.07087473126744563
RetailNet,supplier_disruption,structured_planner,124,30169.55068790312,24438.32780119266,31160.287382823903,437.83768881629425,28656.1144335523,2066.335260455311,2066.335260455311,11392.0,18598.0,0,0,28498.0,182,14,14,0,0,0,0,0,0,0.08710170699487207,14,0.8100328723487265,1.0328389608837638,0.0689008089514942
RetailNet,supplier_disruption,structured_planner,125,29633.607554374168,24158.968235231187,29835.666436599273,440.84988016758166,27373.196595714864,2021.6199607168285,2021.6199607168285,11392.0,18320.0,0,0,28278.0,182,14,14,0,0,0,0,0,0,0.12860356599412626,14,0.8152557258140891,1.0068185718480056,0.0680405210257414
RetailNet,supplier_disruption,structured_planner,126,29608.316186523996,24239.57427484143,29353.01967817563,442.8025241842227,26843.709558412815,2066.507595578598,2066.507595578598,11392.0,18507.0,0,0,28372.0,182,14,14,0,0,0,0,0,0,0.21393718500621617,14,0.8186745278636915,0.9913775404605899,0.0691162779885146
RetailNet,supplier_disruption,structured_planner,127,29749.539996711566,23683.56978667276,32892.26508957195,428.3836308830126,30329.851050194018,2134.030408494917,2134.030408494917,11392.0,17711.0,0,0,27835.0,182,14,14,0,0,0,0,0,0,0.09342190898314584,14,0.7960986888970613,1.1056394516758166,0.07332681883293533
RetailNet,supplier_disruption,structured_planner,128,29533.941318408182,24464.49395151848,27855.530440344628,430.77198373862745,25347.236834448537,2077.5216221574638,2077.5216221574638,11392.0,18722.0,0,0,28609.0,182,14,14,0,0,0,0,0,0,0.09693384401907679,14,0.828351816906673,0.9431701018171449,0.06898856419464248
RetailNet,supplier_disruption,structured_planner,129,29701.499934247215,24432.080736094795,28889.16864243937,449.8341406657988,26347.09599076209,2092.238511011481,2092.238511011481,11392.0,18611.0,0,0,28550.0,182,14,14,0,0,0,0,0,0,0.10106733099382836,14,0.8225874380143161,0.9726501592981441,0.06973431026935577
RetailNet,supplier_disruption,structured_planner,130,30210.738411481114,24572.446809720255,30606.48138438836,450.1127814680581,28191.458008804286,1964.9105941160178,1964.9105941160178,11392.0,18744.0,0,0,28576.0,182,14,14,0,0,0,0,0,0,0.18778789401403628,14,0.8133679645639474,1.0130994141062388,0.06520143994279326
