run_id,experiment,seed,shelf_life_days,demand_multiplier,history,calculator,gate,forecast_method,days,series,initial_given_quantity,simulated_demand,served_quantity,lost_quantity,expired_quantity,receipt_quantity,ordered_quantity,fill_rate,waste_per_demand,waste_per_opening_plus_receipts,waste_per_served,mean_closing_inventory,terminal_on_hand,terminal_expected_pipeline,terminal_paid_order_index,held_series_days,nonzero_order_lines,stockout_series_day_rate,bullwhip_ratio,demand_variance,order_variance,maximum_mass_balance_error,cumulative_mass_balance_error,true_hard_constraint_violations,cost_per_series_day_index,purchase_cost_index,fixed_cost_index,holding_cost_index,shortage_cost_index,expiry_cost_index,total_cost_index
F3_seed00_life1_m1_raw_order_up_to_censoring_aware,F3,0,1,1.0,raw,order_up_to,censoring_aware,lightgbm_raw,7,30,36.39977777777778,147.68,126.3857658810237,21.294234118976288,94.30439700983199,184.29038511307792,216.5860040134505,0.8558082738422514,0.6385725691348318,0.4273158158683813,0.7461631169653054,0.0,0.0,27.96389882010361,28.534590632758785,0,206,0.2619047619047619,3.233008313276439,13.274190476190467,42.91556816153872,1.1102230246251563e-16,1.4210854715202004e-14,0,2.0070551029436374,216.5860040134505,4.120000000000001,0.0,106.4711705948814,94.30439700983199,421.481571618164
F3_seed00_life1_m1_raw_age_aware_censoring_aware,F3,0,1,1.0,raw,age_aware,censoring_aware,lightgbm_raw,7,30,36.39977777777778,147.68,133.69458306874475,13.985416931255267,103.97612777599876,201.27093306696568,242.2076998919675,0.9052991811263864,0.7040637037919741,0.4374797694105451,0.7777138414241885,0.0,0.0,36.092612827162455,36.82919676241068,0,204,0.1714285714285714,0.2871326472189292,13.274190476190467,3.811453451116869,1.1102230246251563e-16,0.0,0,2.000909106305917,242.2076998919675,4.08,0.0,69.92708465627634,103.97612777599876,420.19091232424256
F3_seed00_life1_m1_selected_recovery_order_up_to_censoring_aware,F3,0,1,1.0,selected_recovery,order_up_to,censoring_aware,lightgbm_gbm_recovered,7,30,36.39977777777778,147.68,126.91665841790534,20.76334158209468,96.86371134481969,187.38059198494727,219.31594293265607,0.8594031583010924,0.6559027041225602,0.4328516904656318,0.763207230258705,0.0,0.0,27.549032089055725,28.111257233730328,0,206,0.2571428571428571,3.6478244546799057,13.274190476190467,48.4219166351267,5.551115123125784e-17,1.4210854715202004e-14,0,2.01960172470452,219.31594293265607,4.120000000000001,0.0,103.8167079104734,96.86371134481969,424.1163621879492
F3_seed00_life1_m1_selected_recovery_age_aware_censoring_aware,F3,0,1,1.0,selected_recovery,age_aware,censoring_aware,lightgbm_gbm_recovered,7,30,36.39977777777778,147.68,134.28415654603148,13.395843453968522,106.66241415844712,204.54679292670085,245.35768555808724,0.9092914175652184,0.7222536169992356,0.442680772947247,0.7943037875945114,0.0,0.0,35.90373892022469,36.636468285943565,0,204,0.1666666666666666,0.4284811248855063,13.274190476190467,5.687740067182567,1.1102230246251563e-16,2.842170943040401e-14,0,2.0146634142208426,245.35768555808724,4.08,0.0,66.97921726984262,106.66241415844712,423.07931698637697
F3_seed01_life1_m1_raw_order_up_to_censoring_aware,F3,1,1,1.0,raw,order_up_to,censoring_aware,lightgbm_raw,7,30,36.39977777777778,147.68,115.27843556575048,32.40156443424953,100.74814561036676,179.6268033983394,213.14679325025844,0.7805961238200871,0.6822057530496122,0.4663692081866125,0.8739548304583281,0.0,0.0,29.257053986913817,29.854136721340637,0,198,0.2952380952380952,3.4907526714030888,13.274190476190467,46.336915865475326,2.775557561562892e-17,-2.842170943040401e-14,0,2.2850607668184426,213.14679325025844,3.96,0.0,162.00782217124765,100.74814561036676,479.8627610318728
F3_seed01_life1_m1_raw_age_aware_censoring_aware,F3,1,1,1.0,raw,age_aware,censoring_aware,lightgbm_raw,7,30,36.39977777777778,147.68,122.7846495206428,24.895350479357223,103.05351301505874,189.43838475792373,230.0771813558216,0.8314236831029441,0.6978163123988268,0.4563157610652609,0.839302904861354,0.0,0.0,36.037252970781445,36.77270711304229,0,196,0.219047619047619,0.4179661246613412,13.274190476190467,5.548161951349814,0.0,-1.4210854715202004e-14,0,2.1977497465126974,230.0771813558216,3.92,0.0,124.47675239678613,103.05351301505874,461.5274467676665
F3_seed01_life1_m1_selected_recovery_order_up_to_censoring_aware,F3,1,1,1.0,selected_recovery,order_up_to,censoring_aware,lightgbm_gbm_recovered,7,30,36.39977777777778,147.68,115.8491044869898,31.830895513010216,102.82685658256814,182.27618329178011,215.28380072063987,0.7844603499931593,0.6962815315721027,0.4702247841035452,0.8875930205754496,0.0,0.0,28.701941414446917,29.2876953208642,0,199,0.2952380952380952,4.116396499616417,13.274190476190467,54.64183121143202,1.1102230246251563e-16,0.0,0,2.2916434993726624,215.28380072063987,3.98,0.0,159.15447756505108,102.82685658256814,481.24513486825913
F3_seed01_life1_m1_selected_recovery_age_aware_censoring_aware,F3,1,1,1.0,selected_recovery,age_aware,censoring_aware,lightgbm_gbm_recovered,7,30,36.39977777777778,147.68,123.3896177627057,24.29038223729431,104.84210153934836,191.83194152427623,232.4883845528914,0.8355201636152876,0.7099275564690436,0.4593669182353866,0.8496833318745939,0.0,0.0,36.00667533755731,36.741505446487054,0,201,0.2095238095238095,0.4877226621475423,13.274190476190467,6.474123516901169,1.1102230246251563e-16,-4.2632564145606005e-14,0,2.203820939422435,232.4883845528914,4.0200000000000005,0.0,121.45191118647156,104.84210153934836,462.80239727871134
F3_seed02_life1_m1_raw_order_up_to_censoring_aware,F3,2,1,1.0,raw,order_up_to,censoring_aware,lightgbm_raw,7,30,36.39977777777778,147.68,116.0735582684848,31.606441731515208,101.73483577110795,181.408616261815,211.58450758221653,0.7859802157941818,0.6888870244522478,0.4670840911329377,0.8764686573645779,0.0,0.0,25.94420116875721,26.47367466199716,0,203,0.2904761904761905,4.6595549672532295,13.274190476190467,61.85182016959882,5.551115123125784e-17,4.2632564145606005e-14,0,2.2638645333852407,211.58450758221653,4.0600000000000005,0.0,158.03220865757604,101.73483577110795,475.41155201090055
F3_seed02_life1_m1_raw_age_aware_censoring_aware,F3,2,1,1.0,raw,age_aware,censoring_aware,lightgbm_raw,7,30,36.39977777777778,147.68,127.79902146769568,19.880978532304347,103.41942433828032,194.81866802819823,235.58779612845308,0.8653779893533021,0.7002940434607279,0.4472801639064013,0.809234868550399,0.0,0.0,36.05737217768579,36.79323691600592,0,203,0.2047619047619047,1.023243744471572,13.274190476190467,13.582732367686017,3.469446951953615e-17,2.842170943040401e-14,0,2.1070100625155006,235.58779612845308,4.0600000000000005,0.0,99.40489266152176,103.41942433828032,442.4721131282552
F3_seed02_life1_m1_selected_recovery_order_up_to_censoring_aware,F3,2,1,1.0,selected_recovery,order_up_to,censoring_aware,lightgbm_gbm_recovered,7,30,36.39977777777778,147.68,116.74535106883928,30.934648931160726,103.63829087180336,183.98386416286485,214.63238693287528,0.7905291919612627,0.7017760757841505,0.4702630828640037,0.8877294892084628,0.0,0.0,26.355875031352905,26.89375003199276,0,202,0.2809523809523809,4.918408704644765,13.274190476190467,65.28789398520784,1.1102230246251563e-16,-1.4210854715202004e-14,0,2.271352011716582,214.63238693287528,4.040000000000001,0.0,154.6732446558036,103.63829087180336,476.98392246048235
F3_seed02_life1_m1_selected_recovery_age_aware_censoring_aware,F3,2,1,1.0,selected_recovery,age_aware,censoring_aware,lightgbm_gbm_recovered,7,30,36.39977777777778,147.68,128.34845590371532,19.331544096284706,105.53631984068782,197.48499796662531,238.19566370551777,0.869098428383771,0.714628384620042,0.4512321056588195,0.8222640397003236,0.0,0.0,35.946752464782065,36.68035965794088,0,201,0.2,1.3303924993935268,13.274190476190467,17.659883445044787,1.1102230246251563e-16,-1.4210854715202004e-14,0,2.116236685845853,238.19566370551777,4.0200000000000005,0.0,96.65772048142352,105.53631984068782,444.4097040276291
F3_seed03_life1_m1_raw_order_up_to_censoring_aware,F3,3,1,1.0,raw,order_up_to,censoring_aware,lightgbm_raw,7,30,36.39977777777778,147.68,116.35739319883808,31.32260680116191,99.45939520739623,179.41701062845655,216.9666107786121,0.7879021749650466,0.6734791116427153,0.4608510577044762,0.854775038122712,0.0,0.0,33.21026793458334,33.888028504676875,0,202,0.2857142857142857,2.8834842481150726,13.274190476190467,38.27591914457433,1.1102230246251563e-16,2.842170943040401e-14,0,2.2718049523419905,216.9666107786121,4.040000000000001,0.0,156.61303400580957,99.45939520739623,477.079039991818
F3_seed03_life1_m1_raw_age_aware_censoring_aware,F3,3,1,1.0,raw,age_aware,censoring_aware,lightgbm_raw,7,30,36.39977777777778,147.68,128.96145824366832,18.71854175633168,108.0703567412987,200.63203720718928,241.53202047095772,0.8732493109674182,0.7317873560488806,0.4559318619239054,0.8380050769672858,0.0,0.0,36.06934285434936,36.80545189219322,0,201,0.1952380952380952,0.5206583666861396,13.274190476190467,6.91131833241404,0.0,2.842170943040401e-14,0,2.1295956475900706,241.53202047095772,4.0200000000000005,0.0,93.5927087816584,108.0703567412987,447.2150859939148
F3_seed03_life1_m1_selected_recovery_order_up_to_censoring_aware,F3,3,1,1.0,selected_recovery,order_up_to,censoring_aware,lightgbm_gbm_recovered,7,30,36.39977777777778,147.68,117.17712096233004,30.50287903766996,101.32237616766072,182.09971935221296,219.20170218475923,0.7934528775889088,0.6860940964765757,0.4637190359636457,0.8646941940161996,0.0,0.0,32.7179487888511,33.3856620294399,0,203,0.2761904761904762,3.5417301879782173,13.274190476190467,47.01360113049673,1.1102230246251563e-16,1.4210854715202004e-14,0,2.271897493051284,219.20170218475923,4.0600000000000005,0.0,152.51439518834977,101.32237616766072,477.0984735407697
F3_seed03_life1_m1_selected_recovery_age_aware_censoring_aware,F3,3,1,1.0,selected_recovery,age_aware,censoring_aware,lightgbm_gbm_recovered,7,30,36.39977777777778,147.68,129.89017693676277,17.78982306323722,109.68710667014894,203.17750582913396,244.00842818423985,0.8795380345122072,0.742735012663522,0.4578360060635753,0.8444603684199325,0.0,0.0,35.95075379142112,36.684442644307275,0,199,0.1857142857142857,0.798738411545332,13.274190476190467,10.602605815502551,1.1102230246251563e-16,1.4210854715202004e-14,0,2.126784048431309,244.00842818423985,3.98,0.0,88.94911531618608,109.68710667014894,446.62465017057485
F3_seed04_life1_m1_raw_order_up_to_censoring_aware,F3,4,1,1.0,raw,order_up_to,censoring_aware,lightgbm_raw,7,30,36.39977777777778,147.68,115.98685510686792,31.693144893132096,98.3072836872913,177.89436101638142,215.25396873341168,0.785393114212269,0.6656777064415716,0.458749288433505,0.8475726287837789,0.0,0.0,33.05452834236208,33.729110553430694,0,202,0.319047619047619,1.1978441438621683,13.274190476190467,15.90041132641572,5.551115123125784e-17,0.0,0,2.2669856042207788,215.25396873341168,4.040000000000001,0.0,158.46572446566051,98.3072836872913,476.06697688636353
F3_seed04_life1_m1_raw_age_aware_censoring_aware,F3,4,1,1.0,raw,age_aware,censoring_aware,lightgbm_raw,7,30,36.39977777777778,147.68,126.96973040767864,20.71026959232137,106.49373736068765,197.06368999058847,237.80412931673104,0.8597625298461445,0.7211114393329336,0.4561473295100146,0.8387332714557558,0.0,0.0,35.984356739807964,36.71873136715099,0,199,0.1952380952380952,0.6951754885538624,13.274190476190467,9.227891849442738,0.0,-1.4210854715202004e-14,0,2.151567688757265,237.80412931673104,3.98,0.0,103.55134796160688,106.49373736068765,451.8292146390256
F3_seed04_life1_m1_selected_recovery_order_up_to_censoring_aware,F3,4,1,1.0,selected_recovery,order_up_to,censoring_aware,lightgbm_gbm_recovered,7,30,36.39977777777778,147.68,116.6423490057702,31.037650994229832,100.11184618374044,180.35441741173284,217.59210448502756,0.7898317240369053,0.6778971166287949,0.4618680902402443,0.8582804361972168,0.0,0.0,32.885844983594154,33.55698467713689,0,200,0.3095238095238095,1.457799719512078,13.274190476190467,19.35111115294036,5.551115123125784e-17,0.0,0,2.270915264951986,217.59210448502756,4.0,0.0,155.18825497114915,100.11184618374044,476.8922056399171
F3_seed04_life1_m1_selected_recovery_age_aware_censoring_aware,F3,4,1,1.0,selected_recovery,age_aware,censoring_aware,lightgbm_gbm_recovered,7,30,36.39977777777778,147.68,127.54382348829162,20.1361765117084,108.36067671617292,199.5047224266868,240.1698638158806,0.8636499423638381,0.733753228034757,0.4593412869286253,0.849595642913436,0.0,0.0,35.86174411287624,36.593616441710445,0,200,0.1952380952380952,0.7774392622701981,13.274190476190467,10.319876851043608,0.0,2.842170943040401e-14,0,2.158149633764741,240.1698638158806,4.0,0.0,100.68088255854198,108.36067671617292,453.21142309059553
F3_seed05_life1_m1_raw_order_up_to_censoring_aware,F3,5,1,1.0,raw,order_up_to,censoring_aware,lightgbm_raw,7,30,36.39977777777778,147.68,122.40778181887433,25.27221818112571,98.6586275731752,184.6666316142717,218.5314714492832,0.8288717620454652,0.6680567955930063,0.4462850228783938,0.8059832970354734,0.0,0.0,29.494210406025775,30.09613306737325,0,206,0.2809523809523809,2.7016693811654764,13.274190476190467,35.86247396928216,5.551115123125784e-17,-2.842170943040401e-14,0,2.131767571086129,218.5314714492832,4.120000000000001,0.0,126.36109090562854,98.6586275731752,447.67118992808696
F3_seed05_life1_m1_raw_age_aware_censoring_aware,F3,5,1,1.0,raw,age_aware,censoring_aware,lightgbm_raw,7,30,36.39977777777778,147.68,132.75156782232696,14.928432177673027,109.5619892974069,205.9137793419561,246.86686364991735,0.8989136499344998,0.7418877931839578,0.452149646927387,0.8253159724941501,0.0,0.0,36.01574703496293,36.75076228057442,0,205,0.1714285714285714,0.5462485441892456,13.274190476190467,7.251007222909792,1.1102230246251563e-16,1.4210854715202004e-14,0,2.0722429230270927,246.86686364991735,4.1000000000000005,0.0,74.64216088836514,109.5619892974069,435.1710138356895
F3_seed05_life1_m1_selected_recovery_order_up_to_censoring_aware,F3,5,1,1.0,selected_recovery,order_up_to,censoring_aware,lightgbm_gbm_recovered,7,30,36.39977777777778,147.68,123.2904823899596,24.38951761004041,100.19518661275262,187.0858912249344,221.27243428031343,0.834848878588567,0.6784614478111634,0.4483293584768366,0.8126757611008602,0.0,0.0,29.761094369772746,30.368463642625247,0,205,0.2666666666666666,2.9718403000038367,13.274190476190467,39.44877420706996,1.1102230246251563e-16,-2.842170943040401e-14,0,2.131024804491753,221.27243428031343,4.1000000000000005,0.0,121.94758805020209,100.19518661275262,447.51520894326814
F3_seed05_life1_m1_selected_recovery_age_aware_censoring_aware,F3,5,1,1.0,selected_recovery,age_aware,censoring_aware,lightgbm_gbm_recovered,7,30,36.39977777777778,147.68,133.3139256889839,14.36607431101612,111.67935873614104,208.59350664734717,249.572105383904,0.9027215986523828,0.7562253435545845,0.4558466122783565,0.8377171263914662,0.0,0.0,35.987156628878765,36.72158839681507,0,202,0.1619047619047619,0.8578753977079202,13.274190476190467,11.387601434012586,1.1102230246251563e-16,-1.4210854715202004e-14,0,2.081532550833932,249.572105383904,4.040000000000001,0.0,71.83037155508057,111.67935873614104,437.1218356751257
F3_seed06_life1_m1_raw_order_up_to_censoring_aware,F3,6,1,1.0,raw,order_up_to,censoring_aware,lightgbm_raw,7,30,36.39977777777778,147.68,117.04451720430514,30.63548279569487,99.28799791692771,179.93273734345507,222.07550066967585,0.7925549648178841,0.6723185124385679,0.4589601237765237,0.8482926008709761,0.0,0.0,37.70125331282728,38.47066664574213,0,202,0.3285714285714285,1.8126962127217563,13.274190476190467,24.062074803137676,5.551115123125784e-17,0.0,0,2.278956726500371,222.07550066967585,4.040000000000001,0.0,153.17741397847436,99.28799791692771,478.58091256507794
F3_seed06_life1_m1_raw_age_aware_censoring_aware,F3,6,1,1.0,raw,age_aware,censoring_aware,lightgbm_raw,7,30,36.39977777777778,147.68,131.81475247616916,15.865247523830847,107.496064872022,202.91103957041335,243.9582137870121,0.8925701007324564,0.7278985974541033,0.44919016224669,0.8155086047099033,0.0,0.0,36.16800994085854,36.906132592712794,0,200,0.1714285714285714,0.7377471111252903,13.274190476190467,9.79299567633636,0.0,1.4210854715202004e-14,0,2.070383410848516,243.9582137870121,4.0,0.0,79.32623761915426,107.496064872022,434.7805162781884
F3_seed06_life1_m1_selected_recovery_order_up_to_censoring_aware,F3,6,1,1.0,selected_recovery,order_up_to,censoring_aware,lightgbm_gbm_recovered,7,30,36.39977777777778,147.68,118.36166638708366,29.318333612916323,100.58852874888268,182.55041735818853,224.6642327124901,0.8014739056546833,0.6811249238142107,0.4594128298740176,0.8498404240096056,0.0,0.0,37.620530700051766,38.38829663270589,0,203,0.3238095238095238,2.024159540346537,13.274190476190467,26.86907929275808,1.1102230246251563e-16,1.4210854715202004e-14,0,2.266211569171212,224.6642327124901,4.0600000000000005,0.0,146.59166806458165,100.58852874888268,475.9044295259544
F3_seed06_life1_m1_selected_recovery_age_aware_censoring_aware,F3,6,1,1.0,selected_recovery,age_aware,censoring_aware,lightgbm_gbm_recovered,7,30,36.39977777777778,147.68,132.3126441582662,15.367355841733763,109.68825986087568,205.60112624136408,246.53558447195928,0.8959415232818676,0.7427428213764605,0.453255578963455,0.8290081462635703,0.0,0.0,36.00374654115592,36.73851687873053,0,202,0.1619047619047619,1.0122855193034506,13.274190476190467,13.437270799523388,1.1102230246251563e-16,0.0,0,2.081431540673828,246.53558447195928,4.040000000000001,0.0,76.83677920866882,109.68825986087568,437.10062354150386
F3_seed07_life1_m1_raw_order_up_to_censoring_aware,F3,7,1,1.0,raw,order_up_to,censoring_aware,lightgbm_raw,7,30,36.39977777777778,147.68,121.87854823364552,25.80145176635449,97.70367389255824,183.18244434842595,215.6724519686028,0.8252881110078922,0.6615904245162392,0.4449525692312356,0.8016478314564167,0.0,0.0,28.17655858080478,28.75159038857631,0,203,0.2809523809523809,3.2465884720630847,13.274190476190467,43.09583377596957,6.245004513516506e-17,-2.842170943040401e-14,0,2.125920879490159,215.6724519686028,4.0600000000000005,0.0,129.00725883177245,97.70367389255824,446.4433846929334
F3_seed07_life1_m1_raw_age_aware_censoring_aware,F3,7,1,1.0,raw,age_aware,censoring_aware,lightgbm_raw,7,30,36.39977777777778,147.68,132.3284846284179,15.351515371582114,105.52131097166964,201.45001782230972,242.36091660322,0.8960487854036964,0.7145267536001465,0.4436468431912783,0.7974194767511805,0.0,0.0,36.06368044884584,36.79967392739372,0,202,0.1809523809523809,0.4345026276763178,13.274190476190467,5.767670642180711,2.775557561562892e-17,0.0,0,2.0413324020609527,242.36091660322,4.040000000000001,0.0,76.75757685791055,105.52131097166964,428.67980443280015
F3_seed07_life1_m1_selected_recovery_order_up_to_censoring_aware,F3,7,1,1.0,selected_recovery,order_up_to,censoring_aware,lightgbm_gbm_recovered,7,30,36.39977777777778,147.68,122.60391692805143,25.07608307194856,99.51902593013664,185.7231650804103,218.52823123665004,0.8301998708562529,0.6738828949765483,0.4480357798684193,0.8117116355143705,0.0,0.0,28.4345015315067,29.01479748112929,0,205,0.2761904761904762,3.552174121562392,13.274190476190467,47.15223589421375,1.1102230246251563e-16,0.0,0,2.1310841548882355,218.52823123665004,4.1000000000000005,0.0,125.3804153597428,99.51902593013664,447.5276725265295
F3_seed07_life1_m1_selected_recovery_age_aware_censoring_aware,F3,7,1,1.0,selected_recovery,age_aware,censoring_aware,lightgbm_gbm_recovered,7,30,36.39977777777778,147.68,133.04059364264074,14.639406357359269,106.94245762690032,203.5832734917633,244.5145203809196,0.9008707586852704,0.724149902674027,0.445625043356858,0.8038332865092107,0.0,0.0,36.0409564815379,36.77648620565092,0,203,0.1714285714285714,0.628242764690592,13.274190476190467,8.339414123791425,1.1102230246251563e-16,-1.4210854715202004e-14,0,2.0414952847362677,244.5145203809196,4.0600000000000005,0.0,73.19703178679633,106.94245762690032,428.7140097946162
F3_seed08_life1_m1_raw_order_up_to_censoring_aware,F3,8,1,1.0,raw,order_up_to,censoring_aware,lightgbm_raw,7,30,36.39977777777778,147.68,117.31761341283524,30.362386587164767,103.13802274763978,184.05585838269724,219.71941187063555,0.7944042078333912,0.6983885614005944,0.4678402627572791,0.8791350228435167,0.0,0.0,31.26916525052563,31.9073114801282,0,201,0.2571428571428571,1.3742298600264138,13.274190476190467,18.241788920059182,9.714451465470121e-17,1.4210854715202004e-14,0,2.279473178829044,219.71941187063555,4.0200000000000005,0.0,151.81193293582385,103.13802274763978,478.6893675540993
F3_seed08_life1_m1_raw_age_aware_censoring_aware,F3,8,1,1.0,raw,age_aware,censoring_aware,lightgbm_raw,7,30,36.39977777777778,147.68,129.94783876536644,17.732161234633562,109.25417672942662,202.8022377170153,243.66814754144943,0.8799284856809753,0.7398034718948172,0.4567443819544441,0.8407540884669558,0.0,0.0,35.99254687360519,36.72708864653591,0,206,0.1619047619047619,0.1049085328423209,13.274190476190467,1.3925758475266512,0.0,-1.4210854715202004e-14,0,2.122395859257352,243.66814754144943,4.120000000000001,0.0,88.66080617316781,109.25417672942662,445.7031304440439
F3_seed08_life1_m1_selected_recovery_order_up_to_censoring_aware,F3,8,1,1.0,selected_recovery,order_up_to,censoring_aware,lightgbm_gbm_recovered,7,30,36.39977777777778,147.68,118.31555616302455,29.36444383697543,104.78380850417555,186.69958688942236,222.10672982552816,0.8011616749933949,0.7095328311496177,0.4696732716405658,0.8856300211258449,0.0,0.0,30.96500833959528,31.596947285301304,0,204,0.2476190476190476,1.78191961084397,13.274190476190467,23.65354032760205,1.52655665885959e-16,0.0,0,2.27520360721229,222.10672982552816,4.08,0.0,146.82221918487716,104.78380850417555,477.7927575145809
F3_seed08_life1_m1_selected_recovery_age_aware_censoring_aware,F3,8,1,1.0,selected_recovery,age_aware,censoring_aware,lightgbm_gbm_recovered,7,30,36.39977777777778,147.68,130.66331820384627,17.016681796153744,111.19971092680284,205.4632513528713,246.2613143751039,0.8847732814453295,0.7529774575216877,0.4597631615154178,0.8510400046118644,0.0,0.0,35.8728367347305,36.60493544360256,0,208,0.1619047619047619,0.0714151808928517,13.274190476190467,0.9479787140633116,1.1102230246251563e-16,1.4210854715202004e-14,0,2.1271639727746448,246.2613143751039,4.16,0.0,85.08340898076872,111.19971092680284,446.70443428267544
F3_seed09_life1_m1_raw_order_up_to_censoring_aware,F3,9,1,1.0,raw,order_up_to,censoring_aware,lightgbm_raw,7,30,36.39977777777778,147.68,121.12576666899557,26.55423333100445,96.83759416285284,181.56358305407065,214.36549746474347,0.8201907277153004,0.6557258542988411,0.4442838181301484,0.7994797211685287,0.0,0.0,28.51460446137797,29.09653516467141,0,202,0.2999999999999999,3.9980232657838792,13.274190476190467,53.07052235825629,5.551115123125784e-17,-1.4210854715202004e-14,0,2.133401229917232,214.36549746474347,4.040000000000001,0.0,132.77116665502226,96.83759416285284,448.0142582826186
F3_seed09_life1_m1_raw_age_aware_censoring_aware,F3,9,1,1.0,raw,age_aware,censoring_aware,lightgbm_raw,7,30,36.39977777777778,147.68,129.05814916523252,18.621850834767493,103.46962144444552,196.12799283190023,237.1571001485657,0.873904043643232,0.7006339480257686,0.4449774802087187,0.8017286944970352,0.0,0.0,36.28596531369412,37.02649521805522,0,201,0.2,1.1565302683200387,13.274190476190467,15.352003073159867,5.204170427930421e-17,1.4210854715202004e-14,0,2.0845522655564217,237.1571001485657,4.0200000000000005,0.0,93.10925417383744,103.46962144444552,437.75597576684856
F3_seed09_life1_m1_selected_recovery_order_up_to_censoring_aware,F3,9,1,1.0,selected_recovery,order_up_to,censoring_aware,lightgbm_gbm_recovered,7,30,36.39977777777778,147.68,122.43002649768025,25.24997350231977,98.10091638496293,184.13116510486535,217.00500704776928,0.8290223896105107,0.6642803113824683,0.4448396905334409,0.80128150904894,0.0,0.0,28.533741801948512,29.116063063212767,0,204,0.2952380952380952,4.435484175896217,13.274190476190467,58.8774618049751,4.163336342344337e-17,0.0,0,2.1211228140206244,217.00500704776928,4.08,0.0,126.24986751159886,98.10091638496293,445.43579094433113
F3_seed09_life1_m1_selected_recovery_age_aware_censoring_aware,F3,9,1,1.0,selected_recovery,age_aware,censoring_aware,lightgbm_gbm_recovered,7,30,36.39977777777778,147.68,129.7079586336885,17.972041366311508,105.65460416481622,198.96278502072693,239.76161392003792,0.8783041619290932,0.7154293348105106,0.4489014858971762,0.8145576052368386,0.0,0.0,36.00359662091023,36.738363898888,0,205,0.1904761904761904,1.4821191442700603,13.274190476190467,19.67393182944921,1.1102230246251563e-16,0.0,0,2.0922686900781517,239.76161392003792,4.1000000000000005,0.0,89.86020683155753,105.65460416481622,439.3764249164117
F3_seed10_life1_m1_raw_order_up_to_censoring_aware,F3,10,1,1.0,raw,order_up_to,censoring_aware,lightgbm_raw,7,30,36.39977777777778,147.68,121.13666980761955,26.54333019238044,101.31922678194412,186.0561188117859,220.6437498992713,0.8202645572021909,0.686072770733641,0.4554575910787406,0.8364042609298399,0.0,0.0,30.17475608950001,30.79056743826532,0,204,0.2714285714285714,1.9276743030910368,13.274190476190467,25.588315875288146,9.714451465470121e-17,0.0,0,2.184569655443417,220.6437498992713,4.08,0.0,132.7166509619022,101.31922678194412,458.75962764311765
F3_seed10_life1_m1_raw_age_aware_censoring_aware,F3,10,1,1.0,raw,age_aware,censoring_aware,lightgbm_raw,7,30,36.39977777777778,147.68,131.4142980321045,16.26570196789548,109.12761207925318,204.14213233357992,245.1031560991116,0.8898584644644129,0.7389464523243037,0.453674006449575,0.8304089715762382,0.0,0.0,36.058960643549405,36.79485779954021,0,206,0.1761904761904762,0.381007527671437,13.274190476190467,5.057566495173067,0.0,1.4210854715202004e-14,0,2.0937108477040103,245.1031560991116,4.120000000000001,0.0,81.3285098394774,109.12761207925318,439.6792780178421
F3_seed10_life1_m1_selected_recovery_order_up_to_censoring_aware,F3,10,1,1.0,selected_recovery,order_up_to,censoring_aware,lightgbm_gbm_recovered,7,30,36.39977777777778,147.68,121.69883146742072,25.98116853257929,103.42701178288848,188.72606547253136,222.6608005212559,0.8240711773254382,0.7003454210650627,0.4594186535389975,0.8498603522793586,0.0,0.0,29.481519038299425,30.083182692142262,0,205,0.2714285714285714,2.6327359617386503,13.274190476190467,34.94743862963535,1.1102230246251563e-16,-1.4210854715202004e-14,0,2.190922166509718,222.6608005212559,4.1000000000000005,0.0,129.90584266289642,103.42701178288848,460.0936549670408
F3_seed10_life1_m1_selected_recovery_age_aware_censoring_aware,F3,10,1,1.0,selected_recovery,age_aware,censoring_aware,lightgbm_gbm_recovered,7,30,36.39977777777778,147.68,132.11713373527436,15.562866264725653,111.138629394973,206.8559853524696,247.79878050304035,0.8946176444696259,0.7525638501826449,0.4568797382837981,0.841212840854265,0.0,0.0,35.98681954050996,36.72124442909179,0,204,0.1714285714285714,0.5665863959615826,13.274190476190467,7.520975741212322,0.0,-2.842170943040401e-14,0,2.099198767722103,247.79878050304035,4.08,0.0,77.81433132362825,111.138629394973,440.83174122164166
F3_seed11_life1_m1_raw_order_up_to_censoring_aware,F3,11,1,1.0,raw,order_up_to,censoring_aware,lightgbm_raw,7,30,36.39977777777778,147.68,119.75462504344858,27.925374956551423,101.8256912300718,185.1805384957426,218.2396265056142,0.8109061825802313,0.6895022428905186,0.4595430358731748,0.8502860845092878,0.0,0.0,28.694295479759308,29.279893346693168,0,202,0.2857142857142857,2.033309969555706,13.274190476190467,26.990543833019483,8.326672684688674e-17,0.0,0,2.2082485358021104,218.2396265056142,4.040000000000001,0.0,139.6268747827571,101.8256912300718,463.7321925184432
F3_seed11_life1_m1_raw_age_aware_censoring_aware,F3,11,1,1.0,raw,age_aware,censoring_aware,lightgbm_raw,7,30,36.39977777777778,147.68,130.70278829843338,16.97721170156663,110.40201830902566,204.70502882968128,245.57812088421727,0.8850405491497384,0.7475759636309971,0.457900528249403,0.8446799012194368,0.0,0.0,35.961529636851665,36.695438404950686,0,202,0.1857142857142857,0.194673465831115,13.274190476190467,2.5841326661023776,8.890457814381136e-18,2.842170943040401e-14,0,2.118600941433696,245.57812088421727,4.040000000000001,0.0,84.88605850783316,110.40201830902566,444.90619770107605
F3_seed11_life1_m1_selected_recovery_order_up_to_censoring_aware,F3,11,1,1.0,selected_recovery,order_up_to,censoring_aware,lightgbm_gbm_recovered,7,30,36.39977777777778,147.68,120.67521104489326,27.004788955106733,103.62665719506356,187.90209046217905,220.6190720602134,0.8171398364361677,0.7016972995332039,0.4619964069323059,0.8587236458738212,0.0,0.0,28.30460015683007,28.882245057989856,0,202,0.2809523809523809,2.4397816459654567,13.274190476190467,32.386126288858975,1.1102230246251563e-16,1.4210854715202004e-14,0,2.20623654300386,220.6190720602134,4.040000000000001,0.0,135.02394477553364,103.62665719506356,463.3096740308106
F3_seed11_life1_m1_selected_recovery_age_aware_censoring_aware,F3,11,1,1.0,selected_recovery,age_aware,censoring_aware,lightgbm_gbm_recovered,7,30,36.39977777777778,147.68,131.29331659812993,16.386683401870037,112.33125309070304,207.2247919110552,248.02532668672163,0.8890392510707606,0.7606395794332544,0.4610834335558888,0.8555748000070174,0.0,0.0,35.84002824193199,36.571457389726525,0,201,0.1809523809523809,0.2963768644992415,13.274190476190467,3.9341629520990247,1.1102230246251563e-16,2.842170943040401e-14,0,2.125285698984642,248.02532668672163,4.0200000000000005,0.0,81.93341700935021,112.33125309070304,446.3099967867748
F3_seed12_life1_m1_raw_order_up_to_censoring_aware,F3,12,1,1.0,raw,order_up_to,censoring_aware,lightgbm_raw,7,30,36.39977777777778,147.68,111.7239953954696,35.956004604530406,105.94225082079063,181.2664684384825,218.8923696874027,0.7565275961231688,0.7173771046911607,0.486718784664172,0.9482497510564915,0.0,0.0,33.24805385517218,33.926585566502226,0,202,0.2714285714285714,1.6476568573876187,13.274190476190467,21.87131096436465,8.326672684688674e-17,2.842170943040401e-14,0,2.422164969194501,218.8923696874027,4.040000000000001,0.0,179.78002302265202,105.94225082079063,508.65464353084536
F3_seed12_life1_m1_raw_age_aware_censoring_aware,F3,12,1,1.0,raw,age_aware,censoring_aware,lightgbm_raw,7,30,36.39977777777778,147.68,127.5167941103321,20.163205889667907,106.41767746773374,197.53469380028804,238.36110268596863,0.8634669156983484,0.7205964075550767,0.454903788868163,0.834538526554058,0.0,0.0,36.05918683196124,36.795088604042085,0,201,0.1761904761904762,0.6691058348965404,13.274190476190467,8.881838301147129,0.0,-1.4210854715202004e-14,0,2.141022902866866,238.36110268596863,4.0200000000000005,0.0,100.81602944833952,106.41767746773374,449.61480960204193
F3_seed12_life1_m1_selected_recovery_order_up_to_censoring_aware,F3,12,1,1.0,selected_recovery,order_up_to,censoring_aware,lightgbm_gbm_recovered,7,30,36.39977777777778,147.68,113.0100478906456,34.669952109354405,107.31832017875638,183.92859029162415,221.4533908852875,0.7652359689236565,0.7266950174617847,0.4870835340865041,0.9496352066198852,0.0,0.0,33.09573277595756,33.77115589383425,0,204,0.2761904761904762,2.122929887926736,13.274190476190467,28.180175699937177,1.52655665885959e-16,-2.842170943040401e-14,0,2.4104831981467427,221.4533908852875,4.08,0.0,173.34976054677202,107.31832017875638,506.20147161081593
F3_seed12_life1_m1_selected_recovery_age_aware_censoring_aware,F3,12,1,1.0,selected_recovery,age_aware,censoring_aware,lightgbm_gbm_recovered,7,30,36.39977777777778,147.68,128.2857777006613,19.3942222993387,108.47509919478333,200.36109911766687,241.14488676097903,0.8686740093490066,0.7345280281336897,0.458163107930567,0.8455738519034923,0.0,0.0,35.96088990809258,36.69478562050264,0,202,0.1761904761904762,0.953885820963342,13.274190476190467,12.662062080004723,2.0816681711721685e-17,4.2632564145606005e-14,0,2.1458623688212186,241.14488676097903,4.040000000000001,0.0,96.97111149669347,108.47509919478333,450.63109745245583
F3_seed13_life1_m1_raw_order_up_to_censoring_aware,F3,13,1,1.0,raw,order_up_to,censoring_aware,lightgbm_raw,7,30,36.39977777777778,147.68,121.88099129228571,25.7990087077143,100.56972173959676,186.05093525410467,218.51745569440112,0.8253046539293452,0.6809975740763594,0.4520988958357833,0.8251468967660273,0.0,0.0,28.09617132640844,28.6695625779678,0,204,0.2952380952380952,4.19379750201837,13.274190476190467,55.66926686036362,1.1102230246251563e-16,-1.4210854715202004e-14,0,2.153153433202711,218.51745569440112,4.08,0.0,128.9950435385715,100.56972173959676,452.1622209725693
F3_seed13_life1_m1_raw_age_aware_censoring_aware,F3,13,1,1.0,raw,age_aware,censoring_aware,lightgbm_raw,7,30,36.39977777777778,147.68,134.63854551917083,13.041454480829156,107.73723741729113,205.97600515868416,246.9016982179424,0.9116911262132368,0.7295316726522962,0.4445049588371379,0.8001960879913894,0.0,0.0,35.987659094899385,36.72210111724427,0,202,0.1666666666666666,0.6797260833683694,13.274190476190467,9.02281350226666,0.0,2.842170943040401e-14,0,2.0185057525684726,246.9016982179424,4.040000000000001,0.0,65.20727240414577,107.73723741729113,423.88620803937937
F3_seed13_life1_m1_selected_recovery_order_up_to_censoring_aware,F3,13,1,1.0,selected_recovery,order_up_to,censoring_aware,lightgbm_gbm_recovered,7,30,36.39977777777778,147.68,122.82154836870936,24.85845163129062,102.14817439028774,188.56994498121932,220.76847630232345,0.8316735398747925,0.6916859045929558,0.4540529860532202,0.831679585113515,0.0,0.0,27.783161795057644,28.3501650969976,0,205,0.2904761904761905,4.829088894952297,13.274190476190467,64.10224581805294,5.551115123125784e-17,2.842170943040401e-14,0,2.149090042138401,220.76847630232345,4.1000000000000005,0.0,124.29225815645307,102.14817439028774,451.30890884906415
F3_seed13_life1_m1_selected_recovery_age_aware_censoring_aware,F3,13,1,1.0,selected_recovery,age_aware,censoring_aware,lightgbm_gbm_recovered,7,30,36.39977777777778,147.68,135.32867051480025,12.35132948519976,109.77185978539984,208.70075252242228,249.5579918379369,0.9163642369637068,0.7433089097061201,0.4478646359963026,0.8111500642681228,0.0,0.0,35.86607947875585,36.59804028444475,0,204,0.1619047619047619,0.9546264351733132,13.274190476190467,12.671893134097251,1.1102230246251563e-16,-2.842170943040401e-14,0,2.0246023764254075,249.5579918379369,4.08,0.0,61.7566474259988,109.77185978539984,425.1664990493356
F3_seed14_life1_m1_raw_order_up_to_censoring_aware,F3,14,1,1.0,raw,order_up_to,censoring_aware,lightgbm_raw,7,30,36.39977777777778,147.68,112.69762825796266,34.982371742037344,110.00828155859018,186.30613203877505,214.84378131425436,0.7631204513675695,0.7449098155375825,0.4939621119583496,0.9761366167066388,0.0,0.0,24.24077364919417,24.73548331550426,0,203,0.3047619047619047,5.95906058164034,13.274190476190467,79.10170521985225,1.1102230246251563e-16,-1.4210854715202004e-14,0,2.399161531347768,214.84378131425436,4.0600000000000005,0.0,174.91185871018672,110.00828155859018,503.8239215830313
F3_seed14_life1_m1_raw_age_aware_censoring_aware,F3,14,1,1.0,raw,age_aware,censoring_aware,lightgbm_raw,7,30,36.39977777777778,147.68,129.3236746432446,18.356325356755388,107.7320063143922,200.655903179859,241.5530862620437,0.8757020222321547,0.729496250774595,0.4544586566294714,0.8330416423101517,0.0,0.0,36.066121356943846,36.8021646499427,0,204,0.1809523809523809,0.541677133927373,13.274190476190467,7.190325452348886,0.0,-1.4210854715202004e-14,0,2.1197462826676805,241.5530862620437,4.08,0.0,91.78162678377694,107.7320063143922,445.1467193602129
F3_seed14_life1_m1_selected_recovery_order_up_to_censoring_aware,F3,14,1,1.0,selected_recovery,order_up_to,censoring_aware,lightgbm_gbm_recovered,7,30,36.39977777777778,147.68,114.05501225821868,33.624987741781325,111.4724452478384,189.1276797282793,217.64054578179,0.7723118381515349,0.7548242500530769,0.4942743845052416,0.9773568301888091,0.0,0.0,24.160055137874895,24.653117487627448,0,203,0.2857142857142857,6.153920805297446,13.274190476190467,81.68831694490974,1.1102230246251563e-16,0.0,0,2.387132998754929,217.64054578179,4.0600000000000005,0.0,168.12493870890663,111.4724452478384,501.297929738535
F3_seed14_life1_m1_selected_recovery_age_aware_censoring_aware,F3,14,1,1.0,selected_recovery,age_aware,censoring_aware,lightgbm_gbm_recovered,7,30,36.39977777777778,147.68,129.92286802677089,17.757131973229132,109.94699646150532,203.4700867104984,244.29578436429895,0.8797593988811679,0.744494829777257,0.4583610229490877,0.8462482250534255,0.0,0.0,35.939781966514566,36.673246904606714,0,207,0.1761904761904762,0.7730030478797673,13.274190476190467,10.260989696231814,1.1102230246251563e-16,-1.4210854715202004e-14,0,2.1293735271045238,244.29578436429895,4.140000000000001,0.0,88.78565986614566,109.94699646150532,447.1684406919499
F3_seed15_life1_m1_raw_order_up_to_censoring_aware,F3,15,1,1.0,raw,order_up_to,censoring_aware,lightgbm_raw,7,30,36.39977777777778,147.68,120.82203351423536,26.85796648576462,96.02748033532947,180.44973607178707,215.6796241623549,0.8181340297551148,0.6502402514580814,0.4428300466559804,0.7947845069501782,0.0,0.0,30.91629560732076,31.547240415633432,0,207,0.3047619047619047,2.1390718251527407,13.274190476190467,28.39444684932988,6.245004513516506e-17,1.4210854715202004e-14,0,2.14350922345956,215.6796241623549,4.140000000000001,0.0,134.2898324288231,96.02748033532947,450.1369369265076
F3_seed15_life1_m1_raw_age_aware_censoring_aware,F3,15,1,1.0,raw,age_aware,censoring_aware,lightgbm_raw,7,30,36.39977777777778,147.68,128.19386564418363,19.486134355816365,107.10632367153288,198.90041153793877,239.73476343221037,0.868051636268849,0.7252595048180721,0.455190129608531,0.8355027218604861,0.0,0.0,36.03965662562739,36.775159822068765,0,208,0.1904761904761904,0.3984788588794688,13.274190476190467,5.289484273501092,5.204170427930421e-17,0.0,0,2.1353893280134524,239.73476343221037,4.16,0.0,97.43067177908182,107.10632367153288,448.43175888282497
F3_seed15_life1_m1_selected_recovery_order_up_to_censoring_aware,F3,15,1,1.0,selected_recovery,order_up_to,censoring_aware,lightgbm_gbm_recovered,7,30,36.39977777777778,147.68,121.50048465631475,26.17951534368525,97.77520931880755,182.87591619734448,218.3394317949368,0.8227280922014812,0.662074819331037,0.4459008089145555,0.8047310230521445,0.0,0.0,31.096726961693506,31.7313540425444,0,208,0.2999999999999999,2.3314793675489747,13.274190476190467,30.948501216153176,1.1102230246251563e-16,-1.4210854715202004e-14,0,2.148439132534146,218.3394317949368,4.16,0.0,130.89757671842625,97.77520931880755,451.17221783217065
F3_seed15_life1_m1_selected_recovery_age_aware_censoring_aware,F3,15,1,1.0,selected_recovery,age_aware,censoring_aware,lightgbm_gbm_recovered,7,30,36.39977777777778,147.68,128.9756509721308,18.704349027869203,108.4306095862142,201.00648278056724,241.7647206838916,0.8733454155751001,0.7342267713042672,0.4567302030334042,0.8407060462105673,0.0,0.0,35.92294348964657,36.65606478535364,0,207,0.1857142857142857,0.5150898892482983,13.274190476190467,6.837401302241765,1.1102230246251563e-16,1.4210854715202004e-14,0,2.1326527400450086,241.7647206838916,4.140000000000001,0.0,93.52174513934601,108.4306095862142,447.8570754094519
F3_seed16_life1_m1_raw_order_up_to_censoring_aware,F3,16,1,1.0,raw,order_up_to,censoring_aware,lightgbm_raw,7,30,36.39977777777778,147.68,114.20921634556798,33.470783654432005,99.02355478740768,176.83299335519789,213.82611189781076,0.7733560153410615,0.6705278628616446,0.4643918205502046,0.8670364612938735,0.0,0.0,32.71659630465663,33.38428194352718,0,198,0.3142857142857142,3.4135102612535615,13.274190476190467,45.31158540031047,7.632783294297951e-17,0.0,0,2.3055408807494207,213.82611189781076,3.96,0.0,167.35391827216006,99.02355478740768,484.1635849573785
F3_seed16_life1_m1_raw_age_aware_censoring_aware,F3,16,1,1.0,raw,age_aware,censoring_aware,lightgbm_raw,7,30,36.39977777777778,147.68,124.2366548697715,23.4433451302285,101.16409530004216,189.00097239203583,229.85455523253128,0.8412557886631331,0.6850223137868509,0.4488188048346182,0.8142854088117981,0.0,0.0,36.256491735844776,36.99642013861712,0,199,0.2238095238095238,0.533788783103683,13.274190476190467,7.08561398097221,2.0816681711721685e-17,0.0,0,2.15340655325579,229.85455523253128,3.98,0.0,117.21672565114253,101.16409530004216,452.21537618371593
F3_seed16_life1_m1_selected_recovery_order_up_to_censoring_aware,F3,16,1,1.0,selected_recovery,order_up_to,censoring_aware,lightgbm_gbm_recovered,7,30,36.39977777777778,147.68,114.57103829253772,33.10896170746227,100.99395359729722,179.1652141120572,216.14760596640065,0.7758060556103583,0.6838702166664221,0.4685081409179391,0.8814963633254879,0.0,0.0,32.65943973501542,33.32595891328104,0,197,0.3047619047619047,4.017730017730816,13.274190476190467,53.33211353726697,1.1102230246251563e-16,2.842170943040401e-14,0,2.3172684195286157,216.14760596640065,3.94,0.0,165.54480853731138,100.99395359729722,486.6263681010092
F3_seed16_life1_m1_selected_recovery_age_aware_censoring_aware,F3,16,1,1.0,selected_recovery,age_aware,censoring_aware,lightgbm_gbm_recovered,7,30,36.39977777777778,147.68,124.86788620122373,22.812113798776284,102.23406608795332,190.70217451139925,231.53658973223511,0.8455301069963685,0.692267511429803,0.4501681516052095,0.8187378612560465,0.0,0.0,36.20368342619119,36.94253410835835,0,195,0.2238095238095238,0.6136979900098544,13.274190476190467,8.146344014246043,1.1102230246251563e-16,1.4210854715202004e-14,0,2.15110107054319,231.53658973223511,3.9,0.0,114.06056899388145,102.23406608795332,451.73122481406983
F3_seed17_life1_m1_raw_order_up_to_censoring_aware,F3,17,1,1.0,raw,order_up_to,censoring_aware,lightgbm_raw,7,30,36.39977777777778,147.68,116.37912232730116,31.30087767269884,106.26886548793834,186.2482100374617,215.94384602430577,0.7880493115337293,0.7195887424697883,0.4772954228363549,0.9131265416237712,0.0,0.0,25.37675906635794,25.894652108528508,0,204,0.3142857142857142,3.0578661680853494,13.274190476190467,40.59069796586359,9.714451465470121e-17,0.0,0,2.299033808932087,215.94384602430577,4.08,0.0,156.50438836349423,106.26886548793834,482.7970998757383
F3_seed17_life1_m1_raw_age_aware_censoring_aware,F3,17,1,1.0,raw,age_aware,censoring_aware,lightgbm_raw,7,30,36.39977777777778,147.68,126.86878107983574,20.811218920164254,108.96535775966866,199.43436106172663,240.21644226535733,0.8590789618082052,0.7378477638114074,0.4620423416892344,0.8588823572845644,0.0,0.0,35.97775235832355,36.711992202370965,0,200,0.2,0.2973092676393602,13.274190476190467,3.9465398489815584,1.3877787807814457e-17,1.4210854715202004e-14,0,2.177323307742129,240.21644226535733,4.0,0.0,104.0560946008213,108.96535775966866,457.2378946258472
F3_seed17_life1_m1_selected_recovery_order_up_to_censoring_aware,F3,17,1,1.0,selected_recovery,order_up_to,censoring_aware,lightgbm_gbm_recovered,7,30,36.39977777777778,147.68,116.8657068621927,30.81429313780732,108.10655618995898,188.5724852743739,218.5631390167545,0.7913441688935041,0.7320324769092563,0.4805328209055637,0.9250494357377014,0.0,0.0,25.6193909620455,26.142235675556638,0,204,0.3047619047619047,3.2389331785323305,13.274190476190467,42.99421595149119,1.1102230246251563e-16,0.0,0,2.308672194741667,218.5631390167545,4.08,0.0,154.0714656890366,108.10655618995898,484.8211608957501
F3_seed17_life1_m1_selected_recovery_age_aware_censoring_aware,F3,17,1,1.0,selected_recovery,age_aware,censoring_aware,lightgbm_gbm_recovered,7,30,36.39977777777778,147.68,127.62388820220092,20.05611179779908,110.7191912652481,201.9433016896712,242.64568593413665,0.8641920923767668,0.7497236678307698,0.464537051013345,0.8675428466011796,0.0,0.0,35.849470525782664,36.581092373247614,0,203,0.1904761904761904,0.3864894427296052,13.274190476190467,5.1303344798294885,1.1102230246251563e-16,-2.842170943040401e-14,0,2.179549696135143,242.64568593413665,4.0600000000000005,0.0,100.2805589889954,110.7191912652481,457.7054361883801
F3_seed18_life1_m1_raw_order_up_to_censoring_aware,F3,18,1,1.0,raw,order_up_to,censoring_aware,lightgbm_raw,7,30,36.39977777777778,147.68,118.8901035538792,28.78989644612081,100.68357315363124,183.17389892973264,212.47576750397195,0.8050521638263757,0.681768507269984,0.4585411815449524,0.8468625238264929,0.0,0.0,25.052353224159877,25.563625738938647,0,201,0.3095238095238095,1.4593204037482723,13.274190476190467,19.37129700514575,5.551115123125784e-17,1.4210854715202004e-14,0,2.195851537562892,212.47576750397195,4.0200000000000005,0.0,143.94948223060408,100.68357315363124,461.12882288820725
F3_seed18_life1_m1_raw_age_aware_censoring_aware,F3,18,1,1.0,raw,age_aware,censoring_aware,lightgbm_raw,7,30,36.39977777777778,147.68,127.35750990949911,20.322490090500853,106.474344399979,197.4320765317004,238.1563137748965,0.862388339040487,0.7209801218850149,0.4553457642219243,0.8360272156360484,0.0,0.0,35.96111096769816,36.695011191528735,0,199,0.1904761904761904,1.2623161519729924,13.274190476190467,16.756225042461296,1.1102230246251563e-16,5.684341886080802e-14,0,2.143919564892284,238.1563137748965,3.98,0.0,101.61245045250426,106.474344399979,450.2231086273797
F3_seed18_life1_m1_selected_recovery_order_up_to_censoring_aware,F3,18,1,1.0,selected_recovery,order_up_to,censoring_aware,lightgbm_gbm_recovered,7,30,36.39977777777778,147.68,119.55773538059135,28.12226461940864,102.40241543915178,185.56037304196536,214.50770125613985,0.8095729643864528,0.6934074718252422,0.4613549552068657,0.8565101631707174,0.0,0.0,24.657174189051705,25.16038182556296,0,203,0.3095238095238095,1.8038568300801732,13.274190476190467,23.944739154261367,5.551115123125784e-17,2.842170943040401e-14,0,2.198006856153976,214.50770125613985,4.0600000000000005,0.0,140.6113230970432,102.40241543915178,461.5814397923349
F3_seed18_life1_m1_selected_recovery_age_aware_censoring_aware,F3,18,1,1.0,selected_recovery,age_aware,censoring_aware,lightgbm_gbm_recovered,7,30,36.39977777777778,147.68,127.91049539528726,19.769504604712758,108.77495062300224,200.28566824051168,240.9445025984039,0.8661328236408941,0.736558441380026,0.4595760003536374,0.8503989472236065,0.0,0.0,35.839944305924085,36.57137174073888,0,201,0.1904761904761904,1.4590357805287713,13.274190476190467,19.367518862316143,1.1102230246251563e-16,-1.4210854715202004e-14,0,2.1551760773569995,240.9445025984039,4.0200000000000005,0.0,98.84752302356377,108.77495062300224,452.58697624496983
F3_seed19_life1_m1_raw_order_up_to_censoring_aware,F3,19,1,1.0,raw,order_up_to,censoring_aware,lightgbm_raw,7,30,36.39977777777778,147.68,119.80993182912547,27.870068170874536,99.0044229810257,182.41457703237336,218.46731416283396,0.8112806868169384,0.6703983137935108,0.4524585375896587,0.8263457083192997,0.0,0.0,31.68339084720386,32.3299906604121,0,205,0.3095238095238095,1.2716575291344585,13.274190476190467,16.880224262212533,5.551115123125784e-17,0.0,0,2.1948670380868203,218.46731416283396,4.1000000000000005,0.0,139.35034085437266,99.0044229810257,460.9220779982322
F3_seed19_life1_m1_raw_age_aware_censoring_aware,F3,19,1,1.0,raw,age_aware,censoring_aware,lightgbm_raw,7,30,36.39977777777778,147.68,130.09231565959448,17.58768434040553,105.02328252106982,198.7158204028865,239.52909031887464,0.8809067961781857,0.7111544049368215,0.4466878562449492,0.8072981250935571,0.0,0.0,36.02268810961061,36.757845009806736,0,204,0.1904761904761904,0.988986644040754,13.274190476190467,13.12799709140535,1.1102230246251563e-16,-1.4210854715202004e-14,0,2.078908545437962,239.52909031887464,4.08,0.0,87.93842170202765,105.02328252106982,436.5707945419721
F3_seed19_life1_m1_selected_recovery_order_up_to_censoring_aware,F3,19,1,1.0,selected_recovery,order_up_to,censoring_aware,lightgbm_gbm_recovered,7,30,36.39977777777778,147.68,120.87793454703495,26.80206545296505,100.4811354937878,184.95929226304497,220.68900951967,0.8185125578753721,0.6803977213826367,0.4539282509420427,0.8312611881591132,0.0,0.0,31.315937066231644,31.955037822685348,0,204,0.2999999999999999,1.59556999193634,13.274190476190467,21.17989999105667,5.551115123125784e-17,-1.4210854715202004e-14,0,2.186954629896586,220.68900951967,4.08,0.0,134.01032726482524,100.4811354937878,459.26047227828303
F3_seed19_life1_m1_selected_recovery_age_aware_censoring_aware,F3,19,1,1.0,selected_recovery,age_aware,censoring_aware,lightgbm_gbm_recovered,7,30,36.39977777777778,147.68,130.766095351758,16.91390464824204,107.14851387380617,201.5148314477864,242.256096658894,0.8854692263797262,0.7255451914531835,0.4503654240594357,0.8193906347480892,0.0,0.0,35.89614327792978,36.62871763054059,0,203,0.1857142857142857,1.2854148240267425,13.274190476190467,17.062841215049833,1.1102230246251563e-16,1.4210854715202004e-14,0,2.085876827494812,242.256096658894,4.0600000000000005,0.0,84.56952324121018,107.14851387380617,438.0341337739104
F3_seed20_life1_m1_raw_order_up_to_censoring_aware,F3,20,1,1.0,raw,order_up_to,censoring_aware,lightgbm_raw,7,30,36.39977777777778,147.68,114.72121630837928,32.95878369162075,102.91377087423494,181.2352094048364,214.22757147074395,0.7768229706688736,0.6968700627995323,0.4728732829518884,0.8970770550200144,0.0,0.0,28.707810636492628,29.293684322951663,0,201,0.3047619047619047,3.384761424070055,13.274190476190467,44.92996785956762,8.326672684688674e-17,-1.4210854715202004e-14,0,2.3140726704908694,214.22757147074395,4.0200000000000005,0.0,164.79391845810375,102.91377087423494,485.9552608030826
F3_seed20_life1_m1_raw_age_aware_censoring_aware,F3,20,1,1.0,raw,age_aware,censoring_aware,lightgbm_raw,7,30,36.39977777777778,147.68,128.02437593898287,19.65562406101713,103.32050052484932,194.9450986860544,235.8662297453029,0.8669039540830367,0.6996241909862493,0.4466081207594936,0.8070377204892014,0.0,0.0,36.203806464342414,36.94265965749226,0,201,0.1952380952380952,0.8021351345389276,13.274190476190467,10.647694563514394,2.775557561562892e-17,0.0,0,2.1023088122630367,235.8662297453029,4.0200000000000005,0.0,98.27812030508564,103.32050052484932,441.4848505752378
F3_seed20_life1_m1_selected_recovery_order_up_to_censoring_aware,F3,20,1,1.0,selected_recovery,order_up_to,censoring_aware,lightgbm_gbm_recovered,7,30,36.39977777777778,147.68,115.25795308850375,32.422046911496246,105.04211230203096,183.90028761275696,216.6976422244745,0.7804574288224794,0.7112819088707406,0.47681380446174,0.9113654154639697,0.0,0.0,28.46340176722807,29.044287517579665,0,202,0.2999999999999999,3.9245884584425488,13.274190476190467,52.09573473802512,1.5092094240998222e-16,0.0,0,2.323285662304699,216.6976422244745,4.040000000000001,0.0,162.11023455748122,105.04211230203096,487.8899890839868
F3_seed20_life1_m1_selected_recovery_age_aware_censoring_aware,F3,20,1,1.0,selected_recovery,age_aware,censoring_aware,lightgbm_gbm_recovered,7,30,36.39977777777778,147.68,128.73045546770476,18.94954453229524,105.35837650338424,197.6890541933112,238.4300844685528,0.871685099320861,0.7134234595299583,0.4500786116801867,0.8184417286538384,0.0,0.0,35.97242858587047,36.70655978150048,0,201,0.1904761904761904,1.0945349516732974,13.274190476190467,14.52906543135928,1.1102230246251563e-16,0.0,0,2.107410398254349,238.4300844685528,4.0200000000000005,0.0,94.74772266147619,105.35837650338424,442.5561836334133
F3_seed21_life1_m1_raw_order_up_to_censoring_aware,F3,21,1,1.0,raw,order_up_to,censoring_aware,lightgbm_raw,7,30,36.39977777777778,147.68,115.2559699070358,32.4240300929642,98.89411741673288,177.7503095459909,218.74739902016597,0.7804439999122141,0.6696513909583754,0.4617981652616237,0.8580390022009254,0.0,0.0,36.622141493771736,37.369532136501775,0,200,0.2904761904761905,1.1255490385429536,13.274190476190467,14.940752327912216,9.714451465470121e-17,0.0,0,2.303626985246285,218.74739902016597,4.0,0.0,162.12015046482102,98.89411741673288,483.76166690171993
F3_seed21_life1_m1_raw_age_aware_censoring_aware,F3,21,1,1.0,raw,age_aware,censoring_aware,lightgbm_raw,7,30,36.39977777777778,147.68,125.10416883403788,22.57583116596213,106.68050156220168,195.3848926184617,236.16891954491703,0.8471300706530192,0.7223760940019072,0.4602569332123202,0.8527333865566311,0.0,0.0,36.060648535556936,36.79658013832341,0,200,0.2047619047619047,0.9266796159524432,13.274190476190467,12.300921732555764,9.367506770274758e-17,-4.2632564145606005e-14,0,2.1891836996996634,236.16891954491703,4.0,0.0,112.87915582981066,106.68050156220168,459.72857693692936
F3_seed21_life1_m1_selected_recovery_order_up_to_censoring_aware,F3,21,1,1.0,selected_recovery,order_up_to,censoring_aware,lightgbm_gbm_recovered,7,30,36.39977777777778,147.68,115.90961642848202,31.770383571518,100.58461410154204,180.09445275224624,221.4519385308156,0.7848701004095479,0.6810984161805391,0.4646064417295992,0.8677848930990488,0.0,0.0,36.92844700795305,37.68208878362556,0,201,0.2857142857142857,1.4133551134076814,13.274190476190467,18.761144985871343,1.1102230246251563e-16,-2.842170943040401e-14,0,2.309087954714036,221.4519385308156,4.0200000000000005,0.0,158.85191785758997,100.58461410154204,484.9084704899476
F3_seed21_life1_m1_selected_recovery_age_aware_censoring_aware,F3,21,1,1.0,selected_recovery,age_aware,censoring_aware,lightgbm_gbm_recovered,7,30,36.39977777777778,147.68,125.88336530361286,21.79663469638714,108.68070538669336,198.1642929125284,238.98383556162872,0.8524063197698595,0.7359202694115204,0.4633305734627361,0.8633444548020373,0.0,0.0,36.03986593786774,36.77537340598749,0,199,0.2095238095238095,1.1283786283832455,13.274190476190467,14.978312842421742,2.1553939189011826e-16,-2.842170943040401e-14,0,2.193465306810752,238.98383556162872,3.98,0.0,108.98317348193572,108.68070538669336,460.62771443025775
F3_seed22_life1_m1_raw_order_up_to_censoring_aware,F3,22,1,1.0,raw,order_up_to,censoring_aware,lightgbm_raw,7,30,36.39977777777778,147.68,117.4504820266336,30.22951797336642,101.15689788180562,182.20760213066143,215.10026379332723,0.7953039140481689,0.6849735772061593,0.4627332248534968,0.8612727349970928,0.0,0.0,28.59065638679929,29.17413917020336,0,206,0.2857142857142857,5.064799824419963,13.274190476190467,67.23111759312664,8.326672684688674e-17,0.0,0,2.245355959723643,215.10026379332723,4.120000000000001,0.0,151.1475898668321,101.15689788180562,471.524751541965
F3_seed22_life1_m1_raw_age_aware_censoring_aware,F3,22,1,1.0,raw,age_aware,censoring_aware,lightgbm_raw,7,30,36.39977777777778,147.68,128.0889868958131,19.59101310418692,106.64974729179517,198.33895640983047,239.1640523633576,0.8673414605621145,0.7221678446085804,0.4543338263320376,0.8326223032628363,0.0,0.0,36.04181490625996,36.77736214924485,0,205,0.1904761904761904,0.2826694249605691,13.274190476190467,3.752207788721824,2.775557561562892e-17,0.0,0,2.132708881790892,239.1640523633576,4.1000000000000005,0.0,97.9550655209346,106.64974729179517,447.8688651760873
F3_seed22_life1_m1_selected_recovery_order_up_to_censoring_aware,F3,22,1,1.0,selected_recovery,order_up_to,censoring_aware,lightgbm_gbm_recovered,7,30,36.39977777777778,147.68,118.54493393716668,29.135066062833335,102.81647364841422,184.96162980780312,217.98899989485392,0.8027148831064915,0.6962112245965209,0.4644733459632712,0.8673206878913177,0.0,0.0,28.667590089153716,29.25264294811603,0,207,0.2714285714285714,5.41585696225569,13.274190476190467,71.89111690878434,1.1102230246251563e-16,1.4210854715202004e-14,0,2.2410514469401663,217.98899989485392,4.140000000000001,0.0,145.67533031416667,102.81647364841422,470.6208038574349
F3_seed22_life1_m1_selected_recovery_age_aware_censoring_aware,F3,22,1,1.0,selected_recovery,age_aware,censoring_aware,lightgbm_gbm_recovered,7,30,36.39977777777778,147.68,128.81829809186254,18.861701908137466,108.65594337018966,201.07446368427443,241.83131786796795,0.8722799166567073,0.7357525959519885,0.457548333247556,0.843482214713823,0.0,0.0,35.920227826334134,36.65329370034095,0,207,0.1857142857142857,0.4055132795150289,13.274190476190467,5.38286051290716,1.1102230246251563e-16,1.4210854715202004e-14,0,2.1377893846611657,241.83131786796795,4.140000000000001,0.0,94.30850954068733,108.65594337018966,448.9357707788448
F3_seed23_life1_m1_raw_order_up_to_censoring_aware,F3,23,1,1.0,raw,order_up_to,censoring_aware,lightgbm_raw,7,30,36.39977777777778,147.68,122.40087992385556,25.279120076144423,96.23276392593226,182.23386607201007,212.80671360263548,0.8288250265699862,0.6516303082741892,0.440155331226373,0.7862097395525077,0.0,0.0,26.3167132585727,26.853789039359896,0,205,0.2952380952380952,2.789827780175959,13.274190476190467,37.03270534982331,5.551115123125784e-17,2.842170943040401e-14,0,2.093024180520428,212.80671360263548,4.1000000000000005,0.0,126.39560038072212,96.23276392593226,439.5350779092898
F3_seed23_life1_m1_raw_age_aware_censoring_aware,F3,23,1,1.0,raw,age_aware,censoring_aware,lightgbm_raw,7,30,36.39977777777778,147.68,129.4799817614042,18.200018238595813,107.45577696201303,200.5359809456395,241.462033630794,0.8767604398794974,0.7276257919962962,0.4535228348011818,0.8299026266471393,0.0,0.0,36.096812012538734,36.83348164544768,0,204,0.2047619047619047,0.2677256665479544,13.274190476190467,3.553841493122602,9.020562075079397e-17,2.842170943040401e-14,0,2.1142757227894577,241.462033630794,4.08,0.0,91.00009119297904,107.45577696201303,443.99790178578615
F3_seed23_life1_m1_selected_recovery_order_up_to_censoring_aware,F3,23,1,1.0,selected_recovery,order_up_to,censoring_aware,lightgbm_gbm_recovered,7,30,36.39977777777778,147.68,122.84333481889888,24.836665181101125,98.01608093685843,184.45963797797955,214.76055334682852,0.8318210645916772,0.6637058568313817,0.443793988141542,0.7978949861737157,0.0,0.0,26.005704301912417,26.53643296113512,0,204,0.2904761904761905,3.1871169225793365,13.274190476190467,42.3063971002081,5.551115123125784e-17,-2.842170943040401e-14,0,2.100190286615203,214.76055334682852,4.08,0.0,124.1833259055056,98.01608093685843,441.03996018919264
F3_seed23_life1_m1_selected_recovery_age_aware_censoring_aware,F3,23,1,1.0,selected_recovery,age_aware,censoring_aware,lightgbm_gbm_recovered,7,30,36.39977777777778,147.68,130.09989690596623,17.580103094033774,108.75032695605027,202.4504460842387,243.28509345666808,0.8809581318117972,0.7363917047403187,0.4553076199705604,0.8358986405243117,0.0,0.0,35.96894550329602,36.70300561560818,0,204,0.1904761904761904,0.4357417026146307,13.274190476190467,5.784118358926151,1.1102230246251563e-16,-2.842170943040401e-14,0,2.1143615994423204,243.28509345666808,4.08,0.0,87.9005154701689,108.75032695605027,444.0159358828873
F3_seed24_life1_m1_raw_order_up_to_censoring_aware,F3,24,1,1.0,raw,order_up_to,censoring_aware,lightgbm_raw,7,30,36.39977777777778,147.68,107.9681025258814,39.71189747411861,110.55669852152126,182.12502326962488,211.88804391252432,0.73109495209833,0.7486233648532045,0.5059228883477584,1.0239755625511653,0.0,0.0,25.525259764648975,26.046183433315285,0,199,0.3047619047619047,9.441915559396218,13.274190476190467,125.33378559553188,1.2424956896683878e-16,1.4210854715202004e-14,0,2.4999249038316127,211.88804391252432,3.98,0.0,198.55948737059308,110.55669852152126,524.9842298046385
F3_seed24_life1_m1_raw_age_aware_censoring_aware,F3,24,1,1.0,raw,age_aware,censoring_aware,lightgbm_raw,7,30,36.39977777777778,147.68,126.95644444695304,20.72355555304696,105.16825530443072,195.724921973606,236.4788562704837,0.8596725653233547,0.7121360732965242,0.4530679217552925,0.8283805974762769,0.0,0.0,36.02435717146808,36.7595481341511,0,201,0.2047619047619047,0.4807487679188721,13.274190476190467,6.381550716548993,0.0,0.0,0,2.1394518540007104,236.4788562704837,4.0200000000000005,0.0,103.61777776523482,105.16825530443072,449.2848893401492
F3_seed24_life1_m1_selected_recovery_order_up_to_censoring_aware,F3,24,1,1.0,selected_recovery,order_up_to,censoring_aware,lightgbm_gbm_recovered,7,30,36.39977777777778,147.68,109.3246510652626,38.35534893473741,112.03288913123149,184.9577624187163,214.70006895826296,0.7402806816445191,0.7586192384292489,0.5061173386358667,1.024772437319303,0.0,0.0,25.44830516038143,25.96765832691983,0,200,0.2999999999999999,9.920881755104848,13.274190476190467,131.69167410902455,5.551115123125784e-17,1.4210854715202004e-14,0,2.4881414417294354,214.70006895826296,4.0,0.0,191.77674467368703,112.03288913123149,522.5097027631814
F3_seed24_life1_m1_selected_recovery_age_aware_censoring_aware,F3,24,1,1.0,selected_recovery,age_aware,censoring_aware,lightgbm_gbm_recovered,7,30,36.39977777777778,147.68,127.55600930694216,20.12399069305784,107.29183572594953,198.44806725511387,239.13205540629423,0.8637324573872031,0.726515680701175,0.4568568032247549,0.8411350928027991,0.0,0.0,35.90134704305442,36.63402759495349,0,203,0.2,0.5397095214974243,13.274190476190467,7.164206990170428,1.1102230246251563e-16,-4.2632564145606005e-14,0,2.148113545702538,239.13205540629423,4.0600000000000005,0.0,100.6199534652892,107.29183572594953,451.103844597533
F3_seed25_life1_m1_raw_order_up_to_censoring_aware,F3,25,1,1.0,raw,order_up_to,censoring_aware,lightgbm_raw,7,30,36.39977777777778,147.68,114.81555774360746,32.86444225639254,98.453370710656,176.8691506764857,216.96589180570567,0.777461794038512,0.6666669197633803,0.4616395432012957,0.8574915511930052,0.0,0.0,35.75742329310596,36.48716662561833,0,202,0.3047619047619047,0.7556766242669924,13.274190476190467,10.030995448924674,8.326672684688674e-17,1.4210854715202004e-14,0,2.3037213038015447,216.96589180570567,4.040000000000001,0.0,164.32221128196272,98.453370710656,483.7814737983245
F3_seed25_life1_m1_raw_age_aware_censoring_aware,F3,25,1,1.0,raw,age_aware,censoring_aware,lightgbm_raw,7,30,36.39977777777778,147.68,124.28007517901132,23.399924820988655,105.28488810025264,193.1651855014862,233.9625694998493,0.841549804841626,0.7129258403321547,0.4586278611347777,0.8471582266795518,0.0,0.0,36.11813260836621,36.85523735547572,0,203,0.2095238095238095,0.6875873609844819,13.274190476190467,9.12716559872915,2.775557561562892e-17,2.842170943040401e-14,0,2.19193848430974,233.9625694998493,4.0600000000000005,0.0,116.99962410494328,105.28488810025264,460.3070817050453
F3_seed25_life1_m1_selected_recovery_order_up_to_censoring_aware,F3,25,1,1.0,selected_recovery,order_up_to,censoring_aware,lightgbm_gbm_recovered,7,30,36.39977777777778,147.68,115.292776571069,32.387223428931,100.20381028173742,179.0968090750286,218.9328510937396,0.7806932324693188,0.6785198421027722,0.4649902429785628,0.8691247904847671,0.0,0.0,35.457384996836176,36.18100509881243,0,202,0.2999999999999999,0.9934532348798188,13.274190476190467,13.187287468982303,1.1102230246251563e-16,-4.2632564145606005e-14,0,2.3100608500958666,218.9328510937396,4.040000000000001,0.0,161.936117144655,100.20381028173742,485.112778520132
F3_seed25_life1_m1_selected_recovery_age_aware_censoring_aware,F3,25,1,1.0,selected_recovery,age_aware,censoring_aware,lightgbm_gbm_recovered,7,30,36.39977777777778,147.68,124.92008094348093,22.759919056519085,106.78850654315664,195.30880970885977,236.07663528896552,0.8458835383496812,0.7231074386725124,0.4608741855513449,0.8548546057336629,0.0,0.0,36.04629287432641,36.781931504414715,0,201,0.2047619047619047,0.8400893402560604,13.274190476190467,11.151505919576133,1.1102230246251563e-16,-1.4210854715202004e-14,0,2.193736843403417,236.07663528896552,4.0200000000000005,0.0,113.79959528259543,106.78850654315664,460.6847371147176
F3_seed26_life1_m1_raw_order_up_to_censoring_aware,F3,26,1,1.0,raw,order_up_to,censoring_aware,lightgbm_raw,7,30,36.39977777777778,147.68,114.1535015229648,33.5264984770352,105.34001138457788,183.09373512976487,214.01699375230027,0.7729787481240845,0.7132991020082468,0.4799231193176551,0.9227926430569116,0.0,0.0,26.642918747489347,27.1866517831524,0,201,0.3142857142857142,5.753393127715342,13.274190476190467,76.37163626169868,8.326672684688674e-17,-2.842170943040401e-14,0,2.338140464390733,214.01699375230027,4.0200000000000005,0.0,167.63249238517602,105.34001138457788,491.00949752205406
F3_seed26_life1_m1_raw_age_aware_censoring_aware,F3,26,1,1.0,raw,age_aware,censoring_aware,lightgbm_raw,7,30,36.39977777777778,147.68,127.80227946604369,19.87772053395635,103.5449269275614,194.94742861582725,235.7294931595308,0.8654000505555502,0.7011438713946465,0.4475737076824439,0.8101962450135539,0.0,0.0,36.06747468051286,36.80354559236006,0,204,0.2,0.5108410887934156,13.274190476190467,6.781001915708327,8.890457814381136e-18,-4.2632564145606005e-14,0,2.1083001083660657,235.7294931595308,4.08,0.0,99.38860266978173,103.5449269275614,442.74302275687376
F3_seed26_life1_m1_selected_recovery_order_up_to_censoring_aware,F3,26,1,1.0,selected_recovery,order_up_to,censoring_aware,lightgbm_gbm_recovered,7,30,36.39977777777778,147.68,115.1779779636645,32.502022036335504,106.66147676884104,185.43967695472776,216.2388269469344,0.7799158854527661,0.7222472695614913,0.4808048094846503,0.9260579032086308,0.0,0.0,26.47437345326798,27.01466678904896,0,202,0.3095238095238095,6.36715592059198,13.274190476190467,84.5188404815418,5.551115123125784e-17,0.0,0,2.3307162566545374,216.2388269469344,4.040000000000001,0.0,162.51011018167753,106.66147676884104,489.45041389745296
F3_seed26_life1_m1_selected_recovery_age_aware_censoring_aware,F3,26,1,1.0,selected_recovery,age_aware,censoring_aware,lightgbm_gbm_recovered,7,30,36.39977777777778,147.68,128.44753744714978,19.232462552850215,105.53146216951956,197.5792218388916,238.2960080905611,0.8697693489108191,0.7145954913970716,0.4510296323277432,0.8215919453725679,0.0,0.0,35.950866089858245,36.68455723454923,0,205,0.1952380952380952,0.6777434393284069,13.274190476190467,8.996495507633712,1.1102230246251563e-16,0.0,0,2.1147132524968177,238.2960080905611,4.1000000000000005,0.0,96.16231276425107,105.53146216951956,444.08978302433167
F3_seed27_life1_m1_raw_order_up_to_censoring_aware,F3,27,1,1.0,raw,order_up_to,censoring_aware,lightgbm_raw,7,30,36.39977777777778,147.68,114.944258524734,32.73574147526602,98.58399000495935,177.12847075191556,215.60136454630344,0.7783332782010697,0.6675513949414906,0.4616906225934326,0.8576678058586614,0.0,0.0,34.16086650346183,34.858027044348816,0,201,0.3238095238095238,2.015742099261681,13.274190476190467,26.75734457647559,5.551115123125784e-17,0.0,0,2.2946860091790136,215.60136454630344,4.0200000000000005,0.0,163.67870737633012,98.58399000495935,481.8840619275929
F3_seed27_life1_m1_raw_age_aware_censoring_aware,F3,27,1,1.0,raw,age_aware,censoring_aware,lightgbm_raw,7,30,36.39977777777778,147.68,128.882637026424,18.797362973575996,96.72595120632184,189.2088104549681,230.10179700466165,0.8727155811648428,0.6549698754490915,0.4287334625157793,0.7504963697048714,0.0,0.0,36.290950609600365,37.03158225469425,0,201,0.2095238095238095,1.0098788235884797,13.274190476190467,13.405323862184629,1.3877787807814457e-17,4.2632564145606005e-14,0,2.0230217289469694,230.10179700466165,4.0200000000000005,0.0,93.98681486787999,96.72595120632184,424.83456307886354
F3_seed27_life1_m1_selected_recovery_order_up_to_censoring_aware,F3,27,1,1.0,selected_recovery,order_up_to,censoring_aware,lightgbm_gbm_recovered,7,30,36.39977777777778,147.68,116.17545848808852,31.50454151191148,99.8713407540647,179.64702146437546,217.9875633351352,0.7866702226983242,0.676268558735541,0.4622671620426332,0.8596595361343422,0.0,0.0,33.98079060405704,34.674276126588815,0,203,0.3142857142857142,2.445812052733733,13.274190476190467,32.46617505694998,1.1102230246251563e-16,1.4210854715202004e-14,0,2.283055293565511,217.9875633351352,4.0600000000000005,0.0,157.52270755955738,99.8713407540647,479.44161164875726
F3_seed27_life1_m1_selected_recovery_age_aware_censoring_aware,F3,27,1,1.0,selected_recovery,age_aware,censoring_aware,lightgbm_gbm_recovered,7,30,36.39977777777778,147.68,129.58194083905704,18.098059160942963,98.3792108861908,191.5613739474701,232.41669346252797,0.8774508453348931,0.666164754104759,0.431561299553194,0.7592046410879078,0.0,0.0,36.20698564580727,36.9459037202115,0,200,0.2095238095238095,1.1864783372370993,13.274190476190467,15.749539444359009,1.1102230246251563e-16,2.842170943040401e-14,0,2.0251723816830167,232.41669346252797,4.0,0.0,90.49029580471482,98.3792108861908,425.2862001534336
F3_seed28_life1_m1_raw_order_up_to_censoring_aware,F3,28,1,1.0,raw,order_up_to,censoring_aware,lightgbm_raw,7,30,36.39977777777778,147.68,116.0531003869357,31.6268996130643,98.16110265096641,177.81442526012432,208.59231758230607,0.7858416873438224,0.6646878565206285,0.4582380685261949,0.8458292137278962,0.0,0.0,26.606045970535632,27.149026500546565,0,201,0.3047619047619047,5.579344353252789,13.274190476190467,74.06127967733524,5.551115123125784e-17,-1.4210854715202004e-14,0,2.232894849040924,208.59231758230607,4.0200000000000005,0.0,158.1344980653215,98.16110265096641,468.907918298594
F3_seed28_life1_m1_raw_age_aware_censoring_aware,F3,28,1,1.0,raw,age_aware,censoring_aware,lightgbm_raw,7,30,36.39977777777778,147.68,124.16881376006124,23.511186239938755,103.1096755374974,190.8787115197809,231.623584968184,0.8407964095345426,0.6981966111694026,0.4536710704835055,0.8303991349771797,0.0,0.0,36.11240174903944,36.84938953983617,0,202,0.2285714285714285,0.6393490715902581,13.274190476190467,8.486841357064623,4.445228907190568e-17,2.842170943040401e-14,0,2.1729961509779767,231.623584968184,4.040000000000001,0.0,117.55593119969376,103.1096755374974,456.3291917053752
F3_seed28_life1_m1_selected_recovery_order_up_to_censoring_aware,F3,28,1,1.0,selected_recovery,order_up_to,censoring_aware,lightgbm_gbm_recovered,7,30,36.39977777777778,147.68,116.75485114713288,30.92514885286712,99.90707429348772,180.26214766284284,211.3742273423305,0.7905935207687762,0.6765105247392179,0.4611196641509987,0.8556995560517324,0.0,0.0,26.88459513264104,27.433260339429637,0,200,0.2904761904761905,5.931722196713209,13.274190476190467,78.73881029101808,5.551115123125784e-17,2.842170943040401e-14,0,2.237652599524542,211.3742273423305,4.0,0.0,154.62574426433562,99.90707429348772,469.9070459001538
F3_seed28_life1_m1_selected_recovery_age_aware_censoring_aware,F3,28,1,1.0,selected_recovery,age_aware,censoring_aware,lightgbm_gbm_recovered,7,30,36.39977777777778,147.68,124.7791054740285,22.90089452597152,104.73014721826928,193.10947491452004,233.90133470575225,0.8449289373918506,0.7091694692461354,0.4563221133340563,0.8393243950612213,0.0,0.0,36.113833097117215,36.8508500990992,0,196,0.2285714285714285,0.7465636961457249,13.274190476190467,9.910028705247136,1.1102230246251563e-16,2.842170943040401e-14,0,2.1764569264470435,233.90133470575225,3.92,0.0,114.5044726298576,104.73014721826928,457.05595455387913
F3_seed29_life1_m1_raw_order_up_to_censoring_aware,F3,29,1,1.0,raw,order_up_to,censoring_aware,lightgbm_raw,7,30,36.39977777777778,147.68,113.15224931356776,34.52775068643226,95.40695079073825,172.15942232652822,216.84484859489064,0.76619887129989,0.6460383991788885,0.4574574065446295,0.843173258768779,0.0,0.0,40.34852929646464,41.17196866986188,0,204,0.319047619047619,1.1477193363151874,13.274190476190467,15.235045083454708,5.551115123125784e-17,-1.4210854715202004e-14,0,2.3284312038942394,216.84484859489064,4.08,0.0,172.6387534321613,95.40695079073825,488.9705528177903
F3_seed29_life1_m1_raw_age_aware_censoring_aware,F3,29,1,1.0,raw,age_aware,censoring_aware,lightgbm_raw,7,30,36.39977777777778,147.68,127.30044586508724,20.379554134912794,104.84156590407198,195.7422339913814,236.5521187356042,0.8620019357061702,0.7099239294696098,0.4516268516201448,0.8235757949754777,0.0,0.0,36.07884236951071,36.81514527501093,0,206,0.2,0.5291679580784006,13.274190476190467,7.024276269429464,5.551115123125784e-17,-2.842170943040401e-14,0,2.13053073959162,236.5521187356042,4.120000000000001,0.0,101.89777067456396,104.84156590407198,447.4114553142401
F3_seed29_life1_m1_selected_recovery_order_up_to_censoring_aware,F3,29,1,1.0,selected_recovery,order_up_to,censoring_aware,lightgbm_gbm_recovered,7,30,36.39977777777778,147.68,114.27845474383552,33.40154525616447,96.97140177489584,174.85007874095362,219.36218801370532,0.7738248560660586,0.6566319188440942,0.4590365331978222,0.848553666500524,0.0,0.0,40.12486551247767,40.943740318854765,0,201,0.3142857142857142,1.2804392974372607,13.274190476190467,16.996795127381702,9.714451465470121e-17,4.2632564145606005e-14,0,2.3207681717591595,219.36218801370532,4.0200000000000005,0.0,167.00772628082234,96.97140177489584,487.36131606942354
F3_seed29_life1_m1_selected_recovery_age_aware_censoring_aware,F3,29,1,1.0,selected_recovery,age_aware,censoring_aware,lightgbm_gbm_recovered,7,30,36.39977777777778,147.68,127.85482743402196,19.82517256597803,106.85860612487885,198.313655781123,239.14691904309527,0.8657558737406686,0.7235821108131015,0.4552726467531433,0.83578077003015,0.0,0.0,36.050324881110335,36.786045797051365,0,201,0.1952380952380952,0.6423280148714232,13.274190476190467,8.526384417596576,1.1102230246251563e-16,-1.4210854715202004e-14,0,2.138816133323163,239.14691904309527,4.0200000000000005,0.0,99.12586282989012,106.85860612487885,449.15138799786416
F3_seed00_life1_m1.25_raw_order_up_to_censoring_aware,F3,0,1,1.25,raw,order_up_to,censoring_aware,lightgbm_raw,7,30,36.39977777777778,184.6,147.30610614881542,37.29389385118458,73.38405674204027,184.29038511307792,216.5860040134505,0.7979745728538213,0.3975301015278454,0.33252074211542,0.4981738955743241,0.0,0.0,27.96389882010361,28.534590632758785,0,206,0.3904761904761904,2.069125320496919,20.740922619047627,42.91556816153872,1.1102230246251563e-16,1.4210854715202004e-14,0,2.2883787143400656,216.5860040134505,4.120000000000001,0.0,186.4694692559229,73.38405674204027,480.55953001141376
F3_seed00_life1_m1.25_raw_age_aware_censoring_aware,F3,0,1,1.25,raw,age_aware,censoring_aware,lightgbm_raw,7,30,36.39977777777778,184.6,157.62114069094557,26.978859309054425,80.04957015379789,201.27093306696568,242.2076998919675,0.8538523331037137,0.4336379748309744,0.3368087294781965,0.5078606194758764,0.0,0.0,36.092612827162455,36.82919676241068,0,204,0.319047619047619,0.1837648942201145,20.740922619047627,3.811453451116869,1.1102230246251563e-16,4.2632564145606005e-14,0,2.1963407932906547,242.2076998919675,4.08,0.0,134.8942965452721,80.04957015379789,461.2315665910375
F3_seed00_life1_m1.25_selected_recovery_order_up_to_censoring_aware,F3,0,1,1.25,selected_recovery,order_up_to,censoring_aware,lightgbm_gbm_recovered,7,30,36.39977777777778,184.6,148.21138311624657,36.3886168837534,75.56898664647844,187.38059198494727,219.31594293265607,0.8028785650934267,0.4093661248454953,0.3376926525173072,0.509873027682411,0.0,0.0,27.549032089055725,28.111257233730328,0,206,0.4,2.3346076509951375,20.740922619047627,48.4219166351267,2.2204460492503126e-16,5.684341886080802e-14,0,2.2902286380852455,219.31594293265607,4.120000000000001,0.0,181.943084418767,75.56898664647844,480.9480139979016
F3_seed00_life1_m1.25_selected_recovery_age_aware_censoring_aware,F3,0,1,1.25,selected_recovery,age_aware,censoring_aware,lightgbm_gbm_recovered,7,30,36.39977777777778,184.6,158.50429000033037,26.095709999669623,82.44228070414822,204.54679292670085,245.35768555808724,0.8586364572065567,0.4465995704450067,0.3421600085990176,0.5201264943931573,0.0,0.0,35.90373892022469,36.636468285943565,0,204,0.3095238095238095,0.2742279199267238,20.740922619047627,5.687740067182567,1.1102230246251563e-16,2.842170943040401e-14,0,2.201707220288494,245.35768555808724,4.08,0.0,130.47854999834811,82.44228070414822,462.35851626058366
F3_seed01_life1_m1.25_raw_order_up_to_censoring_aware,F3,1,1,1.25,raw,order_up_to,censoring_aware,lightgbm_raw,7,30,36.39977777777778,184.6,136.22821043714916,48.371789562850815,79.79837073896803,179.6268033983394,213.14679325025844,0.7379643035598547,0.4322771979359047,0.3693914438886196,0.585769793810689,0.0,0.0,29.257053986913817,29.854136721340637,0,198,0.3952380952380952,2.2340817096979757,20.740922619047627,46.336915865475326,1.1102230246251563e-16,1.4210854715202004e-14,0,2.5655433895403834,213.14679325025844,3.96,0.0,241.8589478142541,79.79837073896803,538.7641118034805
F3_seed01_life1_m1.25_raw_age_aware_censoring_aware,F3,1,1,1.25,raw,age_aware,censoring_aware,lightgbm_raw,7,30,36.39977777777778,184.6,145.066833740834,39.533166259165995,80.7713287948675,189.43838475792373,230.0771813558216,0.7858441697769988,0.4375478266244176,0.357651372504852,0.5567870112831425,0.0,0.0,36.037252970781445,36.77270711304229,0,196,0.3333333333333333,0.2674983197832581,20.740922619047627,5.548161951349814,0.0,1.4210854715202004e-14,0,2.4401635306977094,230.0771813558216,3.92,0.0,197.66583129582992,80.7713287948675,512.4343414465192
F3_seed01_life1_m1.25_selected_recovery_order_up_to_censoring_aware,F3,1,1,1.25,selected_recovery,order_up_to,censoring_aware,lightgbm_gbm_recovered,7,30,36.39977777777778,184.6,136.8511714937547,47.748828506245296,81.82478957580322,182.27618329178011,215.28380072063987,0.7413389571709355,0.4432545480812742,0.3741828282157445,0.5979107718455838,0.0,0.0,28.701941414446917,29.2876953208642,0,199,0.419047619047619,2.634493759754504,20.740922619047627,54.64183121143202,1.1102230246251563e-16,1.4210854715202004e-14,0,2.5706320610841407,215.28380072063987,3.98,0.0,238.74414253122652,81.82478957580322,539.8327328276696
F3_seed01_life1_m1.25_selected_recovery_age_aware_censoring_aware,F3,1,1,1.25,selected_recovery,age_aware,censoring_aware,lightgbm_gbm_recovered,7,30,36.39977777777778,184.6,146.03363084556784,38.56636915443217,82.1980884564862,191.83194152427623,232.4883845528914,0.7910814238654813,0.4452767522019837,0.3601519048616589,0.5628709495240283,0.0,0.0,36.00667533755731,36.741505446487054,0,201,0.3380952380952381,0.3121425037744268,20.740922619047627,6.474123516901169,1.199127602768968e-16,-2.842170943040401e-14,0,2.435896756102564,232.4883845528914,4.0200000000000005,0.0,192.8318457721608,82.1980884564862,511.5383187815384
F3_seed02_life1_m1.25_raw_order_up_to_censoring_aware,F3,2,1,1.25,raw,order_up_to,censoring_aware,lightgbm_raw,7,30,36.39977777777778,184.6,136.7451464989682,47.854853501031776,81.06324754062454,181.408616261815,211.58450758221653,0.7407646072533489,0.4391291849437949,0.3721768754508562,0.5928052996106608,0.0,0.0,25.94420116875721,26.47367466199716,0,203,0.4,2.9821151790420646,20.740922619047627,61.85182016959882,1.1102230246251563e-16,4.2632564145606005e-14,0,2.552295345847619,211.58450758221653,4.0600000000000005,0.0,239.27426750515892,81.06324754062454,535.982022628
F3_seed02_life1_m1.25_raw_age_aware_censoring_aware,F3,2,1,1.25,raw,age_aware,censoring_aware,lightgbm_raw,7,30,36.39977777777778,184.6,150.5295093121771,34.0704906878229,80.68893649379886,194.81866802819823,235.58779612845308,0.8154361284516636,0.4371014977995605,0.3489727483139816,0.5360340099592122,0.0,0.0,36.05737217768579,36.79323691600592,0,203,0.3333333333333333,0.6548759964618055,20.740922619047627,13.582732367686017,3.469446951953615e-17,2.842170943040401e-14,0,2.3366151717207924,235.58779612845308,4.0600000000000005,0.0,170.3524534391145,80.68893649379886,490.6891860613664
F3_seed02_life1_m1.25_selected_recovery_order_up_to_censoring_aware,F3,2,1,1.25,selected_recovery,order_up_to,censoring_aware,lightgbm_gbm_recovered,7,30,36.39977777777778,184.6,137.80379131476565,46.796208685234326,82.57985062587696,183.98386416286485,214.63238693287528,0.7464994112392505,0.4473448029570799,0.3747095287957839,0.5992567391506052,0.0,0.0,26.355875031352905,26.89375003199276,0,202,0.4047619047619047,3.147781570972647,20.740922619047627,65.28789398520784,1.1102230246251563e-16,2.842170943040401e-14,0,2.5487299094520175,214.63238693287528,4.040000000000001,0.0,233.98104342617165,82.57985062587696,535.2332809849238
F3_seed02_life1_m1.25_selected_recovery_age_aware_censoring_aware,F3,2,1,1.25,selected_recovery,age_aware,censoring_aware,lightgbm_gbm_recovered,7,30,36.39977777777778,184.6,151.46548593054078,33.13451406945922,82.41928981386233,197.48499796662531,238.19566370551777,0.8205064243257896,0.4464750260772607,0.3523927094080411,0.5441456798392887,0.0,0.0,35.946752464782065,36.68035965794088,0,201,0.3428571428571428,0.8514511996118563,20.740922619047627,17.659883445044787,1.1102230246251563e-16,1.4210854715202004e-14,0,2.3347977326984584,238.19566370551777,4.0200000000000005,0.0,165.6725703472961,82.41928981386233,490.30752386667626
F3_seed03_life1_m1.25_raw_order_up_to_censoring_aware,F3,3,1,1.25,raw,order_up_to,censoring_aware,lightgbm_raw,7,30,36.39977777777778,184.6,137.00824827469734,47.59175172530265,78.80854013153696,179.41701062845655,216.9666107786121,0.7421898606429975,0.4269151686432121,0.365164085303664,0.5752101871525884,0.0,0.0,33.21026793458334,33.888028504676875,0,202,0.4,1.8454299187936447,20.740922619047627,38.27591914457433,1.1102230246251563e-16,4.2632564145606005e-14,0,2.5608281406507727,216.9666107786121,4.040000000000001,0.0,237.9587586265133,78.80854013153696,537.7739095366624
F3_seed03_life1_m1.25_raw_age_aware_censoring_aware,F3,3,1,1.25,raw,age_aware,censoring_aware,lightgbm_raw,7,30,36.39977777777778,184.6,151.46251093670946,33.13748906329053,85.56930404825754,200.63203720718928,241.53202047095772,0.820490308432879,0.4635390251801599,0.3610034545518055,0.5649536873452055,0.0,0.0,36.06934285434936,36.80545189219322,0,201,0.3380952380952381,0.333221354679129,20.740922619047627,6.91131833241404,0.0,4.2632564145606005e-14,0,2.365756046836514,241.53202047095772,4.0200000000000005,0.0,165.68744531645262,85.56930404825754,496.80876983566793
F3_seed03_life1_m1.25_selected_recovery_order_up_to_censoring_aware,F3,3,1,1.25,selected_recovery,order_up_to,censoring_aware,lightgbm_gbm_recovered,7,30,36.39977777777778,184.6,137.96429921029545,46.635700789704565,80.53519791969529,182.09971935221296,219.20170218475923,0.7473689014642224,0.4362686777881652,0.3685829897895962,0.5837394049089291,0.0,0.0,32.7179487888511,33.3856620294399,0,203,0.4142857142857143,2.266707320306057,20.740922619047627,47.01360113049673,1.1102230246251563e-16,1.4210854715202004e-14,0,2.557025733585607,219.20170218475923,4.0600000000000005,0.0,233.1785039485228,80.53519791969529,536.9754040529774
F3_seed03_life1_m1.25_selected_recovery_age_aware_censoring_aware,F3,3,1,1.25,selected_recovery,age_aware,censoring_aware,lightgbm_gbm_recovered,7,30,36.39977777777778,184.6,152.7751163135541,31.82488368644593,86.80216729335763,203.17750582913396,244.00842818423985,0.8276008467689819,0.4702175909716015,0.3623138470664813,0.5681695382591349,0.0,0.0,35.95075379142112,36.684442644307275,0,199,0.3285714285714285,0.511192583389012,20.740922619047627,10.602605815502551,1.1102230246251563e-16,1.4210854715202004e-14,0,2.3519762567134626,244.00842818423985,3.98,0.0,159.12441843222962,86.80216729335763,493.9150139098271
F3_seed04_life1_m1.25_raw_order_up_to_censoring_aware,F3,4,1,1.25,raw,order_up_to,censoring_aware,lightgbm_raw,7,30,36.39977777777778,184.6,135.5282671136426,49.0717328863574,78.76587168051658,177.89436101638142,215.25396873341168,0.7341726279178906,0.4266840286051819,0.3675596174666043,0.5811767047421195,0.0,0.0,33.05452834236208,33.729110553430694,0,202,0.419047619047619,0.7666202520717869,20.740922619047627,15.90041132641572,1.1102230246251563e-16,1.4210854715202004e-14,0,2.587707165931977,215.25396873341168,4.040000000000001,0.0,245.35866443178696,78.76587168051658,543.4185048457152
F3_seed04_life1_m1.25_raw_age_aware_censoring_aware,F3,4,1,1.25,raw,age_aware,censoring_aware,lightgbm_raw,7,30,36.39977777777778,184.6,150.04306404251986,34.55693595748012,83.4204037258464,197.06368999058847,237.80412931673104,0.8128009969800642,0.4518981783631982,0.3573167336339448,0.5559764075612743,0.0,0.0,35.984356739807964,36.71873136715099,0,199,0.3428571428571428,0.4449123126744715,20.740922619047627,9.227891849442738,0.0,0.0,0,2.3713772039522767,237.80412931673104,3.98,0.0,172.78467978740062,83.4204037258464,497.9892128299781
F3_seed04_life1_m1.25_selected_recovery_order_up_to_censoring_aware,F3,4,1,1.25,selected_recovery,order_up_to,censoring_aware,lightgbm_gbm_recovered,7,30,36.39977777777778,184.6,136.27598611094427,48.32401388905572,80.47820907856635,180.35441741173284,217.59210448502756,0.7382231100267836,0.4359599625057765,0.3712878959883722,0.5905531221990048,0.0,0.0,32.885844983594154,33.55698467713689,0,200,0.438095238095238,0.932991820487729,20.740922619047627,19.35111115294036,1.1102230246251563e-16,0.0,0,2.589001823851774,217.59210448502756,4.0,0.0,241.6200694452786,80.47820907856635,543.6903830088726
F3_seed04_life1_m1.25_selected_recovery_age_aware_censoring_aware,F3,4,1,1.25,selected_recovery,age_aware,censoring_aware,lightgbm_gbm_recovered,7,30,36.39977777777778,184.6,150.83623807018753,33.76376192981246,85.06826213427699,199.5047224266868,240.1698638158806,0.8170977143563789,0.4608248219624973,0.3606046601931973,0.56397761720027,0.0,0.0,35.86174411287624,36.593616441710445,0,200,0.3428571428571428,0.4975611278529263,20.740922619047627,10.319876851043608,0.0,2.842170943040401e-14,0,2.371699693329619,240.1698638158806,4.0,0.0,168.81880964906233,85.06826213427699,498.05693559922
F3_seed05_life1_m1.25_raw_order_up_to_censoring_aware,F3,5,1,1.25,raw,order_up_to,censoring_aware,lightgbm_raw,7,30,36.39977777777778,184.6,142.69226495079732,41.90773504920266,78.37414444125214,184.6666316142717,218.5314714492832,0.7729808502210039,0.4245619958897732,0.3545276039755989,0.5492529287994472,0.0,0.0,29.494210406025775,30.09613306737325,0,206,0.3904761904761904,1.7290684039459032,20.740922619047627,35.86247396928216,2.2204460492503126e-16,1.4210854715202004e-14,0,2.4312585292216595,218.5314714492832,4.120000000000001,0.0,209.53867524601324,78.37414444125214,510.5642911365485
F3_seed05_life1_m1.25_raw_age_aware_censoring_aware,F3,5,1,1.25,raw,age_aware,censoring_aware,lightgbm_raw,7,30,36.39977777777778,184.6,156.676444370305,27.923555629695,85.63711274942887,205.9137793419561,246.86686364991735,0.8487348015726164,0.4639063529221498,0.3534144509591478,0.5465857557184883,0.0,0.0,36.01574703496293,36.75076228057442,0,205,0.2999999999999999,0.3495990682811168,20.740922619047627,7.251007222909792,1.1102230246251563e-16,0.0,0,2.2677226407039104,246.86686364991735,4.1000000000000005,0.0,139.617778148475,85.63711274942887,476.2217545478212
F3_seed05_life1_m1.25_selected_recovery_order_up_to_censoring_aware,F3,5,1,1.25,selected_recovery,order_up_to,censoring_aware,lightgbm_gbm_recovered,7,30,36.39977777777778,184.6,143.9359837678899,40.66401623211013,79.54968523482233,187.0858912249344,221.27243428031343,0.7797182219278974,0.430930039191887,0.3559498270730591,0.5526740649030724,0.0,0.0,29.761094369772746,30.368463642625247,0,205,0.4,1.9019777920024536,20.740922619047627,39.44877420706996,1.1102230246251563e-16,-1.4210854715202004e-14,0,2.420200955598507,221.27243428031343,4.1000000000000005,0.0,203.32008116055064,79.54968523482233,508.2422006756865
F3_seed05_life1_m1.25_selected_recovery_age_aware_censoring_aware,F3,5,1,1.25,selected_recovery,age_aware,censoring_aware,lightgbm_gbm_recovered,7,30,36.39977777777778,184.6,157.69688686737106,26.90311313262893,87.29639755775385,208.59350664734717,249.572105383904,0.8542626590865171,0.4728948946790567,0.3563215937228412,0.553570836380387,0.0,0.0,35.987156628878765,36.72158839681507,0,202,0.2952380952380952,0.5490402545330684,20.740922619047627,11.387601434012586,1.1102230246251563e-16,0.0,0,2.2639241362133458,249.572105383904,4.040000000000001,0.0,134.51556566314468,87.29639755775385,475.4240686048026
F3_seed06_life1_m1.25_raw_order_up_to_censoring_aware,F3,6,1,1.25,raw,order_up_to,censoring_aware,lightgbm_raw,7,30,36.39977777777778,184.6,136.54324817177053,48.05675182822948,79.78926694946233,179.93273734345507,222.07550066967585,0.7396709001721046,0.432227881633057,0.3688269740900871,0.5843516103343896,0.0,0.0,37.70125331282728,38.47066664574213,0,202,0.4285714285714285,1.1601255761419231,20.740922619047627,24.062074803137676,1.1102230246251563e-16,0.0,0,2.6008977464775502,222.07550066967585,4.040000000000001,0.0,240.28375914114736,79.78926694946233,546.1885267602855
F3_seed06_life1_m1.25_raw_age_aware_censoring_aware,F3,6,1,1.25,raw,age_aware,censoring_aware,lightgbm_raw,7,30,36.39977777777778,184.6,155.65874543970534,28.94125456029464,83.65207190848578,202.91103957041335,243.9582137870121,0.8432218062822608,0.4531531522669868,0.3495540771430074,0.5374068233184401,0.0,0.0,36.16800994085854,36.906132592712794,0,200,0.319047619047619,0.4721581511201853,20.740922619047627,9.79299567633636,0.0,4.2632564145606005e-14,0,2.2681740880808148,243.9582137870121,4.0,0.0,144.70627280147323,83.65207190848578,476.3165584969712
F3_seed06_life1_m1.25_selected_recovery_order_up_to_censoring_aware,F3,6,1,1.25,selected_recovery,order_up_to,censoring_aware,lightgbm_gbm_recovered,7,30,36.39977777777778,184.6,138.05630253277693,46.54369746722309,80.89389260318944,182.55041735818853,224.6642327124901,0.747867294327069,0.4382117692480467,0.3694625280098743,0.5859485667739351,0.0,0.0,37.620530700051766,38.38829663270589,0,203,0.438095238095238,1.2954621058217823,20.740922619047627,26.86907929275808,1.1102230246251563e-16,-1.4210854715202004e-14,0,2.5825552983418807,224.6642327124901,4.0600000000000005,0.0,232.7184873361155,80.89389260318944,542.336612651795
F3_seed06_life1_m1.25_selected_recovery_age_aware_censoring_aware,F3,6,1,1.25,selected_recovery,age_aware,censoring_aware,lightgbm_gbm_recovered,7,30,36.39977777777778,184.6,156.70778478917916,27.892215210820822,85.29311922996274,205.60112624136408,246.53558447195928,0.8489045763227474,0.4620428994039151,0.3524495892925101,0.5442813153456835,0.0,0.0,36.00374654115592,36.73851687873053,0,202,0.3142857142857142,0.6478627323542077,20.740922619047627,13.437270799523388,1.1102230246251563e-16,0.0,0,2.2634751416953627,246.53558447195928,4.040000000000001,0.0,139.46107605410415,85.29311922996274,475.3297797560261
F3_seed07_life1_m1.25_raw_order_up_to_censoring_aware,F3,7,1,1.25,raw,order_up_to,censoring_aware,lightgbm_raw,7,30,36.39977777777778,184.6,142.69121525249895,41.908784747501045,76.89100687370477,183.18244434842595,215.6724519686028,0.7729751638813595,0.4165276645379456,0.350169545280911,0.5388629337667525,0.0,0.0,28.17655858080478,28.75159038857631,0,203,0.3809523809523809,2.0778166221203724,20.740922619047627,43.09583377596957,1.1102230246251563e-16,1.4210854715202004e-14,0,2.41032086942768,215.6724519686028,4.0600000000000005,0.0,209.5439237375052,76.89100687370477,506.1673825798128
F3_seed07_life1_m1.25_raw_age_aware_censoring_aware,F3,7,1,1.25,raw,age_aware,censoring_aware,lightgbm_raw,7,30,36.39977777777778,184.6,155.8589368209781,28.741063179021857,81.99085877910937,201.45001782230972,242.36091660322,0.844306266635851,0.4441541645672231,0.3447169612748627,0.5260581167269562,0.0,0.0,36.06368044884584,36.79967392739372,0,202,0.3285714285714285,0.2780816817128431,20.740922619047627,5.767670642180711,2.775557561562892e-17,4.2632564145606005e-14,0,2.2480813870354215,242.36091660322,4.040000000000001,0.0,143.7053158951093,81.99085877910937,472.09709127743855
F3_seed07_life1_m1.25_selected_recovery_order_up_to_censoring_aware,F3,7,1,1.25,selected_recovery,order_up_to,censoring_aware,lightgbm_gbm_recovered,7,30,36.39977777777778,184.6,143.47290928499325,41.12709071500676,78.65003357319485,185.7231650804103,218.52823123665004,0.7772096927681108,0.4260565198981302,0.3540833403391746,0.5481873474591998,0.0,0.0,28.4345015315067,29.01479748112929,0,205,0.3952380952380952,2.273391437799929,20.740922619047627,47.15223589421375,1.1102230246251563e-16,-1.4210854715202004e-14,0,2.413874849451803,218.52823123665004,4.1000000000000005,0.0,205.63545357503372,78.65003357319485,506.91371838487856
F3_seed07_life1_m1.25_selected_recovery_age_aware_censoring_aware,F3,7,1,1.25,selected_recovery,age_aware,censoring_aware,lightgbm_gbm_recovered,7,30,36.39977777777778,184.6,156.99106249234725,27.608937507652783,82.99198877719381,203.5832734917633,244.5145203809196,0.8504391250939721,0.4495774039934659,0.3458243752554839,0.5286414873537107,0.0,0.0,36.0409564815379,36.77648620565092,0,203,0.3285714285714285,0.4020753694019785,20.740922619047627,8.339414123791425,1.1102230246251563e-16,-1.4210854715202004e-14,0,2.236243793792273,244.5145203809196,4.0600000000000005,0.0,138.0446875382639,82.99198877719381,469.6111966963773
F3_seed08_life1_m1.25_raw_order_up_to_censoring_aware,F3,8,1,1.25,raw,order_up_to,censoring_aware,lightgbm_raw,7,30,36.39977777777778,184.6,139.25850069385382,45.34149930614617,81.19713546662115,184.05585838269724,219.71941187063555,0.7543797437370195,0.4398544716501688,0.368315080896892,0.5830677126499094,0.0,0.0,31.26916525052563,31.9073114801282,0,201,0.3714285714285714,0.8795071104169039,20.740922619047627,18.241788920059182,1.249000902703301e-16,4.2632564145606005e-14,0,2.5316383041332746,219.71941187063555,4.0200000000000005,0.0,226.7074965307308,81.19713546662115,531.6440438679876
F3_seed08_life1_m1.25_raw_age_aware_censoring_aware,F3,8,1,1.25,raw,age_aware,censoring_aware,lightgbm_raw,7,30,36.39977777777778,184.6,153.80695518199022,30.79304481800977,85.39506031280281,202.8022377170153,243.66814754144943,0.8331904397724281,0.4625951262882059,0.3569997524316918,0.5552093545559116,0.0,0.0,35.99254687360519,36.72708864653591,0,206,0.2952380952380952,0.0671414610190853,20.740922619047627,1.3925758475266512,0.0,0.0,0,2.319754437830005,243.66814754144943,4.120000000000001,0.0,153.96522409004885,85.39506031280281,487.148431944301
F3_seed08_life1_m1.25_selected_recovery_order_up_to_censoring_aware,F3,8,1,1.25,selected_recovery,order_up_to,censoring_aware,lightgbm_gbm_recovered,7,30,36.39977777777778,184.6,140.18440404630803,44.41559595369196,82.91496062089206,186.69958688942236,222.10672982552816,0.7593954715401302,0.4491601333742799,0.3716503663942623,0.5914706502836237,0.0,0.0,30.96500833959528,31.596947285301304,0,204,0.3857142857142857,1.14042855094014,20.740922619047627,23.65354032760205,1.52655665885959e-16,1.4210854715202004e-14,0,2.5294270010232385,222.10672982552816,4.08,0.0,222.07797976845976,82.91496062089206,531.17967021488
F3_seed08_life1_m1.25_selected_recovery_age_aware_censoring_aware,F3,8,1,1.25,selected_recovery,age_aware,censoring_aware,lightgbm_gbm_recovered,7,30,36.39977777777778,184.6,154.95455042753787,29.64544957246212,86.9084787031112,205.4632513528713,246.2613143751039,0.839407098740725,0.4707934924328884,0.3593293237726099,0.5608643209464999,0.0,0.0,35.8728367347305,36.60493544360256,0,208,0.2999999999999999,0.045705715771425,20.740922619047627,0.9479787140633116,1.1102230246251563e-16,5.684341886080802e-14,0,2.312176385431075,246.2613143751039,4.16,0.0,148.2272478623106,86.9084787031112,485.55704094052567
F3_seed09_life1_m1.25_raw_order_up_to_censoring_aware,F3,9,1,1.25,raw,order_up_to,censoring_aware,lightgbm_raw,7,30,36.39977777777778,184.6,141.30576147523533,43.29423852476466,76.65759935661306,181.56358305407065,214.36549746474347,0.7654699971572878,0.4152632684540252,0.3516994740035775,0.5424945066379884,0.0,0.0,28.51460446137797,29.09653516467141,0,202,0.4142857142857143,2.55873489010168,20.740922619047627,53.07052235825629,1.1102230246251563e-16,1.4210854715202004e-14,0,2.435877568786571,214.36549746474347,4.040000000000001,0.0,216.4711926238233,76.65759935661306,511.5342894451799
F3_seed09_life1_m1.25_raw_age_aware_censoring_aware,F3,9,1,1.25,raw,age_aware,censoring_aware,lightgbm_raw,7,30,36.39977777777778,184.6,151.80267064554823,32.79732935445178,80.72509996412978,196.12799283190023,237.1571001485657,0.8223329937461985,0.4372973995890021,0.3471632646391953,0.5317765466236026,0.0,0.0,36.28596531369412,37.02649521805522,0,201,0.3428571428571428,0.7401793717248242,20.740922619047627,15.352003073159867,5.204170427930421e-17,2.842170943040401e-14,0,2.3137564137378774,237.1571001485657,4.0200000000000005,0.0,163.9866467722589,80.72509996412978,485.8888468849544
F3_seed09_life1_m1.25_selected_recovery_order_up_to_censoring_aware,F3,9,1,1.25,selected_recovery,order_up_to,censoring_aware,lightgbm_gbm_recovered,7,30,36.39977777777778,184.6,142.3483202480141,42.25167975198592,78.18262263462906,184.13116510486535,217.00500704776928,0.7711176611485054,0.4235244996458779,0.3545199671877084,0.5492345993153352,0.0,0.0,28.533741801948512,29.116063063212767,0,204,0.4285714285714285,2.8387098725735767,20.740922619047627,58.8774618049751,1.1102230246251563e-16,1.4210854715202004e-14,0,2.431076325915848,217.00500704776928,4.08,0.0,211.2583987599296,78.18262263462906,510.526028442328
F3_seed09_life1_m1.25_selected_recovery_age_aware_censoring_aware,F3,9,1,1.25,selected_recovery,age_aware,censoring_aware,lightgbm_gbm_recovered,7,30,36.39977777777778,184.6,152.9257155796294,31.674284420370576,82.43684721887526,198.96278502072693,239.76161392003792,0.8284166607780575,0.4465701366136255,0.3502547144230832,0.5390646491756965,0.0,0.0,36.00359662091023,36.738363898888,0,205,0.3428571428571428,0.948556252332838,20.740922619047627,19.67393182944921,1.1102230246251563e-16,2.842170943040401e-14,0,2.3079518249560294,239.76161392003792,4.1000000000000005,0.0,158.3714221018529,82.43684721887526,484.6698832407662
F3_seed10_life1_m1.25_raw_order_up_to_censoring_aware,F3,10,1,1.25,raw,order_up_to,censoring_aware,lightgbm_raw,7,30,36.39977777777778,184.6,142.2337982691935,42.366201730806495,80.22209832037016,186.0561188117859,220.6437498992713,0.7704972820649701,0.4345725802836953,0.3606202377650694,0.5640157212742136,0.0,0.0,30.17475608950001,30.79056743826532,0,204,0.3904761904761904,1.2337115539782626,20.740922619047627,25.588315875288146,1.249000902703301e-16,1.4210854715202004e-14,0,2.460842175588924,220.6437498992713,4.08,0.0,211.83100865403244,80.22209832037016,516.776856873674
F3_seed10_life1_m1.25_raw_age_aware_censoring_aware,F3,10,1,1.25,raw,age_aware,censoring_aware,lightgbm_raw,7,30,36.39977777777778,184.6,155.1208069691088,29.479193030891203,85.42110314224888,204.14213233357992,245.1031560991116,0.8403077300601776,0.4627362033707956,0.3551194180785526,0.550674695492397,0.0,0.0,36.058960643549405,36.79485779954021,0,206,0.319047619047619,0.2438448177097195,20.740922619047627,5.057566495173067,0.0,2.842170943040401e-14,0,2.2954296399800787,245.1031560991116,4.120000000000001,0.0,147.395965154456,85.42110314224888,482.0402243958165
F3_seed10_life1_m1.25_selected_recovery_order_up_to_censoring_aware,F3,10,1,1.25,selected_recovery,order_up_to,censoring_aware,lightgbm_gbm_recovered,7,30,36.39977777777778,184.6,142.82790433971073,41.772095660289274,82.29793891059843,188.72606547253136,222.6608005212559,0.7737156248088338,0.4458176539035669,0.3655641561288651,0.5762035037275065,0.0,0.0,29.481519038299425,30.083182692142262,0,205,0.4047619047619047,1.6849510155127347,20.740922619047627,34.94743862963535,1.1102230246251563e-16,0.0,0,2.466281989206194,222.6608005212559,4.1000000000000005,0.0,208.8604783014463,82.29793891059843,517.9192177333007
F3_seed10_life1_m1.25_selected_recovery_age_aware_censoring_aware,F3,10,1,1.25,selected_recovery,age_aware,censoring_aware,lightgbm_gbm_recovered,7,30,36.39977777777778,184.6,156.083724069366,28.516275930633988,87.17203906088135,206.8559853524696,247.79878050304035,0.8455239657062081,0.4722212300156086,0.3583554935724441,0.5584953817615265,0.0,0.0,35.98681954050996,36.72124442909179,0,204,0.3142857142857142,0.3626152934154126,20.740922619047627,7.520975741212322,0.0,-1.4210854715202004e-14,0,2.293486662938532,247.79878050304035,4.08,0.0,142.5813796531699,87.17203906088135,481.6321992170916
F3_seed11_life1_m1.25_raw_order_up_to_censoring_aware,F3,11,1,1.25,raw,order_up_to,censoring_aware,lightgbm_raw,7,30,36.39977777777778,184.6,140.8466217799868,43.7533782200132,80.73369449353359,185.1805384957426,218.2396265056142,0.7629827832068624,0.4373439571697377,0.3643540899809679,0.5732029172815079,0.0,0.0,28.694295479759308,29.279893346693168,0,202,0.3857142857142857,1.3013183805156503,20.740922619047627,26.990543833019483,1.1102230246251563e-16,0.0,0,2.484667676662923,218.2396265056142,4.040000000000001,0.0,218.76689110006603,80.73369449353359,521.7802120992137
F3_seed11_life1_m1.25_raw_age_aware_censoring_aware,F3,11,1,1.25,raw,age_aware,censoring_aware,lightgbm_raw,7,30,36.39977777777778,184.6,154.5280624832003,30.07193751679968,86.57674412425871,204.70502882968128,245.57812088421727,0.8370967631809334,0.468996447043655,0.3590834431816768,0.5602655125095547,0.0,0.0,35.961529636851665,36.695438404950686,0,202,0.3142857142857142,0.1245910181319134,20.740922619047627,2.5841326661023776,8.890457814381136e-18,5.684341886080802e-14,0,2.3169264409165446,245.57812088421727,4.040000000000001,0.0,150.3596875839984,86.57674412425871,486.5545525924744
F3_seed11_life1_m1.25_selected_recovery_order_up_to_censoring_aware,F3,11,1,1.25,selected_recovery,order_up_to,censoring_aware,lightgbm_gbm_recovered,7,30,36.39977777777778,184.6,142.03356089098892,42.566439109011085,82.2683073489679,187.90209046217905,220.6190720602134,0.7694125725405683,0.445657136234929,0.3667749537465186,0.5792173823770355,0.0,0.0,28.30460015683007,28.882245057989856,0,202,0.4095238095238095,1.561460253417891,20.740922619047627,32.386126288858975,1.1102230246251563e-16,1.4210854715202004e-14,0,2.475045595020174,220.6190720602134,4.040000000000001,0.0,212.83219554505536,82.2683073489679,519.7595749542368
F3_seed11_life1_m1.25_selected_recovery_age_aware_censoring_aware,F3,11,1,1.25,selected_recovery,age_aware,censoring_aware,lightgbm_gbm_recovered,7,30,36.39977777777778,184.6,155.29517062797197,29.30482937202803,88.329399060861,207.2247919110552,248.02532668672163,0.8412522785913975,0.4784907858118148,0.3625635918974791,0.5687839403098025,0.0,0.0,35.84002824193199,36.571457389726525,0,201,0.3095238095238095,0.1896811932795143,20.740922619047627,3.9341629520990247,1.1102230246251563e-16,1.4210854715202004e-14,0,2.3185660600367752,248.02532668672163,4.0200000000000005,0.0,146.52414686014015,88.329399060861,486.8988726077228
F3_seed12_life1_m1.25_raw_order_up_to_censoring_aware,F3,12,1,1.25,raw,order_up_to,censoring_aware,lightgbm_raw,7,30,36.39977777777778,184.6,132.69371710141314,51.90628289858684,84.97252911484705,181.2664684384825,218.8923696874027,0.7188175357606345,0.4603062248908291,0.3903799077346305,0.6403658814524393,0.0,0.0,33.24805385517218,33.926585566502226,0,202,0.3809523809523809,1.0545003887280753,20.740922619047627,21.87131096436465,1.1102230246251563e-16,5.684341886080802e-14,0,2.7020776823580186,218.8923696874027,4.040000000000001,0.0,259.5314144929342,84.97252911484705,567.436313295184
F3_seed12_life1_m1.25_raw_age_aware_censoring_aware,F3,12,1,1.25,raw,age_aware,censoring_aware,lightgbm_raw,7,30,36.39977777777778,184.6,151.0157450863468,33.58425491365318,82.91872649171901,197.53469380028804,238.36110268596863,0.818070125061467,0.449180533541273,0.3544527915546997,0.5490733859857345,0.0,0.0,36.05918683196124,36.795088604042085,0,201,0.3142857142857142,0.4282277343337854,20.740922619047627,8.881838301147129,0.0,1.4210854715202004e-14,0,2.3486719225997787,238.36110268596863,4.0200000000000005,0.0,167.92127456826591,82.91872649171901,493.2211037459536
F3_seed12_life1_m1.25_selected_recovery_order_up_to_censoring_aware,F3,12,1,1.25,selected_recovery,order_up_to,censoring_aware,lightgbm_gbm_recovered,7,30,36.39977777777778,184.6,133.74351701070734,50.85648298929267,86.58485105869464,183.92859029162415,221.4533908852875,0.724504425843485,0.469040363264868,0.3929809484696995,0.6473947522388152,0.0,0.0,33.09573277595756,33.77115589383425,0,204,0.4,1.3586751282731098,20.740922619047627,28.180175699937177,1.52655665885959e-16,-1.4210854715202004e-14,0,2.6971459851925976,221.4533908852875,4.08,0.0,254.28241494646332,86.58485105869464,566.4006568904455
F3_seed12_life1_m1.25_selected_recovery_age_aware_censoring_aware,F3,12,1,1.25,selected_recovery,age_aware,censoring_aware,lightgbm_gbm_recovered,7,30,36.39977777777778,184.6,152.2339311989021,32.36606880109788,84.5269456965425,200.36109911766687,241.14488676097903,0.8246691830926441,0.4578924468935129,0.3570139915213704,0.5552437950649999,0.0,0.0,35.96088990809258,36.69478562050264,0,202,0.3095238095238095,0.6104869254165384,20.740922619047627,12.662062080004723,2.0816681711721685e-17,5.684341886080802e-14,0,2.3406770307762415,241.14488676097903,4.040000000000001,0.0,161.83034400548942,84.5269456965425,491.5421764630108
F3_seed13_life1_m1.25_raw_order_up_to_censoring_aware,F3,13,1,1.25,raw,order_up_to,censoring_aware,lightgbm_raw,7,30,36.39977777777778,184.6,142.2408240581503,42.35917594184968,80.20988897373216,186.05093525410467,218.51745569440112,0.7705353415934469,0.4345064408111167,0.3605737553299556,0.56390202675528,0.0,0.0,28.09617132640844,28.6695625779678,0,204,0.4095238095238095,2.6840304012917544,20.740922619047627,55.66926686036362,1.1102230246251563e-16,0.0,0,2.4504915446541986,218.51745569440112,4.08,0.0,211.7958797092484,80.20988897373216,514.6032243773816
F3_seed13_life1_m1.25_raw_age_aware_censoring_aware,F3,13,1,1.25,raw,age_aware,censoring_aware,lightgbm_raw,7,30,36.39977777777778,184.6,158.30894089594585,26.291059104054145,84.0668420405161,205.97600515868416,246.9016982179424,0.8575782280387099,0.4554000110537167,0.3468450561438886,0.5310302852431563,0.0,0.0,35.987659094899385,36.72210111724427,0,202,0.3142857142857142,0.4350246933557561,20.740922619047627,9.02281350226666,0.0,1.4210854715202004e-14,0,2.221256360851092,246.9016982179424,4.040000000000001,0.0,131.45529552027074,84.0668420405161,466.4638357787293
F3_seed13_life1_m1.25_selected_recovery_order_up_to_censoring_aware,F3,13,1,1.25,selected_recovery,order_up_to,censoring_aware,lightgbm_gbm_recovered,7,30,36.39977777777778,184.6,143.24527870640446,41.35472129359551,81.7244440525926,188.56994498121932,220.76847630232345,0.7759765910422776,0.4427109645319209,0.3632686347759844,0.570521030714702,0.0,0.0,27.783161795057644,28.3501650969976,0,205,0.4238095238095238,3.090616892769467,20.740922619047627,64.10224581805294,1.1102230246251563e-16,5.684341886080802e-14,0,2.444602508680445,220.76847630232345,4.1000000000000005,0.0,206.77360646797757,81.7244440525926,513.3665268228935
F3_seed13_life1_m1.25_selected_recovery_age_aware_censoring_aware,F3,13,1,1.25,selected_recovery,age_aware,censoring_aware,lightgbm_gbm_recovered,7,30,36.39977777777778,184.6,159.2509649854802,25.3490350145198,85.84956531471987,208.70075252242228,249.5579918379369,0.8626812837783326,0.465057233557529,0.3502626665457271,0.5390834857581381,0.0,0.0,35.86607947875585,36.59804028444475,0,204,0.3142857142857142,0.6109609185109198,20.740922619047627,12.671893134097251,1.1102230246251563e-16,-1.4210854715202004e-14,0,2.220155867739313,249.5579918379369,4.08,0.0,126.745175072599,85.84956531471987,466.23273222525575
F3_seed14_life1_m1.25_raw_order_up_to_censoring_aware,F3,14,1,1.25,raw,order_up_to,censoring_aware,lightgbm_raw,7,30,36.39977777777778,184.6,132.56109583576264,52.038904164237344,90.14481398079016,186.30613203877505,214.84378131425436,0.7180991107029396,0.4883251028211818,0.4047706414932777,0.6800246589125637,0.0,0.0,24.24077364919417,24.73548331550426,0,203,0.4047619047619047,3.813798772249815,20.740922619047627,79.10170521985225,1.1102230246251563e-16,2.842170943040401e-14,0,2.710681505315387,214.84378131425436,4.0600000000000005,0.0,260.1945208211867,90.14481398079016,569.2431161162312
F3_seed14_life1_m1.25_raw_age_aware_censoring_aware,F3,14,1,1.25,raw,age_aware,censoring_aware,lightgbm_raw,7,30,36.39977777777778,184.6,152.22370872737082,32.37629127262916,84.83197223026595,200.655903179859,241.5530862620437,0.824613806757155,0.4595448116482446,0.3578567359683986,0.5572848864311805,0.0,0.0,36.066121356943846,36.8021646499427,0,204,0.3285714285714285,0.3466733657135184,20.740922619047627,7.190325452348886,0.0,0.0,0,2.344507213597407,241.5530862620437,4.08,0.0,161.88145636314582,84.83197223026595,492.3465148554555
F3_seed14_life1_m1.25_selected_recovery_order_up_to_censoring_aware,F3,14,1,1.25,selected_recovery,order_up_to,censoring_aware,lightgbm_gbm_recovered,7,30,36.39977777777778,184.6,134.46957600732188,50.13042399267812,91.0578814987352,189.1276797282793,217.64054578179,0.7284375731707577,0.4932712973929318,0.4037551901913745,0.6771634462041964,0.0,0.0,24.160055137874895,24.653117487627448,0,203,0.4047619047619047,3.9385093153903616,20.740922619047627,81.68831694490974,1.1102230246251563e-16,0.0,0,2.6829073678281703,217.64054578179,4.0600000000000005,0.0,250.65211996339056,91.0578814987352,563.4105472439156
F3_seed14_life1_m1.25_selected_recovery_age_aware_censoring_aware,F3,14,1,1.25,selected_recovery,age_aware,censoring_aware,lightgbm_gbm_recovered,7,30,36.39977777777778,184.6,153.23217449694047,31.36782550305953,86.63768999133573,203.4700867104984,244.29578436429895,0.8300767849238379,0.469326598002902,0.3611862214378755,0.5654014261415155,0.0,0.0,35.939781966514566,36.673246904606714,0,207,0.319047619047619,0.4947219506430506,20.740922619047627,10.260989696231814,1.1102230246251563e-16,0.0,0,2.3424409612901544,244.29578436429895,4.140000000000001,0.0,156.83912751529766,86.63768999133573,491.9126018709324
F3_seed15_life1_m1.25_raw_order_up_to_censoring_aware,F3,15,1,1.25,raw,order_up_to,censoring_aware,lightgbm_raw,7,30,36.39977777777778,184.6,140.49206846135493,44.10793153864509,76.35744538820995,180.44973607178707,215.6796241623549,0.7610621260095067,0.4136372989610506,0.3521218195636879,0.5435000439844297,0.0,0.0,30.91629560732076,31.547240415633432,0,207,0.4285714285714285,1.3690059680977529,20.740922619047627,28.39444684932988,1.1102230246251563e-16,-1.4210854715202004e-14,0,2.460555844018049,215.6796241623549,4.140000000000001,0.0,220.53965769322545,76.35744538820995,516.7167272437904
F3_seed15_life1_m1.25_raw_age_aware_censoring_aware,F3,15,1,1.25,raw,age_aware,censoring_aware,lightgbm_raw,7,30,36.39977777777778,184.6,151.26930418593136,33.33069581406864,84.03088512978516,198.90041153793877,239.73476343221037,0.8194436846475154,0.4552052282220215,0.3571220464129582,0.5555052003577629,0.0,0.0,36.03965662562739,36.775159822068765,0,208,0.3238095238095238,0.2550264696828598,20.740922619047627,5.289484273501092,1.942890293094024e-16,-1.4210854715202004e-14,0,2.3551387030111366,239.73476343221037,4.16,0.0,166.6534790703432,84.03088512978516,494.57912763233867
F3_seed15_life1_m1.25_selected_recovery_order_up_to_censoring_aware,F3,15,1,1.25,selected_recovery,order_up_to,censoring_aware,lightgbm_gbm_recovered,7,30,36.39977777777778,184.6,141.32718415851758,43.272815841482426,77.94850981660474,182.87591619734448,218.3394317949368,0.7655860463625004,0.4222562828635143,0.3554817608988997,0.5515464719736786,0.0,0.0,31.096726961693506,31.7313540425444,0,208,0.4428571428571428,1.4921467952313423,20.740922619047627,30.948501216153176,1.1102230246251563e-16,-2.842170943040401e-14,0,2.4610096229473983,218.3394317949368,4.16,0.0,216.3640792074121,77.94850981660474,516.8120208189537
F3_seed15_life1_m1.25_selected_recovery_age_aware_censoring_aware,F3,15,1,1.25,selected_recovery,age_aware,censoring_aware,lightgbm_gbm_recovered,7,30,36.39977777777778,184.6,152.173968615488,32.426031384512,85.23229194285699,201.00648278056724,241.7647206838916,0.8243443586971182,0.4617133908063759,0.3590145084733781,0.5600977139409518,0.0,0.0,35.92294348964657,36.65606478535364,0,207,0.3285714285714285,0.3296575291189106,20.740922619047627,6.837401302241765,1.1102230246251563e-16,2.842170943040401e-14,0,2.3488912835681366,241.7647206838916,4.140000000000001,0.0,162.13015692256,85.23229194285699,493.26716954930873
F3_seed16_life1_m1.25_raw_order_up_to_censoring_aware,F3,16,1,1.25,raw,order_up_to,censoring_aware,lightgbm_raw,7,30,36.39977777777778,184.6,134.17588572588278,50.42411427411721,79.05688540709289,176.83299335519789,213.82611189781076,0.7268466182333844,0.4282604843287805,0.370753918298007,0.5892033801707385,0.0,0.0,32.71659630465663,33.38428194352718,0,198,0.4285714285714285,2.184646567202277,20.740922619047627,45.31158540031047,1.1102230246251563e-16,0.0,0,2.614112231788046,213.82611189781076,3.96,0.0,252.12057137058605,79.05688540709289,548.9635686754897
F3_seed16_life1_m1.25_raw_age_aware_censoring_aware,F3,16,1,1.25,raw,age_aware,censoring_aware,lightgbm_raw,7,30,36.39977777777778,184.6,146.34333881258567,38.256661187414345,79.05741135722796,189.00097239203583,229.85455523253128,0.7927591484972139,0.4282633334627734,0.3507415627395528,0.5402187212529892,0.0,0.0,36.256491735844776,36.99642013861712,0,199,0.3476190476190476,0.3416248211863568,20.740922619047627,7.08561398097221,2.0816681711721685e-17,0.0,0,2.400834631080148,229.85455523253128,3.98,0.0,191.28330593707173,79.05741135722796,504.17527252683107
F3_seed16_life1_m1.25_selected_recovery_order_up_to_censoring_aware,F3,16,1,1.25,selected_recovery,order_up_to,censoring_aware,lightgbm_gbm_recovered,7,30,36.39977777777778,184.6,134.4609741794051,50.139025820594895,81.10401771042984,179.1652141120572,216.14760596640065,0.7283909760531154,0.439350041768309,0.3762392817098903,0.603178864390916,0.0,0.0,32.65943973501542,33.32595891328104,0,197,0.4428571428571428,2.5713472113477205,20.740922619047627,53.33211353726697,1.1102230246251563e-16,2.842170943040401e-14,0,2.6280321560943087,216.14760596640065,3.94,0.0,250.69512910297448,81.10401771042984,551.886752779805
F3_seed16_life1_m1.25_selected_recovery_age_aware_censoring_aware,F3,16,1,1.25,selected_recovery,age_aware,censoring_aware,lightgbm_gbm_recovered,7,30,36.39977777777778,184.6,147.03351403041293,37.566485969587056,80.06843825876406,190.70217451139925,231.53658973223511,0.7964979091571665,0.4337401855837707,0.3525660499686505,0.5445591012821908,0.0,0.0,36.20368342619119,36.94253410835835,0,195,0.3476190476190476,0.3927667136063064,20.740922619047627,8.146344014246043,1.1102230246251563e-16,2.842170943040401e-14,0,2.39684503732826,231.53658973223511,3.9,0.0,187.8324298479353,80.06843825876406,503.33745783893454
F3_seed17_life1_m1.25_raw_order_up_to_censoring_aware,F3,17,1,1.25,raw,order_up_to,censoring_aware,lightgbm_raw,7,30,36.39977777777778,184.6,136.444299608295,48.15570039170499,86.20368820694449,186.2482100374617,215.94384602430577,0.7391348841186078,0.4669755590842063,0.3871747912605395,0.6317866591306378,0.0,0.0,25.37675906635794,25.894652108528508,0,204,0.4142857142857143,1.9570343475746217,20.740922619047627,40.59069796586359,1.1102230246251563e-16,0.0,0,2.604790648522739,215.94384602430577,4.08,0.0,240.7785019585249,86.20368820694449,547.0060361897752
F3_seed17_life1_m1.25_raw_age_aware_censoring_aware,F3,17,1,1.25,raw,age_aware,censoring_aware,lightgbm_raw,7,30,36.39977777777778,184.6,149.71534480921054,34.884655190789445,86.11879403029383,199.43436106172663,240.21644226535733,0.8110257031918231,0.4665156773038668,0.3651667839697351,0.5752168833464542,0.0,0.0,35.97775235832355,36.711992202370965,0,200,0.3333333333333333,0.1902779312891903,20.740922619047627,3.9465398489815584,4.163336342344337e-17,5.684341886080802e-14,0,2.4036119630933253,240.21644226535733,4.0,0.0,174.42327595394724,86.11879403029383,504.7585122495983
F3_seed17_life1_m1.25_selected_recovery_order_up_to_censoring_aware,F3,17,1,1.25,selected_recovery,order_up_to,censoring_aware,lightgbm_gbm_recovered,7,30,36.39977777777778,184.6,137.2429270488478,47.357072951152176,87.72933600330384,188.5724852743739,218.5631390167545,0.743461143276532,0.4752401733656762,0.3899562319954391,0.6392266464273165,0.0,0.0,25.6193909620455,26.142235675556638,0,204,0.4238095238095238,2.0729172342606894,20.740922619047627,42.99421595149119,1.1102230246251563e-16,4.2632564145606005e-14,0,2.605513522741996,218.5631390167545,4.08,0.0,236.78536475576087,87.72933600330384,547.1578397758192
F3_seed17_life1_m1.25_selected_recovery_age_aware_censoring_aware,F3,17,1,1.25,selected_recovery,age_aware,censoring_aware,lightgbm_gbm_recovered,7,30,36.39977777777778,184.6,150.75966494186034,33.84033505813966,87.58341452558862,201.9433016896712,242.64568593413665,0.8166829086774666,0.4744496994885625,0.3674678313349143,0.5809472617186083,0.0,0.0,35.849470525782664,36.581092373247614,0,203,0.3285714285714285,0.2473532433469471,20.740922619047627,5.1303344798294885,1.1102230246251563e-16,2.842170943040401e-14,0,2.397575122621064,242.64568593413665,4.0600000000000005,0.0,169.2016752906983,87.58341452558862,503.4907757504235
F3_seed18_life1_m1.25_raw_order_up_to_censoring_aware,F3,18,1,1.25,raw,order_up_to,censoring_aware,lightgbm_raw,7,30,36.39977777777778,184.6,138.58707575545657,46.012924244543434,80.98660095205386,183.17389892973264,212.47576750397195,0.7507425555550193,0.4387139813220685,0.3688356553774632,0.5843734021414704,0.0,0.0,25.052353224159877,25.563625738938647,0,201,0.4142857142857143,0.9339650583988937,20.740922619047627,19.37129700514575,1.1102230246251563e-16,1.4210854715202004e-14,0,2.512128522279728,212.47576750397195,4.0200000000000005,0.0,230.0646212227172,80.98660095205386,527.5469896787429
F3_seed18_life1_m1.25_raw_age_aware_censoring_aware,F3,18,1,1.25,raw,age_aware,censoring_aware,lightgbm_raw,7,30,36.39977777777778,184.6,150.37864082184396,34.22135917815605,83.4532134876342,197.4320765317004,238.1563137748965,0.81461885602299,0.4520759127174117,0.3568941183573015,0.5549539019075361,0.0,0.0,35.96111096769816,36.695011191528735,0,199,0.319047619047619,0.8078823372627143,20.740922619047627,16.756225042461296,1.1102230246251563e-16,2.842170943040401e-14,0,2.3652205864443374,238.1563137748965,3.98,0.0,171.1067958907802,83.4532134876342,496.69632315331086
F3_seed18_life1_m1.25_selected_recovery_order_up_to_censoring_aware,F3,18,1,1.25,selected_recovery,order_up_to,censoring_aware,lightgbm_gbm_recovered,7,30,36.39977777777778,184.6,139.35089019975834,45.24910980024166,82.60926061998478,185.56037304196536,214.50770125613985,0.7548802286010744,0.4475041203682816,0.3721805932952032,0.592814731944411,0.0,0.0,24.657174189051705,25.16038182556296,0,203,0.4333333333333333,1.15446837125131,20.740922619047627,23.944739154261367,1.1102230246251563e-16,4.2632564145606005e-14,0,2.511535766082538,214.50770125613985,4.0600000000000005,0.0,226.2455490012083,82.60926061998478,527.4225108773329
F3_seed18_life1_m1.25_selected_recovery_age_aware_censoring_aware,F3,18,1,1.25,selected_recovery,age_aware,censoring_aware,lightgbm_gbm_recovered,7,30,36.39977777777778,184.6,151.02024069052658,33.57975930947342,85.66520532776289,200.28566824051168,240.9445025984039,0.8180944782802089,0.464058533736527,0.3619369368454672,0.5672432048582785,0.0,0.0,35.839944305924085,36.57137174073888,0,201,0.319047619047619,0.9337828995384128,20.740922619047627,19.367518862316143,1.1102230246251563e-16,2.842170943040401e-14,0,2.373945259397781,240.9445025984039,4.0200000000000005,0.0,167.89879654736708,85.66520532776289,498.5285044735338
F3_seed19_life1_m1.25_raw_order_up_to_censoring_aware,F3,19,1,1.25,raw,order_up_to,censoring_aware,lightgbm_raw,7,30,36.39977777777778,184.6,139.55349555695489,45.04650444304512,79.26085925319627,182.41457703237336,218.46731416283396,0.7559777657473179,0.4293654347410415,0.3622287912599014,0.567960400682677,0.0,0.0,31.68339084720386,32.3299906604121,0,205,0.4238095238095238,0.8138608186460526,20.740922619047627,16.880224262212533,1.1102230246251563e-16,1.4210854715202004e-14,0,2.5098128363393126,218.46731416283396,4.1000000000000005,0.0,225.2325222152256,79.26085925319627,527.0606956312557
F3_seed19_life1_m1.25_raw_age_aware_censoring_aware,F3,19,1,1.25,raw,age_aware,censoring_aware,lightgbm_raw,7,30,36.39977777777778,184.6,152.86258226199138,31.73741773800859,82.25301591867286,198.7158204028865,239.52909031887464,0.8280746601407983,0.4455743007512073,0.3498407445322668,0.5380846947731088,0.0,0.0,36.02268810961061,36.757845009806736,0,204,0.3333333333333333,0.632951452186082,20.740922619047627,13.12799709140535,1.1102230246251563e-16,2.842170943040401e-14,0,2.307377118702812,239.52909031887464,4.08,0.0,158.68708869004294,82.25301591867286,484.5491949275904
F3_seed19_life1_m1.25_selected_recovery_order_up_to_censoring_aware,F3,19,1,1.25,selected_recovery,order_up_to,censoring_aware,lightgbm_gbm_recovered,7,30,36.39977777777778,184.6,140.84292873793484,43.757071262065175,80.5161413028879,184.95929226304497,220.68900951967,0.7629627775619438,0.4361654458444632,0.3637354515811763,0.5716732960921564,0.0,0.0,31.315937066231644,31.955037822685348,0,204,0.4333333333333333,1.0211647948392566,20.740922619047627,21.17989999105667,1.1102230246251563e-16,0.0,0,2.4955738434899235,220.68900951967,4.08,0.0,218.78535631032588,80.5161413028879,524.0705071328839
F3_seed19_life1_m1.25_selected_recovery_age_aware_censoring_aware,F3,19,1,1.25,selected_recovery,age_aware,censoring_aware,lightgbm_gbm_recovered,7,30,36.39977777777778,184.6,154.05560288749913,30.544397112500864,83.85900633806497,201.5148314477864,242.256096658894,0.8345373937567667,0.4542741405095611,0.3524752288690233,0.5443424631514635,0.0,0.0,35.89614327792978,36.62871763054059,0,203,0.3333333333333333,0.8226654873771144,20.740922619047627,17.062841215049833,1.1102230246251563e-16,4.2632564145606005e-14,0,2.2995099455212538,242.256096658894,4.0600000000000005,0.0,152.72198556250433,83.85900633806497,482.89708855946327
F3_seed20_life1_m1.25_raw_order_up_to_censoring_aware,F3,20,1,1.25,raw,order_up_to,censoring_aware,lightgbm_raw,7,30,36.39977777777778,184.6,135.4281165611618,49.171883438838194,82.20687062145235,181.2352094048364,214.22757147074395,0.7336301005480054,0.4453243262267192,0.3777281938242486,0.6070147965494761,0.0,0.0,28.707810636492628,29.293684322951663,0,201,0.4,2.1662473114048333,20.740922619047627,44.92996785956762,1.1102230246251563e-16,2.842170943040401e-14,0,2.601494568030416,214.22757147074395,4.0200000000000005,0.0,245.8594171941909,82.20687062145235,546.3138592863872
F3_seed20_life1_m1.25_raw_age_aware_censoring_aware,F3,20,1,1.25,raw,age_aware,censoring_aware,lightgbm_raw,7,30,36.39977777777778,184.6,151.05695973422092,33.54304026577906,80.28791672961125,194.9450986860544,235.8662297453029,0.8182933896761697,0.4349291263792592,0.3470486053412263,0.5315075642385153,0.0,0.0,36.203806464342414,36.94265965749226,0,201,0.3380952380952381,0.5133664861049132,20.740922619047627,10.647694563514394,2.775557561562892e-17,0.0,0,2.323282608589569,235.8662297453029,4.0200000000000005,0.0,167.71520132889532,80.28791672961125,487.8893478038094
F3_seed20_life1_m1.25_selected_recovery_order_up_to_censoring_aware,F3,20,1,1.25,selected_recovery,order_up_to,censoring_aware,lightgbm_gbm_recovered,7,30,36.39977777777778,184.6,136.09231101182192,48.50768898817809,84.2077543787128,183.90028761275696,216.6976422244745,0.7372281203240623,0.4561633498305136,0.3822411683329932,0.6187546802067159,0.0,0.0,28.46340176722807,29.044287517579665,0,202,0.4095238095238095,2.5117366134032286,20.740922619047627,52.09573473802512,1.5092094240998222e-16,1.4210854715202004e-14,0,2.607065912114656,216.6976422244745,4.040000000000001,0.0,242.53844494089043,84.2077543787128,547.4838415440778
F3_seed20_life1_m1.25_selected_recovery_age_aware_censoring_aware,F3,20,1,1.25,selected_recovery,age_aware,censoring_aware,lightgbm_gbm_recovered,7,30,36.39977777777778,184.6,152.08402523228645,32.51597476771353,82.00480673880254,197.6890541933112,238.4300844685528,0.8238571247686157,0.4442297223120397,0.3503149041682197,0.5392072350370263,0.0,0.0,35.97242858587047,36.70655978150048,0,201,0.3380952380952381,0.7005023690709096,20.740922619047627,14.52906543135928,1.1102230246251563e-16,2.842170943040401e-14,0,2.3192131668853477,238.4300844685528,4.0200000000000005,0.0,162.5798738385676,82.00480673880254,487.0347650459229
F3_seed21_life1_m1.25_raw_order_up_to_censoring_aware,F3,21,1,1.25,raw,order_up_to,censoring_aware,lightgbm_raw,7,30,36.39977777777778,184.6,136.23822924581034,48.361770754189656,77.9118580779583,177.7503095459909,218.74739902016597,0.7380185766295251,0.4220577360669464,0.363818941433188,0.5718795561955256,0.0,0.0,36.622141493771736,37.369532136501775,0,200,0.4,0.7203513846674897,20.740922619047627,14.940752327912216,1.249000902703301e-16,2.842170943040401e-14,0,2.5831814803289164,218.74739902016597,4.0,0.0,241.80885377094828,77.9118580779583,542.4681108690725
F3_seed21_life1_m1.25_raw_age_aware_censoring_aware,F3,21,1,1.25,raw,age_aware,censoring_aware,lightgbm_raw,7,30,36.39977777777778,184.6,148.22839707037627,36.37160292962372,83.55627332586323,195.3848926184617,236.16891954491703,0.8029707316921791,0.4526342000317618,0.3604909383481766,0.56369950007752,0.0,0.0,36.060648535556936,36.79658013832341,0,200,0.3333333333333333,0.5930749542095631,20.740922619047627,12.300921732555764,9.367506770274758e-17,0.0,0,2.407539083423328,236.16891954491703,4.0,0.0,181.85801464811857,83.55627332586323,505.58320751889886
F3_seed21_life1_m1.25_selected_recovery_order_up_to_censoring_aware,F3,21,1,1.25,selected_recovery,order_up_to,censoring_aware,lightgbm_gbm_recovered,7,30,36.39977777777778,184.6,137.14937221901556,47.450627780984426,79.34485831100845,180.09445275224624,221.4519385308156,0.7429543457151438,0.4298204675569255,0.3664987196968497,0.5785287750665139,0.0,0.0,36.92844700795305,37.68208878362556,0,201,0.419047619047619,0.9045472725809152,20.740922619047627,18.761144985871343,1.1102230246251563e-16,1.4210854715202004e-14,0,2.581285408317839,221.4519385308156,4.0200000000000005,0.0,237.2531389049221,79.34485831100845,542.0699357467462
F3_seed21_life1_m1.25_selected_recovery_age_aware_censoring_aware,F3,21,1,1.25,selected_recovery,age_aware,censoring_aware,lightgbm_gbm_recovered,7,30,36.39977777777778,184.6,149.27069137398672,35.32930862601329,85.29337931631947,198.1642929125284,238.98383556162872,0.80861696302268,0.4620443083224239,0.363625081476915,0.5714007118961028,0.0,0.0,36.03986593786774,36.77537340598749,0,199,0.3380952380952381,0.7221623221652764,20.740922619047627,14.978312842421742,2.1553939189011826e-16,0.0,0,2.4043036095619748,238.98383556162872,3.98,0.0,176.64654313006642,85.29337931631947,504.90375800801473
F3_seed22_life1_m1.25_raw_order_up_to_censoring_aware,F3,22,1,1.25,raw,order_up_to,censoring_aware,lightgbm_raw,7,30,36.39977777777778,184.6,137.863302849102,46.73669715089798,80.74407705933717,182.20760213066143,215.10026379332723,0.7468217922486566,0.4374002007548059,0.3693565930535179,0.5856821604492926,0.0,0.0,28.59065638679929,29.17413917020336,0,206,0.4095238095238095,3.241471887628774,20.740922619047627,67.23111759312664,1.1102230246251563e-16,2.842170943040401e-14,0,2.5411801267007346,215.10026379332723,4.120000000000001,0.0,233.68348575448988,80.74407705933717,533.6478266071542
F3_seed22_life1_m1.25_raw_age_aware_censoring_aware,F3,22,1,1.25,raw,age_aware,censoring_aware,lightgbm_raw,7,30,36.39977777777778,184.6,151.43256738967938,33.1674326103206,83.30616679792885,198.33895640983047,239.1640523633576,0.8203281007024885,0.4512793434340673,0.354888881403564,0.5501205469465376,0.0,0.0,36.04181490625996,36.77736214924485,0,205,0.3333333333333333,0.1809084319747641,20.740922619047627,3.752207788721824,2.775557561562892e-17,4.2632564145606005e-14,0,2.344797058156616,239.1640523633576,4.1000000000000005,0.0,165.837163051603,83.30616679792885,492.40738221288944
F3_seed22_life1_m1.25_selected_recovery_order_up_to_censoring_aware,F3,22,1,1.25,selected_recovery,order_up_to,censoring_aware,lightgbm_gbm_recovered,7,30,36.39977777777778,184.6,139.2547299590502,45.3452700409498,82.10667762653068,184.96162980780312,217.98899989485392,0.7543593172212903,0.4447815689411196,0.370916857288176,0.5896150001560112,0.0,0.0,28.667590089153716,29.25264294811603,0,207,0.4285714285714285,3.4661484558436397,20.740922619047627,71.89111690878434,1.1102230246251563e-16,2.842170943040401e-14,0,2.5283906082196834,217.98899989485392,4.140000000000001,0.0,226.726350204749,82.10667762653068,530.9620277261336
F3_seed22_life1_m1.25_selected_recovery_age_aware_censoring_aware,F3,22,1,1.25,selected_recovery,age_aware,censoring_aware,lightgbm_gbm_recovered,7,30,36.39977777777778,184.6,152.4337511533381,32.166248846661915,85.04049030871411,201.07446368427443,241.83131786796795,0.8257516313831967,0.46067437870376,0.358104061245326,0.5578849150223238,0.0,0.0,35.920227826334134,36.65329370034095,0,207,0.3285714285714285,0.2595284988896182,20.740922619047627,5.38286051290716,1.1102230246251563e-16,1.4210854715202004e-14,0,2.3421097733809124,241.83131786796795,4.140000000000001,0.0,160.83124423330958,85.04049030871411,491.8430524099916
F3_seed23_life1_m1.25_raw_order_up_to_censoring_aware,F3,23,1,1.25,raw,order_up_to,censoring_aware,lightgbm_raw,7,30,36.39977777777778,184.6,143.3639144962356,41.23608550376439,75.26972935355222,182.23386607201007,212.80671360263548,0.7766192551258699,0.4077450127494703,0.3442733150679511,0.5250256287856078,0.0,0.0,26.3167132585727,26.853789039359896,0,205,0.3857142857142857,1.785489779312612,20.740922619047627,37.03270534982331,1.1102230246251563e-16,4.2632564145606005e-14,0,2.373127954642903,212.80671360263548,4.1000000000000005,0.0,206.18042751882197,75.26972935355222,498.35687047500966
F3_seed23_life1_m1.25_raw_age_aware_censoring_aware,F3,23,1,1.25,raw,age_aware,censoring_aware,lightgbm_raw,7,30,36.39977777777778,184.6,152.52196236592022,32.07803763407979,84.41379635749699,200.5359809456395,241.462033630794,0.8262294819388961,0.4572795035617389,0.3562729273635557,0.5534533849949899,0.0,0.0,36.096812012538734,36.83348164544768,0,204,0.3285714285714285,0.1713444265906906,20.740922619047627,3.553841493122602,9.020562075079397e-17,2.842170943040401e-14,0,2.3349810388509047,241.462033630794,4.08,0.0,160.39018817039894,84.41379635749699,490.34601815869
F3_seed23_life1_m1.25_selected_recovery_order_up_to_censoring_aware,F3,23,1,1.25,selected_recovery,order_up_to,censoring_aware,lightgbm_gbm_recovered,7,30,36.39977777777778,184.6,143.80918399283223,40.79081600716775,77.05023176292508,184.45963797797955,214.76055334682852,0.7790313325722223,0.4173902045662247,0.3488655056849961,0.5357810233229988,0.0,0.0,26.005704301912417,26.53643296113512,0,204,0.4095238095238095,2.0397548304507738,20.740922619047627,42.3063971002081,1.1102230246251563e-16,0.0,0,2.3802136435504395,214.76055334682852,4.08,0.0,203.9540800358388,77.05023176292508,499.8448651455922
F3_seed23_life1_m1.25_selected_recovery_age_aware_censoring_aware,F3,23,1,1.25,selected_recovery,age_aware,censoring_aware,lightgbm_gbm_recovered,7,30,36.39977777777778,184.6,153.26844153080077,31.331558469199255,85.58178233121576,202.4504460842387,243.28509345666808,0.8302732477291483,0.4636066215125447,0.3583073147155861,0.5583783685437766,0.0,0.0,35.96894550329602,36.70300561560818,0,204,0.3333333333333333,0.2788746896733634,20.740922619047627,5.784118358926151,1.1102230246251563e-16,-4.2632564145606005e-14,0,2.331450800637525,243.28509345666808,4.08,0.0,156.6577923459963,85.58178233121576,489.6046681338802
F3_seed24_life1_m1.25_raw_order_up_to_censoring_aware,F3,24,1,1.25,raw,order_up_to,censoring_aware,lightgbm_raw,7,30,36.39977777777778,184.6,127.97112916535416,56.62887083464583,90.55367188204846,182.12502326962488,211.88804391252432,0.6932347192056022,0.4905399343556254,0.4143862456252984,0.7076101654541328,0.0,0.0,25.525259764648975,26.046183433315285,0,199,0.4,6.042825958013574,20.740922619047627,125.33378559553188,1.2424956896683878e-16,2.842170943040401e-14,0,2.807457476037152,211.88804391252432,3.98,0.0,283.1443541732291,90.55367188204846,589.5660699678019
F3_seed24_life1_m1.25_raw_age_aware_censoring_aware,F3,24,1,1.25,raw,age_aware,censoring_aware,lightgbm_raw,7,30,36.39977777777778,184.6,149.7728349703284,34.82716502967158,82.35186478105533,195.724921973606,236.4788562704837,0.811337134183794,0.446109776712109,0.3547742436253357,0.5498451357842703,0.0,0.0,36.02435717146808,36.7595481341511,0,201,0.3333333333333333,0.3076792114680778,20.740922619047627,6.381550716548993,0.0,2.842170943040401e-14,0,2.3666026009518903,236.4788562704837,4.0200000000000005,0.0,174.13582514835792,82.35186478105533,496.98654619989696
F3_seed24_life1_m1.25_selected_recovery_order_up_to_censoring_aware,F3,24,1,1.25,selected_recovery,order_up_to,censoring_aware,lightgbm_gbm_recovered,7,30,36.39977777777778,184.6,129.21674223617742,55.38325776382258,92.14079796031665,184.9577624187163,214.70006895826296,0.6999823523086534,0.499137583750361,0.4162532610297591,0.713071668312959,0.0,0.0,25.44830516038143,25.96765832691983,0,200,0.4142857142857143,6.349364323267096,20.740922619047627,131.69167410902455,1.1102230246251563e-16,1.4210854715202004e-14,0,2.7988435987509166,214.70006895826296,4.0,0.0,276.9162888191129,92.14079796031665,587.7571557376925
F3_seed24_life1_m1.25_selected_recovery_age_aware_censoring_aware,F3,24,1,1.25,selected_recovery,age_aware,censoring_aware,lightgbm_gbm_recovered,7,30,36.39977777777778,184.6,150.6480530605405,33.95194693945952,84.19979197235118,198.44806725511387,239.13205540629423,0.8160782939357557,0.4561202165349468,0.3585291232310799,0.558917226354821,0.0,0.0,35.90134704305442,36.63402759495349,0,203,0.3285714285714285,0.3454140937583513,20.740922619047627,7.164206990170428,1.1102230246251563e-16,-2.842170943040401e-14,0,2.367388486075919,239.13205540629423,4.0600000000000005,0.0,169.75973469729755,84.19979197235118,497.1515820759431
F3_seed25_life1_m1.25_raw_order_up_to_censoring_aware,F3,25,1,1.25,raw,order_up_to,censoring_aware,lightgbm_raw,7,30,36.39977777777778,184.6,134.75000598542337,49.84999401457662,78.5189224688401,176.8691506764857,216.96589180570567,0.7299566954789998,0.425346275562514,0.3681685983885779,0.582700697448087,0.0,0.0,35.75742329310596,36.48716662561833,0,202,0.4333333333333333,0.4836330395308747,20.740922619047627,10.030995448924674,1.1102230246251563e-16,2.842170943040401e-14,0,2.6132132587972805,216.96589180570567,4.040000000000001,0.0,249.2499700728831,78.5189224688401,548.7747843474289
F3_seed25_life1_m1.25_raw_age_aware_censoring_aware,F3,25,1,1.25,raw,age_aware,censoring_aware,lightgbm_raw,7,30,36.39977777777778,184.6,146.86005480818872,37.739945191811294,82.70490847107524,193.1651855014862,233.9625694998493,0.7955582600660278,0.448022256072997,0.3602679925092287,0.5631545526732552,0.0,0.0,36.11813260836621,36.85523735547572,0,203,0.3333333333333333,0.440055911030068,20.740922619047627,9.12716559872915,8.326672684688674e-17,1.4210854715202004e-14,0,2.4258438282380053,233.9625694998493,4.0600000000000005,0.0,188.69972595905645,82.70490847107524,509.42720392998103
F3_seed25_life1_m1.25_selected_recovery_order_up_to_censoring_aware,F3,25,1,1.25,selected_recovery,order_up_to,censoring_aware,lightgbm_gbm_recovered,7,30,36.39977777777778,184.6,135.5394137895418,49.060586210458204,79.9571730632646,179.0968090750286,218.9328510937396,0.7342330107775829,0.4331374488800899,0.3710368420724865,0.5899182446474037,0.0,0.0,35.457384996836176,36.18100509881243,0,202,0.4523809523809523,0.6358100703230835,20.740922619047627,13.187287468982303,1.1102230246251563e-16,-2.842170943040401e-14,0,2.6106331200442625,218.9328510937396,4.040000000000001,0.0,245.302931052291,79.9571730632646,548.2329552092953
F3_seed25_life1_m1.25_selected_recovery_age_aware_censoring_aware,F3,25,1,1.25,selected_recovery,age_aware,censoring_aware,lightgbm_gbm_recovered,7,30,36.39977777777778,184.6,147.7258118768956,36.87418812310442,83.98277560974195,195.30880970885977,236.07663528896552,0.8002481683472134,0.4549446132705415,0.3624499916930579,0.5685044105882278,0.0,0.0,36.04629287432641,36.781931504414715,0,201,0.3428571428571428,0.5376571777638781,20.740922619047627,11.151505919576133,1.1102230246251563e-16,0.0,0,2.42119215006776,236.07663528896552,4.0200000000000005,0.0,184.37094061552204,83.98277560974195,508.4503515142296
F3_seed26_life1_m1.25_raw_order_up_to_censoring_aware,F3,26,1,1.25,raw,order_up_to,censoring_aware,lightgbm_raw,7,30,36.39977777777778,184.6,134.40973618647016,50.190263813529846,85.08377672107251,183.09373512976487,214.01699375230027,0.7281134137945295,0.4609088663113353,0.3876368626753556,0.6330179578883597,0.0,0.0,26.642918747489347,27.1866517831524,0,201,0.4095238095238095,3.682171601737816,20.740922619047627,76.37163626169868,1.1102230246251563e-16,-1.4210854715202004e-14,0,2.6384385216239146,214.01699375230027,4.0200000000000005,0.0,250.95131906764925,85.08377672107251,554.072089541022
F3_seed26_life1_m1.25_raw_age_aware_censoring_aware,F3,26,1,1.25,raw,age_aware,censoring_aware,lightgbm_raw,7,30,36.39977777777778,184.6,150.96299359417213,33.63700640582783,80.38421279943286,194.94742861582725,235.7294931595308,0.8177843639987656,0.4354507735613915,0.3474613506361963,0.5324762770373153,0.0,0.0,36.06747468051286,36.80354559236006,0,204,0.3285714285714285,0.3269382968277856,20.740922619047627,6.781001915708327,8.890457814381136e-18,2.842170943040401e-14,0,2.325613038038585,235.7294931595308,4.08,0.0,168.1850320291392,80.38421279943286,488.3787379881028
F3_seed26_life1_m1.25_selected_recovery_order_up_to_censoring_aware,F3,26,1,1.25,selected_recovery,order_up_to,censoring_aware,lightgbm_gbm_recovered,7,30,36.39977777777778,184.6,135.51791567129231,49.08208432870769,86.32153906121323,185.43967695472776,216.2388269469344,0.7341165529322444,0.4676139710791615,0.3891171620724542,0.6369751086682283,0.0,0.0,26.47437345326798,27.01466678904896,0,202,0.4285714285714285,4.074979789178864,20.740922619047627,84.5188404815418,1.1102230246251563e-16,0.0,0,2.6286227983413624,216.2388269469344,4.040000000000001,0.0,245.4104216435384,86.32153906121323,552.0107876516861
F3_seed26_life1_m1.25_selected_recovery_age_aware_censoring_aware,F3,26,1,1.25,selected_recovery,age_aware,censoring_aware,lightgbm_gbm_recovered,7,30,36.39977777777778,184.6,151.8367160348988,32.76328396510117,82.14228358177051,197.5792218388916,238.2960080905611,0.8225174216408386,0.444974450605474,0.3510669065016313,0.5409909126517894,0.0,0.0,35.950866089858245,36.68455723454923,0,205,0.3238095238095238,0.43375580117018,20.740922619047627,8.996495507633712,1.1102230246251563e-16,2.842170943040401e-14,0,2.3254986261801784,238.2960080905611,4.1000000000000005,0.0,163.81641982550582,82.14228358177051,488.3547114978375
F3_seed27_life1_m1.25_raw_order_up_to_censoring_aware,F3,27,1,1.25,raw,order_up_to,censoring_aware,lightgbm_raw,7,30,36.39977777777778,184.6,135.5952907483921,49.0047092516079,77.93295778130125,177.12847075191556,215.60136454630344,0.7345357028623624,0.422172035651686,0.3649772726462646,0.5747467876735635,0.0,0.0,34.16086650346183,34.858027044348816,0,201,0.4142857142857143,1.2900749435274748,20.740922619047627,26.75734457647559,1.1102230246251563e-16,0.0,0,2.583704136122116,215.60136454630344,4.0200000000000005,0.0,245.0235462580395,77.93295778130125,542.5778685856442
F3_seed27_life1_m1.25_raw_age_aware_censoring_aware,F3,27,1,1.25,raw,age_aware,censoring_aware,lightgbm_raw,7,30,36.39977777777778,184.6,151.4839627005655,33.11603729943447,74.12462553218033,189.2088104549681,230.10179700466165,0.8206065151709941,0.4015418501201535,0.3285540950050657,0.4893232538331506,0.0,0.0,36.290950609600365,37.03158225469425,0,201,0.3571428571428571,0.6463224470966262,20.740922619047627,13.405323862184629,2.0816681711721683e-16,2.842170943040401e-14,0,2.2563171858762585,230.10179700466165,4.0200000000000005,0.0,165.58018649717235,74.12462553218033,473.8266090340143
F3_seed27_life1_m1.25_selected_recovery_order_up_to_censoring_aware,F3,27,1,1.25,selected_recovery,order_up_to,censoring_aware,lightgbm_gbm_recovered,7,30,36.39977777777778,184.6,136.8321002315708,47.7678997684292,79.21469901058242,179.64702146437546,217.9875633351352,0.7412356458914994,0.4291153792555927,0.3666552769513408,0.5789189735195301,0.0,0.0,33.98079060405704,34.674276126588815,0,203,0.4238095238095238,1.5653197137495876,20.740922619047627,32.46617505694998,1.1102230246251563e-16,2.842170943040401e-14,0,2.5719131485136364,217.9875633351352,4.0600000000000005,0.0,238.839498842146,79.21469901058242,540.1017611878636
F3_seed27_life1_m1.25_selected_recovery_age_aware_censoring_aware,F3,27,1,1.25,selected_recovery,age_aware,censoring_aware,lightgbm_gbm_recovered,7,30,36.39977777777778,184.6,152.35177265106495,32.248227348935046,75.60937907418291,191.5613739474701,232.41669346252797,0.8253075441552814,0.4095849353964404,0.3316765970954198,0.4962815841162081,0.0,0.0,36.20698564580727,36.9459037202115,0,200,0.3476190476190476,0.7593461358317428,20.740922619047627,15.749539444359009,1.1102230246251563e-16,1.4210854715202004e-14,0,2.25365337753041,232.41669346252797,4.0,0.0,161.24113674467523,75.60937907418291,473.2672092813861
F3_seed28_life1_m1.25_raw_order_up_to_censoring_aware,F3,28,1,1.25,raw,order_up_to,censoring_aware,lightgbm_raw,7,30,36.39977777777778,184.6,135.79139105347122,48.80860894652877,78.42281198443087,177.81442526012432,208.59231758230607,0.7355980013730835,0.424825633718477,0.3660952956072435,0.5775241815848984,0.0,0.0,26.606045970535632,27.149026500546565,0,201,0.4095238095238095,3.5707803860817813,20.740922619047627,74.06127967733524,1.1102230246251563e-16,2.842170943040401e-14,0,2.547991306187528,208.59231758230607,4.0200000000000005,0.0,244.04304473264384,78.42281198443087,535.0781742993809
F3_seed28_life1_m1.25_raw_age_aware_censoring_aware,F3,28,1,1.25,raw,age_aware,censoring_aware,lightgbm_raw,7,30,36.39977777777778,184.6,146.5282167245873,38.071783275412656,80.75027257297131,190.8787115197809,231.623584968184,0.7937606539793463,0.4374337625838099,0.3552921916303792,0.5510902567302007,0.0,0.0,36.11240174903944,36.84938953983617,0,202,0.3619047619047619,0.4091834058177648,20.740922619047627,8.486841357064623,4.445228907190568e-17,5.684341886080802e-14,0,2.4132036853248504,231.623584968184,4.040000000000001,0.0,190.35891637706325,80.75027257297131,506.7727739182186
F3_seed28_life1_m1.25_selected_recovery_order_up_to_censoring_aware,F3,28,1,1.25,selected_recovery,order_up_to,censoring_aware,lightgbm_gbm_recovered,7,30,36.39977777777778,184.6,136.71746315443372,47.88253684556627,79.94446228618686,180.26214766284284,211.3742273423305,0.7406146433067915,0.4330685930996038,0.368982515610925,0.5847421422374037,0.0,0.0,26.88459513264104,27.433260339429637,0,200,0.4238095238095238,3.79630220589645,20.740922619047627,78.73881029101808,1.1102230246251563e-16,2.842170943040401e-14,0,2.5463398755064226,211.3742273423305,4.0,0.0,239.41268422783136,79.94446228618686,534.7313738563487
F3_seed28_life1_m1.25_selected_recovery_age_aware_censoring_aware,F3,28,1,1.25,selected_recovery,age_aware,censoring_aware,lightgbm_gbm_recovered,7,30,36.39977777777778,184.6,147.2941276958328,37.30587230416721,82.215124996465,193.10947491452004,233.90133470575225,0.7979096841594409,0.4453690411509478,0.3582213964449201,0.5581697402508938,0.0,0.0,36.113833097117215,36.8508500990992,0,196,0.3619047619047619,0.4778007655332635,20.740922619047627,9.910028705247136,1.1102230246251563e-16,4.2632564145606005e-14,0,2.412218196300254,233.90133470575225,3.92,0.0,186.5293615208361,82.215124996465,506.56582122305326
F3_seed29_life1_m1.25_raw_order_up_to_censoring_aware,F3,29,1,1.25,raw,order_up_to,censoring_aware,lightgbm_raw,7,30,36.39977777777778,184.6,132.45055710967213,52.149442890327855,76.10864299463385,172.15942232652822,216.84484859489064,0.7175003093698382,0.4122895070131845,0.3649258481839684,0.5746192742067076,0.0,0.0,40.34852929646464,41.17196866986188,0,204,0.419047619047619,0.7345403752417193,20.740922619047627,15.235045083454708,5.551115123125784e-17,0.0,0,2.6560986001960183,216.84484859489064,4.08,0.0,260.74721445163925,76.10864299463385,557.780706041164
F3_seed29_life1_m1.25_raw_age_aware_censoring_aware,F3,29,1,1.25,raw,age_aware,censoring_aware,lightgbm_raw,7,30,36.39977777777778,184.6,150.29417773681405,34.30582226318594,81.84783403234513,195.7422339913814,236.5521187356042,0.814161309516869,0.4433793826237548,0.3525765690086902,0.544584196572618,0.0,0.0,36.07884236951071,36.81514527501093,0,206,0.3238095238095238,0.3386674931701761,20.740922619047627,7.024276269429464,5.551115123125784e-17,0.0,0,2.352614590875614,236.5521187356042,4.120000000000001,0.0,171.5291113159297,81.84783403234513,494.04906408387893
F3_seed29_life1_m1.25_selected_recovery_order_up_to_censoring_aware,F3,29,1,1.25,selected_recovery,order_up_to,censoring_aware,lightgbm_gbm_recovered,7,30,36.39977777777778,184.6,133.59356107318263,51.00643892681736,77.65629544554872,174.85007874095362,219.36218801370532,0.723692096821141,0.4206733231069811,0.3676040150998302,0.5812877119355216,0.0,0.0,40.12486551247767,40.943740318854765,0,201,0.4333333333333333,0.8194811503598461,20.740922619047627,16.996795127381702,9.714451465470121e-17,5.684341886080802e-14,0,2.6479556099682906,219.36218801370532,4.0200000000000005,0.0,255.0321946340868,77.65629544554872,556.0706780933409
F3_seed29_life1_m1.25_selected_recovery_age_aware_censoring_aware,F3,29,1,1.25,selected_recovery,age_aware,censoring_aware,lightgbm_gbm_recovered,7,30,36.39977777777778,184.6,151.24456753095618,33.35543246904382,83.46886602794461,198.313655781123,239.14691904309527,0.8193096832662848,0.4521607043767313,0.355620318625684,0.551880093219616,0.0,0.0,36.050324881110335,36.786045797051365,0,201,0.3333333333333333,0.4110899295177105,20.740922619047627,8.526384417596576,1.1102230246251563e-16,0.0,0,2.349585463886948,239.14691904309527,4.0200000000000005,0.0,166.7771623452191,83.46886602794461,493.412947416259
F3_seed00_life1_m1.5_raw_order_up_to_censoring_aware,F3,0,1,1.5,raw,order_up_to,censoring_aware,lightgbm_raw,7,30,36.39977777777778,221.52,163.17710236101442,58.342897638985605,57.5130605298413,184.29038511307792,216.5860040134505,0.7366246946596896,0.2596292006583663,0.2606054559771425,0.3524579104401481,0.0,0.0,27.96389882010361,28.534590632758785,0,206,0.5,1.4368925836784183,29.86692857142853,42.91556816153872,1.1102230246251563e-16,-2.131628207280301e-14,0,2.7139692987534283,216.5860040134505,4.120000000000001,0.0,291.7144881949281,57.5130605298413,569.93355273822
F3_seed00_life1_m1.5_raw_age_aware_censoring_aware,F3,0,1,1.5,raw,age_aware,censoring_aware,lightgbm_raw,7,30,36.39977777777778,221.52,175.1014345668032,46.418565433196825,62.56927627794029,201.27093306696568,242.2076998919675,0.7904542911105236,0.28245429883505,0.2632603573892332,0.3573316028662769,0.0,0.0,36.092612827162455,36.82919676241068,0,204,0.4619047619047619,0.1276145098750797,29.86692857142853,3.811453451116869,1.1102230246251563e-16,1.4210854715202004e-14,0,2.5759514444566283,242.2076998919675,4.08,0.0,232.0928271659841,62.56927627794029,540.949803335892
F3_seed00_life1_m1.5_selected_recovery_order_up_to_censoring_aware,F3,0,1,1.5,selected_recovery,order_up_to,censoring_aware,lightgbm_gbm_recovered,7,30,36.39977777777778,221.52,163.9993628653632,57.52063713463679,59.78100689736182,187.38059198494727,219.31594293265607,0.7403365965391983,0.2698673117432368,0.2671414251426422,0.3645197508873226,0.0,0.0,27.549032089055725,28.111257233730328,0,206,0.4857142857142857,1.6212553131910703,29.86692857142853,48.4219166351267,2.2204460492503126e-16,4.2632564145606005e-14,0,2.7181911214438186,219.31594293265607,4.120000000000001,0.0,287.603185673184,59.78100689736182,570.8201355032019
F3_seed00_life1_m1.5_selected_recovery_age_aware_censoring_aware,F3,0,1,1.5,selected_recovery,age_aware,censoring_aware,lightgbm_gbm_recovered,7,30,36.39977777777778,221.52,176.12953620278668,45.39046379721331,64.8170345016919,204.54679292670085,245.35768555808724,0.795095414422114,0.2926012752875221,0.269009989692653,0.3680077509945,0.0,0.0,35.90373892022469,36.636468285943565,0,204,0.4523809523809523,0.1904360555046696,29.86692857142853,5.687740067182567,1.1102230246251563e-16,5.684341886080802e-14,0,2.5771763764087887,245.35768555808724,4.08,0.0,226.95231898606653,64.8170345016919,541.2070390458457
F3_seed01_life1_m1.5_raw_order_up_to_censoring_aware,F3,1,1,1.5,raw,order_up_to,censoring_aware,lightgbm_raw,7,30,36.39977777777778,221.52,152.23335883216814,69.28664116783186,63.79322234394906,179.6268033983394,213.14679325025844,0.6872217354287113,0.2879795158177549,0.295302652093268,0.4190489051370063,0.0,0.0,29.257053986913817,29.854136721340637,0,198,0.4952380952380952,1.5514456317347074,29.86692857142853,46.336915865475326,1.1102230246251563e-16,-1.4210854715202004e-14,0,2.987301054444604,213.14679325025844,3.96,0.0,346.43320583915926,63.79322234394906,627.3332214333668
F3_seed01_life1_m1.5_raw_age_aware_censoring_aware,F3,1,1,1.5,raw,age_aware,censoring_aware,lightgbm_raw,7,30,36.39977777777778,221.52,161.8022044230417,59.717795576958295,64.03595811265981,189.43838475792373,230.0771813558216,0.7304180409129726,0.2890752894215412,0.2835479946952576,0.3957669077562991,0.0,0.0,36.037252970781445,36.77270711304229,0,196,0.4714285714285714,0.1857627220717073,29.86692857142853,5.548161951349814,0.0,0.0,0,2.841057701682252,230.0771813558216,3.92,0.0,298.58897788479146,64.03595811265981,596.6221173532729
F3_seed01_life1_m1.5_selected_recovery_order_up_to_censoring_aware,F3,1,1,1.5,selected_recovery,order_up_to,censoring_aware,lightgbm_gbm_recovered,7,30,36.39977777777778,221.52,152.48309838809104,69.03690161190896,66.19286268146688,182.27618329178011,215.28380072063987,0.6883491259845208,0.2988121283923206,0.3026983961003916,0.4340996699384785,0.0,0.0,28.701941414446917,29.2876953208642,0,199,0.4904761904761904,1.8295095553850755,29.86692857142853,54.64183121143202,1.1102230246251563e-16,1.4210854715202004e-14,0,3.003053197436436,215.28380072063987,3.98,0.0,345.1845080595448,66.19286268146688,630.6411714616515
F3_seed01_life1_m1.5_selected_recovery_age_aware_censoring_aware,F3,1,1,1.5,selected_recovery,age_aware,censoring_aware,lightgbm_gbm_recovered,7,30,36.39977777777778,221.52,162.75594011272392,58.76405988727608,65.47577918933011,191.83194152427623,232.4883845528914,0.7347234566302092,0.2955750234260117,0.2868829073783384,0.4022942520192008,0.0,0.0,36.00667533755731,36.741505446487054,0,201,0.4761904761904761,0.21676562762113,29.86692857142853,6.474123516901169,1.199127602768968e-16,-1.4210854715202004e-14,0,2.8371641103742946,232.4883845528914,4.0200000000000005,0.0,293.8202994363803,65.47577918933011,595.8044631786018
F3_seed02_life1_m1.5_raw_order_up_to_censoring_aware,F3,2,1,1.5,raw,order_up_to,censoring_aware,lightgbm_raw,7,30,36.39977777777778,221.52,152.38959500548987,69.13040499451009,65.41879903410286,181.408616261815,211.58450758221653,0.6879270269298027,0.2953177999011505,0.300350219846032,0.4292865207217469,0.0,0.0,25.94420116875721,26.47367466199716,0,203,0.5095238095238094,2.0709133187792146,29.86692857142853,61.85182016959882,1.1102230246251563e-16,4.2632564145606005e-14,0,2.9843587218517613,211.58450758221653,4.0600000000000005,0.0,345.65202497255046,65.41879903410286,626.7153315888697
F3_seed02_life1_m1.5_raw_age_aware_censoring_aware,F3,2,1,1.5,raw,age_aware,censoring_aware,lightgbm_raw,7,30,36.39977777777778,221.52,167.65239356609425,53.86760643390576,63.566052239881735,194.81866802819823,235.58779612845308,0.7568273454590748,0.2869540097502787,0.2749177385839811,0.379153860483488,0.0,0.0,36.05737217768579,36.79323691600592,0,203,0.4714285714285714,0.4547749975429212,29.86692857142853,13.582732367686017,3.469446951953615e-17,3.552713678800501e-14,0,2.7264375263707787,235.58779612845308,4.0600000000000005,0.0,269.33803216952884,63.566052239881735,572.5518805378636
F3_seed02_life1_m1.5_selected_recovery_order_up_to_censoring_aware,F3,2,1,1.5,selected_recovery,order_up_to,censoring_aware,lightgbm_gbm_recovered,7,30,36.39977777777778,221.52,153.41694487715347,68.10305512284654,66.96669706348918,183.98386416286485,214.63238693287528,0.6925647565779771,0.3023054219189652,0.303864190979863,0.4365013077082968,0.0,0.0,26.355875031352905,26.89375003199276,0,202,0.5047619047619047,2.185959424286564,29.86692857142853,65.28789398520784,1.1102230246251563e-16,-1.4210854715202004e-14,0,2.9816874267171296,214.63238693287528,4.040000000000001,0.0,340.51527561423273,66.96669706348918,626.1543596105972
F3_seed02_life1_m1.5_selected_recovery_age_aware_censoring_aware,F3,2,1,1.5,selected_recovery,age_aware,censoring_aware,lightgbm_gbm_recovered,7,30,36.39977777777778,221.52,168.71146834367636,52.808531656323645,65.1733074007268,197.48499796662531,238.19566370551777,0.7616082897421288,0.2942095855937468,0.278655620885518,0.3863003981920451,0.0,0.0,35.946752464782065,36.68035965794088,0,201,0.4619047619047619,0.5912855552860123,29.86692857142853,17.659883445044787,1.1102230246251563e-16,-2.842170943040401e-14,0,2.721102997085061,238.19566370551777,4.0200000000000005,0.0,264.0426582816183,65.1733074007268,571.4316293878628
F3_seed03_life1_m1.5_raw_order_up_to_censoring_aware,F3,3,1,1.5,raw,order_up_to,censoring_aware,lightgbm_raw,7,30,36.39977777777778,221.52,152.8963934981719,68.6236065018281,62.920394908062406,179.41701062845655,216.9666107786121,0.6902148496667204,0.284039341405121,0.2915454139259391,0.4115230808816606,0.0,0.0,33.21026793458334,33.888028504676875,0,202,0.4904761904761904,1.2815485547178107,29.86692857142853,38.27591914457433,2.2204460492503126e-16,2.131628207280301e-14,0,2.9859287533134053,216.9666107786121,4.040000000000001,0.0,343.11803250914045,62.920394908062406,627.0450381958151
F3_seed03_life1_m1.5_raw_age_aware_censoring_aware,F3,3,1,1.5,raw,age_aware,censoring_aware,lightgbm_raw,7,30,36.39977777777778,221.52,168.25121511633216,53.268784883667855,68.78059986863487,200.63203720718928,241.53202047095772,0.7595305846710552,0.3104938600064773,0.2901745483955267,0.4087970468509165,0.0,0.0,36.06934285434936,36.80545189219322,0,201,0.4571428571428571,0.2314037185271733,29.86692857142853,6.91131833241404,0.0,1.4210854715202004e-14,0,2.7651264036092,241.53202047095772,4.0200000000000005,0.0,266.34392441833927,68.78059986863487,580.676544757932
F3_seed03_life1_m1.5_selected_recovery_order_up_to_censoring_aware,F3,3,1,1.5,selected_recovery,order_up_to,censoring_aware,lightgbm_gbm_recovered,7,30,36.39977777777778,221.52,153.71232560870678,67.80767439129323,64.78717152128397,182.09971935221296,219.20170218475923,0.6938981834990375,0.2924664658779522,0.2965094765538086,0.4214832562367673,0.0,0.0,32.7179487888511,33.3856620294399,0,203,0.4809523809523809,1.5741023057680976,29.86692857142853,47.01360113049673,2.2204460492503126e-16,2.842170943040401e-14,0,2.986129741250045,219.20170218475923,4.0600000000000005,0.0,339.0383719564661,64.78717152128397,627.0872456625094
F3_seed03_life1_m1.5_selected_recovery_age_aware_censoring_aware,F3,3,1,1.5,selected_recovery,age_aware,censoring_aware,lightgbm_gbm_recovered,7,30,36.39977777777778,221.52,169.63118577657835,51.88881422342166,69.94609783033337,203.17750582913396,244.00842818423985,0.7657601380307799,0.3157552267530398,0.2919563022723722,0.4123422088345214,0.0,0.0,35.95075379142112,36.684442644307275,0,199,0.4619047619047619,0.3549948495757034,29.86692857142853,10.602605815502551,1.1102230246251563e-16,0.0,0,2.7494218911032453,244.00842818423985,3.98,0.0,259.4440711171083,69.94609783033337,577.3785971316815
F3_seed04_life1_m1.5_raw_order_up_to_censoring_aware,F3,4,1,1.5,raw,order_up_to,censoring_aware,lightgbm_raw,7,30,36.39977777777778,221.52,150.5553763653749,70.96462363462507,63.73876242878428,177.89436101638142,215.25396873341168,0.6796468777779655,0.2877336693245949,0.2974358644965493,0.423357597500205,0.0,0.0,33.05452834236208,33.729110553430694,0,202,0.5142857142857142,0.5323751750498528,29.86692857142853,15.90041132641572,1.1102230246251563e-16,2.131628207280301e-14,0,3.0374088063586733,215.25396873341168,4.040000000000001,0.0,354.8231181731254,63.73876242878428,637.8558493353214
F3_seed04_life1_m1.5_raw_age_aware_censoring_aware,F3,4,1,1.5,raw,age_aware,censoring_aware,lightgbm_raw,7,30,36.39977777777778,221.52,167.1163055868235,54.403694413176495,66.34716218154277,197.06368999058847,237.80412931673104,0.7544073022157074,0.2995086772370114,0.2841864845739803,0.3970119010743258,0.0,0.0,35.984356739807964,36.71873136715099,0,199,0.4761904761904761,0.3089668838017168,29.86692857142853,9.227891849442738,0.0,-1.4210854715202004e-14,0,2.762617921734078,237.80412931673104,3.98,0.0,272.01847206588246,66.34716218154277,580.1497635641564
F3_seed04_life1_m1.5_selected_recovery_order_up_to_censoring_aware,F3,4,1,1.5,selected_recovery,order_up_to,censoring_aware,lightgbm_gbm_recovered,7,30,36.39977777777778,221.52,151.00497368470533,70.51502631529468,65.74922150480529,180.35441741173284,217.59210448502756,0.6816764792556218,0.2968094145215118,0.3033354046380509,0.4354109662777601,0.0,0.0,32.885844983594154,33.55698467713689,0,200,0.5095238095238094,0.6479109864498128,29.86692857142853,19.35111115294036,1.1102230246251563e-16,0.0,0,3.0472212265062195,217.59210448502756,4.0,0.0,352.5751315764734,65.74922150480529,639.9164575663061
F3_seed04_life1_m1.5_selected_recovery_age_aware_censoring_aware,F3,4,1,1.5,selected_recovery,age_aware,censoring_aware,lightgbm_gbm_recovered,7,30,36.39977777777778,221.52,167.9310389797115,53.588961020288494,67.97346122475302,199.5047224266868,240.1698638158806,0.7580852247188132,0.3068502222135835,0.2881397394532052,0.4047700868031025,0.0,0.0,35.86174411287624,36.593616441710445,0,200,0.4714285714285714,0.3455285610089771,29.86692857142853,10.319876851043608,0.0,4.2632564145606005e-14,0,2.7623244292479816,240.1698638158806,4.0,0.0,267.9448051014424,67.97346122475302,580.0881301420761
F3_seed05_life1_m1.5_raw_order_up_to_censoring_aware,F3,5,1,1.5,raw,order_up_to,censoring_aware,lightgbm_raw,7,30,36.39977777777778,221.52,158.4607291875007,63.05927081249928,62.60568020454876,184.6666316142717,218.5314714492832,0.7153337359493532,0.2826186358096278,0.2831985210992454,0.395086407373967,0.0,0.0,29.494210406025775,30.09613306737325,0,206,0.4952380952380952,1.200741947184657,29.86692857142853,35.86247396928216,2.2204460492503126e-16,1.4210854715202004e-14,0,2.8597785986491826,218.5314714492832,4.120000000000001,0.0,315.29635406249645,62.60568020454876,600.5535057163283
F3_seed05_life1_m1.5_raw_age_aware_censoring_aware,F3,5,1,1.5,raw,age_aware,censoring_aware,lightgbm_raw,7,30,36.39977777777778,221.52,174.77901008245442,46.740989917545605,67.53454703727947,205.9137793419561,246.86686364991735,0.7889987815206501,0.3048688472249885,0.2787072578192922,0.3863996426425525,0.0,0.0,36.01574703496293,36.75076228057442,0,205,0.4285714285714285,0.2427771307507759,29.86692857142853,7.251007222909792,1.1102230246251563e-16,-1.4210854715202004e-14,0,2.629554096547261,246.86686364991735,4.1000000000000005,0.0,233.70494958772795,67.53454703727947,552.2063602749249
F3_seed05_life1_m1.5_selected_recovery_order_up_to_censoring_aware,F3,5,1,1.5,selected_recovery,order_up_to,censoring_aware,lightgbm_gbm_recovered,7,30,36.39977777777778,221.52,159.8205926795942,61.699407320405776,63.665076323118,187.0858912249344,221.27243428031343,0.7214725202220758,0.287401030711078,0.2848731939153797,0.3983533989937876,0.0,0.0,29.761094369772746,30.368463642625247,0,205,0.4714285714285714,1.320817911112817,29.86692857142853,39.44877420706996,1.1102230246251563e-16,0.0,0,2.845402605740288,221.27243428031343,4.1000000000000005,0.0,308.49703660202886,63.665076323118,597.5345472054604
F3_seed05_life1_m1.5_selected_recovery_age_aware_censoring_aware,F3,5,1,1.5,selected_recovery,age_aware,censoring_aware,lightgbm_gbm_recovered,7,30,36.39977777777778,221.52,175.8394009204215,45.6805990795785,69.15388350470343,208.59350664734717,249.572105383904,0.79378566684914,0.3121789612888382,0.2822684861218647,0.3932786573584833,0.0,0.0,35.987156628878765,36.72158839681507,0,202,0.4285714285714285,0.3812779545368537,29.86692857142853,11.387601434012586,1.1102230246251563e-16,0.0,0,2.624614210888095,249.572105383904,4.040000000000001,0.0,228.40299539789248,69.15388350470343,551.1689842865
F3_seed06_life1_m1.5_raw_order_up_to_censoring_aware,F3,6,1,1.5,raw,order_up_to,censoring_aware,lightgbm_raw,7,30,36.39977777777778,221.52,151.61943086068032,69.90056913931966,64.7130842605525,179.93273734345507,222.07550066967585,0.6844503018268343,0.2921320163441337,0.2991371141055114,0.4268126050414732,0.0,0.0,37.70125331282728,38.47066664574213,0,202,0.5333333333333333,0.8056427612096702,29.86692857142853,24.062074803137676,1.1102230246251563e-16,2.842170943040401e-14,0,3.049197288699175,222.07550066967585,4.040000000000001,0.0,349.5028456965983,64.7130842605525,640.3314306268268
F3_seed06_life1_m1.5_raw_age_aware_censoring_aware,F3,6,1,1.5,raw,age_aware,censoring_aware,lightgbm_raw,7,30,36.39977777777778,221.52,173.1455019094142,48.374498090585824,66.16531543877696,202.91103957041335,243.9582137870121,0.7816246926210465,0.2986877728366602,0.2764827606706474,0.3821370737854521,0.0,0.0,36.16800994085854,36.906132592712794,0,200,0.4523809523809523,0.3278876049445737,29.86692857142853,9.79299567633636,0.0,0.0,0,2.6476000937081814,243.9582137870121,4.0,0.0,241.8724904529291,66.16531543877696,555.9960196787182
F3_seed06_life1_m1.5_selected_recovery_order_up_to_censoring_aware,F3,6,1,1.5,selected_recovery,order_up_to,censoring_aware,lightgbm_gbm_recovered,7,30,36.39977777777778,221.52,153.1590146323578,68.36098536764219,65.79118050360853,182.55041735818853,224.6642327124901,0.6914003910814274,0.2969988285645022,0.3004846853995847,0.4295612678204634,0.0,0.0,37.620530700051766,38.38829663270589,0,203,0.5095238095238094,0.8996264623762392,29.86692857142853,26.86907929275808,1.1102230246251563e-16,0.0,0,3.0300968574014746,224.6642327124901,4.0600000000000005,0.0,341.80492683821086,65.79118050360853,636.3203400543097
F3_seed06_life1_m1.5_selected_recovery_age_aware_censoring_aware,F3,6,1,1.5,selected_recovery,age_aware,censoring_aware,lightgbm_gbm_recovered,7,30,36.39977777777778,221.52,174.21120732418717,47.308792675812825,67.78969669495474,205.60112624136408,246.53558447195928,0.7864355693580136,0.3060206604142052,0.2801216671884526,0.3891236260638837,0.0,0.0,36.00374654115592,36.73851687873053,0,202,0.4571428571428571,0.4499046752459783,29.86692857142853,13.437270799523388,1.1102230246251563e-16,-1.4210854715202004e-14,0,2.642424974028468,246.53558447195928,4.040000000000001,0.0,236.54396337906417,67.78969669495474,554.9092445459784
F3_seed07_life1_m1.5_raw_order_up_to_censoring_aware,F3,7,1,1.5,raw,order_up_to,censoring_aware,lightgbm_raw,7,30,36.39977777777778,221.52,158.14711011365432,63.37288988634568,61.4351120125494,183.18244434842595,215.6724519686028,0.713917976316605,0.2773343806994826,0.2797818121051707,0.3884681292525568,0.0,0.0,28.17655858080478,28.75159038857631,0,203,0.5,1.4429282098058165,29.86692857142853,43.09583377596957,1.5959455978986623e-16,1.4210854715202004e-14,0,2.847771492442289,215.6724519686028,4.0600000000000005,0.0,316.8644494317284,61.4351120125494,598.0320134128806
F3_seed07_life1_m1.5_raw_age_aware_censoring_aware,F3,7,1,1.5,raw,age_aware,censoring_aware,lightgbm_raw,7,30,36.39977777777778,221.52,173.1714803676587,48.348519632341336,64.67831523242886,201.45001782230972,242.36091660322,0.7817419662678706,0.2919750597346915,0.2719292445437991,0.3734928817095687,0.0,0.0,36.06368044884584,36.79967392739372,0,202,0.4619047619047619,0.1931122789672525,29.86692857142853,5.767670642180711,2.775557561562892e-17,-1.4210854715202004e-14,0,2.632484904749312,242.36091660322,4.040000000000001,0.0,241.74259816170667,64.67831523242886,552.8218299973555
F3_seed07_life1_m1.5_selected_recovery_order_up_to_censoring_aware,F3,7,1,1.5,selected_recovery,order_up_to,censoring_aware,lightgbm_gbm_recovered,7,30,36.39977777777778,221.52,159.03534138147646,62.48465861852355,63.08760147671165,185.7231650804103,218.52823123665004,0.717927687709807,0.2847941561787272,0.2840210950968231,0.3966891945444004,0.0,0.0,28.4345015315067,29.01479748112929,0,205,0.4809523809523809,1.578744054027731,29.86692857142853,47.15223589421375,1.1102230246251563e-16,-2.131628207280301e-14,0,2.8482815514570445,218.52823123665004,4.1000000000000005,0.0,312.42329309261766,63.08760147671165,598.1391258059793
F3_seed07_life1_m1.5_selected_recovery_age_aware_censoring_aware,F3,7,1,1.5,selected_recovery,age_aware,censoring_aware,lightgbm_gbm_recovered,7,30,36.39977777777778,221.52,174.42287678134488,47.09712321865511,65.56017448819615,203.5832734917633,244.5145203809196,0.7873911013964648,0.2959560061764001,0.2731866860654302,0.3758691273644216,0.0,0.0,36.0409564815379,36.77648620565092,0,203,0.4571428571428571,0.2792190065291522,29.86692857142853,8.339414123791425,1.1102230246251563e-16,1.4210854715202004e-14,0,2.617239576011387,244.5145203809196,4.0600000000000005,0.0,235.4856160932756,65.56017448819615,549.6203109623913
F3_seed08_life1_m1.5_raw_order_up_to_censoring_aware,F3,8,1,1.5,raw,order_up_to,censoring_aware,lightgbm_raw,7,30,36.39977777777778,221.52,155.9344818860603,65.58551811393973,64.52115427441474,184.05585838269724,219.71941187063555,0.7039295859789649,0.291265593510359,0.2926718291178013,0.4137709215692246,0.0,0.0,31.26916525052563,31.9073114801282,0,201,0.4809523809523809,0.6107688266784064,29.86692857142853,18.241788920059182,1.249000902703301e-16,-1.4210854715202004e-14,0,2.9342293176892813,219.71941187063555,4.0200000000000005,0.0,327.9275905696987,64.52115427441474,616.1881567147491
F3_seed08_life1_m1.5_raw_age_aware_censoring_aware,F3,8,1,1.5,raw,age_aware,censoring_aware,lightgbm_raw,7,30,36.39977777777778,221.52,171.83680965227006,49.68319034772996,67.36520584252301,202.8022377170153,243.66814754144943,0.7757169088672357,0.3041043961832927,0.2816247417613812,0.3920301242722302,0.0,0.0,35.99254687360519,36.72708864653591,0,206,0.438095238095238,0.0466260145965871,29.86692857142853,1.3925758475266512,2.775557561562892e-17,-2.842170943040401e-14,0,2.683663357726773,243.66814754144943,4.120000000000001,0.0,248.4159517386498,67.36520584252301,563.5693051226223
F3_seed08_life1_m1.5_selected_recovery_order_up_to_censoring_aware,F3,8,1,1.5,selected_recovery,order_up_to,censoring_aware,lightgbm_gbm_recovered,7,30,36.39977777777778,221.52,156.64544830017493,64.87455169982509,66.45391636702522,186.69958688942236,222.10672982552816,0.7071390768335812,0.2999905939284273,0.2978669009934442,0.424231390622226,0.0,0.0,30.96500833959528,31.596947285301304,0,204,0.4714285714285714,0.7919642714862095,29.86692857142853,23.65354032760205,1.52655665885959e-16,0.0,0,2.938159069960376,222.10672982552816,4.08,0.0,324.3727584991255,66.45391636702522,617.0134046916788
F3_seed08_life1_m1.5_selected_recovery_age_aware_censoring_aware,F3,8,1,1.5,selected_recovery,age_aware,censoring_aware,lightgbm_gbm_recovered,7,30,36.39977777777778,221.52,172.97683825254362,48.54316174745638,68.88619087810548,205.4632513528713,246.2613143751039,0.7808633001649676,0.3109705258130439,0.2848148852088289,0.3982393918978485,0.0,0.0,35.8728367347305,36.60493544360256,0,208,0.4333333333333333,0.031740080396823,29.86692857142853,0.9479787140633116,1.1102230246251563e-16,2.842170943040401e-14,0,2.676301495192816,246.2613143751039,4.16,0.0,242.7158087372819,68.88619087810548,562.0233139904913
F3_seed09_life1_m1.5_raw_order_up_to_censoring_aware,F3,9,1,1.5,raw,order_up_to,censoring_aware,lightgbm_raw,7,30,36.39977777777778,221.52,156.61281161411245,64.90718838588754,61.350549217735946,181.56358305407065,214.36549746474347,0.7069917461814395,0.2769526418279882,0.2814718445503594,0.3917339110730045,0.0,0.0,28.51460446137797,29.09653516467141,0,202,0.5238095238095238,1.7768992292372807,29.86692857142853,53.07052235825629,1.1102230246251563e-16,1.4210854715202004e-14,0,2.8775808981519866,214.36549746474347,4.040000000000001,0.0,324.53594192943774,61.350549217735946,604.2919886119172
F3_seed09_life1_m1.5_raw_age_aware_censoring_aware,F3,9,1,1.5,raw,age_aware,censoring_aware,lightgbm_raw,7,30,36.39977777777778,221.52,168.7204734056123,52.799526594387686,63.8072972040657,196.12799283190023,237.1571001485657,0.7616489409787482,0.2880430534672521,0.2744072118214768,0.3781834884416772,0.0,0.0,36.28596531369412,37.02649521805522,0,201,0.4761904761904761,0.5140134525866844,29.86692857142853,15.352003073159867,5.204170427930421e-17,4.9737991503207007e-14,0,2.7094382396408085,237.1571001485657,4.0200000000000005,0.0,263.99763297193846,63.8072972040657,568.9820303245698
F3_seed09_life1_m1.5_selected_recovery_order_up_to_censoring_aware,F3,9,1,1.5,selected_recovery,order_up_to,censoring_aware,lightgbm_gbm_recovered,7,30,36.39977777777778,221.52,157.3557103792771,64.16428962072291,63.17523250336606,184.13116510486535,217.00500704776928,0.7103453881332481,0.2851897458620714,0.2864687906267427,0.4014803933781223,0.0,0.0,28.533741801948512,29.116063063212767,0,204,0.5047619047619047,1.97132630039832,29.86692857142853,58.8774618049751,1.1102230246251563e-16,0.0,0,2.881341369784524,217.00500704776928,4.08,0.0,320.8214481036145,63.17523250336606,605.08168765475
F3_seed09_life1_m1.5_selected_recovery_age_aware_censoring_aware,F3,9,1,1.5,selected_recovery,age_aware,censoring_aware,lightgbm_gbm_recovered,7,30,36.39977777777778,221.52,169.7440838613386,51.775916138661366,65.61847893716609,198.96278502072693,239.76161392003792,0.7662697899121461,0.2962192079142564,0.2787974355689798,0.3865729953261218,0.0,0.0,36.00359662091023,36.738363898888,0,205,0.4714285714285714,0.6587196196755829,29.86692857142853,19.67393182944921,1.1102230246251563e-16,2.842170943040401e-14,0,2.706474635954814,239.76161392003792,4.1000000000000005,0.0,258.8795806933069,65.61847893716609,568.3596735505109
F3_seed10_life1_m1.5_raw_order_up_to_censoring_aware,F3,10,1,1.5,raw,order_up_to,censoring_aware,lightgbm_raw,7,30,36.39977777777778,221.52,158.73808036411924,62.78191963588076,63.71781622544444,186.0561188117859,220.6437498992713,0.716585772680206,0.2876391126103486,0.2864289830132275,0.4014022097236288,0.0,0.0,30.17475608950001,30.79056743826532,0,204,0.4809523809523809,0.8567441347071281,29.86692857142853,25.588315875288146,1.249000902703301e-16,0.0,0,2.868338877638665,220.6437498992713,4.08,0.0,313.90959817940376,63.71781622544444,602.3511643041196
F3_seed10_life1_m1.5_raw_age_aware_censoring_aware,F3,10,1,1.5,raw,age_aware,censoring_aware,lightgbm_raw,7,30,36.39977777777778,221.52,172.62807361835067,48.89192638164934,67.91383649300703,204.14213233357992,245.1031560991116,0.7792888841565127,0.3065810603692986,0.2823368138282706,0.3934113094672665,0.0,0.0,36.058960643549405,36.79485779954021,0,206,0.4619047619047619,0.1693366789650832,29.86692857142853,5.057566495173067,0.0,1.4210854715202004e-14,0,2.6742696404779296,245.1031560991116,4.120000000000001,0.0,244.45963190824668,67.91383649300703,561.5966245003652
F3_seed10_life1_m1.5_selected_recovery_order_up_to_censoring_aware,F3,10,1,1.5,selected_recovery,order_up_to,censoring_aware,lightgbm_gbm_recovered,7,30,36.39977777777778,221.52,159.0450034514276,62.47499654857242,66.08083979888161,188.72606547253136,222.6608005212559,0.7179713048547652,0.2983064274055689,0.2935284498875091,0.4154851668701602,0.0,0.0,29.481519038299425,30.083182692142262,0,205,0.4666666666666666,1.1701048718838456,29.86692857142853,34.94743862963535,1.1102230246251563e-16,-2.842170943040401e-14,0,2.8819839193476176,222.6608005212559,4.1000000000000005,0.0,312.3749827428621,66.08083979888161,605.2166230629997
F3_seed10_life1_m1.5_selected_recovery_age_aware_censoring_aware,F3,10,1,1.5,selected_recovery,age_aware,censoring_aware,lightgbm_gbm_recovered,7,30,36.39977777777778,221.52,173.90281872326398,47.617181276736034,69.35294440698338,206.8559853524696,247.79878050304035,0.7850434214665221,0.3130775749683251,0.2851029859047963,0.3988028768949772,0.0,0.0,35.98681954050996,36.72124442909179,0,204,0.4571428571428571,0.2518161759829258,29.86692857142853,7.520975741212322,0.0,-1.4210854715202004e-14,0,2.6634172918747807,247.79878050304035,4.08,0.0,238.08590638368017,69.35294440698338,559.3176312937039
F3_seed11_life1_m1.5_raw_order_up_to_censoring_aware,F3,11,1,1.5,raw,order_up_to,censoring_aware,lightgbm_raw,7,30,36.39977777777778,221.52,157.36631733606936,64.15368266393064,64.21399893745104,185.1805384957426,218.2396265056142,0.7103932707478755,0.2898790128992914,0.2898001050697336,0.4080542775892537,0.0,0.0,28.694295479759308,29.279893346693168,0,202,0.4904761904761904,0.9036933198025364,29.86692857142853,26.990543833019483,1.1102230246251563e-16,0.0,0,2.891723994108183,218.2396265056142,4.040000000000001,0.0,320.76841331965323,64.21399893745104,607.2620387627185
F3_seed11_life1_m1.5_raw_age_aware_censoring_aware,F3,11,1,1.5,raw,age_aware,censoring_aware,lightgbm_raw,7,30,36.39977777777778,221.52,172.17839359765628,49.34160640234376,68.92641300980279,204.70502882968128,245.57812088421727,0.7772589093429771,0.3111520991775135,0.2858773907482539,0.4003197588825745,0.0,0.0,35.961529636851665,36.695438404950686,0,202,0.4523809523809523,0.0865215403693845,29.86692857142853,2.5841326661023776,8.890457814381136e-18,0.0,0,2.691678885265424,245.57812088421727,4.040000000000001,0.0,246.7080320117188,68.92641300980279,565.252565905739
F3_seed11_life1_m1.5_selected_recovery_order_up_to_censoring_aware,F3,11,1,1.5,selected_recovery,order_up_to,censoring_aware,lightgbm_gbm_recovered,7,30,36.39977777777778,221.52,158.12650017616178,63.3934998238382,66.17536806379503,187.90209046217905,220.6190720602134,0.71382493759553,0.2987331530507179,0.2950281626410753,0.4184963809992124,0.0,0.0,28.30460015683007,28.882245057989856,0,202,0.4809523809523809,1.0843473982068703,29.86692857142853,32.386126288858975,1.1102230246251563e-16,1.4210854715202004e-14,0,2.89429494877714,220.6190720602134,4.040000000000001,0.0,316.967499119191,66.17536806379503,607.8019392431994
F3_seed11_life1_m1.5_selected_recovery_age_aware_censoring_aware,F3,11,1,1.5,selected_recovery,age_aware,censoring_aware,lightgbm_gbm_recovered,7,30,36.39977777777778,221.52,173.1778070363336,48.34219296366639,70.44676265249936,207.2247919110552,248.02532668672163,0.7817705265273275,0.3180153604753492,0.289161157852333,0.4067886287399358,0.0,0.0,35.84002824193199,36.571457389726525,0,201,0.4476190476190476,0.1317230508885518,29.86692857142853,3.9341629520990247,1.1102230246251563e-16,2.842170943040401e-14,0,2.686681210274062,248.02532668672163,4.0200000000000005,0.0,241.71096481833192,70.44676265249936,564.203054157553
F3_seed12_life1_m1.5_raw_order_up_to_censoring_aware,F3,12,1,1.5,raw,order_up_to,censoring_aware,lightgbm_raw,7,30,36.39977777777778,221.52,148.99084282980525,72.52915717019475,68.67540338645499,181.2664684384825,218.8923696874027,0.6725841586755383,0.3100189752006816,0.3155078225505997,0.4609370756087611,0.0,0.0,33.24805385517218,33.926585566502226,0,202,0.4857142857142857,0.7322919366167201,29.86692857142853,21.87131096436465,1.1102230246251563e-16,1.4210854715202004e-14,0,3.1154931377372925,218.8923696874027,4.040000000000001,0.0,362.64578585097377,68.67540338645499,654.2535589248314
F3_seed12_life1_m1.5_raw_age_aware_censoring_aware,F3,12,1,1.5,raw,age_aware,censoring_aware,lightgbm_raw,7,30,36.39977777777778,221.52,168.5928055087522,52.92719449124778,65.34166606931362,197.53469380028804,238.36110268596863,0.7610726142504162,0.2949696012518672,0.2793161077481844,0.3875709041802588,0.0,0.0,36.05918683196124,36.795088604042085,0,201,0.4523809523809523,0.2973803710651292,29.86692857142853,8.881838301147129,0.0,0.0,0,2.725517815292958,238.36110268596863,4.0200000000000005,0.0,264.63597245623896,65.34166606931362,572.3587412115212
F3_seed12_life1_m1.5_selected_recovery_order_up_to_censoring_aware,F3,12,1,1.5,selected_recovery,order_up_to,censoring_aware,lightgbm_gbm_recovered,7,30,36.39977777777778,221.52,149.614510017598,71.90548998240197,70.71385805180395,183.92859029162415,221.4533908852875,0.6753995576814645,0.3192210999088297,0.3209475868741947,0.472640374543127,0.0,0.0,33.09573277595756,33.77115589383425,0,204,0.4761904761904761,0.9435243946341056,29.86692857142853,28.180175699937177,1.6653345369377348e-16,0.0,0,3.122736661186197,221.4533908852875,4.08,0.0,359.5274499120099,70.71385805180395,655.7746988491015
F3_seed12_life1_m1.5_selected_recovery_age_aware_censoring_aware,F3,12,1,1.5,selected_recovery,age_aware,censoring_aware,lightgbm_gbm_recovered,7,30,36.39977777777778,221.52,169.96592202888036,51.55407797111968,66.79495486656427,200.36109911766687,241.14488676097903,0.7672712262047687,0.301530132117029,0.2821198998011035,0.3929902775170105,0.0,0.0,35.96088990809258,36.69478562050264,0,202,0.4428571428571428,0.4239492537614856,29.86692857142853,12.662062080004723,3.469446951953615e-17,2.842170943040401e-14,0,2.713096340395912,241.14488676097903,4.040000000000001,0.0,257.77038985559835,66.79495486656427,569.7502314831415
F3_seed13_life1_m1.5_raw_order_up_to_censoring_aware,F3,13,1,1.5,raw,order_up_to,censoring_aware,lightgbm_raw,7,30,36.39977777777778,221.52,157.7522152720062,63.7677847279938,64.69849775987626,186.05093525410467,218.51745569440112,0.7121353163236106,0.2920661690135259,0.2908441914079341,0.4101273484389368,0.0,0.0,28.09617132640844,28.6695625779678,0,204,0.519047619047619,1.8639100008970544,29.86692857142853,55.66926686036362,1.1102230246251563e-16,0.0,0,2.8863565575916503,218.51745569440112,4.08,0.0,318.838923639969,64.69849775987626,606.1348770942466
F3_seed13_life1_m1.5_raw_age_aware_censoring_aware,F3,13,1,1.5,raw,age_aware,censoring_aware,lightgbm_raw,7,30,36.39977777777778,221.52,175.7830703797208,45.736929620279184,66.59271255674115,205.97600515868416,246.9016982179424,0.79353137585645,0.3006171567205722,0.2747498605262812,0.3788346193571983,0.0,0.0,35.987659094899385,36.72210111724427,0,202,0.4523809523809523,0.3021004814970533,29.86692857142853,9.02281350226666,0.0,1.4210854715202004e-14,0,2.601043137505141,246.9016982179424,4.040000000000001,0.0,228.6846481013959,66.59271255674115,546.2190588760795
F3_seed13_life1_m1.5_selected_recovery_order_up_to_censoring_aware,F3,13,1,1.5,selected_recovery,order_up_to,censoring_aware,lightgbm_gbm_recovered,7,30,36.39977777777778,221.52,158.2232584881123,63.29674151188772,66.74646427088483,188.56994498121932,220.76847630232345,0.71426173026414,0.3013112327143591,0.296690876675828,0.4218498905197282,0.0,0.0,27.783161795057644,28.3501650969976,0,205,0.5,2.1462617310899117,29.86692857142853,64.10224581805294,1.1102230246251563e-16,1.4210854715202004e-14,0,2.8957078482506997,220.76847630232345,4.1000000000000005,0.0,316.4837075594385,66.74646427088483,608.0986481326469
F3_seed13_life1_m1.5_selected_recovery_age_aware_censoring_aware,F3,13,1,1.5,selected_recovery,age_aware,censoring_aware,lightgbm_gbm_recovered,7,30,36.39977777777778,221.52,176.73435655515718,44.785643444842805,68.3661737450429,208.70075252242228,249.5579918379369,0.7978257338170693,0.3086230306294822,0.2789311539281769,0.3868301278688076,0.0,0.0,35.86607947875585,36.59804028444475,0,204,0.4476190476190476,0.4242784156325838,29.86692857142853,12.671893134097251,1.1102230246251563e-16,-1.4210854715202004e-14,0,2.59967801336759,249.5579918379369,4.08,0.0,223.92821722421405,68.3661737450429,545.9323828071939
F3_seed14_life1_m1.5_raw_order_up_to_censoring_aware,F3,14,1,1.5,raw,order_up_to,censoring_aware,lightgbm_raw,7,30,36.39977777777778,221.52,147.78310166914792,73.73689833085209,74.9228081474049,186.30613203877505,214.84378131425436,0.6671320949311481,0.3382214163389532,0.3364203860109517,0.5069781815456796,0.0,0.0,24.24077364919417,24.73548331550426,0,203,0.5,2.648471369617931,29.86692857142853,79.10170521985225,1.1102230246251563e-16,0.0,0,3.154814671980569,214.84378131425436,4.0600000000000005,0.0,368.6844916542604,74.9228081474049,662.5110811159195
F3_seed14_life1_m1.5_raw_age_aware_censoring_aware,F3,14,1,1.5,raw,age_aware,censoring_aware,lightgbm_raw,7,30,36.39977777777778,221.52,168.874912890734,52.64508710926601,68.18076806690283,200.655903179859,241.5530862620437,0.7623461217530427,0.3077860602514573,0.2876149932010578,0.4037353263419142,0.0,0.0,36.066121356943846,36.8021646499427,0,204,0.4476190476190476,0.2407453928566104,29.86692857142853,7.190325452348886,0.0,-5.684341886080802e-14,0,2.7478061422632214,241.5530862620437,4.08,0.0,263.22543554633006,68.18076806690283,577.0392898752765
F3_seed14_life1_m1.5_selected_recovery_order_up_to_censoring_aware,F3,14,1,1.5,selected_recovery,order_up_to,censoring_aware,lightgbm_gbm_recovered,7,30,36.39977777777778,221.52,150.08953599685117,71.43046400314881,75.43792150920589,189.1276797282793,217.64054578179,0.6775439508705813,0.3405467745991598,0.3344955081896395,0.5026194598322201,0.0,0.0,24.160055137874895,24.653117487627448,0,203,0.4857142857142857,2.7350759134655336,29.86692857142853,81.68831694490974,1.1102230246251563e-16,2.842170943040401e-14,0,3.1156704157463806,217.64054578179,4.0600000000000005,0.0,357.15232001574407,75.43792150920589,654.29078730674
F3_seed14_life1_m1.5_selected_recovery_age_aware_censoring_aware,F3,14,1,1.5,selected_recovery,age_aware,censoring_aware,lightgbm_gbm_recovered,7,30,36.39977777777778,221.52,170.03829101299004,51.48170898700994,69.83157347528615,203.4700867104984,244.29578436429895,0.7675979189824397,0.3152382334565102,0.2911227453446917,0.4106814592129214,0.0,0.0,35.939781966514566,36.673246904606714,0,207,0.4523809523809523,0.3435569101687857,29.86692857142853,10.260989696231814,1.1102230246251563e-16,0.0,0,2.7413138227363563,244.29578436429895,4.140000000000001,0.0,257.4085449350497,69.83157347528615,575.6759027746348
F3_seed15_life1_m1.5_raw_order_up_to_censoring_aware,F3,15,1,1.5,raw,order_up_to,censoring_aware,lightgbm_raw,7,30,36.39977777777778,221.52,155.1118062104984,66.40819378950161,61.73770763906648,180.44973607178707,215.6796241623549,0.7002158099065475,0.2787003775689169,0.2847030022944658,0.3980206868024202,0.0,0.0,30.91629560732076,31.547240415633432,0,207,0.5285714285714285,0.9506985889567744,29.86692857142853,28.39444684932988,1.5959455978986623e-16,-2.131628207280301e-14,0,2.9218966702329974,215.6796241623549,4.140000000000001,0.0,332.0409689475081,61.73770763906648,613.5983007489294
F3_seed15_life1_m1.5_raw_age_aware_censoring_aware,F3,15,1,1.5,raw,age_aware,censoring_aware,lightgbm_raw,7,30,36.39977777777778,221.52,168.52648297930193,52.99351702069806,66.77370633641458,198.90041153793877,239.73476343221037,0.7607732167718578,0.3014342106194229,0.2837809290787278,0.3962208500168818,0.0,0.0,36.03965662562739,36.775159822068765,0,208,0.4619047619047619,0.1771017150575418,29.86692857142853,5.289484273501092,1.942890293094024e-16,1.4210854715202004e-14,0,2.741124070819597,239.73476343221037,4.16,0.0,264.9675851034903,66.77370633641458,575.6360548721153
F3_seed15_life1_m1.5_selected_recovery_order_up_to_censoring_aware,F3,15,1,1.5,selected_recovery,order_up_to,censoring_aware,lightgbm_gbm_recovered,7,30,36.39977777777778,221.52,155.71229293892475,65.80770706107525,63.56340103619757,182.87591619734448,218.3394317949368,0.702926566174272,0.2869420415140735,0.2898789185608921,0.408210551887057,0.0,0.0,31.096726961693506,31.7313540425444,0,208,0.5142857142857142,1.0362130522439894,29.86692857142853,30.948501216153176,1.1102230246251563e-16,-2.131628207280301e-14,0,2.929054133983384,218.3394317949368,4.16,0.0,329.0385353053763,63.56340103619757,615.1013681365107
F3_seed15_life1_m1.5_selected_recovery_age_aware_censoring_aware,F3,15,1,1.5,selected_recovery,age_aware,censoring_aware,lightgbm_gbm_recovered,7,30,36.39977777777778,221.52,169.51509889501662,52.00490110498338,67.89116166332838,201.00648278056724,241.7647206838916,0.765236091075373,0.3064787001775387,0.2859703931297272,0.4005021505805476,0.0,0.0,35.92294348964657,36.65606478535364,0,207,0.4523809523809523,0.2289288396659105,29.86692857142853,6.837401302241765,1.3877787807814454e-16,2.842170943040401e-14,0,2.7324780374863664,241.7647206838916,4.140000000000001,0.0,260.0245055249169,67.89116166332838,573.820387872137
F3_seed16_life1_m1.5_raw_order_up_to_censoring_aware,F3,16,1,1.5,raw,order_up_to,censoring_aware,lightgbm_raw,7,30,36.39977777777778,221.52,149.6065928534271,71.91340714657294,63.62617827954861,176.83299335519789,213.82611189781076,0.6753638175037338,0.2872254346314039,0.2983883665793107,0.4252899358645551,0.0,0.0,32.71659630465663,33.38428194352718,0,198,0.5095238095238094,1.5171156716682508,29.86692857142853,45.31158540031047,1.1102230246251563e-16,-2.842170943040401e-14,0,3.052282504334401,213.82611189781076,3.96,0.0,359.5670357328647,63.62617827954861,640.9793259102241
F3_seed16_life1_m1.5_raw_age_aware_censoring_aware,F3,16,1,1.5,raw,age_aware,censoring_aware,lightgbm_raw,7,30,36.39977777777778,221.52,163.16991848110283,58.35008151889711,62.230831688710765,189.00097239203583,229.85455523253128,0.7365922647214826,0.2809264702451732,0.2760897274823928,0.3813866689889771,0.0,0.0,36.256491735844776,36.99642013861712,0,199,0.4714285714285714,0.2372394591571926,29.86692857142853,7.08561398097221,2.0816681711721685e-17,2.842170943040401e-14,0,2.799122831027274,229.85455523253128,3.98,0.0,291.7504075944856,62.230831688710765,587.8157945157276
F3_seed16_life1_m1.5_selected_recovery_order_up_to_censoring_aware,F3,16,1,1.5,selected_recovery,order_up_to,censoring_aware,lightgbm_gbm_recovered,7,30,36.39977777777778,221.52,149.4211646545802,72.09883534541984,66.14382723525478,179.1652141120572,216.14760596640065,0.6745267454612685,0.2985907693899186,0.3068393743129577,0.4426670571612846,0.0,0.0,32.65943973501542,33.32595891328104,0,197,0.5047619047619047,1.785657785658142,29.86692857142853,53.33211353726697,1.1102230246251563e-16,0.0,0,3.079645761565498,216.14760596640065,3.94,0.0,360.4941767270992,66.14382723525478,646.7256099287546
F3_seed16_life1_m1.5_selected_recovery_age_aware_censoring_aware,F3,16,1,1.5,selected_recovery,age_aware,censoring_aware,lightgbm_gbm_recovered,7,30,36.39977777777778,221.52,163.765041228429,57.75495877157099,63.33691106074801,190.70217451139925,231.53658973223511,0.7392788065566495,0.2859196057274648,0.2788919708629314,0.3867547712603815,0.0,0.0,36.20368342619119,36.94253410835835,0,195,0.4714285714285714,0.2727546622266021,29.86692857142853,8.146344014246043,1.1102230246251563e-16,2.842170943040401e-14,0,2.797849022146848,231.53658973223511,3.9,0.0,288.77479385785495,63.33691106074801,587.548294650838
F3_seed17_life1_m1.5_raw_order_up_to_censoring_aware,F3,17,1,1.5,raw,order_up_to,censoring_aware,lightgbm_raw,7,30,36.39977777777778,221.52,151.94132996541387,69.57867003458614,70.70665784982565,186.2482100374617,215.94384602430577,0.6859034397138583,0.319188596288487,0.3175715107225685,0.4653550016043723,0.0,0.0,25.37675906635794,25.894652108528508,0,204,0.5095238095238094,1.3590516302601563,29.86692857142853,40.59069796586359,1.249000902703301e-16,-1.4210854715202004e-14,0,3.0410659716526767,215.94384602430577,4.08,0.0,347.8933501729307,70.70665784982565,638.6238540470622
F3_seed17_life1_m1.5_raw_age_aware_censoring_aware,F3,17,1,1.5,raw,age_aware,censoring_aware,lightgbm_raw,7,30,36.39977777777778,221.52,166.97540638033144,54.544593619668575,68.85873245917296,199.43436106172663,240.21644226535733,0.7537712458483724,0.3108465712313694,0.2919794937154301,0.4123884705651121,0.0,0.0,35.97775235832355,36.711992202370965,0,200,0.4571428571428571,0.1321374522841601,29.86692857142853,3.9465398489815584,4.163336342344337e-17,2.842170943040401e-14,0,2.789514965823205,240.21644226535733,4.0,0.0,272.72296809834285,68.85873245917296,585.7981428228732
F3_seed17_life1_m1.5_selected_recovery_order_up_to_censoring_aware,F3,17,1,1.5,selected_recovery,order_up_to,censoring_aware,lightgbm_gbm_recovered,7,30,36.39977777777778,221.52,152.9596010563255,68.5603989436745,72.01266199582615,188.5724852743739,218.5631390167545,0.6905001853391364,0.3250842451960371,0.3200957354424292,0.4707953047635654,0.0,0.0,25.6193909620455,26.142235675556638,0,204,0.4904761904761904,1.4395258571254812,29.86692857142853,42.99421595149119,1.1102230246251563e-16,1.4210854715202004e-14,0,3.035513313004538,218.5631390167545,4.08,0.0,342.80199471837244,72.01266199582615,637.4577957309531
F3_seed17_life1_m1.5_selected_recovery_age_aware_censoring_aware,F3,17,1,1.5,selected_recovery,age_aware,censoring_aware,lightgbm_gbm_recovered,7,30,36.39977777777778,221.52,167.92179748101216,53.598202518987854,70.42128198643684,201.9433016896712,242.64568593413665,0.7580435061439696,0.317900333994388,0.2954618281503508,0.4193695103484094,0.0,0.0,35.849470525782664,36.581092373247614,0,203,0.4619047619047619,0.1717730856576024,29.86692857142853,5.1303344798294885,1.1102230246251563e-16,0.0,0,2.7862760976929186,242.64568593413665,4.0600000000000005,0.0,267.99101259493926,70.42128198643684,585.1179805155128
F3_seed18_life1_m1.5_raw_order_up_to_censoring_aware,F3,18,1,1.5,raw,order_up_to,censoring_aware,lightgbm_raw,7,30,36.39977777777778,221.52,154.01054946837033,67.50945053162967,65.56312723914009,183.17389892973264,212.47576750397195,0.6952444450540372,0.2959693356768693,0.2985928378221556,0.425705430345244,0.0,0.0,25.052353224159877,25.563625738938647,0,201,0.519047619047619,0.6485868461103437,29.86692857142853,19.37129700514575,2.2204460492503126e-16,1.4210854715202004e-14,0,2.9505054638155257,212.47576750397195,4.0200000000000005,0.0,337.54725265814835,65.56312723914009,619.6061474012604
F3_seed18_life1_m1.5_raw_age_aware_censoring_aware,F3,18,1,1.5,raw,age_aware,censoring_aware,lightgbm_raw,7,30,36.39977777777778,221.52,167.73100378772878,53.78899621227124,66.1008505217494,197.4320765317004,238.1563137748965,0.7571822128373455,0.2983967611129893,0.2826853968076754,0.3940884453622123,0.0,0.0,35.96111096769816,36.695011191528735,0,199,0.4571428571428571,0.5610294008768859,29.86692857142853,16.756225042461296,1.1102230246251563e-16,1.4210854715202004e-14,0,2.748486406466677,238.1563137748965,3.98,0.0,268.94498106135615,66.1008505217494,577.1821453580021
F3_seed18_life1_m1.5_selected_recovery_order_up_to_censoring_aware,F3,18,1,1.5,selected_recovery,order_up_to,censoring_aware,lightgbm_gbm_recovered,7,30,36.39977777777778,221.52,154.6090194837205,66.91098051627952,67.35113133602266,185.56037304196536,214.50770125613985,0.6979460973443504,0.3040408601301131,0.3034379418435312,0.4356222655115821,0.0,0.0,24.657174189051705,25.16038182556296,0,203,0.5047619047619047,0.8017141467022997,29.86692857142853,23.944739154261367,1.1102230246251563e-16,2.842170943040401e-14,0,2.9546368341598095,214.50770125613985,4.0600000000000005,0.0,334.5549025813976,67.35113133602266,620.47373517356
F3_seed18_life1_m1.5_selected_recovery_age_aware_censoring_aware,F3,18,1,1.5,selected_recovery,age_aware,censoring_aware,lightgbm_gbm_recovered,7,30,36.39977777777778,221.52,168.521658197058,52.998341802942015,68.16378782123151,200.28566824051168,240.9445025984039,0.7607514364258668,0.3077094069214134,0.2879931528023242,0.4044808753396273,0.0,0.0,35.839944305924085,36.57137174073888,0,201,0.4571428571428571,0.6484603469016765,29.86692857142853,19.367518862316143,1.1102230246251563e-16,-1.4210854715202004e-14,0,2.7529523782587884,240.9445025984039,4.0200000000000005,0.0,264.99170901471007,68.16378782123151,578.1199994343456
F3_seed19_life1_m1.5_raw_order_up_to_censoring_aware,F3,19,1,1.5,raw,order_up_to,censoring_aware,lightgbm_raw,7,30,36.39977777777778,221.52,154.51223682209223,67.00776317790776,64.30211798805892,182.41457703237336,218.46731416283396,0.6975091947548404,0.2902768056521258,0.2938660859057855,0.4161619772684889,0.0,0.0,31.68339084720386,32.3299906604121,0,205,0.5142857142857142,0.5651811240597597,29.86692857142853,16.880224262212533,1.1102230246251563e-16,1.4210854715202004e-14,0,2.9614678478115795,218.46731416283396,4.1000000000000005,0.0,335.0388158895388,64.30211798805892,621.9082480404317
F3_seed19_life1_m1.5_raw_age_aware_censoring_aware,F3,19,1,1.5,raw,age_aware,censoring_aware,lightgbm_raw,7,30,36.39977777777778,221.52,169.2973027937947,52.22269720620531,65.81829538686958,198.7158204028865,239.52909031887464,0.7642529017415794,0.297121232335092,0.2799401481491432,0.3887734435263668,0.0,0.0,36.02268810961061,36.757845009806736,0,204,0.4666666666666666,0.4395496195736687,29.86692857142853,13.12799709140535,1.1102230246251563e-16,0.0,0,2.7168612939846226,239.52909031887464,4.08,0.0,261.1134860310265,65.81829538686958,570.5408717367707
F3_seed19_life1_m1.5_selected_recovery_order_up_to_censoring_aware,F3,19,1,1.5,selected_recovery,order_up_to,censoring_aware,lightgbm_gbm_recovered,7,30,36.39977777777778,221.52,155.41240064750767,66.10759935249233,65.94666939331509,184.95929226304497,220.68900951967,0.701572772876073,0.2977007466292664,0.2979171776478519,0.4243333808534967,0.0,0.0,31.315937066231644,31.955037822685348,0,204,0.5047619047619047,0.7091422186383739,29.86692857142853,21.17989999105667,1.1102230246251563e-16,0.0,0,2.9583508365497466,220.68900951967,4.08,0.0,330.53799676246166,65.94666939331509,621.2536756754467
F3_seed19_life1_m1.5_selected_recovery_age_aware_censoring_aware,F3,19,1,1.5,selected_recovery,age_aware,censoring_aware,lightgbm_gbm_recovered,7,30,36.39977777777778,221.52,170.60048732703194,50.91951267296804,67.31412189853216,201.5148314477864,242.256096658894,0.7701358221697,0.3038737897189065,0.2829339573456475,0.394571685891463,0.0,0.0,35.89614327792978,36.62871763054059,0,203,0.4666666666666666,0.5712954773452192,29.86692857142853,17.062841215049833,1.1102230246251563e-16,5.684341886080802e-14,0,2.7058465805822207,242.256096658894,4.0600000000000005,0.0,254.5975633648402,67.31412189853216,568.2277819222663
F3_seed20_life1_m1.5_raw_order_up_to_censoring_aware,F3,20,1,1.5,raw,order_up_to,censoring_aware,lightgbm_raw,7,30,36.39977777777778,221.52,151.86815534314744,69.65184465685257,65.76683183946678,181.2352094048364,214.22757147074395,0.685573110071991,0.2968889122402798,0.3021886907562469,0.4330521542904504,0.0,0.0,28.707810636492628,29.293684322951663,0,201,0.4809523809523809,1.5043384106978035,29.86692857142853,44.92996785956762,1.1102230246251563e-16,-1.4210854715202004e-14,0,3.0108267933070167,214.22757147074395,4.0200000000000005,0.0,348.2592232842629,65.76683183946678,632.2736265944736
F3_seed20_life1_m1.5_raw_age_aware_censoring_aware,F3,20,1,1.5,raw,age_aware,censoring_aware,lightgbm_raw,7,30,36.39977777777778,221.52,167.93033651211067,53.58966348788934,63.41453995172153,194.9450986860544,235.8662297453029,0.7580820535938546,0.2862700431190029,0.2741125756534123,0.3776240866828028,0.0,0.0,36.203806464342414,36.94265965749226,0,201,0.4666666666666666,0.3565045042395236,29.86692857142853,10.647694563514394,2.775557561562892e-17,-2.131628207280301e-14,0,2.7202337482689103,235.8662297453029,4.0200000000000005,0.0,267.9483174394468,63.41453995172153,571.2490871364712
F3_seed20_life1_m1.5_selected_recovery_order_up_to_censoring_aware,F3,20,1,1.5,selected_recovery,order_up_to,censoring_aware,lightgbm_gbm_recovered,7,30,36.39977777777778,221.52,152.2766764833319,69.24332351666811,68.02338890720283,183.90028761275696,216.6976422244745,0.6874172827886055,0.3070756090068744,0.3087760722477092,0.4467091775190446,0.0,0.0,28.46340176722807,29.044287517579665,0,202,0.4714285714285714,1.7442615370855787,29.86692857142853,52.09573473802512,1.6653345369377348e-16,1.4210854715202004e-14,0,3.0237030891191328,216.6976422244745,4.040000000000001,0.0,346.21661758334056,68.02338890720283,634.9776487150177
F3_seed20_life1_m1.5_selected_recovery_age_aware_censoring_aware,F3,20,1,1.5,selected_recovery,age_aware,censoring_aware,lightgbm_gbm_recovered,7,30,36.39977777777778,221.52,169.06728363092893,52.45271636907106,65.02154834016008,197.6890541933112,238.4300844685528,0.7632145342674654,0.2935245049664142,0.277764418715159,0.3845897736317869,0.0,0.0,35.97242858587047,36.70655978150048,0,201,0.4666666666666666,0.4864599785214658,29.86692857142853,14.52906543135928,1.1102230246251563e-16,0.0,0,2.713024831686039,238.4300844685528,4.0200000000000005,0.0,262.26358184535536,65.02154834016008,569.7352146540682
F3_seed21_life1_m1.5_raw_order_up_to_censoring_aware,F3,21,1,1.5,raw,order_up_to,censoring_aware,lightgbm_raw,7,30,36.39977777777778,221.52,152.28494154464,69.23505845536002,61.865145779128696,177.7503095459909,218.74739902016597,0.6874545934662332,0.2792756671141599,0.2888868575878569,0.4062459830343361,0.0,0.0,36.622141493771736,37.369532136501775,0,200,0.5,0.500244017130202,29.86692857142853,14.940752327912216,1.249000902703301e-16,-1.4210854715202004e-14,0,3.0037516051242608,218.74739902016597,4.0,0.0,346.17529227680006,61.865145779128696,630.7878370760948
F3_seed21_life1_m1.5_raw_age_aware_censoring_aware,F3,21,1,1.5,raw,age_aware,censoring_aware,lightgbm_raw,7,30,36.39977777777778,221.52,165.52379440520198,55.99620559479803,66.26087599103755,195.3848926184617,236.16891954491703,0.7472182846027536,0.2991191585005306,0.285872555237426,0.4003102770157082,0.0,0.0,36.060648535556936,36.79658013832341,0,200,0.4619047619047619,0.4118576070899751,29.86692857142853,12.300921732555764,9.367506770274758e-17,-2.842170943040401e-14,0,2.792432492904499,236.16891954491703,4.0,0.0,279.98102797399014,66.26087599103755,586.4108235099447
F3_seed21_life1_m1.5_selected_recovery_order_up_to_censoring_aware,F3,21,1,1.5,selected_recovery,order_up_to,censoring_aware,lightgbm_gbm_recovered,7,30,36.39977777777778,221.52,152.8967831535238,68.62321684647618,63.597447376500234,180.09445275224624,221.4519385308156,0.6902166086742679,0.2870957357191235,0.2937604721419139,0.4159501989825513,0.0,0.0,36.92844700795305,37.68208878362556,0,201,0.4904761904761904,0.6281578281811921,29.86692857142853,18.761144985871343,1.1102230246251563e-16,-1.4210854715202004e-14,0,3.010407000665223,221.4519385308156,4.0200000000000005,0.0,343.11608423238096,63.597447376500234,632.1854701396968
F3_seed21_life1_m1.5_selected_recovery_age_aware_censoring_aware,F3,21,1,1.5,selected_recovery,age_aware,censoring_aware,lightgbm_gbm_recovered,7,30,36.39977777777778,221.52,166.6877406627164,54.8322593372836,67.87633002758979,198.1642929125284,238.98383556162872,0.7524726465453071,0.3064117462422796,0.289372237733743,0.4072064913575969,0.0,0.0,36.03986593786774,36.77537340598749,0,199,0.4666666666666666,0.5015016126147761,29.86692857142853,14.978312842421742,2.1553939189011826e-16,-1.4210854715202004e-14,0,2.7857212489316026,238.98383556162872,3.98,0.0,274.161296686418,67.87633002758979,585.0014622756365
F3_seed22_life1_m1.5_raw_order_up_to_censoring_aware,F3,22,1,1.5,raw,order_up_to,censoring_aware,lightgbm_raw,7,30,36.39977777777778,221.52,153.46553541322282,68.05446458677716,65.14184449521636,182.20760213066143,215.10026379332723,0.692784107138059,0.2940675536981598,0.2979855690256209,0.4244721417080049,0.0,0.0,28.59065638679929,29.17413917020336,0,206,0.4952380952380952,2.2510221441866523,29.86692857142853,67.23111759312664,1.5959455978986623e-16,2.842170943040401e-14,0,2.97444967248776,215.10026379332723,4.120000000000001,0.0,340.27232293388573,65.14184449521636,624.6344312224295
F3_seed22_life1_m1.5_raw_age_aware_censoring_aware,F3,22,1,1.5,raw,age_aware,censoring_aware,lightgbm_raw,7,30,36.39977777777778,221.52,168.61644487004304,52.90355512995697,66.1222893175652,198.33895640983047,239.1640523633576,0.7611793285935493,0.2984935415202474,0.2816846122409386,0.3921461478358609,0.0,0.0,36.04181490625996,36.77736214924485,0,205,0.4666666666666666,0.1256308555380308,29.86692857142853,3.752207788721824,1.1102230246251563e-16,1.4210854715202004e-14,0,2.7328767491938466,239.1640523633576,4.1000000000000005,0.0,264.5177756497849,66.1222893175652,573.9041173307077
F3_seed22_life1_m1.5_selected_recovery_order_up_to_censoring_aware,F3,22,1,1.5,selected_recovery,order_up_to,censoring_aware,lightgbm_gbm_recovered,7,30,36.39977777777778,221.52,154.28078305505304,67.23921694494696,67.08062453052784,184.96162980780312,217.98899989485392,0.6964643510972058,0.3028197207048025,0.3030366732041748,0.4347957224626674,0.0,0.0,28.667590089153716,29.25264294811603,0,207,0.4904761904761904,2.4070475387803087,29.86692857142853,71.89111690878434,1.1102230246251563e-16,2.842170943040401e-14,0,2.9781224245243645,217.98899989485392,4.140000000000001,0.0,336.1960847247348,67.08062453052784,625.4057091501165
F3_seed22_life1_m1.5_selected_recovery_age_aware_censoring_aware,F3,22,1,1.5,selected_recovery,age_aware,censoring_aware,lightgbm_gbm_recovered,7,30,36.39977777777778,221.52,169.979532443624,51.540467556375994,67.49470901842818,201.07446368427443,241.83131786796795,0.7673326672247383,0.3046890078477256,0.2842190740472948,0.3970755069632498,0.0,0.0,35.920227826334134,36.65329370034095,0,207,0.4619047619047619,0.1802281242289018,29.86692857142853,5.38286051290716,1.1102230246251563e-16,2.842170943040401e-14,0,2.71984935556322,241.83131786796795,4.140000000000001,0.0,257.70233778188,67.49470901842818,571.1683646682761
F3_seed23_life1_m1.5_raw_order_up_to_censoring_aware,F3,23,1,1.5,raw,order_up_to,censoring_aware,lightgbm_raw,7,30,36.39977777777778,221.52,159.62349360108666,61.89650639891333,59.010150248701166,182.23386607201007,212.80671360263548,0.7205827627351331,0.2663874604943173,0.2699042526558449,0.3696833650074893,0.0,0.0,26.3167132585727,26.853789039359896,0,205,0.5,1.2399234578559826,29.86692857142853,37.03270534982331,1.1102230246251563e-16,2.842170943040401e-14,0,2.7876161706947777,212.80671360263548,4.1000000000000005,0.0,309.48253199456667,59.010150248701166,585.3993958459033
F3_seed23_life1_m1.5_raw_age_aware_censoring_aware,F3,23,1,1.5,raw,age_aware,censoring_aware,lightgbm_raw,7,30,36.39977777777778,221.52,169.46591778170028,52.05408221829971,67.46984094171694,200.5359809456395,241.462033630794,0.7650140744930493,0.3045767467574798,0.284760060301732,0.3981322133966139,0.0,0.0,36.096812012538734,36.83348164544768,0,204,0.4666666666666666,0.1189891851324242,29.86692857142853,3.553841493122602,9.020562075079397e-17,2.842170943040401e-14,0,2.7299156460190925,241.462033630794,4.08,0.0,260.27041109149854,67.46984094171694,573.2822856640095
F3_seed23_life1_m1.5_selected_recovery_order_up_to_censoring_aware,F3,23,1,1.5,selected_recovery,order_up_to,censoring_aware,lightgbm_gbm_recovered,7,30,36.39977777777778,221.52,159.699072733693,61.82092726630701,61.160343022064346,184.45963797797955,214.76055334682852,0.7209239469740566,0.2760940006413161,0.2769197899613208,0.3829724366906787,0.0,0.0,26.005704301912417,26.53643296113512,0,204,0.4809523809523809,1.4164964100352615,29.86692857142853,42.3063971002081,1.1102230246251563e-16,-4.9737991503207007e-14,0,2.8052644414306087,214.76055334682852,4.08,0.0,309.10463633153506,61.160343022064346,589.105532700428
F3_seed23_life1_m1.5_selected_recovery_age_aware_censoring_aware,F3,23,1,1.5,selected_recovery,age_aware,censoring_aware,lightgbm_gbm_recovered,7,30,36.39977777777778,221.52,170.06463983258158,51.45536016741843,68.78558402943496,202.4504460842387,243.28509345666808,0.767716864538559,0.3105163598295186,0.2879862656908051,0.4044672901853685,0.0,0.0,35.96894550329602,36.70300561560818,0,204,0.4619047619047619,0.193662978939836,29.86692857142853,5.784118358926151,1.1102230246251563e-16,-4.2632564145606005e-14,0,2.730607039634263,243.28509345666808,4.08,0.0,257.2768008370922,68.78558402943496,573.4274783231953
F3_seed24_life1_m1.5_raw_order_up_to_censoring_aware,F3,24,1,1.5,raw,order_up_to,censoring_aware,lightgbm_raw,7,30,36.39977777777778,221.52,144.34790604470015,77.17209395529984,74.17689500270248,182.12502326962488,211.88804391252432,0.6516247112888233,0.3348541666788664,0.3394438281017445,0.5138757951897975,0.0,0.0,25.525259764648975,26.046183433315285,0,199,0.4714285714285714,4.196406915287211,29.86692857142853,125.33378559553188,1.5959455978986623e-16,2.842170943040401e-14,0,3.2185971842463146,211.88804391252432,3.98,0.0,385.8604697764992,74.17689500270248,675.905408691726
F3_seed24_life1_m1.5_raw_age_aware_censoring_aware,F3,24,1,1.5,raw,age_aware,censoring_aware,lightgbm_raw,7,30,36.39977777777778,221.52,166.82514889801774,54.694851101982266,65.29955085336601,195.724921973606,236.4788562704837,0.7530929437433088,0.2947794820032774,0.2813123761637811,0.3914251015791655,0.0,0.0,36.02435717146808,36.7595481341511,0,201,0.4571428571428571,0.2136661190750544,29.86692857142853,6.381550716548993,0.0,0.0,0,2.7584412506369578,236.4788562704837,4.0200000000000005,0.0,273.47425550991136,65.29955085336601,579.2726626337611
F3_seed24_life1_m1.5_selected_recovery_order_up_to_censoring_aware,F3,24,1,1.5,selected_recovery,order_up_to,censoring_aware,lightgbm_gbm_recovered,7,30,36.39977777777778,221.52,145.1490727793136,76.37092722068638,76.20846741718044,184.9577624187163,214.70006895826296,0.65524139030026,0.344025223082252,0.3442777117487478,0.5250358542286298,0.0,0.0,25.44830516038143,25.96765832691983,0,200,0.4619047619047619,4.409280780046601,29.86692857142853,131.69167410902455,1.1102230246251563e-16,2.842170943040401e-14,0,3.222681773708931,214.70006895826296,4.0,0.0,381.854636103432,76.20846741718044,676.7631724788755
F3_seed24_life1_m1.5_selected_recovery_age_aware_censoring_aware,F3,24,1,1.5,selected_recovery,age_aware,censoring_aware,lightgbm_gbm_recovered,7,30,36.39977777777778,221.52,168.1113229770351,53.4086770229649,66.7365220558566,198.44806725511387,239.13205540629423,0.7588990744719895,0.3012663509202627,0.2841691906796496,0.3969781503948616,0.0,0.0,35.90134704305442,36.63402759495349,0,203,0.4571428571428571,0.2398708984432999,29.86692857142853,7.164206990170428,1.1102230246251563e-16,-2.842170943040401e-14,0,2.747485536080835,239.13205540629423,4.0600000000000005,0.0,267.04338511482456,66.7365220558566,576.9719625769753
F3_seed25_life1_m1.5_raw_order_up_to_censoring_aware,F3,25,1,1.5,raw,order_up_to,censoring_aware,lightgbm_raw,7,30,36.39977777777778,221.52,149.83666538255565,71.68333461744436,63.43226307170782,176.8691506764857,216.96589180570567,0.6764024258873043,0.286350049980624,0.2974285261873539,0.4233427306310886,0.0,0.0,35.75742329310596,36.48716662561833,0,202,0.5285714285714285,0.3358562774519968,29.86692857142853,10.030995448924674,1.1102230246251563e-16,1.4210854715202004e-14,0,3.061213466498264,216.96589180570567,4.040000000000001,0.0,358.41667308722185,63.43226307170782,642.8548279646353
F3_seed25_life1_m1.5_raw_age_aware_censoring_aware,F3,25,1,1.5,raw,age_aware,censoring_aware,lightgbm_raw,7,30,36.39977777777778,221.52,163.63347245323564,57.886527546764334,65.93149082602831,193.1651855014862,233.9625694998493,0.7386848702294855,0.297632226553035,0.287201887797761,0.4029217851186938,0.0,0.0,36.11813260836621,36.85523735547572,0,203,0.4761904761904761,0.3055943826597699,29.86692857142853,9.12716559872915,8.326672684688674e-17,4.2632564145606005e-14,0,2.8256509431414263,233.9625694998493,4.0600000000000005,0.0,289.4326377338217,65.93149082602831,593.3866980596995
F3_seed25_life1_m1.5_selected_recovery_order_up_to_censoring_aware,F3,25,1,1.5,selected_recovery,order_up_to,censoring_aware,lightgbm_gbm_recovered,7,30,36.39977777777778,221.52,149.98054596208976,71.53945403791026,65.51604089071667,179.0968090750286,218.9328510937396,0.6770519409628466,0.2957567754185476,0.3040235664403677,0.4368302600210363,0.0,0.0,35.457384996836176,36.18100509881243,0,202,0.519047619047619,0.4415347710576976,29.86692857142853,13.187287468982303,1.1102230246251563e-16,-4.2632564145606005e-14,0,3.0770769627333694,218.9328510937396,4.040000000000001,0.0,357.69727018955126,65.51604089071667,646.1861621740076
F3_seed25_life1_m1.5_selected_recovery_age_aware_censoring_aware,F3,25,1,1.5,selected_recovery,age_aware,censoring_aware,lightgbm_gbm_recovered,7,30,36.39977777777778,221.52,164.498302499645,57.021697500355,67.21028498699256,195.30880970885977,236.07663528896552,0.7425889423060898,0.3034050423753727,0.2900638500973492,0.4085773771868412,0.0,0.0,36.04629287432641,36.781931504414715,0,201,0.4666666666666666,0.3733730401138049,29.86692857142853,11.151505919576133,1.1102230246251563e-16,-1.4210854715202004e-14,0,2.8210257513225385,236.07663528896552,4.0200000000000005,0.0,285.108487501775,67.21028498699256,592.4154077777331
F3_seed26_life1_m1.5_raw_order_up_to_censoring_aware,F3,26,1,1.5,raw,order_up_to,censoring_aware,lightgbm_raw,7,30,36.39977777777778,221.52,150.2752888008858,71.24471119911422,69.21822410665689,183.09373512976487,214.01699375230027,0.6783824882669095,0.3124694118213113,0.3153543045065468,0.4606094898168572,0.0,0.0,26.642918747489347,27.1866517831524,0,201,0.5,2.557063612317932,29.86692857142853,76.37163626169868,1.1102230246251563e-16,-2.842170943040401e-14,0,3.0641846374025152,214.01699375230027,4.0200000000000005,0.0,356.2235559955711,69.21822410665689,643.4787738545282
F3_seed26_life1_m1.5_raw_age_aware_censoring_aware,F3,26,1,1.5,raw,age_aware,censoring_aware,lightgbm_raw,7,30,36.39977777777778,221.52,167.99750065011148,53.52249934988849,63.34970574349353,194.94742861582725,235.7294931595308,0.7583852503165018,0.2859773643169625,0.2738295686860935,0.3770871917638347,0.0,0.0,36.06747468051286,36.80354559236006,0,204,0.4666666666666666,0.2270404839081848,29.86692857142853,6.781001915708327,8.890457814381136e-18,2.842170943040401e-14,0,2.717960455487937,235.7294931595308,4.08,0.0,267.61249674944247,63.34970574349353,570.7716956524667
F3_seed26_life1_m1.5_selected_recovery_order_up_to_censoring_aware,F3,26,1,1.5,selected_recovery,order_up_to,censoring_aware,lightgbm_gbm_recovered,7,30,36.39977777777778,221.52,150.89876385934198,70.62123614065801,70.94069087316358,185.43967695472776,216.2388269469344,0.6811970199500812,0.3202450833927572,0.319783921929956,0.4701210868717909,0.0,0.0,26.47437345326798,27.01466678904896,0,202,0.5,2.82984707581866,29.86692857142853,84.5188404815418,1.1102230246251563e-16,-1.4210854715202004e-14,0,3.068217612016134,216.2388269469344,4.040000000000001,0.0,353.10618070329014,70.94069087316358,644.3256985233882
F3_seed26_life1_m1.5_selected_recovery_age_aware_censoring_aware,F3,26,1,1.5,selected_recovery,age_aware,censoring_aware,lightgbm_gbm_recovered,7,30,36.39977777777778,221.52,168.85617952879915,52.66382047120086,65.12282008787021,197.5792218388916,238.2960080905611,0.7622615543914733,0.2939816724804542,0.2783276285246185,0.3856703395137707,0.0,0.0,35.950866089858245,36.68455723454923,0,205,0.4619047619047619,0.301219306368181,29.86692857142853,8.996495507633712,1.1102230246251563e-16,-4.2632564145606005e-14,0,2.7182758596877887,238.2960080905611,4.1000000000000005,0.0,263.3191023560043,65.12282008787021,570.8379305344356
F3_seed27_life1_m1.5_raw_order_up_to_censoring_aware,F3,27,1,1.5,raw,order_up_to,censoring_aware,lightgbm_raw,7,30,36.39977777777778,221.52,151.1803668209689,70.3396331790311,62.34788170872441,177.12847075191556,215.60136454630344,0.6824682503655151,0.2814548650628584,0.2919889154621819,0.4124072657037413,0.0,0.0,34.16086650346183,34.858027044348816,0,201,0.5142857142857142,0.8958853774496365,29.86692857142853,26.75734457647559,1.1102230246251563e-16,2.131628207280301e-14,0,3.0174638673818257,215.60136454630344,4.0200000000000005,0.0,351.69816589515546,62.34788170872441,633.6674121501834
F3_seed27_life1_m1.5_raw_age_aware_censoring_aware,F3,27,1,1.5,raw,age_aware,censoring_aware,lightgbm_raw,7,30,36.39977777777778,221.52,168.27754615617087,53.24245384382915,57.33104207657503,189.2088104549681,230.10179700466165,0.7596494499646573,0.2588075211112993,0.2541172857188853,0.3406933568152262,0.0,0.0,36.290950609600365,37.03158225469425,0,201,0.4809523809523809,0.4488350327059911,29.86692857142853,13.405323862184629,2.0816681711721683e-16,-1.4210854715202004e-14,0,2.655548134763726,230.10179700466165,4.0200000000000005,0.0,266.2122692191458,57.33104207657503,557.6651083003825
F3_seed27_life1_m1.5_selected_recovery_order_up_to_censoring_aware,F3,27,1,1.5,selected_recovery,order_up_to,censoring_aware,lightgbm_gbm_recovered,7,30,36.39977777777778,221.52,152.5127387971846,69.00726120281541,63.53406044496864,179.64702146437546,217.9875633351352,0.688482930648179,0.2868095903077313,0.2940754534102461,0.4165819914194701,0.0,0.0,33.98079060405704,34.674276126588815,0,203,0.5047619047619047,1.087027578992771,29.86692857142853,32.46617505694998,1.1102230246251563e-16,7.105427357601002e-15,0,3.0029425228294326,217.9875633351352,4.0600000000000005,0.0,345.03630601407707,63.53406044496864,630.6179297941809
F3_seed27_life1_m1.5_selected_recovery_age_aware_censoring_aware,F3,27,1,1.5,selected_recovery,age_aware,censoring_aware,lightgbm_gbm_recovered,7,30,36.39977777777778,221.52,169.37655032119616,52.14344967880383,58.58460140405171,191.5613739474701,232.41669346252797,0.7646106460870177,0.2644664202060839,0.2569937946034827,0.3458837796197594,0.0,0.0,36.20698564580727,36.9459037202115,0,200,0.4761904761904761,0.5273237054387112,29.86692857142853,15.749539444359009,1.1102230246251563e-16,0.0,0,2.646278777431423,232.41669346252797,4.0,0.0,260.7172483940192,58.58460140405171,555.7185432605988
F3_seed28_life1_m1.5_raw_order_up_to_censoring_aware,F3,28,1,1.5,raw,order_up_to,censoring_aware,lightgbm_raw,7,30,36.39977777777778,221.52,151.07074743941226,70.44925256058774,63.143455598489865,177.81442526012432,208.59231758230607,0.681973399419521,0.2850462964901131,0.2947678291309075,0.4179727489851328,0.0,0.0,26.606045970535632,27.149026500546565,0,201,0.5047619047619047,2.4797086014456853,29.86692857142853,74.06127967733524,1.1102230246251563e-16,-1.4210854715202004e-14,0,2.990485885636832,208.59231758230607,4.0200000000000005,0.0,352.2462628029388,63.143455598489865,628.0020359837347
F3_seed28_life1_m1.5_raw_age_aware_censoring_aware,F3,28,1,1.5,raw,age_aware,censoring_aware,lightgbm_raw,7,30,36.39977777777778,221.52,162.9796097034559,58.54039029654409,64.29887959410273,190.8787115197809,231.623584968184,0.7357331604525817,0.2902621866833818,0.2829078976757938,0.3945210061006749,0.0,0.0,36.11240174903944,36.84938953983617,0,202,0.4761904761904761,0.2841551429290038,29.86692857142853,8.486841357064623,6.657001339060997e-17,2.842170943040401e-14,0,2.822211504976224,231.623584968184,4.040000000000001,0.0,292.70195148272046,64.29887959410273,592.6644160450071
F3_seed28_life1_m1.5_selected_recovery_order_up_to_censoring_aware,F3,28,1,1.5,selected_recovery,order_up_to,censoring_aware,lightgbm_gbm_recovered,7,30,36.39977777777778,221.52,151.5469274409018,69.97307255909818,65.11499799971877,180.26214766284284,211.3742273423305,0.6841230021709181,0.2939463615010778,0.3005373365315378,0.4296688761645228,0.0,0.0,26.88459513264104,27.433260339429637,0,200,0.4952380952380952,2.636320976316984,29.86692857142853,78.73881029101808,1.1102230246251563e-16,4.2632564145606005e-14,0,3.001688514940667,211.3742273423305,4.0,0.0,349.86536279549085,65.11499799971877,630.3545881375401
F3_seed28_life1_m1.5_selected_recovery_age_aware_censoring_aware,F3,28,1,1.5,selected_recovery,age_aware,censoring_aware,lightgbm_gbm_recovered,7,30,36.39977777777778,221.52,163.86044538756957,57.659554612430405,65.64880730472821,193.10947491452004,233.90133470575225,0.73970948622052,0.2963561182048041,0.2860399157533893,0.4006385259691739,0.0,0.0,36.113833097117215,36.8508500990992,0,196,0.4666666666666666,0.331806087175878,29.86692857142853,9.910028705247136,1.1102230246251563e-16,4.2632564145606005e-14,0,2.8179424527268218,233.90133470575225,3.92,0.0,288.29777306215203,65.64880730472821,591.7679150726326
F3_seed29_life1_m1.5_raw_order_up_to_censoring_aware,F3,29,1,1.5,raw,order_up_to,censoring_aware,lightgbm_raw,7,30,36.39977777777778,221.52,147.55165082568126,73.96834917431872,61.00754927862474,172.15942232652822,216.84484859489064,0.666087264471295,0.275404249181224,0.2925190988846967,0.4134657181890805,0.0,0.0,40.34852929646464,41.17196866986188,0,204,0.5142857142857142,0.5100974828067503,29.86692857142853,15.235045083454708,1.0408340855860844e-16,0.0,0,3.1036863987862326,216.84484859489064,4.08,0.0,369.8417458715936,61.00754927862474,651.774143745109
F3_seed29_life1_m1.5_raw_age_aware_censoring_aware,F3,29,1,1.5,raw,age_aware,censoring_aware,lightgbm_raw,7,30,36.39977777777778,221.52,167.34423814651143,54.1757618534886,64.79777362264777,195.7422339913814,236.5521187356042,0.7554362502099649,0.2925143265738884,0.2791298874719942,0.3872124570307387,0.0,0.0,36.07884236951071,36.81514527501093,0,206,0.4714285714285714,0.235185759145956,29.86692857142853,7.024276269429464,6.657001339060997e-17,-1.4210854715202004e-14,0,2.7445176267890234,236.5521187356042,4.120000000000001,0.0,270.87880926744293,64.79777362264777,576.348701625695
F3_seed29_life1_m1.5_selected_recovery_order_up_to_censoring_aware,F3,29,1,1.5,selected_recovery,order_up_to,censoring_aware,lightgbm_gbm_recovered,7,30,36.39977777777778,221.52,148.73775372098245,72.78224627901757,62.51210279774893,174.85007874095362,219.36218801370532,0.6714416473500473,0.2821962025900547,0.2959154805021418,0.4202840316858324,0.0,0.0,40.12486551247767,40.943740318854765,0,201,0.5,0.5690841321943385,29.86692857142853,16.996795127381702,1.1102230246251563e-16,2.131628207280301e-14,0,3.094312010507343,219.36218801370532,4.0200000000000005,0.0,363.91123139508784,62.51210279774893,649.805522206542
F3_seed29_life1_m1.5_selected_recovery_age_aware_censoring_aware,F3,29,1,1.5,selected_recovery,age_aware,censoring_aware,lightgbm_gbm_recovered,7,30,36.39977777777778,221.52,168.40234867959916,53.117651320400846,66.31108487930165,198.313655781123,239.14691904309527,0.7602128416377715,0.2993458147314087,0.2825193423053948,0.3937657960190599,0.0,0.0,36.050324881110335,36.786045797051365,0,201,0.4666666666666666,0.2854791177206327,29.86692857142853,8.526384417596576,1.1102230246251563e-16,-1.4210854715202004e-14,0,2.7384107644019102,239.14691904309527,4.0200000000000005,0.0,265.58825660200426,66.31108487930165,575.0662605244012
F3_seed00_life3_m1_raw_order_up_to_censoring_aware,F3,0,3,1.0,raw,order_up_to,censoring_aware,lightgbm_raw,7,30,36.39977777777778,147.68,137.72105537229365,9.958944627706359,10.912454288115214,129.5647824580469,155.51405234551487,0.932564026085412,0.0738925669563597,0.0657517139358507,0.0792359182741969,19.61373118316414,17.331050575415823,22.838988840557683,23.305090653630288,0,208,0.1666666666666666,0.7764620648864335,13.274190476190467,10.306905346838684,4.440892098500625e-16,-7.105427357601002e-15,0,1.059241293078067,155.51405234551487,4.16,2.059441774232235,49.79472313853178,10.912454288115214,222.44067154639407
F3_seed00_life3_m1_raw_age_aware_censoring_aware,F3,0,3,1.0,raw,age_aware,censoring_aware,lightgbm_raw,7,30,36.39977777777778,147.68,143.5968391758855,4.083160824114504,22.427408436674657,160.66847663812965,194.03723049384172,0.9723512945279352,0.1518649000316539,0.1138052828607402,0.156183162285378,33.00798771901004,31.044006803347276,29.48800924583527,30.089805352893134,0,209,0.0523809523809523,5.870337734541758,13.274190476190467,77.92398124787574,8.88178419700125e-16,1.0658141036401504e-14,0,1.1644108655313572,194.03723049384172,4.180000000000001,3.465838710496054,20.41580412057252,22.427408436674657,244.526281761585
F3_seed00_life3_m1_selected_recovery_order_up_to_censoring_aware,F3,0,3,1.0,selected_recovery,order_up_to,censoring_aware,lightgbm_gbm_recovered,7,30,36.39977777777778,147.68,138.14128281543904,9.538717184560976,12.623487889915015,130.58548761903563,156.8059965353698,0.9354095531923012,0.0854786558092836,0.0755964178031956,0.0913809951133896,19.869950903165016,16.220494691459376,23.084388985626767,23.55549896492527,0,209,0.1428571428571428,1.0392321485215628,13.274190476190467,13.794965488455889,4.440892098500625e-16,-1.4210854715202004e-14,0,1.0637591199662957,156.8059965353698,4.180000000000001,2.0863448448323267,47.693585922804886,12.623487889915015,223.3894151929221
F3_seed00_life3_m1_selected_recovery_age_aware_censoring_aware,F3,0,3,1.0,selected_recovery,age_aware,censoring_aware,lightgbm_gbm_recovered,7,30,36.39977777777778,147.68,143.77907890305784,3.900921096942153,24.139228112235777,162.78439582362736,195.803976585144,0.973585312182136,0.1634563117025716,0.1211904925766927,0.1678911027696282,33.749912490843414,31.26586658611152,29.103501229813695,29.697450234503776,0,209,0.0476190476190476,4.985644912088239,13.274190476190467,66.18040020970916,8.88178419700125e-16,1.4210854715202004e-14,0,1.177007385683948,195.803976585144,4.180000000000001,3.5437408115385587,19.504605484710765,24.139228112235777,247.17155099362907
F3_seed01_life3_m1_raw_order_up_to_censoring_aware,F3,1,3,1.0,raw,order_up_to,censoring_aware,lightgbm_raw,7,30,36.39977777777778,147.68,133.24272816404033,14.437271835959674,11.48198319668052,127.01966293468868,151.29230926421627,0.9022394919016816,0.0777490736503285,0.0702608156448342,0.0861734321631766,19.712757315093604,18.694729351745615,21.24680014424325,21.680408310452297,0,208,0.1857142857142857,0.8346343016308255,13.274190476190467,11.079094697809788,4.440892098500625e-16,0.0,0,1.1485261483751426,151.29230926421627,4.16,2.069839518084829,72.18635917979837,11.48198319668052,241.19049115877996
F3_seed01_life3_m1_raw_age_aware_censoring_aware,F3,1,3,1.0,raw,age_aware,censoring_aware,lightgbm_raw,7,30,36.39977777777778,147.68,141.17264334034164,6.507356659658358,23.61562910988348,159.18628926215072,192.11297165156736,0.9559361006252818,0.1599108146660582,0.1207429008992874,0.1672819078194242,31.873820526741152,30.797794589703383,29.08442295638531,29.67798260855644,0,210,0.0666666666666666,6.1740220018278125,13.274190476190467,81.95514405645315,8.88178419700125e-16,1.0658141036401504e-14,0,1.2181530248335737,192.11297165156736,4.200000000000001,3.3467511553078206,32.53678329829179,23.61562910988348,255.8121352150505
F3_seed01_life3_m1_selected_recovery_order_up_to_censoring_aware,F3,1,3,1.0,selected_recovery,order_up_to,censoring_aware,lightgbm_gbm_recovered,7,30,36.39977777777778,147.68,134.04798470130035,13.63201529869964,12.63015540101074,127.75102976722988,152.29747074917978,0.9076922040987292,0.085523804178025,0.0769423896836312,0.0942211509494496,20.01914393170632,17.472667442696565,21.50049156696628,21.93927710914927,0,208,0.1523809523809523,0.8828104436330247,13.274190476190467,11.71859398315498,4.440892098500625e-16,1.0658141036401504e-14,0,1.1397605369357997,152.29747074917978,4.16,2.102010112829163,68.1600764934982,12.63015540101074,239.34971275651787
F3_seed01_life3_m1_selected_recovery_age_aware_censoring_aware,F3,1,3,1.0,selected_recovery,age_aware,censoring_aware,lightgbm_gbm_recovered,7,30,36.39977777777778,147.68,141.6935232883284,5.986476711671603,24.610882840653986,160.4879430419754,193.63628876762093,0.9594631858635456,0.1666500734063785,0.1249995821892049,0.1736909512128789,32.46590327821666,30.5833146907708,29.275619950293088,29.873081581931725,0,210,0.0619047619047619,5.244669734061264,13.274190476190467,69.61874503464044,8.88178419700125e-16,-3.552713678800501e-15,0,1.218040357194503,193.63628876762093,4.200000000000001,3.4089198442127486,29.93238355835801,24.610882840653986,255.78847501084567
F3_seed02_life3_m1_raw_order_up_to_censoring_aware,F3,2,3,1.0,raw,order_up_to,censoring_aware,lightgbm_raw,7,30,36.39977777777778,147.68,135.35866562293768,12.321334377062328,11.668180270465225,128.65726099482558,154.24002410895358,0.9165673457674544,0.0790098880719476,0.0706918066459456,0.0862019451563502,19.377290595743,18.030192879200445,22.497962631948976,22.957104726478548,0,209,0.1714285714285714,0.9379385425503824,13.274190476190467,12.450374868774256,4.440892098500625e-16,1.4210854715202004e-14,0,1.112997579891826,154.24002410895358,4.180000000000001,2.034615512553016,61.60667188531163,11.668180270465225,233.7294917772835
F3_seed02_life3_m1_raw_age_aware_censoring_aware,F3,2,3,1.0,raw,age_aware,censoring_aware,lightgbm_raw,7,30,36.39977777777778,147.68,142.7689479294379,4.9110520705621,24.28283433452177,160.05893474854594,193.9303248963632,0.9667453137150452,0.1644287265338689,0.1236027357721184,0.1700848446857177,32.87960521437979,29.40693026236402,29.992783649889997,30.60488127539795,0,209,0.0666666666666666,6.045030127318724,13.274190476190467,80.24288134433867,8.88178419700125e-16,3.197442310920451e-14,0,1.1923846577676445,193.9303248963632,4.180000000000001,3.4523585475098773,24.5552603528105,24.28283433452177,250.40077813120533
F3_seed02_life3_m1_selected_recovery_order_up_to_censoring_aware,F3,2,3,1.0,selected_recovery,order_up_to,censoring_aware,lightgbm_gbm_recovered,7,30,36.39977777777778,147.68,136.1244887604269,11.555511239573097,12.82364347643422,129.4262201563233,155.17377254147726,0.9217530387352852,0.0868339888707626,0.0773319240420329,0.0942052645575276,19.735014777481148,16.877865697239937,22.64407693432444,23.10620095339228,0,209,0.1476190476190476,1.0915226648662189,13.274190476190467,14.489079762513205,4.440892098500625e-16,1.0658141036401504e-14,0,1.1048911846067262,155.17377254147726,4.180000000000001,2.07217655163552,57.77755619786548,12.82364347643422,232.02714876741248
F3_seed02_life3_m1_selected_recovery_age_aware_censoring_aware,F3,2,3,1.0,selected_recovery,age_aware,censoring_aware,lightgbm_gbm_recovered,7,30,36.39977777777778,147.68,143.3052183884701,4.3747816115299045,25.191037530595462,161.2287421063465,194.91432231581172,0.9703766142231182,0.170578531491031,0.1274666103119415,0.175785905174143,33.52316622715696,29.132263965058705,29.787293763148984,30.39519771749896,0,209,0.0571428571428571,5.1229292368723565,13.274190476190467,68.00273848628875,8.88178419700125e-16,-3.552713678800501e-15,0,1.188948573132896,194.91432231581172,4.180000000000001,3.51993245385148,21.873908057649523,25.191037530595462,249.6792003579082
F3_seed03_life3_m1_raw_order_up_to_censoring_aware,F3,3,3,1.0,raw,order_up_to,censoring_aware,lightgbm_raw,7,30,36.39977777777778,147.68,134.48137356997444,13.198626430025588,11.4506659674699,128.72564500223226,152.74031717410816,0.9106268524510728,0.0775370122390973,0.0693452635862447,0.0851468546423776,20.00261224044587,19.19338324256572,20.95986582839375,21.38761819223852,0,209,0.1809523809523809,0.7912794615334612,13.274190476190467,10.503594292292595,4.440892098500625e-16,-1.0658141036401504e-14,0,1.1260209027473944,152.74031717410816,4.180000000000001,2.100274285246817,65.99313215012793,11.4506659674699,236.46438957695284
F3_seed03_life3_m1_raw_age_aware_censoring_aware,F3,3,3,1.0,raw,age_aware,censoring_aware,lightgbm_raw,7,30,36.39977777777778,147.68,144.19507349073567,3.4849265092643216,24.074267480023625,161.9438214848398,195.24415817915147,0.9764021769416013,0.1630164374324459,0.1213765786721859,0.1669562412724895,32.622813255233844,30.074258291858264,29.395453530728687,29.995360745641523,0,209,0.0666666666666666,5.869208110247976,13.274190476190467,77.90898639983352,8.88178419700125e-16,2.131628207280301e-14,0,1.16356406474903,195.24415817915147,4.180000000000001,3.425395391799554,17.424632546321604,24.074267480023625,244.3484535972963
F3_seed03_life3_m1_selected_recovery_order_up_to_censoring_aware,F3,3,3,1.0,selected_recovery,order_up_to,censoring_aware,lightgbm_gbm_recovered,7,30,36.39977777777778,147.68,135.0396563055354,12.640343694464573,12.528996305643242,129.58809541005596,153.50967549753412,0.9144072068359655,0.0848388157207695,0.0754813955081241,0.0927801258416685,20.31775185008613,18.41922057665507,20.85138657752745,21.27692507910964,0,210,0.1714285714285714,0.9665529302468044,13.274190476190467,12.830207701416125,4.440892098500625e-16,2.842170943040401e-14,0,1.1217797819988535,153.50967549753412,4.200000000000001,2.133363944259043,63.201718472322845,12.528996305643242,235.5737542197592
F3_seed03_life3_m1_selected_recovery_age_aware_censoring_aware,F3,3,3,1.0,selected_recovery,age_aware,censoring_aware,lightgbm_gbm_recovered,7,30,36.39977777777778,147.68,144.41571782649152,3.264282173508481,24.548223391994192,163.0484095314464,195.65065063708388,0.9778962474708254,0.1662257813650744,0.1230807044334509,0.1699830445151939,33.25290105971644,30.48424609073845,28.689228092895814,29.274722543771237,0,209,0.0571428571428571,5.0601741012521435,13.274190476190467,67.16971486270685,8.88178419700125e-16,2.131628207280301e-14,0,1.1628182833709082,195.65065063708388,4.180000000000001,3.4915546112702263,16.321410867542404,24.548223391994192,244.19183950789073
F3_seed04_life3_m1_raw_order_up_to_censoring_aware,F3,4,3,1.0,raw,order_up_to,censoring_aware,lightgbm_raw,7,30,36.39977777777778,147.68,134.68559695610384,12.99440304389616,11.12114241107383,129.59802399868883,153.76412354619077,0.9120097302011364,0.0753056772147469,0.066995720979785,0.0825711335318087,20.124865271062475,20.191062409288936,21.090817076578105,21.521241914875617,0,207,0.1666666666666666,0.9112659890777504,13.274190476190467,12.096318313492162,4.440892098500625e-16,1.0658141036401504e-14,0,1.1243352001438427,153.76412354619077,4.140000000000001,2.11311085346156,64.9720152194808,11.12114241107383,236.11039203020692
F3_seed04_life3_m1_raw_age_aware_censoring_aware,F3,4,3,1.0,raw,age_aware,censoring_aware,lightgbm_raw,7,30,36.39977777777778,147.68,141.50953245936418,6.1704675406358245,22.825300766414088,161.24832188977925,192.83446475324564,0.9582173108028452,0.1545591872048624,0.1154845445253767,0.1612986798113306,33.34408255256942,33.31326644177874,27.72945356840152,28.295360784083183,0,208,0.0666666666666666,6.099744484883454,13.274190476190467,80.96917014843528,8.88178419700125e-16,2.842170943040401e-14,0,1.2103487232898031,192.83446475324564,4.16,3.501128668019789,30.85233770317912,22.825300766414088,254.17323189085863
F3_seed04_life3_m1_selected_recovery_order_up_to_censoring_aware,F3,4,3,1.0,selected_recovery,order_up_to,censoring_aware,lightgbm_gbm_recovered,7,30,36.39977777777778,147.68,135.36590184031934,12.31409815968068,12.072830499760652,130.2419542162848,154.65751617600034,0.9166163450725848,0.0817499356701019,0.0724478217748649,0.089186644019127,20.359031044723555,19.20299965398261,21.32241163619552,21.75756289407706,0,208,0.1428571428571428,1.1789223520013996,13.274190476190467,15.649239857105046,4.440892098500625e-16,-1.7763568394002505e-14,0,1.117135884446954,154.65751617600034,4.16,2.137698259695973,61.57049079840339,12.072830499760652,234.5985357338604
F3_seed04_life3_m1_selected_recovery_age_aware_censoring_aware,F3,4,3,1.0,selected_recovery,age_aware,censoring_aware,lightgbm_gbm_recovered,7,30,36.39977777777778,147.68,141.64964244364535,6.030357556354665,23.84995210276597,162.0580469381969,193.68991599524296,0.95916605121645,0.1614975088215464,0.1201764260839759,0.1683728366081443,33.9870743934515,32.958230169563365,27.75807073714121,28.3245619766747,0,208,0.0571428571428571,5.3212898597602765,13.274190476190467,70.63581517747879,8.88178419700125e-16,-1.4210854715202004e-14,0,1.2162871366242602,193.68991599524296,4.16,3.568642811312408,30.15178778177332,23.84995210276597,255.42029869109467
F3_seed05_life3_m1_raw_order_up_to_censoring_aware,F3,5,3,1.0,raw,order_up_to,censoring_aware,lightgbm_raw,7,30,36.39977777777778,147.68,135.9651237966273,11.714876203372706,11.216493859397604,129.67706556445006,154.33700180985562,0.9206739151992638,0.0759513397846533,0.0675379759975581,0.0824953748887465,20.53587332279707,18.895225686202902,21.573196209208486,22.013465519600494,0,208,0.1619047619047619,0.9046876187549372,13.274190476190467,12.00899577280422,4.440892098500625e-16,4.2632564145606005e-14,0,1.097353063738145,154.33700180985562,4.16,2.1562666988936927,58.57438101686352,11.216493859397604,230.44414338501045
F3_seed05_life3_m1_raw_age_aware_censoring_aware,F3,5,3,1.0,raw,age_aware,censoring_aware,lightgbm_raw,7,30,36.39977777777778,147.68,142.7627548835473,4.917245116452705,24.702146916863427,161.54213713037944,194.49024847953945,0.966703378138863,0.1672680587544923,0.1247949274832717,0.1730293516471656,33.64252589575163,30.47701310774648,29.058306379569206,29.651333040376738,0,209,0.0809523809523809,6.017608219290214,13.274190476190467,79.87887771394765,8.88178419700125e-16,2.131628207280301e-14,0,1.1975766009415252,194.49024847953945,4.180000000000001,3.5324652190539214,24.586225582263527,24.702146916863427,251.49108619772028
F3_seed05_life3_m1_selected_recovery_order_up_to_censoring_aware,F3,5,3,1.0,selected_recovery,order_up_to,censoring_aware,lightgbm_gbm_recovered,7,30,36.39977777777778,147.68,136.6302986388301,11.049701361169875,12.25673789584016,130.28310521905564,155.2818855237048,0.9251780785402904,0.0829952457735655,0.0735332727360673,0.089707319810811,20.893569928910267,17.795846462163144,21.89314259417505,22.3399414226276,0,209,0.1380952380952381,1.1388274824618796,13.274190476190467,15.117012921719452,4.440892098500625e-16,1.0658141036401504e-14,0,1.0912426431806184,155.2818855237048,4.180000000000001,2.193824842535577,55.248506805849374,12.25673789584016,229.16095506792988
F3_seed05_life3_m1_selected_recovery_age_aware_censoring_aware,F3,5,3,1.0,selected_recovery,age_aware,censoring_aware,lightgbm_gbm_recovered,7,30,36.39977777777778,147.68,142.84686574530718,4.833134254692816,25.650876394128336,162.2704662748088,195.19270280315328,0.967272926227703,0.1736922832755169,0.1291128247033246,0.1795690529175718,34.42106051762309,30.172501913151056,29.0183824722814,29.610594359470813,0,209,0.0761904761904761,5.144938228111014,13.274190476190467,68.2948900281795,8.88178419700125e-16,3.552713678800501e-15,0,1.2038260086909338,195.19270280315328,4.180000000000001,3.614211354350424,24.165671273464085,25.650876394128336,252.8034618250961
F3_seed06_life3_m1_raw_order_up_to_censoring_aware,F3,6,3,1.0,raw,order_up_to,censoring_aware,lightgbm_raw,7,30,36.39977777777778,147.68,135.8572231841202,11.822776815879807,11.445677625603022,128.80151986468442,154.74537012469088,0.9199432772489176,0.0775032341928698,0.0692832186486476,0.0842478401762362,20.12791255319617,17.89839683273897,22.848942857512668,23.31524781378843,0,208,0.1619047619047619,0.9284126488308376,13.274190476190467,12.32392634108507,4.440892098500625e-16,2.842170943040401e-14,0,1.1027541078465644,154.74537012469088,4.16,2.1134308180855976,59.113884079399035,11.445677625603022,231.57836264777853
F3_seed06_life3_m1_raw_age_aware_censoring_aware,F3,6,3,1.0,raw,age_aware,censoring_aware,lightgbm_raw,7,30,36.39977777777778,147.68,142.4023618660055,5.2776381339945,24.433801098186045,160.94568978246275,194.26709396244328,0.9642630137188886,0.1654509825175111,0.1238123246520851,0.1715828359727432,33.69187910977196,30.509304596048967,29.436062300731695,30.036798266052752,0,209,0.0523809523809523,6.0622578138455,13.274190476190467,80.47156493675918,8.88178419700125e-16,3.197442310920451e-14,0,1.2038415858910854,194.26709396244328,4.180000000000001,3.537647306526056,26.38819066997249,24.433801098186045,252.8067330371279
F3_seed06_life3_m1_selected_recovery_order_up_to_censoring_aware,F3,6,3,1.0,selected_recovery,order_up_to,censoring_aware,lightgbm_gbm_recovered,7,30,36.39977777777778,147.68,136.6336741515035,11.04632584849649,12.532891298292697,129.80968043818928,155.7632593699728,0.9252009354787614,0.0848651902647121,0.0754042004156458,0.0917262261746387,20.46035174668075,17.042892766170862,22.838313744384006,23.30440177998368,0,210,0.1333333333333333,1.1888628795753358,13.274190476190467,15.7811923135553,4.440892098500625e-16,3.552713678800501e-15,0,1.0946481754483302,155.7632593699728,4.200000000000001,2.148336933401479,55.231629242482455,12.532891298292697,229.87611684414932
F3_seed06_life3_m1_selected_recovery_age_aware_censoring_aware,F3,6,3,1.0,selected_recovery,age_aware,censoring_aware,lightgbm_gbm_recovered,7,30,36.39977777777778,147.68,142.8702580129309,4.809741987069085,25.3346957112252,162.4487668650514,195.43818907905464,0.967431324572934,0.1715512981529333,0.1274069958959532,0.1773265903175747,34.302469159019786,30.643590918673063,29.08065843242211,29.67414125757358,0,209,0.0476190476190476,5.157467072483716,13.274190476190467,68.46120029482928,8.88178419700125e-16,2.842170943040401e-14,0,1.2028731142253442,195.43818907905464,4.180000000000001,3.6017592616970777,24.04870993534542,25.3346957112252,252.6033539873223
F3_seed07_life3_m1_raw_order_up_to_censoring_aware,F3,7,3,1.0,raw,order_up_to,censoring_aware,lightgbm_raw,7,30,36.39977777777778,147.68,136.4124983369145,11.267501663085486,10.179788433858675,130.32048808717198,154.16863761618825,0.923703266095033,0.0689313951371795,0.0610590942921403,0.0746250421183286,20.12350059067219,20.12797909417656,20.764776776692518,21.18854773131889,0,208,0.1619047619047619,0.8912779459668801,13.274190476190467,11.830993221992165,4.440892098500625e-16,3.552713678800501e-14,0,1.080756675845214,154.16863761618825,4.16,2.11296756202058,56.33750831542744,10.179788433858675,226.95890192749496
F3_seed07_life3_m1_raw_age_aware_censoring_aware,F3,7,3,1.0,raw,age_aware,censoring_aware,lightgbm_raw,7,30,36.39977777777778,147.68,143.1675265305399,4.512473469460078,22.571896289923263,161.61053954467775,192.84535999163955,0.9694442479045224,0.1528432847367501,0.1139935362719782,0.1576607268206755,33.401502852262254,32.27089450199232,27.37791324712903,27.936646170539824,0,209,0.0571428571428571,6.053997220012803,13.274190476190467,80.36191224077754,8.88178419700125e-16,5.684341886080802e-14,0,1.1698418163254796,192.84535999163955,4.180000000000001,3.5071577994875374,22.562367347300384,22.571896289923263,245.66678142835076
F3_seed07_life3_m1_selected_recovery_order_up_to_censoring_aware,F3,7,3,1.0,selected_recovery,order_up_to,censoring_aware,lightgbm_gbm_recovered,7,30,36.39977777777778,147.68,137.15695933773935,10.52304066226064,11.285405636270935,131.19984316935634,155.21190169480656,0.928744307541572,0.0764179688263199,0.0673355081144884,0.082280955270242,20.436050190058175,19.15725597312381,20.907820491554087,21.334510705667437,0,209,0.1333333333333333,1.062522618662986,13.274190476190467,14.104127625393168,4.440892098500625e-16,2.842170943040401e-14,0,1.0735156948206517,155.21190169480656,4.180000000000001,2.1457852699561086,52.6152033113032,11.285405636270935,225.4382959123368
F3_seed07_life3_m1_selected_recovery_age_aware_censoring_aware,F3,7,3,1.0,selected_recovery,age_aware,censoring_aware,lightgbm_gbm_recovered,7,30,36.39977777777778,147.68,143.37865519031058,4.301344809689436,23.37235473916256,162.46230918677708,193.71186274935604,0.9708738840080618,0.1582635071720108,0.1175304709707106,0.163011395999912,34.05242094136354,32.11107703508172,27.37531630759185,27.933996232236584,0,208,0.0476190476190476,5.192580646269064,13.274190476190467,68.92730456155574,8.88178419700125e-16,0.0,0,1.1729830749324237,193.71186274935604,4.16,3.575504198843172,21.506724048447172,23.37235473916256,246.32644573580893
F3_seed08_life3_m1_raw_order_up_to_censoring_aware,F3,8,3,1.0,raw,order_up_to,censoring_aware,lightgbm_raw,7,30,36.39977777777778,147.68,135.73478544430384,11.945214555696158,12.073711485041642,130.93511154623877,153.896552807193,0.9191142026293596,0.0817559011717337,0.0721529833605882,0.0889507538212881,20.161759517979355,19.52639239467105,19.883510204810374,20.289296127357527,0,208,0.1523809523809523,0.7994525929135344,13.274190476190467,10.612085995018615,4.440892098500625e-16,2.842170943040401e-14,0,1.1046348658100154,153.896552807193,4.16,2.116984749387832,59.72607277848079,12.073711485041642,231.9733218201032
F3_seed08_life3_m1_raw_age_aware_censoring_aware,F3,8,3,1.0,raw,age_aware,censoring_aware,lightgbm_raw,7,30,36.39977777777778,147.68,142.58731310342463,5.092686896575354,24.95150023327927,162.3976234115721,195.07825570201152,0.9655153920871113,0.1689565292069289,0.1255122053105389,0.1749910261313423,33.655030803580985,31.258587852645963,28.779067176399224,29.36639507795839,0,209,0.0571428571428571,6.006637790834761,13.274190476190467,79.73325415702455,8.88178419700125e-16,3.197442310920451e-14,0,1.2057474697740171,195.07825570201152,4.180000000000001,3.533778234376004,25.46343448287677,24.95150023327927,253.2069686525436
F3_seed08_life3_m1_selected_recovery_order_up_to_censoring_aware,F3,8,3,1.0,selected_recovery,order_up_to,censoring_aware,lightgbm_gbm_recovered,7,30,36.39977777777778,147.68,136.13209393553333,11.547906064466693,13.209084538503395,131.30689363086637,154.50655281343958,0.9218045363998733,0.0894439635597467,0.0787630237220399,0.0970313770737904,20.537363081639075,18.365492934607445,20.1095281263044,20.51992665949428,0,209,0.1333333333333333,1.0366785102545877,13.274190476190467,13.761068007692772,4.440892098500625e-16,7.105427357601002e-15,0,1.1037694799897553,154.50655281343958,4.180000000000001,2.1564231235721025,57.73953032233345,13.209084538503395,231.79159079784856
F3_seed08_life3_m1_selected_recovery_age_aware_censoring_aware,F3,8,3,1.0,selected_recovery,age_aware,censoring_aware,lightgbm_gbm_recovered,7,30,36.39977777777778,147.68,143.31205571721102,4.367944282788994,25.974898769884,163.84917435173315,196.36957483775296,0.9704229124946576,0.1758863676183911,0.1297130321714979,0.1812471298376927,34.10985154291652,30.961997642415955,28.59300898926467,29.176539784963943,0,209,0.0523809523809523,5.13892996008175,13.274190476190467,68.21513513392703,8.88178419700125e-16,-3.907985046680551e-14,0,1.199741568731372,196.36957483775296,4.180000000000001,3.5815344120062345,21.839721413944968,25.974898769884,251.9457294335881
F3_seed09_life3_m1_raw_order_up_to_censoring_aware,F3,9,3,1.0,raw,order_up_to,censoring_aware,lightgbm_raw,7,30,36.39977777777778,147.68,134.83534741430387,12.844652585696116,11.476946188103394,126.571739642461,154.47126701163234,0.9130237500968572,0.0777149660624552,0.07042301851132,0.0851182305544745,19.247439189746327,16.659223817831506,24.81010202893868,25.316430641774165,0,207,0.1857142857142857,0.8414512805784983,13.274190476190467,11.169584574833378,4.440892098500625e-16,2.842170943040401e-14,0,1.1253926535387602,154.47126701163234,4.140000000000001,2.020981114923365,64.22326292848058,11.476946188103394,236.3324572431397
F3_seed09_life3_m1_raw_age_aware_censoring_aware,F3,9,3,1.0,raw,age_aware,censoring_aware,lightgbm_raw,7,30,36.39977777777778,147.68,142.19407836807954,5.485921631920444,24.25334038590691,158.08887050668122,194.17888492171045,0.9628526433374832,0.164229011280518,0.1247031155794449,0.1705650521052318,32.564271855518754,28.041229530472517,32.206436716595064,32.863710935301086,0,209,0.0714285714285714,5.923963554507738,13.274190476190467,78.63582059654605,8.88178419700125e-16,3.552713678800501e-14,0,1.20695753339071,194.17888492171045,4.180000000000001,3.4192485448294687,27.429608159602225,24.25334038590691,253.4610820120491
F3_seed09_life3_m1_selected_recovery_order_up_to_censoring_aware,F3,9,3,1.0,selected_recovery,order_up_to,censoring_aware,lightgbm_gbm_recovered,7,30,36.39977777777778,147.68,135.9504819997712,11.729518000228808,12.623620156581682,127.78457492641468,155.67806772082795,0.9205747697709316,0.085479551439475,0.0768868649701679,0.0928545450585671,19.64770276174569,15.610250547839613,24.779931439996705,25.28564432652725,0,209,0.1523809523809523,1.1071116248289443,13.274190476190467,14.696010586384132,4.440892098500625e-16,-3.019806626980426e-14,0,1.1104394603263668,155.67806772082795,4.180000000000001,2.0630087899832974,58.647590001144046,12.623620156581682,233.192286668537
F3_seed09_life3_m1_selected_recovery_age_aware_censoring_aware,F3,9,3,1.0,selected_recovery,age_aware,censoring_aware,lightgbm_gbm_recovered,7,30,36.39977777777778,147.68,143.0060450491007,4.6739549508992875,25.22638131389188,160.05691959467094,195.62947894490796,0.9683507925860014,0.1708178583010013,0.1284068278215372,0.1764008039326622,33.078926600311554,28.224271009456142,31.65996977133877,32.306091603406905,0,209,0.0666666666666666,5.051099216135393,13.274190476190467,67.04925310911757,8.88178419700125e-16,1.4210854715202004e-14,0,1.1994234395539471,195.62947894490796,4.180000000000001,3.4732872930327137,23.36977475449643,25.22638131389188,251.8789223063289
F3_seed10_life3_m1_raw_order_up_to_censoring_aware,F3,10,3,1.0,raw,order_up_to,censoring_aware,lightgbm_raw,7,30,36.39977777777778,147.68,135.55291045399315,12.127089546006856,11.474961868294244,128.00640980726618,154.54469236789257,0.9178826547534747,0.0777015294440292,0.0697964111743572,0.0846530098827266,20.233017449906765,17.378315262756566,23.447388713268527,23.925906850274007,0,208,0.1666666666666666,0.7685277408967587,13.274190476190467,10.201583618899932,4.440892098500625e-16,7.105427357601002e-15,0,1.1092360418974343,154.54469236789257,4.16,2.1244668322402105,60.63544773003427,11.474961868294244,232.93956879846127
F3_seed10_life3_m1_raw_age_aware_censoring_aware,F3,10,3,1.0,raw,age_aware,censoring_aware,lightgbm_raw,7,30,36.39977777777778,147.68,143.34674576737106,4.333254232628938,24.76633383076566,160.26043715714306,196.03113969227732,0.9706578126176262,0.1677026938702983,0.1259346423421808,0.172772208383143,33.32304249630964,28.547135336784095,31.85007974128877,32.50008136866201,0,209,0.0571428571428571,5.840778457677449,13.274190476190467,77.53160577644044,8.88178419700125e-16,2.4868995751603507e-14,0,1.1911555435633343,196.03113969227732,4.180000000000001,3.4989194621125126,21.666271163144685,24.76633383076566,250.14266414830027
F3_seed10_life3_m1_selected_recovery_order_up_to_censoring_aware,F3,10,3,1.0,selected_recovery,order_up_to,censoring_aware,lightgbm_gbm_recovered,7,30,36.39977777777778,147.68,136.168521861738,11.51147813826202,12.623487889915015,128.7798188224603,155.5813267420692,0.9220512043725486,0.0854786558092836,0.0764228037223383,0.0927048903617576,20.598169800924637,16.387586848585066,23.689881384767517,24.173348351803583,0,208,0.1476190476190476,1.0011995863142005,13.274190476190467,13.290114013417798,4.440892098500625e-16,1.7763568394002505e-14,0,1.105166729297102,155.5813267420692,4.16,2.162807829097086,57.5573906913101,12.623487889915015,232.08501315239135
F3_seed10_life3_m1_selected_recovery_age_aware_censoring_aware,F3,10,3,1.0,selected_recovery,age_aware,censoring_aware,lightgbm_gbm_recovered,7,30,36.39977777777778,147.68,143.4302698603,4.249730139699981,25.65075452941675,161.4131775680244,196.8324732693,0.971223387461403,0.1736914580810993,0.1296717623199955,0.1788378042821811,33.995403638529254,28.7319309560854,31.48264623588957,32.12514922029548,0,209,0.0476190476190476,5.00404664044946,13.274190476190467,66.42466825706713,8.88178419700125e-16,3.197442310920451e-14,0,1.1975304565679152,196.8324732693,4.180000000000001,3.5695173820455715,21.248650698499908,25.65075452941675,251.4813958792622
F3_seed11_life3_m1_raw_order_up_to_censoring_aware,F3,11,3,1.0,raw,order_up_to,censoring_aware,lightgbm_raw,7,30,36.39977777777778,147.68,137.27619927734264,10.403800722657351,11.44567762560302,131.92237757458665,155.38199558841862,0.9295517285843896,0.0775032341928698,0.0679986398798347,0.0833769996973694,20.055912053689507,19.60027844941876,20.351978102063597,20.767324593942444,0,209,0.1666666666666666,0.7029211879005649,13.274190476190467,9.33070973794217,4.440892098500625e-16,1.4210854715202004e-14,0,1.072059750442599,155.38199558841862,4.180000000000001,2.1058707656373983,52.01900361328677,11.44567762560302,225.1325475929458
F3_seed11_life3_m1_raw_age_aware_censoring_aware,F3,11,3,1.0,raw,age_aware,censoring_aware,lightgbm_raw,7,30,36.39977777777778,147.68,144.02260264109043,3.6573973589095634,24.16632295204445,164.01206143118085,195.2167559084336,0.9752343082414032,0.1636397816362706,0.1205833100850271,0.1677953495415424,33.76808763169547,32.22291361582373,27.300359359084055,27.857509550085773,0,209,0.0523809523809523,5.877223609433117,13.274190476190467,78.01538566277885,8.88178419700125e-16,0.0,0,1.1685510231254943,195.2167559084336,4.180000000000001,3.5456492013280245,18.28698679454781,24.16632295204445,245.39571485635383
F3_seed11_life3_m1_selected_recovery_order_up_to_censoring_aware,F3,11,3,1.0,selected_recovery,order_up_to,censoring_aware,lightgbm_gbm_recovered,7,30,36.39977777777778,147.68,137.64631477924033,10.033685220759669,12.532891298292697,132.39004235348006,156.03241521347718,0.9320579278117572,0.0848651902647121,0.0742514642680856,0.0910514118623021,20.391956437723728,18.61061405372481,20.52172455572757,20.940535260946497,0,210,0.1380952380952381,0.907796018354286,13.274190476190467,12.050257261162091,4.440892098500625e-16,7.105427357601002e-15,0,1.071785181150139,156.03241521347718,4.200000000000001,2.141155425960991,50.16842610379834,12.532891298292697,225.0748880415292
F3_seed11_life3_m1_selected_recovery_age_aware_censoring_aware,F3,11,3,1.0,selected_recovery,age_aware,censoring_aware,lightgbm_gbm_recovered,7,30,36.39977777777778,147.68,144.2267195226169,3.453280477383112,25.217622311730054,164.93299701942604,196.3020476782818,0.9766164648064524,0.1707585476146401,0.1252534384286461,0.1748470907138365,34.36675996382421,31.88843296285686,27.44300970529012,28.003071127847065,0,209,0.0523809523809523,5.074977943272376,13.274190476190467,67.36622388146286,8.88178419700125e-16,2.131628207280301e-14,0,1.1741646770148997,196.3020476782818,4.180000000000001,3.6085097962015418,17.26640238691556,25.217622311730054,246.57458217312893
F3_seed12_life3_m1_raw_order_up_to_censoring_aware,F3,12,3,1.0,raw,order_up_to,censoring_aware,lightgbm_raw,7,30,36.39977777777778,147.68,134.66982119615977,13.010178803840212,11.216493859397604,127.74700532152336,153.65747472055057,0.9119029062578532,0.0759513397846533,0.0683320967223107,0.0832888449674235,20.10091738642515,18.260468043743728,22.83731990461621,23.303387657771644,0,207,0.1619047619047619,0.7136386557037445,13.274190476190467,9.472975446984014,4.440892098500625e-16,2.131628207280301e-14,0,1.1246450424986851,153.65747472055057,4.140000000000001,2.1105963255746403,65.05089401920107,11.216493859397604,236.1754589247239
F3_seed12_life3_m1_raw_age_aware_censoring_aware,F3,12,3,1.0,raw,age_aware,censoring_aware,lightgbm_raw,7,30,36.39977777777778,147.68,142.10344372671722,5.576556273282762,24.12873764348623,159.15970231288986,193.63523209038755,0.962238920142993,0.1633852765674852,0.1233831140904003,0.1697969944337789,33.03710893408704,29.327298720464167,30.60282513568993,31.2273725874387,0,210,0.0666666666666666,5.9708943789623,13.274190476190467,79.25878929956058,8.88178419700125e-16,3.197442310920451e-14,0,1.2062649882779368,193.63523209038755,4.200000000000001,3.468896438079139,27.88278136641381,24.12873764348623,253.31564753836676
F3_seed12_life3_m1_selected_recovery_order_up_to_censoring_aware,F3,12,3,1.0,selected_recovery,order_up_to,censoring_aware,lightgbm_gbm_recovered,7,30,36.39977777777778,147.68,135.02071328449688,12.659286715503113,12.25673789584016,128.33860334998715,154.1733007384394,0.9142789361084565,0.0829952457735655,0.0744012282501082,0.0907767230499994,20.53867583509823,17.460929947427875,22.751231373683428,23.21554221804432,0,208,0.1333333333333333,0.81552796881997,13.274190476190467,10.825473596777003,4.440892098500625e-16,2.4868995751603507e-14,0,1.124014443688002,154.1733007384394,4.16,2.156560962685313,63.29643357751556,12.25673789584016,236.0430331744804
F3_seed12_life3_m1_selected_recovery_age_aware_censoring_aware,F3,12,3,1.0,selected_recovery,age_aware,censoring_aware,lightgbm_gbm_recovered,7,30,36.39977777777778,147.68,142.2602592587342,5.41974074126578,25.102495949090883,160.29176434480954,194.627858674112,0.963300780462718,0.1699789812370726,0.1276236673839581,0.1764547321921859,33.67763443028393,29.32878691476221,30.44353715582021,31.0648338324696,0,210,0.0571428571428571,5.1021256208816,13.274190476190467,67.72658732503393,8.88178419700125e-16,1.7763568394002505e-14,0,1.2122152854510075,194.627858674112,4.200000000000001,3.536151615179812,27.098703706328905,25.102495949090883,254.5652099447116
F3_seed13_life3_m1_raw_order_up_to_censoring_aware,F3,13,3,1.0,raw,order_up_to,censoring_aware,lightgbm_raw,7,30,36.39977777777778,147.68,137.2493199588215,10.430680041178505,11.038627934999791,131.35581309782933,155.8824531243405,0.929369718031023,0.074746938888135,0.0658018482566406,0.0804275601388165,20.10037674719556,19.46764298178581,21.40899096402435,21.845909146963624,0,209,0.1666666666666666,0.7890360036040435,13.274190476190467,10.473814204412184,4.440892098500625e-16,3.552713678800501e-15,0,1.0731667658270874,155.8824531243405,4.180000000000001,2.110539558455534,52.15340020589253,11.038627934999791,225.36502082368835
F3_seed13_life3_m1_raw_age_aware_censoring_aware,F3,13,3,1.0,raw,age_aware,censoring_aware,lightgbm_raw,7,30,36.39977777777778,147.68,144.67854660143527,3.001453398564712,22.031419903224688,163.33439970373837,194.39214217659813,0.9796759656110188,0.1491835042201021,0.1103037055601739,0.1522784159832452,33.46690363761049,33.02421097685614,27.169899629327848,27.72438737686516,0,209,0.0523809523809523,5.869521271734143,13.274190476190467,77.91314336505073,8.88178419700125e-16,5.684341886080802e-14,0,1.138689780736169,194.39214217659813,4.180000000000001,3.5140248819491013,15.00726699282356,22.031419903224688,239.12485395459552
F3_seed13_life3_m1_selected_recovery_order_up_to_censoring_aware,F3,13,3,1.0,selected_recovery,order_up_to,censoring_aware,lightgbm_gbm_recovered,7,30,36.39977777777778,147.68,137.91232837165856,9.76767162834144,11.946579583522112,132.1056306298196,156.87029058538138,0.9338592116174061,0.0808950405168073,0.0708973064806593,0.0866244499282717,20.402160753406456,18.646500452416703,21.62725414385416,22.0686266774022,0,210,0.1380952380952381,1.0031195818579506,13.274190476190467,13.315600399978974,4.440892098500625e-16,-3.552713678800501e-15,0,1.0666545485224683,156.87029058538138,4.200000000000001,2.1422268791076773,48.8383581417072,11.946579583522112,223.99745518971835
F3_seed13_life3_m1_selected_recovery_age_aware_censoring_aware,F3,13,3,1.0,selected_recovery,age_aware,censoring_aware,lightgbm_gbm_recovered,7,30,36.39977777777778,147.68,144.84639207204532,2.8336079279546844,22.829485458001024,164.33191825298178,195.577851749726,0.9808125140306428,0.1545875234154998,0.1137313434272119,0.1576116956136942,34.262574510951445,33.05581850071322,27.334376461749645,27.89222087933637,0,209,0.0428571428571428,5.008362162418512,13.274190476190467,66.48195331768854,8.88178419700125e-16,0.0,0,1.1445378436721445,195.577851749726,4.180000000000001,3.5975703236499017,14.168039639773422,22.829485458001024,240.35294717115036
F3_seed14_life3_m1_raw_order_up_to_censoring_aware,F3,14,3,1.0,raw,order_up_to,censoring_aware,lightgbm_raw,7,30,36.39977777777778,147.68,137.13981089971963,10.540189100280358,11.35415541259094,129.78436341024684,154.89784502101006,0.9286281886492392,0.0768835008978259,0.0683227372444918,0.0827925555540791,19.71626615744927,17.690174875714035,22.015524710343037,22.464821133003092,0,207,0.1666666666666666,0.8203491106597534,13.274190476190467,10.88947035187102,4.440892098500625e-16,1.4210854715202004e-14,0,1.072205494673976,154.89784502101006,4.140000000000001,2.070207946532173,52.70094550140179,11.35415541259094,225.16315388153495
F3_seed14_life3_m1_raw_age_aware_censoring_aware,F3,14,3,1.0,raw,age_aware,censoring_aware,lightgbm_raw,7,30,36.39977777777778,147.68,143.66145272658605,4.018547273413931,22.348081971994187,161.52009074019668,193.8470071898369,0.9727888185711406,0.1513277489977937,0.1129147979904028,0.155560740531607,33.24185961516192,31.910333819394168,28.449976305843503,29.03058806718725,0,209,0.0523809523809523,5.772206042209312,13.274190476190467,76.62136247210395,8.88178419700125e-16,5.684341886080802e-14,0,1.1617058132785367,193.8470071898369,4.180000000000001,3.4903952595920016,20.09273636706965,22.348081971994187,243.95822078849272
F3_seed14_life3_m1_selected_recovery_order_up_to_censoring_aware,F3,14,3,1.0,selected_recovery,order_up_to,censoring_aware,lightgbm_gbm_recovered,7,30,36.39977777777778,147.68,137.84822507608175,9.831774923918227,12.623506823248348,130.85137153928372,155.77332069043172,0.9334251427145298,0.0854787840144118,0.0754763532256373,0.0915754034285253,20.100163527366952,16.77941741773137,21.80648273733935,22.25151299728505,0,209,0.1380952380952381,1.0387592547973907,13.274190476190467,13.788688207086231,4.440892098500625e-16,1.0658141036401504e-14,0,1.0659343776364036,155.77332069043172,4.180000000000001,2.11051717037353,49.15887461959114,12.623506823248348,223.84621930364477
F3_seed14_life3_m1_selected_recovery_age_aware_censoring_aware,F3,14,3,1.0,selected_recovery,age_aware,censoring_aware,lightgbm_gbm_recovered,7,30,36.39977777777778,147.68,143.8485147779408,3.8314852220591913,23.84222059519912,163.0786100711231,195.2122034202947,0.9740554900998158,0.1614451557096365,0.1195228257672651,0.1657453372529038,33.952058721203514,31.787652475760975,28.229349280765668,28.805458449760884,0,209,0.0476190476190476,4.922569612033694,13.274190476190467,65.34312666244227,8.88178419700125e-16,-1.0658141036401504e-14,0,1.1712229347215053,195.2122034202947,4.180000000000001,3.5649661657263687,19.157426110295955,23.84222059519912,245.95681629151608
F3_seed15_life3_m1_raw_order_up_to_censoring_aware,F3,15,3,1.0,raw,order_up_to,censoring_aware,lightgbm_raw,7,30,36.39977777777778,147.68,134.67148239625706,13.008517603742924,11.474961868294244,127.89506410995756,154.18018854751085,0.9119141549042324,0.0777015294440292,0.0698437135119264,0.0852070658473212,19.735529336692803,18.148397623184035,23.201520666603045,23.675021088370453,0,209,0.1619047619047619,0.852712018668273,13.274190476190467,11.319061757139538,4.440892098500625e-16,3.552713678800501e-15,0,1.1283331857851069,154.18018854751085,4.180000000000001,2.0722305803527443,65.04258801871464,11.474961868294244,236.94996901487244
F3_seed15_life3_m1_raw_age_aware_censoring_aware,F3,15,3,1.0,raw,age_aware,censoring_aware,lightgbm_raw,7,30,36.39977777777778,147.68,140.04476864096537,7.635231359034621,24.91905548522621,157.56576225193965,191.99207090208125,0.9482988125742507,0.1687368329172955,0.1284715598523756,0.1779363536892371,32.704338197389426,29.001715903525827,30.586467232099995,31.210680849081637,0,209,0.0666666666666666,6.522060136473736,13.274190476190467,86.57506854872116,8.88178419700125e-16,2.4868995751603507e-14,0,1.250958279491459,191.99207090208125,4.180000000000001,3.433955510725889,38.176156795173114,24.91905548522621,262.70123869320645
F3_seed15_life3_m1_selected_recovery_order_up_to_censoring_aware,F3,15,3,1.0,selected_recovery,order_up_to,censoring_aware,lightgbm_gbm_recovered,7,30,36.39977777777778,147.68,136.1082695161748,11.571730483825194,12.623487889915015,129.0774537931464,155.22633114641417,0.9216432117834154,0.0854786558092836,0.0762853461474821,0.092745928919586,19.941833324778404,16.745474164834334,23.044350730339495,23.514643602387245,0,210,0.1333333333333333,0.8684245141682032,13.274190476190467,11.527632415261898,4.440892098500625e-16,2.4868995751603507e-14,0,1.1047731616883665,155.22633114641417,4.200000000000001,2.0938924991017323,57.85865241912597,12.623487889915015,232.00236395455693
F3_seed15_life3_m1_selected_recovery_age_aware_censoring_aware,F3,15,3,1.0,selected_recovery,age_aware,censoring_aware,lightgbm_gbm_recovered,7,30,36.39977777777778,147.68,140.65875434633932,7.02124565366066,25.84347270013724,158.95872843277107,193.06759516591532,0.9524563539161655,0.1749964294429661,0.1322874196851417,0.1837317045798921,33.2932217683445,28.85627916407225,30.247514829825985,30.86481105084284,0,209,0.0571428571428571,5.4285094761231365,13.274190476190467,72.05906878786345,8.88178419700125e-16,3.907985046680551e-14,0,1.2461575448572957,193.06759516591532,4.180000000000001,3.4957882856761717,35.10622826830329,25.84347270013724,261.69308442003205
F3_seed16_life3_m1_raw_order_up_to_censoring_aware,F3,16,3,1.0,raw,order_up_to,censoring_aware,lightgbm_raw,7,30,36.39977777777778,147.68,131.81995890601692,15.860041093983082,10.953617177861211,125.27289025180607,150.76522636619643,0.8926053555391178,0.0741712972498727,0.0677518179872979,0.0830952859397472,20.045526299155856,18.899091945705734,22.47703158706645,22.935746517414746,0,207,0.1809523809523809,0.8893624464301678,13.274190476190467,11.80556651628479,4.440892098500625e-16,-1.0658141036401504e-14,0,1.1774468060732592,150.76522636619643,4.140000000000001,2.1047802614113658,79.3002054699154,10.953617177861211,247.26382927538444
F3_seed16_life3_m1_raw_age_aware_censoring_aware,F3,16,3,1.0,raw,age_aware,censoring_aware,lightgbm_raw,7,30,36.39977777777778,147.68,140.5377169391847,7.142283060815284,23.880043844632667,158.8437005422618,192.309493620229,0.951636761505855,0.1617012719706978,0.1223090474012603,0.1699191104332963,32.52999330146958,30.82571753622216,29.619603205562687,30.2240849036354,0,209,0.0857142857142857,6.131527846246864,13.274190476190467,81.39106854114678,8.88178419700125e-16,5.684341886080802e-14,0,1.2356981050742497,192.309493620229,4.180000000000001,3.4156492966543057,35.711415304076425,23.880043844632667,259.4966020655924
F3_seed16_life3_m1_selected_recovery_order_up_to_censoring_aware,F3,16,3,1.0,selected_recovery,order_up_to,censoring_aware,lightgbm_gbm_recovered,7,30,36.39977777777778,147.68,132.4300566466888,15.249943353311194,12.00896450863889,126.1748502343209,151.56360674695554,0.8967365699261158,0.0813174736500466,0.0738673965026399,0.0906815628772077,20.389610575727712,18.135606856770977,22.357484377695545,22.81375956907709,0,207,0.1619047619047619,1.1159974945316755,13.274190476190467,14.813963313364797,4.440892098500625e-16,2.131628207280301e-14,0,1.171919986345723,151.56360674695554,4.140000000000001,2.14090911045141,76.24971676655596,12.00896450863889,246.10319713260185
F3_seed16_life3_m1_selected_recovery_age_aware_censoring_aware,F3,16,3,1.0,selected_recovery,age_aware,censoring_aware,lightgbm_gbm_recovered,7,30,36.39977777777778,147.68,141.23799023607083,6.442009763929163,24.30984131273605,160.00997039189764,193.62252736899217,0.956378590439266,0.1646116015217771,0.1237710528081078,0.1721197056974799,33.02233378110022,30.86191662086853,29.74010642971469,30.347047377259887,0,209,0.0714285714285714,5.211306337736799,13.274190476190467,69.17587295689685,8.88178419700125e-16,7.105427357601002e-15,0,1.2275702978494742,193.62252736899217,4.180000000000001,3.467345047015524,32.21004881964581,24.30984131273605,257.7897625483896
F3_seed17_life3_m1_raw_order_up_to_censoring_aware,F3,17,3,1.0,raw,order_up_to,censoring_aware,lightgbm_raw,7,30,36.39977777777778,147.68,134.87445051512708,12.805549484872929,11.4506659674699,130.69706353861022,152.3957672935645,0.913288532740568,0.0775370122390973,0.0685271240154009,0.0848987033773726,20.44050928997359,20.771724833791044,18.650788409082935,19.031416743962183,0,209,0.1666666666666666,0.9882503396834436,13.274190476190467,13.118223247117962,4.440892098500625e-16,-1.4210854715202004e-14,0,1.1152401626706965,152.3957672935645,4.180000000000001,2.146253475447227,64.02774742436463,11.4506659674699,234.2004341608462
F3_seed17_life3_m1_raw_age_aware_censoring_aware,F3,17,3,1.0,raw,age_aware,censoring_aware,lightgbm_raw,7,30,36.39977777777778,147.68,141.3669505184457,6.313049481554297,23.790580338307286,161.2608470481867,192.09624488041868,0.9572518317879584,0.1610954789972053,0.1203607464018406,0.1682895489437827,33.36851892119703,32.50309396921147,26.99347293462361,27.54436013737104,0,209,0.0714285714285714,6.245540179170971,13.274190476190467,82.90448996501621,8.88178419700125e-16,2.842170943040401e-14,0,1.2149322243486818,192.09624488041868,4.180000000000001,3.503694486725688,31.565247407771487,23.790580338307286,255.13576711322315
F3_seed17_life3_m1_selected_recovery_order_up_to_censoring_aware,F3,17,3,1.0,selected_recovery,order_up_to,censoring_aware,lightgbm_gbm_recovered,7,30,36.39977777777778,147.68,135.77244070624684,11.907559293753156,12.529151892162446,131.78251021772067,153.55069265033612,0.919369181380328,0.0848398692589548,0.0744974517916999,0.0922805234036422,20.718569953297067,19.88069539708915,18.69716857960872,19.07874344858033,0,210,0.1476190476190476,1.129264443541387,13.274190476190467,14.990071321557608,4.440892098500625e-16,2.131628207280301e-14,0,1.1047290040779074,153.55069265033612,4.200000000000001,2.175449845096192,59.53779646876578,12.529151892162446,231.9930908563605
F3_seed17_life3_m1_selected_recovery_age_aware_censoring_aware,F3,17,3,1.0,selected_recovery,age_aware,censoring_aware,lightgbm_gbm_recovered,7,30,36.39977777777778,147.68,141.8225507938329,5.857449206167091,24.739441056968648,162.4453953095857,193.4826469543539,0.9603368824067776,0.167520592205909,0.1244155976876505,0.1744394027500768,34.0035073433266,32.28318123656192,27.167598705681087,27.72203949559295,0,209,0.0619047619047619,5.336315271065548,13.274190476190467,70.83526534912805,8.88178419700125e-16,1.4210854715202004e-14,0,1.215522391967654,193.4826469543539,4.180000000000001,3.570368271049293,29.28724603083545,24.739441056968648,255.2597023132073
F3_seed18_life3_m1_raw_order_up_to_censoring_aware,F3,18,3,1.0,raw,order_up_to,censoring_aware,lightgbm_raw,7,30,36.39977777777778,147.68,135.71786998547483,11.962130014525162,11.474961868294244,131.0197501612105,153.96807305500602,0.9189996613317634,0.0777015294440292,0.0685401638002228,0.0845501176044271,19.617509282857863,20.22669608521921,19.868961432695382,20.2744504415259,0,206,0.1571428571428571,0.8141658223229404,13.274190476190467,10.807392204718958,4.440892098500625e-16,7.105427357601002e-15,0,1.1020643974791722,153.96807305500602,4.120000000000001,2.0598384747000757,59.8106500726258,11.474961868294244,231.4335234706261
F3_seed18_life3_m1_raw_age_aware_censoring_aware,F3,18,3,1.0,raw,age_aware,censoring_aware,lightgbm_raw,7,30,36.39977777777778,147.68,142.25156421630203,5.428435783697969,21.972279704303517,160.9699311085112,192.3193963100819,0.9632419028731176,0.1487830424180898,0.1113254907669872,0.1544607247403856,32.801959063744505,33.14586496568341,27.503077275369098,28.06436456670317,0,209,0.0714285714285714,6.029322219160812,13.274190476190467,80.03437157946803,8.88178419700125e-16,2.131628207280301e-14,0,1.1859907649265164,192.3193963100819,4.180000000000001,3.4442057016931726,27.142178918489847,21.972279704303517,249.05806063456845
F3_seed18_life3_m1_selected_recovery_order_up_to_censoring_aware,F3,18,3,1.0,selected_recovery,order_up_to,censoring_aware,lightgbm_gbm_recovered,7,30,36.39977777777778,147.68,136.51979590490507,11.16020409509492,12.4725262375762,132.1642573614469,154.95439765219757,0.9244298205911772,0.0844564344364585,0.0739928077022751,0.0913605690288617,19.90977487677109,19.571712996743376,19.691052337706733,20.09291054868034,0,207,0.1428571428571428,1.0107578754279074,13.274190476190467,13.41699256373964,4.440892098500625e-16,2.842170943040401e-14,0,1.0926593844157588,154.95439765219757,4.140000000000001,2.0905263620609644,55.80102047547461,12.4725262375762,229.45847072730936
F3_seed18_life3_m1_selected_recovery_age_aware_censoring_aware,F3,18,3,1.0,selected_recovery,age_aware,censoring_aware,lightgbm_gbm_recovered,7,30,36.39977777777778,147.68,142.71717401744382,4.962825982556149,23.10273826956133,162.0899052279962,193.7210118180259,0.9663947319707734,0.1564378268523925,0.1163926402607498,0.1618777727951477,33.52504487008821,32.6697707187688,27.75668635366916,28.323149340478725,0,209,0.0571428571428571,5.2116878674889495,13.274190476190467,69.18093745549923,8.88178419700125e-16,4.2632564145606005e-14,0,1.187323855770129,193.7210118180259,4.180000000000001,3.5201297113592616,24.814129912780743,23.10273826956133,249.3380097117272
F3_seed19_life3_m1_raw_order_up_to_censoring_aware,F3,19,3,1.0,raw,order_up_to,censoring_aware,lightgbm_raw,7,30,36.39977777777778,147.68,137.97058592783674,9.709414072163247,11.403410732985956,131.77870499432717,155.6256638352221,0.9342536966944524,0.0772170282569471,0.0678054085458629,0.0826510277991449,19.31031418127185,18.80448611128223,20.7344455641905,21.157597514480106,0,209,0.1761904761904762,0.6818972616884031,13.274190476190467,9.051634136844562,4.440892098500625e-16,3.197442310920451e-14,0,1.0561129900859896,155.6256638352221,4.180000000000001,2.0275829890335446,48.54707036081624,11.403410732985956,221.78372791805785
F3_seed19_life3_m1_raw_age_aware_censoring_aware,F3,19,3,1.0,raw,age_aware,censoring_aware,lightgbm_raw,7,30,36.39977777777778,147.68,144.44630502232218,3.23369497767782,23.5358852606555,163.32853647932478,194.35067713768035,0.9781033655357676,0.1593708373554678,0.1178395028676738,0.1629386453119611,33.02760380618742,31.746123974124885,27.135127115601943,27.688905220001985,0,209,0.0523809523809523,5.903213081650237,13.274190476190467,78.36037486736457,8.88178419700125e-16,3.552713678800501e-15,0,1.1509663604113078,194.35067713768035,4.180000000000001,3.4678983996496786,16.1684748883891,23.5358852606555,241.70293568637464
F3_seed19_life3_m1_selected_recovery_order_up_to_censoring_aware,F3,19,3,1.0,selected_recovery,order_up_to,censoring_aware,lightgbm_gbm_recovered,7,30,36.39977777777778,147.68,138.81122398777478,8.868776012225203,12.524594523606911,132.7909606996417,156.70221231586603,0.9399459912498292,0.0848090095043804,0.0740264782594968,0.0902275346603813,19.556737690848653,17.854919966037773,20.777207369907,21.20123201010918,0,210,0.1428571428571428,0.8097027247612839,13.274190476190467,10.748148197571709,4.440892098500625e-16,7.105427357601002e-15,0,1.0467816398006573,156.70221231586603,4.200000000000001,2.0534574575391087,44.34388006112602,12.524594523606911,219.82414435813808
F3_seed19_life3_m1_selected_recovery_age_aware_censoring_aware,F3,19,3,1.0,selected_recovery,age_aware,censoring_aware,lightgbm_gbm_recovered,7,30,36.39977777777778,147.68,144.59064404971397,3.089355950286013,24.530635708803214,164.37916376481064,194.9285002002459,0.9790807424818117,0.1661066881690358,0.1221773335407282,0.1696557607169171,33.6165346139401,31.65766178407123,26.650766431430288,27.19465962390846,0,209,0.0428571428571428,5.057379773284141,13.274190476190467,67.13262242100666,8.88178419700125e-16,1.0658141036401504e-14,0,1.155312627594966,194.9285002002459,4.180000000000001,3.5297361344637106,15.446779751430064,24.530635708803214,242.61565179494283
F3_seed20_life3_m1_raw_order_up_to_censoring_aware,F3,20,3,1.0,raw,order_up_to,censoring_aware,lightgbm_raw,7,30,36.39977777777778,147.68,135.46950060215912,12.210499397840888,11.394318378696026,127.26774881216129,154.31503624290542,0.9173178534815758,0.0771554603107802,0.0696186874458238,0.0841098426439052,19.59542370527332,16.803707609083922,23.960986705886025,24.449986434577568,0,207,0.1571428571428571,0.8176829125213115,13.274190476190467,10.85407872993408,4.440892098500625e-16,-7.105427357601002e-15,0,1.10933033857076,154.31503624290542,4.140000000000001,2.057519489053698,61.05249698920444,11.394318378696026,232.9593710998596
F3_seed20_life3_m1_raw_age_aware_censoring_aware,F3,20,3,1.0,raw,age_aware,censoring_aware,lightgbm_raw,7,30,36.39977777777778,147.68,143.01839675583847,4.661603244161535,23.83852820764298,159.31166141263515,194.15184317244965,0.9684344309035648,0.1614201530853397,0.1218044704298037,0.166681551103808,32.78097803718522,28.854514226931457,30.957144896365527,31.588923363638298,0,209,0.0714285714285714,5.974073213389343,13.274190476190467,79.30098575323741,8.88178419700125e-16,2.842170943040401e-14,0,1.1853351918800226,194.15184317244965,4.180000000000001,3.442002693904448,23.30801622080767,23.83852820764298,248.92039029480475
F3_seed20_life3_m1_selected_recovery_order_up_to_censoring_aware,F3,20,3,1.0,selected_recovery,order_up_to,censoring_aware,lightgbm_gbm_recovered,7,30,36.39977777777778,147.68,136.34684225713028,11.333157742869725,12.383458721271964,128.5952962723488,155.25721185323303,0.9232586826728756,0.0838533228688513,0.0750535056429005,0.0908232161176022,20.09017838836248,16.264773071724353,23.55677134381957,24.03752177940772,0,209,0.1380952380952381,0.9320146447391358,13.274190476190467,12.37173992086628,4.440892098500625e-16,-3.552713678800501e-15,0,1.0980758477125316,155.25721185323303,4.180000000000001,2.1094687307780595,56.66578871434861,12.383458721271964,230.59592801963169
F3_seed20_life3_m1_selected_recovery_age_aware_censoring_aware,F3,20,3,1.0,selected_recovery,age_aware,censoring_aware,lightgbm_gbm_recovered,7,30,36.39977777777778,147.68,143.11135742784404,4.5686425721559605,24.685612906577607,160.5178138219285,195.17589141747143,0.9690639045764086,0.1671561003966522,0.1253601199671305,0.1724923398831148,33.51877377753804,29.120621265284665,30.75455976719345,31.382203844074947,0,209,0.0571428571428571,5.065394996422774,13.274190476190467,67.23901801965805,8.88178419700125e-16,-1.0658141036401504e-14,0,1.192400897292716,195.17589141747143,4.180000000000001,3.5194712466414937,22.8432128607798,24.685612906577607,250.40418843147037
F3_seed21_life3_m1_raw_order_up_to_censoring_aware,F3,21,3,1.0,raw,order_up_to,censoring_aware,lightgbm_raw,7,30,36.39977777777778,147.68,134.05301635173802,13.626983648261987,11.474961868294244,128.17207526990563,152.62189496159334,0.90772627540451,0.0777015294440292,0.069726150953465,0.0856001765613793,20.14034524236132,19.04387482765113,21.39738179245588,21.834063053526407,0,206,0.1809523809523809,0.989893495148953,13.274190476190467,13.14003480574913,4.440892098500625e-16,2.131628207280301e-14,0,1.1355548158173596,152.62189496159334,4.120000000000001,2.1147362504479386,68.13491824130993,11.474961868294244,238.4665113216455
F3_seed21_life3_m1_raw_age_aware_censoring_aware,F3,21,3,1.0,raw,age_aware,censoring_aware,lightgbm_raw,7,30,36.39977777777778,147.68,141.48407330976218,6.195926690237809,22.969449461632525,159.47764462572886,192.6951370444303,0.9580449167779128,0.1555352753360815,0.1172644053601826,0.162346537842063,33.26345880702414,31.42389963211189,29.363589677812904,29.962846610013163,0,209,0.0761904761904761,6.236306367982827,13.274190476190467,82.78191859648362,8.88178419700125e-16,4.2632564145606005e-14,0,1.2110327768189977,192.6951370444303,4.180000000000001,3.492663174737535,30.979633451189045,22.969449461632525,254.3168831319895
F3_seed21_life3_m1_selected_recovery_order_up_to_censoring_aware,F3,21,3,1.0,selected_recovery,order_up_to,censoring_aware,lightgbm_gbm_recovered,7,30,36.39977777777778,147.68,134.62563661916045,13.05436338083956,12.472370651056996,128.9220933209581,153.26713544580537,0.9116037149184752,0.0844553808982732,0.0754429560236955,0.0926448406430924,20.4411502785048,18.223863828518446,21.27969941593114,21.713978995848105,0,207,0.1571428571428571,1.3077938418979187,13.274190476190467,17.3599045609419,4.440892098500625e-16,1.0658141036401504e-14,0,1.1299887799062056,153.26713544580537,4.140000000000001,2.1463207792430032,65.27181690419779,12.472370651056996,237.2976437803032
F3_seed21_life3_m1_selected_recovery_age_aware_censoring_aware,F3,21,3,1.0,selected_recovery,age_aware,censoring_aware,lightgbm_gbm_recovered,7,30,36.39977777777778,147.68,141.76973399239142,5.910266007608591,23.9016986937308,160.62768022007498,193.64272216239868,0.9599792388433872,0.1618479055642659,0.1213115112817995,0.1685952143707455,33.91166208236558,31.35602531173056,29.14218749907572,29.736926019465017,0,209,0.0666666666666666,5.387219762758574,13.274190476190467,71.51098126795493,8.88178419700125e-16,-1.7763568394002505e-14,0,1.213507025775337,193.64272216239868,4.180000000000001,3.5607245186483856,29.55133003804296,23.9016986937308,254.8364754128208
F3_seed22_life3_m1_raw_order_up_to_censoring_aware,F3,22,3,1.0,raw,order_up_to,censoring_aware,lightgbm_raw,7,30,36.39977777777778,147.68,133.07164520902944,14.608354790970568,11.474961868294244,127.02419856763294,152.41532524966067,0.9010810211879025,0.0777015294440292,0.0702159017599774,0.086231457124238,20.016606693650424,18.87736926808704,22.34282017703453,22.798796099014822,0,208,0.2,0.8362066567107242,13.274190476190467,11.099966438636573,4.440892098500625e-16,0.0,0,1.158065737026862,152.41532524966067,4.16,2.101743702833294,73.04177395485283,11.474961868294244,243.19380477564104
F3_seed22_life3_m1_raw_age_aware_censoring_aware,F3,22,3,1.0,raw,age_aware,censoring_aware,lightgbm_raw,7,30,36.39977777777778,147.68,141.11974492818084,6.5602550718191655,24.35999943350628,157.50834986922246,192.86288069951289,0.9555779044432612,0.1649512421012072,0.1256265001839036,0.1726193556111064,32.50266523221991,28.42838328531312,31.497273216300183,32.14007471051039,0,209,0.0857142857142857,6.130202696714727,13.274190476190467,81.37347825384775,8.88178419700125e-16,7.105427357601002e-15,0,1.2267473111499907,192.86288069951289,4.180000000000001,3.4127798493830905,32.801275359095825,24.35999943350628,257.6169353414981
F3_seed22_life3_m1_selected_recovery_order_up_to_censoring_aware,F3,22,3,1.0,selected_recovery,order_up_to,censoring_aware,lightgbm_gbm_recovered,7,30,36.39977777777778,147.68,133.74932815778217,13.93067184221783,12.623487889915015,127.87821511824316,153.37580544665215,0.9056698818918076,0.0854786558092836,0.0768422335054032,0.09438169195903,20.391002616190985,17.905176848323748,22.430074219475948,22.887830836199942,0,209,0.1809523809523809,0.8808017119450777,13.274190476190467,11.691929696113611,4.440892098500625e-16,-1.7763568394002505e-14,0,1.1522557515350305,153.37580544665215,4.180000000000001,2.1410552747000526,69.65335921108914,12.623487889915015,241.9737078223564
F3_seed22_life3_m1_selected_recovery_age_aware_censoring_aware,F3,22,3,1.0,selected_recovery,age_aware,censoring_aware,lightgbm_gbm_recovered,7,30,36.39977777777778,147.68,141.3606412054769,6.3193587945230725,25.202272750913707,158.93824733420286,193.88104431750156,0.9572091089211598,0.1706546096351144,0.1290187752050124,0.1782835203349181,33.19983322677156,28.77511115558999,31.065176096948644,31.69915928260065,0,209,0.0714285714285714,5.229078330611543,13.274190476190467,69.4117817754577,8.88178419700125e-16,4.9737991503207007e-14,0,1.2302194929992456,193.88104431750156,4.180000000000001,3.485982488811014,31.59679397261536,25.202272750913707,258.3460935298416
F3_seed23_life3_m1_raw_order_up_to_censoring_aware,F3,23,3,1.0,raw,order_up_to,censoring_aware,lightgbm_raw,7,30,36.39977777777778,147.68,134.83326334120673,12.846736658793276,11.435453234497828,129.06060597530535,153.8128692146932,0.9130096380092546,0.0774340007753103,0.0691129379438825,0.08481181090722,19.35792724701626,19.19166717737858,21.676005855093976,22.118373321524462,0,207,0.1761904761904762,0.8542767084427239,13.274190476190467,11.339831747241748,4.440892098500625e-16,-3.552713678800501e-15,0,1.1221647052575907,153.8128692146932,4.140000000000001,2.032582360936708,64.23368329396638,11.435453234497828,235.6545881040941
F3_seed23_life3_m1_raw_age_aware_censoring_aware,F3,23,3,1.0,raw,age_aware,censoring_aware,lightgbm_raw,7,30,36.39977777777778,147.68,142.54451263767507,5.135487362324921,23.464769205849485,160.45713077843226,193.29141689037988,0.9652255731153512,0.1588892822714618,0.1191970826827721,0.1646136268008653,32.688147773707094,30.847626712685447,28.968457774140067,29.559650789938843,0,209,0.0666666666666666,5.922729720782304,13.274190476190467,78.6194424526587,8.88178419700125e-16,4.2632564145606005e-14,0,1.1906946591623486,193.29141689037988,4.180000000000001,3.4322555162392447,25.6774368116246,23.464769205849485,250.0458784240932
F3_seed23_life3_m1_selected_recovery_order_up_to_censoring_aware,F3,23,3,1.0,selected_recovery,order_up_to,censoring_aware,lightgbm_gbm_recovered,7,30,36.39977777777778,147.68,135.4244444062976,12.255555593702407,12.452674878965508,129.40621651382543,154.55000891718595,0.917012760064312,0.0843220129940784,0.0751038883254424,0.0919529331174898,19.61620597565241,17.928875006340093,22.052792225016777,22.502849209200797,0,208,0.1571428571428571,1.1257993068762775,13.274190476190467,14.944074437438916,4.440892098500625e-16,1.4210854715202004e-14,0,1.116667444724319,154.55000891718595,4.16,2.059701627443503,61.27777796851204,12.452674878965508,234.50016339210697
F3_seed23_life3_m1_selected_recovery_age_aware_censoring_aware,F3,23,3,1.0,selected_recovery,age_aware,censoring_aware,lightgbm_gbm_recovered,7,30,36.39977777777778,147.68,143.0317839294515,4.648216070548484,24.350195798898955,161.7023130970084,194.37489903070104,0.9685250807790594,0.1648848577931944,0.1229174093588437,0.1702432503457368,33.288662344608056,30.720111146435706,28.785087953078637,29.37253872763125,0,208,0.0619047619047619,5.103897152636384,13.274190476190467,67.75010297498153,8.88178419700125e-16,3.552713678800501e-15,0,1.1886737368025062,194.37489903070104,4.16,3.4953095461838464,23.241080352742426,24.350195798898955,249.6214847285263
F3_seed24_life3_m1_raw_order_up_to_censoring_aware,F3,24,3,1.0,raw,order_up_to,censoring_aware,lightgbm_raw,7,30,36.39977777777778,147.68,132.35221140895572,15.327788591044284,11.474961868294244,125.57980441589376,150.95186330047164,0.8962094488688767,0.0777015294440292,0.0708420265868704,0.0867001899411994,20.02009175390084,18.152408916421585,22.353021618568423,22.809205733233085,0,208,0.1714285714285714,0.92613549325787,13.274190476190467,12.29369894426558,4.440892098500625e-16,-7.105427357601002e-15,0,1.1682279893245089,150.95186330047164,4.16,2.102109634159588,76.63894295522141,11.474961868294244,245.32787775814688
F3_seed24_life3_m1_raw_age_aware_censoring_aware,F3,24,3,1.0,raw,age_aware,censoring_aware,lightgbm_raw,7,30,36.39977777777778,147.68,141.14703751773317,6.532962482266836,23.73513004528876,157.03021828696265,192.2827797894331,0.9557627134191032,0.1607200030152272,0.1227065632434003,0.1681588963020691,31.900427304298205,28.547828501718488,31.406905906681835,32.0478631700835,0,209,0.0809523809523809,6.08733386698644,13.274190476190467,80.80442924254311,8.88178419700125e-16,2.131628207280301e-14,0,1.2200584148238447,192.2827797894331,4.180000000000001,3.3495448669513115,32.66481241133417,23.73513004528876,256.2122671130074
F3_seed24_life3_m1_selected_recovery_order_up_to_censoring_aware,F3,24,3,1.0,selected_recovery,order_up_to,censoring_aware,lightgbm_gbm_recovered,7,30,36.39977777777778,147.68,133.00100909069994,14.678990909300062,12.623487889915015,126.40063357301304,151.85202234554328,0.9006027159446095,0.0854786558092836,0.0775396559822862,0.0949127226644305,20.39225110289524,17.175914370175878,22.41434832561936,22.87178400573404,0,209,0.1619047619047619,0.9828605361335928,13.274190476190467,13.046677968167996,4.440892098500625e-16,-7.105427357601002e-15,0,1.1628173864179172,151.85202234554328,4.180000000000001,2.141186365804,73.3949545465003,12.623487889915015,244.19165114776263
F3_seed24_life3_m1_selected_recovery_age_aware_censoring_aware,F3,24,3,1.0,selected_recovery,age_aware,censoring_aware,lightgbm_gbm_recovered,7,30,36.39977777777778,147.68,141.18466424087907,6.4953357591209055,24.9995733212791,157.98381511137137,193.11837595569128,0.9560174989225289,0.1692820512004272,0.1286094826713876,0.1770700341690556,32.53775803167328,28.19935532699094,31.2721933252061,31.91040135225112,0,208,0.0666666666666666,5.163310754181146,13.274190476190467,68.5387704387632,8.88178419700125e-16,4.2632564145606005e-14,0,1.2293861555519077,193.11837595569128,4.16,3.4164645933256947,32.47667879560453,24.9995733212791,258.17109266590063
F3_seed25_life3_m1_raw_order_up_to_censoring_aware,F3,25,3,1.0,raw,order_up_to,censoring_aware,lightgbm_raw,7,30,36.39977777777778,147.68,133.69726692322635,13.982733076773652,11.12114241107383,126.23369459326516,152.43954262917782,0.905317354572226,0.0753056772147469,0.0683816329377835,0.0831815239533653,19.462752296530983,17.815063036742778,23.157057183329098,23.62965018707051,0,207,0.1714285714285714,0.7836723150925512,13.274190476190467,10.40261558145568,4.440892098500625e-16,-3.552713678800501e-15,0,1.1412282829297888,152.43954262917782,4.140000000000001,2.0435889911357528,69.91366538386825,11.12114241107383,239.65793941525567
F3_seed25_life3_m1_raw_age_aware_censoring_aware,F3,25,3,1.0,raw,age_aware,censoring_aware,lightgbm_raw,7,30,36.39977777777778,147.68,141.35079717164953,6.329202828350457,23.72156258776176,157.5674316211439,191.8030486380057,0.9571424510539648,0.1606281323656673,0.1222967668673055,0.1678205080014897,32.81428360757658,28.89484963951038,30.39955604410167,31.019955147042523,0,209,0.0761904761904761,6.16445128371415,13.274190476190467,81.82810052121846,8.88178419700125e-16,1.0658141036401504e-14,0,1.2133148816491204,191.8030486380057,4.180000000000001,3.4454997787955404,31.64601414175229,23.72156258776176,254.7961251463153
F3_seed25_life3_m1_selected_recovery_order_up_to_censoring_aware,F3,25,3,1.0,selected_recovery,order_up_to,censoring_aware,lightgbm_gbm_recovered,7,30,36.39977777777778,147.68,134.67530585948512,13.004694140514856,12.223947738618676,127.27041459249456,153.6653996147861,0.9119400450940216,0.0827732105811123,0.0746864628286398,0.0907660662851782,19.675822149111216,16.770938772168513,23.3216770299958,23.79762962244469,0,208,0.1571428571428571,0.8239828065602641,13.274190476190467,10.937704723386952,4.440892098500625e-16,2.131628207280301e-14,0,1.1292322827696937,153.6653996147861,4.16,2.0659613256566773,65.02347070257427,12.223947738618676,237.1387793816357
F3_seed25_life3_m1_selected_recovery_age_aware_censoring_aware,F3,25,3,1.0,selected_recovery,age_aware,censoring_aware,lightgbm_gbm_recovered,7,30,36.39977777777778,147.68,142.15035237804997,5.529647621950007,24.624290983823055,159.37311168537292,192.81232739181704,0.9625565572728194,0.1667408652750748,0.1257798822469643,0.1732270836609294,33.34282792324784,28.998246101277644,29.5829691586078,30.18670322306918,0,209,0.0666666666666666,5.259608537198803,13.274190476190467,69.81704555297443,4.440892098500625e-16,2.842170943040401e-14,0,1.20364692103491,192.81232739181704,4.180000000000001,3.5009969319410223,27.648238109750032,24.624290983823055,252.76585341733116
F3_seed26_life3_m1_raw_order_up_to_censoring_aware,F3,26,3,1.0,raw,order_up_to,censoring_aware,lightgbm_raw,7,30,36.39977777777778,147.68,136.28072392992738,11.399276070072608,11.280733290806838,129.56223901132228,153.57838079993562,0.922810969189649,0.076386330517381,0.0679717775733111,0.0827757071250014,19.374342069768463,18.40055956836583,20.944574172614605,21.37201446185164,0,209,0.1571428571428571,0.7903800734308251,13.274190476190467,10.491655643306183,4.440892098500625e-16,2.131628207280301e-14,0,1.0860466683734815,153.57838079993562,4.180000000000001,2.034305917325689,56.99638035036305,11.280733290806838,228.0698003584312
F3_seed26_life3_m1_raw_age_aware_censoring_aware,F3,26,3,1.0,raw,age_aware,censoring_aware,lightgbm_raw,7,30,36.39977777777778,147.68,143.09174111519062,4.588258884809376,21.61004229584899,160.1007784847037,192.3081906359113,0.9689310747236632,0.1463301888938853,0.1099744586319782,0.1510222891092829,32.21463670802485,31.79877285144188,28.361248338489375,28.94004932498916,0,209,0.0523809523809523,5.78660414854942,13.274190476190467,76.81248567815898,8.88178419700125e-16,1.0658141036401504e-14,0,1.1639145914769038,192.3081906359113,4.180000000000001,3.3825368543426086,22.94129442404688,21.61004229584899,244.4220642101498
F3_seed26_life3_m1_selected_recovery_order_up_to_censoring_aware,F3,26,3,1.0,selected_recovery,order_up_to,censoring_aware,lightgbm_gbm_recovered,7,30,36.39977777777778,147.68,136.8746877628031,10.805312237196896,12.524594523606908,130.55726974051737,154.6241112209663,0.9268329344718518,0.0848090095043804,0.0750168663723791,0.0915040956682319,19.75131325110899,17.557765231885135,20.974359256029608,21.402407404111848,0,210,0.1380952380952381,1.0179076630148312,13.274190476190467,13.51190020603277,4.440892098500625e-16,2.131628207280301e-14,0,1.083091213437734,154.6241112209663,4.200000000000001,2.073887891366444,54.02656118598449,12.524594523606908,227.4491548219241
F3_seed26_life3_m1_selected_recovery_age_aware_censoring_aware,F3,26,3,1.0,selected_recovery,age_aware,censoring_aware,lightgbm_gbm_recovered,7,30,36.39977777777778,147.68,143.3456423629748,4.3343576370251995,22.760741861970743,161.49164751393218,193.9695892004979,0.9706503410277274,0.154122033193193,0.1150163117397297,0.1587822377211634,32.9191165138226,31.7850410667644,28.59854990255576,29.182193778118123,0,209,0.0428571428571428,4.989225399131221,13.274190476190467,66.22792827671525,8.88178419700125e-16,3.907985046680551e-14,0,1.1716125070549812,193.9695892004979,4.180000000000001,3.4565072339513727,21.671788185125997,22.760741861970743,246.03862648154603
F3_seed27_life3_m1_raw_order_up_to_censoring_aware,F3,27,3,1.0,raw,order_up_to,censoring_aware,lightgbm_raw,7,30,36.39977777777778,147.68,137.1999487186903,10.48005128130967,11.48063338595544,128.05193264710715,155.03057055970805,0.9290354057332768,0.077739933545202,0.0698115778564634,0.0836781171798752,18.995088430168327,15.771128320239148,23.87802650140674,24.36533316470075,0,209,0.1904761904761904,0.7286105694685299,13.274190476190467,9.671715482090873,4.440892098500625e-16,4.085620730620576e-14,0,1.071837831606569,155.03057055970805,4.180000000000001,1.9944842851676745,52.40025640654835,11.48063338595544,225.0859446373795
F3_seed27_life3_m1_raw_age_aware_censoring_aware,F3,27,3,1.0,raw,age_aware,censoring_aware,lightgbm_raw,7,30,36.39977777777778,147.68,144.70947244447126,2.970527555528746,23.96321632522409,160.9074160477142,195.568280573283,0.97988537679084,0.1622644659075303,0.121451305756334,0.1655953540596272,31.881286610795787,28.63450505579664,30.749498914103143,31.377039708268512,0,210,0.0571428571428571,5.801793652595517,13.274190476190467,77.01411404810572,8.88178419700125e-16,3.552713678800501e-15,0,1.1520555703346875,195.568280573283,4.200000000000001,3.347535094133557,14.852637777643729,23.96321632522409,241.9316697702844
F3_seed27_life3_m1_selected_recovery_order_up_to_censoring_aware,F3,27,3,1.0,selected_recovery,order_up_to,censoring_aware,lightgbm_gbm_recovered,7,30,36.39977777777778,147.68,137.968344368252,9.711655631748,12.62957207414632,129.43100623438662,156.25389057350966,0.9342385182032232,0.0855198542398856,0.0761593943451409,0.0915396363707653,19.354651319303542,15.23286756976607,23.69780652765285,24.18143523229883,0,210,0.1619047619047619,0.8586568169199941,13.274190476190467,11.397974141475412,4.440892098500625e-16,2.131628207280301e-14,0,1.0651141866424898,156.25389057350966,4.200000000000001,2.032238388526872,48.558278158740016,12.62957207414632,223.67397919492285
F3_seed27_life3_m1_selected_recovery_age_aware_censoring_aware,F3,27,3,1.0,selected_recovery,age_aware,censoring_aware,lightgbm_gbm_recovered,7,30,36.39977777777778,147.68,145.06341819611507,2.616581803884907,25.07231806597018,162.18868050195772,196.83099018567424,0.98228208420988,0.169774634791239,0.1262526447063345,0.1728369452322862,32.507429594999,28.452722017650217,30.705689880003057,31.332336612248017,0,210,0.0476190476190476,4.9989310523486274,13.274190476190467,66.35676296621895,8.88178419700125e-16,1.4210854715202004e-14,0,1.1552357018025898,196.83099018567424,4.200000000000001,3.413280107474896,13.082909019424536,25.07231806597018,242.59949737854387
F3_seed28_life3_m1_raw_order_up_to_censoring_aware,F3,28,3,1.0,raw,order_up_to,censoring_aware,lightgbm_raw,7,30,36.39977777777778,147.68,133.7793478135573,13.900652186442686,11.216493859397604,127.70332535435848,151.72928164482963,0.9058731569173706,0.0759513397846533,0.0683502849447402,0.0838432392048252,19.39338970398606,19.107261459181327,20.9913706575746,21.41976597711693,0,209,0.1714285714285714,1.0759446698837665,13.274190476190467,14.282294489878993,4.440892098500625e-16,1.4210854715202004e-14,0,1.1365016302636153,151.72928164482963,4.180000000000001,2.036305918918536,69.50326093221344,11.216493859397604,238.66534235535923
F3_seed28_life3_m1_raw_age_aware_censoring_aware,F3,28,3,1.0,raw,age_aware,censoring_aware,lightgbm_raw,7,30,36.39977777777778,147.68,140.2989048624174,7.381095137582599,23.632165238771385,157.5442063609808,191.13220429248216,0.9500196699784492,0.1600227873697953,0.121850468029282,0.1684415517137928,32.19323255179274,30.012914037569782,29.765353845651727,30.3728100465834,0,209,0.0857142857142857,6.293178814037746,13.274190476190467,83.53685427826348,8.88178419700125e-16,2.131628207280301e-14,0,1.234429212557642,191.13220429248216,4.180000000000001,3.380289417938237,36.905475687913,23.632165238771385,259.2301346371048
F3_seed28_life3_m1_selected_recovery_order_up_to_censoring_aware,F3,28,3,1.0,selected_recovery,order_up_to,censoring_aware,lightgbm_gbm_recovered,7,30,36.39977777777778,147.68,134.38135427010965,13.298645729890346,12.25673789584016,128.47743790086022,152.61031077485669,0.9099495820023676,0.0829952457735655,0.0743385788351117,0.0912086201423735,19.75583665292944,18.239123512688188,21.080666658499304,21.51088434540745,0,209,0.1476190476190476,1.255233011236361,13.274190476190467,16.662202083153588,4.440892098500625e-16,7.105427357601002e-15,0,1.1314982865176482,152.61031077485669,4.180000000000001,2.0743628485575907,66.49322864945174,12.25673789584016,237.61464016870613
F3_seed28_life3_m1_selected_recovery_age_aware_censoring_aware,F3,28,3,1.0,selected_recovery,age_aware,censoring_aware,lightgbm_gbm_recovered,7,30,36.39977777777778,147.68,140.79962336293943,6.880376637060572,24.514322983790088,158.81020869144317,192.00551539721243,0.9534102340394056,0.1659962282217638,0.1255792463653251,0.1741078732902536,32.86307291953295,29.896040122491385,29.355196397825008,29.954282038596947,0,209,0.0761904761904761,5.399698279199191,13.274190476190467,71.67662347204796,8.88178419700125e-16,4.618527782440651e-14,0,1.2312016391564584,192.00551539721243,4.180000000000001,3.4506226565509586,34.40188318530286,24.514322983790088,258.5523442228563
F3_seed29_life3_m1_raw_order_up_to_censoring_aware,F3,29,3,1.0,raw,order_up_to,censoring_aware,lightgbm_raw,7,30,36.39977777777778,147.68,135.17224955988922,12.507750440110772,11.205530518631855,128.81746220138504,153.6593806018955,0.9153050484824568,0.0758771026451236,0.0678230099960821,0.08289815812873,19.61582247655468,18.83945990064173,21.768730788472528,22.212990600482176,0,209,0.1761904761904762,0.7966038507508387,13.274190476190467,10.574271248933435,4.440892098500625e-16,1.0658141036401504e-14,0,1.1125872603862832,153.6593806018955,4.180000000000001,2.0596613600382407,62.53875220055385,11.205530518631855,233.64332468111945
F3_seed29_life3_m1_raw_age_aware_censoring_aware,F3,29,3,1.0,raw,age_aware,censoring_aware,lightgbm_raw,7,30,36.39977777777778,147.68,142.37009552288924,5.309904477110757,23.61401486543776,160.44173130112915,192.8209129610685,0.9640445254800192,0.159899883975066,0.1199646099846334,0.1658635879867149,32.55605799487687,30.857398690579945,28.52276340071793,29.104860612977483,0,209,0.0666666666666666,6.086939602485754,13.274190476190467,80.79919570046297,8.88178419700125e-16,-7.105427357601002e-15,0,1.1932516014358194,192.8209129610685,4.180000000000001,3.418386089462071,26.549522385553782,23.61401486543776,250.5828363015221
F3_seed29_life3_m1_selected_recovery_order_up_to_censoring_aware,F3,29,3,1.0,selected_recovery,order_up_to,censoring_aware,lightgbm_gbm_recovered,7,30,36.39977777777778,147.68,135.70331867492482,11.976681325075186,12.229380345909725,129.30290318909385,154.42039443715296,0.9189011286221884,0.0828099969251741,0.0738031531810562,0.0901185060566205,19.999064105495027,17.76998194603708,22.029083359316036,22.478656489098,0,210,0.1523809523809523,1.0006726557271848,13.274190476190467,13.28311943643802,4.440892098500625e-16,1.7763568394002505e-14,0,1.1087289673310263,154.42039443715296,4.200000000000001,2.099901731076978,59.883406625375926,12.229380345909725,232.8330831395156
F3_seed29_life3_m1_selected_recovery_age_aware_censoring_aware,F3,29,3,1.0,selected_recovery,age_aware,censoring_aware,lightgbm_gbm_recovered,7,30,36.39977777777778,147.68,142.75460960382097,4.925390396179036,24.85886536064108,161.61420394952418,193.71178133210128,0.9666482232111386,0.1683292616511448,0.1255409600059244,0.1741370413861277,33.197391062021985,30.400506762839925,28.223341755935085,28.799328322382735,0,209,0.0571428571428571,5.2478519232682315,13.274190476190467,69.66098602030499,8.88178419700125e-16,0.0,0,1.1945872606435708,193.71178133210128,4.180000000000001,3.485726061512308,24.626951980895186,24.85886536064108,250.86332473514983
F3_seed00_life3_m1.25_raw_order_up_to_censoring_aware,F3,0,3,1.25,raw,order_up_to,censoring_aware,lightgbm_raw,7,30,36.39977777777778,184.6,159.50088319444023,25.09911680555978,6.7013395806494565,143.98837077414365,171.48978958492026,0.8640351202299038,0.0363019478908421,0.0371495557465661,0.0420144355719971,14.729282845446289,14.185925776831745,24.07162301907821,24.562880631712456,0,206,0.2857142857142857,0.5810600591518706,20.740922619047627,12.051721723888187,4.440892098500625e-16,-3.552713678800501e-15,0,1.4731108947244784,171.48978958492026,4.120000000000001,1.5465746987718596,125.49558402779893,6.7013395806494565,309.3532878921405
F3_seed00_life3_m1.25_raw_age_aware_censoring_aware,F3,0,3,1.25,raw,age_aware,censoring_aware,lightgbm_raw,7,30,36.39977777777778,184.6,172.5256567413477,12.074343258652329,12.455428177401114,174.7535927098843,210.5680128592257,0.9345918566703558,0.0674725253380342,0.0589875887305758,0.0721946428876629,27.04308855415002,26.17228556891329,31.60305989215692,32.24802029811931,0,209,0.1333333333333333,2.8813728792696365,20.740922619047627,59.762331925553994,4.440892098500625e-16,-2.131628207280301e-14,0,1.382927055371782,210.5680128592257,4.180000000000001,2.839524298185753,60.37171629326164,12.455428177401114,290.4146816280742
F3_seed00_life3_m1.25_selected_recovery_order_up_to_censoring_aware,F3,0,3,1.25,selected_recovery,order_up_to,censoring_aware,lightgbm_gbm_recovered,7,30,36.39977777777778,184.6,160.355306644313,24.244693355687,7.630564900454109,145.07743826393224,172.08091484357865,0.868663632959442,0.0413356711833917,0.0420469581079551,0.0475853594130165,15.148877778047328,13.491344496942927,23.561858282774782,24.042712533443652,0,208,0.2809523809523809,0.8401508105418942,20.740922619047627,17.42550294977957,4.440892098500625e-16,-1.9539925233402755e-14,0,1.4604075175674414,172.08091484357865,4.16,1.5906321666949692,121.223466778435,7.630564900454109,306.6855786891627
F3_seed00_life3_m1.25_selected_recovery_age_aware_censoring_aware,F3,0,3,1.25,selected_recovery,age_aware,censoring_aware,lightgbm_gbm_recovered,7,30,36.39977777777778,184.6,172.86913957707205,11.730860422927943,14.169303752863692,177.20150423826337,212.398758980924,0.9364525437544532,0.0767567917273222,0.0663352935859233,0.0819654901246641,27.8651738428878,26.562838686105422,30.94927956304213,31.58089751330829,0,209,0.1333333333333333,2.3946838290316648,20.740922619047627,49.66795199503045,4.440892098500625e-16,-7.105427357601002e-15,0,1.3920390861996692,212.398758980924,4.180000000000001,2.925843253503219,58.65430211463973,14.169303752863692,292.32820810193056
F3_seed01_life3_m1.25_raw_order_up_to_censoring_aware,F3,1,3,1.25,raw,order_up_to,censoring_aware,lightgbm_raw,7,30,36.39977777777778,184.6,153.89400575450037,30.705994245499653,7.462109877845623,138.23886216408505,165.83199017634124,0.833662003003794,0.0404231304325331,0.0427288593196199,0.0484886324276305,15.134812798546236,13.282524309516852,24.27648820872937,24.7719267436014,0,204,0.2857142857142857,0.4349754594682183,20.740922619047627,9.021792346015005,4.440892098500625e-16,-1.0658141036401504e-14,0,1.5833010791692022,165.83199017634124,4.08,1.589155343847355,153.5299712274983,7.462109877845623,332.49322662553243
F3_seed01_life3_m1.25_raw_age_aware_censoring_aware,F3,1,3,1.25,raw,age_aware,censoring_aware,lightgbm_raw,7,30,36.39977777777778,184.6,167.8085334778793,16.79146652212069,14.3372799458893,172.05065457216978,206.35828307512196,0.9090386428920872,0.0776667386017838,0.068780284042874,0.085438324552066,26.260517262284917,26.304618926178943,30.18046284144973,30.796390654540545,0,210,0.1666666666666666,3.212607274757133,20.740922619047627,66.63243889112717,4.440892098500625e-16,1.0658141036401504e-14,0,1.4838583330674031,206.35828307512196,4.200000000000001,2.757354312539916,83.95733261060347,14.3372799458893,311.61024994415465
F3_seed01_life3_m1.25_selected_recovery_order_up_to_censoring_aware,F3,1,3,1.25,selected_recovery,order_up_to,censoring_aware,lightgbm_gbm_recovered,7,30,36.39977777777778,184.6,154.7905914792352,29.809408520764805,8.055236634137705,138.88978720594935,166.37611685576314,0.8385189137553369,0.0436361681155888,0.0459538857026971,0.052039575255569,15.551333972714172,12.443736870354217,24.15880731269857,24.651844196631195,0,206,0.2857142857142857,0.5411692435590748,20.740922619047627,11.22434940446731,4.440892098500625e-16,2.3092638912203256e-14,0,1.567768029337428,166.37611685576314,4.120000000000001,1.6328900671349875,149.047042603824,8.055236634137705,329.2312861608599
F3_seed01_life3_m1.25_selected_recovery_age_aware_censoring_aware,F3,1,3,1.25,selected_recovery,age_aware,censoring_aware,lightgbm_gbm_recovered,7,30,36.39977777777778,184.6,168.2747195605272,16.325280439472817,15.366127440393562,172.7027452794254,207.1759295512608,0.9115640279551852,0.08324012697938,0.073486092925765,0.0913157215803083,26.900294032666626,25.461676056282435,30.3296656808102,30.948638449806328,0,210,0.1619047619047619,2.665870199766794,20.740922619047627,55.29260752578812,8.88178419700125e-16,1.4210854715202004e-14,0,1.4818713812497546,207.1759295512608,4.200000000000001,2.824530873429996,81.62640219736409,15.366127440393562,311.1929900624485
F3_seed02_life3_m1.25_raw_order_up_to_censoring_aware,F3,2,3,1.25,raw,order_up_to,censoring_aware,lightgbm_raw,7,30,36.39977777777778,184.6,154.0655784540579,30.534421545942077,7.531808394906724,139.9804716492962,168.04894908930223,0.8345914325788619,0.0408006955303722,0.0427021076303717,0.0488870289553529,14.9396732145481,14.782862578109302,24.707498458220055,25.211733120632715,0,207,0.3047619047619047,0.7619844415149382,20.740922619047627,15.804260338379557,4.440892098500625e-16,3.7303493627405266e-14,0,1.5902930042926042,168.04894908930223,4.140000000000001,1.5686656875275504,152.67210772971038,7.531808394906724,333.9615309014469
F3_seed02_life3_m1.25_raw_age_aware_censoring_aware,F3,2,3,1.25,raw,age_aware,censoring_aware,lightgbm_raw,7,30,36.39977777777778,184.6,170.0080039370836,14.591996062916404,14.071093429904831,173.15509023503753,209.5401933052071,0.9209534341120456,0.0762247748098853,0.0671475378421861,0.0827672409771498,26.937657535542748,25.475770645826834,32.19429920406547,32.85132571843416,0,209,0.1619047619047619,3.046280611221968,20.740922619047627,63.18267043325995,4.440892098500625e-16,2.4868995751603507e-14,0,1.4456177194805997,209.5401933052071,4.180000000000001,2.8284540412319896,72.95998031458201,14.071093429904831,303.57972109092594
F3_seed02_life3_m1.25_selected_recovery_order_up_to_censoring_aware,F3,2,3,1.25,selected_recovery,order_up_to,censoring_aware,lightgbm_gbm_recovered,7,30,36.39977777777778,184.6,156.07604776725788,28.523952232742115,8.188637928278142,141.46828450340772,169.20243285621189,0.8454823822711695,0.0443588186797299,0.0460377080812462,0.0524656924968341,15.219924573883072,13.603376585649473,24.350099695679955,24.84704050579587,0,207,0.2857142857142857,1.0293178701592938,20.740922619047627,21.349002295376824,4.440892098500625e-16,1.0658141036401504e-14,0,1.5511853525164685,169.20243285621189,4.140000000000001,1.5980920802577223,142.6197611637106,8.188637928278142,325.7489240284584
F3_seed02_life3_m1.25_selected_recovery_age_aware_censoring_aware,F3,2,3,1.25,selected_recovery,age_aware,censoring_aware,lightgbm_gbm_recovered,7,30,36.39977777777778,184.6,171.0113369480763,13.588663051923705,14.999707179206307,174.47448756120636,210.66473212276256,0.9263886075193732,0.0812551851527969,0.0711310465271521,0.0877117707334258,27.65437845676643,24.86322121170156,31.97694991910088,32.629540733776416,0,209,0.1428571428571428,2.533518336463344,20.740922619047627,52.54750777052448,8.88178419700125e-16,-1.0658141036401504e-14,0,1.4318641157121326,210.66473212276256,4.180000000000001,2.9037097379604755,67.94331525961852,14.999707179206307,300.6914642995478
F3_seed03_life3_m1.25_raw_order_up_to_censoring_aware,F3,3,3,1.25,raw,order_up_to,censoring_aware,lightgbm_raw,7,30,36.39977777777778,184.6,152.06795713607815,32.532042863921816,7.275959182418861,138.41557681225345,166.14144931904326,0.8237700819939228,0.0394147301322798,0.0416208244377737,0.0478467608788086,15.82605938154454,15.471438271534176,24.403043520408936,24.90106481674381,0,205,0.3047619047619047,0.5688317980066773,20.740922619047627,11.798096305710226,4.440892098500625e-16,4.7961634663806756e-14,0,1.6278064716958731,166.14144931904326,4.1000000000000005,1.6617362350621765,162.66021431960905,7.275959182418861,341.83935905613333
F3_seed03_life3_m1.25_raw_age_aware_censoring_aware,F3,3,3,1.25,raw,age_aware,censoring_aware,lightgbm_raw,7,30,36.39977777777778,184.6,170.6873629551365,13.91263704486347,14.288966042324969,174.30989322948994,210.0703519836581,0.9246336021405012,0.0774050164806336,0.0678135273716606,0.0837142586008589,26.954134864058048,25.733342009806183,31.559051714495045,32.2031139943827,0,209,0.1714285714285714,2.97251439764124,20.740922619047627,61.65269110548192,4.440892098500625e-16,7.105427357601002e-14,0,1.4330127971953643,210.0703519836581,4.180000000000001,2.830184160726096,69.56318522431735,14.288966042324969,300.9326874110265
F3_seed03_life3_m1.25_selected_recovery_order_up_to_censoring_aware,F3,3,3,1.25,selected_recovery,order_up_to,censoring_aware,lightgbm_gbm_recovered,7,30,36.39977777777778,184.6,153.16163585103368,31.438364148966343,7.9324974973144915,139.67941116623126,166.96442214872184,0.8296946687488282,0.0429712757167632,0.0450507385051445,0.0517916738956072,16.129084075240378,14.985055595660915,23.94572253951611,24.43441075460828,0,207,0.2904761904761905,0.8599562879883397,20.740922619047627,17.83628682492959,4.440892098500625e-16,-4.085620730620576e-14,0,1.6091537819941346,166.96442214872184,4.140000000000001,1.6935538279002396,157.19182074483174,7.9324974973144915,337.9222942187683
F3_seed03_life3_m1.25_selected_recovery_age_aware_censoring_aware,F3,3,3,1.25,selected_recovery,age_aware,censoring_aware,lightgbm_gbm_recovered,7,30,36.39977777777778,184.6,171.49222700906392,13.107772990936043,15.180916850697493,175.63529932987424,210.96339196772172,0.9289936457695772,0.0822368193428899,0.071596252175719,0.088522477755771,27.54368925890638,25.36193324789058,31.108824798493057,31.743698773972508,0,209,0.1761904761904762,2.5062088504593127,20.740922619047627,51.98108383454892,8.88178419700125e-16,3.197442310920451e-14,0,1.4226441006918311,210.96339196772172,4.180000000000001,2.892087372185169,65.53886495468022,15.180916850697493,298.7552611452846
F3_seed04_life3_m1.25_raw_order_up_to_censoring_aware,F3,4,3,1.25,raw,order_up_to,censoring_aware,lightgbm_raw,7,30,36.39977777777778,184.6,155.415279803979,29.184720196021008,7.771254442998738,141.93049227457095,168.19473059593608,0.8419029241819013,0.0420978030498306,0.0435778762669819,0.0500031557566309,15.340043376259656,15.143735805371008,22.900343709446368,23.36769766270038,0,204,0.2952380952380952,0.5809819574977207,20.740922619047627,12.050101823523043,4.440892098500625e-16,3.552713678800501e-15,0,1.5599061455883196,168.19473059593608,4.08,1.6107045545072638,145.92360098010505,7.771254442998738,327.5802905735472
F3_seed04_life3_m1.25_raw_age_aware_censoring_aware,F3,4,3,1.25,raw,age_aware,censoring_aware,lightgbm_raw,7,30,36.39977777777778,184.6,169.22993564597718,15.37006435402283,13.237870507140542,175.0588506891533,208.73395780771105,0.9167385462945676,0.0717111078393312,0.0626026499987951,0.0782241655804542,27.456321183124192,28.99082231381335,29.50042796240352,30.102477512656648,0,208,0.1476190476190476,3.0444382782778527,20.740922619047627,63.14445874822753,4.440892098500625e-16,1.7763568394002505e-14,0,1.456500303853303,208.73395780771105,4.16,2.8829137242280405,76.85032177011412,13.237870507140542,305.86506380919366
F3_seed04_life3_m1.25_selected_recovery_order_up_to_censoring_aware,F3,4,3,1.25,selected_recovery,order_up_to,censoring_aware,lightgbm_gbm_recovered,7,30,36.39977777777778,184.6,156.32721396294548,28.272786037054534,8.236989883429942,142.70516876787707,168.72723405809788,0.8468429792142225,0.044620746930823,0.0459897397715382,0.0526906971257248,15.64393336316196,14.540742699279432,22.647520609058866,23.109714907202925,0,206,0.2857142857142857,0.8421361727759419,20.740922619047627,17.466681194246735,4.440892098500625e-16,3.552713678800501e-15,0,1.5432893672853931,168.72723405809788,4.120000000000001,1.6426130031320056,141.36393018527266,8.236989883429942,324.09076712993254
F3_seed04_life3_m1.25_selected_recovery_age_aware_censoring_aware,F3,4,3,1.25,selected_recovery,age_aware,censoring_aware,lightgbm_gbm_recovered,7,30,36.39977777777778,184.6,170.13918863377413,14.460811366225863,14.095844949477687,176.26941682187325,209.6324043903426,0.9216640771060352,0.076358856714397,0.0662806147172046,0.0828489019059512,28.1142297490372,28.4341610163992,29.170339480662516,29.76565253128828,0,208,0.1285714285714285,2.641147425741675,20.740922619047627,54.77983438280492,8.88178419700125e-16,2.4868995751603507e-14,0,1.4435442871171358,209.6324043903426,4.16,2.9519941236489053,72.30405683112933,14.095844949477687,303.14430029459845
F3_seed05_life3_m1.25_raw_order_up_to_censoring_aware,F3,5,3,1.25,raw,order_up_to,censoring_aware,lightgbm_raw,7,30,36.39977777777778,184.6,157.95983235313952,26.640167646860466,7.257373831906634,143.17156855378386,170.44055486852352,0.8556870658349919,0.039314051093752,0.0404149881379547,0.045944426021432,15.591649782847766,14.354140146515476,23.86017521736916,24.34711756874404,0,204,0.2761904761904762,0.6735737023499949,20.740922619047627,13.970540038666664,4.440892098500625e-16,1.4210854715202004e-14,0,1.5076947150568167,170.44055486852352,4.08,1.6371232271990153,133.20083823430235,7.257373831906634,316.6158901619316
F3_seed05_life3_m1.25_raw_age_aware_censoring_aware,F3,5,3,1.25,raw,age_aware,censoring_aware,lightgbm_raw,7,30,36.39977777777778,184.6,170.1295686167071,14.470431383292892,14.38275357149212,175.0049073220204,209.61200801910348,0.921611964337525,0.0779130746017991,0.0680342233886747,0.0845399990632768,28.281660957114187,26.892362911598934,30.414860536701024,31.035571976225533,0,209,0.1666666666666666,3.0644684995138496,20.740922619047627,63.55990401692574,4.440892098500625e-16,1.7763568394002505e-14,0,1.4452213947978905,209.61200801910348,4.180000000000001,2.96957440049699,72.35215691646445,14.38275357149212,303.496492907557
F3_seed05_life3_m1.25_selected_recovery_order_up_to_censoring_aware,F3,5,3,1.25,selected_recovery,order_up_to,censoring_aware,lightgbm_gbm_recovered,7,30,36.39977777777778,184.6,159.28200661386484,25.3179933861352,7.71065660909024,144.3557165484404,171.41530485455522,0.8628494399450966,0.0417695374273577,0.0426579376623232,0.048408836459366,15.930406242526272,13.762831103263142,23.63128220902372,24.113553274514,0,206,0.2666666666666666,0.9290896684265424,20.740922619047627,19.27017691899153,4.440892098500625e-16,-3.552713678800501e-14,0,1.4833743859513655,171.41530485455522,4.120000000000001,1.672692655465258,126.58996693067598,7.71065660909024,311.5086210497868
F3_seed05_life3_m1.25_selected_recovery_age_aware_censoring_aware,F3,5,3,1.25,selected_recovery,age_aware,censoring_aware,lightgbm_gbm_recovered,7,30,36.39977777777778,184.6,171.10161198732496,13.498388012675036,15.285096292237506,176.33783367136127,210.66377608197956,0.9268776380678492,0.0828011716805932,0.0718495248118917,0.0893334441137223,29.059153675394978,26.35090316957656,30.11266688897864,30.727211111202696,0,209,0.1476190476190476,2.572836124295049,20.740922619047627,53.36299496549402,8.88178419700125e-16,2.842170943040401e-14,0,1.4317715408262317,210.66377608197956,4.180000000000001,3.051211135916473,67.4919400633752,15.285096292237506,300.6720235735086
F3_seed06_life3_m1.25_raw_order_up_to_censoring_aware,F3,6,3,1.25,raw,order_up_to,censoring_aware,lightgbm_raw,7,30,36.39977777777778,184.6,157.031600281927,27.568399718072985,7.275959182418861,141.25283384598143,170.98874785478813,0.850658723087362,0.0394147301322798,0.0409561059413425,0.0463343630795072,15.201882077203422,13.34505215941333,26.31613905171094,26.85320311399076,0,205,0.2761904761904762,0.677179394221109,20.740922619047627,14.04532541475357,4.440892098500625e-16,1.0658141036401504e-14,0,1.5323947773603726,170.98874785478813,4.1000000000000005,1.5961976181063593,137.8419985903649,7.275959182418861,321.80290324567824
F3_seed06_life3_m1.25_raw_age_aware_censoring_aware,F3,6,3,1.25,raw,age_aware,censoring_aware,lightgbm_raw,7,30,36.39977777777778,184.6,171.21244269543106,13.387557304568944,14.382768727047672,174.93394836681352,211.12344120979392,0.92747802110201,0.0779131567012333,0.0680571387702084,0.0840053941209933,27.68590010181632,25.738514722112576,31.967024018784542,32.61941226406586,0,209,0.1428571428571428,2.9980951079525777,20.740922619047627,62.183258638589656,4.440892098500625e-16,-3.552713678800501e-15,0,1.4263381712875096,211.12344120979392,4.180000000000001,2.9070195106907137,66.93778652284473,14.382768727047672,299.53101597037704
F3_seed06_life3_m1.25_selected_recovery_order_up_to_censoring_aware,F3,6,3,1.25,selected_recovery,order_up_to,censoring_aware,lightgbm_gbm_recovered,7,30,36.39977777777778,184.6,158.30455952574866,26.29544047425136,7.9324974973144915,142.76403354953948,171.7262240128506,0.8575544936389418,0.0429712757167632,0.0442751102387662,0.0501090904840567,15.591672172502587,12.9267543042541,25.527665983054117,26.048638758218484,0,206,0.2619047619047619,0.9927410470187764,20.740922619047627,20.590365236968765,4.440892098500625e-16,1.2434497875801752e-14,0,1.5090145212358796,171.7262240128506,4.120000000000001,1.637125578112772,131.4772023712568,7.9324974973144915,316.8930494595347
F3_seed06_life3_m1.25_selected_recovery_age_aware_censoring_aware,F3,6,3,1.25,selected_recovery,age_aware,censoring_aware,lightgbm_gbm_recovered,7,30,36.39977777777778,184.6,172.32921311608877,12.27078688391124,15.175688145187952,176.22764855387013,212.19100116465088,0.9335276983536768,0.0822084948276703,0.071372204456435,0.0880621913764842,28.359557541082427,25.12252507037121,31.71953258748768,32.36686998723233,0,209,0.1285714285714285,2.5271885959686764,20.740922619047627,52.41622311272593,4.440892098500625e-16,-2.131628207280301e-14,0,1.408944653672422,212.19100116465088,4.180000000000001,2.977753541813655,61.3539344195562,15.175688145187952,295.87837727120854
F3_seed07_life3_m1.25_raw_order_up_to_censoring_aware,F3,7,3,1.25,raw,order_up_to,censoring_aware,lightgbm_raw,7,30,36.39977777777778,184.6,157.86261223103887,26.737387768961096,5.726907144876072,143.00097592847175,169.54962534158307,0.8551604129525399,0.031023332312438,0.0319224252215422,0.036277792847457,15.240254385226274,15.811234330334566,23.15765690627968,23.630262149264976,0,205,0.2952380952380952,0.5548225537586204,20.740922619047627,11.507531654809938,4.440892098500625e-16,2.664535259100376e-14,0,1.4983985621033975,169.54962534158307,4.1000000000000005,1.6002267104487586,133.68693884480552,5.726907144876072,314.6636980417135
F3_seed07_life3_m1.25_raw_age_aware_censoring_aware,F3,7,3,1.25,raw,age_aware,censoring_aware,lightgbm_raw,7,30,36.39977777777778,184.6,171.4961506854199,13.10384931458008,12.498368993880293,175.4667007692194,209.1159607137268,0.9290149007877568,0.0677051408119192,0.0589917247862683,0.0728784228912892,27.392308262204608,27.87195886769697,29.46694073023285,30.06830686758453,0,209,0.1523809523809523,3.0618553818674354,20.740922619047627,63.505705546027,4.440892098500625e-16,0.0,0,1.4009036602287568,209.1159607137268,4.180000000000001,2.876192367531484,65.5192465729004,12.498368993880293,294.18976864803886
F3_seed07_life3_m1.25_selected_recovery_order_up_to_censoring_aware,F3,7,3,1.25,selected_recovery,order_up_to,censoring_aware,lightgbm_gbm_recovered,7,30,36.39977777777778,184.6,159.30559525806495,25.29440474193507,6.471778418901518,144.2583323561659,170.71316739281033,0.8629772224163865,0.0350583879680472,0.0358233483905217,0.0406249285118808,15.490266003950376,14.880736456977257,23.040571688788223,23.510787437539,0,207,0.2714285714285714,0.7677825134191743,20.740922619047627,15.924517699084989,4.440892098500625e-16,-3.552713678800501e-14,0,1.473444987865724,170.71316739281033,4.140000000000001,1.6264779304147892,126.47202370967536,6.471778418901518,309.423447451802
F3_seed07_life3_m1.25_selected_recovery_age_aware_censoring_aware,F3,7,3,1.25,selected_recovery,age_aware,censoring_aware,lightgbm_gbm_recovered,7,30,36.39977777777778,184.6,172.48613830333886,12.113861696661145,13.274283778954624,176.6966900154073,210.21032161114988,0.9343777806248043,0.0719083628329069,0.0622923688807344,0.0769585539425208,28.08371281109075,27.336045710891607,29.309425163519588,29.90757669746897,0,208,0.1380952380952381,2.5757353953408955,20.740922619047627,53.42312852190756,4.440892098500625e-16,0.0,0,1.3864890653265465,210.21032161114988,4.16,2.9487898451645287,60.569308483305726,13.274283778954624,291.16270371857473
F3_seed08_life3_m1.25_raw_order_up_to_censoring_aware,F3,8,3,1.25,raw,order_up_to,censoring_aware,lightgbm_raw,7,30,36.39977777777778,184.6,157.02928722581592,27.570712774184077,7.875105804953844,142.8210888173498,168.62540076392452,0.850646192989252,0.0426603781416784,0.043940786330111,0.050150554358876,15.466768282290175,14.3164735643578,22.43180393129624,22.88959584826147,0,206,0.2761904761904762,0.4630564868349881,20.740922619047627,9.604218761692534,4.440892098500625e-16,1.0658141036401504e-14,0,1.5242765767116155,168.62540076392452,4.120000000000001,1.6240106696404688,137.8535638709204,7.875105804953844,320.09808110943925
F3_seed08_life3_m1.25_raw_age_aware_censoring_aware,F3,8,3,1.25,raw,age_aware,censoring_aware,lightgbm_raw,7,30,36.39977777777778,184.6,171.3004000396874,13.299599960312603,14.988674703345628,176.48344174039082,211.14046278365257,0.9279544964230086,0.0811954209281994,0.0704079670406638,0.0874993561011708,27.514589851297245,26.594144775135565,30.43421178758873,31.055318150600737,0,209,0.1333333333333333,2.9299207592797885,20.740922619047627,60.76925974816336,4.440892098500625e-16,2.131628207280301e-14,0,1.4271246153473685,211.14046278365257,4.180000000000001,2.8890319343862108,66.49799980156301,14.988674703345628,299.69616922294733
F3_seed08_life3_m1.25_selected_recovery_order_up_to_censoring_aware,F3,8,3,1.25,selected_recovery,order_up_to,censoring_aware,lightgbm_gbm_recovered,7,30,36.39977777777778,184.6,157.95870126129702,26.641298738702968,8.579740901806785,143.39058969909465,169.29520321725394,0.8556809385769069,0.0464774696739262,0.0477208040798428,0.0543163550554526,15.842885797531144,13.251925313768607,22.518709453814235,22.978274952871672,0,207,0.2666666666666666,0.6586908383797381,20.740922619047627,13.661855708709757,4.440892098500625e-16,1.4210854715202004e-14,0,1.5089759086729353,169.29520321725394,4.140000000000001,1.66350300874077,133.20649369351483,8.579740901806785,316.8849408213164
F3_seed08_life3_m1.25_selected_recovery_age_aware_censoring_aware,F3,8,3,1.25,selected_recovery,age_aware,censoring_aware,lightgbm_gbm_recovered,7,30,36.39977777777778,184.6,172.34451444417277,12.255485555827253,15.799999676598482,177.53963981168602,212.2675111493183,0.9336105874548905,0.0855904641202518,0.0738526815423873,0.0916768353640669,28.01222960168591,25.794903468692564,30.48252111464592,31.10461338229176,0,209,0.1285714285714285,2.511732623641897,20.740922619047627,52.09565198669407,8.88178419700125e-16,1.0658141036401504e-14,0,1.411743917682048,212.2675111493183,4.180000000000001,2.94128410817702,61.27742777913625,15.799999676598482,296.4662227132301
F3_seed09_life3_m1.25_raw_order_up_to_censoring_aware,F3,9,3,1.25,raw,order_up_to,censoring_aware,lightgbm_raw,7,30,36.39977777777778,184.6,155.18269042804425,29.41730957195576,7.424065395666885,140.07650302269204,170.10657910681206,0.8406429600652451,0.0402170389797772,0.0420683468735426,0.047840808631355,14.7184447009146,13.8695249767587,26.6279445019838,27.171371940799787,0,205,0.3142857142857142,0.6414457051439972,20.740922619047627,13.304175734712087,4.440892098500625e-16,-1.7763568394002505e-14,0,1.5726791859802565,170.10657910681206,4.1000000000000005,1.5454366935960326,147.0865478597788,7.424065395666885,330.26262905585384
F3_seed09_life3_m1.25_raw_age_aware_censoring_aware,F3,9,3,1.25,raw,age_aware,censoring_aware,lightgbm_raw,7,30,36.39977777777778,184.6,168.97357479831962,15.626425201680409,14.480734331030831,170.99255148853803,209.72592079812176,0.9153498093083404,0.0784438479470792,0.0698229022368319,0.0856982184836562,26.830033935695702,23.938020136965367,34.53885089362132,35.2437254016544,0,209,0.1714285714285714,2.9916143301321227,20.740922619047627,62.04884132730436,4.440892098500625e-16,-3.552713678800501e-15,0,1.473028260480013,209.72592079812176,4.180000000000001,2.8171535632480493,78.13212600840205,14.480734331030831,309.3359347008027
F3_seed09_life3_m1.25_selected_recovery_order_up_to_censoring_aware,F3,9,3,1.25,selected_recovery,order_up_to,censoring_aware,lightgbm_gbm_recovered,7,30,36.39977777777778,184.6,156.76191520017207,27.838084799827936,8.002188133435078,141.55249712984522,170.8552035093467,0.849197807151528,0.0433487981226168,0.0449681699072917,0.0510467617291925,15.199134668423593,13.188171574015849,25.885602309314503,26.413879907463777,0,206,0.2952380952380952,0.8997900901628861,20.740922619047627,18.662476633454308,4.440892098500625e-16,1.2434497875801752e-14,0,1.541732022771933,170.8552035093467,4.120000000000001,1.5959091401844767,139.19042399913968,8.002188133435078,323.76372478210595
F3_seed09_life3_m1.25_selected_recovery_age_aware_censoring_aware,F3,9,3,1.25,selected_recovery,age_aware,censoring_aware,lightgbm_gbm_recovered,7,30,36.39977777777778,184.6,170.4253697064407,14.174630293559304,15.274337844337254,172.5796592518371,210.8793186054242,0.9232143537727016,0.0827428918978182,0.0730901473438876,0.0896247892590606,27.419242087289074,23.27972947883692,34.08207298147859,34.77762549130468,0,209,0.1571428571428571,2.5459680750038287,20.740922619047627,52.805726834220046,8.88178419700125e-16,2.131628207280301e-14,0,1.4480277539843966,210.8793186054242,4.180000000000001,2.879020419165353,70.87315146779649,15.274337844337254,304.0858283367233
F3_seed10_life3_m1.25_raw_order_up_to_censoring_aware,F3,10,3,1.25,raw,order_up_to,censoring_aware,lightgbm_raw,7,30,36.39977777777778,184.6,156.5782063625533,28.021793637446727,7.276571945515224,140.8243138794811,170.14340032447976,0.8482026346833873,0.0394180495423359,0.0410585935437473,0.0464724441194995,15.53373178453566,13.369313349190382,25.916218438509077,26.445120855621504,0,205,0.2952380952380952,0.502779027467458,20.740922619047627,10.428100903182568,4.440892098500625e-16,1.7763568394002505e-15,0,1.5393332490219285,170.14340032447976,4.1000000000000005,1.631041837376244,140.10896818723367,7.276571945515224,323.25998229460487
F3_seed10_life3_m1.25_raw_age_aware_censoring_aware,F3,10,3,1.25,raw,age_aware,censoring_aware,lightgbm_raw,7,30,36.39977777777778,184.6,170.7409680343644,13.859031965635548,14.382753571492117,173.78080370564396,211.166299613541,0.9249239871850728,0.0779130746017991,0.0684304585608284,0.0842372732043861,27.749611580340854,25.05685987756516,33.162169915626244,33.83894889349617,0,209,0.1523809523809523,2.9097879039922474,20.740922619047627,60.35168575454399,4.440892098500625e-16,6.039613253960852e-14,0,1.4377996296626032,211.166299613541,4.180000000000001,2.9137092159357905,69.29515982817773,14.382753571492117,301.9379222291467
F3_seed10_life3_m1.25_selected_recovery_order_up_to_censoring_aware,F3,10,3,1.25,selected_recovery,order_up_to,censoring_aware,lightgbm_gbm_recovered,7,30,36.39977777777778,184.6,157.5132422564817,27.086757743518323,7.933047661596088,141.77937770524215,171.07637910064662,0.8532678345421543,0.0429742560216472,0.044522871601286,0.0503643220592117,15.917481483515754,12.732865564942164,25.875473813391523,26.403544707542373,0,206,0.2904761904761905,0.7797147960469982,20.740922619047627,16.17200424973729,4.440892098500625e-16,-1.4210854715202004e-14,0,1.5249264335028738,171.07637910064662,4.120000000000001,1.6713355557691538,135.4337887175916,7.933047661596088,320.2345510356035
F3_seed10_life3_m1.25_selected_recovery_age_aware_censoring_aware,F3,10,3,1.25,selected_recovery,age_aware,censoring_aware,lightgbm_gbm_recovered,7,30,36.39977777777778,184.6,171.60974325999763,12.990256740002408,15.285096292237506,174.93009467591563,212.11964536039625,0.929630245178752,0.0828011716805932,0.0723281385388938,0.0890689304807116,28.40384197659805,24.43503290145832,32.94715777727265,33.61954875231903,0,209,0.1380952380952381,2.4629650785493293,20.740922619047627,51.0841681076082,8.88178419700125e-16,-3.907985046680551e-14,0,1.426278232191374,212.11964536039625,4.180000000000001,2.982403407542795,64.95128370001203,15.285096292237506,299.51842876018856
F3_seed11_life3_m1.25_raw_order_up_to_censoring_aware,F3,11,3,1.25,raw,order_up_to,censoring_aware,lightgbm_raw,7,30,36.39977777777778,184.6,157.46806953239908,27.13193046760092,7.889110943824336,143.7393066632355,170.02812606225743,0.8530231285612085,0.0427362456328512,0.0437945544594328,0.0500997501731685,15.383121477909194,14.781903964789873,22.888256877776776,23.355364160996714,0,206,0.2857142857142857,0.434005655034696,20.740922619047627,9.001677707303708,4.440892098500625e-16,5.329070518200752e-15,0,1.5205338909488897,170.02812606225743,4.120000000000001,1.6152277551804657,135.6596523380046,7.889110943824336,319.31211709926686
F3_seed11_life3_m1.25_raw_age_aware_censoring_aware,F3,11,3,1.25,raw,age_aware,censoring_aware,lightgbm_raw,7,30,36.39977777777778,184.6,172.48945239082735,12.110547609172624,14.256890284657324,178.3366446380411,211.7714718921835,0.9343957334281005,0.0772312583134199,0.0663925109874936,0.0826536932377407,27.74834630514578,27.99007974033412,29.199397816298845,29.795303894182496,0,209,0.1476190476190476,2.8963168740878955,20.740922619047627,60.07228416569895,4.440892098500625e-16,5.329070518200752e-14,0,1.3984508408797347,211.7714718921835,4.180000000000001,2.9135763620403066,60.55273804586313,14.256890284657324,293.6746765847443
F3_seed11_life3_m1.25_selected_recovery_order_up_to_censoring_aware,F3,11,3,1.25,selected_recovery,order_up_to,censoring_aware,lightgbm_gbm_recovered,7,30,36.39977777777778,184.6,158.0296915668132,26.570308433186806,8.42430754533015,144.2078402764389,170.31565256796534,0.8560655014453586,0.0456354688262738,0.0466442536371929,0.0533083844042589,15.826098172698224,14.15361894207332,22.701499240167145,23.1647951430277,0,208,0.2809523809523809,0.6567226262611604,20.740922619047627,13.621033173460464,4.440892098500625e-16,1.5987211554602254e-14,0,1.5114916313683948,170.31565256796534,4.16,1.6617403081333133,132.85154216593403,8.42430754533015,317.4132425873629
F3_seed11_life3_m1.25_selected_recovery_age_aware_censoring_aware,F3,11,3,1.25,selected_recovery,age_aware,censoring_aware,lightgbm_gbm_recovered,7,30,36.39977777777778,184.6,172.97440777196752,11.625592228032446,15.175688145187952,179.22230630666803,212.58770688343336,0.9370227939976572,0.0822084948276703,0.0703809547599241,0.0877337193441592,28.459154698903447,27.47198816729033,29.11364643909663,29.70780248887412,0,209,0.1571428571428571,2.443453366578619,20.740922619047627,50.67947719945855,8.88178419700125e-16,1.0658141036401504e-14,0,1.3955217495817542,212.58770688343336,4.180000000000001,2.9882112433848618,58.12796114016224,15.175688145187952,293.0595674121684
F3_seed12_life3_m1.25_raw_order_up_to_censoring_aware,F3,12,3,1.25,raw,order_up_to,censoring_aware,lightgbm_raw,7,30,36.39977777777778,184.6,155.33735091408886,29.262649085911157,7.257373831906634,139.99644916144993,169.17539826013748,0.8414807741824964,0.039314051093752,0.0411424550163816,0.0467200823832795,15.328135639337892,13.80150219323221,25.795441133484815,26.32187870763757,0,206,0.2761904761904762,0.3181715177936476,20.740922619047627,6.59917083014298,4.440892098500625e-16,1.4210854715202004e-14,0,1.5641689131606211,169.17539826013748,4.120000000000001,1.6094542421304787,146.31324542955576,7.257373831906634,328.47547176373047
F3_seed12_life3_m1.25_raw_age_aware_censoring_aware,F3,12,3,1.25,raw,age_aware,censoring_aware,lightgbm_raw,7,30,36.39977777777778,184.6,169.49835191427186,15.101648085728137,14.249217552491714,172.71146173188163,209.64544554710008,0.9181925889180492,0.0771896942171815,0.0681418061788759,0.0840669976525708,27.39954513453302,25.363670042895816,32.741074904276445,33.40926010640454,0,210,0.1380952380952381,3.00931670268227,20.740922619047627,62.41600486654051,4.440892098500625e-16,1.7763568394002505e-14,0,1.4594278846064686,209.64544554710008,4.200000000000001,2.876952239125967,75.50824042864068,14.249217552491714,306.4798557673584
F3_seed12_life3_m1.25_selected_recovery_order_up_to_censoring_aware,F3,12,3,1.25,selected_recovery,order_up_to,censoring_aware,lightgbm_gbm_recovered,7,30,36.39977777777778,184.6,156.64669688472736,27.95330311527266,7.71065660909024,140.8828103191954,169.96395836179786,0.8485736559302673,0.0417695374273577,0.043493592302886,0.0492232314018362,15.668465934338466,12.925234603155616,25.681868875366494,26.205988648333157,0,208,0.2761904761904762,0.4510928832666368,20.740922619047627,9.356082585836399,4.440892098500625e-16,-1.7763568394002505e-14,0,1.5392681879540806,169.96395836179786,4.16,1.6451889231055388,139.7665155763633,7.71065660909024,323.24631947035687
F3_seed12_life3_m1.25_selected_recovery_age_aware_censoring_aware,F3,12,3,1.25,selected_recovery,age_aware,censoring_aware,lightgbm_gbm_recovered,7,30,36.39977777777778,184.6,170.05303830568442,14.54696169431554,15.192926886317943,173.59535321629536,210.3155969086336,0.9211973906050076,0.0823018791241492,0.0723489483513155,0.08934228425256,28.111257125138632,24.74916580207072,32.513931754165576,33.17748138180161,0,210,0.1428571428571428,2.531084522545589,20.740922619047627,52.497028224387165,8.88178419700125e-16,6.394884621840902e-14,0,1.4542619726888988,210.3155969086336,4.200000000000001,2.951681998139557,72.7348084715777,15.192926886317943,305.3950142646688
F3_seed13_life3_m1.25_raw_order_up_to_censoring_aware,F3,13,3,1.25,raw,order_up_to,censoring_aware,lightgbm_raw,7,30,36.39977777777778,184.6,157.80140054124027,26.798599458759725,7.158102681593264,143.84735425438387,170.9319071207943,0.8548288220002181,0.0387762875492592,0.0397127133224845,0.0453614648351777,15.452650720360747,15.287628809328096,23.665914723994543,24.14889257550464,0,206,0.2904761904761905,0.6367280604096243,20.740922619047627,13.206327430332305,4.440892098500625e-16,3.019806626980426e-14,0,1.5134549305801146,170.9319071207943,4.120000000000001,1.6225283256378784,133.99299729379862,7.158102681593264,317.82553542182404
F3_seed13_life3_m1.25_raw_age_aware_censoring_aware,F3,13,3,1.25,raw,age_aware,censoring_aware,lightgbm_raw,7,30,36.39977777777778,184.6,172.56636802354302,12.033631976456984,12.92491912388433,177.3063553319341,211.35712314210372,0.9348123944937324,0.07001581323881,0.060479869883982,0.0748982508696074,27.52395787986641,28.214845962284524,29.823625347327567,30.43227076257915,0,209,0.1523809523809523,2.9508079298048795,20.740922619047627,61.20247893575513,4.440892098500625e-16,1.0658141036401504e-14,0,1.3881915129793283,211.35712314210372,4.180000000000001,2.8900155773859733,60.16815988228491,12.92491912388433,291.52021772565894
F3_seed13_life3_m1.25_selected_recovery_order_up_to_censoring_aware,F3,13,3,1.25,selected_recovery,order_up_to,censoring_aware,lightgbm_gbm_recovered,7,30,36.39977777777778,184.6,158.7369499619548,25.86305003804519,7.745179835414283,144.58874457410914,171.6570608040172,0.8598968036942297,0.0419565538213124,0.0427937624705047,0.0487925453857504,15.778926607176292,14.506392554517827,23.635175013827716,24.11752552431399,0,208,0.2809523809523809,0.8771192195889261,20.740922619047627,18.19226186117336,4.440892098500625e-16,2.4868995751603507e-14,0,1.4977822767781477,171.6570608040172,4.16,1.6567872937535109,129.31525019022595,7.745179835414283,314.53427812341096
F3_seed13_life3_m1.25_selected_recovery_age_aware_censoring_aware,F3,13,3,1.25,selected_recovery,age_aware,censoring_aware,lightgbm_gbm_recovered,7,30,36.39977777777778,184.6,173.5059802388392,11.0940197611608,13.882464725633042,178.64164518133424,212.53659704386376,0.9399023848257811,0.0752029508430825,0.064557165473522,0.0800114480580045,28.25884915248361,27.65297799463977,29.644219921652283,30.249204001686007,0,209,0.1380952380952381,2.460112552347188,20.740922619047627,51.025004082380775,8.88178419700125e-16,3.552713678800501e-15,0,1.3763635225538646,212.53659704386376,4.180000000000001,2.967179161010779,55.470098805804,13.882464725633042,289.0363397363116
F3_seed14_life3_m1.25_raw_order_up_to_censoring_aware,F3,14,3,1.25,raw,order_up_to,censoring_aware,lightgbm_raw,7,30,36.39977777777778,184.6,156.9844040379996,27.6155959620004,6.976187953487766,141.41410825192466,168.67477885705802,0.8504030554604529,0.037790833984224,0.0392330886482197,0.0444387326004633,15.328248947049762,13.853294038215092,23.887175027992207,24.37466839591041,0,206,0.3095238095238095,0.6434474609622745,20.740922619047627,13.345693997241206,4.440892098500625e-16,-2.4868995751603507e-14,0,1.521230536952324,168.67477885705802,4.120000000000001,1.6094661394402248,138.077979810002,6.976187953487766,319.45841275998805
F3_seed14_life3_m1.25_raw_age_aware_censoring_aware,F3,14,3,1.25,raw,age_aware,censoring_aware,lightgbm_raw,7,30,36.39977777777778,184.6,172.45337759307688,12.146622406923148,13.093721894765896,175.21475867441492,211.2241142455051,0.9342003119884988,0.0709302377831305,0.0618753423762265,0.0759261551006672,26.96538600631616,26.06743696434993,31.784873286180076,32.433544169571505,0,209,0.1476190476190476,2.8793116679286106,20.740922619047627,59.719580500628254,4.440892098500625e-16,0.0,0,1.3907729224073806,211.2241142455051,4.180000000000001,2.8313655306631973,60.73311203461574,13.093721894765896,292.0623137055499
F3_seed14_life3_m1.25_selected_recovery_order_up_to_censoring_aware,F3,14,3,1.25,selected_recovery,order_up_to,censoring_aware,lightgbm_gbm_recovered,7,30,36.39977777777778,184.6,158.6287980692253,25.97120193077469,7.699505372293101,142.77446728296317,170.06249616886905,0.8593109321193136,0.0417091298607426,0.0429721658360158,0.0485378787837316,15.588718309799978,12.845941619222536,23.886778962528496,24.374264247478063,0,208,0.2809523809523809,0.906936081640018,20.740922619047627,18.810691089717874,4.440892098500625e-16,2.4868995751603507e-14,0,1.492451555321736,170.06249616886905,4.16,1.636815422528998,129.85600965387346,7.699505372293101,313.4148266175646
F3_seed14_life3_m1.25_selected_recovery_age_aware_censoring_aware,F3,14,3,1.25,selected_recovery,age_aware,censoring_aware,lightgbm_gbm_recovered,7,30,36.39977777777778,184.6,173.62166531171053,10.978334688289465,14.385316524023011,177.29994780376973,212.79294916731425,0.9405290645271426,0.0779269584183261,0.0673155591794786,0.0828543862783278,27.622866267990563,25.69274374581397,31.237142380198183,31.87463508183488,0,209,0.1238095238095238,2.380776503917336,20.740922619047627,49.379501240996206,4.440892098500625e-16,-3.552713678800501e-15,0,1.3769063813853504,212.79294916731425,4.180000000000001,2.9004009581390093,54.89167344144733,14.385316524023011,289.1503400909236
F3_seed15_life3_m1.25_raw_order_up_to_censoring_aware,F3,15,3,1.25,raw,order_up_to,censoring_aware,lightgbm_raw,7,30,36.39977777777778,184.6,155.6008776428731,28.999122357126907,7.275959182418861,140.84357028333497,170.75048804571506,0.8429083295930286,0.0394147301322798,0.0410506755938177,0.0467603993797403,14.699453097382476,14.366511235820788,26.4919080014658,27.032559185169184,0,207,0.2999999999999999,0.5280490666552942,20.740922619047627,10.952224830557782,4.440892098500625e-16,1.9539925233402755e-14,0,1.565264293280922,170.75048804571506,4.140000000000001,1.54344257522516,144.99561178563454,7.275959182418861,328.7055015889936
F3_seed15_life3_m1.25_raw_age_aware_censoring_aware,F3,15,3,1.25,raw,age_aware,censoring_aware,lightgbm_raw,7,30,36.39977777777778,184.6,166.96549897027123,17.63450102972878,14.382768727047672,170.72616253169687,207.31478594696475,0.9044718254077532,0.0779131567012333,0.0694397268905953,0.0861421600016214,27.197560396917215,25.777672612155744,32.44232769632862,33.10441601666186,0,209,0.1571428571428571,3.3288353491810025,20.740922619047627,69.04311638891356,4.440892098500625e-16,1.4210854715202004e-14,0,1.5090752555444409,207.31478594696475,4.180000000000001,2.855743841676308,88.17250514864389,14.382768727047672,316.9058036643326
F3_seed15_life3_m1.25_selected_recovery_order_up_to_censoring_aware,F3,15,3,1.25,selected_recovery,order_up_to,censoring_aware,lightgbm_gbm_recovered,7,30,36.39977777777778,184.6,157.03761233251777,27.562387667482227,7.9324974973144915,141.95394952103223,171.37829778459133,0.8506912910753942,0.0429712757167632,0.0444762081367918,0.0505133603312682,15.036244381547077,13.383617468977729,25.99678230786728,26.527328885578854,0,209,0.2904761904761905,0.5961716332506579,20.740922619047627,12.365149712923136,4.440892098500625e-16,2.664535259100376e-14,0,1.537531139425616,171.37829778459133,4.180000000000001,1.5788056600624427,137.8119383374111,7.9324974973144915,322.8815392793794
F3_seed15_life3_m1.25_selected_recovery_age_aware_censoring_aware,F3,15,3,1.25,selected_recovery,age_aware,censoring_aware,lightgbm_gbm_recovered,7,30,36.39977777777778,184.6,168.78823428524862,15.811765714751376,15.285111447793064,172.42448449454503,208.63871747016069,0.9143457978615852,0.0828012537800274,0.0731960514619709,0.0905579201803932,27.763347834953844,24.750916539281118,32.04145862621242,32.69536594511471,0,209,0.1333333333333333,2.6785924431632804,20.740922619047627,55.55647859161533,4.440892098500625e-16,1.4210854715202004e-14,0,1.476560995306575,208.63871747016069,4.180000000000001,2.9151515226701536,79.05882857375687,15.285111447793064,310.0778090143808
F3_seed16_life3_m1.25_raw_order_up_to_censoring_aware,F3,16,3,1.25,raw,order_up_to,censoring_aware,lightgbm_raw,7,30,36.39977777777778,184.6,151.1843847752525,33.4156152247475,6.755227255082192,136.61693572465217,164.30684375954968,0.8189836661714655,0.0365938637870107,0.0390437843739721,0.0446820434869935,15.670402731271349,15.077101472095258,24.403771159706537,24.901807305822995,0,204,0.2904761904761905,0.7562304113579326,20.740922619047627,15.684916444145438,4.440892098500625e-16,-8.88178419700125e-15,0,1.6374549496435853,164.30684375954968,4.08,1.6453922867834907,167.07807612373745,6.755227255082192,343.86553942515286
F3_seed16_life3_m1.25_raw_age_aware_censoring_aware,F3,16,3,1.25,raw,age_aware,censoring_aware,lightgbm_raw,7,30,36.39977777777778,184.6,166.9203760165941,17.679623983405865,13.849056097261183,170.91582002913847,206.70331202717293,0.9042273890389712,0.0750219723578612,0.066801804802741,0.0829680379816805,26.896577278156293,26.546165693060928,31.653425757490965,32.29941403825609,0,209,0.1809523809523809,3.1906012736983493,20.740922619047627,66.17601412601226,4.440892098500625e-16,3.907985046680551e-14,0,1.504545850741285,206.70331202717293,4.180000000000001,2.8241406142064114,88.39811991702933,13.849056097261183,315.95462865566986
F3_seed16_life3_m1.25_selected_recovery_order_up_to_censoring_aware,F3,16,3,1.25,selected_recovery,order_up_to,censoring_aware,lightgbm_gbm_recovered,7,30,36.39977777777778,184.6,152.02251611531096,32.577483884689045,7.318524280319962,137.53104840249665,164.84567299399973,0.8235239226181525,0.0396453102942576,0.0420772121943152,0.0481410548077547,16.10695703728387,14.589785784643505,24.017711131623084,24.50786850165621,0,204,0.2809523809523809,0.9907912291374296,20.740922619047627,20.54992421517052,4.440892098500625e-16,5.329070518200752e-15,0,1.6229659389841895,164.84567299399973,4.08,1.6912304889148064,162.88741942344524,7.318524280319962,340.8228471866798
F3_seed16_life3_m1.25_selected_recovery_age_aware_censoring_aware,F3,16,3,1.25,selected_recovery,age_aware,censoring_aware,lightgbm_gbm_recovered,7,30,36.39977777777778,184.6,168.18975344969084,16.41024655030915,14.724256788740552,172.47730501546073,208.03962856305785,0.9111037564988668,0.0797630378588329,0.0704924474807783,0.0875455043291022,27.382950023681374,25.963072554807106,31.40153097633596,32.0423785472816,0,209,0.1761904761904762,2.6668240179265887,20.740922619047627,55.312390594433055,8.88178419700125e-16,1.7763568394002505e-14,0,1.4850967993134794,208.03962856305785,4.180000000000001,2.8752097524865445,82.05123275154574,14.724256788740552,311.8703278558307
F3_seed17_life3_m1.25_raw_order_up_to_censoring_aware,F3,17,3,1.25,raw,order_up_to,censoring_aware,lightgbm_raw,7,30,36.39977777777778,184.6,155.30593299937968,29.294067000620338,7.281808394906724,142.4715994438601,166.9269284566268,0.8413105796282756,0.0394464160070786,0.0407097463440665,0.0468868655193991,16.056386966818046,16.28363582735149,21.116790443634137,21.54774535064708,0,207,0.3047619047619047,0.7166599536664408,20.740922619047627,14.864188643165903,4.440892098500625e-16,-7.105427357601002e-15,0,1.5547856785054814,166.9269284566268,4.140000000000001,1.685920631515895,146.4703350031017,7.281808394906724,326.5049924861511
F3_seed17_life3_m1.25_raw_age_aware_censoring_aware,F3,17,3,1.25,raw,age_aware,censoring_aware,lightgbm_raw,7,30,36.39977777777778,184.6,168.8169083355345,15.783091664465504,14.163072444379065,174.90506844148632,207.2303740350923,0.9145011285781932,0.076723035993386,0.0670267279609976,0.0838960539203161,27.718258429813314,28.32486543935053,28.180698112904167,28.755814400922624,0,209,0.1571428571428571,3.2008988038276853,20.740922619047627,66.38959440159213,4.440892098500625e-16,2.131628207280301e-14,0,1.4638062949377584,207.2303740350923,4.180000000000001,2.9104171351303982,78.91545832232755,14.163072444379065,307.39932193692925
F3_seed17_life3_m1.25_selected_recovery_order_up_to_censoring_aware,F3,17,3,1.25,selected_recovery,order_up_to,censoring_aware,lightgbm_gbm_recovered,7,30,36.39977777777778,184.6,156.7840027950594,27.815997204940626,7.9386379282781405,143.90069595974413,167.86846252607825,0.8493174582614269,0.0430045391564362,0.0440300447564827,0.0506342342761534,16.341748650272084,15.5778330141844,20.610397315812527,21.031017669196466,0,208,0.2857142857142857,0.9391138933769828,20.740922619047627,19.478088593004543,4.440892098500625e-16,-2.3092638912203256e-14,0,1.52744271470161,167.86846252607825,4.16,1.7158836082785682,139.07998602470315,7.9386379282781405,320.7629700873381
F3_seed17_life3_m1.25_selected_recovery_age_aware_censoring_aware,F3,17,3,1.25,selected_recovery,age_aware,censoring_aware,lightgbm_gbm_recovered,7,30,36.39977777777778,184.6,169.9819611124381,14.618038887561864,15.141256841842244,176.21661719983797,208.69410519838223,0.920812357055461,0.0820219763913447,0.0712139665590525,0.0890756686341955,28.288122770015068,27.493177023335328,28.30360589457668,28.88123050467008,0,209,0.1380952380952381,2.668966278244346,20.740922619047627,55.35682304991352,8.88178419700125e-16,7.105427357601002e-14,0,1.4479800446137396,208.69410519838223,4.180000000000001,2.9702528908515817,73.09019443780932,15.141256841842244,304.0758093688853
F3_seed18_life3_m1.25_raw_order_up_to_censoring_aware,F3,18,3,1.25,raw,order_up_to,censoring_aware,lightgbm_raw,7,30,36.39977777777778,184.6,157.31374426536195,27.286255734638036,7.286733245806972,144.00068235237978,169.05983899828215,0.8521871303649076,0.0394730945059965,0.0403919881387755,0.0463197496177795,14.780738076197226,15.799982618988627,21.67795986593676,22.120367210139545,0,205,0.2952380952380952,0.5219077982628666,20.740922619047627,10.824849258047635,4.440892098500625e-16,2.131628207280301e-14,0,1.5163325162632386,169.05983899828215,4.1000000000000005,1.5519774980007086,136.43127867319015,7.286733245806972,318.4298284152801
F3_seed18_life3_m1.25_raw_age_aware_censoring_aware,F3,18,3,1.25,raw,age_aware,censoring_aware,lightgbm_raw,7,30,36.39977777777778,184.6,170.54009364583914,14.059906354160868,13.161624490970953,176.17553094412054,209.6248007269173,0.923835826900537,0.0712980741656064,0.0619151140840616,0.0771761303139877,26.65829039174128,28.87359058508824,29.25677376825841,29.853850783937155,0,209,0.1428571428571428,2.9286978045972307,20.740922619047627,60.74389453972583,4.440892098500625e-16,-3.552713678800501e-15,0,1.4288813213325018,209.6248007269173,4.180000000000001,2.799120491132835,70.29953177080434,13.161624490970953,300.06507747982533
F3_seed18_life3_m1.25_selected_recovery_order_up_to_censoring_aware,F3,18,3,1.25,selected_recovery,order_up_to,censoring_aware,lightgbm_gbm_recovered,7,30,36.39977777777778,184.6,158.64914400894975,25.95085599105028,7.940723278340483,145.40554769520347,170.00465976699502,0.8594211484775176,0.0430158357439896,0.0436770664318113,0.0500521028836596,15.062067602606524,15.215458185691055,21.199018876451607,21.631651914746534,0,207,0.2904761904761905,0.7469509352793976,20.740922619047627,15.492451548855238,4.440892098500625e-16,-3.375077994860476e-14,0,1.492481809994574,170.00465976699502,4.140000000000001,1.5815170982736846,129.75427995525138,7.940723278340483,313.42118009886053
F3_seed18_life3_m1.25_selected_recovery_age_aware_censoring_aware,F3,18,3,1.25,selected_recovery,age_aware,censoring_aware,lightgbm_gbm_recovered,7,30,36.39977777777778,184.6,171.60679831155795,12.993201688442038,14.16644251364025,177.54743227117584,210.73706211798924,0.929614292045276,0.076741292056556,0.0662146634695484,0.0825517558338253,27.477932411068508,28.173969223755403,28.97488860445364,29.566212861687383,0,209,0.1285714285714285,2.4925025632257687,20.740922619047627,51.696802791643535,8.88178419700125e-16,1.7763568394002505e-14,0,1.4139747427476277,210.73706211798924,4.180000000000001,2.8851829031621925,64.96600844221018,14.16644251364025,296.9346959770018
F3_seed19_life3_m1.25_raw_order_up_to_censoring_aware,F3,19,3,1.25,raw,order_up_to,censoring_aware,lightgbm_raw,7,30,36.39977777777778,184.6,158.77779021231248,25.82220978768752,7.526571945515224,143.9112384142408,169.81239632145846,0.8601180401533721,0.0407723290656296,0.0417421636485036,0.0474031785897192,14.661202818827064,14.006654034190886,22.504909980788472,22.96419385794742,0,207,0.3095238095238095,0.4057397291743899,20.740922619047627,8.415416326279363,4.440892098500625e-16,7.105427357601002e-15,0,1.4863306833399432,169.81239632145846,4.140000000000001,1.5394262959768414,129.1110489384376,7.526571945515224,312.1294435013881
F3_seed19_life3_m1.25_raw_age_aware_censoring_aware,F3,19,3,1.25,raw,age_aware,censoring_aware,lightgbm_raw,7,30,36.39977777777778,184.6,173.7345090961154,10.865490903884591,14.22869082600958,178.27323974987422,212.0993706267444,0.9411403526333446,0.0770784985157615,0.0662807603390434,0.0818990475757341,26.795127148199303,26.70981760552697,29.584143464335305,30.18790149421969,0,209,0.1428571428571428,2.8660463172889927,20.740922619047627,59.44444488949743,4.440892098500625e-16,5.684341886080802e-14,0,1.3697571634416086,212.0993706267444,4.180000000000001,2.813488350560927,54.32745451942296,14.22869082600958,287.6490043227378
F3_seed19_life3_m1.25_selected_recovery_order_up_to_censoring_aware,F3,19,3,1.25,selected_recovery,order_up_to,censoring_aware,lightgbm_gbm_recovered,7,30,36.39977777777778,184.6,160.0499218282094,24.55007817179061,8.183047661596088,145.20739393910335,170.55580231316327,0.8670093273467465,0.0443285355449408,0.0450590556762436,0.0511280953350256,15.01458722806102,13.374202227075664,21.937292327796644,22.384992171221068,0,207,0.2904761904761905,0.5863808763322652,20.740922619047627,12.162080381296848,4.440892098500625e-16,-3.552713678800501e-15,0,1.4628846309174228,170.55580231316327,4.140000000000001,1.576531658946407,122.75039085895304,8.183047661596088,307.2057724926588
F3_seed19_life3_m1.25_selected_recovery_age_aware_censoring_aware,F3,19,3,1.25,selected_recovery,age_aware,censoring_aware,lightgbm_gbm_recovered,7,30,36.39977777777778,184.6,174.71720908900275,9.882790910997238,15.201723672646072,179.53782058731227,213.1276346411049,0.946463754544977,0.0823495323545291,0.0703986882680069,0.0870075921651321,27.376347139261643,26.01866560344123,29.327261360970475,29.92577689894947,0,209,0.1238095238095238,2.374878192913,20.740922619047627,49.257164828872185,8.88178419700125e-16,0.0,0,1.356180139611236,213.1276346411049,4.180000000000001,2.874516449622473,49.41395455498619,15.201723672646072,284.7978293183596
F3_seed20_life3_m1.25_raw_order_up_to_censoring_aware,F3,20,3,1.25,raw,order_up_to,censoring_aware,lightgbm_raw,7,30,36.39977777777778,184.6,156.58094021331365,28.01905978668635,7.423865395666885,141.04105726485497,170.04982159480437,0.8482174442758053,0.0402159555561586,0.0418385395553576,0.0474123184185328,14.912957439347752,13.436029433652212,25.60776789805332,26.130375406176857,0,206,0.2857142857142857,0.5821173259339205,20.740922619047627,12.073650412402372,4.440892098500625e-16,7.105427357601002e-15,0,1.5393087926430218,170.04982159480437,4.120000000000001,1.565860531131514,140.09529893343176,7.423865395666885,323.25484645503457
F3_seed20_life3_m1.25_raw_age_aware_censoring_aware,F3,20,3,1.25,raw,age_aware,censoring_aware,lightgbm_raw,7,30,36.39977777777778,184.6,169.07744623067128,15.522553769328733,14.400070724236471,172.0294260633516,208.96940629327744,0.9159124931238964,0.0780068836632528,0.0690885464170011,0.0851684896197837,27.18452928782925,24.951686886221623,32.76059210406027,33.42917561638804,0,209,0.1571428571428571,3.1163695600494625,20.740922619047627,64.6363798973414,4.440892098500625e-16,-3.552713678800501e-15,0,1.466745816377998,208.96940629327744,4.180000000000001,2.85437557522207,77.61276884664366,14.400070724236471,308.0166214393796
F3_seed20_life3_m1.25_selected_recovery_order_up_to_censoring_aware,F3,20,3,1.25,selected_recovery,order_up_to,censoring_aware,lightgbm_gbm_recovered,7,30,36.39977777777778,184.6,157.79513232914965,26.804867670850356,8.00198813343508,142.11173570809086,170.8312535000197,0.8547948663550902,0.0433477146989982,0.044826173825861,0.0507112482832707,15.411213801363912,12.7143930232839,25.30289272192844,25.819278287682085,0,208,0.2714285714285714,0.693148802355856,20.740922619047627,14.376545673148348,4.440892098500625e-16,1.5987211554602254e-14,0,1.5173131306516656,170.8312535000197,4.16,1.6181774491432108,134.02433835425177,8.00198813343508,318.63575743684976
F3_seed20_life3_m1.25_selected_recovery_age_aware_censoring_aware,F3,20,3,1.25,selected_recovery,age_aware,censoring_aware,lightgbm_gbm_recovered,7,30,36.39977777777778,184.6,170.3142768042789,14.285723195721124,15.256022228413684,173.4485468714081,210.40841057365355,0.9226125504023776,0.082643674043411,0.0727002336278736,0.0895757097682746,27.80582334018409,24.278025616493316,32.751695490772384,33.420097439563655,0,209,0.1476190476190476,2.555483632718204,20.740922619047627,53.003088280451,8.88178419700125e-16,-1.7763568394002505e-14,0,1.4485364772923437,210.40841057365355,4.180000000000001,2.9196114507193296,71.42861597860562,15.256022228413684,304.1926602313921
F3_seed21_life3_m1.25_raw_order_up_to_censoring_aware,F3,21,3,1.25,raw,order_up_to,censoring_aware,lightgbm_raw,7,30,36.39977777777778,184.6,154.88477704429158,29.715222955708395,7.276571945515224,141.2470798963609,167.5463502784937,0.8390291280839197,0.0394180495423359,0.0409608818348072,0.0469805495696609,15.234881924036571,15.485508684331863,22.948343376562896,23.416676914860105,0,204,0.2904761904761905,0.6295605996398206,20.740922619047627,13.057667681130743,4.440892098500625e-16,1.7763568394002505e-14,0,1.5670414266884507,167.5463502784937,4.08,1.5996626020238398,148.57611477854195,7.276571945515224,329.0786996045747
F3_seed21_life3_m1.25_raw_age_aware_censoring_aware,F3,21,3,1.25,raw,age_aware,censoring_aware,lightgbm_raw,7,30,36.39977777777778,184.6,169.08355568812652,15.516444311873464,13.6191172698166,172.84293451281297,208.45701728179696,0.9159455887764169,0.0737763665753878,0.065087654048867,0.0805466694522143,27.44338722917325,26.540039332647577,31.44494242334811,32.086675942191945,0,209,0.1476190476190476,3.1640887075380144,20.740922619047627,65.62611904284837,4.440892098500625e-16,3.197442310920451e-14,0,1.4605710084287813,208.45701728179696,4.180000000000001,2.881555659063192,77.58222155936733,13.6191172698166,306.71991177004406
F3_seed21_life3_m1.25_selected_recovery_order_up_to_censoring_aware,F3,21,3,1.25,selected_recovery,order_up_to,censoring_aware,lightgbm_gbm_recovered,7,30,36.39977777777778,184.6,155.70498857644603,28.89501142355398,7.933047661596088,141.93180041657365,167.95225065162066,0.8434723108149839,0.0429742560216472,0.0444848172259789,0.0509492196372451,15.583015290209106,14.693541956309325,22.661405222014576,23.123882879606715,0,206,0.2857142857142857,0.9059839016248948,20.740922619047627,18.7909419977048,4.440892098500625e-16,-1.7763568394002505e-15,0,1.5529360573164694,167.95225065162066,4.120000000000001,1.636216605471956,144.4750571177699,7.933047661596088,326.11657203645854
F3_seed21_life3_m1.25_selected_recovery_age_aware_censoring_aware,F3,21,3,1.25,selected_recovery,age_aware,censoring_aware,lightgbm_gbm_recovered,7,30,36.39977777777778,184.6,169.6231244815675,14.97687551843253,14.467512762251278,174.08393862169223,208.940457505158,0.918868496649878,0.0783722251476233,0.0687345938666051,0.0852921015720555,28.246600972919094,26.39307915565125,30.67770973336261,31.30378544220675,0,209,0.1428571428571428,2.7647873119108937,20.740922619047627,57.34423969446854,8.88178419700125e-16,2.131628207280301e-14,0,1.4544678141034686,208.940457505158,4.180000000000001,2.965893102156504,74.88437759216265,14.467512762251278,305.4382409617284
F3_seed22_life3_m1.25_raw_order_up_to_censoring_aware,F3,22,3,1.25,raw,order_up_to,censoring_aware,lightgbm_raw,7,30,36.39977777777778,184.6,153.52781103162744,31.07218896837255,7.276571945515224,139.73348965174603,167.94123857559177,0.8316782829448941,0.0394180495423359,0.0413128766172852,0.0473957903562906,15.33215578343045,15.328884452381168,24.84892415233386,25.3560450534019,0,206,0.3047619047619047,0.5115895437315038,20.740922619047627,10.610839139249004,4.440892098500625e-16,1.2434497875801752e-14,0,1.6014696748582378,167.94123857559177,4.120000000000001,1.6098763572601973,155.36094484186273,7.276571945515224,336.30863172023
F3_seed22_life3_m1.25_raw_age_aware_censoring_aware,F3,22,3,1.25,raw,age_aware,censoring_aware,lightgbm_raw,7,30,36.39977777777778,184.6,167.03460220706762,17.56539779293241,14.329011686134796,170.1954027962937,207.3854992374622,0.9048461658020998,0.0776219484622686,0.069357918448622,0.085784690697629,26.93303708841549,25.23156668086912,33.042386456419216,33.71672087389715,0,209,0.1809523809523809,3.084681826997352,20.740922619047627,63.97914707813453,4.440892098500625e-16,-4.2632564145606005e-14,0,1.5073784227740126,207.3854992374622,4.180000000000001,2.8279688942836265,87.82698896466204,14.329011686134796,316.54946878254265
F3_seed22_life3_m1.25_selected_recovery_order_up_to_censoring_aware,F3,22,3,1.25,selected_recovery,order_up_to,censoring_aware,lightgbm_gbm_recovered,7,30,36.39977777777778,184.6,154.7919347840854,29.808065215914592,7.933047661596088,140.91860971509195,168.906936297055,0.8385261905963457,0.0429742560216472,0.0447390018246984,0.0512497480741593,15.682586065929469,14.59340504718824,24.61018785602194,25.112436587777488,0,208,0.2999999999999999,0.6284653495843171,20.740922619047627,13.034951184481036,4.440892098500625e-16,1.7763568394002505e-14,0,1.5794618170245078,168.906936297055,4.16,1.6466715369225935,149.04032607957296,7.933047661596088,331.68698157514666
F3_seed22_life3_m1.25_selected_recovery_age_aware_censoring_aware,F3,22,3,1.25,selected_recovery,age_aware,censoring_aware,lightgbm_gbm_recovered,7,30,36.39977777777778,184.6,167.8471324699809,16.752867530019106,15.26829728337776,171.2635729447604,208.26806703655708,0.909247738190579,0.0827101694657516,0.0735242748913261,0.0909654937721885,27.656530966605345,24.54792096917954,32.83913275106551,33.50931913374032,0,209,0.1809523809523809,2.589953964280883,20.740922619047627,53.71803476004544,4.440892098500625e-16,-1.0658141036401504e-14,0,1.4970697034358278,208.26806703655708,4.180000000000001,2.903935751493561,83.76433765009553,15.26829728337776,314.38463772152386
F3_seed23_life3_m1.25_raw_order_up_to_censoring_aware,F3,23,3,1.25,raw,order_up_to,censoring_aware,lightgbm_raw,7,30,36.39977777777778,184.6,155.264542768361,29.335457231639012,7.276571945515224,141.23739556382594,167.97311632229423,0.8410863638589436,0.0394180495423359,0.040963114919207,0.0468656385789969,14.733990624948689,15.096058627727515,23.376258432022397,23.853324930635093,0,205,0.3047619047619047,0.5806930898164113,20.740922619047627,12.04411044129786,4.440892098500625e-16,-8.88178419700125e-15,0,1.5598763973410676,167.97311632229423,4.1000000000000005,1.547069015619612,146.67728615819507,7.276571945515224,327.5740434416242
F3_seed23_life3_m1.25_raw_age_aware_censoring_aware,F3,23,3,1.25,raw,age_aware,censoring_aware,lightgbm_raw,7,30,36.39977777777778,184.6,170.7655651470306,13.834434852969384,13.856108206650523,175.1526732082868,210.1005932237532,0.9250572326491364,0.0750601744672292,0.0654972709702297,0.0811411141041245,26.665951567435503,26.930777632383407,30.745908150991355,31.37337566427689,0,209,0.1571428571428571,2.9196664648659905,20.740922619047627,60.556576221213845,4.440892098500625e-16,3.907985046680551e-14,0,1.4290895267134829,210.1005932237532,4.180000000000001,2.799924914580728,69.17217426484692,13.856108206650523,300.1088006098313
F3_seed23_life3_m1.25_selected_recovery_order_up_to_censoring_aware,F3,23,3,1.25,selected_recovery,order_up_to,censoring_aware,lightgbm_gbm_recovered,7,30,36.39977777777778,184.6,156.12495136446142,28.47504863553856,7.933047661596088,141.7654995035948,168.67698685343464,0.845747298832402,0.0429742560216472,0.044526339714711,0.050812170586859,15.026512825182367,14.107278255315045,23.53794761277112,24.01831389058277,0,207,0.2904761904761905,0.8092653699744059,20.740922619047627,16.7849104169141,4.440892098500625e-16,3.907985046680551e-14,0,1.54620505494937,168.67698685343464,4.140000000000001,1.5777838466441485,142.3752431776928,7.933047661596088,324.7030615393677
F3_seed23_life3_m1.25_selected_recovery_age_aware_censoring_aware,F3,23,3,1.25,selected_recovery,age_aware,censoring_aware,lightgbm_gbm_recovered,7,30,36.39977777777778,184.6,171.92781485630468,12.672185143695325,14.687569827744454,176.22907292591492,211.14339254850245,0.931353276578032,0.0795643002586373,0.0690760909403221,0.0854287006440473,27.27630598448108,26.01346601964357,30.69145177161745,31.317807930221896,0,208,0.1523809523809523,2.4783665978908567,20.740922619047627,51.40360982848659,8.88178419700125e-16,3.552713678800501e-15,0,1.410551905824257,211.14339254850245,4.16,2.8640121283705136,63.36092571847661,14.687569827744454,296.215900223094
F3_seed24_life3_m1.25_raw_order_up_to_censoring_aware,F3,24,3,1.25,raw,order_up_to,censoring_aware,lightgbm_raw,7,30,36.39977777777778,184.6,152.31311431853874,32.28688568146124,7.276571945515224,137.63985290712665,165.89715584216245,0.8250981274027017,0.0394180495423359,0.0418098562774436,0.0477737716681271,15.337897717745603,14.44994442085043,24.939359818192536,25.448326345094426,0,205,0.2809523809523809,0.6420194347164073,20.740922619047627,13.316075415377703,4.440892098500625e-16,4.618527782440651e-14,0,1.6205649307397485,165.89715584216245,4.1000000000000005,1.6104792603632885,161.4344284073062,7.276571945515224,340.3186354553472
F3_seed24_life3_m1.25_raw_age_aware_censoring_aware,F3,24,3,1.25,raw,age_aware,censoring_aware,lightgbm_raw,7,30,36.39977777777778,184.6,166.79299072619122,17.807009273808777,14.140751938975477,169.82686277159152,206.1911835260079,0.9035373278775256,0.0766021231797154,0.0685689875047461,0.0847802529195549,26.64965943145134,25.292897884202613,32.24049708389621,32.898466412138994,0,208,0.1714285714285714,3.191402165590316,20.740922619047627,66.19262536276976,4.440892098500625e-16,-3.552713678800501e-15,0,1.5063104574968076,206.1911835260079,4.16,2.798214240302391,89.03504636904387,14.140751938975477,316.3251960743296
F3_seed24_life3_m1.25_selected_recovery_order_up_to_censoring_aware,F3,24,3,1.25,selected_recovery,order_up_to,censoring_aware,lightgbm_gbm_recovered,7,30,36.39977777777778,184.6,153.38801081232305,31.211989187676945,7.933047661596088,138.55313051333977,166.60945558297374,0.8309209686474704,0.0429742560216472,0.0453439027626547,0.0517188248259019,15.731882163997753,13.631849817198397,24.72413595797449,25.228710161198457,0,207,0.2809523809523809,0.8019194685482313,20.740922619047627,16.632549643866664,4.440892098500625e-16,2.3092638912203256e-14,0,1.6018776038579727,166.60945558297374,4.140000000000001,1.651847627219764,156.0599459383847,7.933047661596088,336.3942968101743
F3_seed24_life3_m1.25_selected_recovery_age_aware_censoring_aware,F3,24,3,1.25,selected_recovery,age_aware,censoring_aware,lightgbm_gbm_recovered,7,30,36.39977777777778,184.6,167.4671002962367,17.132899703763286,15.06595814140274,170.61124222664074,207.0192800779908,0.907189059026201,0.0816140744388014,0.0727785319886891,0.0899636890753598,27.371557914441688,24.477961566779054,32.2676522497902,32.92617576509203,0,208,0.1761904761904762,2.6477392113367006,20.740922619047627,54.91655409775271,4.440892098500625e-16,2.131628207280301e-14,0,1.498970239615363,207.0192800779908,4.16,2.8740135810163774,85.66449851881643,15.06595814140274,314.7837503192262
F3_seed25_life3_m1.25_raw_order_up_to_censoring_aware,F3,25,3,1.25,raw,order_up_to,censoring_aware,lightgbm_raw,7,30,36.39977777777778,184.6,153.5376759571837,31.062324042816336,7.158546271272986,137.64594560312884,167.17725607354214,0.8317317224116125,0.0387786905269392,0.0411302623943605,0.0466240369124074,14.647223006388357,13.349501152449983,26.18776534894245,26.722209539737197,0,205,0.3142857142857142,0.4188288874307096,20.740922619047627,8.686897544822157,4.440892098500625e-16,-1.4210854715202004e-14,0,1.5965970522598458,167.17725607354214,4.1000000000000005,1.5379584156707775,155.31162021408167,7.158546271272986,335.2853809745676
F3_seed25_life3_m1.25_raw_age_aware_censoring_aware,F3,25,3,1.25,raw,age_aware,censoring_aware,lightgbm_raw,7,30,36.39977777777778,184.6,167.75262444803516,16.847375551964838,14.00150680881606,169.83952856523916,206.3740185113268,0.9087357770749468,0.0758478158657424,0.0678896135614845,0.0834652027345975,26.924953631924275,24.485175086165707,32.40700957586109,33.068377118225605,0,209,0.1476190476190476,3.131049015259584,20.740922619047627,64.94084534194431,4.440892098500625e-16,1.7763568394002505e-14,0,1.4839024914824717,206.3740185113268,4.180000000000001,2.827120131352049,84.23687775982418,14.00150680881606,311.61952321131906
F3_seed25_life3_m1.25_selected_recovery_order_up_to_censoring_aware,F3,25,3,1.25,selected_recovery,order_up_to,censoring_aware,lightgbm_gbm_recovered,7,30,36.39977777777778,184.6,154.39751070312286,30.20248929687712,7.749564256571426,138.45514011134384,167.6243433229272,0.8363895487709798,0.0419803047484909,0.0443199673771003,0.0501922875652598,15.045773499549073,12.707842929427304,25.816716345124803,26.343588107270204,0,206,0.2952380952380952,0.5204710177217705,20.740922619047627,10.795049104024208,4.440892098500625e-16,3.197442310920451e-14,0,1.581362668006366,167.6243433229272,4.120000000000001,1.5798062174526528,151.0124464843856,7.749564256571426,332.08616028133684
F3_seed25_life3_m1.25_selected_recovery_age_aware_censoring_aware,F3,25,3,1.25,selected_recovery,age_aware,censoring_aware,lightgbm_gbm_recovered,7,30,36.39977777777778,184.6,169.053563959083,15.546436040917015,14.913428479463915,171.1886018181892,207.6227921513324,0.9157831200383694,0.0807878032473668,0.0718413453994399,0.0882171788053725,27.457873963702376,23.62138715742006,32.28173449011658,32.94054539807814,0,209,0.1523809523809523,2.6108220428532136,20.740922619047627,54.15085796292235,8.88178419700125e-16,1.4210854715202004e-14,0,1.463483226674143,207.6227921513324,4.180000000000001,2.8830767661887498,77.73218020458508,14.913428479463915,307.3314776015701
F3_seed26_life3_m1.25_raw_order_up_to_censoring_aware,F3,26,3,1.25,raw,order_up_to,censoring_aware,lightgbm_raw,7,30,36.39977777777778,184.6,157.18038845124283,27.419611548757167,6.828894503336104,141.28492762791188,168.35948484876522,0.851464726171413,0.0369929279704014,0.0384326523081678,0.0434462248797305,14.66861306556562,13.675422451110736,23.70736752387803,24.19119135089595,0,206,0.2809523809523809,0.5005981302224715,20.740922619047627,10.382867082184212,4.440892098500625e-16,-3.552713678800501e-15,0,1.5140316260370077,168.35948484876522,4.120000000000001,1.54020437188439,137.09805774378583,6.828894503336104,317.9466414677716
F3_seed26_life3_m1.25_raw_age_aware_censoring_aware,F3,26,3,1.25,raw,age_aware,censoring_aware,lightgbm_raw,7,30,36.39977777777778,184.6,171.99030620376246,12.609693796237526,12.604342198125387,174.0433125986345,209.59467818766535,0.9316917995870124,0.068279210174027,0.059894302899565,0.0732851895919797,26.155662000031175,25.84844197452437,31.359472025277615,31.99946125028328,0,209,0.1428571428571428,2.8423678530288816,20.740922619047627,58.953331694540566,4.440892098500625e-16,5.684341886080802e-14,0,1.3913039708427697,209.59467818766535,4.180000000000001,2.746344510003273,63.04846898118762,12.604342198125387,292.17383387698163
F3_seed26_life3_m1.25_selected_recovery_order_up_to_censoring_aware,F3,26,3,1.25,selected_recovery,order_up_to,censoring_aware,lightgbm_gbm_recovered,7,30,36.39977777777778,184.6,157.96295276570362,26.637047234296404,7.630564900454109,142.1426928017648,168.9923763936227,0.8557039694783511,0.0413356711833917,0.0427380940550758,0.0483060411751864,15.136726287659792,12.948952913384849,23.46983606398545,23.94881231018924,0,208,0.2666666666666666,0.7303057247226832,20.740922619047627,15.147214524720672,4.440892098500625e-16,1.7763568394002505e-14,0,1.502654922503634,168.9923763936227,4.16,1.5893562602042783,133.18523617148202,7.630564900454109,315.5575337257631
F3_seed26_life3_m1.25_selected_recovery_age_aware_censoring_aware,F3,26,3,1.25,selected_recovery,age_aware,censoring_aware,lightgbm_gbm_recovered,7,30,36.39977777777778,184.6,172.83252238436825,11.767477615631757,14.005111917018375,175.98566778614648,211.1645536788752,0.936254184097336,0.075867345162613,0.0659419569916013,0.0810328503212602,26.78757822699339,25.547811262537675,30.95559481915115,31.58734165219505,0,209,0.1428571428571428,2.392594681775932,20.740922619047627,49.62462115345948,4.440892098500625e-16,-3.197442310920451e-14,0,1.3857130923232697,211.1645536788752,4.180000000000001,2.812695713834306,58.83738807815878,14.005111917018375,290.99974938788665
F3_seed27_life3_m1.25_raw_order_up_to_censoring_aware,F3,27,3,1.25,raw,order_up_to,censoring_aware,lightgbm_raw,7,30,36.39977777777778,184.6,156.54004894287814,28.059951057121843,7.290630700080056,138.7071643881736,168.89110388395025,0.8479959314348761,0.0394942074760566,0.041635303603044,0.0465735813251241,14.628301442181089,11.276262522993164,26.806117418097664,27.353181038875164,0,206,0.3142857142857142,0.4374327018647521,20.740922619047627,9.072757820417754,4.440892098500625e-16,1.5987211554602254e-14,0,1.5339879120050883,168.89110388395025,4.120000000000001,1.5359716514290145,140.29975528560922,7.290630700080056,322.13746152106853
F3_seed27_life3_m1.25_raw_age_aware_censoring_aware,F3,27,3,1.25,raw,age_aware,censoring_aware,lightgbm_raw,7,30,36.39977777777778,184.6,172.71898789298822,11.88101210701178,14.272275825103232,173.64636346836488,211.8930351709785,0.935639154349882,0.0773146036029427,0.0679482886018756,0.082632928777616,25.943546850290748,23.0548775280512,34.00881099919405,34.70286836652454,0,210,0.1619047619047619,2.8742265151235262,20.740922619047627,59.61410973979199,4.440892098500625e-16,1.7763568394002505e-14,0,1.3928306854781958,211.8930351709785,4.200000000000001,2.724072419280529,59.405060535058894,14.272275825103232,292.4944439504211
F3_seed27_life3_m1.25_selected_recovery_order_up_to_censoring_aware,F3,27,3,1.25,selected_recovery,order_up_to,censoring_aware,lightgbm_gbm_recovered,7,30,36.39977777777778,184.6,158.14722162505345,26.452778374946536,7.947581681545795,140.21633279977257,169.95686496680784,0.8567021756503436,0.0430529885240834,0.0449991886671974,0.0502543237869109,14.927666168567152,10.521307270951098,26.341394867699112,26.87897435479501,0,208,0.2999999999999999,0.6295912212785147,20.740922619047627,13.058302802169369,4.440892098500625e-16,1.7763568394002505e-14,0,1.5042654450989803,169.95686496680784,4.16,1.5674049476995513,132.26389187473268,7.947581681545795,315.8957434707859
F3_seed27_life3_m1.25_selected_recovery_age_aware_censoring_aware,F3,27,3,1.25,selected_recovery,age_aware,censoring_aware,lightgbm_gbm_recovered,7,30,36.39977777777778,184.6,173.78877912286504,10.811220877134948,15.256660000454236,175.27151939756666,213.11165588119604,0.941434339777167,0.0826471289298712,0.0720771318740297,0.0877885216609301,26.47105850684909,22.625858052025155,33.577903366005465,34.26316670000557,0,210,0.1428571428571428,2.4040343425220287,20.740922619047627,49.86189027178244,4.440892098500625e-16,2.131628207280301e-14,0,1.378113721002591,213.11165588119604,4.200000000000001,2.7794611432191547,54.056104385674736,15.256660000454236,289.40388141054416
F3_seed28_life3_m1.25_raw_order_up_to_censoring_aware,F3,28,3,1.25,raw,order_up_to,censoring_aware,lightgbm_raw,7,30,36.39977777777778,184.6,154.17958675724373,30.420413242756297,7.257373831906634,140.00902182962363,165.6885912670214,0.835209029020822,0.039314051093752,0.0411395227905747,0.0470709124634857,14.740782393448882,14.971839018251078,22.36579761205736,22.822242461283015,0,206,0.2952380952380952,0.935917766595374,20.740922619047627,19.411797974746527,4.440892098500625e-16,-1.7763568394002505e-14,0,1.574837206971532,165.6885912670214,4.120000000000001,1.5477821513121328,152.10206621378148,7.257373831906634,330.71581346402166
F3_seed28_life3_m1.25_raw_age_aware_censoring_aware,F3,28,3,1.25,raw,age_aware,censoring_aware,lightgbm_raw,7,30,36.39977777777778,184.6,166.86779356592717,17.732206434072843,14.38275357149212,170.73215959720625,206.01596569810863,0.90394254369408,0.0779130746017991,0.0694376432421143,0.0861925076381482,26.593556923522225,25.881390237564737,31.163486786940247,31.79947631320433,0,209,0.1666666666666666,3.2488982110781888,20.740922619047627,67.38514639313499,4.440892098500625e-16,7.105427357601002e-15,0,1.5049146424615942,206.01596569810863,4.180000000000001,2.792323476969834,88.66103217036422,14.38275357149212,316.0320749169348
F3_seed28_life3_m1.25_selected_recovery_order_up_to_censoring_aware,F3,28,3,1.25,selected_recovery,order_up_to,censoring_aware,lightgbm_gbm_recovered,7,30,36.39977777777778,184.6,155.1174610538467,29.48253894615328,7.71065660909024,140.84371728998502,166.36718228759833,0.8402896048420732,0.0417695374273577,0.0435031852996486,0.0497085019101337,15.182944476616882,14.415377404825838,22.196121351861308,22.64910342026664,0,206,0.2809523809523809,1.1278990839141727,20.740922619047627,23.39366762155856,4.440892098500625e-16,1.9539925233402755e-14,0,1.5581178228452366,166.36718228759833,4.120000000000001,1.5942091700447727,147.41269473076642,7.71065660909024,327.2047427974997
F3_seed28_life3_m1.25_selected_recovery_age_aware_censoring_aware,F3,28,3,1.25,selected_recovery,age_aware,censoring_aware,lightgbm_gbm_recovered,7,30,36.39977777777778,184.6,167.7550346468568,16.844965353143195,15.2425613426056,172.07790672296764,206.86302792923945,0.9087488334065916,0.0825707548353499,0.073113635059349,0.0908620201753879,27.304667622906944,25.480088511283007,30.64786064768697,31.27332719151732,0,209,0.1571428571428571,2.759169522935496,20.740922619047627,57.22772156803968,8.88178419700125e-16,3.552713678800501e-15,0,1.492273362561744,206.86302792923945,4.180000000000001,2.8669901004052285,84.224826765716,15.2425613426056,313.3774061379662
F3_seed29_life3_m1.25_raw_order_up_to_censoring_aware,F3,29,3,1.25,raw,order_up_to,censoring_aware,lightgbm_raw,7,30,36.39977777777778,184.6,156.00711522003246,28.59288477996753,7.257373831906634,140.28982075541052,168.36675639933253,0.8451089665223861,0.039314051093752,0.0410741429725047,0.0465195053550655,14.802634759079478,13.425109481249208,24.709600515935325,25.213878077485024,0,206,0.2999999999999999,0.4120555725720246,20.740922619047627,8.546412745463728,4.440892098500625e-16,1.7763568394002505e-15,0,1.5441087180037152,168.36675639933253,4.120000000000001,1.554276649703345,142.96442389983767,7.257373831906634,324.2628307807802
F3_seed29_life3_m1.25_raw_age_aware_censoring_aware,F3,29,3,1.25,raw,age_aware,censoring_aware,lightgbm_raw,7,30,36.39977777777778,184.6,169.2307632223849,15.369236777615113,14.32612031139304,172.90876725329957,208.5302043935569,0.9167430293736992,0.0776062855438409,0.0684449854126402,0.0846543503001708,26.677044830910376,25.75166149729942,31.450833052386216,32.092686788149194,0,209,0.1619047619047619,3.0927605625835506,20.740922619047627,64.14670750778762,4.440892098500625e-16,3.552713678800501e-15,0,1.4603980871441482,208.5302043935569,4.180000000000001,2.80108970724559,76.84618388807556,14.32612031139304,306.6835983002711
F3_seed29_life3_m1.25_selected_recovery_order_up_to_censoring_aware,F3,29,3,1.25,selected_recovery,order_up_to,censoring_aware,lightgbm_gbm_recovered,7,30,36.39977777777778,184.6,156.95435260889883,27.64564739110117,7.71065660909024,140.9592876130901,168.98574151989095,0.8502402633201454,0.0417695374273577,0.0434748378499701,0.049126745967369,15.29595316763951,12.6940561728788,24.64673907640304,25.149733751431672,0,208,0.2904761904761905,0.5750979822393437,20.740922619047627,11.928062747996655,4.440892098500625e-16,2.842170943040401e-14,0,1.527098619843282,168.98574151989095,4.16,1.6060750826021486,138.22823695550585,7.71065660909024,320.69071016708926
F3_seed29_life3_m1.25_selected_recovery_age_aware_censoring_aware,F3,29,3,1.25,selected_recovery,age_aware,censoring_aware,lightgbm_gbm_recovered,7,30,36.39977777777778,184.6,170.45225255715863,14.147747442841352,15.2189062638535,174.59651499226916,209.63402973730948,0.9233599813497216,0.0824426124802464,0.0721287851272331,0.0892854511192221,27.418721463401937,25.325133949034807,30.844834150294087,31.474320561524586,0,209,0.1523809523809523,2.5862014764895966,20.740922619047627,53.640204701137456,8.88178419700125e-16,7.105427357601002e-15,0,1.441193518900128,209.63402973730948,4.180000000000001,2.878965753657203,70.73873721420675,15.2189062638535,302.6506389690269
F3_seed00_life3_m1.5_raw_order_up_to_censoring_aware,F3,0,3,1.5,raw,order_up_to,censoring_aware,lightgbm_raw,7,30,36.39977777777778,221.52,172.94043996369874,48.57956003630128,6.008768033443234,153.45691832302845,182.98503784786027,0.780698988640749,0.0271251716930445,0.0316489655453227,0.0347447250319503,11.169355021552809,10.907488103664257,25.86841876787464,26.39634568150473,0,205,0.438095238095238,0.4539335714699216,29.86692857142853,13.5576015552656,8.88178419700125e-16,7.105427357601002e-15,0,2.081735182571776,182.98503784786027,4.1000000000000005,1.1727822772630443,242.8978001815064,6.008768033443234,437.16438834007295
F3_seed00_life3_m1.5_raw_age_aware_censoring_aware,F3,0,3,1.5,raw,age_aware,censoring_aware,lightgbm_raw,7,30,36.39977777777778,221.52,195.1744839523724,26.345516047627587,7.396042596413568,187.2080122235633,224.57459317431048,0.8810693569536494,0.0333876968057672,0.033075961246114,0.037894515956391,21.639763956150723,21.03726345255505,32.87508908726103,33.546009272715345,0,209,0.2333333333333333,1.6339524323777612,29.86692857142853,48.8011405869385,4.440892098500625e-16,4.2632564145606005e-14,0,1.762620910591704,224.57459317431048,4.180000000000001,2.2721752153958255,131.72758023813793,7.396042596413568,370.1503912242578
F3_seed00_life3_m1.5_selected_recovery_order_up_to_censoring_aware,F3,0,3,1.5,selected_recovery,order_up_to,censoring_aware,lightgbm_gbm_recovered,7,30,36.39977777777778,221.52,174.56130198211045,46.958698017889546,6.228577734486474,155.33848941666383,184.08859991976237,0.7880159894461469,0.0281174509501917,0.0324847920325162,0.0356813203371088,11.589108499972076,10.948387477844689,25.068338504703256,25.579937249697203,0,207,0.419047619047619,0.6696859152261591,29.86692857142853,20.00146139535144,8.88178419700125e-16,7.105427357601002e-15,0,2.0498453530294936,184.08859991976237,4.140000000000001,1.216856392497068,234.79349008944772,6.228577734486474,430.4675241361937
F3_seed00_life3_m1.5_selected_recovery_age_aware_censoring_aware,F3,0,3,1.5,selected_recovery,age_aware,censoring_aware,lightgbm_gbm_recovered,7,30,36.39977777777778,221.52,196.06210538640497,25.457894613595023,8.701774940937296,189.63185816489184,226.31022100257812,0.8850763153954722,0.0392821187294027,0.0384980399077605,0.0443827476186057,22.492950299498407,21.267755615327328,32.15215841763473,32.808324915953804,0,208,0.2238095238095238,1.3280062451692447,29.86692857142853,39.66346766688084,8.88178419700125e-16,0.0,0,1.7563010894901805,226.31022100257812,4.16,2.361759781447333,127.28947306797512,8.701774940937296,368.8232287929378
F3_seed01_life3_m1.5_raw_order_up_to_censoring_aware,F3,1,3,1.5,raw,order_up_to,censoring_aware,lightgbm_raw,7,30,36.39977777777778,221.52,166.89398610314973,54.626013896850274,6.1315859852511485,145.64975004712716,176.02426313612477,0.7534036931344787,0.0276796044837989,0.0336808672810648,0.036739406424516,11.79240579803742,9.023955736504073,26.85402782627513,27.402069210484825,0,203,0.4333333333333333,0.3986577387962602,29.86692857142853,11.90668220907512,8.88178419700125e-16,-7.105427357601002e-15,0,2.1932577200686727,176.02426313612477,4.0600000000000005,1.2382026087939293,273.1300694842514,6.1315859852511485,460.58412121442126
F3_seed01_life3_m1.5_raw_age_aware_censoring_aware,F3,1,3,1.5,raw,age_aware,censoring_aware,lightgbm_raw,7,30,36.39977777777778,221.52,187.6787071397787,33.84129286022131,9.078034878619935,181.1246342174216,217.39160414775824,0.8472314334587338,0.0409806558262005,0.0417334072776175,0.0483700842624561,21.650371074267696,20.76766997680069,31.919137847381528,32.5705488238587,0,210,0.2476190476190476,1.93280780629639,29.86692857142853,57.72703269295376,4.440892098500625e-16,2.4868995751603507e-14,0,1.914997106144204,217.39160414775824,4.200000000000001,2.2732889627981074,169.20646430110654,9.078034878619935,402.1493922902828
F3_seed01_life3_m1.5_selected_recovery_order_up_to_censoring_aware,F3,1,3,1.5,selected_recovery,order_up_to,censoring_aware,lightgbm_gbm_recovered,7,30,36.39977777777778,221.52,167.88913854491187,53.63086145508812,6.357445288765452,146.97586507931257,176.84228012847586,0.7578960750492592,0.0286991932501148,0.034668973423695,0.0378669242326523,12.260436487842991,9.129059023413008,26.32956944659378,26.86690759856508,0,205,0.4333333333333333,0.5654306021284466,29.86692857142853,16.887675405870148,8.88178419700125e-16,2.3092638912203256e-14,0,2.1749589453519302,176.84228012847586,4.1000000000000005,1.287345831223514,268.1543072754406,6.357445288765452,456.7413785239054
F3_seed01_life3_m1.5_selected_recovery_age_aware_censoring_aware,F3,1,3,1.5,selected_recovery,age_aware,censoring_aware,lightgbm_gbm_recovered,7,30,36.39977777777778,221.52,188.5866724318149,32.933327568185085,9.813454038925382,182.2264666039096,218.45919842492845,0.8513302294682868,0.0443005328589986,0.0448868984905244,0.0520368375579325,22.221778438663797,20.22611791094708,31.863547852520256,32.51382433930638,0,209,0.238095238095238,1.5539871276357906,29.86692857142853,46.41282254201756,4.440892098500625e-16,-7.105427357601002e-15,0,1.9021551287659,218.45919842492845,4.180000000000001,2.3332867360596983,164.66663784092543,9.813454038925382,399.45257704083895
F3_seed02_life3_m1.5_raw_order_up_to_censoring_aware,F3,2,3,1.5,raw,order_up_to,censoring_aware,lightgbm_raw,7,30,36.39977777777778,221.52,166.68436527932164,54.83563472067836,6.160052584090027,148.84500975726516,177.84481281585687,0.7524574091699244,0.0278081102568166,0.0332535811995504,0.0369563910434389,11.89152463564777,12.400369671631257,25.442906802274557,25.962149798239334,0,204,0.4476190476190476,0.7319596684737802,29.86692857142853,21.86138713547291,8.88178419700125e-16,2.131628207280301e-14,0,2.2071983290003883,177.84481281585687,4.08,1.248610086743016,274.17817360339177,6.160052584090027,463.5116490900816
F3_seed02_life3_m1.5_raw_age_aware_censoring_aware,F3,2,3,1.5,raw,age_aware,censoring_aware,lightgbm_raw,7,30,36.39977777777778,221.52,190.5285386917585,30.991461308241444,8.772084776578854,184.1149550282515,222.50851646760665,0.8600963285110081,0.0395995159650544,0.0397800394783373,0.0460407917722527,21.76266411242109,21.21410933769187,33.94339111000305,34.636113377554125,0,209,0.2523809523809523,1.8019332435932616,29.86692857142853,53.81821147688248,4.440892098500625e-16,2.131628207280301e-14,0,1.870014226272367,222.50851646760665,4.180000000000001,2.285079731804214,154.95730654120723,8.772084776578854,392.70298751719696
F3_seed02_life3_m1.5_selected_recovery_order_up_to_censoring_aware,F3,2,3,1.5,selected_recovery,order_up_to,censoring_aware,lightgbm_gbm_recovered,7,30,36.39977777777778,221.52,168.99001675290546,52.52998324709455,6.449614664683666,150.84116084420387,179.56636069590266,0.7628657310983454,0.0291152702450508,0.0344455369223752,0.0381656549221732,12.046696554602471,11.801307204392524,25.13387263778076,25.646808814062,0,204,0.4333333333333333,0.9922306761291592,29.86692857142853,29.63488273032984,8.88178419700125e-16,5.329070518200752e-15,0,2.161956165401393,179.56636069590266,4.08,1.2649031382332594,262.64991623547274,6.449614664683666,454.0107947342924
F3_seed02_life3_m1.5_selected_recovery_age_aware_censoring_aware,F3,2,3,1.5,selected_recovery,age_aware,censoring_aware,lightgbm_gbm_recovered,7,30,36.39977777777778,221.52,192.29860480030624,29.221395199693745,9.491782020991025,185.9182982792124,224.0159604421353,0.868086876129949,0.0428484201019818,0.0426946031080165,0.0493595989988997,22.362283064071573,20.52768923569288,33.61734295408026,34.30341117763291,0,208,0.238095238095238,1.467393960564801,29.86692857142853,43.82655060633453,4.440892098500625e-16,-1.7763568394002505e-14,0,1.8386798008729648,224.0159604421353,4.16,2.348039721727514,146.10697599846878,9.491782020991025,386.12275818332256
F3_seed03_life3_m1.5_raw_order_up_to_censoring_aware,F3,3,3,1.5,raw,order_up_to,censoring_aware,lightgbm_raw,7,30,36.39977777777778,221.52,164.45719278714597,57.06280721285404,6.008768033443234,146.7009315314371,176.38009614650923,0.7424033621666034,0.0271251716930445,0.0328167381552619,0.0365369731272275,12.627246264905878,12.634748488625725,26.15156269214192,26.68526805320604,0,203,0.4333333333333333,0.4896474465080498,29.86692857142853,14.624265310038298,8.88178419700125e-16,-7.105427357601002e-15,0,2.2528036242954186,176.38009614650923,4.0600000000000005,1.3258608578151172,285.3140360642702,6.008768033443234,473.08876110203784
F3_seed03_life3_m1.5_raw_age_aware_censoring_aware,F3,3,3,1.5,raw,age_aware,censoring_aware,lightgbm_raw,7,30,36.39977777777778,221.52,189.49653345989157,32.023466540108494,8.894147743610182,183.05103623966383,221.25958046758203,0.8554375833328438,0.0401505405543977,0.0405291171209931,0.0469356751873917,22.27500803904828,21.060132813939905,33.78335261856658,34.4728087944557,0,209,0.2619047619047619,1.761772706042563,29.86692857142853,52.61873957046559,4.440892098500625e-16,2.131628207280301e-14,0,1.8894758893134993,221.25958046758203,4.180000000000001,2.3388758441000688,160.11733270054248,8.894147743610182,396.7899367558348
F3_seed03_life3_m1.5_selected_recovery_order_up_to_censoring_aware,F3,3,3,1.5,selected_recovery,order_up_to,censoring_aware,lightgbm_gbm_recovered,7,30,36.39977777777778,221.52,165.78905845046722,55.730941549532766,6.228577734486474,148.24965388249692,177.04656014466374,0.7484157568186494,0.0281174509501917,0.0337319085062013,0.037569293128879,12.97727702473523,12.631795475320994,25.255975059273528,25.77140312170768,0,204,0.4333333333333333,0.7679410115337619,29.86692857142853,22.936039338549445,8.88178419700125e-16,8.88178419700125e-15,0,2.225583141497197,177.04656014466374,4.08,1.362614087597199,278.65470774766385,6.228577734486474,467.37245971441126
F3_seed03_life3_m1.5_selected_recovery_age_aware_censoring_aware,F3,3,3,1.5,selected_recovery,age_aware,censoring_aware,lightgbm_gbm_recovered,7,30,36.39977777777778,221.52,190.68097936594748,30.839020634052535,9.628940572547103,184.9355645992498,222.46709724569567,0.8607844861229121,0.0434675901613719,0.04350385469007,0.0504976458824853,22.732341766681728,21.025422438533045,33.082190701531914,33.75733745054277,0,208,0.2523809523809523,1.4496268371104108,29.86692857142853,43.29590119920251,4.440892098500625e-16,-3.907985046680551e-14,0,1.8706573184476527,222.46709724569567,4.16,2.3868958855015814,154.1951031702627,9.628940572547103,392.8380368740071
F3_seed04_life3_m1.5_raw_order_up_to_censoring_aware,F3,4,3,1.5,raw,order_up_to,censoring_aware,lightgbm_raw,7,30,36.39977777777778,221.52,168.83767623886396,52.68232376113603,6.733495328134603,150.49305394439511,178.81295938361092,0.7621780256358973,0.0303967828102862,0.0360286441490936,0.0398814736031331,11.91808407310408,11.321660155174348,24.743646251543566,25.248618624024047,0,203,0.4428571428571428,0.4131128738760846,29.86692857142853,12.338412695994585,8.88178419700125e-16,-1.2434497875801752e-14,0,2.1631879635481037,178.81295938361092,4.0600000000000005,1.2513988276759287,263.41161880568023,6.733495328134603,454.2694723451017
F3_seed04_life3_m1.5_raw_age_aware_censoring_aware,F3,4,3,1.5,raw,age_aware,censoring_aware,lightgbm_raw,7,30,36.39977777777778,221.52,190.93083539705523,30.589164602944766,9.119105018412974,186.30924854181453,222.14243814521288,0.8619124024785809,0.0411660573240022,0.0409462749180487,0.0477613005748867,22.19822679649271,22.6590859041241,31.390340840494133,32.03096004132055,0,208,0.2285714285714285,1.7437106972663792,29.86692857142853,52.07928284449079,4.440892098500625e-16,3.197442310920451e-14,0,1.8604675237713404,222.14243814521288,4.16,2.3308138136317336,152.94582301472383,9.119105018412974,390.69817999198153
F3_seed04_life3_m1.5_selected_recovery_order_up_to_censoring_aware,F3,4,3,1.5,selected_recovery,order_up_to,censoring_aware,lightgbm_gbm_recovered,7,30,36.39977777777778,221.52,169.87114523685858,51.64885476314142,7.092858453927064,151.60293508020553,179.38359530015683,0.7668433786423736,0.0320190432192445,0.0377274260892447,0.0417543452952953,12.243609026148324,11.038709167197656,24.19298831394818,24.68672276933488,0,204,0.419047619047619,0.6299669428839929,29.86692857142853,18.815177685477416,8.88178419700125e-16,8.88178419700125e-15,0,2.143268126273983,179.38359530015683,4.08,1.2855789477455744,258.24427381570706,7.092858453927064,450.08630651753646
F3_seed04_life3_m1.5_selected_recovery_age_aware_censoring_aware,F3,4,3,1.5,selected_recovery,age_aware,censoring_aware,lightgbm_gbm_recovered,7,30,36.39977777777778,221.52,192.57823599187984,28.941764008120156,9.457911048792964,188.12303717548005,223.37842827545344,0.8693492054526897,0.0426955175550422,0.042124498798761,0.049112045294629,22.81867626097357,22.486667912585016,30.787822534464254,31.41614544333088,0,207,0.2285714285714285,1.4911638273579528,29.86692857142853,44.536483519997965,4.440892098500625e-16,1.7763568394002505e-14,0,1.8289577160583297,223.37842827545344,4.140000000000001,2.3959610074022253,144.70882004060076,9.457911048792964,384.0811203722493
F3_seed05_life3_m1.5_raw_order_up_to_censoring_aware,F3,5,3,1.5,raw,order_up_to,censoring_aware,lightgbm_raw,7,30,36.39977777777778,221.52,171.60936125242085,49.910638747579135,6.0093653229793835,152.12296712070216,181.24873629526377,0.7746901464988301,0.0271278680163388,0.0318760758879011,0.0350177011272723,12.221660041488493,10.904018323079676,25.500794448656368,26.02121882515956,0,203,0.4285714285714285,0.5915131861092024,29.86692857142853,17.666682078581662,8.88178419700125e-16,3.019806626980426e-14,0,2.1054979507642626,181.24873629526377,4.0600000000000005,1.2832743043562915,249.55319373789575,6.0093653229793835,442.1545696604951
F3_seed05_life3_m1.5_raw_age_aware_censoring_aware,F3,5,3,1.5,raw,age_aware,censoring_aware,lightgbm_raw,7,30,36.39977777777778,221.52,192.9643413172976,28.5556586827024,8.894080010276847,187.3303670541949,224.04533517535288,0.871092187239516,0.0401502347881764,0.0397536059209032,0.0460918320429577,22.930846363889977,21.87172350439827,32.234061417650906,32.89189940576623,0,209,0.2238095238095238,1.7443933143906252,29.86692857142853,52.09967052138228,4.440892098500625e-16,1.4210854715202004e-14,0,1.8205021307969056,224.04533517535288,4.180000000000001,2.4077388682084475,142.77829341351202,8.894080010276847,382.30544746735023
F3_seed05_life3_m1.5_selected_recovery_order_up_to_censoring_aware,F3,5,3,1.5,selected_recovery,order_up_to,censoring_aware,lightgbm_gbm_recovered,7,30,36.39977777777778,221.52,173.56442152981307,47.955578470186936,6.231376218188673,154.17706215153862,182.7837914757175,0.7835158068337535,0.0281300840474389,0.032697447499391,0.0359023823158268,12.437838943414084,10.781042181314666,24.951053494664524,25.460258668025027,0,206,0.4095238095238095,0.7979756122714649,29.86692857142853,23.83308061345379,8.88178419700125e-16,-7.105427357601002e-15,0,2.0677096815899967,182.7837914757175,4.120000000000001,1.3059730890584789,239.77789235093476,6.231376218188673,434.21903313389936
F3_seed05_life3_m1.5_selected_recovery_age_aware_censoring_aware,F3,5,3,1.5,selected_recovery,age_aware,censoring_aware,lightgbm_gbm_recovered,7,30,36.39977777777778,221.52,194.3971726908127,27.12282730918728,9.62887283921377,188.93316390451324,225.22954608092044,0.87756036787113,0.0434672843951506,0.0427317584696073,0.0495319592663439,23.67262033913227,21.3068961522645,31.791791254788823,32.44060332121308,0,208,0.219047619047619,1.4232671052347805,29.86692857142853,42.50861697011104,4.440892098500625e-16,4.2632564145606005e-14,0,1.7958008600079978,225.22954608092044,4.16,2.4856251356088883,135.6141365459364,9.62887283921377,377.1181806016795
F3_seed06_life3_m1.5_raw_order_up_to_censoring_aware,F3,6,3,1.5,raw,order_up_to,censoring_aware,lightgbm_raw,7,30,36.39977777777778,221.52,170.3263772104994,51.19362278950062,6.008768033443234,150.17694555840853,182.17305155753985,0.7688984164432078,0.0271251716930445,0.0322053465512749,0.0352779653501186,11.78698848412604,10.241578092243692,28.352644967980503,28.931270375490307,0,202,0.4333333333333333,0.5890104498487884,29.86692857142853,17.591933033458755,8.88178419700125e-16,-7.105427357601002e-15,0,2.140131272996759,182.17305155753985,4.040000000000001,1.237633790833234,255.96811394750316,6.008768033443234,449.4275673293194
F3_seed06_life3_m1.5_raw_age_aware_censoring_aware,F3,6,3,1.5,raw,age_aware,censoring_aware,lightgbm_raw,7,30,36.39977777777778,221.52,193.45475327693663,28.065246723063343,8.894147743610182,186.757313859796,225.44643578381945,0.8733060368225743,0.0401505405543977,0.0398559941713841,0.0459753383824998,22.498456063997477,20.80819061702694,34.18019320834708,34.87774817178273,0,209,0.219047619047619,1.7160410762172726,29.86692857142853,51.25287624901864,4.440892098500625e-16,7.105427357601002e-15,0,1.8152816906165048,225.44643578381945,4.180000000000001,2.362337886719734,140.3262336153167,8.894147743610182,381.2091550294661
F3_seed06_life3_m1.5_selected_recovery_order_up_to_censoring_aware,F3,6,3,1.5,selected_recovery,order_up_to,censoring_aware,lightgbm_gbm_recovered,7,30,36.39977777777778,221.52,172.13059967067866,49.38940032932134,6.228577734486474,152.19091182582895,183.3354724202515,0.7770431548874985,0.0281174509501917,0.0330269630360763,0.0361851858205515,12.075952695128231,10.231512198441589,27.477851146017528,28.038623618385238,0,204,0.4142857142857143,0.837052046219604,29.86692857142853,25.00017367500901,8.88178419700125e-16,7.105427357601002e-15,0,2.104090603973015,183.3354724202515,4.08,1.267975032988464,246.94700164660676,6.228577734486474,441.8590268343332
F3_seed06_life3_m1.5_selected_recovery_age_aware_censoring_aware,F3,6,3,1.5,selected_recovery,age_aware,censoring_aware,lightgbm_gbm_recovered,7,30,36.39977777777778,221.52,194.92685439832744,26.593145601672543,9.564085147404132,188.25174538059773,226.6679121050167,0.8799514915056313,0.0431748155805531,0.04257298153577,0.0490649950563517,23.05752342554381,20.160583612643933,33.882808482318666,34.57429436971292,0,208,0.2095238095238095,1.4196033885174415,29.86692857142853,42.399193004608335,4.440892098500625e-16,3.907985046680551e-14,0,1.7894226915260272,226.6679121050167,4.16,2.4210399596821,132.96572800836273,9.564085147404132,375.7787652204657
F3_seed07_life3_m1.5_raw_order_up_to_censoring_aware,F3,7,3,1.5,raw,order_up_to,censoring_aware,lightgbm_raw,7,30,36.39977777777778,221.52,171.08725922489992,50.432740775100086,4.165103232804082,151.5833715060271,180.12253541286722,0.7723332395490246,0.0188023800686352,0.0221567903754813,0.0243449059367355,11.847491065270438,12.73078682610086,24.93671319858281,25.445625712839604,0,203,0.4476190476190476,0.4602586205039726,29.86692857142853,13.746511342976383,8.88178419700125e-16,2.664535259100376e-14,0,2.1035968051572627,180.12253541286722,4.0600000000000005,1.2439865618533965,252.16370387550043,4.165103232804082,441.7553290830251
F3_seed07_life3_m1.5_raw_age_aware_censoring_aware,F3,7,3,1.5,raw,age_aware,censoring_aware,lightgbm_raw,7,30,36.39977777777778,221.52,193.5993414503668,27.9206585496332,7.09595048224723,186.95985809103215,222.59534879577288,0.8739587461645306,0.0320330014547094,0.0317691710708868,0.0366527614664764,22.12243807514836,22.66434393619589,31.183583728825255,31.819983396760467,0,209,0.2333333333333333,1.8009299052640515,29.86692857142853,53.78824484267098,8.88178419700125e-16,2.842170943040401e-14,0,1.7895116572575085,222.59534879577288,4.180000000000001,2.3228559978905774,139.603292748166,7.09595048224723,375.7974480240768
F3_seed07_life3_m1.5_selected_recovery_order_up_to_censoring_aware,F3,7,3,1.5,selected_recovery,order_up_to,censoring_aware,lightgbm_gbm_recovered,7,30,36.39977777777778,221.52,172.8138424810786,48.7061575189214,4.473308491791904,153.35530532105548,181.33701858741617,0.7801274940460393,0.0201937003060306,0.0235741167969766,0.0258851283413924,12.114690466395752,12.467932125962758,24.35497289461233,24.852013157767686,0,206,0.438095238095238,0.6617794363685625,29.86692857142853,19.765319156060087,8.88178419700125e-16,-3.552713678800501e-15,0,2.070157891298984,181.33701858741617,4.120000000000001,1.2720424989715533,243.53078759460695,4.473308491791904,434.7331571727866
F3_seed07_life3_m1.5_selected_recovery_age_aware_censoring_aware,F3,7,3,1.5,selected_recovery,age_aware,censoring_aware,lightgbm_gbm_recovered,7,30,36.39977777777778,221.52,195.0457126215499,26.474287378450096,7.8371690444536,188.42389027705812,223.9699495251268,0.8804880490319155,0.0353790585249801,0.0348591814743546,0.0401811910608882,22.698677110514332,21.940786388832464,31.066660257566063,31.700673732210262,0,208,0.2285714285714285,1.4766206861735751,29.86692857142853,44.102124561039965,4.440892098500625e-16,-3.907985046680551e-14,0,1.7653424598020713,223.9699495251268,4.16,2.3833610966040046,132.3714368922505,7.8371690444536,370.7219165584349
F3_seed08_life3_m1.5_raw_order_up_to_censoring_aware,F3,8,3,1.5,raw,order_up_to,censoring_aware,lightgbm_raw,7,30,36.39977777777778,221.52,170.6609231926825,50.859076807317486,6.47822573302504,151.3963799208246,179.63835139646216,0.7704086456874436,0.0292444281916984,0.034496050464579,0.0379596313662904,12.070435628347283,10.657008772894809,24.649204447708357,25.15224943643709,0,203,0.4238095238095238,0.3249888706789215,29.86692857142853,9.706419387076572,8.88178419700125e-16,2.131628207280301e-14,0,2.1225683662240526,179.63835139646216,4.0600000000000005,1.267395740976465,254.29538403658745,6.47822573302504,445.7393569070512
F3_seed08_life3_m1.5_raw_age_aware_censoring_aware,F3,8,3,1.5,raw,age_aware,censoring_aware,lightgbm_raw,7,30,36.39977777777778,221.52,194.03949093349183,27.480509066508137,9.250001142130355,188.27646881262737,224.51564836445385,0.8759456976051457,0.0417569571240987,0.0411703563794775,0.0476707143356753,22.298205457852703,21.38675451478292,31.7488665845374,32.39680263728306,0,209,0.219047619047619,1.5985795763543524,29.86692857142853,47.74466202271993,4.440892098500625e-16,1.7763568394002505e-14,0,1.7985214591057117,224.51564836445385,4.180000000000001,2.3413115730745333,137.40254533254068,9.250001142130355,377.68950641219936
F3_seed08_life3_m1.5_selected_recovery_order_up_to_censoring_aware,F3,8,3,1.5,selected_recovery,order_up_to,censoring_aware,lightgbm_gbm_recovered,7,30,36.39977777777778,221.52,171.78666352685707,49.73333647314294,6.751115039227328,152.47412287439568,180.3423983831524,0.7754905359645046,0.0304763228567503,0.0357440335372754,0.0392994130081108,12.4831088206572,10.33612208608907,24.261427541093628,24.75655871540166,0,205,0.4142857142857143,0.5115812112710406,29.86692857142853,15.279359495517062,8.88178419700125e-16,-5.329070518200752e-15,0,2.100813915306016,180.3423983831524,4.1000000000000005,1.3107264261690057,248.66668236571468,6.751115039227328,441.17092221426327
F3_seed08_life3_m1.5_selected_recovery_age_aware_censoring_aware,F3,8,3,1.5,selected_recovery,age_aware,censoring_aware,lightgbm_gbm_recovered,7,30,36.39977777777778,221.52,194.94353197522904,26.576468024770968,9.938344101036883,189.03972935278216,225.49810037988848,0.8800267785086179,0.0448643197049335,0.0440843054863548,0.0509806301360115,22.826223564445815,20.557631054294035,31.948409019508567,32.600417366845484,0,208,0.2095238095238095,1.3429964692128833,29.86692857142853,40.111179617661904,4.440892098500625e-16,2.131628207280301e-14,0,1.7851216099002245,225.49810037988848,4.16,2.39675347426681,132.88234012385487,9.938344101036883,374.87553807904715
F3_seed09_life3_m1.5_raw_order_up_to_censoring_aware,F3,9,3,1.5,raw,order_up_to,censoring_aware,lightgbm_raw,7,30,36.39977777777778,221.52,168.25874535373978,53.26125464626022,6.054561483594896,149.54844883396612,180.0255462624266,0.759564578158811,0.0273318954658491,0.0325604690828092,0.0359836362197165,11.737121680822952,11.634919774409225,26.876586503211936,27.425088268583607,0,202,0.4571428571428571,0.5568870557221755,29.86692857142853,16.63250591560736,8.88178419700125e-16,3.552713678800501e-15,0,2.1793275178752807,180.0255462624266,4.040000000000001,1.2323977764864098,266.3062732313011,6.054561483594896,457.658778753809
F3_seed09_life3_m1.5_raw_age_aware_censoring_aware,F3,9,3,1.5,raw,age_aware,censoring_aware,lightgbm_raw,7,30,36.39977777777778,221.52,190.4274897843163,31.092510215683728,9.295826651928298,183.7373459671948,224.20209096809785,0.8596401669570075,0.0419638256226449,0.042227437579758,0.0488155710210591,21.62561265704621,20.413807308727996,35.98070318154114,36.71500324647055,0,209,0.2523809523809523,1.675870388901685,29.86692857142853,50.053101200298784,4.440892098500625e-16,1.4210854715202004e-14,0,1.8829102763211176,224.20209096809785,4.180000000000001,2.270689328989852,155.46255107841864,9.295826651928298,395.4111580274346
F3_seed09_life3_m1.5_selected_recovery_order_up_to_censoring_aware,F3,9,3,1.5,selected_recovery,order_up_to,censoring_aware,lightgbm_gbm_recovered,7,30,36.39977777777778,221.52,170.11678343503914,51.40321656496088,6.228577734486474,151.10652608277877,181.27795676449367,0.7679522545821557,0.0281174509501917,0.0332179644430434,0.036613540467422,12.09594693893194,11.160942691030966,26.545871546425047,27.08762402696433,0,205,0.4285714285714285,0.7732893726427441,29.86692857142853,23.095778457765626,8.88178419700125e-16,-2.3092638912203256e-14,0,2.1423461512017727,181.27795676449367,4.1000000000000005,1.2700744285878538,257.0160828248044,6.228577734486474,449.89269175237234
F3_seed09_life3_m1.5_selected_recovery_age_aware_censoring_aware,F3,9,3,1.5,selected_recovery,age_aware,censoring_aware,lightgbm_gbm_recovered,7,30,36.39977777777778,221.52,192.1229964267063,29.39700357329371,9.961580970808471,185.33314414495123,225.3586920585841,0.8672941333816645,0.0449692170946572,0.0449260348189519,0.0518500187696622,22.166163647226007,19.64834452521424,35.518374072461185,36.243238849450194,0,208,0.238095238095238,1.3912690864935866,29.86692857142853,41.55293442994058,4.440892098500625e-16,1.4210854715202004e-14,0,1.8513939908515236,225.3586920585841,4.16,2.327447182958731,146.98501786646855,9.961580970808471,388.7927380788199
F3_seed10_life3_m1.5_raw_order_up_to_censoring_aware,F3,10,3,1.5,raw,order_up_to,censoring_aware,lightgbm_raw,7,30,36.39977777777778,221.52,170.00651430450682,51.513485695493166,6.008768033443234,150.19579629528943,180.9622157375632,0.7674544704970514,0.0271251716930445,0.032202093020118,0.0353443399391192,12.262337618255035,10.580291735117177,27.147175127522534,27.701199109716867,0,203,0.4333333333333333,0.416446941986679,29.86692857142853,12.437991070105983,8.88178419700125e-16,7.105427357601002e-15,0,2.1423140842780435,180.9622157375632,4.0600000000000005,1.2875454499167789,257.56742847746585,6.008768033443234,449.8859576983891
F3_seed10_life3_m1.5_raw_age_aware_censoring_aware,F3,10,3,1.5,raw,age_aware,censoring_aware,lightgbm_raw,7,30,36.39977777777778,221.52,193.27536939576336,28.24463060423659,8.894080010276847,185.88235213794263,225.11838233864017,0.8724962504323013,0.0401502347881764,0.0400125732718554,0.0460176588361072,22.421492104682336,20.11268050968012,34.73366255392479,35.44251281012733,0,209,0.219047619047619,1.6207690064972875,29.86692857142853,48.40739214783968,4.440892098500625e-16,6.039613253960852e-14,0,1.8179517716242457,225.11838233864017,4.180000000000001,2.354256670991645,141.22315302118295,8.894080010276847,381.7698720410916
F3_seed10_life3_m1.5_selected_recovery_order_up_to_censoring_aware,F3,10,3,1.5,selected_recovery,order_up_to,censoring_aware,lightgbm_gbm_recovered,7,30,36.39977777777778,221.52,171.07546982469702,50.444530175302994,6.228577734486474,151.14455655700277,181.8772943461736,0.7722800190714023,0.0281174509501917,0.0332112284627484,0.0364083625833029,12.621448738311418,10.24028677559706,27.09519190224731,27.648155002293176,0,205,0.4142857142857143,0.6614703034735016,29.86692857142853,19.756086305964228,8.88178419700125e-16,0.0,0,2.1226370241652277,181.8772943461736,4.1000000000000005,1.3252521175226988,252.22265087651496,6.228577734486474,445.75377507469767
F3_seed10_life3_m1.5_selected_recovery_age_aware_censoring_aware,F3,10,3,1.5,selected_recovery,age_aware,censoring_aware,lightgbm_gbm_recovered,7,30,36.39977777777778,221.52,193.9486351200732,27.571364879926836,9.62887283921377,187.0666846349548,225.8953229330076,0.8755355503795287,0.0434672843951506,0.0430886708244822,0.0496465099290467,23.16750405950611,19.888954453445635,34.310731839392616,35.01095085652308,0,208,0.219047619047619,1.345989172282981,29.86692857142853,40.20056246649201,4.440892098500625e-16,-2.842170943040401e-14,0,1.8093981338004932,225.8953229330076,4.16,2.4325879262481416,137.85682439963415,9.62887283921377,379.9736080981036
F3_seed11_life3_m1.5_raw_order_up_to_censoring_aware,F3,11,3,1.5,raw,order_up_to,censoring_aware,lightgbm_raw,7,30,36.39977777777778,221.52,170.403942050607,51.116057949393,6.732898038598454,152.24421186351876,180.14594082416303,0.7692485646921589,0.0303940864869919,0.035691028648201,0.039511398372456,12.10413489666934,11.507149552091064,24.298810144161024,24.794704228735736,0,205,0.4142857142857143,0.3646482952552673,29.86692857142853,10.890924588082251,8.88178419700125e-16,1.2434497875801752e-14,0,2.1325241084470323,180.14594082416303,4.1000000000000005,1.2709341641502805,255.58028974696495,6.732898038598454,447.8300627738768
F3_seed11_life3_m1.5_raw_age_aware_censoring_aware,F3,11,3,1.5,raw,age_aware,censoring_aware,lightgbm_raw,7,30,36.39977777777778,221.52,193.9154702634139,27.604529736586056,9.387318343077443,189.44117322937927,225.33680729138737,0.8753858354253066,0.0423768433688942,0.0415660592165145,0.0484093318100188,22.623784456735937,22.53816240066561,31.388897916180422,32.029487669571864,0,209,0.238095238095238,1.6645194137859758,29.86692857142853,49.71408243730183,4.440892098500625e-16,9.237055564881302e-14,0,1.8062012937397736,225.33680729138737,4.180000000000001,2.375497367957273,138.02264868293034,9.387318343077443,379.3022716853525
F3_seed11_life3_m1.5_selected_recovery_order_up_to_censoring_aware,F3,11,3,1.5,selected_recovery,order_up_to,censoring_aware,lightgbm_gbm_recovered,7,30,36.39977777777778,221.52,171.82197195382895,49.69802804617104,7.090059970224864,153.52649780139,181.09253564366875,0.7756499275633305,0.0320064101219974,0.0373305902440522,0.0412639890556608,12.424702469667457,11.014243655113946,23.944187129405375,24.43284400959732,0,204,0.4047619047619047,0.5686843618572737,29.86692857142853,16.984855215279612,8.88178419700125e-16,3.375077994860476e-14,0,2.1050349028764948,181.09253564366875,4.08,1.3045937593150827,248.4901402308552,7.090059970224864,442.0573296040639
F3_seed11_life3_m1.5_selected_recovery_age_aware_censoring_aware,F3,11,3,1.5,selected_recovery,age_aware,censoring_aware,lightgbm_gbm_recovered,7,30,36.39977777777778,221.52,195.0385640421293,26.481435957870655,9.729146810067457,190.80805659705143,226.14448359128335,0.8804557784494824,0.0439199476799722,0.0428204724402992,0.0498831954482904,23.28567443075405,22.44012352263245,30.813537322406248,31.44238502286352,0,208,0.2333333333333333,1.360564817679494,29.86692857142853,40.63589222643213,4.440892098500625e-16,0.0,0,1.7851705047901587,226.14448359128335,4.16,2.4449958152291744,132.40717978935328,9.729146810067457,374.88580600593326
F3_seed12_life3_m1.5_raw_order_up_to_censoring_aware,F3,12,3,1.5,raw,order_up_to,censoring_aware,lightgbm_raw,7,30,36.39977777777778,221.52,167.72856709579713,53.79143290420288,6.008768033443234,148.03537276915915,179.75523792449513,0.7571712129640535,0.0271251716930445,0.0325792996379725,0.0358243568014944,12.09300020848426,10.697815417696564,28.124760396846057,28.698735098822503,0,204,0.4333333333333333,0.2140487040034933,29.86692857142853,6.392977353279185,8.88178419700125e-16,8.88178419700125e-15,0,2.190813978575445,179.75523792449513,4.08,1.2697650218908474,268.9571645210144,6.008768033443234,460.0709355008436
F3_seed12_life3_m1.5_raw_age_aware_censoring_aware,F3,12,3,1.5,raw,age_aware,censoring_aware,lightgbm_raw,7,30,36.39977777777778,221.52,191.67688942179132,29.843110578208645,8.894080010276847,185.0076889036298,223.851022369948,0.8652802881084839,0.0401502347881764,0.0401706416842522,0.046401420834335,22.24248494005955,20.83649724933933,34.366313018919264,35.06766634583599,0,210,0.219047619047619,1.6738746865141585,29.86692857142853,49.9934956996407,4.440892098500625e-16,6.039613253960852e-14,0,1.849981505666544,223.851022369948,4.200000000000001,2.3354609187062527,149.21555289104322,8.894080010276847,388.4961161899743
F3_seed12_life3_m1.5_selected_recovery_order_up_to_censoring_aware,F3,12,3,1.5,selected_recovery,order_up_to,censoring_aware,lightgbm_gbm_recovered,7,30,36.39977777777778,221.52,169.3834217351597,52.13657826484031,6.228577734486474,149.52266338134106,180.76768272390987,0.7646416654711073,0.0281174509501917,0.0335009463927802,0.0367720622873305,12.36577911120918,10.310441689472665,27.62966568809063,28.193536416419008,0,207,0.4285714285714285,0.3685332976567269,29.86692857142853,11.006957677306474,8.88178419700125e-16,2.3092638912203256e-14,0,2.157702659948928,180.76768272390987,4.140000000000001,1.2984068066769638,260.68289132420153,6.228577734486474,453.1175585892749
F3_seed12_life3_m1.5_selected_recovery_age_aware_censoring_aware,F3,12,3,1.5,selected_recovery,age_aware,censoring_aware,lightgbm_gbm_recovered,7,30,36.39977777777778,221.52,192.56140041570416,28.95859958429583,9.62887283921377,185.97293681922565,224.342408983328,0.8692732051990979,0.0434672843951506,0.0433006039282461,0.0500041691555359,22.95568513709611,20.18244134208548,33.882623984435774,34.574106106567115,0,209,0.2047619047619047,1.3566492777369217,29.86692857142853,40.518947074648736,4.440892098500625e-16,3.197442310920451e-14,0,1.8350220318257904,224.342408983328,4.180000000000001,2.410346939395092,144.79299792147916,9.62887283921377,385.354626683416
F3_seed13_life3_m1.5_raw_order_up_to_censoring_aware,F3,13,3,1.5,raw,order_up_to,censoring_aware,lightgbm_raw,7,30,36.39977777777778,221.52,171.01094483039023,50.50905516960975,6.008768033443234,152.56330935632843,181.4524015801009,0.7719887361429679,0.0271251716930445,0.0317986339267353,0.035136745425287,12.178377129497273,11.943374270272727,25.2600441921705,25.775555298133163,0,204,0.438095238095238,0.5579140532176222,29.86692857142853,16.6631791764469,8.88178419700125e-16,2.4868995751603507e-14,0,2.120786547905668,181.4524015801009,4.08,1.2787295985972136,252.5452758480488,6.008768033443234,445.36517506019015
F3_seed13_life3_m1.5_raw_age_aware_censoring_aware,F3,13,3,1.5,raw,age_aware,censoring_aware,lightgbm_raw,7,30,36.39977777777778,221.52,194.3151071365401,27.204892863459943,8.62593441894571,189.2522801168908,225.08634930827347,0.8771899022053993,0.0389397545095057,0.0382267039770236,0.0443914760208762,22.26301094767963,22.711016339182773,31.33234220521725,31.971777760425777,0,209,0.2285714285714285,1.6859670400713485,29.86692857142853,50.35465715959376,4.440892098500625e-16,3.907985046680551e-14,0,1.7916874485429777,225.08634930827347,4.180000000000001,2.3376161495063608,136.02446431729976,8.62593441894571,376.2543641940253
F3_seed13_life3_m1.5_selected_recovery_order_up_to_censoring_aware,F3,13,3,1.5,selected_recovery,order_up_to,censoring_aware,lightgbm_gbm_recovered,7,30,36.39977777777778,221.52,172.48420919152704,49.03579080847295,6.228577734486474,154.09996364818687,182.49476584302496,0.7786394419985871,0.0281174509501917,0.0326959904924969,0.0361110026458725,12.429650449748166,11.786954499951111,24.744906877977627,25.249904977528196,0,206,0.4238095238095238,0.7963529274411337,29.86692857142853,23.784616001532356,8.88178419700125e-16,2.842170943040401e-14,0,2.0920352900814274,182.49476584302496,4.120000000000001,1.3051132972235573,245.1789540423648,6.228577734486474,439.32741091709977
F3_seed13_life3_m1.5_selected_recovery_age_aware_censoring_aware,F3,13,3,1.5,selected_recovery,age_aware,censoring_aware,lightgbm_gbm_recovered,7,30,36.39977777777778,221.52,195.63523693120936,25.884763068790622,9.236979051039325,190.83941470013795,226.3306964524391,0.8831493180354341,0.0416981719530485,0.0406487056669901,0.0472153135392848,22.953620391608307,22.366976495667007,30.964667823252373,31.59659981964528,0,208,0.2238095238095238,1.363264588214648,29.86692857142853,40.71652608016483,4.440892098500625e-16,4.2632564145606005e-14,0,1.7693410523264308,226.3306964524391,4.16,2.410130141118872,129.42381534395315,9.236979051039325,371.5616209885505
F3_seed14_life3_m1.5_raw_order_up_to_censoring_aware,F3,14,3,1.5,raw,order_up_to,censoring_aware,lightgbm_raw,7,30,36.39977777777778,221.52,169.0085763942157,52.5114236057843,6.054561483594896,150.41506916912007,178.50899877530844,0.7629495142389658,0.0273318954658491,0.032409423461487,0.0358239896031815,12.226534785803429,11.75170906908724,24.523749630682214,25.024234317022668,0,204,0.438095238095238,0.577203288948595,29.86692857142853,17.239289402221313,8.88178419700125e-16,1.5987211554602254e-14,0,2.154687925906353,178.50899877530844,4.08,1.28378615250936,262.5571180289215,6.054561483594896,452.4844644403341
F3_seed14_life3_m1.5_raw_age_aware_censoring_aware,F3,14,3,1.5,raw,age_aware,censoring_aware,lightgbm_raw,7,30,36.39977777777778,221.52,193.73155956247493,27.78844043752509,8.396049755580957,186.9133528451381,224.29498082121356,0.8745556137706525,0.0379019942017919,0.037597653716827,0.0433385751631931,21.98450507904924,21.185521304860004,32.895728359651166,33.567069754746086,0,209,0.2476190476190476,1.6574873864116764,29.86692857142853,49.504057378001306,4.440892098500625e-16,1.7763568394002505e-14,0,1.8005790752272386,224.29498082121356,4.180000000000001,2.3083730333001697,138.94220218762547,8.396049755580957,378.12160579772006
F3_seed14_life3_m1.5_selected_recovery_order_up_to_censoring_aware,F3,14,3,1.5,selected_recovery,order_up_to,censoring_aware,lightgbm_gbm_recovered,7,30,36.39977777777778,221.52,171.0562689266194,50.463731073380565,6.228577734486474,152.4457372879691,180.16454264983705,0.772193341127751,0.0281174509501917,0.0329823969201385,0.0364124493862218,12.46679839256688,11.560668404640976,24.115514508871225,24.60766786619513,0,206,0.419047619047619,0.7860580961111837,29.86692857142853,23.47714100954583,8.88178419700125e-16,4.9737991503207007e-14,0,2.11495614086879,180.16454264983705,4.120000000000001,1.3090138312195223,252.31865536690285,6.228577734486474,444.1407895824459
F3_seed14_life3_m1.5_selected_recovery_age_aware_censoring_aware,F3,14,3,1.5,selected_recovery,age_aware,censoring_aware,lightgbm_gbm_recovered,7,30,36.39977777777778,221.52,195.60579835886065,25.91420164113935,9.520738408428828,188.8477806847595,226.453525561216,0.8830164245163445,0.0429791369105671,0.0422678872677427,0.048673088877263,22.50010964639054,20.12102169524781,33.07667436523215,33.751708535951174,0,208,0.2476190476190476,1.3424327998819492,29.86692857142853,40.09434454601699,8.88178419700125e-16,2.131628207280301e-14,0,1.7717513508962506,226.453525561216,4.16,2.362511512871007,129.57100820569676,9.520738408428828,372.0677836882126
F3_seed15_life3_m1.5_raw_order_up_to_censoring_aware,F3,15,3,1.5,raw,order_up_to,censoring_aware,lightgbm_raw,7,30,36.39977777777778,221.52,168.68453641470916,52.835463585290846,6.008768033443234,149.87084899963045,181.5282316295797,0.7614867118757185,0.0271251716930445,0.0322582692580063,0.035621332939913,11.299127171764257,11.57732232925584,28.02681799735764,28.598793874854728,0,205,0.4619047619047619,0.4566631318102771,29.86692857142853,13.639125138982402,8.88178419700125e-16,-1.9539925233402755e-14,0,2.176193933059583,181.5282316295797,4.1000000000000005,1.1864083530352472,264.1773179264542,6.008768033443234,457.0007259425124
F3_seed15_life3_m1.5_raw_age_aware_censoring_aware,F3,15,3,1.5,raw,age_aware,censoring_aware,lightgbm_raw,7,30,36.39977777777778,221.52,188.4367779506062,33.0832220493938,8.894147743610182,182.89540741829103,222.08200083723335,0.8506535660464347,0.0401505405543977,0.0405578797165931,0.0471996382040747,21.983927442282855,21.964259501852435,34.7449534021977,35.45403408387521,0,209,0.2428571428571428,1.9001915856698184,29.86692857142853,56.75288636123,8.88178419700125e-16,2.842170943040401e-14,0,1.9184789105202489,222.08200083723335,4.180000000000001,2.3083123814397,165.416110246969,8.894147743610182,402.88057120925225
F3_seed15_life3_m1.5_selected_recovery_order_up_to_censoring_aware,F3,15,3,1.5,selected_recovery,order_up_to,censoring_aware,lightgbm_gbm_recovered,7,30,36.39977777777778,221.52,170.23777898032483,51.28222101967518,6.228577734486474,151.32819850973146,182.445005758126,0.7684984605467897,0.0281174509501917,0.0331787400986376,0.0365875175991713,11.59546219652626,11.261619572697922,27.467907133232007,28.02847666656328,0,208,0.4333333333333333,0.5901615042169855,29.86692857142853,17.626311492055528,8.88178419700125e-16,1.9539925233402755e-14,0,2.1450581529601123,182.445005758126,4.16,1.2175235306352574,256.41110509837586,6.228577734486474,450.4622121216236
F3_seed15_life3_m1.5_selected_recovery_age_aware_censoring_aware,F3,15,3,1.5,selected_recovery,age_aware,censoring_aware,lightgbm_gbm_recovered,7,30,36.39977777777778,221.52,190.9521432443823,30.56785675561769,9.628940572547103,184.6934215363371,223.49239964139056,0.8620085917496493,0.0434675901613719,0.043551500464141,0.0504259360955372,22.460020019448823,20.512115497185448,34.32913011222564,35.02972460431188,0,208,0.2333333333333333,1.4588520803981642,29.86692857142853,43.57143088153189,4.440892098500625e-16,1.7763568394002505e-14,0,1.8689472671146103,223.49239964139056,4.16,2.3583021020421264,152.83928377808843,9.628940572547103,392.4789260940682
F3_seed16_life3_m1.5_raw_order_up_to_censoring_aware,F3,16,3,1.5,raw,order_up_to,censoring_aware,lightgbm_raw,7,30,36.39977777777778,221.52,163.47590280236227,58.04409719763772,5.715883152275547,144.5053779108477,173.86545372355147,0.7379735590572511,0.0258030117022189,0.0315960212992146,0.0349646831997367,12.493395470862495,11.71336973398764,25.8827667382327,26.41098646758439,0,200,0.4476190476190476,0.678027079353916,29.86692857142853,20.25058634855772,8.88178419700125e-16,2.664535259100376e-14,0,2.262445854230743,173.86545372355147,4.0,1.3118065244405623,290.22048598818856,5.715883152275547,475.1136293884561
F3_seed16_life3_m1.5_raw_age_aware_censoring_aware,F3,16,3,1.5,raw,age_aware,censoring_aware,lightgbm_raw,7,30,36.39977777777778,221.52,187.2173775007073,34.30262249929271,8.414124421403233,180.50746506188088,218.29067750239415,0.845148869179791,0.0379835880345035,0.0387913483720001,0.0449430738413769,21.94665612493879,21.275740917548124,33.41739889046542,34.0993866229239,0,208,0.2523809523809523,1.9087512464670648,29.86692857142853,57.008537138857,4.440892098500625e-16,3.552713678800501e-14,0,1.927058634825617,218.29067750239415,4.16,2.304398893118573,171.51311249646355,8.414124421403233,404.6823133133796
F3_seed16_life3_m1.5_selected_recovery_order_up_to_censoring_aware,F3,16,3,1.5,selected_recovery,order_up_to,censoring_aware,lightgbm_gbm_recovered,7,30,36.39977777777778,221.52,164.66385475134064,56.856145248659374,5.821052948216689,145.91964806840738,174.6773541476641,0.7433362890544449,0.0262777760392591,0.0319277713891423,0.0353511276473338,12.883231865448312,11.834518146627868,25.264158996303397,25.77975407786061,0,200,0.4285714285714285,0.903957990075946,29.86692857142853,26.99844872117038,8.88178419700125e-16,-2.4868995751603507e-14,0,2.2387232032621416,174.6773541476641,4.0,1.3527393458720725,284.2807262432969,5.821052948216689,470.13187268504976
F3_seed16_life3_m1.5_selected_recovery_age_aware_censoring_aware,F3,16,3,1.5,selected_recovery,age_aware,censoring_aware,lightgbm_gbm_recovered,7,30,36.39977777777778,221.52,188.61092195449416,32.90907804550585,9.087722440908772,182.12276588892652,219.627598858794,0.8514396982416674,0.0410243880503285,0.0415871163149628,0.0481823764325872,22.395474663194893,20.8238992713014,33.11228099269158,33.78804182927712,0,207,0.2523809523809523,1.5777671983399324,29.86692857142853,47.12306021516168,4.440892098500625e-16,7.105427357601002e-15,0,1.9035820779374644,219.627598858794,4.140000000000001,2.3515248396354638,164.54539022752925,9.087722440908772,399.7522363668675
F3_seed17_life3_m1.5_raw_order_up_to_censoring_aware,F3,17,3,1.5,raw,order_up_to,censoring_aware,lightgbm_raw,7,30,36.39977777777778,221.52,169.29711761358072,52.22288238641927,6.008768033443234,151.38678497526251,177.87973111375044,0.7642520657890066,0.0271251716930445,0.0319978594067213,0.0354924414434402,12.777597794803508,12.480677106016296,22.935351516212908,23.403419914502965,0,205,0.4333333333333333,0.5983394519997433,29.86692857142853,17.870561674344028,8.88178419700125e-16,4.618527782440651e-14,0,2.1449740897511638,177.87973111375044,4.1000000000000005,1.341647768454368,261.1144119320963,6.008768033443234,450.4445588477443
F3_seed17_life3_m1.5_raw_age_aware_censoring_aware,F3,17,3,1.5,raw,age_aware,censoring_aware,lightgbm_raw,7,30,36.39977777777778,221.52,190.19403604230325,31.325963957696786,8.89790612477834,185.97086856039235,220.61589983283656,0.8585862948821924,0.0401675068832536,0.0400138519687839,0.0467833077731167,22.8019024588028,23.278704171088563,30.232713275787496,30.84970742427296,0,209,0.2476190476190476,1.8502965830291347,29.86692857142853,55.262675881289454,4.440892098500625e-16,-2.131628207280301e-14,0,1.8700848833536816,220.61589983283656,4.180000000000001,2.3941997581742944,156.62981978848396,8.89790612477834,392.7178255042732
F3_seed17_life3_m1.5_selected_recovery_order_up_to_censoring_aware,F3,17,3,1.5,selected_recovery,order_up_to,censoring_aware,lightgbm_gbm_recovered,7,30,36.39977777777778,221.52,170.77727846998062,50.7427215300194,6.228577734486474,152.98697732174645,178.92636706898037,0.7709339042523503,0.0281174509501917,0.0328881379862773,0.0364719346173521,13.118415348796796,12.380898895057117,22.360862405854288,22.817206536586017,0,207,0.4142857142857143,0.7825323607755491,29.86692857142853,23.37183812411467,8.88178419700125e-16,3.019806626980426e-14,0,2.116123743167559,178.92636706898037,4.140000000000001,1.3774336116236634,253.7136076500969,6.228577734486474,444.38598606518735
F3_seed17_life3_m1.5_selected_recovery_age_aware_censoring_aware,F3,17,3,1.5,selected_recovery,age_aware,censoring_aware,lightgbm_gbm_recovered,7,30,36.39977777777778,221.52,192.00402848654988,29.51597151345015,9.633181112328383,188.07620457300848,222.1595762831753,0.8667570805640569,0.0434867330820169,0.0429140837761195,0.0501717656044034,23.343513474142764,22.83877275190806,29.640180184503297,30.245081820921733,0,208,0.2476190476190476,1.5077638285714552,29.86692857142853,45.03227457052727,4.440892098500625e-16,-3.197442310920451e-14,0,1.8380175422739973,222.1595762831753,4.16,2.4510689147849902,147.57985756725077,9.633181112328383,385.9836838775394
F3_seed18_life3_m1.5_raw_order_up_to_censoring_aware,F3,18,3,1.5,raw,order_up_to,censoring_aware,lightgbm_raw,7,30,36.39977777777778,221.52,171.09449564591506,50.425504354084936,5.7438089410660975,152.93542405487753,179.6445208510723,0.7723659066717004,0.0259290761153218,0.0303367196668625,0.0335709744453326,11.330121168771544,12.496897245674122,23.11620637917333,23.58796569303401,0,203,0.4428571428571428,0.3953252031060475,29.86692857142853,11.8071496036538,8.88178419700125e-16,3.552713678800501e-14,0,2.1084072108823046,179.6445208510723,4.0600000000000005,1.189662722721012,252.12752177042464,5.7438089410660975,442.765514285284
F3_seed18_life3_m1.5_raw_age_aware_censoring_aware,F3,18,3,1.5,raw,age_aware,censoring_aware,lightgbm_raw,7,30,36.39977777777778,221.52,193.21623466991213,28.30376533008782,8.89790612477834,188.14999255350136,223.90206846142289,0.8722293006045149,0.0401675068832536,0.0396255409731714,0.0460515449955817,21.265487172446008,22.435629536588603,31.274034538693083,31.91228014152356,0,209,0.2285714285714285,1.6393268037388389,29.86692857142853,48.961656552496144,4.440892098500625e-16,5.329070518200752e-14,0,1.8130079875702247,223.90206846142289,4.180000000000001,2.232876153106831,141.5188266504391,8.89790612477834,380.7316773897472
F3_seed18_life3_m1.5_selected_recovery_order_up_to_censoring_aware,F3,18,3,1.5,selected_recovery,order_up_to,censoring_aware,lightgbm_gbm_recovered,7,30,36.39977777777778,221.52,171.73954303528632,49.78045696471367,5.909335272271545,154.31786255298246,179.9645728545655,0.7752778215749653,0.0266763058517133,0.0309847335675033,0.0344087049949666,11.850509588095536,13.068762023202352,22.047418844491716,22.49736616784869,0,206,0.4238095238095238,0.6251858700419177,29.86692857142853,18.67238172440836,8.88178419700125e-16,3.019806626980426e-14,0,2.095907125986454,179.9645728545655,4.120000000000001,1.2443035067500312,248.90228482356832,5.909335272271545,440.14049645715534
F3_seed18_life3_m1.5_selected_recovery_age_aware_censoring_aware,F3,18,3,1.5,selected_recovery,age_aware,censoring_aware,lightgbm_gbm_recovered,7,30,36.39977777777778,221.52,194.59800909489556,26.921990905104447,9.632820966779141,189.96647028061528,225.1743136692658,0.878466996636401,0.043485107289541,0.0425541398039794,0.0495011280515295,22.064483289656252,22.13541799671841,30.704357115265168,31.330976648229765,0,208,0.2238095238095238,1.3727649565323956,29.86692857142853,41.00027290211326,4.440892098500625e-16,1.4210854715202004e-14,0,1.7899707614618148,225.1743136692658,4.16,2.3167707454139066,134.60995452552226,9.632820966779141,375.8938599069811
F3_seed19_life3_m1.5_raw_order_up_to_censoring_aware,F3,19,3,1.5,raw,order_up_to,censoring_aware,lightgbm_raw,7,30,36.39977777777778,221.52,170.96413616833144,50.555863831668574,6.154689823587416,152.63796270920358,178.6754774362531,0.7717774294345044,0.0277839013343599,0.0325579950740644,0.0359998884065807,11.955306324414574,11.918914495062516,22.46400517832448,22.922454263596403,0,204,0.4476190476190476,0.3554677632852107,29.86692857142853,10.616730295484857,8.88178419700125e-16,-1.7763568394002505e-15,0,2.109260921820224,178.6754774362531,4.08,1.25530716406353,252.77931915834287,6.154689823587416,442.94479358224686
F3_seed19_life3_m1.5_raw_age_aware_censoring_aware,F3,19,3,1.5,raw,age_aware,censoring_aware,lightgbm_raw,7,30,36.39977777777778,221.52,195.4568546599611,26.063145340038893,8.76620938869445,189.9321217025877,225.4000697718336,0.882344053177867,0.0395729929067102,0.0387316565133803,0.0448498437363332,21.718036172755745,22.10883543170988,30.95994667380925,31.59178232021352,0,209,0.238095238095238,1.625691953462792,29.86692857142853,48.55442545321933,4.440892098500625e-16,5.329070518200752e-14,0,1.766392379327914,225.4000697718336,4.180000000000001,2.280393798139353,130.3157267001945,8.76620938869445,370.9423996588619
F3_seed19_life3_m1.5_selected_recovery_order_up_to_censoring_aware,F3,19,3,1.5,selected_recovery,order_up_to,censoring_aware,lightgbm_gbm_recovered,7,30,36.39977777777778,221.52,173.0700394741279,48.44996052587212,6.443898086890501,154.63297661440305,180.1587866084921,0.7812840351847594,0.0290894640975555,0.0337319016699172,0.0372328919925727,12.160179332771213,11.518816831162416,21.922634261919253,22.370034961142093,0,205,0.419047619047619,0.5274537848009753,29.86692857142853,15.753424515380368,8.88178419700125e-16,2.3092638912203256e-14,0,2.0677586007365907,180.1587866084921,4.1000000000000005,1.2768188299409775,242.24980262936052,6.443898086890501,434.2293061546841
F3_seed19_life3_m1.5_selected_recovery_age_aware_censoring_aware,F3,19,3,1.5,selected_recovery,age_aware,censoring_aware,lightgbm_gbm_recovered,7,30,36.39977777777778,221.52,197.21569755602243,24.304302443977548,9.429904095626888,191.93327449339387,226.82138359607097,0.8902839362406214,0.0425690867444334,0.0412989008898623,0.0478151800920825,22.162652201327976,21.68745061952229,30.35168143075569,30.971103500771108,0,208,0.238095238095238,1.3028814417479546,29.86692857142853,38.913066957725995,4.440892098500625e-16,3.552713678800501e-14,0,1.7345708494891672,226.82138359607097,4.16,2.3270784811394374,121.52151221988775,9.429904095626888,364.2598783927251
F3_seed20_life3_m1.5_raw_order_up_to_censoring_aware,F3,20,3,1.5,raw,order_up_to,censoring_aware,lightgbm_raw,7,30,36.39977777777778,221.52,169.36412789577568,52.15587210422433,6.054561483594896,150.00316681130693,180.4235307011353,0.7645545679657624,0.0273318954658491,0.0324810399156614,0.0357487831621628,11.773753337344717,10.984255209714116,26.811893275805705,27.359074771230308,0,205,0.4428571428571428,0.449390574827944,29.86692857142853,13.421916199059416,8.88178419700125e-16,1.7763568394002505e-14,0,2.155208080029871,180.4235307011353,4.1000000000000005,1.2362441004211948,260.7793605211216,6.054561483594896,452.593696806273
F3_seed20_life3_m1.5_raw_age_aware_censoring_aware,F3,20,3,1.5,raw,age_aware,censoring_aware,lightgbm_raw,7,30,36.39977777777778,221.52,191.25230711165415,30.267692888345827,9.299929979487683,184.57680910145268,223.07567050556645,0.8633636110132457,0.0419823491309483,0.0420855897487924,0.048626498262624,21.869831449272034,20.424349788088566,34.037347994002474,34.73198774898212,0,209,0.2333333333333333,1.82917193748792,29.86692857142853,54.63174760181324,4.440892098500625e-16,3.907985046680551e-14,0,1.85804951061408,223.07567050556645,4.180000000000001,2.2963323021735635,151.33846444172917,9.299929979487683,390.1903972289568
F3_seed20_life3_m1.5_selected_recovery_order_up_to_censoring_aware,F3,20,3,1.5,selected_recovery,order_up_to,censoring_aware,lightgbm_gbm_recovered,7,30,36.39977777777778,221.52,171.27884425241135,50.24115574758864,6.228577734486474,151.62439046501103,181.71588873339755,0.7731981051481192,0.0281174509501917,0.0331264740735017,0.0363651317340015,12.149630891187645,10.516746255890952,26.457180493718568,26.99712295277405,0,206,0.419047619047619,0.5766181643613159,29.86692857142853,17.221813527967658,8.88178419700125e-16,1.5987211554602254e-14,0,2.1168855069019137,181.71588873339755,4.120000000000001,1.2757112435747024,251.2057787379432,6.228577734486474,444.5459564494018
F3_seed20_life3_m1.5_selected_recovery_age_aware_censoring_aware,F3,20,3,1.5,selected_recovery,age_aware,censoring_aware,lightgbm_gbm_recovered,7,30,36.39977777777778,221.52,192.6179961807001,28.902003819299907,9.907359012633698,186.06398930737748,224.32755095200903,0.8695286934845615,0.0447244448024273,0.0445347084716107,0.051435271932428,22.533064388029928,19.938411891821445,33.7770106255914,34.46633737305245,0,208,0.2238095238095238,1.4526408432789777,29.86692857142853,43.385920306152926,4.440892098500625e-16,6.394884621840902e-14,0,1.8346233372470733,224.32755095200903,4.16,2.3659717607431423,144.51001909649955,9.907359012633698,385.2709008218855
F3_seed21_life3_m1.5_raw_order_up_to_censoring_aware,F3,21,3,1.5,raw,order_up_to,censoring_aware,lightgbm_raw,7,30,36.39977777777778,221.52,168.13916603961903,53.38083396038097,6.008768033443234,149.87370042521368,177.59938580745543,0.7590247654370667,0.0271251716930445,0.0322577754568751,0.0357368730616123,11.842199167654824,12.125544129929194,24.173697666092654,24.66703843478842,0,201,0.438095238095238,0.4757632361958809,29.86692857142853,14.209586592374055,8.88178419700125e-16,1.4210854715202004e-14,0,2.17036073597813,177.59938580745543,4.0200000000000005,1.2434309126037564,266.90416980190486,6.008768033443234,455.7757545554073
F3_seed21_life3_m1.5_raw_age_aware_censoring_aware,F3,21,3,1.5,raw,age_aware,censoring_aware,lightgbm_raw,7,30,36.39977777777778,221.52,190.9956490199902,30.524350980009817,8.894080010276847,184.94416193273167,221.95055061278225,0.8622049883531518,0.0401502347881764,0.0401821708871234,0.0465669247226986,22.13892993715364,21.4542106802424,32.56737766779494,33.232018028362184,0,209,0.2476190476190476,1.79760839620516,29.86692857142853,53.68904156885972,4.440892098500625e-16,1.7763568394002505e-14,0,1.857004634126235,221.95055061278225,4.180000000000001,2.324587643401133,152.62175490004907,8.894080010276847,389.9709731665093
F3_seed21_life3_m1.5_selected_recovery_order_up_to_censoring_aware,F3,21,3,1.5,selected_recovery,order_up_to,censoring_aware,lightgbm_gbm_recovered,7,30,36.39977777777778,221.52,169.6844768018633,51.83552319813671,6.228577734486474,151.21268936969454,178.5544267754729,0.7660007078451757,0.0281174509501917,0.033199167566996,0.0367068211063257,12.121293218575072,11.69941261112255,23.770648870268907,24.255764153335615,0,204,0.4238095238095238,0.7019367507528561,29.86692857142853,20.964694796396188,8.88178419700125e-16,7.105427357601002e-15,0,2.1395874108980637,178.5544267754729,4.08,1.2727357879503822,259.17761599068353,6.228577734486474,449.3133562885933
F3_seed21_life3_m1.5_selected_recovery_age_aware_censoring_aware,F3,21,3,1.5,selected_recovery,age_aware,censoring_aware,lightgbm_gbm_recovered,7,30,36.39977777777778,221.52,191.88838466262632,29.631615337373695,9.62887283921377,186.15524273190476,222.5899417706811,0.8662350336882734,0.0434672843951506,0.0432651342448365,0.0501795502429343,22.895503255627045,21.037763007842457,31.98290020336272,32.63561245241094,0,208,0.238095238095238,1.5487459401775434,29.86692857142853,46.25628437057262,4.440892098500625e-16,-2.842170943040401e-14,0,1.8425758054219248,222.5899417706811,4.16,2.40402784184084,148.1580766868685,9.62887283921377,386.94091913860416
F3_seed22_life3_m1.5_raw_order_up_to_censoring_aware,F3,22,3,1.5,raw,order_up_to,censoring_aware,lightgbm_raw,7,30,36.39977777777778,221.52,166.844441674579,54.675558325420994,6.008768033443234,148.72825289158507,179.24066040131632,0.75318003645079,0.0271251716930445,0.0324573648394437,0.0360141936592829,12.00127548312176,12.274820961340591,26.927594301704943,27.477137042556063,0,205,0.4476190476190476,0.4206972914346464,29.86692857142853,12.56493595347204,8.88178419700125e-16,2.842170943040401e-14,0,2.2094635904171067,179.24066040131632,4.1000000000000005,1.2601339257277846,273.377791627105,6.008768033443234,463.9873539875924
F3_seed22_life3_m1.5_raw_age_aware_censoring_aware,F3,22,3,1.5,raw,age_aware,censoring_aware,lightgbm_raw,7,30,36.39977777777778,221.52,188.30977790817,33.21022209183003,8.894080010276847,182.0671901085373,220.46326121959385,0.8500802541900053,0.0401502347881764,0.0407113262765889,0.0472311109336769,21.952803162384345,21.26310996786826,33.98680588666466,34.68041417006598,0,209,0.2476190476190476,1.7924802040565595,29.86692857142853,53.53587822025691,8.88178419700125e-16,3.552713678800501e-14,0,1.9137785524812916,220.46326121959385,4.180000000000001,2.3050443320503566,166.05111045915015,8.894080010276847,401.8934960210712
F3_seed22_life3_m1.5_selected_recovery_order_up_to_censoring_aware,F3,22,3,1.5,selected_recovery,order_up_to,censoring_aware,lightgbm_gbm_recovered,7,30,36.39977777777778,221.52,168.64667918121623,52.873320818783775,6.228577734486474,150.4095725798519,180.44743974018485,0.761315814288625,0.0281174509501917,0.0333418949456353,0.0369327031206684,12.274130506047587,11.934093441926985,26.428918365529228,26.9682840464584,0,207,0.438095238095238,0.5991608657893907,29.86692857142853,17.895094781327014,8.88178419700125e-16,-3.552713678800501e-15,0,2.1736733584367864,180.44743974018485,4.140000000000001,1.288783703134997,264.36660409391885,6.228577734486474,456.4714052717252
F3_seed22_life3_m1.5_selected_recovery_age_aware_censoring_aware,F3,22,3,1.5,selected_recovery,age_aware,censoring_aware,lightgbm_gbm_recovered,7,30,36.39977777777778,221.52,189.13207937712056,32.38792062287943,9.62887283921377,183.18145966277453,221.29953521772487,0.8537923409945855,0.0434672843951506,0.0438510728487019,0.0509108389804896,22.70926896806713,20.820285224217965,33.69208485059586,34.37967841897537,0,208,0.2428571428571428,1.4578038242285052,29.86692857142853,43.54012268938812,4.440892098500625e-16,1.7763568394002505e-14,0,1.9019642114903943,221.29953521772487,4.16,2.384473241647048,161.93960311439713,9.62887283921377,399.4124844129829
F3_seed23_life3_m1.5_raw_order_up_to_censoring_aware,F3,23,3,1.5,raw,order_up_to,censoring_aware,lightgbm_raw,7,30,36.39977777777778,221.52,167.74135487562273,53.77864512437725,6.008768033443234,149.73968421578832,177.24494482171602,0.7572289403919408,0.0271251716930445,0.0322810003267922,0.035821625727887,11.618473580500943,12.389339084500106,23.960361709493394,24.44934868315652,0,202,0.4476190476190476,0.4745333126166959,29.86692857142853,14.172852552686225,8.88178419700125e-16,2.842170943040401e-14,0,2.178127991442848,177.24494482171602,4.040000000000001,1.2199397259525988,268.8932256218862,6.008768033443234,457.4068782029981
F3_seed23_life3_m1.5_raw_age_aware_censoring_aware,F3,23,3,1.5,raw,age_aware,censoring_aware,lightgbm_raw,7,30,36.39977777777778,221.52,191.07835659903807,30.44164340096195,8.894080010276847,186.56767875367413,223.20847526725808,0.8625783522889043,0.0401502347881764,0.0398895881427532,0.046546768396906,21.824819987646077,22.995019922136983,32.17662700823884,32.83329286554984,0,209,0.2476190476190476,1.6548307643547615,29.86692857142853,49.42471223678615,4.440892098500625e-16,1.4210854715202004e-14,0,1.8608684684811787,223.20847526725808,4.180000000000001,2.2916060987028377,152.20821700480977,8.894080010276847,390.7823783810476
F3_seed23_life3_m1.5_selected_recovery_order_up_to_censoring_aware,F3,23,3,1.5,selected_recovery,order_up_to,censoring_aware,lightgbm_gbm_recovered,7,30,36.39977777777778,221.52,168.74018527254267,52.779814727457314,6.228577734486474,150.60213640593707,177.96685011775455,0.7617379255712472,0.0281174509501917,0.0333075613780476,0.0369122371439044,11.918509211756485,12.03315117668571,23.805376709462365,24.291200723941188,0,204,0.438095238095238,0.6884862316587198,29.86692857142853,20.562969103362985,8.88178419700125e-16,0.0,0,2.159171166460772,177.96685011775455,4.08,1.2514434672344306,263.8990736372866,6.228577734486474,453.42594495676207
F3_seed23_life3_m1.5_selected_recovery_age_aware_censoring_aware,F3,23,3,1.5,selected_recovery,age_aware,censoring_aware,lightgbm_gbm_recovered,7,30,36.39977777777778,221.52,193.09664902589395,28.42335097410603,9.62887283921377,187.96232719825483,225.08439403963283,0.871689459307936,0.0434672843951506,0.0429166629553701,0.0498655615609494,22.20901601291912,21.636583110924875,32.620378960585334,33.28610098018912,0,208,0.2428571428571428,1.3686819175942524,29.86692857142853,40.87832506979337,4.440892098500625e-16,1.4210854715202004e-14,0,1.8253427068130157,225.08439403963283,4.16,2.3319466813565075,142.11675487053014,9.62887283921377,383.3219684307333
F3_seed24_life3_m1.5_raw_order_up_to_censoring_aware,F3,24,3,1.5,raw,order_up_to,censoring_aware,lightgbm_raw,7,30,36.39977777777778,221.52,165.25285264783133,56.26714735216866,6.008768033443234,146.75442897562374,176.36484412058672,0.7459951816893795,0.0271251716930445,0.0328071527264095,0.0363610548148809,11.986888906540658,11.892586072126916,26.083118262551267,26.615426798521693,0,201,0.4428571428571428,0.642504039289562,29.86692857142853,19.18962224831566,8.88178419700125e-16,4.085620730620576e-14,0,2.23327605833362,176.36484412058672,4.0200000000000005,1.2586233351867693,281.3357367608433,6.008768033443234,468.98797225006007
F3_seed24_life3_m1.5_raw_age_aware_censoring_aware,F3,24,3,1.5,raw,age_aware,censoring_aware,lightgbm_raw,7,30,36.39977777777778,221.52,187.8729111573445,33.6470888426555,8.894080010276847,181.366744931393,219.32377706780284,0.8481081218731695,0.0401502347881764,0.0408422740999312,0.0473409389117732,21.56276463767428,20.99953154154942,33.57055659505381,34.255669994952875,0,208,0.238095238095238,1.873132211008846,29.86692857142853,55.9447059510432,8.88178419700125e-16,3.197442310920451e-14,0,1.918463769420538,219.32377706780284,4.16,2.264090286955799,168.2354442132775,8.894080010276847,402.877391578313
F3_seed24_life3_m1.5_selected_recovery_order_up_to_censoring_aware,F3,24,3,1.5,selected_recovery,order_up_to,censoring_aware,lightgbm_gbm_recovered,7,30,36.39977777777778,221.52,166.7318983033036,54.7881016966964,6.228577734486474,148.1184436774627,177.37382589440443,0.752671985840121,0.0281174509501917,0.0337558951379626,0.0373568453179607,12.331407237481002,11.55774541745042,25.707905699053622,26.232556835769003,0,203,0.4285714285714285,0.8550662237498428,29.86692857142853,25.538201828577687,8.88178419700125e-16,-2.664535259100376e-14,0,2.2042748089157542,177.37382589440443,4.0600000000000005,1.2947977599355054,273.94050848348206,6.228577734486474,462.8977098723084
F3_seed24_life3_m1.5_selected_recovery_age_aware_censoring_aware,F3,24,3,1.5,selected_recovery,age_aware,censoring_aware,lightgbm_gbm_recovered,7,30,36.39977777777778,221.52,188.35641320625567,33.163586793744315,9.62887283921377,182.11647002333615,219.78257244909324,0.8502907782875394,0.0434672843951506,0.0440647912276877,0.0511204937241498,22.41238912289305,20.53096175564448,33.27045097677522,33.94943977221961,0,207,0.238095238095238,1.51306344001661,29.86692857142853,45.19055768701603,4.440892098500625e-16,-7.105427357601002e-15,0,1.91296514340444,219.78257244909324,4.140000000000001,2.3533008579037697,165.81793396872158,9.62887283921377,401.7226801149324
F3_seed25_life3_m1.5_raw_order_up_to_censoring_aware,F3,25,3,1.5,raw,order_up_to,censoring_aware,lightgbm_raw,7,30,36.39977777777778,221.52,164.60975863972143,56.910241360278576,6.008768033443234,145.1798907817489,176.24975870864952,0.743092084866926,0.0271251716930445,0.0330916345486851,0.0365031094334724,11.782449324672832,10.961141886362013,27.54487275272765,28.1070130129874,0,202,0.4523809523809523,0.2755746274825194,29.86692857142853,8.230567715118434,8.88178419700125e-16,0.0,0,2.2480328129646487,176.24975870864952,4.040000000000001,1.237157179090647,284.5512068013929,6.008768033443234,472.0868907225763
F3_seed25_life3_m1.5_raw_age_aware_censoring_aware,F3,25,3,1.5,raw,age_aware,censoring_aware,lightgbm_raw,7,30,36.39977777777778,221.52,188.58147299983463,32.93852700016536,8.62593441894571,180.22619312655016,219.91896545935103,0.851306757854075,0.0389397545095057,0.039819484168661,0.0457411551714482,21.4766695653342,19.418563485547576,35.29439302361385,36.014686758789644,0,208,0.2238095238095238,1.7570694466060686,29.86692857142853,52.47826765682292,4.440892098500625e-16,-3.552713678800501e-15,0,1.9031075484927793,219.91896545935103,4.16,2.2550503043600907,164.6926350008268,8.62593441894571,399.6525851834836
F3_seed25_life3_m1.5_selected_recovery_order_up_to_censoring_aware,F3,25,3,1.5,selected_recovery,order_up_to,censoring_aware,lightgbm_gbm_recovered,7,30,36.39977777777778,221.52,166.08231417154096,55.43768582845904,6.228577734486474,146.56467451230066,177.0672022140775,0.7497395908791123,0.0281174509501917,0.0340425566634739,0.0375029560826878,12.08152357874533,10.653560384051008,26.961183657495308,27.511411895403377,0,203,0.438095238095238,0.4144527452616623,29.86692857142853,12.378430538962537,8.88178419700125e-16,1.7763568394002505e-15,0,2.218156043174417,177.0672022140775,4.0600000000000005,1.2685599757682595,277.1884291422952,6.228577734486474,465.81276906662754
F3_seed25_life3_m1.5_selected_recovery_age_aware_censoring_aware,F3,25,3,1.5,selected_recovery,age_aware,censoring_aware,lightgbm_gbm_recovered,7,30,36.39977777777778,221.52,189.9046019526729,31.615398047327112,9.292489240580398,182.2489946570343,220.9942143988993,0.8572797126790938,0.0419487596631473,0.0424996177069819,0.048932406824434,22.04522466047124,19.4516812415588,34.32533545388695,35.02585250396628,0,207,0.219047619047619,1.4480710413261606,29.86692857142853,43.24943435764258,4.440892098500625e-16,2.4868995751603507e-14,0,1.8800878212641177,220.9942143988993,4.140000000000001,2.3147485893494792,158.07699023663557,9.292489240580398,394.8184424654647
F3_seed26_life3_m1.5_raw_order_up_to_censoring_aware,F3,26,3,1.5,raw,order_up_to,censoring_aware,lightgbm_raw,7,30,36.39977777777778,221.52,169.48213726074746,52.03786273925252,6.008768033443234,149.85634297884684,178.9357534267627,0.7650872935208896,0.0271251716930445,0.0322607816002713,0.0354536951832202,11.351748138388247,10.765215462433916,25.5006953793806,26.02111773406184,0,204,0.4523809523809523,0.3228604567572163,29.86692857142853,9.642850200506569,4.440892098500625e-16,1.2434497875801752e-14,0,2.1447893748142826,178.9357534267627,4.08,1.191933554530766,260.18931369626256,6.008768033443234,450.40576871099927
F3_seed26_life3_m1.5_raw_age_aware_censoring_aware,F3,26,3,1.5,raw,age_aware,censoring_aware,lightgbm_raw,7,30,36.39977777777778,221.52,194.00379300724603,27.51620699275397,7.99019978637012,185.39203474407543,222.79308649094668,0.8757845477033497,0.03606987985902,0.036025675138855,0.0411857915895061,20.956796037168107,19.797819728237084,32.94519001705231,33.61754083372685,0,209,0.2285714285714285,1.5961731624597142,29.86692857142853,47.67278983081548,4.440892098500625e-16,1.0658141036401504e-14,0,1.784498975357092,222.79308649094668,4.180000000000001,2.200463583902651,137.58103496376987,7.99019978637012,374.74478482498927
F3_seed26_life3_m1.5_selected_recovery_order_up_to_censoring_aware,F3,26,3,1.5,selected_recovery,order_up_to,censoring_aware,lightgbm_gbm_recovered,7,30,36.39977777777778,221.52,171.31922403974647,50.20077596025352,6.228577734486473,151.17055164061992,180.2310692636653,0.7733803902119288,0.0281174509501917,0.0332066257696487,0.0363565605050921,11.618120384432148,10.022527644164736,25.455896237772063,25.97540432425721,0,206,0.4333333333333333,0.5086677041821644,29.86692857142853,15.19234198740125,4.440892098500625e-16,2.3092638912203256e-14,0,2.10858775923707,180.2310692636653,4.120000000000001,1.2199026403653754,251.0038798012676,6.228577734486473,442.8034294397848
F3_seed26_life3_m1.5_selected_recovery_age_aware_censoring_aware,F3,26,3,1.5,selected_recovery,age_aware,censoring_aware,lightgbm_gbm_recovered,7,30,36.39977777777778,221.52,194.91633781147104,26.603662188528936,9.13123185592675,187.52434475542333,224.31456994739548,0.8799040168448494,0.0412208010830929,0.0407782410962573,0.0468469290899501,21.59648220459204,19.87655286580331,32.30393379302424,32.96319774798392,0,208,0.2333333333333333,1.3267650798786117,29.86692857142853,39.626397871800165,8.88178419700125e-16,1.7763568394002505e-14,0,1.7756749684640434,224.31456994739548,4.16,2.267630631482164,133.0183109426447,9.13123185592675,372.89174337744913
F3_seed27_life3_m1.5_raw_order_up_to_censoring_aware,F3,27,3,1.5,raw,order_up_to,censoring_aware,lightgbm_raw,7,30,36.39977777777778,221.52,169.77296158696123,51.74703841303878,5.7438089410660975,147.0108213153447,180.09899553186,0.7664001516204461,0.0259290761153218,0.0313166685538702,0.0338322951274193,11.175672791208322,7.893828565095184,29.48619430587807,30.08795337334497,0,205,0.4571428571428571,0.3186424788305706,29.86692857142853,9.516872155055582,4.440892098500625e-16,-1.2434497875801752e-14,0,2.142149724672366,180.09899553186,4.1000000000000005,1.1734456430768738,258.735192065194,5.7438089410660975,449.8514421811969
F3_seed27_life3_m1.5_raw_age_aware_censoring_aware,F3,27,3,1.5,raw,age_aware,censoring_aware,lightgbm_raw,7,30,36.39977777777778,221.52,193.6736137076445,27.846386292355447,8.918533284056087,183.3493687955751,224.3255936214632,0.8742940308217974,0.0402606233480321,0.0405850644843303,0.0460492945493279,20.96121288160233,17.1569995816522,36.489712953458834,37.23440097291719,0,210,0.2523809523809523,1.6509919215994109,29.86692857142853,49.31005779441514,4.440892098500625e-16,4.9737991503207007e-14,0,1.8041761224755464,224.3255936214632,4.200000000000001,2.200927352568245,139.2319314617772,8.918533284056087,378.8769857198647
F3_seed27_life3_m1.5_selected_recovery_order_up_to_censoring_aware,F3,27,3,1.5,selected_recovery,order_up_to,censoring_aware,lightgbm_gbm_recovered,7,30,36.39977777777778,221.52,171.33953249353445,50.18046750646556,5.922334106440508,148.46866293398756,180.88937620460297,0.7734720679556449,0.0267349860348524,0.0320353981655215,0.0345649017494779,11.555841256205763,7.606574111790378,28.802925746523385,29.390740557676928,0,207,0.4333333333333333,0.5037826689565628,29.86692857142853,15.046440989249287,4.440892098500625e-16,9.769962616701376e-15,0,2.109844815120347,180.88937620460297,4.140000000000001,1.2133633319016053,250.9023375323278,5.922334106440508,443.06741117527287
F3_seed27_life3_m1.5_selected_recovery_age_aware_censoring_aware,F3,27,3,1.5,selected_recovery,age_aware,censoring_aware,lightgbm_gbm_recovered,7,30,36.39977777777778,221.52,195.20018365033084,26.31981634966916,9.649133978507969,185.16340829004608,225.58970370536036,0.8811853722026493,0.0435587485486997,0.0435502582796143,0.0494319923171425,21.486951958382,16.71386843898502,35.9145013412071,36.64745034817052,0,209,0.2476190476190476,1.342597422764494,29.86692857142853,40.09926132589118,4.440892098500625e-16,3.197442310920451e-14,0,1.7774954732754489,225.58970370536036,4.180000000000001,2.2561299556301093,131.5990817483458,9.649133978507969,373.2740493878442
F3_seed28_life3_m1.5_raw_order_up_to_censoring_aware,F3,28,3,1.5,raw,order_up_to,censoring_aware,lightgbm_raw,7,30,36.39977777777778,221.52,165.64662310808933,55.87337689191067,6.237227842708579,146.70104727378384,174.00814951480993,0.7477727659267304,0.0281564998316566,0.0340644442260277,0.0376538182649132,11.851422239881463,11.216974100763691,23.82693925072992,24.31320331707135,0,202,0.4428571428571428,0.8570369685221118,29.86692857142853,25.59706192192356,8.88178419700125e-16,2.842170943040401e-14,0,2.213793624534569,174.00814951480993,4.040000000000001,1.2443993351875535,279.36688445955326,6.237227842708579,464.8966611522594
F3_seed28_life3_m1.5_raw_age_aware_censoring_aware,F3,28,3,1.5,raw,age_aware,censoring_aware,lightgbm_raw,7,30,36.39977777777778,221.52,188.5376104035363,32.9823895964637,8.894080010276847,181.9672404508592,219.57346693445956,0.8511087504673903,0.0401502347881764,0.0407299604236225,0.0471740359456153,21.346557898951108,20.935327814823832,33.21475714491115,33.89260933154198,0,209,0.2428571428571428,1.8870799725698688,29.86692857142853,56.36128274931758,4.440892098500625e-16,2.4868995751603507e-14,0,1.9038137309830705,219.57346693445956,4.180000000000001,2.2413885793898665,164.9119479823185,8.894080010276847,399.8008835064448
F3_seed28_life3_m1.5_selected_recovery_order_up_to_censoring_aware,F3,28,3,1.5,selected_recovery,order_up_to,censoring_aware,lightgbm_gbm_recovered,7,30,36.39977777777778,221.52,167.26960870196183,54.25039129803817,6.435576329492815,148.56398582505568,175.26289474262563,0.7550993531146706,0.0290518974787505,0.0347937142072417,0.038474271443772,12.16299901043819,11.258578571378829,23.1936510227174,23.666990839507548,0,203,0.4333333333333333,1.1146979366585614,29.86692857142853,33.29260365290002,8.88178419700125e-16,-3.552713678800501e-15,0,2.182321630754311,175.26289474262563,4.0600000000000005,1.27711489609601,271.2519564901909,6.435576329492815,458.28754245840526
F3_seed28_life3_m1.5_selected_recovery_age_aware_censoring_aware,F3,28,3,1.5,selected_recovery,age_aware,censoring_aware,lightgbm_gbm_recovered,7,30,36.39977777777778,221.52,189.86361704733395,31.65638295266604,9.62887283921377,183.78284453550265,220.71777869665,0.8570946959522117,0.0434672843951506,0.0437313023982138,0.0507146813536858,22.009889188608184,20.69013242673264,32.52057858721436,33.18426386450446,0,208,0.2333333333333333,1.5559581079833258,29.86692857142853,46.47168967127308,4.440892098500625e-16,4.9737991503207007e-14,0,1.88142668887618,220.71777869665,4.16,2.3110383648038595,158.2819147633302,9.62887283921377,395.09960466399775
F3_seed29_life3_m1.5_raw_order_up_to_censoring_aware,F3,29,3,1.5,raw,order_up_to,censoring_aware,lightgbm_raw,7,30,36.39977777777778,221.52,167.31184537467027,54.208154625329726,6.008768033443234,146.80921668354367,177.2090541398182,0.7552900206512742,0.0271251716930445,0.0327973419160476,0.0359135841218383,11.918610427513858,9.888381053207937,26.855656373478183,27.40373099334508,0,204,0.4428571428571428,0.2809400020492346,29.86692857142853,8.39081497406148,8.88178419700125e-16,1.2434497875801752e-14,0,2.1885240447371377,177.2090541398182,4.08,1.251454094888955,271.0407731266487,6.008768033443234,459.5900493947989
F3_seed29_life3_m1.5_raw_age_aware_censoring_aware,F3,29,3,1.5,raw,age_aware,censoring_aware,lightgbm_raw,7,30,36.39977777777778,221.52,191.6158487603224,29.90415123967759,8.894080010276847,184.50299637205768,222.8533823963521,0.8650047343820984,0.0401502347881764,0.0402624188152753,0.0464162023539178,21.38489628228238,20.392845379236167,33.89331837636741,34.585018751395324,0,209,0.238095238095238,1.701832765399412,29.86692857142853,50.82851764470093,4.440892098500625e-16,2.842170943040401e-14,0,1.846160155784079,222.8533823963521,4.180000000000001,2.24541410963965,149.52075619838794,8.894080010276847,387.6936327146566
F3_seed29_life3_m1.5_selected_recovery_order_up_to_censoring_aware,F3,29,3,1.5,selected_recovery,order_up_to,censoring_aware,lightgbm_gbm_recovered,7,30,36.39977777777778,221.52,168.67925561083064,52.84074438916938,6.228577734486474,148.1639111872355,178.36698272079363,0.7614628729271878,0.0281174509501917,0.0337475793283866,0.036925570437996,12.261843335093372,9.655855619696169,26.63573187914224,27.179318244022696,0,206,0.4428571428571428,0.4511755126885317,29.86692857142853,13.475226810646028,8.88178419700125e-16,3.552713678800501e-15,0,2.1628894092919606,178.36698272079363,4.120000000000001,1.287493550184804,264.2037219458469,6.228577734486474,454.2067759513118
F3_seed29_life3_m1.5_selected_recovery_age_aware_censoring_aware,F3,29,3,1.5,selected_recovery,age_aware,censoring_aware,lightgbm_gbm_recovered,7,30,36.39977777777778,221.52,192.56754728083783,28.952452719162128,9.62887283921377,185.51888610439696,223.48193287715773,0.869300953777708,0.0434672843951506,0.0433891979645574,0.050002572994146,22.21707107862864,19.722243762123124,33.49340811521759,34.17694705634448,0,208,0.238095238095238,1.4086398417973018,29.86692857142853,42.071745537828406,4.440892098500625e-16,1.7763568394002505e-14,0,1.8303136275020864,223.48193287715773,4.16,2.3327924632560064,144.76226359581065,9.62887283921377,384.36586177543813
F3_seed00_life7_m1_raw_order_up_to_censoring_aware,F3,0,7,1.0,raw,order_up_to,censoring_aware,lightgbm_raw,7,30,36.39977777777778,147.68,137.83920287858612,9.840797121413871,1.2404761904761905,124.9758766562038,148.91074433123993,0.9333640498279124,0.0083997575194758,0.007686885576558,0.0089994440229667,22.057706252636045,22.295975364919265,20.956652788411297,21.384339580011527,0,205,0.1666666666666666,1.0934612223679805,13.274190476190467,14.514812544040632,4.440892098500625e-16,1.7763568394002505e-14,0,0.9798631680252962,148.91074433123993,4.1000000000000005,2.3160591565267845,49.20398560706935,1.2404761904761905,205.7712652853122
F3_seed00_life7_m1_raw_age_aware_censoring_aware,F3,0,7,1.0,raw,age_aware,censoring_aware,lightgbm_raw,7,30,36.39977777777778,147.68,143.51119761744803,4.1688023825519664,1.2404761904761905,147.84548967062523,173.84381996235578,0.9717713814832613,0.0083997575194758,0.0067327438455024,0.0086437588917826,37.33927644941726,39.49359364047877,22.521453892483468,22.98107540049333,0,208,0.0523809523809523,7.229983053427919,13.274190476190467,95.97217219083136,8.88178419700125e-16,2.842170943040401e-14,0,0.9714711052037172,173.84381996235578,4.16,3.9206240271888126,20.844011912759832,1.2404761904761905,204.00893209278064
F3_seed00_life7_m1_selected_recovery_order_up_to_censoring_aware,F3,0,7,1.0,selected_recovery,order_up_to,censoring_aware,lightgbm_gbm_recovered,7,30,36.39977777777778,147.68,138.24797965089448,9.432020349105514,1.2404761904761905,126.11466838000597,149.6117651511261,0.9361320398895888,0.0083997575194758,0.0076330210624588,0.0089728341318886,22.68134192763699,23.02599031641305,20.5048614680976,20.923328028671012,0,206,0.1380952380952381,1.364789810089364,13.274190476190467,18.116479899090034,8.88178419700125e-16,1.4210854715202004e-14,0,0.9738756380453892,149.6117651511261,4.120000000000001,2.381540902401884,47.16010174552756,1.2404761904761905,204.5138839895317
F3_seed00_life7_m1_selected_recovery_age_aware_censoring_aware,F3,0,7,1.0,selected_recovery,age_aware,censoring_aware,lightgbm_gbm_recovered,7,30,36.39977777777778,147.68,143.7784944320064,3.901505567993576,1.2404761904761905,148.1647752083735,173.69508750322268,0.9735813544962512,0.0083997575194758,0.0067210966049871,0.0086276893869049,38.50470851230239,39.545582363668665,22.056410544784715,22.5065413722293,0,206,0.0476190476190476,6.712404199004475,13.274190476190467,89.10173189076612,8.88178419700125e-16,3.552713678800501e-14,0,0.96479088536885,173.69508750322268,4.120000000000001,4.04299439379175,19.50752783996788,1.2404761904761905,202.60608592745848
F3_seed01_life7_m1_raw_order_up_to_censoring_aware,F3,1,7,1.0,raw,order_up_to,censoring_aware,lightgbm_raw,7,30,36.39977777777778,147.68,133.24483011696557,14.435169883034416,1.2404761904761905,121.12714920005764,143.5901493998,0.9022537250607094,0.0083997575194758,0.0078746930082037,0.0093097510003748,22.342443426904108,23.04162067039363,19.591197211746376,19.99101756300651,0,205,0.1857142857142857,1.1711742793558757,13.274190476190467,15.546390464985002,8.88178419700125e-16,2.131628207280301e-14,0,1.0640591979298724,143.5901493998,4.1000000000000005,2.345956559824931,72.17584941517208,1.2404761904761905,223.4524315652732
F3_seed01_life7_m1_raw_age_aware_censoring_aware,F3,1,7,1.0,raw,age_aware,censoring_aware,lightgbm_raw,7,30,36.39977777777778,147.68,141.08671247197194,6.5932875280280685,1.2404761904761905,145.83324525803272,170.82381820291926,0.9553542285480224,0.0083997575194758,0.0068070878143333,0.008792296373924,36.448604385684725,39.905834373362325,21.574096580828215,22.014384266151243,0,209,0.0666666666666666,7.530435486519399,13.274190476190467,99.96043501672254,8.88178419700125e-16,4.9737991503207007e-14,0,1.0144658833049176,170.82381820291926,4.180000000000001,3.827103460496896,32.96643764014034,1.2404761904761905,213.0378354940327
F3_seed01_life7_m1_selected_recovery_order_up_to_censoring_aware,F3,1,7,1.0,selected_recovery,order_up_to,censoring_aware,lightgbm_gbm_recovered,7,30,36.39977777777778,147.68,134.04997744787642,13.630022552123588,1.2404761904761905,122.07171066551606,144.44900119000238,0.9077056977781446,0.0083997575194758,0.00782775629018,0.0092538336379693,22.876597025642585,23.181034804941227,19.488310500686275,19.886031123149255,0,205,0.1523809523809523,1.2577918063282978,13.274190476190467,16.696168016593496,8.88178419700125e-16,1.7763568394002505e-14,0,1.0492458706132808,144.44900119000238,4.1000000000000005,2.4020426876924708,68.15011276061793,1.2404761904761905,220.34163282878896
F3_seed01_life7_m1_selected_recovery_age_aware_censoring_aware,F3,1,7,1.0,selected_recovery,age_aware,censoring_aware,lightgbm_gbm_recovered,7,30,36.39977777777778,147.68,141.69515790111737,5.984842098882631,1.2404761904761905,146.83242512863217,170.95826611252625,0.9594742544766884,0.0083997575194758,0.006769968219559,0.008754541854859,37.50398453311594,40.29656881481639,20.706675661643544,21.129260879228102,0,207,0.0619047619047619,6.916563777788408,13.274190476190467,91.81178502708286,8.88178419700125e-16,7.105427357601002e-15,0,1.0009565293971083,170.95826611252625,4.140000000000001,3.9379183759771728,29.924210494413156,1.2404761904761905,210.2008711733928
F3_seed02_life7_m1_raw_order_up_to_censoring_aware,F3,2,7,1.0,raw,order_up_to,censoring_aware,lightgbm_raw,7,30,36.39977777777778,147.68,135.45827155026294,12.22172844973707,1.2404761904761905,122.4555166557608,147.02309791617463,0.9172418171063308,0.0083997575194758,0.0078088438594357,0.0091576260074742,21.987146015640544,22.15654669279945,21.627119302090325,22.06848908376564,0,206,0.1714285714285714,1.2900535694960291,13.274190476190467,17.124416805979713,8.88178419700125e-16,0.0,0,1.0276231746998972,147.02309791617463,4.120000000000001,2.308650331642257,61.10864224868534,1.2404761904761905,215.8008666869784
F3_seed02_life7_m1_raw_age_aware_censoring_aware,F3,2,7,1.0,raw,age_aware,censoring_aware,lightgbm_raw,7,30,36.39977777777778,147.68,142.68376892188672,4.996231078113284,1.2404761904761905,145.7672054705073,172.87723305919138,0.96616853278634,0.0083997575194758,0.0068095555427049,0.0086938843839715,37.37622022961087,38.24273813592215,23.652482927500294,24.135186660714588,0,208,0.0666666666666666,7.368238583394419,13.274190476190467,97.80740242999336,8.88178419700125e-16,1.4210854715202004e-14,0,0.9865874655444912,172.87723305919138,4.16,3.924503124109141,24.98115539056642,1.2404761904761905,207.1833677643432
F3_seed02_life7_m1_selected_recovery_order_up_to_censoring_aware,F3,2,7,1.0,selected_recovery,order_up_to,censoring_aware,lightgbm_gbm_recovered,7,30,36.39977777777778,147.68,136.21804714184742,11.461952858152603,1.2404761904761905,123.34732852330892,147.81756194102414,0.9223865597362364,0.0083997575194758,0.0077652498326835,0.0091065480419378,22.55515798247753,22.288582968763123,21.51388217889472,21.95294099887216,0,207,0.1428571428571428,1.4770293590780024,13.274190476190467,19.606369051326933,8.88178419700125e-16,-1.7763568394002505e-14,0,1.0136956857639214,147.81756194102414,4.140000000000001,2.3682915881601407,57.309764290763006,1.2404761904761905,212.87609401042351
F3_seed02_life7_m1_selected_recovery_age_aware_censoring_aware,F3,2,7,1.0,selected_recovery,age_aware,censoring_aware,lightgbm_gbm_recovered,7,30,36.39977777777778,147.68,143.30520707238242,4.3747929276176,1.2404761904761905,146.28826487834215,172.9230104550197,0.970376537597389,0.0083997575194758,0.0067901334561407,0.0086561836503933,38.48480428377972,38.14235939326132,23.17628536757717,23.64927078324201,0,206,0.0571428571428571,6.749559806431588,13.274190476190467,89.59494250101217,8.88178419700125e-16,7.105427357601002e-15,0,0.9723731225399084,172.9230104550197,4.120000000000001,4.0409044497968685,21.873964638088,1.2404761904761905,204.1983557333808
F3_seed03_life7_m1_raw_order_up_to_censoring_aware,F3,3,7,1.0,raw,order_up_to,censoring_aware,lightgbm_raw,7,30,36.39977777777778,147.68,134.48747091964043,13.192529080359588,1.2404761904761905,122.46029774336093,145.38528695018138,0.910668140030068,0.0083997575194758,0.0078086088427619,0.0092237305229526,22.52989591767864,23.13212841102208,20.017283467816828,20.42579945695595,0,206,0.1809523809523809,1.095349383334547,13.274190476190467,14.539876352360544,8.88178419700125e-16,-3.552713678800501e-15,0,1.0432097505419609,145.38528695018138,4.120000000000001,2.3656390713562567,65.96264540179794,1.2404761904761905,219.07404761381176
F3_seed03_life7_m1_raw_age_aware_censoring_aware,F3,3,7,1.0,raw,age_aware,censoring_aware,lightgbm_raw,7,30,36.39977777777778,147.68,144.0711358309739,3.6088641690260976,1.2404761904761905,147.8029259909939,173.86061668577918,0.9755629457676996,0.0083997575194758,0.0067342995791926,0.0086101645782228,37.119685609267904,38.89109174732158,22.580478361069726,23.04130445007115,0,208,0.0666666666666666,7.207450896309128,13.274190476190467,95.67307604539708,8.88178419700125e-16,2.842170943040401e-14,0,0.9581094319540906,173.86061668577918,4.16,3.897566988973129,18.04432084513049,1.2404761904761905,201.202980710359
F3_seed03_life7_m1_selected_recovery_order_up_to_censoring_aware,F3,3,7,1.0,selected_recovery,order_up_to,censoring_aware,lightgbm_gbm_recovered,7,30,36.39977777777778,147.68,135.03970396885222,12.64029603114778,1.2404761904761905,123.41850680493437,145.9916676906009,0.9144075295832353,0.0083997575194758,0.0077617914227717,0.0091860108843419,23.042701126424863,23.538104423383743,19.6533275318545,20.054415848831123,0,207,0.1714285714285714,1.3118479039995892,13.274190476190467,17.413718953481776,8.88178419700125e-16,-3.552713678800501e-15,0,1.0333005126432888,145.9916676906009,4.140000000000001,2.41948361827461,63.201480155738906,1.2404761904761905,216.99310765509065
F3_seed03_life7_m1_selected_recovery_age_aware_censoring_aware,F3,3,7,1.0,selected_recovery,age_aware,censoring_aware,lightgbm_gbm_recovered,7,30,36.39977777777778,147.68,144.32918166454925,3.350818335450756,1.2404761904761905,148.2868035144873,173.63824388308026,0.9773102767101112,0.0083997575194758,0.0067166557624083,0.0085947704834862,38.11270365301189,39.11692343723964,21.87867549093136,22.325179072378937,0,206,0.0571428571428571,6.7038054564931935,13.274190476190467,88.98759054481566,8.88178419700125e-16,1.4210854715202004e-14,0,0.9512125982589356,173.63824388308026,4.120000000000001,4.001833883566248,16.754091677253776,1.2404761904761905,199.7546456343765
F3_seed04_life7_m1_raw_order_up_to_censoring_aware,F3,4,7,1.0,raw,order_up_to,censoring_aware,lightgbm_raw,7,30,36.39977777777778,147.68,134.71061535149855,12.96938464850145,1.2404761904761905,123.66812076069482,146.43558214292318,0.9121791397040802,0.0083997575194758,0.0077496874876385,0.0092084516668521,22.74774930443816,24.11680699649784,19.838749739369906,20.24362218303052,0,205,0.1666666666666666,1.1993880236377623,13.274190476190467,15.920905080629298,8.88178419700125e-16,0.0,0,1.0429118821565362,146.43558214292318,4.1000000000000005,2.388513676966007,64.84692324250724,1.2404761904761905,219.0114952528726
F3_seed04_life7_m1_raw_age_aware_censoring_aware,F3,4,7,1.0,raw,age_aware,censoring_aware,lightgbm_raw,7,30,36.39977777777778,147.68,141.4591639746047,6.220836025395268,1.2404761904761905,146.84044039601577,172.15470994267469,0.9578762457652,0.0083997575194758,0.0067696720885786,0.008769146908707,38.08016309499474,40.54057800871259,21.87117534780548,22.31752586510763,0,207,0.0666666666666666,7.410264369171605,13.274190476190467,98.36526071531128,8.88178419700125e-16,3.552713678800501e-14,0,1.012560873262389,172.15470994267469,4.140000000000001,3.998417124974447,31.10418012697633,1.2404761904761905,212.6377833851017
F3_seed04_life7_m1_selected_recovery_order_up_to_censoring_aware,F3,4,7,1.0,selected_recovery,order_up_to,censoring_aware,lightgbm_gbm_recovered,7,30,36.39977777777778,147.68,135.38487054936482,12.295129450635176,1.2404761904761905,124.53001208822268,147.16789092957683,0.9167447897438028,0.0083997575194758,0.0077081825031219,0.0091625909560099,23.15501358774517,24.304443126159438,19.69452102276259,20.096450023227128,0,206,0.1428571428571428,1.487800857319019,13.274190476190467,19.749351970692132,8.88178419700125e-16,3.197442310920451e-14,0,1.0306442419044863,147.16789092957683,4.120000000000001,2.431276426713243,61.47564725317587,1.2404761904761905,216.43529079994212
F3_seed04_life7_m1_selected_recovery_age_aware_censoring_aware,F3,4,7,1.0,selected_recovery,age_aware,censoring_aware,lightgbm_gbm_recovered,7,30,36.39977777777778,147.68,141.6204188910741,6.05958110892588,1.2404761904761905,147.1246912427715,171.7885515324156,0.9589681669222244,0.0083997575194758,0.0067591869198504,0.0087591619922427,39.138636974031215,40.663573938998965,21.228089258995777,21.66131557040385,0,205,0.0571428571428571,7.008488470789201,13.274190476190467,93.03201091144072,8.88178419700125e-16,1.4210854715202004e-14,0,1.007316619760926,171.7885515324156,4.1000000000000005,4.109556882273277,30.2979055446294,1.2404761904761905,211.53649014979445
F3_seed05_life7_m1_raw_order_up_to_censoring_aware,F3,5,7,1.0,raw,order_up_to,censoring_aware,lightgbm_raw,7,30,36.39977777777778,147.68,135.97460572395255,11.705394276047448,1.2404761904761905,123.73200763180616,146.99268558007378,0.9207381210993536,0.0083997575194758,0.0077465956387316,0.0091228519021745,23.078987709661583,22.9167034951552,20.320824236666123,20.7355349353736,0,206,0.1619047619047619,1.2374248067191569,13.274190476190467,16.425812584353263,8.88178419700125e-16,1.7763568394002505e-14,0,1.0157306040966747,146.99268558007378,4.120000000000001,2.4232937095144664,58.52697138023724,1.2404761904761905,213.30342686030167
F3_seed05_life7_m1_raw_age_aware_censoring_aware,F3,5,7,1.0,raw,age_aware,censoring_aware,lightgbm_raw,7,30,36.39977777777778,147.68,142.67759416932944,5.002405830670557,1.2404761904761905,147.27952652003466,172.74589428854867,0.9661267210815914,0.0083997575194758,0.006753489159916,0.0086942606349529,38.25816624629722,39.76123393800679,22.01144988274304,22.460663145656163,0,208,0.0809523809523809,7.370702381933286,13.274190476190467,97.84010736109325,8.88178419700125e-16,3.552713678800501e-14,0,0.9865500337535184,172.74589428854867,4.16,4.0171074558612085,25.01202915335278,1.2404761904761905,207.17550708823885
F3_seed05_life7_m1_selected_recovery_order_up_to_censoring_aware,F3,5,7,1.0,selected_recovery,order_up_to,censoring_aware,lightgbm_gbm_recovered,7,30,36.39977777777778,147.68,136.63373087980617,11.046269120193823,1.2404761904761905,124.55600839634369,147.7764172283314,0.9252013196086548,0.0083997575194758,0.0077069375383265,0.0090788429949805,23.612179192050565,23.081579103839097,20.264880487421102,20.67844947696031,0,207,0.1380952380952381,1.4771194361944953,13.274190476190467,19.607564752128805,8.88178419700125e-16,1.7763568394002505e-14,0,1.0041310373092478,147.7764172283314,4.140000000000001,2.4792788151653093,55.23134560096913,1.2404761904761905,210.86751783494205
F3_seed05_life7_m1_selected_recovery_age_aware_censoring_aware,F3,5,7,1.0,selected_recovery,age_aware,censoring_aware,lightgbm_gbm_recovered,7,30,36.39977777777778,147.68,142.8468727225528,4.833127277447177,1.2404761904761905,147.68105246088183,172.400667161743,0.9672729734734072,0.0083997575194758,0.0067387581252644,0.0086839576312288,39.529133249231165,39.993481325630576,21.27160135762633,21.70571567104728,0,206,0.0714285714285714,6.83476442678556,13.274190476190467,90.72596486104227,8.88178419700125e-16,4.9737991503207007e-14,0,0.9813206606220208,172.400667161743,4.120000000000001,4.150558991169273,24.16563638723589,1.2404761904761905,206.0773387306244
F3_seed06_life7_m1_raw_order_up_to_censoring_aware,F3,6,7,1.0,raw,order_up_to,censoring_aware,lightgbm_raw,7,30,36.39977777777778,147.68,135.8821698521862,11.797830147813809,1.2404761904761905,122.55165055952205,147.40984936599432,0.9201122010575988,0.0083997575194758,0.0078041210667441,0.0091290578581839,22.682885812361945,21.82878229463745,21.910001819152367,22.357144713420784,0,205,0.1619047619047619,1.2299427777058622,13.274190476190467,16.326494706082407,4.440892098500625e-16,-3.552713678800501e-15,0,1.019624663361131,147.40984936599432,4.1000000000000005,2.3817030102980032,58.989150739069046,1.2404761904761905,214.12117930583756
F3_seed06_life7_m1_raw_age_aware_censoring_aware,F3,6,7,1.0,raw,age_aware,censoring_aware,lightgbm_raw,7,30,36.39977777777778,147.68,142.1834299567095,5.496570043290506,1.2404761904761905,146.36041338565224,172.62638524177382,0.9627805387101128,0.0083997575194758,0.0067874529052495,0.0087244778864448,38.25852063521064,39.336285016244325,22.813444151286088,23.27902464416948,0,208,0.0523809523809523,7.339945207279742,13.274190476190467,97.43183076623264,8.88178419700125e-16,2.131628207280301e-14,0,0.9977469348352362,172.62638524177382,4.16,4.017144666697118,27.48285021645253,1.2404761904761905,209.5268563153996
F3_seed06_life7_m1_selected_recovery_order_up_to_censoring_aware,F3,6,7,1.0,selected_recovery,order_up_to,censoring_aware,lightgbm_gbm_recovered,7,30,36.39977777777778,147.68,136.65851137747276,11.021488622527254,1.2404761904761905,123.6833618329096,148.27070630914747,0.9253691182114892,0.0083997575194758,0.0077489496613631,0.0090771967144424,23.21651537953977,22.18415204273843,21.62193035005495,22.06319423474995,0,207,0.1333333333333333,1.514149824716596,13.274190476190467,20.099113182778503,8.88178419700125e-16,-1.4210854715202004e-14,0,1.0056969510814842,148.27070630914747,4.140000000000001,2.4377341148516765,55.10744311263626,1.2404761904761905,211.19635972711168
F3_seed06_life7_m1_selected_recovery_age_aware_censoring_aware,F3,6,7,1.0,selected_recovery,age_aware,censoring_aware,lightgbm_gbm_recovered,7,30,36.39977777777778,147.68,142.85900587845435,4.820994121545664,1.2404761904761905,147.51617926324792,172.79410504115458,0.9673551318963592,0.0083997575194758,0.0067447991486648,0.0086832200941647,39.300111941407835,39.81647497209518,21.82204367708355,22.26739150722811,0,206,0.0476190476190476,6.792679820640175,13.274190476190467,90.167325782953,8.88178419700125e-16,-1.4210854715202004e-14,0,0.9827907790152712,172.79410504115458,4.120000000000001,4.12651175384782,24.10497060772832,1.2404761904761905,206.38606359320693
F3_seed07_life7_m1_raw_order_up_to_censoring_aware,F3,7,7,1.0,raw,order_up_to,censoring_aware,lightgbm_raw,7,30,36.39977777777778,147.68,136.41855084912865,11.261449150871336,1.2404761904761905,124.05509955767782,146.81389532221576,0.9237442500618136,0.0083997575194758,0.0077309970944839,0.0090931635232519,22.46901260158166,22.79585029585073,19.82251785809363,20.227059038871047,0,206,0.1619047619047619,1.1985440891974406,13.274190476190467,15.909702534119049,8.88178419700125e-16,1.7763568394002505e-14,0,1.004004112334356,146.81389532221576,4.120000000000001,2.359246323166074,56.3072457543567,1.2404761904761905,210.84086359021472
F3_seed07_life7_m1_raw_age_aware_censoring_aware,F3,7,7,1.0,raw,age_aware,censoring_aware,lightgbm_raw,7,30,36.39977777777778,147.68,143.27632591007009,4.403674089929912,1.2404761904761905,147.6009765630605,173.0468492655807,0.9701809717637464,0.0083997575194758,0.0067416907877364,0.0086579285349262,37.64443851519637,39.483952240292,21.98493571720857,22.43360787470263,0,208,0.0571428571428571,7.303241180384205,13.274190476190467,96.94461452197805,8.88178419700125e-16,1.4210854715202004e-14,0,0.9734207711895336,173.0468492655807,4.16,3.9526660440956185,22.018370449649563,1.2404761904761905,204.4183619498021
F3_seed07_life7_m1_selected_recovery_order_up_to_censoring_aware,F3,7,7,1.0,selected_recovery,order_up_to,censoring_aware,lightgbm_gbm_recovered,7,30,36.39977777777778,147.68,137.15696216360433,10.523037836395698,1.2404761904761905,125.03021329361194,147.7332176560556,0.9287443266766272,0.0083997575194758,0.0076842982040902,0.0090442087000769,22.979477662470487,23.03255271730921,19.74834000932255,20.151367356451587,0,207,0.1333333333333333,1.398091129939777,13.274190476190467,18.55852796189296,8.88178419700125e-16,0.0,0,0.991151086586046,147.7332176560556,4.140000000000001,2.4128451545594007,52.615189181978494,1.2404761904761905,208.1417281830697
F3_seed07_life7_m1_selected_recovery_age_aware_censoring_aware,F3,7,7,1.0,selected_recovery,age_aware,censoring_aware,lightgbm_gbm_recovered,7,30,36.39977777777778,147.68,143.50724485861826,4.1727551413817325,1.2404761904761905,148.07201091915425,172.79683440828262,0.9717446157815428,0.0083997575194758,0.0067244764049757,0.008643996975193,38.7573959027594,39.724067647837565,21.268886800962715,21.70294571526808,0,206,0.0476190476190476,6.767771395675742,13.274190476190467,89.83668660551322,8.88178419700125e-16,1.4210854715202004e-14,0,0.9670981565497964,172.79683440828262,4.120000000000001,4.069526569789736,20.86377570690867,1.2404761904761905,203.09061287545725
F3_seed08_life7_m1_raw_order_up_to_censoring_aware,F3,8,7,1.0,raw,order_up_to,censoring_aware,lightgbm_raw,7,30,36.39977777777778,147.68,135.735949246118,11.944050753882014,1.2404761904761905,124.63744874348828,146.53676933880757,0.91912208319419,0.0083997575194758,0.0077030399571143,0.0091388920721874,22.788801830996785,24.06080108467189,18.96858520854308,19.355699192390897,0,205,0.1523809523809523,1.138429212447635,13.274190476190467,15.111726209689412,8.88178419700125e-16,-1.4210854715202004e-14,0,1.019001540433088,146.53676933880757,4.1000000000000005,2.392824192254662,59.720253769410064,1.2404761904761905,213.99032349094844
F3_seed08_life7_m1_raw_age_aware_censoring_aware,F3,8,7,1.0,raw,age_aware,censoring_aware,lightgbm_raw,7,30,36.39977777777778,147.68,142.25978314778234,5.420216852217637,1.2404761904761905,147.983108508761,172.40819749025368,0.9632975565261535,0.0083997575194758,0.0067277186915733,0.0087197953140949,38.147949323591774,40.882626948280205,20.97692503168763,21.4050255425384,0,208,0.0571428571428571,7.413920848433749,13.274190476190467,98.41379751750925,8.88178419700125e-16,5.684341886080802e-14,0,0.9948347267656914,172.40819749025368,4.16,4.005534678977137,27.10108426108817,1.2404761904761905,208.9152926207952
F3_seed08_life7_m1_selected_recovery_order_up_to_censoring_aware,F3,8,7,1.0,selected_recovery,order_up_to,censoring_aware,lightgbm_gbm_recovered,7,30,36.39977777777778,147.68,136.13314853099826,11.546851469001748,1.2404761904761905,125.13439868537591,147.12687109634888,0.921811677485091,0.0083997575194758,0.0076793420292649,0.009112227285287,23.35394741737639,24.160551741679264,19.049934989045973,19.438709172495887,0,206,0.1333333333333333,1.3962630158468166,13.274190476190467,18.534261227210795,8.88178419700125e-16,-1.0658141036401504e-14,0,1.012732233860278,147.12687109634888,4.120000000000001,2.4521644788245207,57.73425734500875,1.2404761904761905,212.6737691106584
F3_seed08_life7_m1_selected_recovery_age_aware_censoring_aware,F3,8,7,1.0,selected_recovery,age_aware,censoring_aware,lightgbm_gbm_recovered,7,30,36.39977777777778,147.68,143.05151645383472,4.628483546165273,1.2404761904761905,148.8401848880173,172.6992900249788,0.9686586975476348,0.0083997575194758,0.0066965905878216,0.0086715347115982,39.041120463205594,40.94797002148417,20.40511933646192,20.82155034332849,0,206,0.0523809523809523,6.9042626662172495,13.274190476190467,91.64849772901843,8.88178419700125e-16,0.0,0,0.977626198071038,172.6992900249788,4.120000000000001,4.099317648636585,23.142417730826367,1.2404761904761905,205.301501594918
F3_seed09_life7_m1_raw_order_up_to_censoring_aware,F3,9,7,1.0,raw,order_up_to,censoring_aware,lightgbm_raw,7,30,36.39977777777778,147.68,134.84270126465137,12.837298735348638,1.2404761904761905,121.58172386277764,147.07539311895005,0.913073545941572,0.0083997575194758,0.0078520344318448,0.0091994314771368,22.178006890655315,21.898324185427853,22.55216139379341,23.012409585503484,0,205,0.1857142857142857,1.19197119150335,13.274190476190467,15.822452638147174,8.88178419700125e-16,1.0658141036401504e-14,0,1.0425288271889916,147.07539311895005,4.1000000000000005,2.3286907235188075,64.1864936767432,1.2404761904761905,218.93105370968823
F3_seed09_life7_m1_raw_age_aware_censoring_aware,F3,9,7,1.0,raw,age_aware,censoring_aware,lightgbm_raw,7,30,36.39977777777778,147.68,141.97721745404334,5.702782545956659,1.2404761904761905,144.83184975577646,172.5560706983974,0.9613841918610734,0.0083997575194758,0.006844700383472,0.0087371496125969,37.24655716598858,38.0139338890347,24.273099528653,24.76846890678877,0,208,0.0714285714285714,7.334983832869501,13.274190476190467,97.36597253728739,8.88178419700125e-16,1.4210854715202004e-14,0,1.0018159434337417,172.5560706983974,4.16,3.910888502428802,28.513912729783293,1.2404761904761905,210.3813481210857
F3_seed09_life7_m1_selected_recovery_order_up_to_censoring_aware,F3,9,7,1.0,selected_recovery,order_up_to,censoring_aware,lightgbm_gbm_recovered,7,30,36.39977777777778,147.68,135.95772640802193,11.722273591978093,1.2404761904761905,123.17087913537942,148.1846177738592,0.9206238245396932,0.0083997575194758,0.0077738364588628,0.0091239845152559,22.775875168969968,22.372454314659088,22.050046283002583,22.500047227553654,0,206,0.1523809523809523,1.4845774767249502,13.274190476190467,19.706564202709213,8.88178419700125e-16,-1.0658141036401504e-14,0,1.0216568038903224,148.1846177738592,4.120000000000001,2.391466892741847,58.61136795989046,1.2404761904761905,214.5479288169677
F3_seed09_life7_m1_selected_recovery_age_aware_censoring_aware,F3,9,7,1.0,selected_recovery,age_aware,censoring_aware,lightgbm_gbm_recovered,7,30,36.39977777777778,147.68,142.995544599269,4.684455400730981,1.2404761904761905,146.50068694076867,173.0617828296124,0.9682796898650392,0.0083997575194758,0.0067822473408423,0.0086749289563706,38.30952574138137,38.66444392880127,23.099860232251466,23.571285951277,0,206,0.0666666666666666,6.805349814680019,13.274190476190467,90.33550969717008,8.88178419700125e-16,-7.105427357601002e-15,0,0.9803192201266122,173.0617828296124,4.120000000000001,4.022500202845042,23.422277003654905,1.2404761904761905,205.86703622658857
F3_seed10_life7_m1_raw_order_up_to_censoring_aware,F3,10,7,1.0,raw,order_up_to,censoring_aware,lightgbm_raw,7,30,36.39977777777778,147.68,135.5900956489151,12.089904351084884,1.2404761904761905,121.73893699256293,147.22497889235547,0.9181344504937372,0.0083997575194758,0.0078442283553251,0.0091487227333194,22.77702163846865,21.308142930949373,22.541542321945432,23.001573797903504,0,205,0.1619047619047619,1.1086032046910632,13.274190476190467,14.715810101584344,8.88178419700125e-16,2.4868995751603507e-14,0,1.0257455433823586,147.22497889235547,4.1000000000000005,2.3915872720392084,60.44952175542441,1.2404761904761905,215.40656411029528
F3_seed10_life7_m1_raw_age_aware_censoring_aware,F3,10,7,1.0,raw,age_aware,censoring_aware,lightgbm_raw,7,30,36.39977777777778,147.68,143.2611042089336,4.418895791066401,1.2404761904761905,145.82344408724788,174.2903934687189,0.9700778995729524,0.0083997575194758,0.0068074539445637,0.0086588484524527,37.876415559550416,37.72164146561585,24.98114151209662,25.490960726629204,0,208,0.0571428571428571,7.2296555570486865,13.274190476190467,95.96782494151319,8.88178419700125e-16,1.4210854715202004e-14,0,0.979820820229904,174.2903934687189,4.16,3.977023633752793,22.094478955332008,1.2404761904761905,205.76237224827983
F3_seed10_life7_m1_selected_recovery_order_up_to_censoring_aware,F3,10,7,1.0,selected_recovery,order_up_to,censoring_aware,lightgbm_gbm_recovered,7,30,36.39977777777778,147.68,136.20705353688322,11.472946463116784,1.2404761904761905,122.64490707312288,148.10618273189624,0.9223121176657856,0.0083997575194758,0.0077995450878418,0.009107283053739,23.351934113166003,21.59715512354124,22.499152004135432,22.95831837156677,0,205,0.1428571428571428,1.3573178202934233,13.274190476190467,18.01729528330257,8.88178419700125e-16,1.0658141036401504e-14,0,1.0155397348563753,148.10618273189624,4.1000000000000005,2.4519530818824307,57.36473231558392,1.2404761904761905,213.2633443198388
F3_seed10_life7_m1_selected_recovery_age_aware_censoring_aware,F3,10,7,1.0,selected_recovery,age_aware,censoring_aware,lightgbm_gbm_recovered,7,30,36.39977777777778,147.68,143.4296853892486,4.2503146107514045,1.2404761904761905,146.2103000451888,174.00850270519675,0.9712194297755185,0.0083997575194758,0.0067930324835564,0.0086486712085417,38.99566508042971,37.93991624324183,24.31803260590397,24.81431898561629,0,206,0.0476190476190476,6.731519585771498,13.274190476190467,89.35547317573763,8.88178419700125e-16,-1.4210854715202004e-14,0,0.9748337942041672,174.00850270519675,4.120000000000001,4.094544833445119,21.251573053757028,1.2404761904761905,204.7150967828751
F3_seed11_life7_m1_raw_order_up_to_censoring_aware,F3,11,7,1.0,raw,order_up_to,censoring_aware,lightgbm_raw,7,30,36.39977777777778,147.68,137.28229662700863,10.397703372991357,1.2404761904761905,125.67792981280104,148.03469808356152,0.9295930161633844,0.0083997575194758,0.0076535891882783,0.0090359516190679,22.62610257192201,23.554934773093997,19.396074309089247,19.79191256029516,0,206,0.1666666666666666,1.003691770820925,13.274190476190467,13.323195745261868,8.88178419700125e-16,7.105427357601002e-15,0,0.9893306281383158,148.03469808356152,4.120000000000001,2.375740770051812,51.98851686495678,1.2404761904761905,207.75943190904636
F3_seed11_life7_m1_raw_age_aware_censoring_aware,F3,11,7,1.0,raw,age_aware,censoring_aware,lightgbm_raw,7,30,36.39977777777778,147.68,144.02253968647514,3.657460313524854,1.2404761904761905,149.63361783271958,173.80833745135882,0.9752338819506712,0.0083997575194758,0.0066680296105189,0.0086130698234915,38.14811630535085,40.770379733545994,20.698552869612104,21.12097231593072,0,208,0.0523809523809523,7.224697679478392,13.274190476190467,95.90201313028744,8.88178419700125e-16,4.9737991503207007e-14,0,0.959531749626291,173.80833745135882,4.16,4.005552212061841,18.28730156762427,1.2404761904761905,201.50166742152112
F3_seed11_life7_m1_selected_recovery_order_up_to_censoring_aware,F3,11,7,1.0,selected_recovery,order_up_to,censoring_aware,lightgbm_gbm_recovered,7,30,36.39977777777778,147.68,137.64636244255712,10.033637557442876,1.2404761904761905,126.26599597193982,148.51541428853136,0.932058250559027,0.0083997575194758,0.007625920080673,0.0090120521055822,23.166243751506336,23.77893511668428,19.279110030820895,19.672561255939687,0,207,0.1380952380952381,1.2324291945476182,13.274190476190467,16.359499876843085,8.88178419700125e-16,1.4210854715202004e-14,0,0.9833168279053812,148.51541428853136,4.140000000000001,2.4324555939081653,50.16818778721438,1.2404761904761905,206.49653386013009
F3_seed11_life7_m1_selected_recovery_age_aware_censoring_aware,F3,11,7,1.0,selected_recovery,age_aware,censoring_aware,lightgbm_gbm_recovered,7,30,36.39977777777778,147.68,144.22670783319586,3.45329216680414,1.2404761904761905,149.99050590991607,173.5315484940368,0.9766163856527346,0.0083997575194758,0.0066552620980751,0.0086008771129328,39.1772650621369,40.92309966402179,20.07041161424,20.480011851265303,0,206,0.0523809523809523,6.736587350087746,13.274190476190467,89.42274364455993,8.88178419700125e-16,1.4210854715202004e-14,0,0.9536766588098003,173.5315484940368,4.120000000000001,4.113612831524375,17.266460834020698,1.2404761904761905,200.2720983500581
F3_seed12_life7_m1_raw_order_up_to_censoring_aware,F3,12,7,1.0,raw,order_up_to,censoring_aware,lightgbm_raw,7,30,36.39977777777778,147.68,134.6758729323782,13.0041270676218,1.2404761904761905,121.4518614623768,146.30280048078734,0.9119438849700582,0.0083997575194758,0.0078584941939623,0.0092108271768844,22.58701403025756,21.93529011730018,21.924883008794808,22.372329600811028,0,205,0.1619047619047619,0.9917968975085392,13.274190476190467,13.165300931223106,8.88178419700125e-16,0.0,0,1.0430264213454743,146.30280048078734,4.1000000000000005,2.3716364731770434,65.020635338109,1.2404761904761905,219.0355484825496
F3_seed12_life7_m1_raw_age_aware_censoring_aware,F3,12,7,1.0,raw,age_aware,censoring_aware,lightgbm_raw,7,30,36.39977777777778,147.68,142.0178021682798,5.662197831720226,1.2404761904761905,145.06345653901175,172.67371860173614,0.9616590070983192,0.0083997575194758,0.0068359642940708,0.0087346527797009,37.58027868901037,38.20495595803355,24.1567876906897,24.64978335784664,0,209,0.0666666666666666,7.353867784066173,13.274190476190467,97.61664170241512,8.88178419700125e-16,1.4210854715202004e-14,0,1.0016719676817123,172.67371860173614,4.180000000000001,3.945929262346089,28.310989158601128,1.2404761904761905,210.3511132131596
F3_seed12_life7_m1_selected_recovery_order_up_to_censoring_aware,F3,12,7,1.0,selected_recovery,order_up_to,censoring_aware,lightgbm_gbm_recovered,7,30,36.39977777777778,147.68,135.02071747481054,12.65928252518946,1.2404761904761905,122.16647231826232,146.69464073001436,0.9142789644827364,0.0083997575194758,0.0078230783014977,0.0091873026130794,23.212474968316197,22.305056430753368,21.59427559715176,22.03497509913445,0,206,0.1333333333333333,1.1141714672698482,13.274190476190467,14.789724279676578,8.88178419700125e-16,1.0658141036401504e-14,0,1.0370897115148143,146.69464073001436,4.120000000000001,2.4373098716732,63.2964126259473,1.2404761904761905,217.78883941811105
F3_seed12_life7_m1_selected_recovery_age_aware_censoring_aware,F3,12,7,1.0,selected_recovery,age_aware,censoring_aware,lightgbm_gbm_recovered,7,30,36.39977777777778,147.68,142.2596747876828,5.420325212317204,1.2404761904761905,145.45522853787125,172.51253149150693,0.9632968227768336,0.0083997575194758,0.0068212375100802,0.0087198019560184,38.624718355085214,38.35485533749005,23.60705232380553,24.08882890184238,0,207,0.0571428571428571,6.826293316593547,13.274190476190467,90.61351773080872,8.88178419700125e-16,7.105427357601002e-15,0,0.9954772817659672,172.51253149150693,4.140000000000001,4.055595427283948,27.101626061586018,1.2404761904761905,209.0502291708531
F3_seed13_life7_m1_raw_order_up_to_censoring_aware,F3,13,7,1.0,raw,order_up_to,censoring_aware,lightgbm_raw,7,30,36.39977777777778,147.68,137.25878322694675,10.421216773053247,1.2404761904761905,125.074922075858,148.54222829877844,0.9294337975822504,0.0083997575194758,0.0076821705914337,0.0090374995414694,22.562765353505,22.975440436212832,20.49646165694487,20.914756792800887,0,206,0.1666666666666666,1.1408689049459415,13.274190476190467,15.144111152615269,8.88178419700125e-16,2.842170943040401e-14,0,0.9922756129363756,148.54222829877844,4.120000000000001,2.369090362118025,52.10608386526624,1.2404761904761905,208.3778787166389
F3_seed13_life7_m1_raw_age_aware_censoring_aware,F3,13,7,1.0,raw,age_aware,censoring_aware,lightgbm_raw,7,30,36.39977777777778,147.68,144.5933672280174,3.0866327719825635,1.2404761904761905,148.96760755430302,174.52263123649766,0.9790991822048848,0.0083997575194758,0.0066919873107877,0.0085790670364568,37.92846783010642,39.53354191358715,22.064571057464693,22.514868425984375,0,208,0.0523809523809523,7.195266056863484,13.274190476190467,95.51133216567379,8.88178419700125e-16,6.394884621840902e-14,0,0.9492321924240372,174.52263123649766,4.16,3.9824891221611742,15.433163859912815,1.2404761904761905,199.3387604090478
F3_seed13_life7_m1_selected_recovery_order_up_to_censoring_aware,F3,13,7,1.0,selected_recovery,order_up_to,censoring_aware,lightgbm_gbm_recovered,7,30,36.39977777777778,147.68,137.9157419534346,9.76425804656539,1.2404761904761905,125.9840325783953,149.404081409987,0.933882326336908,0.0083997575194758,0.007639161735122,0.0089944496031136,23.036791713205453,23.22759221226227,20.43196720339196,20.84894612591016,0,207,0.1380952380952381,1.3789346835874678,13.274190476190467,18.304241644165483,8.88178419700125e-16,2.131628207280301e-14,0,0.9810700522056032,149.404081409987,4.140000000000001,2.418863129886572,48.82129023282694,1.2404761904761905,206.0247109631767
F3_seed13_life7_m1_selected_recovery_age_aware_censoring_aware,F3,13,7,1.0,selected_recovery,age_aware,censoring_aware,lightgbm_gbm_recovered,7,30,36.39977777777778,147.68,144.84638039009096,2.8336196099090456,1.2404761904761905,149.3891851298494,174.27117598730365,0.9808124349274848,0.0083997575194758,0.0066768023840735,0.0085640813884021,39.01426686952827,39.70210632706005,21.396567337708127,21.83323197725319,0,206,0.0428571428571428,6.649033974116666,13.274190476190467,88.2605434550863,8.88178419700125e-16,0.0,0,0.9423630868982166,174.27117598730365,4.120000000000001,4.096498021300468,14.168098049545227,1.2404761904761905,197.8962482486255
F3_seed14_life7_m1_raw_order_up_to_censoring_aware,F3,14,7,1.0,raw,order_up_to,censoring_aware,lightgbm_raw,7,30,36.39977777777778,147.68,137.1642820300596,10.51571796994039,1.2404761904761905,123.66666870616352,147.66374949120046,0.9287938924028954,0.0083997575194758,0.007749757789498,0.0090437260496456,22.202917809179365,21.661688263405484,21.043805795212908,21.473271219605007,0,205,0.1714285714285714,1.1838815035598704,13.274190476190467,15.715068579492486,8.88178419700125e-16,7.105427357601002e-15,0,0.9900672471492494,147.66374949120046,4.1000000000000005,2.331306369963833,52.57858984970196,1.2404761904761905,207.9141219013424
F3_seed14_life7_m1_raw_age_aware_censoring_aware,F3,14,7,1.0,raw,age_aware,censoring_aware,lightgbm_raw,7,30,36.39977777777778,147.68,143.57627334570154,4.103726654298449,1.2404761904761905,147.3937710968491,173.35284710564088,0.9722120351144468,0.0083997575194758,0.0067492912459205,0.0086398411211675,37.3339589086899,38.9767993384491,22.49201906667901,22.95103986395817,0,208,0.0523809523809523,7.289677560891947,13.274190476190467,96.76456845329126,8.88178419700125e-16,5.684341886080802e-14,0,0.9675810583477228,173.35284710564088,4.16,3.92006568541244,20.518633271492245,1.2404761904761905,203.19202225302175
F3_seed14_life7_m1_selected_recovery_order_up_to_censoring_aware,F3,14,7,1.0,selected_recovery,order_up_to,censoring_aware,lightgbm_gbm_recovered,7,30,36.39977777777778,147.68,137.867124198243,9.812875801756991,1.2404761904761905,124.88239224312554,148.40047137131495,0.9335531161852856,0.0083997575194758,0.0076913411464851,0.0089976214249052,22.816786389233847,22.174569632184102,20.550069700763107,20.9694588783297,0,206,0.1380952380952381,1.4232669050753155,13.274190476190467,18.89271599642784,8.88178419700125e-16,2.4868995751603507e-14,0,0.9772432816259315,148.40047137131495,4.120000000000001,2.3957625708695547,49.06437900878496,1.2404761904761905,205.22108914144565
F3_seed14_life7_m1_selected_recovery_age_aware_censoring_aware,F3,14,7,1.0,selected_recovery,age_aware,censoring_aware,lightgbm_gbm_recovered,7,30,36.39977777777778,147.68,143.84850308851978,3.8314969114802193,1.2404761904761905,147.9281236021639,173.14499067530227,0.974055410946098,0.0083997575194758,0.0067297255661761,0.0086234904350227,38.4935049576339,39.238922100945736,21.75396725963228,22.197925775134976,0,206,0.0476190476190476,6.752052893781974,13.274190476190467,89.62803621737497,8.88178419700125e-16,-7.105427357601002e-15,0,0.9604989021130051,173.14499067530227,4.120000000000001,4.04181802055156,19.157484557401094,1.2404761904761905,201.7047694437311
F3_seed15_life7_m1_raw_order_up_to_censoring_aware,F3,15,7,1.0,raw,order_up_to,censoring_aware,lightgbm_raw,7,30,36.39977777777778,147.68,134.67753276802677,13.002467231973222,1.2404761904761905,121.59668149691726,146.82515832358405,0.9119551243772126,0.0083997575194758,0.0078512910743112,0.009210713657881,22.2655044791592,22.07845031619205,22.29197366019512,22.746911898158288,0,206,0.1619047619047619,1.174111563677782,13.274190476190467,15.585380536556714,8.88178419700125e-16,3.552713678800501e-14,0,1.0454088030678004,146.82515832358405,4.120000000000001,2.337877970311716,65.01233615986612,1.2404761904761905,219.5358486442381
F3_seed15_life7_m1_raw_age_aware_censoring_aware,F3,15,7,1.0,raw,age_aware,censoring_aware,lightgbm_raw,7,30,36.39977777777778,147.68,139.95958926008083,7.72041073991914,1.2404761904761905,143.00184603869138,170.0955694975923,0.9477220291175572,0.0083997575194758,0.0069145204156302,0.0088631025357688,37.35392984499169,38.20155836591211,23.691812068949023,24.175318437703087,0,208,0.0666666666666666,7.780344249808169,13.274190476190467,103.27777154228689,8.88178419700125e-16,3.552713678800501e-14,0,1.0381917239113727,170.0955694975923,4.16,3.922162633724128,38.6020536995957,1.2404761904761905,218.02026202138825
F3_seed15_life7_m1_selected_recovery_order_up_to_censoring_aware,F3,15,7,1.0,selected_recovery,order_up_to,censoring_aware,lightgbm_gbm_recovered,7,30,36.39977777777778,147.68,136.10827234203975,11.571727657960253,1.2404761904761905,122.9049525951354,147.70832333948098,0.9216432309184706,0.0083997575194758,0.0077868132827718,0.0091138927056459,22.68888651928325,21.95598184039724,21.84920427755594,22.295106405669333,0,207,0.1333333333333333,1.221827595634253,13.274190476190467,16.2187722335149,8.88178419700125e-16,3.552713678800501e-15,0,1.0158560519251578,147.70832333948098,4.140000000000001,2.3823330845247415,57.85863828980126,1.2404761904761905,213.32977090428315
F3_seed15_life7_m1_selected_recovery_age_aware_censoring_aware,F3,15,7,1.0,selected_recovery,age_aware,censoring_aware,lightgbm_gbm_recovered,7,30,36.39977777777778,147.68,140.6587426569183,7.021257343081688,1.2404761904761905,143.92093764809985,170.21964362083312,0.9524562747624477,0.0083997575194758,0.0068792772230659,0.0088190479101739,38.43849891582749,38.421496578483115,22.89431310031661,23.36154397991491,0,206,0.0571428571428571,6.978307950097982,13.274190476190467,92.63138893111488,8.88178419700125e-16,4.9737991503207007e-14,0,1.0224878519660934,170.21964362083312,4.120000000000001,4.036042386161886,35.10628671540844,1.2404761904761905,214.7224489128796
F3_seed16_life7_m1_raw_order_up_to_censoring_aware,F3,16,7,1.0,raw,order_up_to,censoring_aware,lightgbm_raw,7,30,36.39977777777778,147.68,132.2301215278607,15.449878472139304,1.2404761904761905,119.40637311752374,144.34408990384938,0.8953827297390349,0.0083997575194758,0.0079616637940678,0.0093811922438173,22.444475501338765,22.335553176964638,22.05083498824864,22.50085202882514,0,204,0.1809523809523809,1.2095052495637642,13.274190476190467,16.055203064661693,8.88178419700125e-16,1.4210854715202004e-14,0,1.0917648970602984,144.34408990384938,4.08,2.3566699276405703,77.24939236069652,1.2404761904761905,229.27062838266264
F3_seed16_life7_m1_raw_age_aware_censoring_aware,F3,16,7,1.0,raw,age_aware,censoring_aware,lightgbm_raw,7,30,36.39977777777778,147.68,140.59334816142976,7.086651838570235,1.2404761904761905,144.87143490271023,171.459428693416,0.9520134626315666,0.0083997575194758,0.006843205670294,0.0088231499334653,36.972276762380645,39.43738832858203,23.158805216837457,23.631433894732105,0,208,0.0809523809523809,7.505880186629437,13.274190476190467,99.6344832887832,8.88178419700125e-16,4.2632564145606005e-14,0,1.0294059673180636,171.459428693416,4.16,3.8820890600499673,35.43325919285118,1.2404761904761905,216.17525313679332
F3_seed16_life7_m1_selected_recovery_order_up_to_censoring_aware,F3,16,7,1.0,selected_recovery,order_up_to,censoring_aware,lightgbm_gbm_recovered,7,30,36.39977777777778,147.68,132.83481828404476,14.845181715955237,1.2404761904761905,120.42659321131512,145.16257926675647,0.8994773719125457,0.0083997575194758,0.0079098698940273,0.0093384867499396,22.9537561186782,22.75107651457196,21.832734470106207,22.278300479700214,0,205,0.1571428571428571,1.438611329784877,13.274190476190467,19.09640081277012,8.88178419700125e-16,3.552713678800501e-15,0,1.0816148020450955,145.16257926675647,4.1000000000000005,2.4101443924612105,74.22590857977619,1.2404761904761905,227.13910842947007
F3_seed16_life7_m1_selected_recovery_age_aware_censoring_aware,F3,16,7,1.0,selected_recovery,age_aware,censoring_aware,lightgbm_gbm_recovered,7,30,36.39977777777778,147.68,141.23808325682097,6.441916743179006,1.2404761904761905,145.9363265074583,171.5392065693026,0.956379220319752,0.0083997575194758,0.006803239519342,0.0087828733006845,37.90110027657679,39.85754483793888,22.172095930458255,22.624587684141083,0,206,0.0714285714285714,6.882427233172624,13.274190476190467,91.35865003165395,8.88178419700125e-16,4.2632564145606005e-14,0,1.0147089619272114,171.5392065693026,4.120000000000001,3.9796155290405624,32.20958371589504,1.2404761904761905,213.0888820047144
F3_seed17_life7_m1_raw_order_up_to_censoring_aware,F3,17,7,1.0,raw,order_up_to,censoring_aware,lightgbm_raw,7,30,36.39977777777778,147.68,135.0728666807794,12.607133319220594,1.2404761904761905,124.69459454138983,145.2457726810286,0.9146320874917347,0.0083997575194758,0.0077003074199172,0.0091837555606769,23.01744285871153,24.781029447912,17.6462626860182,18.00639049593694,0,206,0.1666666666666666,1.3944847140416252,13.274190476190467,18.510655710324528,8.88178419700125e-16,0.0,0,1.0288511760370118,145.2457726810286,4.120000000000001,2.4168315001647107,63.03566659610297,1.2404761904761905,216.0587469677725
F3_seed17_life7_m1_raw_age_aware_censoring_aware,F3,17,7,1.0,raw,age_aware,censoring_aware,lightgbm_raw,7,30,36.39977777777778,147.68,141.28177113756118,6.398228862438816,1.2404761904761905,147.46698270958225,171.0180879680363,0.9566750483312648,0.0083997575194758,0.0067466038297959,0.0087801574151302,37.86803183374128,41.344513159322624,20.130743499093363,20.54157499907486,0,208,0.0714285714285714,7.525862068565787,13.274190476190467,99.89972659567908,8.88178419700125e-16,2.131628207280301e-14,0,1.0113611991107114,171.0180879680363,4.16,3.9761433425428327,31.99114431219408,1.2404761904761905,212.38585181324936
F3_seed17_life7_m1_selected_recovery_order_up_to_censoring_aware,F3,17,7,1.0,selected_recovery,order_up_to,censoring_aware,lightgbm_gbm_recovered,7,30,36.39977777777778,147.68,135.9547254797168,11.725274520283188,1.2404761904761905,125.84077021324866,146.21191578209158,0.9206035040609208,0.0083997575194758,0.0076459073014521,0.0091241859089425,23.50251928807881,25.045346320833435,17.44690725320107,17.80296658489905,0,207,0.1380952380952381,1.5722183036220712,13.274190476190467,20.869925232432436,8.88178419700125e-16,-7.105427357601002e-15,0,1.0127929957106283,146.21191578209158,4.140000000000001,2.4677645252482754,58.62637260141593,1.2404761904761905,212.686529099232
F3_seed17_life7_m1_selected_recovery_age_aware_censoring_aware,F3,17,7,1.0,selected_recovery,age_aware,censoring_aware,lightgbm_gbm_recovered,7,30,36.39977777777778,147.68,141.82253910441187,5.857460895588121,1.2404761904761905,148.1183461012587,171.08338959806963,0.9603368032530598,0.0083997575194758,0.0067227877912383,0.0087466787600166,38.951752470043445,41.45510858414842,19.54337570484949,19.942220106989268,0,206,0.0619047619047619,6.941143762085249,13.274190476190467,92.1380644205409,8.88178419700125e-16,1.4210854715202004e-14,0,0.9991481155992425,171.08338959806963,4.120000000000001,4.089934009354561,29.287304477940594,1.2404761904761905,209.82110427584092
F3_seed18_life7_m1_raw_order_up_to_censoring_aware,F3,18,7,1.0,raw,order_up_to,censoring_aware,lightgbm_raw,7,30,36.39977777777778,147.68,135.723922497689,11.956077502311013,1.2404761904761905,124.87303760726525,146.62262849415072,0.919040645298544,0.0083997575194758,0.0076917872830242,0.0091397018863591,22.304253243950157,24.308416696877828,18.81713831700248,19.201161547961707,0,204,0.1571428571428571,1.1112295787479312,13.274190476190467,14.750673091076932,8.88178419700125e-16,2.4868995751603507e-14,0,1.0193592323180798,146.62262849415072,4.08,2.3419465906147665,59.780387511555055,1.2404761904761905,214.06543878679676
F3_seed18_life7_m1_raw_age_aware_censoring_aware,F3,18,7,1.0,raw,age_aware,censoring_aware,lightgbm_raw,7,30,36.39977777777778,147.68,142.16845583067732,5.511544169322697,1.2404761904761905,147.16619337168618,172.26646585087866,0.96267914294879,0.0083997575194758,0.0067576587463815,0.0087253968064026,37.630609745245984,40.15703912831045,21.65494316217492,22.096880777729517,0,208,0.0714285714285714,7.382632728754003,13.274190476190467,97.99847305723848,8.88178419700125e-16,7.105427357601002e-15,0,0.9960756043391388,172.26646585087866,4.16,3.951214023250828,27.55772084661348,1.2404761904761905,209.17587691121915
F3_seed18_life7_m1_selected_recovery_order_up_to_censoring_aware,F3,18,7,1.0,selected_recovery,order_up_to,censoring_aware,lightgbm_gbm_recovered,7,30,36.39977777777778,147.68,136.5275780567303,11.152421943269694,1.2404761904761905,126.1057951300631,147.47766721321912,0.9244825166354976,0.0083997575194758,0.0076334378463419,0.0090859019703751,22.780622945634608,24.737518660634382,18.42231873889164,18.798284427440446,0,205,0.1380952380952381,1.3428761457352796,13.274190476190467,17.825593744422612,8.88178419700125e-16,-7.105427357601002e-15,0,1.004629612044455,147.47766721321912,4.1000000000000005,2.391965409291634,55.76210971634847,1.2404761904761905,210.97221852933544
F3_seed18_life7_m1_selected_recovery_age_aware_censoring_aware,F3,18,7,1.0,selected_recovery,age_aware,censoring_aware,lightgbm_gbm_recovered,7,30,36.39977777777778,147.68,142.71791401266773,4.9620859873322924,1.2404761904761905,147.83067120425554,172.34472087620813,0.9663997427726686,0.0083997575194758,0.0067332853897412,0.0086918043824973,38.68327054346854,40.27205877888943,21.067155254428418,21.497097198396343,0,206,0.0571428571428571,6.870373503435577,13.274190476190467,91.19864652717587,8.88178419700125e-16,0.0,0,0.9837017638590952,172.34472087620813,4.120000000000001,4.0617434070641965,24.810429936661464,1.2404761904761905,206.57737041041
F3_seed19_life7_m1_raw_order_up_to_censoring_aware,F3,19,7,1.0,raw,order_up_to,censoring_aware,lightgbm_raw,7,30,36.39977777777778,147.68,138.10762836597684,9.572371634023172,1.2404761904761905,125.96750416433528,148.44688483851957,0.9351816655334292,0.0083997575194758,0.0076399393747223,0.0089819527360864,22.030432619694736,23.01917738566004,19.51044297741387,19.908615283075378,0,206,0.1761904761904762,0.952117040076473,13.274190476190467,12.638582945601778,8.88178419700125e-16,0.0,0,0.9713448315437122,148.44688483851957,4.120000000000001,2.3131954250679474,47.861858170115866,1.2404761904761905,203.9824146241796
F3_seed19_life7_m1_raw_age_aware_censoring_aware,F3,19,7,1.0,raw,age_aware,censoring_aware,lightgbm_raw,7,30,36.39977777777778,147.68,144.36112564143764,3.318874358562338,1.2404761904761905,149.6428420616988,174.1534703216071,0.9775265820790738,0.0083997575194758,0.0066676990011563,0.008592868647736,37.74999302540152,40.44101800756269,21.02755885347619,21.456692707628765,0,208,0.0523809523809523,7.24884704598661,13.274190476190467,96.22257642119688,8.88178419700125e-16,5.684341886080802e-14,0,0.952914607488391,174.1534703216071,4.16,3.96374926766716,16.594371792811693,1.2404761904761905,200.11206757256213
F3_seed19_life7_m1_selected_recovery_order_up_to_censoring_aware,F3,19,7,1.0,selected_recovery,order_up_to,censoring_aware,lightgbm_gbm_recovered,7,30,36.39977777777778,147.68,138.93681575507784,8.743184244922157,1.2404761904761905,127.19270464378798,149.37868719897818,0.9407964230435932,0.0083997575194758,0.0075827212358057,0.008928347635827,22.4830610166361,23.41519047601171,19.19840881121064,19.590213072663914,0,207,0.1380952380952381,1.110054797971104,13.274190476190467,14.735078827277563,8.88178419700125e-16,1.7763568394002505e-14,0,0.9563609810514851,149.37868719897818,4.140000000000001,2.3607214067467894,43.71592122461078,1.2404761904761905,200.83580602081196
F3_seed19_life7_m1_selected_recovery_age_aware_censoring_aware,F3,19,7,1.0,selected_recovery,age_aware,censoring_aware,lightgbm_gbm_recovered,7,30,36.39977777777778,147.68,144.59063236029294,3.089367639707041,1.2404761904761905,150.02860697232205,173.90201498800366,0.979080663328094,0.0083997575194758,0.0066539019374061,0.0085792293057074,38.8308457867463,40.59727619933068,20.39536771592154,20.811599710124025,0,206,0.0428571428571428,6.686190954792008,13.274190476190467,88.75377229409092,8.88178419700125e-16,2.842170943040401e-14,0,0.946602705641064,173.90201498800366,4.120000000000001,4.077238807608361,15.446838198535206,1.2404761904761905,198.78656818462343
F3_seed20_life7_m1_raw_order_up_to_censoring_aware,F3,20,7,1.0,raw,order_up_to,censoring_aware,lightgbm_raw,7,30,36.39977777777778,147.68,135.47555311437324,12.20444688562674,1.2404761904761905,122.34532695672328,146.93948968075253,0.917358837448356,0.0083997575194758,0.007814264210231,0.0091564578402491,22.532630850007514,22.02907542965161,21.65537293041421,22.097319316749196,0,205,0.1571428571428571,1.148504379633973,13.274190476190467,15.245465898000326,8.88178419700125e-16,3.197442310920451e-14,0,1.0269910787553007,146.93948968075253,4.1000000000000005,2.365926239250789,61.022234428133714,1.2404761904761905,215.6681265386132
F3_seed20_life7_m1_raw_age_aware_censoring_aware,F3,20,7,1.0,raw,age_aware,censoring_aware,lightgbm_raw,7,30,36.39977777777778,147.68,142.93321737495393,4.746782625046052,1.2404761904761905,145.9565952237466,173.05004567225015,0.967857647446871,0.0083997575194758,0.0068024833465283,0.0086787117316618,37.42340836261139,38.18267943609423,23.63244953505857,24.11474442352915,0,208,0.0714285714285714,7.381873327296506,13.274190476190467,97.98839261764371,8.88178419700125e-16,4.2632564145606005e-14,0,0.98149472793348,173.05004567225015,4.16,3.929457878074196,23.733913125230263,1.2404761904761905,206.1138928660308
F3_seed20_life7_m1_selected_recovery_order_up_to_censoring_aware,F3,20,7,1.0,selected_recovery,order_up_to,censoring_aware,lightgbm_gbm_recovered,7,30,36.39977777777778,147.68,136.34684508299523,11.333154917004784,1.2404761904761905,123.68710902032312,147.8111510391255,0.9232587018079308,0.0083997575194758,0.0077487682800694,0.0090979456819928,23.150296342095405,22.49956552462949,21.16781899801986,21.599815304101895,0,206,0.1380952380952381,1.2947114371583934,13.274190476190467,17.18624622854282,8.88178419700125e-16,-1.7763568394002505e-14,0,1.0108008710978362,147.8111510391255,4.120000000000001,2.4307811159200177,56.66577458502391,1.2404761904761905,212.2681829305456
F3_seed20_life7_m1_selected_recovery_age_aware_censoring_aware,F3,20,7,1.0,selected_recovery,age_aware,censoring_aware,lightgbm_gbm_recovered,7,30,36.39977777777778,147.68,143.111345738423,4.568654261576988,1.2404761904761905,146.82709066040448,172.7547220983639,0.9690638254226908,0.0083997575194758,0.0067701653204573,0.0086679094803812,38.64760900789613,38.87504650928304,22.472536995992176,22.931160199992014,0,206,0.0571428571428571,6.7804165387150634,13.274190476190467,90.00454064281583,8.88178419700125e-16,2.842170943040401e-14,0,0.9762688978216864,172.7547220983639,4.120000000000001,4.057998945829094,22.84327130788494,1.2404761904761905,205.01646854255415
F3_seed21_life7_m1_raw_order_up_to_censoring_aware,F3,21,7,1.0,raw,order_up_to,censoring_aware,lightgbm_raw,7,30,36.39977777777778,147.68,134.0600513871877,13.619948612812284,1.2404761904761905,121.87446661693508,145.26786768573007,0.9077739124267856,0.0083997575194758,0.0078375113728714,0.0092531382588649,22.669915636075903,22.97371681704893,20.488043715080384,20.90616705620448,0,203,0.1809523809523809,1.2916265915765577,13.274190476190467,17.1452974006999,8.88178419700125e-16,2.842170943040401e-14,0,1.052611562295503,145.26786768573007,4.0600000000000005,2.3803411417879703,68.09974306406143,1.2404761904761905,221.04842808205564
F3_seed21_life7_m1_raw_age_aware_censoring_aware,F3,21,7,1.0,raw,age_aware,censoring_aware,lightgbm_raw,7,30,36.39977777777778,147.68,141.548985193255,6.1310148067450045,1.2404761904761905,145.33847698180796,171.86743233929528,0.9584844609510764,0.0083997575194758,0.0068256195819485,0.0087635823653739,37.87858973957261,38.94879337585456,23.091606710701416,23.562863990511648,0,208,0.0714285714285714,7.423458309789707,13.274190476190467,98.54039959620752,8.88178419700125e-16,0.0,0,1.0090487356483413,171.86743233929528,4.16,3.9772519226551246,30.655074033725025,1.2404761904761905,211.90023448615165
F3_seed21_life7_m1_selected_recovery_order_up_to_censoring_aware,F3,21,7,1.0,selected_recovery,order_up_to,censoring_aware,lightgbm_gbm_recovered,7,30,36.39977777777778,147.68,134.6266219682609,13.053378031739063,1.2404761904761905,122.74965252524755,145.88750706043683,0.9116103871090256,0.0083997575194758,0.0077944117557586,0.0092141968084784,23.14140215341084,23.282332144288215,20.220104393980524,20.63275958569441,0,204,0.1571428571428571,1.6382462825874835,13.274190476190467,21.746393201977217,8.88178419700125e-16,1.0658141036401504e-14,0,1.04240343159865,145.88750706043683,4.08,2.4298472261081385,65.26689015869529,1.2404761904761905,218.9047206357165
F3_seed21_life7_m1_selected_recovery_age_aware_censoring_aware,F3,21,7,1.0,selected_recovery,age_aware,censoring_aware,lightgbm_gbm_recovered,7,30,36.39977777777778,147.68,141.90489979161873,5.775100208381284,1.2404761904761905,146.1886632213167,171.71100394204092,0.9608945002141028,0.0083997575194758,0.0067938374613886,0.0087416022441633,38.9618154360839,39.44306501699956,22.088120641883418,22.53889861416675,0,206,0.0619047619047619,6.9527113092538695,13.274190476190467,92.29161424499951,8.88178419700125e-16,-7.105427357601002e-15,0,1.0001808180724396,171.71100394204092,4.120000000000001,4.090990620788809,28.87550104190642,1.2404761904761905,210.03797179521237
F3_seed22_life7_m1_raw_order_up_to_censoring_aware,F3,22,7,1.0,raw,order_up_to,censoring_aware,lightgbm_raw,7,30,36.39977777777778,147.68,133.077740418251,14.602259581749014,1.2404761904761905,120.72564502848591,145.06253689832647,0.9011222942730972,0.0083997575194758,0.0078948152903664,0.009321440133996,22.542248137323472,22.807206197536512,21.435641131874032,21.873103195789827,0,205,0.2,1.1568991967858706,13.274190476190467,15.356900299887409,8.88178419700125e-16,0.0,0,1.0751487954855556,145.06253689832647,4.1000000000000005,2.3669360544189644,73.01129790874505,1.2404761904761905,225.7812470519667
F3_seed22_life7_m1_raw_age_aware_censoring_aware,F3,22,7,1.0,raw,age_aware,censoring_aware,lightgbm_raw,7,30,36.39977777777778,147.68,140.79483757113485,6.885162428865142,1.2404761904761905,143.3223132801094,171.24317413029445,0.9533778275401872,0.0083997575194758,0.0069021909503414,0.0088105232540891,36.93283815948859,37.68677729627612,24.49599736757916,24.99591568120323,0,208,0.0857142857142857,7.460412202996314,13.274190476190467,99.03093261346883,8.88178419700125e-16,2.842170943040401e-14,0,1.023559097484965,171.24317413029445,4.16,3.8779480067463017,34.425812144325704,1.2404761904761905,214.94741047184263
F3_seed22_life7_m1_selected_recovery_order_up_to_censoring_aware,F3,22,7,1.0,selected_recovery,order_up_to,censoring_aware,lightgbm_gbm_recovered,7,30,36.39977777777778,147.68,133.74937582109897,13.930624178901036,1.2404761904761905,121.7048315768006,145.86003951231152,0.9056702046390774,0.0083997575194758,0.0078459204670889,0.0092746316224715,23.128538928535384,23.11475734300322,21.23800714526471,21.67143586251501,0,206,0.1809523809523809,1.2365356123913762,13.274190476190467,16.414009249475956,8.88178419700125e-16,-3.552713678800501e-15,0,1.0633434913561388,145.86003951231152,4.120000000000001,2.4284965874962148,69.65312089450518,1.2404761904761905,223.30213318478917
F3_seed22_life7_m1_selected_recovery_age_aware_censoring_aware,F3,22,7,1.0,selected_recovery,age_aware,censoring_aware,lightgbm_gbm_recovered,7,30,36.39977777777778,147.68,141.10032675100177,6.57967324899824,1.2404761904761905,143.9188644959977,171.0469857963748,0.9554464162445948,0.0083997575194758,0.00687935631521,0.0087914480358734,38.09056955433848,37.97783933229751,23.707181584449614,24.191001616785325,0,206,0.0714285714285714,6.905073075935273,13.274190476190467,91.65925526197921,8.88178419700125e-16,1.4210854715202004e-14,0,1.0157397049287993,171.0469857963748,4.120000000000001,3.99950980320554,32.8983662449912,1.2404761904761905,213.30533803504775
F3_seed23_life7_m1_raw_order_up_to_censoring_aware,F3,23,7,1.0,raw,order_up_to,censoring_aware,lightgbm_raw,7,30,36.39977777777778,147.68,134.83968637199865,12.840313628001352,1.2404761904761905,122.77142083907556,146.4585729008559,0.9130531309046496,0.0083997575194758,0.0077933457890342,0.009199637168051,21.911829000695462,23.09103605437848,20.75798060376324,21.181612860982895,0,205,0.1761904761904762,1.204411909323884,13.274190476190467,15.987593096157475,8.88178419700125e-16,7.105427357601002e-15,0,1.039530282268628,146.4585729008559,4.1000000000000005,2.300742045073024,64.20156814000677,1.2404761904761905,218.30135927641192
F3_seed23_life7_m1_raw_age_aware_censoring_aware,F3,23,7,1.0,raw,age_aware,censoring_aware,lightgbm_raw,7,30,36.39977777777778,147.68,142.22167627588888,5.458323724111107,1.2404761904761905,145.87888758124095,172.67779914371732,0.9630395197446427,0.0083997575194758,0.0068053833290524,0.0087221316958031,37.098420773844765,38.81651289265366,23.345355579602,23.821791407757143,0,208,0.0666666666666666,7.364600550262303,13.274190476190467,97.7591104852389,8.88178419700125e-16,2.842170943040401e-14,0,0.9965010863619178,172.67779914371732,4.16,3.895334181253701,27.291618620555536,1.2404761904761905,209.26522813600275
F3_seed23_life7_m1_selected_recovery_order_up_to_censoring_aware,F3,23,7,1.0,selected_recovery,order_up_to,censoring_aware,lightgbm_gbm_recovered,7,30,36.39977777777778,147.68,135.42481775074032,12.25518224925969,1.2404761904761905,123.2343392037729,147.07172683468684,0.9170152881279816,0.0083997575194758,0.0077707460906966,0.0091598882027619,22.354562797316976,22.968823040334165,20.89595309422021,21.32240111655124,0,206,0.1571428571428571,1.5038738977301267,13.274190476190467,19.96270857064069,8.88178419700125e-16,3.552713678800501e-15,0,1.0288349684056182,147.07172683468684,4.120000000000001,2.3472290937182825,61.27591124629846,1.2404761904761905,216.05534336517977
F3_seed23_life7_m1_selected_recovery_age_aware_censoring_aware,F3,23,7,1.0,selected_recovery,age_aware,censoring_aware,lightgbm_gbm_recovered,7,30,36.39977777777778,147.68,142.7722166634432,4.907783336556792,1.2404761904761905,146.30344198319003,172.70514870624513,0.9667674476126976,0.0083997575194758,0.0067895694016729,0.0086884985010799,38.09984357817332,38.69052690704845,22.947603748930135,23.415922192785853,0,206,0.0619047619047619,6.879295378166075,13.274190476190467,91.31707719175321,8.88178419700125e-16,7.105427357601002e-15,0,0.983833453120064,172.70514870624513,4.120000000000001,4.000483575708199,24.538916682783963,1.2404761904761905,206.60502515521347
F3_seed24_life7_m1_raw_order_up_to_censoring_aware,F3,24,7,1.0,raw,order_up_to,censoring_aware,lightgbm_raw,7,30,36.39977777777778,147.68,132.38685541035505,15.293144589644951,1.2404761904761905,119.30942161923848,143.62606991631625,0.896444037177377,0.0083997575194758,0.0079666210813486,0.009370085773479,22.543225639648007,22.081867796185016,21.444126898751453,21.881762141583117,0,205,0.1714285714285714,1.2880974307621376,13.274190476190467,17.09845064782818,8.88178419700125e-16,-1.0658141036401504e-14,0,1.084758608319906,143.62606991631625,4.1000000000000005,2.3670386921630406,76.46572294822477,1.2404761904761905,227.79930774718028
F3_seed24_life7_m1_raw_age_aware_censoring_aware,F3,24,7,1.0,raw,age_aware,censoring_aware,lightgbm_raw,7,30,36.39977777777778,147.68,141.06392913210843,6.616070867891564,1.2404761904761905,143.82312764144896,171.32639313625685,0.9551999534947752,0.0083997575194758,0.0068830107226972,0.0087937164242353,36.45762905435423,37.918500096642106,24.076737632082736,24.568099624574224,0,208,0.0809523809523809,7.528252817303235,13.274190476190467,99.93146184980067,8.88178419700125e-16,2.842170943040401e-14,0,1.0173108319852286,171.32639313625685,4.16,3.8280510507071934,33.08035433945781,1.2404761904761905,213.63527471689804
F3_seed24_life7_m1_selected_recovery_order_up_to_censoring_aware,F3,24,7,1.0,selected_recovery,order_up_to,censoring_aware,lightgbm_gbm_recovered,7,30,36.39977777777778,147.68,133.02971261209927,14.650287387900732,1.2404761904761905,120.25552779628444,144.35995169076244,0.9007970789009973,0.0083997575194758,0.0079185073619465,0.0093248054597643,23.127735640352302,22.385116771486764,21.217224860662764,21.650229449655885,0,206,0.1619047619047619,1.3679356391552904,13.274190476190467,18.15823823331668,8.88178419700125e-16,-3.197442310920451e-14,0,1.0733346526808538,144.35995169076244,4.120000000000001,2.428412242236992,73.25143693950366,1.2404761904761905,225.40027706297928
F3_seed24_life7_m1_selected_recovery_age_aware_censoring_aware,F3,24,7,1.0,selected_recovery,age_aware,censoring_aware,lightgbm_gbm_recovered,7,30,36.39977777777778,147.68,141.18540423610293,6.49459576389705,1.2404761904761905,143.8162993863288,170.88605479094088,0.956022509724424,0.0083997575194758,0.0068832715149303,0.0087861503615611,37.5526347086648,37.79019673752744,23.652034308793212,24.13472888652369,0,205,0.0666666666666666,6.865719867582532,13.274190476190467,91.13687327845571,8.88178419700125e-16,4.2632564145606005e-14,0,1.0125835068824385,170.88605479094088,4.1000000000000005,3.943026644409804,32.47297881948525,1.2404761904761905,212.6425364453121
F3_seed25_life7_m1_raw_order_up_to_censoring_aware,F3,25,7,1.0,raw,order_up_to,censoring_aware,lightgbm_raw,7,30,36.39977777777778,147.68,133.6973983013368,13.98260169866321,1.2404761904761905,119.935106858094,145.07870014603682,0.90531824418565,0.0083997575194758,0.0079347369805878,0.0092782373197742,21.980207292572267,21.397010144058772,22.24201928502209,22.69593804594092,0,204,0.1714285714285714,1.0741658919346793,13.274190476190467,14.25868265256796,8.88178419700125e-16,3.197442310920451e-14,0,1.0600957456930913,145.07870014603682,4.08,2.307921765720088,69.91300849331606,1.2404761904761905,222.6201065955492
F3_seed25_life7_m1_raw_age_aware_censoring_aware,F3,25,7,1.0,raw,age_aware,censoring_aware,lightgbm_raw,7,30,36.39977777777778,147.68,141.02326721600724,6.656732783992739,1.2404761904761905,142.89006489854023,171.24976636937586,0.9549246154930068,0.0083997575194758,0.0069188313847521,0.0087962519587362,37.25213009542853,37.02609926983455,24.93470614344815,25.44357769739607,0,208,0.0761904761904761,7.545284907924515,13.274190476190467,100.1575490649153,8.88178419700125e-16,4.2632564145606005e-14,0,1.0183113339992178,171.24976636937586,4.16,3.911473660019995,33.28366391996369,1.2404761904761905,213.84538013983573
F3_seed25_life7_m1_selected_recovery_order_up_to_censoring_aware,F3,25,7,1.0,selected_recovery,order_up_to,censoring_aware,lightgbm_gbm_recovered,7,30,36.39977777777778,147.68,134.6754372375956,13.004562762404412,1.2404761904761905,121.0969968550278,146.14739161578785,0.9119409347074456,0.0083997575194758,0.0078762005975569,0.0092108569752606,22.39777623895132,21.58086120473381,22.12744692844429,22.57902747800437,0,205,0.1571428571428571,1.1580973164958714,13.274190476190467,15.372804369131236,8.88178419700125e-16,3.552713678800501e-15,0,1.0422021339208385,146.14739161578785,4.1000000000000005,2.351766505089889,65.02281381202208,1.2404761904761905,218.86244812337603
F3_seed25_life7_m1_selected_recovery_age_aware_censoring_aware,F3,25,7,1.0,selected_recovery,age_aware,censoring_aware,lightgbm_gbm_recovered,7,30,36.39977777777778,147.68,141.8898131146737,5.790186885326285,1.2404761904761905,143.9163540976038,171.55603254168722,0.9607923423257968,0.0083997575194758,0.006879452091028,0.008742531709966,38.219940980386376,37.18584257023167,24.20855779324967,24.70260999311191,0,206,0.0666666666666666,6.9169378482263895,13.274190476190467,91.81675050932813,8.88178419700125e-16,2.842170943040401e-14,0,0.999431128389216,171.55603254168722,4.120000000000001,4.01309380294057,28.95093442663143,1.2404761904761905,209.88053696173537
F3_seed26_life7_m1_raw_order_up_to_censoring_aware,F3,26,7,1.0,raw,order_up_to,censoring_aware,lightgbm_raw,7,30,36.39977777777778,147.68,136.39887007177117,11.281129928228834,1.2404761904761905,123.55143036847204,146.46331716219967,0.923610983692925,0.0083997575194758,0.0077553411746785,0.0090944755614432,21.84357144234075,22.31186188400248,19.982620450483605,20.390429031105725,0,206,0.1571428571428571,1.1036719883840014,13.274190476190467,14.650352197045107,8.88178419700125e-16,-1.7763568394002505e-14,0,1.0024905618822182,146.46331716219967,4.120000000000001,2.2935750014457783,56.405649641144166,1.2404761904761905,210.52301799526583
F3_seed26_life7_m1_raw_age_aware_censoring_aware,F3,26,7,1.0,raw,age_aware,censoring_aware,lightgbm_raw,7,30,36.39977777777778,147.68,143.09374915583513,4.586250844164875,1.2404761904761905,146.68672666101173,172.87382520874507,0.9689446719652974,0.0083997575194758,0.0067753556947225,0.0086689753940632,36.77262776418216,38.752279092478176,22.729622043558468,23.193491881182112,0,208,0.0523809523809523,7.318686654560299,13.274190476190467,97.1496406881866,8.88178419700125e-16,2.842170943040401e-14,0,0.9765080073108798,172.87382520874507,4.16,3.861125915239125,22.931254220824375,1.2404761904761905,205.0666815352848
F3_seed26_life7_m1_selected_recovery_order_up_to_censoring_aware,F3,26,7,1.0,selected_recovery,order_up_to,censoring_aware,lightgbm_gbm_recovered,7,30,36.39977777777778,147.68,136.98138323380985,10.698616766190144,1.2404761904761905,124.61159202664018,147.31608455283373,0.9275554119299148,0.0083997575194758,0.0077042769835633,0.0090558013154156,22.446910698002203,22.789510380131915,19.758170835136863,20.161398811364144,0,207,0.1333333333333333,1.359215879290533,13.274190476190467,18.042490479965245,8.88178419700125e-16,1.0658141036401504e-14,0,0.9930789057026232,147.31608455283373,4.140000000000001,2.3569256232902305,53.49308383095073,1.2404761904761905,208.5465701975509
F3_seed26_life7_m1_selected_recovery_age_aware_censoring_aware,F3,26,7,1.0,selected_recovery,age_aware,censoring_aware,lightgbm_gbm_recovered,7,30,36.39977777777778,147.68,143.34638235819867,4.333617641801343,1.2404761904761905,147.1483200110417,172.64548094815007,0.9706553518296224,0.0083997575194758,0.0067583167868261,0.0086536972197627,37.83791176963613,38.96123924014465,22.044251318145346,22.494133998107497,0,206,0.0428571428571428,6.855137831414417,13.274190476190467,90.99640531473426,8.88178419700125e-16,-1.4210854715202004e-14,0,0.9697477432544988,172.64548094815007,4.120000000000001,3.972980735811793,21.668088209006715,1.2404761904761905,203.6470260834448
F3_seed27_life7_m1_raw_order_up_to_censoring_aware,F3,27,7,1.0,raw,order_up_to,censoring_aware,lightgbm_raw,7,30,36.39977777777778,147.68,137.5175970532604,10.162402946739595,1.2404761904761905,122.41461053748252,148.00267954981595,0.9311863289088596,0.0083997575194758,0.0078108551979165,0.0090204905921658,21.56653090691555,20.05631507152369,22.62801542133712,23.089811654425635,0,206,0.1809523809523809,1.0683262326831255,13.274190476190467,14.181165903346788,4.440892098500625e-16,0.0,0,0.983045981996268,148.00267954981595,4.120000000000001,2.2644857452261324,50.81201473369799,1.2404761904761905,206.43965621921623
F3_seed27_life7_m1_raw_age_aware_censoring_aware,F3,27,7,1.0,raw,age_aware,censoring_aware,lightgbm_raw,7,30,36.39977777777778,147.68,144.9435700858821,2.7364299141178927,1.2404761904761905,147.26764067223448,174.74780131175004,0.9814705450019102,0.0083997575194758,0.0067539262050106,0.0085583388745094,36.30470547180642,37.48337217365394,23.98520461328056,24.474698584980167,0,209,0.0523809523809523,7.155392220183417,13.274190476190467,94.98203926256609,8.88178419700125e-16,3.552713678800501e-14,0,0.941249624511216,174.74780131175004,4.180000000000001,3.8119940745396743,13.682149570589466,1.2404761904761905,197.66242114735536
F3_seed27_life7_m1_selected_recovery_order_up_to_censoring_aware,F3,27,7,1.0,selected_recovery,order_up_to,censoring_aware,lightgbm_gbm_recovered,7,30,36.39977777777778,147.68,138.307865445646,9.372134554353984,1.2404761904761905,123.76480681527345,148.91012771517975,0.9365375504174296,0.0083997575194758,0.0077450092579955,0.0089689489927359,22.120618074816356,20.616242956929003,22.167118345602717,22.619508515921137,0,207,0.1523809523809523,1.24521533634737,13.274190476190467,16.52922555854857,8.88178419700125e-16,2.131628207280301e-14,0,0.9689235313108648,148.91012771517975,4.140000000000001,2.322664897855717,46.860672771769934,1.2404761904761905,203.4739415752816
F3_seed27_life7_m1_selected_recovery_age_aware_censoring_aware,F3,27,7,1.0,selected_recovery,age_aware,censoring_aware,lightgbm_gbm_recovered,7,30,36.39977777777778,147.68,145.1730768047374,2.5069231952625963,1.2404761904761905,148.23605442970882,174.49634598325073,0.9830246262509303,0.0083997575194758,0.0067185019053191,0.0085448088432035,37.38362758609115,38.22227921227299,22.770364633876877,23.235065952935585,0,207,0.0428571428571428,6.631360323912554,13.274190476190467,88.02594005586737,8.88178419700125e-16,2.131628207280301e-14,0,0.934936757364664,174.49634598325073,4.140000000000001,3.9252808965395705,12.53461597631298,1.2404761904761905,196.33671904657945
F3_seed28_life7_m1_raw_order_up_to_censoring_aware,F3,28,7,1.0,raw,order_up_to,censoring_aware,lightgbm_raw,7,30,36.39977777777778,147.68,133.7995076028085,13.880492397191505,1.2404761904761905,121.42424471002695,144.90998553391367,0.9060096668662546,0.0083997575194758,0.007859869308375,0.0092711566185924,21.941034719177622,22.784038694520063,20.587541113208424,21.007695013477985,0,206,0.1714285714285714,1.392200388819504,13.274190476190467,18.48033314221653,8.88178419700125e-16,-3.552713678800501e-15,0,1.0570320588374331,144.90998553391367,4.120000000000001,2.3038086455136497,69.40246198595753,1.2404761904761905,221.976732355861
F3_seed28_life7_m1_raw_age_aware_censoring_aware,F3,28,7,1.0,raw,age_aware,censoring_aware,lightgbm_raw,7,30,36.39977777777778,147.68,140.20340490944773,7.476595090552264,1.2404761904761905,143.50033666921922,170.4309946142043,0.9493730018245377,0.0083997575194758,0.0068953607633288,0.0088476894785641,36.825424520230094,38.456233347073066,23.522038052701006,24.002079645613275,0,208,0.0857142857142857,7.5747751300165636,13.274190476190467,100.54900789015028,8.88178419700125e-16,2.842170943040401e-14,0,1.0337195992003143,170.4309946142043,4.16,3.86666957462416,37.38297545276132,1.2404761904761905,217.081115832066
F3_seed28_life7_m1_selected_recovery_order_up_to_censoring_aware,F3,28,7,1.0,selected_recovery,order_up_to,censoring_aware,lightgbm_gbm_recovered,7,30,36.39977777777778,147.68,134.39546437301163,13.284535626988372,1.2404761904761905,122.31782225298876,145.67331076002856,0.9100451271195262,0.0083997575194758,0.0078156183702105,0.0092300450484941,22.48578174581787,23.081659467278698,20.44202229183925,20.859206420244135,0,207,0.1476190476190476,1.604430847261314,13.274190476190467,21.29752067242234,8.88178419700125e-16,1.0658141036401504e-14,0,1.046845105565512,145.67331076002856,4.140000000000001,2.3610070833108767,66.42267813494185,1.2404761904761905,219.8374721687575
F3_seed28_life7_m1_selected_recovery_age_aware_censoring_aware,F3,28,7,1.0,selected_recovery,age_aware,censoring_aware,lightgbm_gbm_recovered,7,30,36.39977777777778,147.68,140.88340335896802,6.796596641031968,1.2404761904761905,144.55646821111236,170.5301988910747,0.9539775417048214,0.0083997575194758,0.00685511673663,0.0088049845538972,37.97114768835126,38.83236643944592,22.5631267021408,23.023598675653872,0,206,0.0761904761904761,7.009612654236686,13.274190476190467,93.0469335366528,8.88178419700125e-16,1.4210854715202004e-14,0,1.0183839466380362,170.5301988910747,4.120000000000001,3.986970507276882,33.98298320515984,1.2404761904761905,213.8606287939876
F3_seed29_life7_m1_raw_order_up_to_censoring_aware,F3,29,7,1.0,raw,order_up_to,censoring_aware,lightgbm_raw,7,30,36.39977777777778,147.68,135.56136237906634,12.11863762093366,1.2404761904761905,123.2606553055316,146.70643714306664,0.9179398860987698,0.0083997575194758,0.0077694652740226,0.0091506618752287,22.18148998980067,22.85859451376686,20.5116530946737,20.930258259871128,0,206,0.1714285714285714,1.0864541424977,13.274190476190467,14.42179923116065,8.88178419700125e-16,-3.552713678800501e-15,0,1.0237578947006676,146.70643714306664,4.120000000000001,2.3290564489290704,60.5931881046683,1.2404761904761905,214.9891578871402
F3_seed29_life7_m1_raw_age_aware_censoring_aware,F3,29,7,1.0,raw,age_aware,censoring_aware,lightgbm_raw,7,30,36.39977777777778,147.68,142.18998016714545,5.490019832854564,1.2404761904761905,146.29526369019604,172.35550566010443,0.9628248927894464,0.0083997575194758,0.006789873334869,0.00872407597932,37.36140336329225,39.264585110352165,22.61313185670635,23.074624343577906,0,208,0.0714285714285714,7.375932646020448,13.274190476190467,97.909534882827,8.88178419700125e-16,2.131628207280301e-14,0,0.9958525160380912,172.35550566010443,4.16,3.922947353145685,27.45009916427282,1.2404761904761905,209.12902836799915
F3_seed29_life7_m1_selected_recovery_order_up_to_censoring_aware,F3,29,7,1.0,selected_recovery,order_up_to,censoring_aware,lightgbm_gbm_recovered,7,30,36.39977777777778,147.68,136.0810900296141,11.598909970385892,1.2404761904761905,123.99514462287304,147.33611285252485,0.9214591686729016,0.0083997575194758,0.0077338869080755,0.0091157132133953,22.76830782730672,23.073356180560488,20.394245972601347,20.81045507408301,0,207,0.1476190476190476,1.3040526494712843,13.274190476190467,17.31024326006267,8.88178419700125e-16,2.842170943040401e-14,0,1.0147705296037988,147.33611285252485,4.140000000000001,2.390672321867205,57.99454985192948,1.2404761904761905,213.10181121679773
F3_seed29_life7_m1_selected_recovery_age_aware_censoring_aware,F3,29,7,1.0,selected_recovery,age_aware,censoring_aware,lightgbm_gbm_recovered,7,30,36.39977777777778,147.68,142.66310830028405,5.016891699715932,1.2404761904761905,147.07112673227732,172.30807292792767,0.9660286315024652,0.0083997575194758,0.0067611602711001,0.0086951434414647,38.52764365346716,39.56732001929485,21.790784737091773,22.23549462968548,0,206,0.0619047619047619,6.870563294356502,13.274190476190467,91.20116584801087,8.88178419700125e-16,1.4210854715202004e-14,0,0.9847543342885599,172.30807292792767,4.120000000000001,4.045402583614051,25.084458498579657,1.2404761904761905,206.7984102005976
F3_seed00_life7_m1.25_raw_order_up_to_censoring_aware,F3,0,7,1.25,raw,order_up_to,censoring_aware,lightgbm_raw,7,30,36.39977777777778,184.6,159.55109974376427,25.04890025623574,1.1154761904761905,141.1956721358398,167.88037831177584,0.8643071492078238,0.0060426662539338,0.0062809953240286,0.0069913412835613,16.06954580007702,16.928873979377116,23.327098609700545,23.8031618466332,0,205,0.2761904761904762,0.7319109416663059,20.740922619047627,15.180508205135132,4.440892098500625e-16,1.0658141036401504e-14,0,1.428703133773518,167.88037831177584,4.1000000000000005,1.6873023090080874,125.24450128117869,1.1154761904761905,300.0276580924388
F3_seed00_life7_m1.25_raw_age_aware_censoring_aware,F3,0,7,1.25,raw,age_aware,censoring_aware,lightgbm_raw,7,30,36.39977777777778,184.6,172.5300605353668,12.069939464633212,1.1154761904761905,167.98025518453608,198.90129574360745,0.9346157125426154,0.0060426662539338,0.0054578530706171,0.0064654019538092,29.260413035542253,30.73449623647089,26.9430146441992,27.492872085917558,0,208,0.1333333333333333,3.3534656367759825,20.740922619047627,69.55397127800593,8.88178419700125e-16,-1.7763568394002505e-14,0,1.274280060123722,198.90129574360745,4.16,3.072343368731936,60.34969732316605,1.1154761904761905,267.5988126259816
F3_seed00_life7_m1.25_selected_recovery_order_up_to_censoring_aware,F3,0,7,1.25,selected_recovery,order_up_to,censoring_aware,lightgbm_gbm_recovered,7,30,36.39977777777778,184.6,160.35652602176165,24.24347397823837,1.1154761904761905,142.20795091392787,168.48587119778907,0.8686702384710816,0.0060426662539338,0.0062453970981379,0.0069562257187138,16.649511648539658,17.135726479467827,22.90820285990543,23.375717203985133,0,206,0.2809523809523809,0.951235924608457,20.740922619047627,19.72951070476223,4.440892098500625e-16,-1.0658141036401504e-14,0,1.4127948381073991,168.48587119778907,4.120000000000001,1.7481987230966645,121.21736989119184,1.1154761904761905,296.6869160025538
F3_seed00_life7_m1.25_selected_recovery_age_aware_censoring_aware,F3,0,7,1.25,selected_recovery,age_aware,censoring_aware,lightgbm_gbm_recovered,7,30,36.39977777777778,184.6,172.8477530776497,11.75224692235027,1.1154761904761905,168.89437668298484,198.8109596246617,0.9363366905614828,0.0060426662539338,0.0054335506697994,0.006453518605909,30.411623445376684,31.33092519263672,25.94036374918365,26.469758927738415,0,206,0.1333333333333333,2.99723532384785,20.740922619047627,62.165425923004406,6.661338147750939e-16,3.552713678800501e-15,0,1.2666709089935897,198.8109596246617,4.120000000000001,3.193220461764551,58.76123461175136,1.1154761904761905,266.0008908886538
F3_seed01_life7_m1.25_raw_order_up_to_censoring_aware,F3,1,7,1.25,raw,order_up_to,censoring_aware,lightgbm_raw,7,30,36.39977777777778,184.6,153.97343117486673,30.62656882513325,1.1154761904761905,134.87116226854155,161.3960155257847,0.8340922598855186,0.0060426662539338,0.0065129331933048,0.0072446017599578,16.69729807835724,16.1820326809764,23.29693294672744,23.772380557885135,0,203,0.2761904761904762,0.5880968112018603,20.740922619047627,12.197670453646449,4.440892098500625e-16,1.7763568394002505e-14,0,1.530750248286451,161.3960155257847,4.0600000000000005,1.7532162982275097,153.13284412566628,1.1154761904761905,321.4575521401547
F3_seed01_life7_m1.25_raw_age_aware_censoring_aware,F3,1,7,1.25,raw,age_aware,censoring_aware,lightgbm_raw,7,30,36.39977777777778,184.6,167.80664803577884,16.793351964221177,1.1154761904761905,163.87993561648426,193.23297855136343,0.9090284292295712,0.0060426662539338,0.0055695915056574,0.0066473897401153,28.875260719728168,31.357589168007003,25.488383363851952,26.00855445291016,0,209,0.1619047619047619,3.696848029875549,20.740922619047627,76.6760389220274,8.88178419700125e-16,1.7763568394002505e-14,0,1.359652937802462,193.23297855136343,4.180000000000001,3.0319023755714585,83.96675982110588,1.1154761904761905,285.527116938517
F3_seed01_life7_m1.25_selected_recovery_order_up_to_censoring_aware,F3,1,7,1.25,selected_recovery,order_up_to,censoring_aware,lightgbm_gbm_recovered,7,30,36.39977777777778,184.6,154.79169305882712,29.808306941172876,1.1154761904761905,135.53988018102572,161.97482412694762,0.8385248811420754,0.0060426662539338,0.0064876027073606,0.0072063052508396,17.21743703144265,16.0324887095002,23.19544746338292,23.668823942227466,0,204,0.2809523809523809,0.665403856782607,20.740922619047627,13.801089903943902,8.88178419700125e-16,-3.552713678800501e-15,0,1.5143793614837602,161.97482412694762,4.08,1.8078308883014784,149.0415347058644,1.1154761904761905,318.01966591158964
F3_seed01_life7_m1.25_selected_recovery_age_aware_censoring_aware,F3,1,7,1.25,selected_recovery,age_aware,censoring_aware,lightgbm_gbm_recovered,7,30,36.39977777777778,184.6,168.27528317331615,16.324716826683847,1.1154761904761905,164.42361010699247,193.19531297662903,0.9115670811122218,0.0060426662539338,0.0055545133573597,0.0066288772150054,29.809369897003087,31.432628520977904,24.907796610103976,25.416118989902014,0,207,0.1571428571428571,3.2305099071127934,20.740922619047627,67.0037560034932,8.88178419700125e-16,7.105427357601002e-15,0,1.3485921768557607,193.19531297662903,4.140000000000001,3.1299838391853245,81.62358413341923,1.1154761904761905,283.20435713970977
F3_seed02_life7_m1.25_raw_order_up_to_censoring_aware,F3,2,7,1.25,raw,order_up_to,censoring_aware,lightgbm_raw,7,30,36.39977777777778,184.6,154.1533388762666,30.446661123733413,1.1154761904761905,136.52683709651456,163.89605664490534,0.8350668411498731,0.0060426662539338,0.0064505755304761,0.0072361468042644,16.45513349930526,17.657799807549512,24.091298415492723,24.582957566829315,0,206,0.2952380952380952,0.949412388175327,20.740922619047627,19.691688876709662,4.440892098500625e-16,4.9737991503207007e-14,0,1.5385363212927408,163.89605664490534,4.120000000000001,1.7277890174270525,152.23330561866706,1.1154761904761905,323.0926274714756
F3_seed02_life7_m1.25_raw_age_aware_censoring_aware,F3,2,7,1.25,raw,age_aware,censoring_aware,lightgbm_raw,7,30,36.39977777777778,184.6,170.0024926135256,14.597507386474428,1.1154761904761905,164.73952922475684,196.78162737656564,0.920923578621482,0.0060426662539338,0.0055457891702,0.006561528441892,29.374963466432177,30.021338198532856,28.106465604277503,28.680066943140314,0,208,0.1619047619047619,3.5128832762052298,20.740922619047627,72.86044020151918,8.88178419700125e-16,-1.4210854715202004e-14,0,1.3244238650637588,196.78162737656564,4.16,3.0843711639753786,72.98753693237212,1.1154761904761905,278.1290116633893
F3_seed02_life7_m1.25_selected_recovery_order_up_to_censoring_aware,F3,2,7,1.25,selected_recovery,order_up_to,censoring_aware,lightgbm_gbm_recovered,7,30,36.39977777777778,184.6,156.1199480842578,28.480051915742195,1.1154761904761905,138.050368170813,165.16045735733115,0.8457201954726858,0.0060426662539338,0.0063942405115838,0.0071449946285798,16.844754272014317,17.214721673856737,23.806880039371567,24.292734734052615,0,205,0.2857142857142857,1.1850628640327807,20.740922619047627,24.579297161610864,8.88178419700125e-16,4.618527782440651e-14,0,1.4978328205956184,165.16045735733115,4.1000000000000005,1.7686991985615033,142.40025957871097,1.1154761904761905,314.54489232507984
F3_seed02_life7_m1.25_selected_recovery_age_aware_censoring_aware,F3,2,7,1.25,selected_recovery,age_aware,censoring_aware,lightgbm_gbm_recovered,7,30,36.39977777777778,184.6,171.02348355889393,13.576516441106063,1.1154761904761905,165.81831441443816,197.2167614037616,0.926454407144604,0.0060426662539338,0.0055162037104765,0.0065223568557008,30.33275263594421,30.079132442845815,27.45411176124815,28.014399756375663,0,206,0.1428571428571428,3.087578041676854,20.740922619047627,64.03921724269024,8.88178419700125e-16,1.0658141036401504e-14,0,1.3024750420311535,197.2167614037616,4.120000000000001,3.184939026774143,67.88258220553033,1.1154761904761905,273.5197588265422
F3_seed03_life7_m1.25_raw_order_up_to_censoring_aware,F3,3,7,1.25,raw,order_up_to,censoring_aware,lightgbm_raw,7,30,36.39977777777778,184.6,152.1246652772465,32.47533472275354,1.1154761904761905,134.93078778086996,161.95162679666686,0.8240772766914761,0.0060426662539338,0.0065106665984497,0.007332645159437,17.303064782113992,18.090424090925094,23.781806479863537,24.267149469248505,0,204,0.2952380952380952,0.6974178054048272,20.740922619047627,14.465088735047535,4.440892098500625e-16,-2.842170943040401e-14,0,1.5778123733477745,161.95162679666686,4.08,1.8168218021219689,162.37667361376765,1.1154761904761905,331.34059840303263
F3_seed03_life7_m1.25_raw_age_aware_censoring_aware,F3,3,7,1.25,raw,age_aware,censoring_aware,lightgbm_raw,7,30,36.39977777777778,184.6,170.6717865030929,13.928213496907087,1.1154761904761905,166.148705971611,197.06098285023037,0.9245492226603081,0.0060426662539338,0.0055072058295748,0.0065357972359185,29.476190312634508,30.76122105581968,26.971057221614767,27.5214869608314,0,208,0.1666666666666666,3.4026234781866056,20.740922619047627,70.57355026282308,8.88178419700125e-16,2.131628207280301e-14,0,1.3098691738479458,197.06098285023037,4.16,3.0949999828266237,69.64106748453544,1.1154761904761905,275.0725265080686
F3_seed03_life7_m1.25_selected_recovery_order_up_to_censoring_aware,F3,3,7,1.25,selected_recovery,order_up_to,censoring_aware,lightgbm_gbm_recovered,7,30,36.39977777777778,184.6,153.17247676106484,31.42752323893515,1.1154761904761905,136.22845301234844,162.88871073673556,0.8297533952387045,0.0060426662539338,0.0064617252078099,0.0072824845172167,17.71465291488562,18.340277838585177,23.402483509652424,23.880085213931043,0,205,0.2904761904761905,0.9608263971740868,20.740922619047627,19.928425954126055,8.88178419700125e-16,1.4210854715202004e-14,0,1.55762781751405,162.88871073673556,4.1000000000000005,1.86003855606299,157.13761619467573,1.1154761904761905,327.10184167795046
F3_seed03_life7_m1.25_selected_recovery_age_aware_censoring_aware,F3,3,7,1.25,selected_recovery,age_aware,censoring_aware,lightgbm_gbm_recovered,7,30,36.39977777777778,184.6,171.49417264565253,13.105827354347452,1.1154761904761905,167.15710234039642,197.183233651544,0.9290041855127438,0.0060426662539338,0.0054799237924486,0.006504455360014,30.311263413655844,30.94723128204549,26.082466638116653,26.61476187562924,0,206,0.1714285714285714,3.05373302599668,20.740922619047627,63.337240391427294,8.88178419700125e-16,0.0,0,1.2910977584390062,197.183233651544,4.120000000000001,3.182682658433864,65.52913677173726,1.1154761904761905,271.13052927219127
F3_seed04_life7_m1.25_raw_order_up_to_censoring_aware,F3,4,7,1.25,raw,order_up_to,censoring_aware,lightgbm_raw,7,30,36.39977777777778,184.6,155.73113600431003,28.868863995689985,1.1154761904761905,138.82832478678284,164.27186334335832,0.843613954519556,0.0060426662539338,0.006365852133023,0.0071628334519136,16.905523114094965,18.381490369774408,22.158101289708306,22.610307438477864,0,204,0.2857142857142857,0.7253085774744767,20.740922619047627,15.043569080329632,4.440892098500625e-16,-3.552713678800501e-15,0,1.5027939973298303,164.27186334335832,4.08,1.7750799269799715,144.34431997844993,1.1154761904761905,315.5867394392644
F3_seed04_life7_m1.25_raw_age_aware_censoring_aware,F3,4,7,1.25,raw,age_aware,censoring_aware,lightgbm_raw,7,30,36.39977777777778,184.6,168.9798686679809,15.620131332019149,1.1154761904761905,166.31083783653463,195.7506579351703,0.9153839039435584,0.0060426662539338,0.0055028010600024,0.0066012371726239,30.160758100723427,32.61527075585536,25.52480693993228,26.045721367277835,0,207,0.1523809523809523,3.513245296976659,20.740922619047627,72.86794884632589,8.88178419700125e-16,-2.842170943040401e-14,0,1.3441603351729436,195.7506579351703,4.140000000000001,3.16687960057596,78.10065666009571,1.1154761904761905,282.27367038631814
F3_seed04_life7_m1.25_selected_recovery_order_up_to_censoring_aware,F3,4,7,1.25,selected_recovery,order_up_to,censoring_aware,lightgbm_gbm_recovered,7,30,36.39977777777778,184.6,156.5940729914011,28.005927008598917,1.1154761904761905,139.62079415070883,164.9150206689091,0.8482885860855964,0.0060426662539338,0.0063371921716592,0.0071233614987295,17.286712479701897,18.311022746609336,21.995926104822072,22.44482255594089,0,205,0.2857142857142857,0.9444537719763269,20.740922619047627,19.588842601828645,8.88178419700125e-16,-1.7763568394002505e-14,0,1.4855963652988031,164.9150206689091,4.1000000000000005,1.8151048103686989,140.02963504299456,1.1154761904761905,311.97523671274865
F3_seed04_life7_m1.25_selected_recovery_age_aware_censoring_aware,F3,4,7,1.25,selected_recovery,age_aware,censoring_aware,lightgbm_gbm_recovered,7,30,36.39977777777778,184.6,169.90113882588605,14.698861174113969,1.1154761904761905,167.2119747181922,196.06992989078668,0.9203745331846482,0.0060426662539338,0.0054784469796175,0.0065654426932318,31.023891283931253,32.59513747960777,24.936556574778724,25.44546589263135,0,205,0.1333333333333333,3.224892159147935,20.740922619047627,66.88723872766073,6.661338147750939e-16,-1.4210854715202004e-14,0,1.3239867644602166,196.06992989078668,4.1000000000000005,3.2575085848127814,73.49430587056982,1.1154761904761905,278.03722053664546
F3_seed05_life7_m1.25_raw_order_up_to_censoring_aware,F3,5,7,1.25,raw,order_up_to,censoring_aware,lightgbm_raw,7,30,36.39977777777778,184.6,158.01345988947298,26.586540110527007,1.1154761904761905,139.80728071264963,166.2501792667394,0.8559775725323564,0.0060426662539338,0.0063304852826698,0.0070593745068074,17.09941880724325,17.078122410478205,23.117894968755003,23.58968874362755,0,204,0.2666666666666666,0.8542357787875092,20.740922619047627,17.717638186253616,4.440892098500625e-16,3.552713678800501e-14,0,1.4579704523076722,166.2501792667394,4.08,1.7954389747605417,132.93270055263503,1.1154761904761905,306.1737949846112
F3_seed05_life7_m1.25_raw_age_aware_censoring_aware,F3,5,7,1.25,raw,age_aware,censoring_aware,lightgbm_raw,7,30,36.39977777777778,184.6,170.13763863559726,14.462361364402764,1.1154761904761905,166.51503476557,196.5686573713159,0.921655680582867,0.0060426662539338,0.0054972634895143,0.0065563164001901,30.784316474524427,31.661697717274368,26.122249458319555,26.655356590122,0,208,0.1571428571428571,3.497563176049188,20.740922619047627,72.54268718966665,8.88178419700125e-16,-3.552713678800501e-14,0,1.3208966362553858,196.5686573713159,4.16,3.232353229825065,72.31180682201382,1.1154761904761905,277.38829361363094
F3_seed05_life7_m1.25_selected_recovery_order_up_to_censoring_aware,F3,5,7,1.25,selected_recovery,order_up_to,censoring_aware,lightgbm_gbm_recovered,7,30,36.39977777777778,184.6,159.28663700341838,25.31336299658162,1.1154761904761905,141.00922157792604,167.33551489372456,0.8628745233121256,0.0060426662539338,0.0062875964270542,0.0070029489696128,17.513705436211016,17.006886161809255,22.97958301792399,23.44855409992244,0,205,0.2666666666666666,1.0759301134134394,20.740922619047627,22.315783225811284,8.88178419700125e-16,3.552713678800501e-15,0,1.4331273577995762,167.33551489372456,4.1000000000000005,1.838939070802156,126.56681498290811,1.1154761904761905,300.956745137911
F3_seed05_life7_m1.25_selected_recovery_age_aware_censoring_aware,F3,5,7,1.25,selected_recovery,age_aware,censoring_aware,lightgbm_gbm_recovered,7,30,36.39977777777778,184.6,171.16400510444188,13.4359948955581,1.1154761904761905,167.61968975956933,197.02042071488344,0.9272156289514728,0.0060426662539338,0.0054674987830364,0.0065170021570571,31.7904594114858,31.739986242429016,25.460322541016435,25.97992096022085,0,206,0.1428571428571428,3.10008987927091,20.740922619047627,64.29872429805064,8.88178419700125e-16,1.7763568394002505e-14,0,1.2989231886731245,197.02042071488344,4.120000000000001,3.3379982382060085,67.1799744777905,1.1154761904761905,272.77386962135614
F3_seed06_life7_m1.25_raw_order_up_to_censoring_aware,F3,6,7,1.25,raw,order_up_to,censoring_aware,lightgbm_raw,7,30,36.39977777777778,184.6,157.04658298962102,27.553417010379007,1.1154761904761905,137.70980241748654,166.79626661823886,0.8507398861842957,0.0060426662539338,0.0064067479183235,0.0071028364275197,16.680401219439883,15.947521015167125,25.75053886838756,26.276060069783217,0,204,0.2714285714285714,0.8278054553494157,20.740922619047627,17.169448893027717,4.440892098500625e-16,0.0,0,1.4833822380411965,166.79626661823886,4.08,1.7514421280411878,137.76708505189504,1.1154761904761905,311.51026998865126
F3_seed06_life7_m1.25_raw_age_aware_censoring_aware,F3,6,7,1.25,raw,age_aware,censoring_aware,lightgbm_raw,7,30,36.39977777777778,184.6,171.06756462876683,13.532435371233202,1.1154761904761905,166.28000207770378,197.90874589155467,0.9266931995057792,0.0060426662539338,0.0055036382577066,0.0065206761603047,30.20185811656391,30.49673903623856,27.67056889601979,28.23527438369366,0,208,0.1380952380952381,3.400205444238224,20.740922619047627,70.52339800780946,8.88178419700125e-16,-1.4210854715202004e-14,0,1.3048456859068382,197.90874589155467,4.16,3.1711951022392104,67.662176856166,1.1154761904761905,274.01759404043605
F3_seed06_life7_m1.25_selected_recovery_order_up_to_censoring_aware,F3,6,7,1.25,selected_recovery,order_up_to,censoring_aware,lightgbm_gbm_recovered,7,30,36.39977777777778,184.6,158.32110353232738,26.278896467672613,1.1154761904761905,139.32819855265788,167.65074784387232,0.857644114476313,0.0060426662539338,0.006347743903786,0.007045656994479,17.18225124375127,16.29139660763206,24.969534334337,25.47911666769082,0,204,0.2619047619047619,1.1142768406988504,20.740922619047627,23.111129729131715,4.440892098500625e-16,3.197442310920451e-14,0,1.4573563940633594,167.65074784387232,4.08,1.8041363805938837,131.39448233836305,1.1154761904761905,306.0448427533055
F3_seed06_life7_m1.25_selected_recovery_age_aware_censoring_aware,F3,6,7,1.25,selected_recovery,age_aware,censoring_aware,lightgbm_gbm_recovered,7,30,36.39977777777778,184.6,172.32446151761667,12.275538482383327,1.1154761904761905,167.55669639827667,198.4365193629778,0.9335019583836222,0.0060426662539338,0.0054691874576794,0.0064731157762077,31.12322497675376,30.516536467961583,26.911092577441583,27.46029854840977,0,206,0.1238095238095238,3.020619217597116,20.740922619047627,62.65042945378996,8.88178419700125e-16,1.0658141036401504e-14,0,1.2777029837520466,198.4365193629778,4.120000000000001,3.2679386225591447,61.37769241191666,1.1154761904761905,268.31762658792974
F3_seed07_life7_m1.25_raw_order_up_to_censoring_aware,F3,7,7,1.25,raw,order_up_to,censoring_aware,lightgbm_raw,7,30,36.39977777777778,184.6,157.91282741591422,26.68717258408577,1.1154761904761905,139.5096957777701,165.3531773485995,0.8554324345390804,0.0060426662539338,0.0063411945242616,0.0070638732060583,16.498697985630695,16.88116994915746,22.53641802385741,22.99634492230348,0,204,0.2857142857142857,0.7163394486232653,20.740922619047627,14.85754107286639,4.440892098500625e-16,1.7763568394002505e-14,0,1.4557946654666465,165.3531773485995,4.08,1.732363288491223,133.43586292042886,1.1154761904761905,305.71687974799573
F3_seed07_life7_m1.25_raw_age_aware_censoring_aware,F3,7,7,1.25,raw,age_aware,censoring_aware,lightgbm_raw,7,30,36.39977777777778,184.6,171.49601673080463,13.103983269195371,1.1154761904761905,167.3224806139517,197.4209900144587,0.9290141751397868,0.0060426662539338,0.0054754752832716,0.0065043854180423,29.72723588911468,31.110765470448666,26.15008960021781,26.68376489818144,0,208,0.1523809523809523,3.4468882079445855,20.740922619047627,71.4916415974864,8.88178419700125e-16,1.4210854715202004e-14,0,1.292084487234613,197.4209900144587,4.16,3.1213597683570407,65.51991634597685,1.1154761904761905,271.3377423192688
F3_seed07_life7_m1.25_selected_recovery_order_up_to_censoring_aware,F3,7,7,1.25,selected_recovery,order_up_to,censoring_aware,lightgbm_gbm_recovered,7,30,36.39977777777778,184.6,159.30681327106484,25.293186728935147,1.1154761904761905,140.7977531672661,166.627636693648,0.862983820536646,0.0060426662539338,0.0062951000757575,0.0070020620434995,16.87079543149302,16.775241483502832,22.49733079250893,22.95645999235605,0,205,0.2714285714285714,0.9017548792150126,20.740922619047627,18.703228171147217,4.440892098500625e-16,3.197442310920451e-14,0,1.428954666900508,166.627636693648,4.1000000000000005,1.771433520306767,126.46593364467574,1.1154761904761905,300.08048004910665
F3_seed07_life7_m1.25_selected_recovery_age_aware_censoring_aware,F3,7,7,1.25,selected_recovery,age_aware,censoring_aware,lightgbm_gbm_recovered,7,30,36.39977777777778,184.6,172.4860511177398,12.113948882260196,1.1154761904761905,168.4221843726521,197.8773496704425,0.934377308330118,0.0060426662539338,0.0054460770650021,0.0064670515861874,30.64402235445079,31.22043484221388,25.497618304381543,26.017977861613815,0,206,0.1380952380952381,3.044759517583815,20.740922619047627,63.15112154781469,8.88178419700125e-16,2.4868995751603507e-14,0,1.2709532981877951,197.8773496704425,4.120000000000001,3.2176223472173326,60.569744411300974,1.1154761904761905,266.900192619437
F3_seed08_life7_m1.25_raw_order_up_to_censoring_aware,F3,8,7,1.25,raw,order_up_to,censoring_aware,lightgbm_raw,7,30,36.39977777777778,184.6,157.1087126461823,27.49128735381769,1.1154761904761905,139.32980658456816,164.49343330355808,0.8510764498709767,0.0060426662539338,0.0063476858180927,0.0071000275649149,17.027067227708788,17.505395525687398,21.87375805291881,22.32016127848858,0,205,0.2714285714285714,0.6069165224367686,20.740922619047627,12.5880086280825,4.440892098500625e-16,4.618527782440651e-14,0,1.4712056586763438,164.49343330355808,4.1000000000000005,1.7878420589094226,137.45643676908844,1.1154761904761905,308.95318832203213
F3_seed08_life7_m1.25_raw_age_aware_censoring_aware,F3,8,7,1.25,raw,age_aware,censoring_aware,lightgbm_raw,7,30,36.39977777777778,184.6,171.19944535394666,13.400554646053331,1.1154761904761905,168.2929949126868,197.2827566520096,0.9274076129682916,0.0060426662539338,0.0054495142931255,0.0065156530628355,30.12787290927648,32.37785114604172,25.04410660628263,25.555210822737376,0,208,0.1333333333333333,3.4249055139920976,20.740922619047627,71.03570024325964,8.88178419700125e-16,1.4210854715202004e-14,0,1.2986877748963166,197.2827566520096,4.16,3.1634266554740305,67.00277323026667,1.1154761904761905,272.7244327282265
F3_seed08_life7_m1.25_selected_recovery_order_up_to_censoring_aware,F3,8,7,1.25,selected_recovery,order_up_to,censoring_aware,lightgbm_gbm_recovered,7,30,36.39977777777778,184.6,157.95980284088895,26.640197159111043,1.1154761904761905,139.93000842811483,165.2039672810996,0.8556869059636454,0.0060426662539338,0.0063260791864948,0.0070617724915736,17.523712068906054,17.25450717452745,21.969879507362787,22.41824439526815,0,205,0.2666666666666666,0.7665952247574315,20.740922619047627,15.899892236825313,8.88178419700125e-16,2.131628207280301e-14,0,1.4545734239731722,165.2039672810996,4.1000000000000005,1.8399897672351355,133.20098579555523,1.1154761904761905,305.46041903436617
F3_seed08_life7_m1.25_selected_recovery_age_aware_censoring_aware,F3,8,7,1.25,selected_recovery,age_aware,censoring_aware,lightgbm_gbm_recovered,7,30,36.39977777777778,184.6,172.2056950008455,12.394304999154482,1.1154761904761905,169.1274921620502,197.7729497528375,0.932858586136758,0.0060426662539338,0.0054273877661235,0.0064775801431579,30.861315699020142,32.206098748506285,24.68999859573052,25.19387611809236,0,206,0.1285714285714285,3.0900624582465497,20.740922619047627,64.09074633451577,8.88178419700125e-16,0.0,0,1.2772399480356345,197.7729497528375,4.120000000000001,3.2404381483971147,61.971524995772405,1.1154761904761905,268.2203890874832
F3_seed09_life7_m1.25_raw_order_up_to_censoring_aware,F3,9,7,1.25,raw,order_up_to,censoring_aware,lightgbm_raw,7,30,36.39977777777778,184.6,155.437185843336,29.162814156663984,1.1154761904761905,137.0617383359053,166.0033015082808,0.8420215917840521,0.0060426662539338,0.006430683966495,0.0071763792198378,16.345465616556037,16.908854079870842,25.621497142209936,26.144384838989733,0,204,0.2999999999999999,0.8014512514697224,20.740922619047627,16.622838389672392,4.440892098500625e-16,3.197442310920451e-14,0,1.5177577255800727,166.0033015082808,4.08,1.716273889738384,145.81407078331992,1.1154761904761905,318.72912237181527
F3_seed09_life7_m1.25_raw_age_aware_censoring_aware,F3,9,7,1.25,raw,age_aware,censoring_aware,lightgbm_raw,7,30,36.39977777777778,184.6,168.39577274351868,16.204227256481317,1.1154761904761905,162.98540958802303,195.9590623318131,0.9122197873430048,0.0060426662539338,0.0055945790417704,0.0066241341590869,29.54618949108656,29.873938431805925,29.054471497153838,29.647419895054927,0,208,0.1714285714285714,3.458571520765415,20.740922619047627,71.73396428463734,8.88178419700125e-16,2.4868995751603507e-14,0,1.3588477366726666,195.9590623318131,4.16,3.102349896564089,81.02113628240657,1.1154761904761905,285.35802470126
F3_seed09_life7_m1.25_selected_recovery_order_up_to_censoring_aware,F3,9,7,1.25,selected_recovery,order_up_to,censoring_aware,lightgbm_gbm_recovered,7,30,36.39977777777778,184.6,156.77191176538432,27.828088234615688,1.1154761904761905,138.61480428587663,166.70272696637494,0.8492519597258089,0.0060426662539338,0.0063736185712255,0.0071152809066049,16.957835648865107,17.127194107793922,24.753868141170777,25.25904912364365,0,204,0.2952380952380952,1.034823345154828,20.740922619047627,21.463190926240305,8.88178419700125e-16,-1.4210854715202004e-14,0,1.489615319395526,166.70272696637494,4.08,1.7805727431308365,139.14044117307847,1.1154761904761905,312.81921707306043
F3_seed09_life7_m1.25_selected_recovery_age_aware_censoring_aware,F3,9,7,1.25,selected_recovery,age_aware,censoring_aware,lightgbm_gbm_recovered,7,30,36.39977777777778,184.6,170.08796359462903,14.512036405370978,1.1154761904761905,164.80056331141418,196.6262296199644,0.9213865850196588,0.0060426662539338,0.0055441068560698,0.0065582312052057,30.47809765678582,29.99690130408678,27.893141716150893,28.46238950627642,0,206,0.1619047619047619,3.1210051858062493,20.740922619047627,64.73252705245378,4.440892098500625e-16,-3.552713678800501e-14,0,1.3220099432917047,196.6262296199644,4.120000000000001,3.2002002539625107,72.56018202685489,1.1154761904761905,277.622088091258
F3_seed10_life7_m1.25_raw_order_up_to_censoring_aware,F3,10,7,1.25,raw,order_up_to,censoring_aware,lightgbm_raw,7,30,36.39977777777778,184.6,156.78531417943287,27.81468582056713,1.1154761904761905,137.4900249224015,166.11066060563965,0.8493245621854435,0.0060426662539338,0.0064148453397206,0.0071146726739953,16.98962145448094,15.9890123302702,25.29842247112539,25.8147168072708,0,204,0.2857142857142857,0.6433856109805615,20.740922619047627,13.344411171556509,4.440892098500625e-16,8.88178419700125e-15,0,1.4864927435793909,166.11066060563965,4.08,1.7839102527204989,139.0734291028357,1.1154761904761905,312.16347615167206
F3_seed10_life7_m1.25_raw_age_aware_censoring_aware,F3,10,7,1.25,raw,age_aware,censoring_aware,lightgbm_raw,7,30,36.39977777777778,184.6,170.6934202514757,13.906579748524296,1.1154761904761905,165.04543670320578,197.9251515461824,0.9246664152300959,0.0060426662539338,0.0055373675336501,0.0065349688865148,30.24979255931712,29.636318039031657,28.921211812052984,29.511440624543862,0,208,0.1476190476190476,3.3799196379797407,20.740922619047627,70.10265166993727,8.88178419700125e-16,3.197442310920451e-14,0,1.3138559747524208,197.9251515461824,4.16,3.1762282187282973,69.53289874262148,1.1154761904761905,275.9097546980084
F3_seed10_life7_m1.25_selected_recovery_order_up_to_censoring_aware,F3,10,7,1.25,selected_recovery,order_up_to,censoring_aware,lightgbm_gbm_recovered,7,30,36.39977777777778,184.6,157.67665972916842,26.92334027083159,1.1154761904761905,138.4808240352977,167.15990350584997,0.8541530862901864,0.0060426662539338,0.0063785015542689,0.0070744534567904,17.480542648176332,16.08846589343088,25.335881400435255,25.852940204525773,0,204,0.2904761904761905,0.8838306991840095,20.740922619047627,18.331464140114303,8.88178419700125e-16,-3.552713678800501e-15,0,1.470512085850203,167.15990350584997,4.08,1.8354569780585148,134.61670135415795,1.1154761904761905,308.80753802854264
F3_seed10_life7_m1.25_selected_recovery_age_aware_censoring_aware,F3,10,7,1.25,selected_recovery,age_aware,censoring_aware,lightgbm_gbm_recovered,7,30,36.39977777777778,184.6,171.5797428510896,13.0202571489104,1.1154761904761905,165.96267239326528,198.25078605811015,0.9294677294208536,0.0060426662539338,0.0055122686522788,0.0065012114597017,31.142888459852724,29.667231129477276,28.3230979436827,28.901120350696637,0,206,0.1333333333333333,3.0325072184135715,20.740922619047627,62.89699755881925,8.88178419700125e-16,-3.552713678800501e-15,0,1.2945597680067755,198.25078605811015,4.120000000000001,3.2700032882845367,65.101285744552,1.1154761904761905,271.8575512814229
F3_seed11_life7_m1.25_raw_order_up_to_censoring_aware,F3,11,7,1.25,raw,order_up_to,censoring_aware,lightgbm_raw,7,30,36.39977777777778,184.6,157.79034910213878,26.809650897861204,1.1154761904761905,140.51998283185205,166.1092926255953,0.8547689550495059,0.0060426662539338,0.0063049836074415,0.007069356249121,16.90824848521004,18.013935317014834,22.267123941231382,22.72155504207284,0,205,0.2761904761904762,0.5660630611927592,20.740922619047627,11.74067014970024,4.440892098500625e-16,3.197442310920451e-14,0,1.462611378077736,166.1092926255953,4.1000000000000005,1.7753660909470543,134.04825448930603,1.1154761904761905,307.14838939632455
F3_seed11_life7_m1.25_raw_age_aware_censoring_aware,F3,11,7,1.25,raw,age_aware,censoring_aware,lightgbm_raw,7,30,36.39977777777778,184.6,172.47387593878375,12.126124061216249,1.1154761904761905,169.80148611885275,198.65511458749427,0.9343113539479077,0.0060426662539338,0.0054096476878792,0.0064675081046599,30.21376571805081,32.611911767370565,24.88052617689165,25.38829201723637,0,208,0.1428571428571428,3.3366562764490406,20.740922619047627,69.20532963618915,8.88178419700125e-16,2.842170943040401e-14,0,1.274922173735462,198.65511458749427,4.16,3.172445400395335,60.630620306081234,1.1154761904761905,267.733656484447
F3_seed11_life7_m1.25_selected_recovery_order_up_to_censoring_aware,F3,11,7,1.25,selected_recovery,order_up_to,censoring_aware,lightgbm_gbm_recovered,7,30,36.39977777777778,184.6,158.30610390541582,26.293896094584184,1.1154761904761905,141.02234732255607,166.51093024169336,0.8575628597259795,0.0060426662539338,0.0062871312686925,0.0070463245759788,17.442454088590598,18.00054500444181,22.158364314303448,22.61057583092189,0,206,0.2809523809523809,0.7502044416143867,20.740922619047627,15.559932271989828,8.88178419700125e-16,3.197442310920451e-14,0,1.4526064027828216,166.51093024169336,4.120000000000001,1.8314576793020128,131.46948047292094,1.1154761904761905,305.04734458439253
F3_seed11_life7_m1.25_selected_recovery_age_aware_censoring_aware,F3,11,7,1.25,selected_recovery,age_aware,censoring_aware,lightgbm_gbm_recovered,7,30,36.39977777777778,184.6,172.97635340855615,11.623646591443851,1.1154761904761905,170.36514470904646,198.6606861036325,0.9370333337408242,0.0060426662539338,0.0053949005327403,0.0064487206979183,31.15862862152414,32.67309288779191,24.322327672513406,24.81870170664633,0,206,0.1523809523809523,2.9733022534622324,20.740922619047627,61.6690319621001,8.88178419700125e-16,0.0,0,1.2632669107456571,198.6606861036325,4.120000000000001,3.271656005260035,58.11823295721926,1.1154761904761905,265.28605125658805
F3_seed12_life7_m1.25_raw_order_up_to_censoring_aware,F3,12,7,1.25,raw,order_up_to,censoring_aware,lightgbm_raw,7,30,36.39977777777778,184.6,155.38242825630175,29.217571743698223,1.1154761904761905,136.50013153550202,164.97895026715386,0.8417249634685902,0.0060426662539338,0.0064515718655181,0.0071789082137152,16.804390353662217,16.402004866501844,25.17923972630877,25.69310176153957,0,205,0.2666666666666666,0.4432584425934947,20.740922619047627,9.19358905807124,4.440892098500625e-16,2.131628207280301e-14,0,1.5145083150631224,164.97895026715386,4.1000000000000005,1.7644609871345327,146.08785871849113,1.1154761904761905,318.0467461632557
F3_seed12_life7_m1.25_raw_age_aware_censoring_aware,F3,12,7,1.25,raw,age_aware,censoring_aware,lightgbm_raw,7,30,36.39977777777778,184.6,169.49427682578616,15.105723174213834,1.1154761904761905,164.2798631956834,196.71197220502887,0.918170513682482,0.0060426662539338,0.0055584920576158,0.0065812026893552,29.856963025178437,30.069887957198805,28.497869565244887,29.07945874004581,0,209,0.1380952380952381,3.461980694713475,20.740922619047627,71.80467369768893,8.88178419700125e-16,2.131628207280301e-14,0,1.3365287875438951,196.71197220502887,4.180000000000001,3.134981117643735,75.52861587106915,1.1154761904761905,280.671045384218
F3_seed12_life7_m1.25_selected_recovery_order_up_to_censoring_aware,F3,12,7,1.25,selected_recovery,order_up_to,censoring_aware,lightgbm_gbm_recovered,7,30,36.39977777777778,184.6,156.64791412173153,27.95208587826847,1.1154761904761905,137.4222279803827,165.8784276626355,0.8485802498468664,0.0060426662539338,0.0064173473641085,0.0071209131428928,17.225136298918848,16.058615445952753,25.13863112900009,25.651664417347032,0,206,0.2761904761904762,0.5544330712069832,20.740922619047627,11.499453427344962,8.88178419700125e-16,1.0658141036401504e-14,0,1.4889665359801931,165.8784276626355,4.120000000000001,1.8086393113864787,139.76042939134234,1.1154761904761905,312.68297255584054
F3_seed12_life7_m1.25_selected_recovery_age_aware_censoring_aware,F3,12,7,1.25,selected_recovery,age_aware,censoring_aware,lightgbm_gbm_recovered,7,30,36.39977777777778,184.6,170.048899338455,14.551100661544986,1.1154761904761905,164.84288103403887,196.6580562411876,0.921174969330742,0.0060426662539338,0.0055429410298105,0.0065597377861059,30.805695488918975,30.07828328288543,27.88201408232492,28.451034777882573,0,207,0.1428571428571428,3.078450740647506,20.740922619047627,63.84990859831978,8.88178419700125e-16,4.618527782440651e-14,0,1.3233506369796433,196.6580562411876,4.140000000000001,3.2345980263364926,72.75550330772492,1.1154761904761905,277.9036337657251
F3_seed13_life7_m1.25_raw_order_up_to_censoring_aware,F3,13,7,1.25,raw,order_up_to,censoring_aware,lightgbm_raw,7,30,36.39977777777778,184.6,157.8541898913067,26.745810108693284,1.1154761904761905,140.35948314337998,166.73817252246212,0.8551147881435899,0.0060426662539338,0.0063107086138685,0.0070664971974723,16.914187916063874,17.78959483937485,23.043925928632895,23.51421013125806,0,205,0.2809523809523809,0.8145182398118114,20.740922619047627,16.89385978373966,4.440892098500625e-16,1.7763568394002505e-14,0,1.4640889951790068,166.73817252246212,4.1000000000000005,1.7759897311867072,133.72905054346643,1.1154761904761905,307.4586889875914
F3_seed13_life7_m1.25_raw_age_aware_censoring_aware,F3,13,7,1.25,raw,age_aware,censoring_aware,lightgbm_raw,7,30,36.39977777777778,184.6,172.55018016108986,12.049819838910162,1.1154761904761905,168.82541325355226,198.85728119823648,0.9347247029311476,0.0060426662539338,0.0054353765484174,0.0064646480776479,30.0955145986768,31.559534679764,26.05472232071953,26.58645134767299,0,208,0.1476190476190476,3.3915307348311017,20.740922619047627,70.34347653125361,8.88178419700125e-16,-3.552713678800501e-15,0,1.2740089791244027,198.85728119823648,4.16,3.1600290328610634,60.24909919455081,1.1154761904761905,267.54188561612455
F3_seed13_life7_m1.25_selected_recovery_order_up_to_censoring_aware,F3,13,7,1.25,selected_recovery,order_up_to,censoring_aware,lightgbm_gbm_recovered,7,30,36.39977777777778,184.6,158.74074214014584,25.85925785985416,1.1154761904761905,141.1315744249071,167.57424349950625,0.8599173463713208,0.0060426662539338,0.0062832630779642,0.0070270314692833,17.340007612845586,17.67513387206283,23.091184204609046,23.562432861845963,0,206,0.2809523809523809,1.0168788328486311,20.740922619047627,21.09100518506093,8.88178419700125e-16,1.0658141036401504e-14,0,1.4472700466123904,167.57424349950625,4.120000000000001,1.820700799348786,129.29628929927077,1.1154761904761905,303.926709788602
F3_seed13_life7_m1.25_selected_recovery_age_aware_censoring_aware,F3,13,7,1.25,selected_recovery,age_aware,censoring_aware,lightgbm_gbm_recovered,7,30,36.39977777777778,184.6,173.56224531542634,11.037754684573676,1.1154761904761905,169.9198065043504,199.3651502367094,0.9402071793901752,0.0060426662539338,0.0054065453570847,0.0064269518318857,30.96491733102955,31.641862776225658,25.458040727624844,25.977592579209023,0,206,0.1333333333333333,2.98415539229998,20.740922619047627,61.8941360749076,6.661338147750939e-16,-1.0658141036401504e-14,0,1.2525748389038671,199.3651502367094,4.120000000000001,3.251316319758104,55.188773422868394,1.1154761904761905,263.04071616981213
F3_seed14_life7_m1.25_raw_order_up_to_censoring_aware,F3,14,7,1.25,raw,order_up_to,censoring_aware,lightgbm_raw,7,30,36.39977777777778,184.6,157.1313032214989,27.468696778501105,1.1154761904761905,138.22344100425315,164.8867752820309,0.8511988256852596,0.0060426662539338,0.0063879030420837,0.0070990068026341,16.691423333327858,16.37643937005584,23.36559877213712,23.842447726670528,0,205,0.2952380952380952,0.7941829283157636,20.740922619047627,16.472086661565903,4.440892098500625e-16,-1.0658141036401504e-14,0,1.4723730229286287,164.8867752820309,4.1000000000000005,1.7525994499994253,137.34348389250556,1.1154761904761905,309.19833481501206
F3_seed14_life7_m1.25_raw_age_aware_censoring_aware,F3,14,7,1.25,raw,age_aware,censoring_aware,lightgbm_raw,7,30,36.39977777777778,184.6,172.3992797410145,12.200720258985488,1.1154761904761905,167.29127862888635,198.50737181808296,0.93390725753529,0.0060426662539338,0.0054763140324097,0.0064703065590059,29.26934868382434,30.17630047517341,27.245945752834984,27.801985462076512,0,208,0.1476190476190476,3.3980922255530834,20.740922619047627,70.47956790258384,8.88178419700125e-16,2.131628207280301e-14,0,1.2755225281680391,198.50737181808296,4.16,3.073281611801555,61.00360129492744,1.1154761904761905,267.8597309152882
F3_seed14_life7_m1.25_selected_recovery_order_up_to_censoring_aware,F3,14,7,1.25,selected_recovery,order_up_to,censoring_aware,lightgbm_gbm_recovered,7,30,36.39977777777778,184.6,158.6300144943734,25.969985505626617,1.1154761904761905,139.67098648119455,166.33903082918687,0.8593175216379924,0.0060426662539338,0.0063353856341277,0.0070319365098195,17.09205639679705,16.325273574122757,23.34126373140859,23.817616052457744,0,206,0.2809523809523809,1.0216006129994877,20.740922619047627,21.18893926179399,4.440892098500625e-16,-1.4210854715202004e-14,0,1.4439004784259992,166.33903082918687,4.120000000000001,1.7946659216636909,129.8499275281331,1.1154761904761905,303.2191004694598
F3_seed14_life7_m1.25_selected_recovery_age_aware_censoring_aware,F3,14,7,1.25,selected_recovery,age_aware,censoring_aware,lightgbm_gbm_recovered,7,30,36.39977777777778,184.6,173.59025636697262,11.00974363302738,1.1154761904761905,168.42029080564248,198.9924119747127,0.9403589185643154,0.0060426662539338,0.0054461274141301,0.0064259147593978,30.186809950350305,30.114336025971458,26.592272929575888,27.13497237711825,0,206,0.1238095238095238,2.989887920562433,20.740922619047627,62.01303400001064,8.88178419700125e-16,-7.105427357601002e-15,0,1.2497439113100597,198.9924119747127,4.120000000000001,3.169615044786782,55.04871816513691,1.1154761904761905,262.4462213751125
F3_seed15_life7_m1.25_raw_order_up_to_censoring_aware,F3,15,7,1.25,raw,order_up_to,censoring_aware,lightgbm_raw,7,30,36.39977777777778,184.6,155.65552200749948,28.944477992500488,1.1154761904761905,137.3568190298715,166.56380371779707,0.8432043445693364,0.0060426662539338,0.0064197631109858,0.0071663129973792,16.176537493423325,16.985598609673573,25.87570861356965,26.40378429956086,0,206,0.2904761904761905,0.7019613836441692,20.740922619047627,14.55932673972332,4.440892098500625e-16,3.907985046680551e-14,0,1.5153343157504056,166.56380371779707,4.120000000000001,1.698536436809449,144.72238996250246,1.1154761904761905,318.2202063075852
F3_seed15_life7_m1.25_raw_age_aware_censoring_aware,F3,15,7,1.25,raw,age_aware,censoring_aware,lightgbm_raw,7,30,36.39977777777778,184.6,166.95432098004653,17.645679019953473,1.1154761904761905,161.84415522042417,194.0725442197764,0.9044112729146616,0.0060426662539338,0.0056267860186485,0.0066813256699687,29.692779588283265,30.17413582767924,28.346938114956743,28.925447056078305,0,208,0.1523809523809523,3.801561862280689,20.740922619047627,78.84790041708636,8.88178419700125e-16,-3.552713678800501e-15,0,1.3842578922228084,194.0725442197764,4.16,3.1177418567697415,88.22839509976735,1.1154761904761905,290.69415736678974
F3_seed15_life7_m1.25_selected_recovery_order_up_to_censoring_aware,F3,15,7,1.25,selected_recovery,order_up_to,censoring_aware,lightgbm_gbm_recovered,7,30,36.39977777777778,184.6,157.05152655776928,27.54847344223071,1.1154761904761905,138.5060634704027,167.3057245670635,0.8507666660767566,0.0060426662539338,0.0063775811174504,0.0071026128489485,16.621877535745305,16.738838499935003,25.453546605319495,25.973006740121935,0,207,0.2904761904761905,0.7430928741246939,20.740922619047627,15.412431800985976,4.440892098500625e-16,7.105427357601002e-15,0,1.4859469767140308,167.3057245670635,4.140000000000001,1.7452971412532567,137.74236721115355,1.1154761904761905,312.04886510994646
F3_seed15_life7_m1.25_selected_recovery_age_aware_censoring_aware,F3,15,7,1.25,selected_recovery,age_aware,censoring_aware,lightgbm_gbm_recovered,7,30,36.39977777777778,184.6,168.7947142293996,15.805285770600404,1.1154761904761905,163.40145732587538,194.71528253278944,0.9143809004842882,0.0060426662539338,0.0055829294043027,0.0066084782072038,30.510704668343408,29.891044683777373,27.419519556258276,27.979101588018644,0,206,0.1285714285714285,3.2148146198582657,20.740922619047627,66.6782212650633,8.88178419700125e-16,3.552713678800501e-15,0,1.3437181503163986,194.71528253278944,4.120000000000001,3.2036239901760584,79.02642885300202,1.1154761904761905,282.1808115664437
F3_seed16_life7_m1.25_raw_order_up_to_censoring_aware,F3,16,7,1.25,raw,order_up_to,censoring_aware,lightgbm_raw,7,30,36.39977777777778,184.6,151.48385316487574,33.11614683512425,1.1154761904761905,133.35849669683907,160.91973657425115,0.8206059218032272,0.0060426662539338,0.0065709680068819,0.0073636639626673,17.061864540995355,17.158945119264917,24.34284514592709,24.83963790400723,0,203,0.2904761904761905,0.8688707962270407,20.740922619047627,18.02118195049535,4.440892098500625e-16,7.105427357601002e-15,0,1.587940203415015,160.91973657425115,4.0600000000000005,1.7914957768045123,165.58073417562127,1.1154761904761905,333.4674427171531
F3_seed16_life7_m1.25_raw_age_aware_censoring_aware,F3,16,7,1.25,raw,age_aware,censoring_aware,lightgbm_raw,7,30,36.39977777777778,184.6,167.11289636461186,17.487103635388166,1.1154761904761905,162.7399897869903,194.20343071524147,0.9052702944995225,0.0060426662539338,0.0056014737996186,0.0066749856817897,29.397545998751248,30.911395009680053,27.57937231394637,28.142216646884048,0,208,0.1857142857142857,3.652710939820991,20.740922619047627,75.7605949525759,8.88178419700125e-16,-2.131628207280301e-14,0,1.380957940059654,194.20343071524147,4.16,3.0867423298688808,87.43551817694083,1.1154761904761905,290.00116741252737
F3_seed16_life7_m1.25_selected_recovery_order_up_to_censoring_aware,F3,16,7,1.25,selected_recovery,order_up_to,censoring_aware,lightgbm_gbm_recovered,7,30,36.39977777777778,184.6,152.2633932621299,32.3366067378701,1.1154761904761905,134.3195462674251,161.56008918534116,0.8248287825684177,0.0060426662539338,0.0065339773146057,0.0073259643475555,17.556220181250286,17.340454592596785,24.009341134209205,24.499327687968574,0,204,0.2809523809523809,1.0721704277321322,20.740922619047627,22.23780387602335,8.88178419700125e-16,-3.552713678800501e-15,0,1.5727714389723766,161.56008918534116,4.08,1.84340311903128,161.68303368935045,1.1154761904761905,330.2820021841991
F3_seed16_life7_m1.25_selected_recovery_age_aware_censoring_aware,F3,16,7,1.25,selected_recovery,age_aware,censoring_aware,lightgbm_gbm_recovered,7,30,36.39977777777778,184.6,168.30773964923645,16.292260350763556,1.1154761904761905,164.10505394231248,194.82648783391932,0.9117429016751704,0.0060426662539338,0.005563338204405,0.006627598901874,30.13247891407384,31.081615880377615,26.82490413492848,27.37235115809028,0,206,0.1714285714285714,3.2181865820680478,20.740922619047627,66.74815887233073,6.661338147750939e-16,3.552713678800501e-15,0,1.3556532193532906,194.82648783391932,4.120000000000001,3.1639102859777526,81.46130175381779,1.1154761904761905,284.687176064191
F3_seed17_life7_m1.25_raw_order_up_to_censoring_aware,F3,17,7,1.25,raw,order_up_to,censoring_aware,lightgbm_raw,7,30,36.39977777777778,184.6,155.98226906190027,28.617730938099747,1.1154761904761905,139.60643774724815,162.9944652427627,0.8449743719496223,0.0060426662539338,0.0063377090811749,0.0071513012163807,17.51309222733897,18.90847027264948,20.128138190659268,20.53891652108089,0,206,0.2952380952380952,0.9826468122772049,20.740922619047627,20.38100149529533,4.440892098500625e-16,-3.552713678800501e-15,0,1.4912260514648008,162.9944652427627,4.120000000000001,1.8388746838705925,143.08865469049871,1.1154761904761905,313.1574708076081
F3_seed17_life7_m1.25_raw_age_aware_censoring_aware,F3,17,7,1.25,raw,age_aware,censoring_aware,lightgbm_raw,7,30,36.39977777777778,184.6,168.845021756496,15.754978243503995,1.1154761904761905,166.68779920851338,194.3869826898916,0.914653422299545,0.0060426662539338,0.0054925870258991,0.006606509205139,30.307715897615488,33.127079039318986,23.811443827580387,24.297391660796315,0,208,0.1523809523809523,3.644746360622764,20.740922619047627,75.59540223173221,8.88178419700125e-16,-1.4210854715202004e-14,0,1.3410460012720828,194.3869826898916,4.16,3.182310169249626,78.77489121751996,1.1154761904761905,281.6196602671374
F3_seed17_life7_m1.25_selected_recovery_order_up_to_censoring_aware,F3,17,7,1.25,selected_recovery,order_up_to,censoring_aware,lightgbm_gbm_recovered,7,30,36.39977777777778,184.6,157.3884353531599,27.211564646840056,1.1154761904761905,141.0432601809635,164.23821996333774,0.852591740808017,0.0060426662539338,0.0062863902878824,0.0070874088555058,17.883905628586685,18.939126415105143,19.910195383107457,20.31652590113006,0,206,0.2809523809523809,1.1670782933581192,20.740922619047627,24.20628057291092,8.88178419700125e-16,1.7763568394002505e-14,0,1.4638539499000751,164.23821996333774,4.120000000000001,1.8778100910016025,136.0578232342003,1.1154761904761905,307.4093294790158
F3_seed17_life7_m1.25_selected_recovery_age_aware_censoring_aware,F3,17,7,1.25,selected_recovery,age_aware,censoring_aware,lightgbm_gbm_recovered,7,30,36.39977777777778,184.6,169.9505521677002,14.64944783229978,1.1154761904761905,167.86124562571464,194.91575281228572,0.9206422110926338,0.0060426662539338,0.0054610330051695,0.0065635337823173,31.18597101078985,33.19499504531605,23.15619213032535,23.628767479923823,0,206,0.1380952380952381,3.2027276853105806,20.740922619047627,66.42752709090827,8.88178419700125e-16,-1.4210854715202004e-14,0,1.3174904529542562,194.91575281228572,4.120000000000001,3.2745269561329344,73.2472391614989,1.1154761904761905,276.6729951203938
F3_seed18_life7_m1.25_raw_order_up_to_censoring_aware,F3,18,7,1.25,raw,order_up_to,censoring_aware,lightgbm_raw,7,30,36.39977777777778,184.6,157.65288643969413,26.947113560305898,1.1154761904761905,140.8095993561137,165.15828403148635,0.854024303573641,0.0060426662539338,0.006294679257483,0.0070755202500075,16.236145485337865,18.44101450372113,21.045518994743013,21.47501938239083,0,204,0.2809523809523809,0.6966669664697764,20.740922619047627,14.44951564279628,4.440892098500625e-16,-3.552713678800501e-15,0,1.4609243966640602,165.15828403148635,4.08,1.704795275960476,134.7355678015295,1.1154761904761905,306.7941232994526
F3_seed18_life7_m1.25_raw_age_aware_censoring_aware,F3,18,7,1.25,raw,age_aware,censoring_aware,lightgbm_raw,7,30,36.39977777777778,184.6,170.49110718690469,14.108892813095306,1.1154761904761905,167.76728161619437,196.8300992684673,0.9235704614675228,0.0060426662539338,0.0054635463418401,0.00654272359938,29.63340729559946,32.56047601659127,25.12621566690364,25.638995578473104,0,208,0.1428571428571428,3.4357122495151886,20.740922619047627,71.25984190850858,8.88178419700125e-16,1.4210854715202004e-14,0,1.3131502251926572,196.8300992684673,4.16,3.1115077660379438,70.54446406547652,1.1154761904761905,275.761547290458
F3_seed18_life7_m1.25_selected_recovery_order_up_to_censoring_aware,F3,18,7,1.25,selected_recovery,order_up_to,censoring_aware,lightgbm_gbm_recovered,7,30,36.39977777777778,184.6,158.7973139695112,25.8026860304888,1.1154761904761905,142.10133721381442,166.04755794446157,0.86022380265174,0.0060426662539338,0.0062491272983293,0.0070245280766547,16.67037561161857,18.58832483160483,20.625269571757894,21.046193440569283,0,205,0.2857142857142857,0.8808043269272484,20.740922619047627,18.268694387320387,8.88178419700125e-16,-2.4868995751603507e-14,0,1.438223112983818,166.04755794446157,4.1000000000000005,1.7503894392199502,129.01343015244402,1.1154761904761905,302.02685372660176
F3_seed18_life7_m1.25_selected_recovery_age_aware_censoring_aware,F3,18,7,1.25,selected_recovery,age_aware,censoring_aware,lightgbm_gbm_recovered,7,30,36.39977777777778,184.6,171.5754720849722,13.024527915027786,1.1154761904761905,168.9975080552474,197.27053987861456,0.9294445941764476,0.0060426662539338,0.0054308224471038,0.006501373284427,30.560439117739417,32.7063375575768,24.32762102579484,24.82410308754575,0,206,0.1285714285714285,3.087009844203444,20.740922619047627,64.0274323028619,4.440892098500625e-16,0.0,0,1.2897023892932966,197.27053987861456,4.120000000000001,3.208846107362638,65.12263957513893,1.1154761904761905,270.8375017515923
F3_seed19_life7_m1.25_raw_order_up_to_censoring_aware,F3,19,7,1.25,raw,order_up_to,censoring_aware,lightgbm_raw,7,30,36.39977777777778,184.6,158.97049445884832,25.629505541151676,1.1154761904761905,140.54353668110917,165.75853463449516,0.8611619418139129,0.0060426662539338,0.0063041443181249,0.0070168756426995,16.2334776703996,16.857343809562433,21.899827260696085,22.34676251091437,0,206,0.2952380952380952,0.5319282612517595,20.740922619047627,11.032682905507292,4.440892098500625e-16,1.4210854715202004e-14,0,1.4326002556481987,165.75853463449516,4.120000000000001,1.7045151553919582,128.1475277057584,1.1154761904761905,300.8460536861217
F3_seed19_life7_m1.25_raw_age_aware_censoring_aware,F3,19,7,1.25,raw,age_aware,censoring_aware,lightgbm_raw,7,30,36.39977777777778,184.6,173.68544217331927,10.914557826680714,1.1154761904761905,170.33730156819658,199.65214723169635,0.9408745513180892,0.0060426662539338,0.0053956271124902,0.0064223931293163,29.53125115313172,31.93616098217888,25.321802718865847,25.838574202924327,0,208,0.1476190476190476,3.3262013420045853,20.740922619047627,68.98848464988947,8.88178419700125e-16,2.4868995751603507e-14,0,1.2504818758412135,199.65214723169635,4.16,3.1007813710788295,54.57278913340357,1.1154761904761905,262.6011939266549
F3_seed19_life7_m1.25_selected_recovery_order_up_to_censoring_aware,F3,19,7,1.25,selected_recovery,order_up_to,censoring_aware,lightgbm_gbm_recovered,7,30,36.39977777777778,184.6,160.05252132269078,24.547478677309204,1.1154761904761905,141.85748474194557,166.47175033301266,0.8670234091153347,0.0060426662539338,0.0062576759830627,0.0069694384147014,16.72154325002787,17.089265006556364,21.28483058440684,21.7192148820478,0,205,0.2904761904761905,0.6922328480517067,20.740922619047627,14.357547935803405,8.88178419700125e-16,2.131628207280301e-14,0,1.4103827711966086,166.47175033301266,4.1000000000000005,1.7557620412529265,122.73739338654605,1.1154761904761905,296.1803819512878
F3_seed19_life7_m1.25_selected_recovery_age_aware_censoring_aware,F3,19,7,1.25,selected_recovery,age_aware,censoring_aware,lightgbm_gbm_recovered,7,30,36.39977777777778,184.6,174.68580014426487,9.914199855735156,1.1154761904761905,171.3613515851301,199.98982719352563,0.94629360858215,0.0060426662539338,0.0053690321856487,0.0063856145694439,30.410827528860658,31.959853028166847,24.62867906452502,25.13130516788267,0,206,0.1285714285714285,2.909333638989399,20.740922619047627,60.34226387927136,6.661338147750939e-16,-1.7763568394002505e-14,0,1.228521140729562,199.98982719352563,4.120000000000001,3.1931368905303685,49.57099927867578,1.1154761904761905,257.989439553208
F3_seed20_life7_m1.25_raw_order_up_to_censoring_aware,F3,20,7,1.25,raw,order_up_to,censoring_aware,lightgbm_raw,7,30,36.39977777777778,184.6,156.87408563151047,27.725914368489505,1.1154761904761905,137.9692650450561,165.9460645159876,0.8498054476246504,0.0060426662539338,0.0063972146226068,0.0071106466436807,16.550004344599284,16.379481000847186,24.65787818061175,25.161100184297705,0,205,0.2666666666666666,0.7488655128200425,20.740922619047627,15.53216165347392,4.440892098500625e-16,3.197442310920451e-14,0,1.4834707762147346,165.9460645159876,4.1000000000000005,1.737750456182925,138.62957184244752,1.1154761904761905,311.52886300509425
F3_seed20_life7_m1.25_raw_age_aware_censoring_aware,F3,20,7,1.25,raw,age_aware,censoring_aware,lightgbm_raw,7,30,36.39977777777778,184.6,169.16567087624202,15.434329123758012,1.1154761904761905,164.07103806636036,195.7450226156181,0.9163904164476816,0.0060426662539338,0.0055642821912963,0.0065939867391431,29.91148992177356,30.189668777419943,27.759084096945383,28.325596017291204,0,208,0.1523809523809523,3.610476948961112,20.740922619047627,74.88462301625758,8.88178419700125e-16,-7.105427357601002e-15,0,1.3396802422222407,195.7450226156181,4.16,3.1407064417862243,77.17164561879005,1.1154761904761905,281.3328508666705
F3_seed20_life7_m1.25_selected_recovery_order_up_to_censoring_aware,F3,20,7,1.25,selected_recovery,order_up_to,censoring_aware,lightgbm_gbm_recovered,7,30,36.39977777777778,184.6,157.79635034214957,26.80364965785043,1.1154761904761905,139.0547033273496,166.67540351958155,0.8548014644753497,0.0060426662539338,0.0063576386504932,0.0070690873905353,17.178023363685895,16.542654572501625,24.28719212184031,24.78284910391868,0,206,0.2714285714285714,0.8406234467828256,20.740922619047627,17.435305861479687,8.88178419700125e-16,1.7763568394002505e-14,0,1.465394383107128,166.67540351958155,4.120000000000001,1.803692453187019,134.01824828925214,1.1154761904761905,307.73282045249687
F3_seed20_life7_m1.25_selected_recovery_age_aware_censoring_aware,F3,20,7,1.25,selected_recovery,age_aware,censoring_aware,lightgbm_gbm_recovered,7,30,36.39977777777778,184.6,170.28286785954094,14.31713214045904,1.1154761904761905,165.5950366654558,196.2430340866235,0.92244240443955,0.0060426662539338,0.0055223011221888,0.006550724711756,30.89076493669689,30.59647039321642,26.723136739435272,27.268506876974765,0,206,0.1476190476190476,3.1382424870372256,20.740922619047627,65.09004458344667,6.661338147750939e-16,3.907985046680551e-14,0,1.3157509585607052,196.2430340866235,4.120000000000001,3.243530318353173,71.5856607022952,1.1154761904761905,276.30770129774805
F3_seed21_life7_m1.25_raw_order_up_to_censoring_aware,F3,21,7,1.25,raw,order_up_to,censoring_aware,lightgbm_raw,7,30,36.39977777777778,184.6,154.93506168128283,29.664938318717155,1.1154761904761905,137.75586919777518,163.34997190024026,0.8393015259007737,0.0060426662539338,0.0064050532374225,0.0071996369212466,16.71385049431032,18.105109103793907,22.327103264460284,22.782758433122734,0,203,0.2809523809523809,0.7764579349103987,20.740922619047627,16.1044539449221,4.440892098500625e-16,3.907985046680551e-14,0,1.5171671142200227,163.34997190024026,4.0600000000000005,1.7549543019025835,148.32469159358578,1.1154761904761905,318.6050939862048
F3_seed21_life7_m1.25_raw_age_aware_censoring_aware,F3,21,7,1.25,raw,age_aware,censoring_aware,lightgbm_raw,7,30,36.39977777777778,184.6,168.88636285586398,15.713637144136008,1.1154761904761905,164.2064502116569,195.2515350663284,0.9148773719169228,0.0060426662539338,0.0055605262192305,0.0066048920209631,30.06732536014684,30.604388943094488,27.140054153344895,27.69393280953561,0,208,0.1523809523809523,3.5341605630570982,20.740922619047627,73.30175076165706,8.88178419700125e-16,1.4210854715202004e-14,0,1.3440584101919049,195.2515350663284,4.16,3.1570691628154184,78.56818572068002,1.1154761904761905,282.25226614030004
F3_seed21_life7_m1.25_selected_recovery_order_up_to_censoring_aware,F3,21,7,1.25,selected_recovery,order_up_to,censoring_aware,lightgbm_gbm_recovered,7,30,36.39977777777778,184.6,155.70627606665738,28.893723933342628,1.1154761904761905,138.47129067978972,163.86678956718845,0.8434792853015026,0.0060426662539338,0.006378849287736,0.0071639770640886,17.171441747186776,18.049316200433942,22.11816309605493,22.569554179647888,0,204,0.2857142857142857,1.018091399266627,20.740922619047627,21.116154931307037,8.88178419700125e-16,-1.4210854715202004e-14,0,1.5015899371801544,163.86678956718845,4.08,1.8030013834546117,144.46861966671315,1.1154761904761905,315.3338868078324
F3_seed21_life7_m1.25_selected_recovery_age_aware_censoring_aware,F3,21,7,1.25,selected_recovery,age_aware,censoring_aware,lightgbm_gbm_recovered,7,30,36.39977777777778,184.6,169.4204482144486,15.179551785551372,1.1154761904761905,165.2139137507805,195.11261960603449,0.9177705753762112,0.0060426662539338,0.0055327402718489,0.0065840705902527,31.063964629843067,31.07776712363347,25.99645346313329,26.526993329727848,0,206,0.1476190476190476,3.264973191683495,20.740922619047627,67.71855632197233,6.661338147750939e-16,1.7763568394002505e-14,0,1.3309884333828623,195.11261960603449,4.120000000000001,3.2617162861335225,75.89775892775687,1.1154761904761905,279.5075710104011
F3_seed22_life7_m1.25_raw_order_up_to_censoring_aware,F3,22,7,1.25,raw,order_up_to,censoring_aware,lightgbm_raw,7,30,36.39977777777778,184.6,153.57288700939165,31.02711299060833,1.1154761904761905,136.23717066134947,163.74479058260818,0.831922464839608,0.0060426662539338,0.0064613989100341,0.0072634969114566,16.81121104784278,17.948585239259387,24.232724109606533,24.727269499598496,0,205,0.2952380952380952,0.67969032504671,20.740922619047627,14.09740443670914,4.440892098500625e-16,2.4868995751603507e-14,0,1.5517190899340452,163.74479058260818,4.1000000000000005,1.7651771600234918,155.13556495304164,1.1154761904761905,325.8610088861495
F3_seed22_life7_m1.25_raw_age_aware_censoring_aware,F3,22,7,1.25,raw,age_aware,censoring_aware,lightgbm_raw,7,30,36.39977777777778,184.6,166.93627016360568,17.663729836394296,1.1154761904761905,161.73965924684938,194.11013364513087,0.9043134895103232,0.0060426662539338,0.0056297535070595,0.0066820481216153,29.434691543321502,30.087690670545243,28.48827172537891,29.06966502589684,0,208,0.1809523809523809,3.5939501539075254,20.740922619047627,74.54184203891029,8.88178419700125e-16,5.329070518200752e-14,0,1.3847376268077491,194.11013364513087,4.16,3.090642612048758,88.31864918197145,1.1154761904761905,290.7949016296273
F3_seed22_life7_m1.25_selected_recovery_order_up_to_censoring_aware,F3,22,7,1.25,selected_recovery,order_up_to,censoring_aware,lightgbm_gbm_recovered,7,30,36.39977777777778,184.6,154.7931506566409,29.806849343359108,1.1154761904761905,137.45802601183055,164.82140559789264,0.838532777121565,0.0060426662539338,0.0064160260060921,0.0072062373932197,17.271084543297455,17.949176942491228,24.066951474104247,24.55811374908597,0,206,0.2999999999999999,0.765770121966096,20.740922619047627,15.88277884367746,4.440892098500625e-16,1.7763568394002505e-14,0,1.5281171065819552,164.82140559789264,4.120000000000001,1.8134638770462324,149.03424671679556,1.1154761904761905,320.9045923822106
F3_seed22_life7_m1.25_selected_recovery_age_aware_censoring_aware,F3,22,7,1.25,selected_recovery,age_aware,censoring_aware,lightgbm_gbm_recovered,7,30,36.39977777777778,184.6,167.70853333937674,16.89146666062325,1.1154761904761905,162.6485996116654,194.21592282660328,0.9084969303324852,0.0060426662539338,0.0056040456350655,0.0066512786693978,30.447903990678,30.224367859590224,27.683004758405826,28.247964039189608,0,206,0.1809523809523809,3.1973944067712576,20.740922619047627,66.31690997341835,8.88178419700125e-16,1.7763568394002505e-14,0,1.3671702963772234,194.21592282660328,4.120000000000001,3.197029919021189,84.45733330311626,1.1154761904761905,287.10576223921686
F3_seed23_life7_m1.25_raw_order_up_to_censoring_aware,F3,23,7,1.25,raw,order_up_to,censoring_aware,lightgbm_raw,7,30,36.39977777777778,184.6,155.27817172687313,29.321828273126883,1.1154761904761905,137.68163279842713,163.77666832931064,0.8411601935366908,0.0060426662539338,0.0064077846496302,0.0071837282605198,16.208972723195643,17.687762658855583,22.819502164297297,23.28520629009929,0,204,0.2999999999999999,0.7291804314771417,20.740922619047627,15.123874904591156,4.440892098500625e-16,1.7763568394002505e-14,0,1.510872514387413,163.77666832931064,4.08,1.7019421359355429,146.6091413656344,1.1154761904761905,317.2832280213568
F3_seed23_life7_m1.25_raw_age_aware_censoring_aware,F3,23,7,1.25,raw,age_aware,censoring_aware,lightgbm_raw,7,30,36.39977777777778,184.6,170.2721979606384,14.327802039361575,1.1154761904761905,166.29036491605316,197.23391703401316,0.9223846043371527,0.0060426662539338,0.0055033568759243,0.0065511352049032,29.17911315622759,31.302468542716355,26.998873777279645,27.54987120130576,0,208,0.1571428571428571,3.4082163463438886,20.740922619047627,70.68955150849182,8.88178419700125e-16,-3.552713678800501e-15,0,1.3200581442985766,197.23391703401316,4.16,3.063806881403897,71.63901019680787,1.1154761904761905,277.21221030270107
F3_seed23_life7_m1.25_selected_recovery_order_up_to_censoring_aware,F3,23,7,1.25,selected_recovery,order_up_to,censoring_aware,lightgbm_gbm_recovered,7,30,36.39977777777778,184.6,156.13187461445335,28.468125385546635,1.1154761904761905,138.31062346960695,164.59145615427224,0.8457848028951969,0.0060426662539338,0.0063847154062493,0.0071444488399995,16.614937714611745,17.463050442455188,22.98900356157983,23.458166899571253,0,205,0.2904761904761905,0.9184828476051135,20.740922619047627,19.050181669100173,8.88178419700125e-16,7.105427357601002e-15,0,1.494724417773885,164.59145615427224,4.1000000000000005,1.7445684600342333,142.34062692773318,1.1154761904761905,313.89212773251586
F3_seed23_life7_m1.25_selected_recovery_age_aware_censoring_aware,F3,23,7,1.25,selected_recovery,age_aware,censoring_aware,lightgbm_gbm_recovered,7,30,36.39977777777778,184.6,171.49445010124984,13.10554989875016,1.1154761904761905,167.05481831801134,197.64008313517468,0.9290056885224802,0.0060426662539338,0.0054826787493707,0.0065044448366557,29.987250849254195,30.844669804063088,26.632463154459877,27.175982810673336,0,206,0.1571428571428571,3.078601287117417,20.740922619047627,63.85303107100277,8.88178419700125e-16,1.0658141036401504e-14,0,1.2931046198027305,197.64008313517468,4.120000000000001,3.1486613391716904,65.52774949375079,1.1154761904761905,271.55197015857334
F3_seed24_life7_m1.25_raw_order_up_to_censoring_aware,F3,24,7,1.25,raw,order_up_to,censoring_aware,lightgbm_raw,7,30,36.39977777777778,184.6,152.36684887709444,32.233151122905554,1.1154761904761905,134.15219069172312,161.70436946071914,0.8253892138520826,0.0060426662539338,0.0065403888356507,0.0073209900887034,16.817158871881603,17.069643401930254,24.31809137978165,24.81437895896087,0,204,0.2714285714285714,0.822865362755502,20.740922619047627,17.066986814806423,4.440892098500625e-16,2.131628207280301e-14,0,1.5706257283203364,161.70436946071914,4.08,1.7658016815475683,161.16575561452777,1.1154761904761905,329.83140294727065
F3_seed24_life7_m1.25_raw_age_aware_censoring_aware,F3,24,7,1.25,raw,age_aware,censoring_aware,lightgbm_raw,7,30,36.39977777777778,184.6,166.74946458471712,17.850535415282895,1.1154761904761905,161.7577422283939,193.25765085196792,0.9033015416290202,0.0060426662539338,0.0056292397605775,0.0066895338659961,29.246083591846865,30.2925792309784,27.63475560653468,28.19873021074967,0,207,0.1714285714285714,3.732613516212081,20.740922619047627,77.41784810656605,8.88178419700125e-16,-1.4210854715202004e-14,0,1.3849363947428692,193.25765085196792,4.140000000000001,3.070838777143921,89.25267707641446,1.1154761904761905,290.83664289600256
F3_seed24_life7_m1.25_selected_recovery_order_up_to_censoring_aware,F3,24,7,1.25,selected_recovery,order_up_to,censoring_aware,lightgbm_gbm_recovered,7,30,36.39977777777778,184.6,153.39799231298772,31.202007687012248,1.1154761904761905,135.1012035850714,162.52952220379615,0.830975039615318,0.0060426662539338,0.0065041971282726,0.0072717782915972,17.318811075059898,16.98751285938524,24.177728174648795,24.67115119862122,0,205,0.2809523809523809,0.9501666066461631,20.740922619047627,19.707332063651137,4.440892098500625e-16,3.197442310920451e-14,0,1.5503500571057849,162.52952220379615,4.1000000000000005,1.818475162881289,156.01003843506126,1.1154761904761905,325.57351199221483
F3_seed24_life7_m1.25_selected_recovery_age_aware_censoring_aware,F3,24,7,1.25,selected_recovery,age_aware,censoring_aware,lightgbm_gbm_recovered,7,30,36.39977777777778,184.6,167.44123438711128,17.15876561288872,1.1154761904761905,162.45911043278625,193.3352594340801,0.9070489403418812,0.0060426662539338,0.0056093856327661,0.0066618966024658,30.23663867218901,30.30217763297656,27.009443812612258,27.56065695164516,0,205,0.1761904761904762,3.255578298146499,20.740922619047627,67.5236975621073,8.88178419700125e-16,0.0,0,1.3691400511884748,193.3352594340801,4.1000000000000005,3.174847060579846,85.79382806444357,1.1154761904761905,287.51941074957966
F3_seed25_life7_m1.25_raw_order_up_to_censoring_aware,F3,25,7,1.25,raw,order_up_to,censoring_aware,lightgbm_raw,7,30,36.39977777777778,184.6,153.61334365192045,30.986656348079578,1.1154761904761905,134.15098079923015,163.04669772428684,0.8321416232498399,0.0060426662539338,0.0065404352333767,0.0072615839480963,16.115250765280283,15.821938734611322,25.634782970570935,26.15794180670504,0,204,0.3095238095238095,0.5459908134979715,20.740922619047627,11.324353213472293,4.440892098500625e-16,-1.7763568394002505e-14,0,1.546988366597692,163.04669772428684,4.08,1.6921013303544297,154.9332817403979,1.1154761904761905,324.8675569855153
F3_seed25_life7_m1.25_raw_age_aware_censoring_aware,F3,25,7,1.25,raw,age_aware,censoring_aware,lightgbm_raw,7,30,36.39977777777778,184.6,167.64664097347264,16.953359026527345,1.1154761904761905,161.05093643657003,194.20189657946537,0.9081616520773164,0.0060426662539338,0.0056493905069659,0.006653734211428,29.384420802863943,28.688597050398958,29.26692221130605,29.8642063380674,0,208,0.1476190476190476,3.610852174504007,20.740922619047627,74.89240554020746,8.88178419700125e-16,2.4868995751603507e-14,0,1.3682358670803758,194.20189657946537,4.16,3.0853641843007145,84.76679513263673,1.1154761904761905,287.32953208687894
F3_seed25_life7_m1.25_selected_recovery_order_up_to_censoring_aware,F3,25,7,1.25,selected_recovery,order_up_to,censoring_aware,lightgbm_gbm_recovered,7,30,36.39977777777778,184.6,154.39988674197406,30.200113258025937,1.1154761904761905,134.99591059458027,163.4340530927068,0.8364024200540306,0.0060426662539338,0.006508192831857,0.0072245920253835,16.63170063370847,15.88032543990782,25.16946143627236,25.68312391456363,0,204,0.2952380952380952,0.6307376008905257,20.740922619047627,13.08207977299414,8.88178419700125e-16,1.2434497875801752e-14,0,1.5303639244754863,163.4340530927068,4.08,1.7463285665393893,151.00056629012968,1.1154761904761905,321.37642413985213
F3_seed25_life7_m1.25_selected_recovery_age_aware_censoring_aware,F3,25,7,1.25,selected_recovery,age_aware,censoring_aware,lightgbm_gbm_recovered,7,30,36.39977777777778,184.6,168.91474669988273,15.685253300117264,1.1154761904761905,162.10969062340055,194.8901671298568,0.9150311305519108,0.0060426662539338,0.0056192593706505,0.0066037821579787,30.168246325127665,28.479245510819425,28.882673163859067,29.47211547332558,0,206,0.1523809523809523,3.156460783749603,20.740922619047627,65.46790886580894,8.88178419700125e-16,-3.552713678800501e-15,0,1.3415217889764652,194.8901671298568,4.120000000000001,3.167665864138405,78.42626650058631,1.1154761904761905,281.7195756850577
F3_seed26_life7_m1.25_raw_order_up_to_censoring_aware,F3,26,7,1.25,raw,order_up_to,censoring_aware,lightgbm_raw,7,30,36.39977777777778,184.6,157.23060363611816,27.36939636388184,1.1154761904761905,138.24364384281714,164.61989793975027,0.8517367477579532,0.0060426662539338,0.0063871640862575,0.0070945233604633,16.018360304708175,16.297341794000566,23.08385613813813,23.55495524299809,0,205,0.2714285714285714,0.624724141596116,20.740922619047627,12.957355079095995,4.440892098500625e-16,3.552713678800501e-15,0,1.4684013513410952,164.61989793975027,4.1000000000000005,1.6819278319943582,136.8469818194092,1.1154761904761905,308.36428378163
F3_seed26_life7_m1.25_raw_age_aware_censoring_aware,F3,26,7,1.25,raw,age_aware,censoring_aware,lightgbm_raw,7,30,36.39977777777778,184.6,171.941319744828,12.658680255171962,1.1154761904761905,166.57762765959583,197.45822431030655,0.931426434153998,0.0060426662539338,0.0054955682780187,0.0064875400056928,28.742189695573177,29.920609502069397,26.931432164504614,27.481053229086346,0,208,0.1428571428571428,3.4010122824961595,20.740922619047627,70.5401325776834,8.88178419700125e-16,2.842170943040401e-14,0,1.2811668175937037,197.45822431030655,4.16,3.017929918035183,63.29340127585981,1.1154761904761905,269.04503169467773
F3_seed26_life7_m1.25_selected_recovery_order_up_to_censoring_aware,F3,26,7,1.25,selected_recovery,order_up_to,censoring_aware,lightgbm_gbm_recovered,7,30,36.39977777777778,184.6,157.9641707787035,26.635829221296483,1.1154761904761905,139.1067752184932,165.33923033521629,0.8557105675986105,0.0060426662539338,0.006355752371821,0.0070615772233495,16.62017014912703,16.426906027091253,22.92567051001877,23.393541336753845,0,206,0.2666666666666666,0.8117114551206408,20.740922619047627,16.835644479651762,4.440892098500625e-16,3.552713678800501e-14,0,1.4547570023706344,165.33923033521629,4.120000000000001,1.7451178656583384,133.1791461064824,1.1154761904761905,305.4989704978332
F3_seed26_life7_m1.25_selected_recovery_age_aware_censoring_aware,F3,26,7,1.25,selected_recovery,age_aware,censoring_aware,lightgbm_gbm_recovered,7,30,36.39977777777778,184.6,172.8011961577825,11.798803842217502,1.1154761904761905,167.59901231101065,197.85477844297736,0.9360844862285076,0.0060426662539338,0.0054680529722293,0.0064552573435756,29.61884309764284,30.08211774052973,26.29867056310718,26.83537812561957,0,206,0.1428571428571428,3.058517500791853,20.740922619047627,63.436474812926775,8.88178419700125e-16,1.7763568394002505e-14,0,1.2628297731894933,197.85477844297736,4.120000000000001,3.1099785252524983,58.99401921108751,1.1154761904761905,265.1942523697936
F3_seed27_life7_m1.25_raw_order_up_to_censoring_aware,F3,27,7,1.25,raw,order_up_to,censoring_aware,lightgbm_raw,7,30,36.39977777777778,184.6,157.0139735508401,27.58602644915991,1.1154761904761905,135.6510767120292,165.13231923446276,0.8505632370034674,0.0060426662539338,0.0064834097673271,0.007104311579727,16.041011323521328,13.9214047484907,26.178596137744307,26.7128532017799,0,205,0.3047619047619047,0.6034515855572355,20.740922619047627,12.516142640384222,4.440892098500625e-16,1.0658141036401504e-14,0,1.4760106374271822,165.13231923446276,4.1000000000000005,1.6843061889697395,137.93013224579957,1.1154761904761905,309.96223385970825
F3_seed27_life7_m1.25_raw_age_aware_censoring_aware,F3,27,7,1.25,raw,age_aware,censoring_aware,lightgbm_raw,7,30,36.39977777777778,184.6,172.9938637418316,11.606136258168371,1.1154761904761905,165.8044927848108,199.0549406091274,0.937128189284028,0.0060426662539338,0.0055165807694002,0.0064480679623462,28.425625236120705,28.09493063028076,29.26934901213404,29.86668266544289,0,209,0.1619047619047619,3.335048487400668,20.740922619047627,69.17198260794909,8.88178419700125e-16,3.907985046680551e-14,0,1.2636466130487527,199.0549406091274,4.180000000000001,2.984690649792674,58.030681290841855,1.1154761904761905,265.3657887402381
F3_seed27_life7_m1.25_selected_recovery_order_up_to_censoring_aware,F3,27,7,1.25,selected_recovery,order_up_to,censoring_aware,lightgbm_gbm_recovered,7,30,36.39977777777778,184.6,158.58047880733864,26.019521192661376,1.1154761904761905,137.19725578563234,166.31219142771047,0.8590491809714986,0.0060426662539338,0.006425663892861,0.00703413307152,16.44870986692794,13.901078565595286,25.788691813523943,26.314991646453,0,206,0.2999999999999999,0.7715095920683057,20.740922619047627,16.00182074894173,4.440892098500625e-16,8.88178419700125e-15,0,1.4446304196072428,166.31219142771047,4.120000000000001,1.7271145360274338,130.09760596330688,1.1154761904761905,303.372388117521
F3_seed27_life7_m1.25_selected_recovery_age_aware_censoring_aware,F3,27,7,1.25,selected_recovery,age_aware,censoring_aware,lightgbm_gbm_recovered,7,30,36.39977777777778,184.6,173.94894557540022,10.6510544245998,1.1154761904761905,167.31252454774847,199.3714090524697,0.9423019803651148,0.0060426662539338,0.0054757428871119,0.0064126642836858,29.306424904568185,28.64788055964986,28.071456323671775,28.644343187420183,0,207,0.1428571428571428,2.9453938242655893,20.740922619047627,61.09018539171336,8.88178419700125e-16,-1.4210854715202004e-14,0,1.2426634856234495,199.3714090524697,4.140000000000001,3.0771746149796595,53.255272122999,1.1154761904761905,260.95933198092445
F3_seed28_life7_m1.25_raw_order_up_to_censoring_aware,F3,28,7,1.25,raw,order_up_to,censoring_aware,lightgbm_raw,7,30,36.39977777777778,184.6,154.36862712160212,30.231372878397885,1.1154761904761905,136.62858220882333,162.19254699101054,0.836233082998928,0.0060426662539338,0.0064467824266644,0.0072260550040228,16.189536657310104,17.54425667452279,22.320113842367007,22.775626369762254,0,205,0.2904761904761905,1.0924401099479766,20.740922619047627,22.658215786374864,4.440892098500625e-16,2.131628207280301e-14,0,1.525070423440446,162.19254699101054,4.1000000000000005,1.6999013490175607,151.15686439198942,1.1154761904761905,320.26478892249366
F3_seed28_life7_m1.25_raw_age_aware_censoring_aware,F3,28,7,1.25,raw,age_aware,censoring_aware,lightgbm_raw,7,30,36.39977777777778,184.6,166.81148164868307,17.788518351316913,1.1154761904761905,162.24038615882168,193.36649381287285,0.9036374953883156,0.0060426662539338,0.0056155621721708,0.0066870468354538,29.29049883310002,30.713206097440143,27.258777777793767,27.81507936509568,0,208,0.1714285714285714,3.6855234035654574,20.740922619047627,76.44115572404017,8.88178419700125e-16,6.039613253960852e-14,0,1.384095543511472,193.36649381287285,4.16,3.075502377475502,88.94259175658456,1.1154761904761905,290.6600641374091
F3_seed28_life7_m1.25_selected_recovery_order_up_to_censoring_aware,F3,28,7,1.25,selected_recovery,order_up_to,censoring_aware,lightgbm_gbm_recovered,7,30,36.39977777777778,184.6,155.29979573478045,29.300204265219563,1.1154761904761905,137.5641644005957,163.02054887047478,0.8412773333411725,0.0060426662539338,0.0064121114784375,0.0071827279952202,16.702802723826828,17.548670253116853,22.195973492469577,22.648952543336303,0,205,0.2809523809523809,1.2376179195006407,20.740922619047627,25.669337500309503,8.88178419700125e-16,-3.552713678800501e-15,0,1.5070992413002409,163.02054887047478,4.1000000000000005,1.753794286001817,146.50102132609783,1.1154761904761905,316.49084067305057
F3_seed28_life7_m1.25_selected_recovery_age_aware_censoring_aware,F3,28,7,1.25,selected_recovery,age_aware,censoring_aware,lightgbm_gbm_recovered,7,30,36.39977777777778,184.6,167.72346831907385,16.876531680926153,1.1154761904761905,163.239449256039,193.75699821741392,0.9085778348812233,0.0060426662539338,0.0055874599749238,0.0066506864045652,30.222196753353465,30.80028252426672,26.64240899702664,27.18613162961902,0,206,0.1619047619047619,3.2871903024564357,20.740922619047627,68.17935969733269,8.88178419700125e-16,2.4868995751603507e-14,0,1.3645164927220144,193.75699821741392,4.120000000000001,3.1733306591021133,84.38265840463077,1.1154761904761905,286.54846347162294
F3_seed29_life7_m1.25_raw_order_up_to_censoring_aware,F3,29,7,1.25,raw,order_up_to,censoring_aware,lightgbm_raw,7,30,36.39977777777778,184.6,156.3243274526115,28.275672547388503,1.1154761904761905,137.18919486267,164.4428255646981,0.8468273426468662,0.0060426662539338,0.0064259622803728,0.0071356532195178,16.306235815057164,16.149168997360082,23.964774190734158,24.45385121503485,0,205,0.2904761904761905,0.5690007666981727,20.740922619047627,11.801600872265574,4.440892098500625e-16,2.131628207280301e-14,0,1.4892800916795133,164.4428255646981,4.1000000000000005,1.712154760581002,141.3783627369425,1.1154761904761905,312.7488192526978
F3_seed29_life7_m1.25_raw_age_aware_censoring_aware,F3,29,7,1.25,raw,age_aware,censoring_aware,lightgbm_raw,7,30,36.39977777777778,184.6,169.43524489919562,15.1647551008044,1.1154761904761905,165.1730167226939,196.24582273897576,0.9178507307648734,0.0060426662539338,0.0055338628074314,0.006583495607067,29.41411620823805,31.02207341079988,27.1478895615024,27.70192812398204,0,208,0.1571428571428571,3.507940157610965,20.740922619047627,72.75791536125875,8.88178419700125e-16,-1.7763568394002505e-14,0,1.335397888739709,196.24582273897576,4.16,3.088482201864996,75.82377550402198,1.1154761904761905,280.43355663533896
F3_seed29_life7_m1.25_selected_recovery_order_up_to_censoring_aware,F3,29,7,1.25,selected_recovery,order_up_to,censoring_aware,lightgbm_gbm_recovered,7,30,36.39977777777778,184.6,157.2279187807136,27.37208121928644,1.1154761904761905,137.8817008203028,165.17818615609366,0.8517222035791636,0.0060426662539338,0.0064004287744691,0.0070946445079639,16.87659635416245,15.9380836268908,23.992921612669,24.48257307415204,0,206,0.2904761904761905,0.7084123487937062,20.740922619047627,14.69312570870804,8.88178419700125e-16,-3.552713678800501e-15,0,1.4716481479056625,165.17818615609366,4.120000000000001,1.7720426171870574,136.86040609643217,1.1154761904761905,309.0461110601891
F3_seed29_life7_m1.25_selected_recovery_age_aware_censoring_aware,F3,29,7,1.25,selected_recovery,age_aware,censoring_aware,lightgbm_gbm_recovered,7,30,36.39977777777778,184.6,170.6232408288287,13.97675917117129,1.1154761904761905,166.51606550300846,196.8354434189536,0.9242862450099064,0.0060426662539338,0.0054972355654488,0.0065376567990245,30.39988854937189,31.17712626148133,26.382669047566058,26.921090864863324,0,206,0.1428571428571428,3.092372078508109,20.740922619047627,64.13864998964017,8.88178419700125e-16,2.4868995751603507e-14,0,1.310222398871287,196.8354434189536,4.120000000000001,3.191988297684049,69.88379585585643,1.1154761904761905,275.14670376297033
F3_seed00_life7_m1.5_raw_order_up_to_censoring_aware,F3,0,7,1.5,raw,order_up_to,censoring_aware,lightgbm_raw,7,30,36.39977777777778,221.52,173.2429758185758,48.27702418142422,1.0345396825396826,151.18663256113516,180.0964195909798,0.7820647156851562,0.0046701863603272,0.0055150033558964,0.0059716111296949,12.249391416707295,13.308894837797435,25.30785863802505,25.82434554900515,0,205,0.4333333333333333,0.5682969511685699,29.86692857142853,16.973284447912288,4.440892098500625e-16,3.552713678800501e-14,0,2.0376298394256893,180.0964195909798,4.1000000000000005,1.286186098754266,241.3851209071211,1.0345396825396826,427.9022662793948
F3_seed00_life7_m1.5_raw_age_aware_censoring_aware,F3,0,7,1.5,raw,age_aware,censoring_aware,lightgbm_raw,7,30,36.39977777777778,221.52,195.15918878702703,26.36081121297291,1.0345396825396826,183.76641330550328,217.82914355371548,0.881000310522874,0.0046701863603272,0.0046989034849058,0.0053010042159411,22.95639226192496,23.972462613714303,29.70614737713785,30.312395282793727,0,208,0.238095238095238,1.8870454764183813,29.86692857142853,56.36025245522512,8.88178419700125e-16,3.907985046680551e-14,0,1.701134097564866,217.82914355371548,4.16,2.410421187502121,131.8040560648646,1.0345396825396826,357.2381604886218
F3_seed00_life7_m1.5_selected_recovery_order_up_to_censoring_aware,F3,0,7,1.5,selected_recovery,order_up_to,censoring_aware,lightgbm_gbm_recovered,7,30,36.39977777777778,221.52,174.7037775214779,46.81622247852212,1.0345396825396826,152.9081433392609,181.21370691842847,0.788659161797932,0.0046701863603272,0.005464851530962,0.0059216789540369,12.740722275558133,13.569603913021108,24.681289440798995,25.184989225305095,0,206,0.4142857142857143,0.7523974277214112,29.86692857142853,22.471800231081957,4.440892098500625e-16,1.0658141036401504e-14,0,2.0085101658691067,181.21370691842847,4.120000000000001,1.3377758389336036,234.08111239261055,1.0345396825396826,421.7871348325124
F3_seed00_life7_m1.5_selected_recovery_age_aware_censoring_aware,F3,0,7,1.5,selected_recovery,age_aware,censoring_aware,lightgbm_gbm_recovered,7,30,36.39977777777778,221.52,196.0579321993916,25.46206780060841,1.0345396825396826,184.97278678334183,218.42235965633265,0.885057476523075,0.0046701863603272,0.0046732967320982,0.0052767040381082,23.93709531123667,24.280092679188343,29.081125679864154,29.67461804067771,0,206,0.2238095238095238,1.61928319141568,29.86692857142853,48.36301541492696,8.88178419700125e-16,3.552713678800501e-15,0,1.6828601588075918,218.42235965633265,4.120000000000001,2.51339500767985,127.31033900304206,1.0345396825396826,353.4006333495943
F3_seed01_life7_m1.5_raw_order_up_to_censoring_aware,F3,1,7,1.5,raw,order_up_to,censoring_aware,lightgbm_raw,7,30,36.39977777777778,221.52,167.19930666241197,54.32069333758804,1.0345396825396826,143.37653805046196,173.29198690990242,0.7547819910726434,0.0046701863603272,0.0057545938561122,0.0061874639506041,12.906717188114593,11.542469483288082,26.44960912124244,26.989397062492284,0,203,0.4285714285714285,0.5023447301371732,29.86692857142853,15.0034941732405,4.440892098500625e-16,1.0658141036401504e-14,0,2.1492628504054014,173.29198690990242,4.0600000000000005,1.355205304752032,271.6034666879402,1.0345396825396826,451.3451985851344
F3_seed01_life7_m1.5_raw_age_aware_censoring_aware,F3,1,7,1.5,raw,age_aware,censoring_aware,lightgbm_raw,7,30,36.39977777777778,221.52,187.6759432109724,33.844056789027604,1.0345396825396826,175.79040969521438,209.41369431192828,0.8472189563514465,0.0046701863603272,0.0048755302724418,0.0055123723629124,23.243397927870067,23.479704579480074,29.435010730475295,30.03572523517888,0,209,0.2476190476190476,2.1261115008763127,29.86692857142853,63.50042033156556,8.88178419700125e-16,0.0,0,1.83947178439063,209.41369431192828,4.180000000000001,2.440556782426356,169.22028394513802,1.0345396825396826,386.2890747220323
F3_seed01_life7_m1.5_selected_recovery_order_up_to_censoring_aware,F3,1,7,1.5,selected_recovery,order_up_to,censoring_aware,lightgbm_gbm_recovered,7,30,36.39977777777778,221.52,168.03119888843602,53.488801111563994,1.0345396825396826,144.54259276713773,173.9608844441342,0.7585373730969485,0.0046701863603272,0.0057175092789163,0.0061568309301093,13.44851084480467,11.876631973939787,25.939073988113797,26.46844284501408,0,204,0.4285714285714285,0.643189056702745,29.86692857142853,19.210081614465384,8.88178419700125e-16,-1.7763568394002505e-15,0,2.133007253919992,173.9608844441342,4.08,1.4120936387044898,267.44400555781993,1.0345396825396826,447.93152332319835
F3_seed01_life7_m1.5_selected_recovery_age_aware_censoring_aware,F3,1,7,1.5,selected_recovery,age_aware,censoring_aware,lightgbm_gbm_recovered,7,30,36.39977777777778,221.52,188.58637070767088,32.93362929232909,1.0345396825396826,176.72705389173154,209.7857893348146,0.8513288674055206,0.0046701863603272,0.0048541034201827,0.0054857606021981,24.001144821344155,23.505921279298704,28.8630196563868,29.452060873864088,0,207,0.238095238095238,1.781416088230669,29.86692857142853,53.20542706317902,8.88178419700125e-16,3.197442310920451e-14,0,1.8197552175487663,209.7857893348146,4.140000000000001,2.5201202062411365,164.66814646164545,1.0345396825396826,382.1485956852409
F3_seed02_life7_m1.5_raw_order_up_to_censoring_aware,F3,2,7,1.5,raw,order_up_to,censoring_aware,lightgbm_raw,7,30,36.39977777777778,221.52,166.9789089022357,54.541091097764316,1.0345396825396826,146.56683454755108,174.95910580882526,0.7537870571606885,0.0046701863603272,0.0056542539067192,0.0061956308694374,12.992664864914977,14.953163740553451,24.89308914509768,25.401111372548645,0,204,0.4428571428571428,0.8659353919096404,29.86692857142853,25.862830497637205,4.440892098500625e-16,3.197442310920451e-14,0,2.1625872894809643,174.95910580882526,4.08,1.3642298108160726,272.70545548882154,1.0345396825396826,454.14333079100254
F3_seed02_life7_m1.5_raw_age_aware_censoring_aware,F3,2,7,1.5,raw,age_aware,censoring_aware,lightgbm_raw,7,30,36.39977777777778,221.52,190.51775801210647,31.002241987893505,1.0345396825396826,178.8829678714351,214.54069901377756,0.8600476616653416,0.0046701863603272,0.0048054927923735,0.0054301483144366,23.224555342161455,23.730447954566703,31.366917162066887,32.00705832863969,0,208,0.2571428571428571,2.0070613512888955,29.86692857142853,59.94475801742027,8.88178419700125e-16,4.2632564145606005e-14,0,1.7961191759367223,214.54069901377756,4.16,2.4385783109269528,155.01120993946753,1.0345396825396826,377.1850269467117
F3_seed02_life7_m1.5_selected_recovery_order_up_to_censoring_aware,F3,2,7,1.5,selected_recovery,order_up_to,censoring_aware,lightgbm_gbm_recovered,7,30,36.39977777777778,221.52,169.12450006030986,52.395499939690154,1.0345396825396826,148.4029253189801,176.6943789444177,0.7634728243964873,0.0046701863603272,0.0055980765714126,0.0061170302479579,13.2293787899513,14.643663353908355,24.757566046549204,25.262822496478783,0,203,0.4285714285714285,1.086860611030661,29.86692857142853,32.46118823675192,8.88178419700125e-16,-1.4210854715202004e-14,0,2.1197881099921574,176.6943789444177,4.0600000000000005,1.3890847729448863,261.97749969845074,1.0345396825396826,445.15550309835305
F3_seed02_life7_m1.5_selected_recovery_age_aware_censoring_aware,F3,2,7,1.5,selected_recovery,age_aware,censoring_aware,lightgbm_gbm_recovered,7,30,36.39977777777778,221.52,192.29830534197228,29.221694658027733,1.0345396825396826,180.52992442326587,215.5328686099284,0.8680855242956494,0.0046701863603272,0.0047690089095356,0.0053798689525626,23.99051115663536,23.596857176531664,30.69228681446401,31.318660014759192,0,206,0.238095238095238,1.7177396874069428,29.86692857142853,51.303608548091134,8.88178419700125e-16,2.4868995751603507e-14,0,1.758642310733588,215.5328686099284,4.120000000000001,2.519003671446712,146.10847329013868,1.0345396825396826,369.31488525405354
F3_seed03_life7_m1.5_raw_order_up_to_censoring_aware,F3,3,7,1.5,raw,order_up_to,censoring_aware,lightgbm_raw,7,30,36.39977777777778,221.52,164.7568756171711,56.7631243828289,1.0345396825396826,144.42779274469194,173.49438913947762,0.7437562099005556,0.0046701863603272,0.0057211390915144,0.0062791897373894,13.707282660060372,15.036155222758904,25.59670861199615,26.119090420404238,0,203,0.4285714285714285,0.5754185864509314,29.86692857142853,17.185985820202344,4.440892098500625e-16,5.1514348342607263e-14,0,2.208780073406991,173.49438913947762,4.0600000000000005,1.4392646793063388,283.81562191414446,1.0345396825396826,463.8438154154681
F3_seed03_life7_m1.5_raw_age_aware_censoring_aware,F3,3,7,1.5,raw,age_aware,censoring_aware,lightgbm_raw,7,30,36.39977777777778,221.52,189.4794729077136,32.040527092286474,1.0345396825396826,178.23725341222706,213.12032867844945,0.8553605674779414,0.0046701863603272,0.004819949646172,0.0054599037387208,23.831339698380816,24.123018599751603,30.620668692653453,31.24558029862597,0,208,0.2714285714285714,1.937064722272644,29.86692857142853,57.85417369835111,8.88178419700125e-16,3.552713678800501e-15,0,1.8143799737654835,213.12032867844945,4.16,2.502290668329985,160.20263546143235,1.0345396825396826,381.0197944907515
F3_seed03_life7_m1.5_selected_recovery_order_up_to_censoring_aware,F3,3,7,1.5,selected_recovery,order_up_to,censoring_aware,lightgbm_gbm_recovered,7,30,36.39977777777778,221.52,165.92868096498273,55.59131903501726,1.0345396825396826,145.81645478024208,174.17457839317876,0.7490460498599799,0.0046701863603272,0.0056775385376836,0.0062348454560306,14.12889080032129,15.253011910497412,24.874632045073085,25.382277597013356,0,203,0.4285714285714285,0.8261630045544683,29.86692857142853,24.67495144538509,8.88178419700125e-16,4.085620730620576e-14,0,2.184329746594469,174.17457839317876,4.0600000000000005,1.483533534033735,277.95659517508625,1.0345396825396826,458.70924678483846
F3_seed03_life7_m1.5_selected_recovery_age_aware_censoring_aware,F3,3,7,1.5,selected_recovery,age_aware,censoring_aware,lightgbm_gbm_recovered,7,30,36.39977777777778,221.52,190.6797317603184,30.840268239681656,1.0345396825396826,180.02309976212544,213.8458965741931,0.8607788541003899,0.0046701863603272,0.0047801770972615,0.0054255356507428,24.467981547120072,24.708606097045195,29.545878880583775,30.148856000595693,0,206,0.2523809523809523,1.6833986282871714,29.86692857142853,50.27794658829372,8.88178419700125e-16,-1.4210854715202004e-14,0,1.7893853119885177,213.8458965741931,4.120000000000001,2.5691380624476072,154.20134119840827,1.0345396825396826,375.7709155175887
F3_seed04_life7_m1.5_raw_order_up_to_censoring_aware,F3,4,7,1.5,raw,order_up_to,censoring_aware,lightgbm_raw,7,30,36.39977777777778,221.52,169.35392532069957,52.16607467930044,1.0345396825396826,148.43639475966964,176.1155202660573,0.7645085108373944,0.0046701863603272,0.0055970628927088,0.0061087434529823,13.129276535902443,14.447707534208172,24.156815101066496,24.649811327618877,0,203,0.4333333333333333,0.5101875319659733,29.86692857142853,15.237734575261138,4.440892098500625e-16,-3.552713678800501e-15,0,2.111519082768423,176.1155202660573,4.0600000000000005,1.3785740362697565,260.8303733965022,1.0345396825396826,443.4190073813688
F3_seed04_life7_m1.5_raw_age_aware_censoring_aware,F3,4,7,1.5,raw,age_aware,censoring_aware,lightgbm_raw,7,30,36.39977777777778,221.52,190.8895913038824,30.63040869611763,1.0345396825396826,181.07261363486836,213.99008673771849,0.8617262157091115,0.0046701863603272,0.0047571081359779,0.0054195709439849,23.92645880358986,25.548260426224022,28.637671368095774,29.222113640914053,0,207,0.2285714285714285,1.9465311001900427,29.86692857142853,58.13690533144021,8.88178419700125e-16,2.842170943040401e-14,0,1.784899752739158,213.99008673771849,4.140000000000001,2.5122781743769345,153.15204348058813,1.0345396825396826,374.8289480752232
F3_seed04_life7_m1.5_selected_recovery_order_up_to_censoring_aware,F3,4,7,1.5,selected_recovery,order_up_to,censoring_aware,lightgbm_gbm_recovered,7,30,36.39977777777778,221.52,170.33739371148715,51.18260628851286,1.0345396825396826,149.49523577374637,176.7021063400636,0.7689481478488946,0.0046701863603272,0.0055651825338119,0.0060734737100178,13.52301236247904,14.52308015749732,23.672828439515975,24.155947387261204,0,204,0.4095238095238095,0.7096709375075311,29.86692857142853,21.19569119975616,4.440892098500625e-16,3.552713678800501e-15,0,2.0911885417296565,176.7021063400636,4.08,1.4199162980602993,255.9130314425643,1.0345396825396826,439.1495937632279
F3_seed04_life7_m1.5_selected_recovery_age_aware_censoring_aware,F3,4,7,1.5,selected_recovery,age_aware,censoring_aware,lightgbm_gbm_recovered,7,30,36.39977777777778,221.52,192.5453310113372,28.974668988662835,1.0345396825396826,182.7238498333422,215.0392224781188,0.8692006636481455,0.0046701863603272,0.0047212602941006,0.005372966859834,24.585913542620336,25.543756917243133,28.014588195214237,28.586314484912485,0,205,0.2238095238095238,1.7396605004754904,29.86692857142853,51.95831590623709,8.88178419700125e-16,0.0,0,1.7506125144092752,215.0392224781188,4.1000000000000005,2.581520921975136,144.87334494331415,1.0345396825396826,367.6286280259478
F3_seed05_life7_m1.5_raw_order_up_to_censoring_aware,F3,5,7,1.5,raw,order_up_to,censoring_aware,lightgbm_raw,7,30,36.39977777777778,221.52,171.94171669616793,49.57828330383209,1.0345396825396826,149.8824157919681,178.36666741166712,0.7761904870719029,0.0046701863603272,0.0055536155266087,0.0060168044289553,13.335748257835228,13.305937191038282,24.91691827146568,25.425426807618035,0,203,0.419047619047619,0.7242480219163823,29.86692857142853,21.631063938575,4.440892098500625e-16,-8.88178419700125e-15,0,2.0607279865735237,178.36666741166712,4.0600000000000005,1.4002535670726988,247.89141651916043,1.0345396825396826,432.7528771804399
F3_seed05_life7_m1.5_raw_age_aware_censoring_aware,F3,5,7,1.5,raw,age_aware,censoring_aware,lightgbm_raw,7,30,36.39977777777778,221.52,192.96676880732144,28.553231192678588,1.0345396825396826,182.136165566752,216.18277782041343,0.8711031455729569,0.0046701863603272,0.0047339566512804,0.0053612323455168,24.44915216209896,24.53463485466863,29.72295669725327,30.32954765025844,0,208,0.2285714285714285,1.9317366352862628,29.86692857142853,57.6950401049065,8.88178419700125e-16,2.4868995751603507e-14,0,1.7462411163969835,216.18277782041343,4.16,2.5671609770203903,142.76615596339295,1.0345396825396826,366.7106344433665
F3_seed05_life7_m1.5_selected_recovery_order_up_to_censoring_aware,F3,5,7,1.5,selected_recovery,order_up_to,censoring_aware,lightgbm_gbm_recovered,7,30,36.39977777777778,221.52,173.8467763663531,47.6732236336469,1.0345396825396826,151.88646619171425,179.91769306571686,0.7847904314118505,0.0046701863603272,0.005494504859884,0.0059508706699258,13.60746097928496,13.404927920599238,24.432873012688265,24.93150307417169,0,205,0.4,0.9164449849563876,29.86692857142853,27.37139690533633,8.88178419700125e-16,1.7763568394002505e-15,0,2.023081591996742,179.91769306571686,4.1000000000000005,1.428783402824921,238.3661181682345,1.0345396825396826,424.8471343193159
F3_seed05_life7_m1.5_selected_recovery_age_aware_censoring_aware,F3,5,7,1.5,selected_recovery,age_aware,censoring_aware,lightgbm_gbm_recovered,7,30,36.39977777777778,221.52,194.3999063840724,27.12009361592761,1.0345396825396826,183.58732986703015,216.9069179478524,0.8775727084871453,0.0046701863603272,0.0047027286899469,0.0053217087486439,25.354336790196893,24.552661578195867,28.981449721865136,29.57290787945422,0,206,0.219047619047619,1.6474781633244855,29.86692857142853,49.20511262700068,8.88178419700125e-16,3.552713678800501e-15,0,1.715829195585718,216.9069179478524,4.120000000000001,2.6622053629706737,135.60046807963806,1.0345396825396826,360.3241310730008
F3_seed06_life7_m1.5_raw_order_up_to_censoring_aware,F3,6,7,1.5,raw,order_up_to,censoring_aware,lightgbm_raw,7,30,36.39977777777778,221.52,170.34467210079626,51.17532789920376,1.0345396825396826,147.62252161607725,179.27595403633532,0.7689810044275743,0.0046701863603272,0.0056218169534198,0.0060732142061216,12.86786138914882,12.643087610519094,28.06791333953137,28.640727897480986,0,202,0.4285714285714285,0.7014481803203813,29.86692857142853,20.95010269818735,4.440892098500625e-16,0.0,0,2.102753612670259,179.27595403633532,4.040000000000001,1.351125445860626,255.8766394960188,1.0345396825396826,441.5782586607544
F3_seed06_life7_m1.5_raw_age_aware_censoring_aware,F3,6,7,1.5,raw,age_aware,censoring_aware,lightgbm_raw,7,30,36.39977777777778,221.52,193.32101675206485,28.198983247935125,1.0345396825396826,181.4056114798972,217.3569755805712,0.8727023146987399,0.0046701863603272,0.0047498350985051,0.0053514082427286,23.99884878819396,23.44983282307043,31.60422458906252,32.24920876434951,0,208,0.219047619047619,1.8752213073656827,29.86692857142853,56.00710084271168,8.88178419700125e-16,2.4868995751603507e-14,0,1.7431729077406994,217.3569755805712,4.16,2.519879122760365,140.9949162396756,1.0345396825396826,366.06631062554686
F3_seed06_life7_m1.5_selected_recovery_order_up_to_censoring_aware,F3,6,7,1.5,selected_recovery,order_up_to,censoring_aware,lightgbm_gbm_recovered,7,30,36.39977777777778,221.52,172.14562935666078,49.37437064333924,1.0345396825396826,149.6332226791829,180.4585652591369,0.7771110028740555,0.0046701863603272,0.005561054651586,0.0060096773087178,13.227936522823326,12.85283141776023,27.216171274771213,27.77160334160328,0,203,0.4095238095238095,0.9211490087293696,29.86692857142853,27.511891647362287,4.440892098500625e-16,-1.0658141036401504e-14,0,2.065780435682234,180.4585652591369,4.0600000000000005,1.388933334896449,246.87185321669617,1.0345396825396826,433.8138914932691
F3_seed06_life7_m1.5_selected_recovery_age_aware_censoring_aware,F3,6,7,1.5,selected_recovery,age_aware,censoring_aware,lightgbm_gbm_recovered,7,30,36.39977777777778,221.52,194.915539303839,26.60446069616097,1.0345396825396826,183.08246844160865,218.0362258571816,0.879900412169732,0.0046701863603272,0.0047135460856619,0.0053076306087993,24.760994558322167,23.532167233007737,30.59303289842932,31.21738050860135,0,206,0.2095238095238095,1.6234235897778593,29.86692857142853,48.48667639706742,8.88178419700125e-16,7.105427357601002e-15,0,1.7086332069007142,218.0362258571816,4.120000000000001,2.599904428623828,133.02230348080485,1.0345396825396826,358.81297344915
F3_seed07_life7_m1.5_raw_order_up_to_censoring_aware,F3,7,7,1.5,raw,order_up_to,censoring_aware,lightgbm_raw,7,30,36.39977777777778,221.52,171.38694205492504,50.13305794507494,1.0345396825396826,149.31015950936188,177.2368284058356,0.7736860872829769,0.0046701863603272,0.005570728727026,0.0060362806532141,12.66491967605934,13.288455549674888,24.38193232835705,24.8795227840378,0,203,0.4428571428571428,0.5751802519838769,29.86692857142853,17.17886750169872,4.440892098500625e-16,5.329070518200752e-14,0,2.068221306570172,177.2368284058356,4.0600000000000005,1.3298165659862309,250.66528972537463,1.0345396825396826,434.32647437973617
F3_seed07_life7_m1.5_raw_age_aware_censoring_aware,F3,7,7,1.5,raw,age_aware,censoring_aware,lightgbm_raw,7,30,36.39977777777778,221.52,193.5838341540324,27.936165845967647,1.0345396825396826,182.14759893592355,215.76834657346905,0.8738887421182393,0.0046701863603272,0.0047337089929701,0.0053441429500591,23.445261003195615,23.929002877129257,29.305380706076168,29.90344970007772,0,208,0.2428571428571428,1.954972620955005,29.86692857142853,58.38902762916157,8.88178419700125e-16,1.0658141036401504e-14,0,1.7290736566246787,215.76834657346905,4.16,2.46175240533554,139.68082922983825,1.0345396825396826,363.10546789118257
F3_seed07_life7_m1.5_selected_recovery_order_up_to_censoring_aware,F3,7,7,1.5,selected_recovery,order_up_to,censoring_aware,lightgbm_gbm_recovered,7,30,36.39977777777778,221.52,172.95346499559412,48.56653500440588,1.0345396825396826,150.92203300888062,178.4650368359312,0.7807577870873696,0.0046701863603272,0.0055227935187852,0.0059816071482929,13.01632439446544,13.333806108524604,23.973703090331888,24.46296233707336,0,205,0.4333333333333333,0.7475780086244902,29.86692857142853,22.327858985158432,4.440892098500625e-16,-1.7763568394002505e-15,0,2.03713793143771,178.4650368359312,4.1000000000000005,1.3667140614188709,242.83267502202935,1.0345396825396826,427.7989656019191
F3_seed07_life7_m1.5_selected_recovery_age_aware_censoring_aware,F3,7,7,1.5,selected_recovery,age_aware,censoring_aware,lightgbm_gbm_recovered,7,30,36.39977777777778,221.52,195.04541530366035,26.47458469633964,1.0345396825396826,183.73084563171787,216.69306031292672,0.8804867068601497,0.0046701863603272,0.0046996627116945,0.0053040963866237,24.237271691447056,24.050668423295605,28.62835347495028,29.21260558668396,0,206,0.2285714285714285,1.663851892810248,29.86692857142853,49.69414563599984,8.88178419700125e-16,1.7763568394002505e-14,0,1.6988830333560307,216.69306031292672,4.120000000000001,2.544913527601941,132.3729234816982,1.0345396825396826,356.76543700476645
F3_seed08_life7_m1.5_raw_order_up_to_censoring_aware,F3,8,7,1.5,raw,order_up_to,censoring_aware,lightgbm_raw,7,30,36.39977777777778,221.52,170.96624375194477,50.55375624805525,1.0345396825396826,149.12324113407936,177.02889312204772,0.7717869436256085,0.0046701863603272,0.0055763413543372,0.0060511341878733,13.216732019265308,13.52223547737271,24.36507412552741,24.862320536252465,0,203,0.419047619047619,0.4140457307780611,29.86692857142853,12.36627426645328,4.440892098500625e-16,-1.5987211554602254e-14,0,2.0775236709851743,177.02889312204772,4.0600000000000005,1.3877568620228573,252.76878124027627,1.0345396825396826,436.2799709068866
F3_seed08_life7_m1.5_raw_age_aware_censoring_aware,F3,8,7,1.5,raw,age_aware,censoring_aware,lightgbm_raw,7,30,36.39977777777778,221.52,194.0311755186864,27.488824481313596,1.0345396825396826,183.6121883540106,216.20728980107597,0.8759081596184833,0.0046701863603272,0.0047021973428481,0.0053318219599203,23.930054842476068,24.94625093056227,28.27095565104382,28.84791392963655,0,208,0.2238095238095238,1.8220825207585647,29.86692857142853,54.420008498744494,8.88178419700125e-16,3.197442310920451e-14,0,1.7207552745173502,216.20728980107597,4.16,2.512655758459988,137.44412240656797,1.0345396825396826,361.3586076486436
F3_seed08_life7_m1.5_selected_recovery_order_up_to_censoring_aware,F3,8,7,1.5,selected_recovery,order_up_to,censoring_aware,lightgbm_gbm_recovered,7,30,36.39977777777778,221.52,171.92872387038122,49.5912761296188,1.0345396825396826,150.0409237721408,177.58987025308969,0.7761318340121941,0.0046701863603272,0.0055488939589872,0.0060172591248896,13.709022521347862,13.477437996997722,23.99714907588704,24.486886812129637,0,204,0.4095238095238095,0.570042355978919,29.86692857142853,17.02541432871121,8.88178419700125e-16,-2.3092638912203256e-14,0,2.057620180706976,177.58987025308969,4.08,1.4394473647415251,247.956380648094,1.0345396825396826,432.1002379484649
F3_seed08_life7_m1.5_selected_recovery_age_aware_censoring_aware,F3,8,7,1.5,selected_recovery,age_aware,censoring_aware,lightgbm_gbm_recovered,7,30,36.39977777777778,221.52,194.94323025108503,26.57676974891497,1.0345396825396826,184.3089061447167,216.5942799641032,0.8800254164458515,0.0046701863603272,0.0046873537740045,0.0053068766799811,24.63796105960824,24.73091398886977,27.95348822010447,28.523967571535174,0,206,0.2095238095238095,1.5884123833539183,29.86692857142853,47.44099919560404,8.88178419700125e-16,1.0658141036401504e-14,0,1.7010459728689364,216.5942799641032,4.120000000000001,2.586985911258864,132.88384874457486,1.0345396825396826,357.21965430247667
F3_seed09_life7_m1.5_raw_order_up_to_censoring_aware,F3,9,7,1.5,raw,order_up_to,censoring_aware,lightgbm_raw,7,30,36.39977777777778,221.52,168.32278880625088,53.19721119374911,1.0345396825396826,146.9491024225488,177.12977635300985,0.7598536872799336,0.0046701863603272,0.0056424652357262,0.0061461652927489,12.818459139261403,13.991551711535996,26.63807840340083,27.181712656531456,0,202,0.4523809523809523,0.6653920314612674,29.86692857142853,19.8732162756514,4.440892098500625e-16,2.842170943040401e-14,0,2.1406490962567504,177.12977635300985,4.040000000000001,1.3459382096224473,265.9860559687455,1.0345396825396826,449.5363102139176
F3_seed09_life7_m1.5_raw_age_aware_censoring_aware,F3,9,7,1.5,raw,age_aware,censoring_aware,lightgbm_raw,7,30,36.39977777777778,221.52,190.23755684754852,31.282443152451464,1.0345396825396826,178.82701059123593,215.65379581788096,0.8587827593334622,0.0046701863603272,0.0048067421828825,0.0054381463875124,23.379878145100463,23.954691838925484,32.513709310287375,33.17725439825243,0,208,0.2571428571428571,1.874948130787244,29.86692857142853,55.998941897356055,8.88178419700125e-16,3.552713678800501e-15,0,1.808168754609112,215.65379581788096,4.16,2.4548872052355493,156.4122157622573,1.0345396825396826,379.71543846791343
F3_seed09_life7_m1.5_selected_recovery_order_up_to_censoring_aware,F3,9,7,1.5,selected_recovery,order_up_to,censoring_aware,lightgbm_gbm_recovered,7,30,36.39977777777778,221.52,170.13405843397268,51.38594156602731,1.0345396825396826,148.54883693613274,178.40329400025013,0.7680302385065578,0.0046701863603272,0.0055936600776381,0.0060807324063287,13.247943722620631,13.78001659739814,26.286391184112414,26.822848147053488,0,204,0.4238095238095238,0.8533003184853077,29.86692857142853,25.485459662177902,8.88178419700125e-16,2.3092638912203256e-14,0,2.1039932171609594,178.40329400025013,4.08,1.3910340908751664,256.92970783013646,1.0345396825396826,441.83857560380153
F3_seed09_life7_m1.5_selected_recovery_age_aware_censoring_aware,F3,9,7,1.5,selected_recovery,age_aware,censoring_aware,lightgbm_gbm_recovered,7,30,36.39977777777778,221.52,192.06692087221157,29.45307912778847,1.0345396825396826,180.78445353215236,216.28259475614604,0.8670409934642991,0.0046701863603272,0.004763419868468,0.00538635012131,24.18756577089232,24.08277075517889,31.172489328870817,31.808662580480423,0,206,0.238095238095238,1.6432139080388133,29.86692857142853,49.07775241897317,8.88178419700125e-16,-3.552713678800501e-15,0,1.7678201165884373,216.28259475614604,4.120000000000001,2.5396944059436937,147.26539563894238,1.0345396825396826,371.2422244835718
F3_seed10_life7_m1.5_raw_order_up_to_censoring_aware,F3,10,7,1.5,raw,order_up_to,censoring_aware,lightgbm_raw,7,30,36.39977777777778,221.52,170.42351439981053,51.09648560018944,1.0345396825396826,148.04018243974286,178.19347665622195,0.7693369194646557,0.0046701863603272,0.0056090864545816,0.0060704045810994,13.325905398582863,12.98190613517036,26.589424683354697,27.13206600342315,0,203,0.4285714285714285,0.5157976969499228,29.86692857142853,15.405292972110688,4.440892098500625e-16,7.993605777301126e-14,0,2.096046020983619,178.19347665622195,4.0600000000000005,1.3992200668512005,255.4824280009472,1.0345396825396826,440.16966440656006
F3_seed10_life7_m1.5_raw_age_aware_censoring_aware,F3,10,7,1.5,raw,age_aware,censoring_aware,lightgbm_raw,7,30,36.39977777777778,221.52,193.3257869872032,28.194213012796787,1.0345396825396826,180.71154029582505,217.09568481155395,0.872723848804637,0.0046701863603272,0.0047650195840502,0.0053512761989075,23.94910958606967,22.750991403859928,32.04223081949778,32.69615389744672,0,208,0.219047619047619,1.8165343391087456,29.86692857142853,54.25430135370805,8.88178419700125e-16,1.7763568394002505e-14,0,1.7417902193553083,217.09568481155395,4.16,2.5146565065373148,140.97106506398393,1.0345396825396826,365.7759460646148
F3_seed10_life7_m1.5_selected_recovery_order_up_to_censoring_aware,F3,10,7,1.5,selected_recovery,order_up_to,censoring_aware,lightgbm_gbm_recovered,7,30,36.39977777777778,221.52,171.33251662671333,50.18748337328668,1.0345396825396826,148.82888238594649,179.1223875426011,0.773440396473065,0.0046701863603272,0.0055852030761613,0.0060381981360471,13.756563321293028,12.861603854471255,26.711057405802578,27.25618102632916,0,204,0.4095238095238095,0.7248463998581298,29.86692857142853,21.64893564981989,8.88178419700125e-16,5.329070518200752e-15,0,2.079137063049094,179.1223875426011,4.08,1.4444391487357684,250.93741686643332,1.0345396825396826,436.6187832403098
F3_seed10_life7_m1.5_selected_recovery_age_aware_censoring_aware,F3,10,7,1.5,selected_recovery,age_aware,censoring_aware,lightgbm_gbm_recovered,7,30,36.39977777777778,221.52,193.96324587620452,27.556754123795464,1.0345396825396826,181.693216808606,217.29436932526264,0.8756015072056905,0.0046701863603272,0.00474357135818,0.005333689266058,24.876602380320005,23.095209027639605,31.25526513015136,31.89312768382792,0,206,0.2142857142857142,1.5838763912215863,29.86692857142853,47.30552304258712,8.88178419700125e-16,-3.197442310920451e-14,0,1.7278320136986345,217.29436932526264,4.120000000000001,2.6120432499336004,137.78377061897734,1.0345396825396826,362.84472287671326
F3_seed11_life7_m1.5_raw_order_up_to_censoring_aware,F3,11,7,1.5,raw,order_up_to,censoring_aware,lightgbm_raw,7,30,36.39977777777778,221.52,170.89038488063218,50.62961511936785,1.0345396825396826,150.15775837277354,177.45080372113142,0.7714444965720124,0.0046701863603272,0.0055454188765915,0.0060538203086283,13.260394163417434,14.632611587379468,23.744029273935254,24.22860129993393,0,205,0.4095238095238095,0.4569769876354968,29.86692857142853,13.648499048495966,4.440892098500625e-16,-3.552713678800501e-15,0,2.0815512399412817,177.45080372113142,4.1000000000000005,1.3923413871588304,253.1480755968392,1.0345396825396826,437.1257603876691
F3_seed11_life7_m1.5_raw_age_aware_censoring_aware,F3,11,7,1.5,raw,age_aware,censoring_aware,lightgbm_raw,7,30,36.39977777777778,221.52,194.0975627140878,27.42243728591219,1.0345396825396826,184.4019057440084,216.95070050043512,0.8762078490162866,0.0046701863603272,0.0046853795045344,0.0053299983166898,24.160243400848053,25.6695811251587,28.209780746417977,28.785490557569364,0,208,0.238095238095238,1.838313126915739,29.86692857142853,54.90476685351181,8.88178419700125e-16,-2.4868995751603507e-14,0,1.7228297722363082,216.95070050043512,4.16,2.536825557089045,137.11218642956092,1.0345396825396826,361.7942521696247
F3_seed11_life7_m1.5_selected_recovery_order_up_to_censoring_aware,F3,11,7,1.5,selected_recovery,order_up_to,censoring_aware,lightgbm_gbm_recovered,7,30,36.39977777777778,221.52,172.14835446834448,49.37164553165552,1.0345396825396826,151.27898850449182,178.4111034800482,0.777123304750562,0.0046701863603272,0.005512289445593,0.0060095821754132,13.66490800367208,14.49587213138545,23.56389290595537,24.044788679546297,0,204,0.4,0.630486570415642,29.86692857142853,18.83069736384893,8.88178419700125e-16,-5.329070518200752e-15,0,2.056279457910719,178.4111034800482,4.08,1.4348153403855683,246.8582276582776,1.0345396825396826,431.81868616125104
F3_seed11_life7_m1.5_selected_recovery_age_aware_censoring_aware,F3,11,7,1.5,selected_recovery,age_aware,censoring_aware,lightgbm_gbm_recovered,7,30,36.39977777777778,221.52,195.20237809916355,26.317621900836443,1.0345396825396826,185.58374919475395,217.52665017769917,0.8811952785263794,0.0046701863603272,0.0046604344774992,0.0052998313474138,24.94652831137673,25.746609190828508,27.5923679793912,28.155477529991025,0,206,0.2285714285714285,1.571535724779508,29.86692857142853,46.936945239437726,8.88178419700125e-16,-1.0658141036401504e-14,0,1.6994699277957888,217.52665017769917,4.120000000000001,2.6193854726945567,131.58810950418223,1.0345396825396826,356.88868483711565
F3_seed12_life7_m1.5_raw_order_up_to_censoring_aware,F3,12,7,1.5,raw,order_up_to,censoring_aware,lightgbm_raw,7,30,36.39977777777778,221.52,168.0259637435631,53.49403625643692,1.0345396825396826,145.76005058429695,176.8695309174635,0.7585137402652723,0.0046701863603272,0.0056792965377819,0.006157022757022,13.173066954287638,13.099324935971968,27.572089714817267,28.134785423282924,0,204,0.4285714285714285,0.2914390665253859,29.86692857142853,8.704389782837511,4.440892098500625e-16,-1.4210854715202004e-14,0,2.146844875773276,176.8695309174635,4.08,1.3831720302002022,267.4701812821846,1.0345396825396826,450.837423912388
F3_seed12_life7_m1.5_raw_age_aware_censoring_aware,F3,12,7,1.5,raw,age_aware,censoring_aware,lightgbm_raw,7,30,36.39977777777778,221.52,191.6616991382238,29.858300861776197,1.0345396825396826,179.7712921428979,215.75671008658875,0.8652117151418554,0.0046701863603272,0.0047857453031032,0.0053977382397804,23.738157596273783,23.47483109991217,31.67028374195907,32.31661606322355,0,209,0.2238095238095238,1.8800454763506749,29.86692857142853,56.15118395320294,8.88178419700125e-16,1.7763568394002505e-14,0,1.7750250505981815,215.75671008658875,4.180000000000001,2.4925065476087465,149.29150430888097,1.0345396825396826,372.75526062561806
F3_seed12_life7_m1.5_selected_recovery_order_up_to_censoring_aware,F3,12,7,1.5,selected_recovery,order_up_to,censoring_aware,lightgbm_gbm_recovered,7,30,36.39977777777778,221.52,169.520758067416,51.99924193258399,1.0345396825396826,147.08728088096922,177.89570097242486,0.7652616380797039,0.0046701863603272,0.0056382160687623,0.0061027315730163,13.517423237444126,12.931760908791304,27.25050607200717,27.806638848986907,0,206,0.4238095238095238,0.4307738528177866,29.86692857142853,12.865891892547902,8.88178419700125e-16,5.329070518200752e-15,0,2.116503713132458,177.89570097242486,4.120000000000001,1.4193294399316332,259.9962096629199,1.0345396825396826,444.46577975781616
F3_seed12_life7_m1.5_selected_recovery_age_aware_censoring_aware,F3,12,7,1.5,selected_recovery,age_aware,censoring_aware,lightgbm_gbm_recovered,7,30,36.39977777777778,221.52,192.55722508824635,28.962774911753662,1.0345396825396826,180.58068709415528,215.81516240598623,0.8692543566641672,0.0046701863603272,0.0047678931978982,0.0053726349767741,24.62320845624151,23.388700101147016,30.918172063711264,31.549155167052312,0,207,0.2047619047619047,1.5994835571099062,29.86692857142853,47.771661151376,8.88178419700125e-16,3.907985046680551e-14,0,1.7542333977866649,215.81516240598623,4.140000000000001,2.585436887905358,144.8138745587683,1.0345396825396826,368.3890135351997
F3_seed13_life7_m1.5_raw_order_up_to_censoring_aware,F3,13,7,1.5,raw,order_up_to,censoring_aware,lightgbm_raw,7,30,36.39977777777778,221.52,171.3134806852673,50.206519314732695,1.0345396825396826,150.29302359443514,178.5668122113285,0.7733544631873751,0.0046701863603272,0.0055414010338679,0.0060388690860838,13.258405037042875,14.34478100440591,24.70245237266684,25.206584053741672,0,204,0.4333333333333333,0.6815744094704276,29.86692857142853,20.35653420376685,2.2204460492503126e-16,2.664535259100376e-14,0,2.0766956237924816,178.5668122113285,4.08,1.3921325288895017,251.03259657366343,1.0345396825396826,436.1060809964212
F3_seed13_life7_m1.5_raw_age_aware_censoring_aware,F3,13,7,1.5,raw,age_aware,censoring_aware,lightgbm_raw,7,30,36.39977777777778,221.52,194.30725165148357,27.21274834851645,1.0345396825396826,184.0264261354028,217.45931003758736,0.8771544404635407,0.0046701863603272,0.0046933606992894,0.0053242463868269,23.97291415604398,25.08441257915731,29.083697701432826,29.677242552482475,0,208,0.2333333333333333,1.8744865097379473,29.86692857142853,55.98515469444964,8.88178419700125e-16,2.4868995751603507e-14,0,1.7201654640433044,217.45931003758736,4.16,2.5171559863846182,136.06374174258224,1.0345396825396826,361.2347474490939
F3_seed13_life7_m1.5_selected_recovery_order_up_to_censoring_aware,F3,13,7,1.5,selected_recovery,order_up_to,censoring_aware,lightgbm_gbm_recovered,7,30,36.39977777777778,221.52,172.62668473089448,48.89331526910552,1.0345396825396826,151.6696175707839,179.6229017297992,0.7792826143503723,0.0046701863603272,0.0055008401586143,0.0059929302596085,13.581255737725334,14.408170935127528,24.36082612441929,24.85798584124417,0,205,0.419047619047619,0.8843460979529421,29.86692857142853,26.412701739982065,4.440892098500625e-16,5.329070518200752e-15,0,2.0507145219539407,179.6229017297992,4.1000000000000005,1.42603185246116,244.46657634552764,1.0345396825396826,430.6500496103277
F3_seed13_life7_m1.5_selected_recovery_age_aware_censoring_aware,F3,13,7,1.5,selected_recovery,age_aware,censoring_aware,lightgbm_gbm_recovered,7,30,36.39977777777778,221.52,195.6379696896932,25.88203031030684,1.0345396825396826,185.45718517225225,218.2295813559802,0.8831616544316232,0.0046701863603272,0.0046630931424617,0.0052880311740128,24.741052032129208,25.184453577797136,28.40780455660837,28.98755567000854,0,206,0.2238095238095238,1.5867614254834264,29.86692857142853,47.391690154811606,8.88178419700125e-16,2.4868995751603507e-14,0,1.6923432526353694,218.2295813559802,4.120000000000001,2.597810463373567,129.41015155153417,1.0345396825396826,355.3920830534276
F3_seed14_life7_m1.5_raw_order_up_to_censoring_aware,F3,14,7,1.5,raw,order_up_to,censoring_aware,lightgbm_raw,7,30,36.39977777777778,221.52,169.34891346728142,52.17108653271859,1.0345396825396826,148.09201637825734,175.6223758992738,0.7644858860025344,0.0046701863603272,0.0056075105522835,0.0061089242402465,13.306716702835814,14.108341006214015,24.017912003030997,24.508073472480607,0,204,0.4333333333333333,0.7024131104613762,29.86692857142853,20.978922197784865,4.440892098500625e-16,8.88178419700125e-15,0,2.1094740642819243,175.6223758992738,4.08,1.3972052537977604,260.85543266359286,1.0345396825396826,442.9895534992041
F3_seed14_life7_m1.5_raw_age_aware_censoring_aware,F3,14,7,1.5,raw,age_aware,censoring_aware,lightgbm_raw,7,30,36.39977777777778,221.52,193.72570939587325,27.794290604126743,1.0345396825396826,182.3500017878543,216.7228906883024,0.8745292045678642,0.0046701863603272,0.0047293290287832,0.0053402291609402,23.41598698223601,23.98953048721911,30.03843108668212,30.651460292532768,0,208,0.2476190476190476,1.908819090741068,29.86692857142853,57.01056343894263,8.88178419700125e-16,3.552713678800501e-14,0,1.7302264858314795,216.7228906883024,4.16,2.4586786331347805,138.97145302063373,1.0345396825396826,363.3475620246106
F3_seed14_life7_m1.5_selected_recovery_order_up_to_censoring_aware,F3,14,7,1.5,selected_recovery,order_up_to,censoring_aware,lightgbm_gbm_recovered,7,30,36.39977777777778,221.52,171.19075223402385,50.32924776597616,1.0345396825396826,150.0075017627453,177.29256089835206,0.7728004344258931,0.0046701863603272,0.0055498888513888,0.0060431984148619,13.618426851601829,14.181987623959618,23.739207917639668,24.223681548611907,0,205,0.4142857142857143,0.8737003261497072,29.86692857142853,26.094745233947123,4.440892098500625e-16,-2.664535259100376e-14,0,2.0738251153818608,177.29256089835206,4.1000000000000005,1.4299348194181916,251.64623882988084,1.0345396825396826,435.5032742301908
F3_seed14_life7_m1.5_selected_recovery_age_aware_censoring_aware,F3,14,7,1.5,selected_recovery,age_aware,censoring_aware,lightgbm_gbm_recovered,7,30,36.39977777777778,221.52,195.60217959104585,25.917820408954128,1.0345396825396826,183.4546057432257,217.87659032127937,0.8830000884391742,0.0046701863603272,0.0047055676851712,0.0052889987458352,24.112207135483168,23.217664247417936,30.06445277162809,30.678013032273565,0,206,0.2476190476190476,1.6095349246317625,29.86692857142853,48.07186462719645,8.88178419700125e-16,1.0658141036401504e-14,0,1.6912000657038833,217.87659032127937,4.120000000000001,2.5317817492257326,129.58910204477067,1.0345396825396826,355.15201379781547
F3_seed15_life7_m1.5_raw_order_up_to_censoring_aware,F3,15,7,1.5,raw,order_up_to,censoring_aware,lightgbm_raw,7,30,36.39977777777778,221.52,168.97903514968576,52.54096485031423,1.0345396825396826,147.59262890197894,178.6447681033388,0.762816157230434,0.0046701863603272,0.0056227303137586,0.0061222960684043,12.379511965354306,13.978831847531245,27.479243839293115,28.040044733972568,0,205,0.4571428571428571,0.592270406564291,29.86692857142853,17.68929792782662,4.440892098500625e-16,4.4408920985006255e-14,0,2.132304670446723,178.6447681033388,4.1000000000000005,1.299848756362202,262.7048242515711,1.0345396825396826,447.78398079381174
F3_seed15_life7_m1.5_raw_age_aware_censoring_aware,F3,15,7,1.5,raw,age_aware,censoring_aware,lightgbm_raw,7,30,36.39977777777778,221.52,188.26385855216253,33.25614144783748,1.0345396825396826,177.50237061214293,213.99674942649608,0.849872962044793,0.0046701863603272,0.004836509078225,0.00549515818116,23.503584422948272,24.60375015521852,32.21444382582326,32.8718814549217,0,208,0.2476190476190476,2.1409426860398457,29.86692857142853,63.943382279474406,8.88178419700125e-16,-2.131628207280301e-14,0,1.8473327272030131,213.99674942649608,4.16,2.4678763644095683,166.2807072391874,1.0345396825396826,387.9398727126328
F3_seed15_life7_m1.5_selected_recovery_order_up_to_censoring_aware,F3,15,7,1.5,selected_recovery,order_up_to,censoring_aware,lightgbm_gbm_recovered,7,30,36.39977777777778,221.52,170.3745076006807,51.145492399319295,1.0345396825396826,148.88996298450772,179.57526840351213,0.7691156897827767,0.0046701863603272,0.0055833619189252,0.0060721506820985,12.747103611554808,13.880693479065098,27.09380005093415,27.646734745851173,0,207,0.4285714285714285,0.698695464997988,29.86692857142853,20.86788754627596,4.440892098500625e-16,3.7303493627405266e-14,0,2.1038843617231504,179.57526840351213,4.140000000000001,1.3384458792132548,255.72746199659645,1.0345396825396826,441.8157159618616
F3_seed15_life7_m1.5_selected_recovery_age_aware_censoring_aware,F3,15,7,1.5,selected_recovery,age_aware,censoring_aware,lightgbm_gbm_recovered,7,30,36.39977777777778,221.52,190.7679234150923,30.75207658490768,1.0345396825396826,179.33884922787817,214.88119045583116,0.8611769746076756,0.0046701863603272,0.0047953382150362,0.0054230274357425,24.1858963321656,23.936163908023925,31.244717418836352,31.88236471309832,0,206,0.2333333333333333,1.7166482800391236,29.86692857142853,51.27101156219416,8.88178419700125e-16,4.9737991503207007e-14,0,1.7920744389418408,214.88119045583116,4.120000000000001,2.539519114877388,153.76038292453836,1.0345396825396826,376.3356321777866
F3_seed16_life7_m1.5_raw_order_up_to_censoring_aware,F3,16,7,1.5,raw,order_up_to,censoring_aware,lightgbm_raw,7,30,36.39977777777778,221.52,164.01363614014673,57.50636385985328,1.0345396825396826,142.46585489167649,171.79151605970705,0.7404010298850972,0.0046701863603272,0.005783893010076,0.0063076443330339,13.502275119110164,13.817456846767827,25.88983084683645,26.418194741669843,0,200,0.438095238095238,0.7398251828491496,29.86692857142853,22.096305891499608,4.440892098500625e-16,3.197442310920451e-14,0,2.2179791139477127,171.79151605970705,4.0,1.4177388875065668,287.5318192992664,1.0345396825396826,465.7756139290197
F3_seed16_life7_m1.5_raw_age_aware_censoring_aware,F3,16,7,1.5,raw,age_aware,censoring_aware,lightgbm_raw,7,30,36.39977777777778,221.52,187.45767977118496,34.062320228815025,1.0345396825396826,175.6341137295901,211.05761337935047,0.8462336573274872,0.0046701863603272,0.004879124158808,0.005518790608112,23.44007431461712,23.541672053643172,31.202347382173382,31.83912998180957,0,207,0.2571428571428571,2.094344634794523,29.86692857142853,62.551641611362605,8.88178419700125e-16,6.750155989720952e-14,0,1.8524045809952383,211.05761337935047,4.140000000000001,2.461207803034798,170.31160114407513,1.0345396825396826,389.00496200900005
F3_seed16_life7_m1.5_selected_recovery_order_up_to_censoring_aware,F3,16,7,1.5,selected_recovery,order_up_to,censoring_aware,lightgbm_gbm_recovered,7,30,36.39977777777778,221.52,165.03135516820925,56.488644831790765,1.0345396825396826,143.71032135260552,172.42733974136965,0.744995283352335,0.0046701863603272,0.0057439293384141,0.0062687462118045,13.922552875539813,14.044204279634377,25.26847159393671,25.78415468769052,0,201,0.4238095238095238,0.9428026052100658,29.86692857142853,28.15861806676577,8.88178419700125e-16,0.0,0,2.197080817308547,172.42733974136965,4.0200000000000005,1.4618680519316805,282.44322415895385,1.0345396825396826,461.38697163479486
F3_seed16_life7_m1.5_selected_recovery_age_aware_censoring_aware,F3,16,7,1.5,selected_recovery,age_aware,censoring_aware,lightgbm_gbm_recovered,7,30,36.39977777777778,221.52,188.89752175868975,32.622478241310226,1.0345396825396826,177.4334651025226,211.8278448852081,0.8527334857290076,0.0046701863603272,0.0048380675923191,0.0054767244848308,24.07841474138503,23.901181439070935,30.157822884981368,30.773288658144253,0,206,0.2523809523809523,1.7901142044692149,29.86692857142853,53.465213079581645,8.88178419700125e-16,-1.0658141036401504e-14,0,1.8220143301054488,211.8278448852081,4.120000000000001,2.528233547845428,163.11239120655114,1.0345396825396826,382.6230093221444
F3_seed17_life7_m1.5_raw_order_up_to_censoring_aware,F3,17,7,1.5,raw,order_up_to,censoring_aware,lightgbm_raw,7,30,36.39977777777778,221.52,170.07748663736444,51.442513362635594,1.0345396825396826,149.59433238227584,175.20718673080088,0.7677748584207496,0.0046701863603272,0.0055622174360759,0.0060827550018157,13.85656330063685,14.882083840149477,22.10871061390907,22.559908789703133,0,205,0.4285714285714285,0.7913297691671116,29.86692857142853,23.634589692159157,4.440892098500625e-16,1.9539925233402755e-14,0,2.0905201541575487,175.20718673080088,4.1000000000000005,1.4549391465668693,257.2125668131779,1.0345396825396826,439.0092323730853
F3_seed17_life7_m1.5_raw_age_aware_censoring_aware,F3,17,7,1.5,raw,age_aware,censoring_aware,lightgbm_raw,7,30,36.39977777777778,221.52,190.6376829568337,30.88231704316631,1.0345396825396826,181.16885254274217,212.83544538803127,0.8605890346552622,0.0046701863603272,0.0047550038855123,0.0054267323568653,24.299358839812548,25.896407681146563,27.40988393752852,27.96926932400869,0,208,0.2476190476190476,2.0494712963196897,29.86692857142853,61.21141281637322,8.88178419700125e-16,5.329070518200752e-14,0,1.7856809664980136,212.83544538803127,4.16,2.551432678180317,154.41158521583156,1.0345396825396826,374.9930029645829
F3_seed17_life7_m1.5_selected_recovery_order_up_to_censoring_aware,F3,17,7,1.5,selected_recovery,order_up_to,censoring_aware,lightgbm_gbm_recovered,7,30,36.39977777777778,221.52,171.55856602878623,49.961433971213786,1.0345396825396826,151.19544326378167,176.32037452508766,0.7744608433946653,0.0046701863603272,0.0055147443351474,0.0060302420711892,14.238414601627168,15.002115330233536,21.59852377080423,22.039309970208404,0,206,0.4142857142857143,0.9701191674652712,29.86692857142853,28.97447988045897,8.88178419700125e-16,5.329070518200752e-15,0,2.060843417127939,176.32037452508766,4.120000000000001,1.4950335331708524,249.80716985606887,1.0345396825396826,432.7771175968672
F3_seed17_life7_m1.5_selected_recovery_age_aware_censoring_aware,F3,17,7,1.5,selected_recovery,age_aware,censoring_aware,lightgbm_gbm_recovered,7,30,36.39977777777778,221.52,192.28541704672128,29.23458295327871,1.0345396825396826,182.8711443754644,213.82280203071144,0.8680273431144875,0.0046701863603272,0.0047180888025666,0.0053802295484961,25.03716586630508,25.9509654239812,26.675201614632815,27.219593484319205,0,206,0.238095238095238,1.745316589912537,29.86692857142853,52.12724592544696,8.88178419700125e-16,3.552713678800501e-15,0,1.7513293280743178,213.82280203071144,4.120000000000001,2.628902415962034,146.17291476639355,1.0345396825396826,367.7791588956068
F3_seed18_life7_m1.5_raw_order_up_to_censoring_aware,F3,18,7,1.5,raw,order_up_to,censoring_aware,lightgbm_raw,7,30,36.39977777777778,221.52,171.50139926470234,50.018600735297674,1.0345396825396826,150.76967690191225,176.8653150489494,0.7742027774679594,0.0046701863603272,0.0055272890777511,0.0060322521389048,12.392025325464582,14.633515732447997,22.558331846058188,23.01870596536549,0,203,0.4428571428571428,0.5517492453476353,29.86692857142853,16.47905530013742,4.440892098500625e-16,1.2434497875801752e-14,0,2.063590576510244,176.8653150489494,4.0600000000000005,1.3011626591737808,250.0930036764884,1.0345396825396826,433.3540210671512
F3_seed18_life7_m1.5_raw_age_aware_censoring_aware,F3,18,7,1.5,raw,age_aware,censoring_aware,lightgbm_raw,7,30,36.39977777777778,221.52,193.20550790277431,28.31449209722568,1.0345396825396826,182.89559282950825,215.80797903358845,0.8721808771342286,0.0046701863603272,0.0047175627997744,0.0053546076080827,23.22530070933139,25.055323021971983,28.59622662340844,29.179823085110648,0,208,0.2333333333333333,1.8516875944367803,29.86692857142853,55.30422111964365,8.88178419700125e-16,1.7763568394002505e-14,0,1.7381601703654106,215.80797903358845,4.16,2.438656574479796,141.5724604861284,1.0345396825396826,365.0136357767362
F3_seed18_life7_m1.5_selected_recovery_order_up_to_censoring_aware,F3,18,7,1.5,selected_recovery,order_up_to,censoring_aware,lightgbm_gbm_recovered,7,30,36.39977777777778,221.52,172.10310524064172,49.41689475935832,1.0345396825396826,152.10872729902448,177.31819227566933,0.7769190377421529,0.0046701863603272,0.0054880265594286,0.0060111622105431,12.942547948135044,15.370860153620844,21.6631011311315,22.105205235848477,0,205,0.4238095238095238,0.7593477730869056,29.86692857142853,22.679385699659928,4.440892098500625e-16,1.5987211554602254e-14,0,2.0518865394740704,177.31819227566933,4.1000000000000005,1.3589675345541794,247.08447379679157,1.0345396825396826,430.8961732895548
F3_seed18_life7_m1.5_selected_recovery_age_aware_censoring_aware,F3,18,7,1.5,selected_recovery,age_aware,censoring_aware,lightgbm_gbm_recovered,7,30,36.39977777777778,221.52,194.59785248362908,26.922147516370902,1.0345396825396826,184.69798761108828,216.5480211654172,0.87846628965163,0.0046701863603272,0.0046791051041159,0.0053162954746723,24.08055694005643,25.465373222697288,27.519073131020555,28.080686868388327,0,206,0.2238095238095238,1.6373854337736065,29.86692857142853,48.90367379441384,8.88178419700125e-16,1.0658141036401504e-14,0,1.7087702709929398,216.5480211654172,4.120000000000001,2.5284584787059248,134.61073758185452,1.0345396825396826,358.84175690851737
F3_seed19_life7_m1.5_raw_order_up_to_censoring_aware,F3,19,7,1.5,raw,order_up_to,censoring_aware,lightgbm_raw,7,30,36.39977777777778,221.52,171.26381899835658,50.256181001643434,1.0345396825396826,150.36482392245836,175.7868591793726,0.773130277168457,0.0046701863603272,0.0055392706814975,0.0060406201881414,13.056188689589662,14.46624301933988,21.9062980733268,22.35336538094571,0,204,0.4428571428571428,0.4422294890697937,29.86692857142853,13.208036562226866,4.440892098500625e-16,-3.552713678800501e-15,0,2.064539065154935,175.7868591793726,4.08,1.3708998124069145,251.2809050082172,1.0345396825396826,433.5532036825364
F3_seed19_life7_m1.5_raw_age_aware_censoring_aware,F3,19,7,1.5,raw,age_aware,censoring_aware,lightgbm_raw,7,30,36.39977777777778,221.52,195.3029871954653,26.21701280453464,1.0345396825396826,184.8904311927746,217.45685209142232,0.881649454656308,0.0046701863603272,0.0046750359509911,0.005297101172878,23.32078515464912,24.952682092547303,28.21728385681927,28.79314679267273,0,208,0.238095238095238,1.8359060771727724,29.86692857142853,54.832875670770754,8.88178419700125e-16,6.039613253960852e-14,0,1.696119705894635,217.45685209142232,4.16,2.448682441238158,131.08506402267318,1.0345396825396826,356.1851382378733
F3_seed19_life7_m1.5_selected_recovery_order_up_to_censoring_aware,F3,19,7,1.5,selected_recovery,order_up_to,censoring_aware,lightgbm_gbm_recovered,7,30,36.39977777777778,221.52,173.20966198864343,48.31033801135659,1.0345396825396826,152.19977751214816,177.2838936071583,0.7819143282260899,0.0046701863603272,0.0054853771046773,0.0059727596639932,13.342553158700708,14.355353618742862,21.538438222866898,21.97799818659888,0,204,0.4142857142857143,0.591471229535783,29.86692857142853,17.665428964600242,8.88178419700125e-16,-3.197442310920451e-14,0,2.025481387753069,177.2838936071583,4.08,1.400968081663574,241.55169005678297,1.0345396825396826,425.35109142814446
F3_seed19_life7_m1.5_selected_recovery_age_aware_censoring_aware,F3,19,7,1.5,selected_recovery,age_aware,censoring_aware,lightgbm_gbm_recovered,7,30,36.39977777777778,221.52,197.01879166467603,24.50120833532396,1.0345396825396826,186.74212363839953,218.65943545903644,0.8893950508517336,0.0046701863603272,0.0046362412257578,0.0052509695841626,23.97865199694539,25.088570068961552,27.544123111456205,28.10624807291449,0,206,0.238095238095238,1.53474647151467,29.86692857142853,45.838163239980624,8.88178419700125e-16,2.4868995751603507e-14,0,1.6611322632279772,218.65943545903644,4.120000000000001,2.517758459679267,122.50604167661982,1.0345396825396826,348.8377752778752
F3_seed20_life7_m1.5_raw_order_up_to_censoring_aware,F3,20,7,1.5,raw,order_up_to,censoring_aware,lightgbm_raw,7,30,36.39977777777778,221.52,169.7096041759525,51.810395824047504,1.0345396825396826,147.6852601138131,177.53690782510066,0.7661141394725195,0.0046701863603272,0.0056199009674481,0.0060959406956549,12.874754868291172,13.340894033098673,26.300909554785594,26.837662811005707,0,205,0.438095238095238,0.5750851235294737,29.86692857142853,17.176026306945946,4.440892098500625e-16,1.2434497875801752e-14,0,2.1098822661383254,177.53690782510066,4.1000000000000005,1.3518492611705728,259.05197912023755,1.0345396825396826,443.0752758890485
F3_seed20_life7_m1.5_raw_age_aware_censoring_aware,F3,20,7,1.5,raw,age_aware,censoring_aware,lightgbm_raw,7,30,36.39977777777778,221.52,191.5355765352178,29.984423464782203,1.0345396825396826,179.49057342731516,214.87386559954285,0.8646423642796038,0.0046701863603272,0.0047919681299553,0.005401292549687,23.561007704235102,23.32023498733543,31.085814860236862,31.72021924513966,0,208,0.2333333333333333,2.053009376568048,29.86692857142853,61.31708440643092,8.88178419700125e-16,1.4210854715202004e-14,0,1.7736401353092297,214.87386559954285,4.16,2.4739058089446857,149.92211732391104,1.0345396825396826,372.4644284149383
F3_seed20_life7_m1.5_selected_recovery_order_up_to_censoring_aware,F3,20,7,1.5,selected_recovery,order_up_to,censoring_aware,lightgbm_gbm_recovered,7,30,36.39977777777778,221.52,171.41846676692688,50.10153323307311,1.0345396825396826,149.19130103315615,178.84390698191257,0.7738283981894497,0.0046701863603272,0.0055742964002789,0.0060351705510603,13.322078964136663,13.138072361467373,26.075727809118128,26.60788551950829,0,205,0.4142857142857143,0.6728699621482183,29.86692857142853,20.096559097340656,8.88178419700125e-16,-1.7763568394002505e-15,0,2.0756425291478675,178.84390698191257,4.1000000000000005,1.3988182912343494,250.50766616536555,1.0345396825396826,435.8849311210522
F3_seed20_life7_m1.5_selected_recovery_age_aware_censoring_aware,F3,20,7,1.5,selected_recovery,age_aware,censoring_aware,lightgbm_gbm_recovered,7,30,36.39977777777778,221.52,192.8014962924382,28.718503707561776,1.0345396825396826,181.18004757580013,215.52903250546584,0.8703570616307251,0.0046701863603272,0.0047547592285199,0.0053658280793138,24.498157025104696,23.74378937859999,30.038404279556367,30.651432938322827,0,206,0.219047619047619,1.7122806851567276,29.86692857142853,51.140564917812696,8.88178419700125e-16,4.2632564145606005e-14,0,1.7468971295878586,215.52903250546584,4.120000000000001,2.5723064876359927,143.59251853780887,1.0345396825396826,366.8483972134503
F3_seed21_life7_m1.5_raw_order_up_to_censoring_aware,F3,21,7,1.5,raw,order_up_to,censoring_aware,lightgbm_raw,7,30,36.39977777777778,221.52,168.43589273185788,53.08410726814213,1.0345396825396826,147.59753229076216,174.71076755057496,0.7603642683814458,0.0046701863603272,0.0056225804722596,0.006142038171084,12.922225104249318,14.526877654142377,23.619019908801288,24.101040723266618,0,201,0.4333333333333333,0.5740980318447209,29.86692857142853,17.146544910103984,4.440892098500625e-16,1.2434497875801752e-14,0,2.126393700998912,174.71076755057496,4.0200000000000005,1.356833635946178,265.42053634071067,1.0345396825396826,446.54267720977145
F3_seed21_life7_m1.5_raw_age_aware_censoring_aware,F3,21,7,1.5,raw,age_aware,censoring_aware,lightgbm_raw,7,30,36.39977777777778,221.52,190.6157508084964,30.904249191503624,1.0345396825396826,179.4440371773328,213.63478758229417,0.8604900271239454,0.0046701863603272,0.0047930012854657,0.0054273567538447,23.84671940537459,24.193524464074507,29.918054653315497,30.52862719726071,0,208,0.2523809523809523,1.972277278943928,29.86692857142853,58.90586461326972,8.88178419700125e-16,3.907985046680551e-14,0,1.7897832321900775,213.63478758229417,4.16,2.503905537564332,154.52124595751815,1.0345396825396826,375.8544787599162
F3_seed21_life7_m1.5_selected_recovery_order_up_to_censoring_aware,F3,21,7,1.5,selected_recovery,order_up_to,censoring_aware,lightgbm_gbm_recovered,7,30,36.39977777777778,221.52,169.82114317859248,51.69885682140751,1.0345396825396826,148.77646091973335,175.67953377413903,0.7666176560969326,0.0046701863603272,0.005586784189032,0.0060919368647266,13.272896535601133,14.320555836378968,23.389482178922865,23.866818549921287,0,203,0.419047619047619,0.7680212074827647,29.86692857142853,22.938434545230027,4.440892098500625e-16,8.88178419700125e-15,0,2.098390531904544,175.67953377413903,4.0600000000000005,1.3936541362381183,258.4942841070375,1.0345396825396826,440.66201169995435
F3_seed21_life7_m1.5_selected_recovery_age_aware_censoring_aware,F3,21,7,1.5,selected_recovery,age_aware,censoring_aware,lightgbm_gbm_recovered,7,30,36.39977777777778,221.52,191.5005013671274,30.019498632872587,1.0345396825396826,180.55877702571348,213.77171879963169,0.8644840256732007,0.0046701863603272,0.0047683746947738,0.0054022818486326,24.7115817928432,24.423513753824142,28.93750739792556,29.528068773393425,0,206,0.238095238095238,1.780118041400801,29.86692857142853,53.16665839122899,8.88178419700125e-16,2.4868995751603507e-14,0,1.7696117511180134,213.77171879963169,4.120000000000001,2.5947160882485365,150.09749316436293,1.0345396825396826,371.6184677347828
F3_seed22_life7_m1.5_raw_order_up_to_censoring_aware,F3,22,7,1.5,raw,order_up_to,censoring_aware,lightgbm_raw,7,30,36.39977777777778,221.52,167.13898529749306,54.38101470250695,1.0345396825396826,146.45007768187097,176.3549533942847,0.7545096844415542,0.0046701863603272,0.0056578643715033,0.0061896970398515,13.081326561725138,14.676330479615997,26.377776644528065,26.91609861686537,0,205,0.4428571428571428,0.5465945874114606,29.86692857142853,16.325101499747543,4.440892098500625e-16,8.88178419700125e-15,0,2.1655624089444774,176.3549533942847,4.1000000000000005,1.3735392889811395,271.90507351253484,1.0345396825396826,454.76810587834024
F3_seed22_life7_m1.5_raw_age_aware_censoring_aware,F3,22,7,1.5,raw,age_aware,censoring_aware,lightgbm_raw,7,30,36.39977777777778,221.52,188.29899722851792,33.22100277148209,1.0345396825396826,176.8352340168378,212.3734491660487,0.8500315873443388,0.0046701863603272,0.0048516407968506,0.0054941327238411,23.459805561416623,23.90147488355796,31.29074616588993,31.929332822336672,0,208,0.2523809523809523,2.0215569956448376,29.86692857142853,60.377698391996034,8.88178419700125e-16,2.4868995751603507e-14,0,1.8387442013807025,212.3734491660487,4.16,2.463279583948745,166.10501385741043,1.0345396825396826,386.13628228994753
F3_seed22_life7_m1.5_selected_recovery_order_up_to_censoring_aware,F3,22,7,1.5,selected_recovery,order_up_to,censoring_aware,lightgbm_gbm_recovered,7,30,36.39977777777778,221.52,168.78116248862065,52.738837511379366,1.0345396825396826,147.97133705462815,177.57545798869984,0.7619229075867671,0.0046701863603272,0.0056111809243008,0.0061294736171131,13.425758965082537,14.555412661245624,26.05261177429768,26.584297728875175,0,206,0.4333333333333333,0.6942430360736467,29.86692857142853,20.734907169623288,4.440892098500625e-16,-2.131628207280301e-14,0,2.1325423329498574,177.57545798869984,4.120000000000001,1.4097046913336664,263.69418755689685,1.0345396825396826,447.8338899194701
F3_seed22_life7_m1.5_selected_recovery_age_aware_censoring_aware,F3,22,7,1.5,selected_recovery,age_aware,censoring_aware,lightgbm_gbm_recovered,7,30,36.39977777777778,221.52,189.13177991878655,32.388220081213404,1.0345396825396826,178.0115922294121,212.68381188204185,0.8537909891602861,0.0046701863603272,0.0048250224906682,0.0054699410272769,24.414915348198583,24.24505040586358,30.418543414988928,31.039330015294823,0,206,0.2428571428571428,1.7264184936167115,29.86692857142853,51.56281783324358,8.88178419700125e-16,3.197442310920451e-14,0,1.8206810384867116,212.68381188204185,4.120000000000001,2.5635661115608515,161.94110040606705,1.0345396825396826,382.34301808220937
F3_seed23_life7_m1.5_raw_order_up_to_censoring_aware,F3,23,7,1.5,raw,order_up_to,censoring_aware,lightgbm_raw,7,30,36.39977777777778,221.52,167.76478897303073,53.75521102696926,1.0345396825396826,147.19029669642592,174.3592378146844,0.7573347281194959,0.0046701863603272,0.0056350523605514,0.0061666079567267,12.698509975655435,14.790745818633289,23.681756361964805,24.165057512208975,0,202,0.4428571428571428,0.5763639667737136,29.86692857142853,17.214221426775712,4.440892098500625e-16,0.0,0,2.14068179133102,174.3592378146844,4.040000000000001,1.3333435474438209,268.7760551348464,1.0345396825396826,449.54317617951426
F3_seed23_life7_m1.5_raw_age_aware_censoring_aware,F3,23,7,1.5,raw,age_aware,censoring_aware,lightgbm_raw,7,30,36.39977777777778,221.52,190.8863075905633,30.633692409436737,1.0345396825396826,181.15446881060512,215.0628410902922,0.8617113921567501,0.0046701863603272,0.0047553182655039,0.0054196641739159,23.36875989170092,25.633399315279963,29.60711545788123,30.21134230396044,0,208,0.2523809523809523,1.8622421190759733,29.86692857142853,55.61945235314781,8.88178419700125e-16,-2.842170943040401e-14,0,1.7899026790887818,215.0628410902922,4.16,2.4537197886285966,153.16846204718368,1.0345396825396826,375.87956260864416
F3_seed23_life7_m1.5_selected_recovery_order_up_to_censoring_aware,F3,23,7,1.5,selected_recovery,order_up_to,censoring_aware,lightgbm_gbm_recovered,7,30,36.39977777777778,221.52,168.76035416563593,52.7596458343641,1.0345396825396826,148.04948368225996,175.09486836626954,0.7618289733009928,0.0046701863603272,0.0056088036045827,0.0061302293874324,13.070122987342538,14.654367611862128,23.543487316684224,24.023966649677774,0,203,0.4333333333333333,0.7499513891816304,29.86692857142853,22.39874457273136,8.88178419700125e-16,5.329070518200752e-15,0,2.120761905401432,175.09486836626954,4.0600000000000005,1.3723629136709663,263.7982291718205,1.0345396825396826,445.3600001343007
F3_seed23_life7_m1.5_selected_recovery_age_aware_censoring_aware,F3,23,7,1.5,selected_recovery,age_aware,censoring_aware,lightgbm_gbm_recovered,7,30,36.39977777777778,221.52,193.04722581791304,28.47277418208693,1.0345396825396826,182.5260594253164,216.41431278441357,0.8714663498461224,0.0046701863603272,0.004725525756834,0.0053589979247642,23.915114314158675,24.84407170264141,29.559967103408887,30.16323173817233,0,206,0.2428571428571428,1.6148917635104605,29.86692857142853,48.231856951355184,8.88178419700125e-16,6.039613253960852e-14,0,1.7449705256208312,216.41431278441357,4.120000000000001,2.51108700298666,142.36387091043466,1.0345396825396826,366.44381038037454
F3_seed24_life7_m1.5_raw_order_up_to_censoring_aware,F3,24,7,1.5,raw,order_up_to,censoring_aware,lightgbm_raw,7,30,36.39977777777778,221.52,165.55534361477098,55.964656385229006,1.0345396825396826,144.484305991713,173.4762883267832,0.7473607060977383,0.0046701863603272,0.0057193516476443,0.0062489054110324,13.067673851810708,14.2942004721801,25.522456568534537,26.04332302911687,0,201,0.438095238095238,0.782800468971292,29.86692857142853,23.379845692446334,4.440892098500625e-16,2.664535259100376e-14,0,2.189172455666229,173.4762883267832,4.0200000000000005,1.372105754440124,279.8232819261451,1.0345396825396826,459.7262156899081
F3_seed24_life7_m1.5_raw_age_aware_censoring_aware,F3,24,7,1.5,raw,age_aware,censoring_aware,lightgbm_raw,7,30,36.39977777777778,221.52,187.87663365952423,33.64336634047574,1.0345396825396826,176.6158409196125,211.25486427977776,0.8481249262347611,0.0046701863603272,0.0048566376910105,0.0055064840283145,23.164181562674028,24.10444535532635,30.41392607456968,31.03461844343845,0,207,0.238095238095238,2.1269117175497665,29.86692857142853,63.52432034579326,8.88178419700125e-16,0.0,0,1.8432308320417947,211.25486427977776,4.140000000000001,2.4322390640807727,168.21683170237867,1.0345396825396826,387.0784747287769
F3_seed24_life7_m1.5_selected_recovery_order_up_to_censoring_aware,F3,24,7,1.5,selected_recovery,order_up_to,censoring_aware,lightgbm_gbm_recovered,7,30,36.39977777777778,221.52,166.87443597695582,54.645564023044166,1.0345396825396826,145.68826037804237,174.49910237836977,0.753315438682538,0.0046701863603272,0.0056815356627346,0.0061995096881258,13.48373898540484,14.17906249632462,25.32085995276,25.837612196693875,0,202,0.4238095238095238,0.9584212076301236,29.86692857142853,28.625097749631177,4.440892098500625e-16,3.375077994860476e-14,0,2.1629393084266564,174.49910237836977,4.040000000000001,1.415792593467508,273.2278201152209,1.0345396825396826,454.2172547695978
F3_seed24_life7_m1.5_selected_recovery_age_aware_censoring_aware,F3,24,7,1.5,selected_recovery,age_aware,censoring_aware,lightgbm_gbm_recovered,7,30,36.39977777777778,221.52,188.36479476898117,33.15520523101891,1.0345396825396826,177.43210274694528,211.18227819060348,0.8503286148834469,0.0046701863603272,0.0048380984163868,0.0054922135731811,24.212420458308117,24.43254607320227,29.526529879846155,30.129112122292,0,205,0.238095238095238,1.800272763301754,29.86692857142853,53.76861803062175,8.88178419700125e-16,-3.552713678800501e-14,0,1.8315959436969529,211.18227819060348,4.1000000000000005,2.542304148122352,165.77602615509454,1.0345396825396826,384.6351481763601
F3_seed25_life7_m1.5_raw_order_up_to_censoring_aware,F3,25,7,1.5,raw,order_up_to,censoring_aware,lightgbm_raw,7,30,36.39977777777778,221.52,164.90993999187256,56.610060008127455,1.0345396825396826,142.9017155720348,173.6403004342351,0.744447183061902,0.0046701863603272,0.0057698330516485,0.0062733615850607,12.862429185829644,13.357013675400331,27.26577885351561,27.82222331991388,0,202,0.4476190476190476,0.3411639238955636,29.86692857142853,10.189518546137078,4.440892098500625e-16,-1.7763568394002505e-15,0,2.205312834390115,173.6403004342351,4.040000000000001,1.3505550645121125,283.05030004063724,1.0345396825396826,463.11569522192417
F3_seed25_life7_m1.5_raw_age_aware_censoring_aware,F3,25,7,1.5,raw,age_aware,censoring_aware,lightgbm_raw,7,30,36.39977777777778,221.52,188.5780880980796,32.94191190192041,1.0345396825396826,174.99946513313796,212.6632869007879,0.8512914775102907,0.0046701863603272,0.0048937719373746,0.0054860015443661,22.97688344199768,21.78661513029646,33.41055602963422,34.092404111871645,0,207,0.2285714285714285,1.9555916626159595,29.86692857142853,58.40751650223202,8.88178419700125e-16,-3.552713678800501e-15,0,1.8331426612111403,212.6632869007879,4.140000000000001,2.4125727614097565,164.7095595096021,1.0345396825396826,384.95995885433945
F3_seed25_life7_m1.5_selected_recovery_order_up_to_censoring_aware,F3,25,7,1.5,selected_recovery,order_up_to,censoring_aware,lightgbm_gbm_recovered,7,30,36.39977777777778,221.52,166.219235307954,55.300764692046016,1.0345396825396826,144.12643898707694,174.3145712998726,0.7503576891836132,0.0046701863603272,0.0057306894315922,0.006223946829156,13.233537948937771,13.272441774361033,26.70184088679823,27.24677641510024,0,202,0.4333333333333333,0.4644702395238097,29.86692857142853,13.87229946741193,8.88178419700125e-16,1.4210854715202004e-14,0,2.177535504415623,174.3145712998726,4.040000000000001,1.389521484638466,276.5038234602301,1.0345396825396826,457.2824559272808
F3_seed25_life7_m1.5_selected_recovery_age_aware_censoring_aware,F3,25,7,1.5,selected_recovery,age_aware,censoring_aware,lightgbm_gbm_recovered,7,30,36.39977777777778,221.52,189.90379603631231,31.61620396368766,1.0345396825396826,176.86012669271557,213.33160928605028,0.857276074559012,0.0046701863603272,0.0048510744910458,0.0054477040698115,23.69998442886278,22.321568751641315,32.20485040761372,32.86209225266706,0,205,0.219047619047619,1.6768248076262742,29.86692857142853,50.08160675617332,8.88178419700125e-16,3.907985046680551e-14,0,1.8049317483431373,213.33160928605028,4.1000000000000005,2.4884983650305923,158.08101981843828,1.0345396825396826,379.03566715205886
F3_seed26_life7_m1.5_raw_order_up_to_censoring_aware,F3,26,7,1.5,raw,order_up_to,censoring_aware,lightgbm_raw,7,30,36.39977777777778,221.52,169.78182009077264,51.73817990922737,1.0345396825396826,147.58320419210165,176.0500464197311,0.7664401412548422,0.0046701863603272,0.0056230183436696,0.0060933478153701,12.43178453354274,13.1666221965671,24.94584129923484,25.45494010126004,0,204,0.4476190476190476,0.4145341517017479,29.86692857142853,12.380861899293825,4.440892098500625e-16,1.0658141036401504e-14,0,2.100765823925855,176.0500464197311,4.08,1.3053373760219875,258.69089954613685,1.0345396825396826,441.1608230244296
F3_seed26_life7_m1.5_raw_age_aware_censoring_aware,F3,26,7,1.5,raw,age_aware,censoring_aware,lightgbm_raw,7,30,36.39977777777778,221.52,193.98837573089932,27.531624269100632,1.0345396825396826,181.28179057998457,215.5831870889191,0.8757149500311455,0.0046701863603272,0.0047525368837815,0.0053329983234397,22.481319533310007,22.658652944323297,29.98973276715616,30.601768129751186,0,208,0.238095238095238,1.8531444470052325,29.86692857142853,55.34773283124471,8.88178419700125e-16,2.842170943040401e-14,0,1.7180780317521878,215.5831870889191,4.16,2.3605385509975507,137.6581213455032,1.0345396825396826,360.7963866679594
F3_seed26_life7_m1.5_selected_recovery_order_up_to_censoring_aware,F3,26,7,1.5,selected_recovery,order_up_to,censoring_aware,lightgbm_gbm_recovered,7,30,36.39977777777778,221.52,171.458846554262,50.061153445738,1.0345396825396826,148.7373525383651,177.3590875121803,0.7740106832532593,0.0046701863603272,0.0055879643417454,0.0060337492251371,12.769734160018206,12.643744079341158,25.07455322357162,25.58627879956288,0,205,0.4285714285714285,0.5702327941186555,29.86692857142853,17.031102131028,4.440892098500625e-16,2.3092638912203256e-14,0,2.0673343643343425,177.3590875121803,4.1000000000000005,1.3408220868019116,250.30576722869,1.0345396825396826,434.1402165102119
F3_seed26_life7_m1.5_selected_recovery_age_aware_censoring_aware,F3,26,7,1.5,selected_recovery,age_aware,censoring_aware,lightgbm_gbm_recovered,7,30,36.39977777777778,221.52,194.91611961808692,26.60388038191304,1.0345396825396826,182.62665016496868,216.1835759192924,0.8799030318620755,0.0046701863603272,0.0047233554975845,0.0053076148066498,23.297566460093115,23.07576864211981,29.23325423593785,29.829851261161075,0,206,0.2333333333333333,1.613075538856257,29.86692857142853,48.177611899338416,8.88178419700125e-16,1.4210854715202004e-14,0,1.6990655332843192,216.1835759192924,4.120000000000001,2.4462444783097768,133.0194019095652,1.0345396825396826,356.803761989707
F3_seed27_life7_m1.5_raw_order_up_to_censoring_aware,F3,27,7,1.5,raw,order_up_to,censoring_aware,lightgbm_raw,7,30,36.39977777777778,221.52,170.36875898242766,51.15124101757236,1.0345396825396826,145.034009548583,177.52070660544734,0.7690897389961524,0.0046701863603272,0.005702023298884,0.0060723555698752,12.17553454638202,10.030488661393452,28.936282924755407,29.526819310974904,0,205,0.4476190476190476,0.4448266161287381,29.86692857142853,13.285604770587282,4.440892098500625e-16,1.7763568394002505e-15,0,2.0937613452534234,177.52070660544734,4.1000000000000005,1.278431127370112,255.75620508786176,1.0345396825396826,439.6898825032189
F3_seed27_life7_m1.5_raw_age_aware_censoring_aware,F3,27,7,1.5,raw,age_aware,censoring_aware,lightgbm_raw,7,30,36.39977777777778,221.52,193.9063945743672,27.613605425632837,1.0345396825396826,178.79021298331702,216.416791880645,0.8753448653591875,0.0046701863603272,0.0048075641384651,0.0053352530472785,22.49977472134848,20.249056504187905,33.29824305971514,33.977799040525646,0,209,0.2571428571428571,1.853721693604667,29.86692857142853,55.36497341419812,8.88178419700125e-16,2.131628207280301e-14,0,1.7241039763670971,216.416791880645,4.180000000000001,2.3624763457415905,138.06802712816418,1.0345396825396826,362.0618350370904
F3_seed27_life7_m1.5_selected_recovery_order_up_to_censoring_aware,F3,27,7,1.5,selected_recovery,order_up_to,censoring_aware,lightgbm_gbm_recovered,7,30,36.39977777777778,221.52,171.77526258658253,49.74473741341748,1.0345396825396826,146.33178386480748,178.32481239114705,0.775439069097971,0.0046701863603272,0.0056615270686691,0.0060226348483573,12.621383619501003,9.921759373463056,28.42653227851659,29.006665590323056,0,206,0.4238095238095238,0.604812989529633,29.86692857142853,18.063906357353705,4.440892098500625e-16,-5.329070518200752e-15,0,2.064420402003913,178.32481239114705,4.120000000000001,1.3252452800476056,248.72368706708735,1.0345396825396826,433.5282844208217
F3_seed27_life7_m1.5_selected_recovery_age_aware_censoring_aware,F3,27,7,1.5,selected_recovery,age_aware,censoring_aware,lightgbm_gbm_recovered,7,30,36.39977777777778,221.52,195.36023387096708,26.159766129032924,1.0345396825396826,180.64338910536256,217.1129262075904,0.8819078813243368,0.0046701863603272,0.0047665157922096,0.0052955489561042,23.253973287313148,20.648393329633585,32.127278578076016,32.782937324567364,0,207,0.2428571428571428,1.5788038731684255,29.86692857142853,47.15402250821608,8.88178419700125e-16,2.4868995751603507e-14,0,1.6929903034783935,217.1129262075904,4.140000000000001,2.44166719516788,130.79883064516463,1.0345396825396826,355.52796373046266
F3_seed28_life7_m1.5_raw_order_up_to_censoring_aware,F3,28,7,1.5,raw,order_up_to,censoring_aware,lightgbm_raw,7,30,36.39977777777778,221.52,166.1214430364064,55.398556963593634,1.0345396825396826,144.52689168184943,171.86854909259424,0.7499162289473023,0.0046701863603272,0.0057180054528695,0.006227610738446,12.890990027955905,13.77068674068114,23.90428642889296,24.39212900907444,0,202,0.4285714285714285,0.9801159616749414,29.86692857142853,29.273053419062464,4.440892098500625e-16,8.88178419700125e-15,0,2.168044893076369,171.86854909259424,4.040000000000001,1.3535539529353695,276.99278481796813,1.0345396825396826,455.28942754603753
F3_seed28_life7_m1.5_raw_age_aware_censoring_aware,F3,28,7,1.5,raw,age_aware,censoring_aware,lightgbm_raw,7,30,36.39977777777778,221.52,188.32317160412893,33.196828395871044,1.0345396825396826,176.5364396716814,211.64562568832528,0.8501407168839334,0.0046701863603272,0.004858448670364,0.0054934274615678,22.950336806106897,23.578506162790497,30.876273502877456,31.506401533548424,0,208,0.2476190476190476,2.0997662984039733,29.86692857142853,62.71357005112437,8.88178419700125e-16,6.750155989720952e-14,0,1.8344480605469595,211.64562568832528,4.16,2.409785364641224,165.98414197935523,1.0345396825396826,385.2340927148615
F3_seed28_life7_m1.5_selected_recovery_order_up_to_censoring_aware,F3,28,7,1.5,selected_recovery,order_up_to,censoring_aware,lightgbm_gbm_recovered,7,30,36.39977777777778,221.52,167.7022349399121,53.817765060087915,1.0345396825396826,146.36552605192398,173.0732669923881,0.7570523426323226,0.0046701863603272,0.0056604818357846,0.006168908141924,13.263500824307926,14.028529207249983,23.24627560061632,23.720689388384,0,203,0.419047619047619,1.190615186585496,29.86692857142853,35.56001873380706,8.88178419700125e-16,-3.552713678800501e-15,0,2.1364252360091407,173.0732669923881,4.0600000000000005,1.392667586552332,269.0888253004395,1.0345396825396826,448.6492995619196
F3_seed28_life7_m1.5_selected_recovery_age_aware_censoring_aware,F3,28,7,1.5,selected_recovery,age_aware,censoring_aware,lightgbm_gbm_recovered,7,30,36.39977777777778,221.52,189.81602124893428,31.703978751065705,1.0345396825396826,178.3518961115413,212.62553449046436,0.8568798359016535,0.0046701863603272,0.0048173765717554,0.0054502231989307,23.76519213123077,23.901112957845047,30.021127689113747,30.633803764401787,0,206,0.2333333333333333,1.7978388852373806,29.86692857142853,53.69592556832154,8.88178419700125e-16,6.750155989720952e-14,0,1.8037872052481507,212.62553449046436,4.120000000000001,2.49534517377923,158.51989375532852,1.0345396825396826,378.79531310211166
F3_seed29_life7_m1.5_raw_order_up_to_censoring_aware,F3,29,7,1.5,raw,order_up_to,censoring_aware,lightgbm_raw,7,30,36.39977777777778,221.52,167.8765856739918,53.643414326008205,1.0345396825396826,144.8011670379526,174.59102246704578,0.7578394080624404,0.0046701863603272,0.0057093503766867,0.006162501330285,12.999392015166128,12.289819459198895,26.298034979752305,26.834729571175814,0,204,0.438095238095238,0.3734825854887448,29.86692857142853,11.154777703464791,4.440892098500625e-16,1.9539925233402755e-14,0,2.1394646187677093,174.59102246704578,4.08,1.3649361615924434,268.2170716300411,1.0345396825396826,449.287569941219
F3_seed29_life7_m1.5_raw_age_aware_censoring_aware,F3,29,7,1.5,raw,age_aware,censoring_aware,lightgbm_raw,7,30,36.39977777777778,221.52,191.8756558530437,29.644344146956318,1.0345396825396826,179.90193948308257,215.28092599949267,0.8661775724676946,0.0046701863603272,0.0047828546885368,0.0053917193295851,23.0374770594166,23.39152172527698,31.07336799642025,31.707518363694128,0,208,0.2428571428571428,1.9060676597834372,29.86692857142853,56.92838664706187,8.88178419700125e-16,-3.552713678800501e-15,0,1.7672196262288222,215.28092599949267,4.16,2.418935091238743,148.22172073478157,1.0345396825396826,371.11612150805274
F3_seed29_life7_m1.5_selected_recovery_order_up_to_censoring_aware,F3,29,7,1.5,selected_recovery,order_up_to,censoring_aware,lightgbm_gbm_recovered,7,30,36.39977777777778,221.52,169.0839355946425,52.43606440535751,1.0345396825396826,145.99580122613477,175.76267630356782,0.7632897056457318,0.0046701863603272,0.0056719559113737,0.0061184977679953,13.414202303177204,12.277103726730369,26.251621551361684,26.787368929960905,0,205,0.438095238095238,0.5281513323967169,29.86692857142853,15.774258119597556,8.88178419700125e-16,1.2434497875801752e-14,0,2.116600139308232,175.76267630356782,4.1000000000000005,1.4084912418336064,262.1803220267876,1.0345396825396826,444.4860292547287
F3_seed29_life7_m1.5_selected_recovery_age_aware_censoring_aware,F3,29,7,1.5,selected_recovery,age_aware,censoring_aware,lightgbm_gbm_recovered,7,30,36.39977777777778,221.52,192.8379426170995,28.68205738290056,1.0345396825396826,180.79804733360092,215.7143573831695,0.8705215900013519,0.0046701863603272,0.0047631217394058,0.0053648139391005,24.033027973981238,23.325342811739617,30.602022901905176,31.226553981535893,0,206,0.2333333333333333,1.6276460306228862,29.86692857142853,48.61278773618292,8.88178419700125e-16,-5.329070518200752e-14,0,1.7466792948451433,215.7143573831695,4.120000000000001,2.5234679372680286,143.41028691450282,1.0345396825396826,366.80265191748
F4_seed00_life3_m1.25_selected_recovery_age_aware_censoring_aware,F4,0,3,1.25,selected_recovery,age_aware,censoring_aware,lightgbm_gbm_recovered,7,30,36.39977777777778,184.6,172.86913957707205,11.730860422927943,14.169303752863692,177.20150423826337,212.398758980924,0.9364525437544532,0.0767567917273222,0.0663352935859233,0.0819654901246641,27.8651738428878,26.562838686105422,30.94927956304213,31.58089751330829,0,209,0.1333333333333333,2.3946838290316648,20.740922619047627,49.66795199503045,4.440892098500625e-16,-7.105427357601002e-15,0,1.3920390861996692,212.398758980924,4.180000000000001,2.925843253503219,58.65430211463973,14.169303752863692,292.32820810193056
F4_seed00_life3_m1.25_selected_recovery_age_aware_naive_stockout_hold,F4,0,3,1.25,selected_recovery,age_aware,naive_stockout_hold,lightgbm_gbm_recovered,7,30,36.39977777777778,184.6,153.58406708138898,31.015932918611043,14.170973052949996,154.24405344828406,184.4268965506175,0.8319830286099078,0.0767658345230227,0.0743321877336084,0.092268510153728,23.943471036168567,22.888791091722894,26.49430517132108,27.03500527685824,55,155,0.2333333333333333,0.361285996233813,20.740922619047627,7.49340489123105,4.440892098500625e-16,-2.131628207280301e-14,0,1.7109123745496209,184.4268965506175,3.1,2.514064458797701,155.07966459305518,14.170973052949996,359.2915986554204
F4_seed01_life3_m1.25_selected_recovery_age_aware_censoring_aware,F4,1,3,1.25,selected_recovery,age_aware,censoring_aware,lightgbm_gbm_recovered,7,30,36.39977777777778,184.6,168.2747195605272,16.325280439472817,15.366127440393562,172.7027452794254,207.1759295512608,0.9115640279551852,0.08324012697938,0.073486092925765,0.0913157215803083,26.900294032666626,25.461676056282435,30.3296656808102,30.948638449806328,0,210,0.1619047619047619,2.665870199766794,20.740922619047627,55.29260752578812,8.88178419700125e-16,1.4210854715202004e-14,0,1.4818713812497546,207.1759295512608,4.200000000000001,2.824530873429996,81.62640219736409,15.366127440393562,311.1929900624485
F4_seed01_life3_m1.25_selected_recovery_age_aware_naive_stockout_hold,F4,1,3,1.25,selected_recovery,age_aware,naive_stockout_hold,lightgbm_gbm_recovered,7,30,36.39977777777778,184.6,146.22866493759884,38.371335062401165,15.28676559232381,145.49298779265902,180.28584597838775,0.7921379465742082,0.0828102144762936,0.0840427355336686,0.1045401433354208,23.70455365487311,20.377335040514165,31.187141266161,31.823613536898975,59,151,0.2571428571428571,1.1114032300188417,20.740922619047627,23.051528392380387,8.88178419700125e-16,-3.552713678800501e-15,0,1.8711345953165672,180.28584597838775,3.0200000000000005,2.4889781337616768,191.85667531200585,15.28676559232381,392.9382650164792
F4_seed02_life3_m1.25_selected_recovery_age_aware_censoring_aware,F4,2,3,1.25,selected_recovery,age_aware,censoring_aware,lightgbm_gbm_recovered,7,30,36.39977777777778,184.6,171.0113369480763,13.588663051923705,14.999707179206307,174.47448756120636,210.66473212276256,0.9263886075193732,0.0812551851527969,0.0711310465271521,0.0877117707334258,27.65437845676643,24.86322121170156,31.97694991910088,32.629540733776416,0,209,0.1428571428571428,2.533518336463344,20.740922619047627,52.54750777052448,8.88178419700125e-16,-1.0658141036401504e-14,0,1.4318641157121326,210.66473212276256,4.180000000000001,2.9037097379604755,67.94331525961852,14.999707179206307,300.6914642995478
F4_seed02_life3_m1.25_selected_recovery_age_aware_naive_stockout_hold,F4,2,3,1.25,selected_recovery,age_aware,naive_stockout_hold,lightgbm_gbm_recovered,7,30,36.39977777777778,184.6,150.42927206511004,34.17072793488995,14.793066798751743,150.50776416012295,183.49705919804651,0.8148931314469666,0.080135789809056,0.0791464413119652,0.098339017371226,24.035971173515897,21.68520307403893,29.31935385396266,29.91770801424761,55,155,0.2333333333333333,0.5295175532533822,20.740922619047627,10.982682597455833,8.88178419700125e-16,1.0658141036401504e-14,0,1.7846073459260343,183.49705919804651,3.1,2.523776973219169,170.85363967444974,14.793066798751743,374.7675426444672
F4_seed03_life3_m1.25_selected_recovery_age_aware_censoring_aware,F4,3,3,1.25,selected_recovery,age_aware,censoring_aware,lightgbm_gbm_recovered,7,30,36.39977777777778,184.6,171.49222700906392,13.107772990936043,15.180916850697493,175.63529932987424,210.96339196772172,0.9289936457695772,0.0822368193428899,0.071596252175719,0.088522477755771,27.54368925890638,25.36193324789058,31.108824798493057,31.743698773972508,0,209,0.1761904761904762,2.5062088504593127,20.740922619047627,51.98108383454892,8.88178419700125e-16,3.197442310920451e-14,0,1.4226441006918311,210.96339196772172,4.180000000000001,2.892087372185169,65.53886495468022,15.180916850697493,298.7552611452846
F4_seed03_life3_m1.25_selected_recovery_age_aware_naive_stockout_hold,F4,3,3,1.25,selected_recovery,age_aware,naive_stockout_hold,lightgbm_gbm_recovered,7,30,36.39977777777778,184.6,147.6555164107743,36.94448358922566,15.18257099522824,147.4141361200159,178.19575364096414,0.7998673695058197,0.0822457800391562,0.0825975067571338,0.1028242720914718,23.88185630945289,20.97582649179111,27.217702448128964,27.773165763396904,60,150,0.2666666666666666,1.2443209208392267,20.740922619047627,25.808363932388488,8.88178419700125e-16,3.552713678800501e-14,0,1.8267063690229208,178.19575364096414,3.0,2.5075949124925536,184.7224179461284,15.18257099522824,383.60833749481327
F4_seed04_life3_m1.25_selected_recovery_age_aware_censoring_aware,F4,4,3,1.25,selected_recovery,age_aware,censoring_aware,lightgbm_gbm_recovered,7,30,36.39977777777778,184.6,170.13918863377413,14.460811366225863,14.095844949477687,176.26941682187325,209.6324043903426,0.9216640771060352,0.076358856714397,0.0662806147172046,0.0828489019059512,28.1142297490372,28.4341610163992,29.170339480662516,29.76565253128828,0,208,0.1285714285714285,2.641147425741675,20.740922619047627,54.77983438280492,8.88178419700125e-16,2.4868995751603507e-14,0,1.4435442871171358,209.6324043903426,4.16,2.9519941236489053,72.30405683112933,14.095844949477687,303.14430029459845
F4_seed04_life3_m1.25_selected_recovery_age_aware_naive_stockout_hold,F4,4,3,1.25,selected_recovery,age_aware,naive_stockout_hold,lightgbm_gbm_recovered,7,30,36.39977777777778,184.6,152.43948569779903,32.16051430220096,13.397327756137711,154.34906478116886,185.63249615865743,0.8257826960877521,0.0725749065879616,0.07023543407346,0.0878862041210044,23.973008038659884,24.912029105009864,27.57078145431543,28.133450463587177,58,151,0.2476190476190476,0.3830172589246188,20.740922619047627,7.944131329115247,8.88178419700125e-16,4.2632564145606005e-14,0,1.7398550536659962,185.63249615865743,3.02,2.5171658440592872,160.8025715110048,13.397327756137711,365.3695612698592
F4_seed05_life3_m1.25_selected_recovery_age_aware_censoring_aware,F4,5,3,1.25,selected_recovery,age_aware,censoring_aware,lightgbm_gbm_recovered,7,30,36.39977777777778,184.6,171.10161198732496,13.498388012675036,15.285096292237506,176.33783367136127,210.66377608197956,0.9268776380678492,0.0828011716805932,0.0718495248118917,0.0893334441137223,29.059153675394978,26.35090316957656,30.11266688897864,30.727211111202696,0,209,0.1476190476190476,2.572836124295049,20.740922619047627,53.36299496549402,8.88178419700125e-16,2.842170943040401e-14,0,1.4317715408262317,210.66377608197956,4.180000000000001,3.051211135916473,67.4919400633752,15.285096292237506,300.6720235735086
F4_seed05_life3_m1.25_selected_recovery_age_aware_naive_stockout_hold,F4,5,3,1.25,selected_recovery,age_aware,naive_stockout_hold,lightgbm_gbm_recovered,7,30,36.39977777777778,184.6,153.9893878158158,30.61061218418419,15.28355381217165,155.2222998773616,184.8078392552703,0.83417869889391,0.08279281588392,0.0797588357207843,0.0992506953170828,24.803555583608965,22.34913602715193,25.889382592803265,26.417737339595167,56,154,0.238095238095238,0.8677977967720051,20.740922619047627,17.998926951828178,8.88178419700125e-16,-7.105427357601002e-15,0,1.7087087015459133,184.8078392552703,3.08,2.6043733362789414,153.05306092092096,15.28355381217165,358.82882732464174
F4_seed06_life3_m1.25_selected_recovery_age_aware_censoring_aware,F4,6,3,1.25,selected_recovery,age_aware,censoring_aware,lightgbm_gbm_recovered,7,30,36.39977777777778,184.6,172.32921311608877,12.27078688391124,15.175688145187952,176.22764855387013,212.19100116465088,0.9335276983536768,0.0822084948276703,0.071372204456435,0.0880621913764842,28.359557541082427,25.12252507037121,31.71953258748768,32.36686998723233,0,209,0.1285714285714285,2.5271885959686764,20.740922619047627,52.41622311272593,4.440892098500625e-16,-2.131628207280301e-14,0,1.408944653672422,212.19100116465088,4.180000000000001,2.977753541813655,61.3539344195562,15.175688145187952,295.87837727120854
F4_seed06_life3_m1.25_selected_recovery_age_aware_naive_stockout_hold,F4,6,3,1.25,selected_recovery,age_aware,naive_stockout_hold,lightgbm_gbm_recovered,7,30,36.39977777777778,184.6,154.5808016681672,30.019198331832776,15.22678177660436,154.01473018476315,188.8166838869817,0.8373824575740368,0.0824852750628621,0.0799665001345371,0.0985037055849349,24.299436276649708,20.606924517769343,31.02562002447894,31.65879594334585,53,157,0.2238095238095238,0.7938757816766921,20.740922619047627,16.46571615689222,4.440892098500625e-16,3.552713678800501e-14,0,1.7134804672942767,188.8166838869817,3.14,2.5514408090482195,150.0959916591639,15.22678177660436,359.83089813179816
F4_seed07_life3_m1.25_selected_recovery_age_aware_censoring_aware,F4,7,3,1.25,selected_recovery,age_aware,censoring_aware,lightgbm_gbm_recovered,7,30,36.39977777777778,184.6,172.48613830333886,12.113861696661145,13.274283778954624,176.6966900154073,210.21032161114988,0.9343777806248043,0.0719083628329069,0.0622923688807344,0.0769585539425208,28.08371281109075,27.336045710891607,29.309425163519588,29.90757669746897,0,208,0.1380952380952381,2.5757353953408955,20.740922619047627,53.42312852190756,4.440892098500625e-16,0.0,0,1.3864890653265465,210.21032161114988,4.16,2.9487898451645287,60.569308483305726,13.274283778954624,291.16270371857473
F4_seed07_life3_m1.25_selected_recovery_age_aware_naive_stockout_hold,F4,7,3,1.25,selected_recovery,age_aware,naive_stockout_hold,lightgbm_gbm_recovered,7,30,36.39977777777778,184.6,154.05943535056863,30.540564649431374,13.275953079040928,155.7585145785019,183.83327772443764,0.8345581546618019,0.0719174056286074,0.0690886295680961,0.0861742291137894,24.18752235522251,24.82290392667013,24.39809759144699,24.89601795045611,54,155,0.2238095238095238,0.6557932902360962,20.740922619047627,13.601757886877513,4.440892098500625e-16,-1.7763568394002505e-14,0,1.6926273518949229,183.83327772443764,3.1,2.539689847298363,152.70282324715689,13.275953079040928,355.4517438979338
F4_seed08_life3_m1.25_selected_recovery_age_aware_censoring_aware,F4,8,3,1.25,selected_recovery,age_aware,censoring_aware,lightgbm_gbm_recovered,7,30,36.39977777777778,184.6,172.34451444417277,12.255485555827253,15.799999676598482,177.53963981168602,212.2675111493183,0.9336105874548905,0.0855904641202518,0.0738526815423873,0.0916768353640669,28.01222960168591,25.794903468692564,30.48252111464592,31.10461338229176,0,209,0.1285714285714285,2.511732623641897,20.740922619047627,52.09565198669407,8.88178419700125e-16,1.0658141036401504e-14,0,1.411743917682048,212.2675111493183,4.180000000000001,2.94128410817702,61.27742777913625,15.799999676598482,296.4662227132301
F4_seed08_life3_m1.25_selected_recovery_age_aware_naive_stockout_hold,F4,8,3,1.25,selected_recovery,age_aware,naive_stockout_hold,lightgbm_gbm_recovered,7,30,36.39977777777778,184.6,155.31884427023232,29.28115572976768,14.871315711968627,157.36935264360866,186.2526612967871,0.8413805215072173,0.0805596734126144,0.076747599989886,0.0957470149989958,24.93362787547844,23.578970439185465,25.15825542724271,25.67168921147216,55,155,0.2285714285714285,0.4641619487800544,20.740922619047627,9.627147062353457,8.88178419700125e-16,3.907985046680551e-14,0,1.6821323170691396,186.2526612967871,3.1,2.618030926925236,146.4057786488384,14.871315711968627,353.2477865845193
F4_seed09_life3_m1.25_selected_recovery_age_aware_censoring_aware,F4,9,3,1.25,selected_recovery,age_aware,censoring_aware,lightgbm_gbm_recovered,7,30,36.39977777777778,184.6,170.4253697064407,14.174630293559304,15.274337844337254,172.5796592518371,210.8793186054242,0.9232143537727016,0.0827428918978182,0.0730901473438876,0.0896247892590606,27.419242087289074,23.27972947883692,34.08207298147859,34.77762549130468,0,209,0.1571428571428571,2.5459680750038287,20.740922619047627,52.805726834220046,8.88178419700125e-16,2.131628207280301e-14,0,1.4480277539843966,210.8793186054242,4.180000000000001,2.879020419165353,70.87315146779649,15.274337844337254,304.0858283367233
F4_seed09_life3_m1.25_selected_recovery_age_aware_naive_stockout_hold,F4,9,3,1.25,selected_recovery,age_aware,naive_stockout_hold,lightgbm_gbm_recovered,7,30,36.39977777777778,184.6,154.1313606196796,30.46863938032037,15.002194355222189,152.68132370198128,185.9567932381288,0.8349477823384595,0.0812686584789934,0.0793426431188214,0.0973338215850843,23.808416776127228,19.94754650485723,29.556333671384944,30.15952415447444,56,154,0.2428571428571428,0.6555308629584553,20.740922619047627,13.596314903018836,8.88178419700125e-16,4.2632564145606005e-14,0,1.7089622297926008,185.9567932381288,3.08,2.4998837614933587,152.34319690160186,15.002194355222189,358.88206825644613
F4_seed10_life3_m1.25_selected_recovery_age_aware_censoring_aware,F4,10,3,1.25,selected_recovery,age_aware,censoring_aware,lightgbm_gbm_recovered,7,30,36.39977777777778,184.6,171.60974325999763,12.990256740002408,15.285096292237506,174.93009467591563,212.11964536039625,0.929630245178752,0.0828011716805932,0.0723281385388938,0.0890689304807116,28.40384197659805,24.43503290145832,32.94715777727265,33.61954875231903,0,209,0.1380952380952381,2.4629650785493293,20.740922619047627,51.0841681076082,8.88178419700125e-16,-3.907985046680551e-14,0,1.426278232191374,212.11964536039625,4.180000000000001,2.982403407542795,64.95128370001203,15.285096292237506,299.51842876018856
F4_seed10_life3_m1.25_selected_recovery_age_aware_naive_stockout_hold,F4,10,3,1.25,selected_recovery,age_aware,naive_stockout_hold,lightgbm_gbm_recovered,7,30,36.39977777777778,184.6,154.6596386531297,29.940361346870297,15.28676559232381,155.99597414825854,186.97962610674205,0.8378095268316885,0.0828102144762936,0.0794547979323398,0.0988413378270521,25.0196928756354,22.44934768058281,27.24405943634868,27.800060649335386,55,155,0.2333333333333333,0.558748845762671,20.740922619047627,11.588966573445736,8.88178419700125e-16,1.0658141036401504e-14,0,1.7033107913588528,186.97962610674205,3.1,2.6270677519417167,149.7018067343515,15.28676559232381,357.69526618535906
F4_seed11_life3_m1.25_selected_recovery_age_aware_censoring_aware,F4,11,3,1.25,selected_recovery,age_aware,censoring_aware,lightgbm_gbm_recovered,7,30,36.39977777777778,184.6,172.97440777196752,11.625592228032446,15.175688145187952,179.22230630666803,212.58770688343336,0.9370227939976572,0.0822084948276703,0.0703809547599241,0.0877337193441592,28.459154698903447,27.47198816729033,29.11364643909663,29.70780248887412,0,209,0.1571428571428571,2.443453366578619,20.740922619047627,50.67947719945855,8.88178419700125e-16,1.0658141036401504e-14,0,1.3955217495817542,212.58770688343336,4.180000000000001,2.9882112433848618,58.12796114016224,15.175688145187952,293.0595674121684
F4_seed11_life3_m1.25_selected_recovery_age_aware_naive_stockout_hold,F4,11,3,1.25,selected_recovery,age_aware,naive_stockout_hold,lightgbm_gbm_recovered,7,30,36.39977777777778,184.6,153.87364213062835,30.726357869371636,15.28676559232381,155.9481794042133,185.750653592956,0.8335516908484742,0.0828102144762936,0.079474540911605,0.099346225777553,24.545161473309776,23.18754945903892,26.08746111688352,26.619858282534203,56,154,0.238095238095238,0.493501519891661,20.740922619047627,10.235676836455337,8.88178419700125e-16,7.105427357601002e-15,0,1.715840240413502,185.750653592956,3.08,2.5772419546975267,153.63178934685817,15.28676559232381,360.32645048683537
F4_seed12_life3_m1.25_selected_recovery_age_aware_censoring_aware,F4,12,3,1.25,selected_recovery,age_aware,censoring_aware,lightgbm_gbm_recovered,7,30,36.39977777777778,184.6,170.05303830568442,14.54696169431554,15.192926886317943,173.59535321629536,210.3155969086336,0.9211973906050076,0.0823018791241492,0.0723489483513155,0.08934228425256,28.111257125138632,24.74916580207072,32.513931754165576,33.17748138180161,0,210,0.1428571428571428,2.531084522545589,20.740922619047627,52.497028224387165,8.88178419700125e-16,6.394884621840902e-14,0,1.4542619726888988,210.3155969086336,4.200000000000001,2.951681998139557,72.7348084715777,15.192926886317943,305.3950142646688
F4_seed12_life3_m1.25_selected_recovery_age_aware_naive_stockout_hold,F4,12,3,1.25,selected_recovery,age_aware,naive_stockout_hold,lightgbm_gbm_recovered,7,30,36.39977777777778,184.6,154.70262655172078,29.897373448279225,15.191384406252087,155.9040789287228,188.71584278348783,0.8380423973549338,0.0822935233274761,0.0789967745131476,0.0981973269934964,24.90314484519589,22.40984574852773,29.03744699909527,29.63004795826048,52,158,0.219047619047619,0.4194432939799339,20.740922619047627,8.699640903516254,8.88178419700125e-16,-3.552713678800501e-15,0,1.7103282125708648,188.71584278348783,3.16,2.614830208745569,149.48686724139614,15.191384406252087,359.1689246398816
F4_seed13_life3_m1.25_selected_recovery_age_aware_censoring_aware,F4,13,3,1.25,selected_recovery,age_aware,censoring_aware,lightgbm_gbm_recovered,7,30,36.39977777777778,184.6,173.5059802388392,11.0940197611608,13.882464725633042,178.64164518133424,212.53659704386376,0.9399023848257811,0.0752029508430825,0.064557165473522,0.0800114480580045,28.25884915248361,27.65297799463977,29.644219921652283,30.249204001686007,0,209,0.1380952380952381,2.460112552347188,20.740922619047627,51.025004082380775,8.88178419700125e-16,3.552713678800501e-15,0,1.3763635225538646,212.53659704386376,4.180000000000001,2.967179161010779,55.470098805804,13.882464725633042,289.0363397363116
F4_seed13_life3_m1.25_selected_recovery_age_aware_naive_stockout_hold,F4,13,3,1.25,selected_recovery,age_aware,naive_stockout_hold,lightgbm_gbm_recovered,7,30,36.39977777777778,184.6,151.28110952134708,33.318890478652925,13.665430404476036,152.36276568987714,183.15779955132248,0.8195076355435919,0.0740272502951031,0.0723948202510719,0.0903313734789056,23.854555610950893,23.816003541831797,27.13187787041893,27.685589663692788,57,152,0.2476190476190476,0.7147885765558413,20.740922619047627,14.825374555323906,8.88178419700125e-16,1.4210854715202004e-14,0,1.756963860420062,183.15779955132248,3.04,2.5047283391498434,166.59445239326467,13.665430404476036,368.96241068821297
F4_seed14_life3_m1.25_selected_recovery_age_aware_censoring_aware,F4,14,3,1.25,selected_recovery,age_aware,censoring_aware,lightgbm_gbm_recovered,7,30,36.39977777777778,184.6,173.62166531171053,10.978334688289465,14.385316524023011,177.29994780376973,212.79294916731425,0.9405290645271426,0.0779269584183261,0.0673155591794786,0.0828543862783278,27.622866267990563,25.69274374581397,31.237142380198183,31.87463508183488,0,209,0.1238095238095238,2.380776503917336,20.740922619047627,49.379501240996206,4.440892098500625e-16,-3.552713678800501e-15,0,1.3769063813853504,212.79294916731425,4.180000000000001,2.9004009581390093,54.89167344144733,14.385316524023011,289.1503400909236
F4_seed14_life3_m1.25_selected_recovery_age_aware_naive_stockout_hold,F4,14,3,1.25,selected_recovery,age_aware,naive_stockout_hold,lightgbm_gbm_recovered,7,30,36.39977777777778,184.6,155.38277396194684,29.217226038053145,14.278050061148312,155.6406218844384,185.17521494062453,0.8417268361968951,0.0773458833214968,0.0743491998884728,0.0918895299465113,23.65543915490281,22.379575639121008,25.831088757373653,26.35825383405475,53,157,0.219047619047619,0.5327751612961492,20.740922619047627,11.050248393794048,4.440892098500625e-16,1.4210854715202004e-14,0,1.6722057919204922,185.17521494062453,3.14,2.4838211112647945,146.08613019026572,14.278050061148312,351.1632163033034
F4_seed15_life3_m1.25_selected_recovery_age_aware_censoring_aware,F4,15,3,1.25,selected_recovery,age_aware,censoring_aware,lightgbm_gbm_recovered,7,30,36.39977777777778,184.6,168.78823428524862,15.811765714751376,15.285111447793064,172.42448449454503,208.63871747016069,0.9143457978615852,0.0828012537800274,0.0731960514619709,0.0905579201803932,27.763347834953844,24.750916539281118,32.04145862621242,32.69536594511471,0,209,0.1333333333333333,2.6785924431632804,20.740922619047627,55.55647859161533,4.440892098500625e-16,1.4210854715202004e-14,0,1.476560995306575,208.63871747016069,4.180000000000001,2.9151515226701536,79.05882857375687,15.285111447793064,310.0778090143808
F4_seed15_life3_m1.25_selected_recovery_age_aware_naive_stockout_hold,F4,15,3,1.25,selected_recovery,age_aware,naive_stockout_hold,lightgbm_gbm_recovered,7,30,36.39977777777778,184.6,151.5993337946066,33.000666205393415,15.28676559232381,151.14060830958005,184.01763903198204,0.8212314940119533,0.0828102144762936,0.0815118594519855,0.1008366277719596,23.928914910675417,20.654286700427413,29.196677941762392,29.79252851200244,55,155,0.2333333333333333,0.5608066794795619,20.740922619047627,11.63164794333064,4.440892098500625e-16,1.4210854715202004e-14,0,1.7615251034137802,184.01763903198204,3.1,2.512536065620919,165.00333102696712,15.28676559232381,369.92027171689386
F4_seed16_life3_m1.25_selected_recovery_age_aware_censoring_aware,F4,16,3,1.25,selected_recovery,age_aware,censoring_aware,lightgbm_gbm_recovered,7,30,36.39977777777778,184.6,168.18975344969084,16.41024655030915,14.724256788740552,172.47730501546073,208.03962856305785,0.9111037564988668,0.0797630378588329,0.0704924474807783,0.0875455043291022,27.382950023681374,25.963072554807106,31.40153097633596,32.0423785472816,0,209,0.1761904761904762,2.6668240179265887,20.740922619047627,55.312390594433055,8.88178419700125e-16,1.7763568394002505e-14,0,1.4850967993134794,208.03962856305785,4.180000000000001,2.8752097524865445,82.05123275154574,14.724256788740552,311.8703278558307
F4_seed16_life3_m1.25_selected_recovery_age_aware_naive_stockout_hold,F4,16,3,1.25,selected_recovery,age_aware,naive_stockout_hold,lightgbm_gbm_recovered,7,30,36.39977777777778,184.6,148.24154846483157,36.358451535168406,14.742725097686602,148.2494670368558,179.57050877106187,0.8030419743490333,0.0798630828693748,0.0798417838777872,0.0994506955058158,23.97914687618314,21.664971252115375,27.729631558784835,28.295542406923303,61,149,0.2666666666666666,1.0615987267971227,20.740922619047627,22.018537044978604,8.88178419700125e-16,4.2632564145606005e-14,0,1.8171585807932848,179.57050877106187,2.98,2.5178104219992306,181.79225767584205,14.742725097686602,381.60330196658975
F4_seed17_life3_m1.25_selected_recovery_age_aware_censoring_aware,F4,17,3,1.25,selected_recovery,age_aware,censoring_aware,lightgbm_gbm_recovered,7,30,36.39977777777778,184.6,169.9819611124381,14.618038887561864,15.141256841842244,176.21661719983797,208.69410519838223,0.920812357055461,0.0820219763913447,0.0712139665590525,0.0890756686341955,28.288122770015068,27.493177023335328,28.30360589457668,28.88123050467008,0,209,0.1380952380952381,2.668966278244346,20.740922619047627,55.35682304991352,8.88178419700125e-16,7.105427357601002e-14,0,1.4479800446137396,208.69410519838223,4.180000000000001,2.9702528908515817,73.09019443780932,15.141256841842244,304.0758093688853
F4_seed17_life3_m1.25_selected_recovery_age_aware_naive_stockout_hold,F4,17,3,1.25,selected_recovery,age_aware,naive_stockout_hold,lightgbm_gbm_recovered,7,30,36.39977777777778,184.6,151.73369920856896,32.866300791431044,14.52864798446101,153.82939673086673,183.93966125664792,0.8219593673270257,0.0787034018659859,0.0763744468848588,0.095750964091967,24.344585234991843,23.966827315614545,26.431471300648223,26.97088908229411,58,152,0.2476190476190476,0.408727751396713,20.740922619047627,8.47739066397656,8.88178419700125e-16,0.0,0,1.7542666411806582,183.93966125664792,3.04,2.556181449674144,164.3315039571552,14.52864798446101,368.39599464793827
F4_seed18_life3_m1.25_selected_recovery_age_aware_censoring_aware,F4,18,3,1.25,selected_recovery,age_aware,censoring_aware,lightgbm_gbm_recovered,7,30,36.39977777777778,184.6,171.60679831155795,12.993201688442038,14.16644251364025,177.54743227117584,210.73706211798924,0.929614292045276,0.076741292056556,0.0662146634695484,0.0825517558338253,27.477932411068508,28.173969223755403,28.97488860445364,29.566212861687383,0,209,0.1285714285714285,2.4925025632257687,20.740922619047627,51.696802791643535,8.88178419700125e-16,1.7763568394002505e-14,0,1.4139747427476277,210.73706211798924,4.180000000000001,2.8851829031621925,64.96600844221018,14.16644251364025,296.9346959770018
F4_seed18_life3_m1.25_selected_recovery_age_aware_naive_stockout_hold,F4,18,3,1.25,selected_recovery,age_aware,naive_stockout_hold,lightgbm_gbm_recovered,7,30,36.39977777777778,184.6,153.64541644646283,30.954583553537173,13.956598610354604,157.0511460632756,182.8150147262129,0.8323153653654541,0.075604542851325,0.0721454223802098,0.0908364136929377,23.742675736889936,25.84890878423595,22.107568368413038,22.558743233074523,57,153,0.2333333333333333,0.607983750422186,20.740922619047627,12.610143921144925,8.88178419700125e-16,1.0658141036401504e-14,0,1.7004643431267945,182.8150147262129,3.0600000000000005,2.492980952373444,154.77291776768587,13.956598610354604,357.0975120566268
F4_seed19_life3_m1.25_selected_recovery_age_aware_censoring_aware,F4,19,3,1.25,selected_recovery,age_aware,censoring_aware,lightgbm_gbm_recovered,7,30,36.39977777777778,184.6,174.71720908900275,9.882790910997238,15.201723672646072,179.53782058731227,213.1276346411049,0.946463754544977,0.0823495323545291,0.0703986882680069,0.0870075921651321,27.376347139261643,26.01866560344123,29.327261360970475,29.92577689894947,0,209,0.1238095238095238,2.374878192913,20.740922619047627,49.257164828872185,8.88178419700125e-16,0.0,0,1.356180139611236,213.1276346411049,4.180000000000001,2.874516449622473,49.41395455498619,15.201723672646072,284.7978293183596
F4_seed19_life3_m1.25_selected_recovery_age_aware_naive_stockout_hold,F4,19,3,1.25,selected_recovery,age_aware,naive_stockout_hold,lightgbm_gbm_recovered,7,30,36.39977777777778,184.6,155.6023962962866,28.9976037037134,15.23146240797915,156.56141685777317,186.57356781181417,0.8429165563179122,0.08251063059577,0.0789353654072626,0.0978870683904926,23.902805605888314,22.127335931285167,26.280679597804767,26.817019997759967,57,153,0.2428571428571428,0.4043848191579504,20.740922619047627,8.38731424247262,8.88178419700125e-16,3.552713678800501e-14,0,1.6779183015570411,186.57356781181417,3.06,2.5097945886182726,144.98801851856703,15.23146240797915,352.36284332697863
F4_seed20_life3_m1.25_selected_recovery_age_aware_censoring_aware,F4,20,3,1.25,selected_recovery,age_aware,censoring_aware,lightgbm_gbm_recovered,7,30,36.39977777777778,184.6,170.3142768042789,14.285723195721124,15.256022228413684,173.4485468714081,210.40841057365355,0.9226125504023776,0.082643674043411,0.0727002336278736,0.0895757097682746,27.80582334018409,24.278025616493316,32.751695490772384,33.420097439563655,0,209,0.1476190476190476,2.555483632718204,20.740922619047627,53.003088280451,8.88178419700125e-16,-1.7763568394002505e-14,0,1.4485364772923437,210.40841057365355,4.180000000000001,2.9196114507193296,71.42861597860562,15.256022228413684,304.1926602313921
F4_seed20_life3_m1.25_selected_recovery_age_aware_naive_stockout_hold,F4,20,3,1.25,selected_recovery,age_aware,naive_stockout_hold,lightgbm_gbm_recovered,7,30,36.39977777777778,184.6,152.84064314342046,31.759356856579554,15.165272379595148,153.2878209703632,186.95240203973464,0.8279558133446396,0.0821520713954233,0.0799486760319579,0.0992227726061357,24.141814057828775,21.681683225125376,29.925533028576755,30.536258192425265,53,157,0.2238095238095238,0.3654530971331868,20.740922619047627,7.579834408530723,8.88178419700125e-16,1.0658141036401504e-14,0,1.7456635675157124,186.95240203973464,3.14,2.5348904760720217,158.79678428289776,15.165272379595148,366.5893491782996
F4_seed21_life3_m1.25_selected_recovery_age_aware_censoring_aware,F4,21,3,1.25,selected_recovery,age_aware,censoring_aware,lightgbm_gbm_recovered,7,30,36.39977777777778,184.6,169.6231244815675,14.97687551843253,14.467512762251278,174.08393862169223,208.940457505158,0.918868496649878,0.0783722251476233,0.0687345938666051,0.0852921015720555,28.246600972919094,26.39307915565125,30.67770973336261,31.30378544220675,0,209,0.1428571428571428,2.7647873119108937,20.740922619047627,57.34423969446854,8.88178419700125e-16,2.131628207280301e-14,0,1.4544678141034686,208.940457505158,4.180000000000001,2.965893102156504,74.88437759216265,14.467512762251278,305.4382409617284
F4_seed21_life3_m1.25_selected_recovery_age_aware_naive_stockout_hold,F4,21,3,1.25,selected_recovery,age_aware,naive_stockout_hold,lightgbm_gbm_recovered,7,30,36.39977777777778,184.6,153.22182967061426,31.378170329385743,14.469182062337582,153.59523430274805,186.3625586392387,0.8300207457779754,0.0783812679433238,0.0761555890541225,0.0944329022401209,24.261057932325752,22.30400034757397,29.04007316370588,29.632727718067223,59,151,0.2571428571428571,0.6803784171339105,20.740922619047627,14.111676101444546,8.88178419700125e-16,2.842170943040401e-14,0,1.7299523972923772,186.3625586392387,3.0200000000000005,2.5474110828942047,156.8908516469287,14.469182062337582,363.2900034313992
F4_seed22_life3_m1.25_selected_recovery_age_aware_censoring_aware,F4,22,3,1.25,selected_recovery,age_aware,censoring_aware,lightgbm_gbm_recovered,7,30,36.39977777777778,184.6,167.8471324699809,16.752867530019106,15.26829728337776,171.2635729447604,208.26806703655708,0.909247738190579,0.0827101694657516,0.0735242748913261,0.0909654937721885,27.656530966605345,24.54792096917954,32.83913275106551,33.50931913374032,0,209,0.1809523809523809,2.589953964280883,20.740922619047627,53.71803476004544,4.440892098500625e-16,-1.0658141036401504e-14,0,1.4970697034358278,208.26806703655708,4.180000000000001,2.903935751493561,83.76433765009553,15.26829728337776,314.38463772152386
F4_seed22_life3_m1.25_selected_recovery_age_aware_naive_stockout_hold,F4,22,3,1.25,selected_recovery,age_aware,naive_stockout_hold,lightgbm_gbm_recovered,7,30,36.39977777777778,184.6,149.2413406043833,35.35865939561667,15.28676559232381,148.3890676955761,179.7108791483964,0.8084579664376128,0.0828102144762936,0.0827255863478411,0.1024298329833873,24.06022897513372,20.26073927664676,27.727593869852328,28.293463132502385,59,151,0.2666666666666666,1.2278546646075703,20.740922619047627,25.46683858606229,4.440892098500625e-16,7.105427357601002e-15,0,1.7968441226723455,179.7108791483964,3.0200000000000005,2.52632404238904,176.79329697808336,15.28676559232381,377.33726576119267
F4_seed23_life3_m1.25_selected_recovery_age_aware_censoring_aware,F4,23,3,1.25,selected_recovery,age_aware,censoring_aware,lightgbm_gbm_recovered,7,30,36.39977777777778,184.6,171.92781485630468,12.672185143695325,14.687569827744454,176.22907292591492,211.14339254850245,0.931353276578032,0.0795643002586373,0.0690760909403221,0.0854287006440473,27.27630598448108,26.01346601964357,30.69145177161745,31.317807930221896,0,208,0.1523809523809523,2.4783665978908567,20.740922619047627,51.40360982848659,8.88178419700125e-16,3.552713678800501e-15,0,1.410551905824257,211.14339254850245,4.16,2.8640121283705136,63.36092571847661,14.687569827744454,296.215900223094
F4_seed23_life3_m1.25_selected_recovery_age_aware_naive_stockout_hold,F4,23,3,1.25,selected_recovery,age_aware,naive_stockout_hold,lightgbm_gbm_recovered,7,30,36.39977777777778,184.6,149.5241383172431,35.07586168275693,14.629255312111306,151.14760830141745,179.19917965224266,0.8099899150446537,0.0792484036409063,0.0780029816354456,0.0978387535066253,23.183460503294302,23.393992449840855,24.467587757780368,24.96692628344936,61,148,0.2619047619047619,0.6635955841486257,20.740922619047627,13.763584661168354,8.88178419700125e-16,-1.4210854715202004e-14,0,1.7838190796713551,179.19917965224266,2.96,2.4342633528459015,175.37930841378466,14.629255312111306,374.60200673098456
F4_seed24_life3_m1.25_selected_recovery_age_aware_censoring_aware,F4,24,3,1.25,selected_recovery,age_aware,censoring_aware,lightgbm_gbm_recovered,7,30,36.39977777777778,184.6,167.4671002962367,17.132899703763286,15.06595814140274,170.61124222664074,207.0192800779908,0.907189059026201,0.0816140744388014,0.0727785319886891,0.0899636890753598,27.371557914441688,24.477961566779054,32.2676522497902,32.92617576509203,0,208,0.1761904761904762,2.6477392113367006,20.740922619047627,54.91655409775271,4.440892098500625e-16,2.131628207280301e-14,0,1.498970239615363,207.0192800779908,4.16,2.8740135810163774,85.66449851881643,15.06595814140274,314.7837503192262
F4_seed24_life3_m1.25_selected_recovery_age_aware_naive_stockout_hold,F4,24,3,1.25,selected_recovery,age_aware,naive_stockout_hold,lightgbm_gbm_recovered,7,30,36.39977777777778,184.6,151.58780747182246,33.01219252817755,15.067627441489044,153.4101148537065,179.73850557738697,0.8211690545602516,0.0816231172345018,0.0793827299125174,0.0993986765346537,23.81631507667657,23.154457718172747,22.73362061213272,23.19757205319665,60,150,0.2571428571428571,1.5319783130809872,20.740922619047627,31.774643645671876,4.440892098500625e-16,2.4868995751603507e-14,0,1.7398467082991178,179.73850557738697,3.0,2.50071308305104,165.0609626408877,15.067627441489044,365.3678087428148
F4_seed25_life3_m1.25_selected_recovery_age_aware_censoring_aware,F4,25,3,1.25,selected_recovery,age_aware,censoring_aware,lightgbm_gbm_recovered,7,30,36.39977777777778,184.6,169.053563959083,15.546436040917015,14.913428479463915,171.1886018181892,207.6227921513324,0.9157831200383694,0.0807878032473668,0.0718413453994399,0.0882171788053725,27.457873963702376,23.62138715742006,32.28173449011658,32.94054539807814,0,209,0.1523809523809523,2.6108220428532136,20.740922619047627,54.15085796292235,8.88178419700125e-16,1.4210854715202004e-14,0,1.463483226674143,207.6227921513324,4.180000000000001,2.8830767661887498,77.73218020458508,14.913428479463915,307.3314776015701
F4_seed25_life3_m1.25_selected_recovery_age_aware_naive_stockout_hold,F4,25,3,1.25,selected_recovery,age_aware,naive_stockout_hold,lightgbm_gbm_recovered,7,30,36.39977777777778,184.6,152.52589622673418,32.07410377326583,14.696676553110493,150.98356706586162,179.8800942834198,0.8262507921274874,0.0796136324653872,0.0784310716908913,0.096355287309792,23.57518679683526,20.16077206379473,25.29892533188977,25.815229930499765,60,149,0.2523809523809523,0.7461495040310973,20.740922619047627,15.475829125349753,8.88178419700125e-16,3.552713678800501e-15,0,1.7162032586501292,179.8800942834198,2.9800000000000004,2.475394613667703,160.37051886632918,14.696676553110493,360.4026843165272
F4_seed26_life3_m1.25_selected_recovery_age_aware_censoring_aware,F4,26,3,1.25,selected_recovery,age_aware,censoring_aware,lightgbm_gbm_recovered,7,30,36.39977777777778,184.6,172.83252238436825,11.767477615631757,14.005111917018375,175.98566778614648,211.1645536788752,0.936254184097336,0.075867345162613,0.0659419569916013,0.0810328503212602,26.78757822699339,25.547811262537675,30.95559481915115,31.58734165219505,0,209,0.1428571428571428,2.392594681775932,20.740922619047627,49.62462115345948,4.440892098500625e-16,-3.197442310920451e-14,0,1.3857130923232697,211.1645536788752,4.180000000000001,2.812695713834306,58.83738807815878,14.005111917018375,290.99974938788665
F4_seed26_life3_m1.25_selected_recovery_age_aware_naive_stockout_hold,F4,26,3,1.25,selected_recovery,age_aware,naive_stockout_hold,lightgbm_gbm_recovered,7,30,36.39977777777778,184.6,153.08774353928575,31.512256460714248,14.006498822301095,153.10392781765756,184.70679478411003,0.829294385369912,0.0758748581923136,0.073911477236245,0.0914932737166297,23.444490516326763,22.409463233848495,27.908731070770248,28.478297010990048,54,156,0.2285714285714285,0.4191183901916232,20.740922619047627,8.692902099184268,4.440892098500625e-16,0.0,0,1.7231249876866508,184.70679478411003,3.12,2.46167150421431,157.56128230357126,14.006498822301095,361.85624741419673
F4_seed27_life3_m1.25_selected_recovery_age_aware_censoring_aware,F4,27,3,1.25,selected_recovery,age_aware,censoring_aware,lightgbm_gbm_recovered,7,30,36.39977777777778,184.6,173.78877912286504,10.811220877134948,15.256660000454236,175.27151939756666,213.11165588119604,0.941434339777167,0.0826471289298712,0.0720771318740297,0.0877885216609301,26.47105850684909,22.625858052025155,33.577903366005465,34.26316670000557,0,210,0.1428571428571428,2.4040343425220287,20.740922619047627,49.86189027178244,4.440892098500625e-16,2.131628207280301e-14,0,1.378113721002591,213.11165588119604,4.200000000000001,2.7794611432191547,54.056104385674736,15.256660000454236,289.40388141054416
F4_seed27_life3_m1.25_selected_recovery_age_aware_naive_stockout_hold,F4,27,3,1.25,selected_recovery,age_aware,naive_stockout_hold,lightgbm_gbm_recovered,7,30,36.39977777777778,184.6,154.43157517248886,30.168424827511135,14.327291031682051,151.57397795358568,185.63766349026145,0.8365740800243167,0.0776126274739006,0.0762196348949766,0.0927743631163478,23.134534221801367,19.21488952719253,30.35093226687053,30.970339047827068,57,153,0.2428571428571428,0.4538781533441266,20.740922619047627,9.413851656986765,4.440892098500625e-16,2.4868995751603507e-14,0,1.6966485940608964,185.63766349026145,3.06,2.429126093289144,150.8421241375557,14.327291031682051,356.29620475278824
F4_seed28_life3_m1.25_selected_recovery_age_aware_censoring_aware,F4,28,3,1.25,selected_recovery,age_aware,censoring_aware,lightgbm_gbm_recovered,7,30,36.39977777777778,184.6,167.7550346468568,16.844965353143195,15.2425613426056,172.07790672296764,206.86302792923945,0.9087488334065916,0.0825707548353499,0.073113635059349,0.0908620201753879,27.304667622906944,25.480088511283007,30.64786064768697,31.27332719151732,0,209,0.1571428571428571,2.759169522935496,20.740922619047627,57.22772156803968,8.88178419700125e-16,3.552713678800501e-15,0,1.492273362561744,206.86302792923945,4.180000000000001,2.8669901004052285,84.224826765716,15.2425613426056,313.3774061379662
F4_seed28_life3_m1.25_selected_recovery_age_aware_naive_stockout_hold,F4,28,3,1.25,selected_recovery,age_aware,naive_stockout_hold,lightgbm_gbm_recovered,7,30,36.39977777777778,184.6,149.3671574681655,35.23284253183449,15.260035359711267,149.9482076975282,180.90308886849425,0.8091395312468336,0.0826654136495734,0.0818899937168006,0.10216459641045,23.236183482141996,21.72079264742924,27.336819393596137,27.89471366693484,60,150,0.2666666666666666,1.2985738904496438,20.740922619047627,26.933620576931688,8.88178419700125e-16,-3.552713678800501e-15,0,1.7988911245381092,180.90308886849425,3.0,2.439799265624909,176.16421265917245,15.260035359711267,377.76713615300287
F4_seed29_life3_m1.25_selected_recovery_age_aware_censoring_aware,F4,29,3,1.25,selected_recovery,age_aware,censoring_aware,lightgbm_gbm_recovered,7,30,36.39977777777778,184.6,170.45225255715863,14.147747442841352,15.2189062638535,174.59651499226916,209.63402973730948,0.9233599813497216,0.0824426124802464,0.0721287851272331,0.0892854511192221,27.418721463401937,25.325133949034807,30.844834150294087,31.474320561524586,0,209,0.1523809523809523,2.5862014764895966,20.740922619047627,53.640204701137456,8.88178419700125e-16,7.105427357601002e-15,0,1.441193518900128,209.63402973730948,4.180000000000001,2.878965753657203,70.73873721420675,15.2189062638535,302.6506389690269
F4_seed29_life3_m1.25_selected_recovery_age_aware_naive_stockout_hold,F4,29,3,1.25,selected_recovery,age_aware,naive_stockout_hold,lightgbm_gbm_recovered,7,30,36.39977777777778,184.6,147.6172803972042,36.9827196027958,15.217363783787652,146.68783787252718,179.79597994182168,0.7996602405048981,0.0824342566835734,0.0831151999535163,0.1030866016691353,23.024936917950814,20.252971469313096,29.512222470458088,30.11451272495724,63,147,0.2666666666666666,0.5835184634169066,20.740922619047627,12.102711296515634,8.88178419700125e-16,7.105427357601002e-15,0,1.834688381504634,179.79597994182168,2.9400000000000004,2.417618376384836,184.91359801397897,15.217363783787652,385.28456011597314
