arm,policy,scenario,seed,origin,cost,mean_daily_cost,daily_cost_cvar,fill_rate,cycle_service_level,stockout_rate,harmful_executions,executed_actions,harmful_execution_rate,hard_violations,violation_executions,reference_deviations,held_decisions,mean_quality,bullwhip,mean_inventory,inventory_turns_window,safety_adjusted_utility,utility_note,tokens,llm_calls,llm_errors,fallback_decisions,chain_valid,trace_count,path,forecast_override
parser_no_recovery,B4,capacity_cut,0,0,17535.968500000003,2505.1383571428573,3388.6755000000003,0.7155335861321777,0.0,0.3666666666666666,6,6,1.0,0,0,6,1,0.7999999999999999,5.803198114493576,1339.7142857142858,7.887502665813606,-18476.83605,Run-level descriptive proxy; replication-level expected cost/CVaR is computed in study_summary.json.,0,0,0,0,True,7,/workspace/MasterDissertation/results/freshretailnet/gate_transfer/agents/parser_no_recovery/B4__capacity_cut__seed0__origin0,
parser_no_recovery,B4,capacity_cut,1,0,15659.496750000002,2237.0709642857146,2891.668,0.8124322860238353,0.0,0.2428571428571428,3,7,0.4285714285714285,0,0,3,0,0.7999999999999999,5.814124796418398,2134.1428571428573,5.621929178659883,-16248.663550000005,Run-level descriptive proxy; replication-level expected cost/CVaR is computed in study_summary.json.,0,0,0,0,True,7,/workspace/MasterDissertation/results/freshretailnet/gate_transfer/agents/parser_no_recovery/B4__capacity_cut__seed1__origin0,
parser_no_recovery,B4,capacity_cut,2,0,17016.80975,2430.9728214285715,3810.14325,0.7300243770314193,0.0,0.3619047619047619,5,6,0.8333333333333334,0,0,5,1,0.7999999999999999,5.802774090788426,1711.857142857143,6.297838604689978,-17899.824075,Run-level descriptive proxy; replication-level expected cost/CVaR is computed in study_summary.json.,0,0,0,0,True,7,/workspace/MasterDissertation/results/freshretailnet/gate_transfer/agents/parser_no_recovery/B4__capacity_cut__seed2__origin0,
parser_no_recovery,B4,capacity_cut,3,0,16902.461,2414.6372857142856,3479.8325,0.7849404117009751,0.0,0.2857142857142857,2,7,0.2857142857142857,0,0,2,0,0.8228571428571428,5.569280522890822,2295.428571428572,5.050037341299477,-17450.44425,Run-level descriptive proxy; replication-level expected cost/CVaR is computed in study_summary.json.,0,0,0,0,True,7,/workspace/MasterDissertation/results/freshretailnet/gate_transfer/agents/parser_no_recovery/B4__capacity_cut__seed3__origin0,
parser_no_recovery,B4,capacity_cut,4,0,18585.84975,2655.1213928571424,3575.10075,0.7051056338028169,0.0,0.3619047619047619,5,6,0.8333333333333334,0,0,5,1,0.8228571428571428,5.711879838426163,1871.857142857143,5.562924521102038,-19445.359825,Run-level descriptive proxy; replication-level expected cost/CVaR is computed in study_summary.json.,0,0,0,0,True,7,/workspace/MasterDissertation/results/freshretailnet/gate_transfer/agents/parser_no_recovery/B4__capacity_cut__seed4__origin0,
parser_no_recovery,B4,capacity_cut,5,0,16677.98875,2382.569821428572,3542.4912500000005,0.7906960996749729,0.0,0.2904761904761905,7,7,1.0,0,0,7,0,0.7999999999999999,5.221447635583551,2347.8571428571427,4.973471250380286,-17732.237875,Run-level descriptive proxy; replication-level expected cost/CVaR is computed in study_summary.json.,0,0,0,0,True,7,/workspace/MasterDissertation/results/freshretailnet/gate_transfer/agents/parser_no_recovery/B4__capacity_cut__seed5__origin0,
parser_no_recovery,B4,capacity_cut,6,0,17467.251500000002,2495.321642857143,4112.3875,0.7318526543878656,0.0,0.3047619047619048,4,6,0.6666666666666666,0,0,4,1,0.7999999999999999,5.813471541623918,1997.428571428572,5.410956944643113,-18280.490250000003,Run-level descriptive proxy; replication-level expected cost/CVaR is computed in study_summary.json.,0,0,0,0,True,7,/workspace/MasterDissertation/results/freshretailnet/gate_transfer/agents/parser_no_recovery/B4__capacity_cut__seed6__origin0,
parser_no_recovery,B4,capacity_cut,7,0,18304.5825,2614.940357142857,4047.34175,0.7046993499458288,0.0,0.3523809523809524,6,6,1.0,0,0,6,1,0.7999999999999999,5.790300188694136,1715.7142857142858,6.065695253955037,-19311.316675,Run-level descriptive proxy; replication-level expected cost/CVaR is computed in study_summary.json.,0,0,0,0,True,7,/workspace/MasterDissertation/results/freshretailnet/gate_transfer/agents/parser_no_recovery/B4__capacity_cut__seed7__origin0,
parser_no_recovery,B4,capacity_cut,8,0,19350.501,2764.357285714286,4182.00375,0.672670639219935,0.0,0.3904761904761905,6,6,1.0,0,0,6,1,0.7999999999999999,5.797361510701037,1598.2857142857142,6.215409367179121,-20370.701375,Run-level descriptive proxy; replication-level expected cost/CVaR is computed in study_summary.json.,0,0,0,0,True,7,/workspace/MasterDissertation/results/freshretailnet/gate_transfer/agents/parser_no_recovery/B4__capacity_cut__seed8__origin0,
parser_no_recovery,B4,capacity_cut,9,0,17744.3425,2534.906071428571,2750.7305,0.7647616468039004,0.0,0.3047619047619048,3,7,0.4285714285714285,0,0,3,0,0.7999999999999999,5.678224122715761,2070.0,5.456038647342996,-18319.41555,Run-level descriptive proxy; replication-level expected cost/CVaR is computed in study_summary.json.,0,0,0,0,True,7,/workspace/MasterDissertation/results/freshretailnet/gate_transfer/agents/parser_no_recovery/B4__capacity_cut__seed9__origin0,
parser_no_recovery,B4,capacity_cut,10,0,15120.378500000004,2160.054071428572,2973.233,0.8271939328277357,0.0,0.238095238095238,4,7,0.5714285714285714,0,0,4,0,0.7999999999999999,5.822627153301429,2351.1428571428573,5.195771053590958,-15817.701800000004,Run-level descriptive proxy; replication-level expected cost/CVaR is computed in study_summary.json.,0,0,0,0,True,7,/workspace/MasterDissertation/results/freshretailnet/gate_transfer/agents/parser_no_recovery/B4__capacity_cut__seed10__origin0,
parser_no_recovery,B4,capacity_cut,11,0,18264.74875,2609.249821428572,3213.4620000000004,0.7117416034669556,0.0,0.3428571428571428,3,6,0.5,0,0,3,1,0.7999999999999999,5.81344643023698,2045.0,5.139853300733496,-18888.09495,Run-level descriptive proxy; replication-level expected cost/CVaR is computed in study_summary.json.,0,0,0,0,True,7,/workspace/MasterDissertation/results/freshretailnet/gate_transfer/agents/parser_no_recovery/B4__capacity_cut__seed11__origin0,
parser_no_recovery,B4,capacity_cut,12,0,17357.9325,2479.7046428571425,3341.744,0.7818932827735645,0.0,0.2761904761904762,5,7,0.7142857142857143,0,0,5,0,0.7999999999999999,5.787634435603641,2201.428571428572,5.245230369889682,-18192.1069,Run-level descriptive proxy; replication-level expected cost/CVaR is computed in study_summary.json.,0,0,0,0,True,7,/workspace/MasterDissertation/results/freshretailnet/gate_transfer/agents/parser_no_recovery/B4__capacity_cut__seed12__origin0,
parser_no_recovery,B4,capacity_cut,13,0,17781.85975,2540.2656785714285,4395.2085,0.7156013001083423,0.0,0.3428571428571428,5,6,0.8333333333333334,0,0,5,1,0.7999999999999999,5.781745815366735,1854.7142857142856,5.697912655010399,-18723.3806,Run-level descriptive proxy; replication-level expected cost/CVaR is computed in study_summary.json.,0,0,0,0,True,7,/workspace/MasterDissertation/results/freshretailnet/gate_transfer/agents/parser_no_recovery/B4__capacity_cut__seed13__origin0,
parser_no_recovery,B4,capacity_cut,14,0,15993.51175,2284.787392857143,3035.581,0.8011917659804983,0.0,0.2619047619047619,4,7,0.5714285714285714,0,0,4,0,0.7999999999999999,5.804449020297176,1965.571428571429,6.019623519151101,-16697.06985,Run-level descriptive proxy; replication-level expected cost/CVaR is computed in study_summary.json.,0,0,0,0,True,7,/workspace/MasterDissertation/results/freshretailnet/gate_transfer/agents/parser_no_recovery/B4__capacity_cut__seed14__origin0,
parser_no_recovery,B4,capacity_cut,15,0,14965.87525,2137.9821785714284,2883.80575,0.8309182015167931,0.0,0.219047619047619,6,7,0.8571428571428571,0,0,6,0,0.7999999999999999,5.539880469798175,2399.5714285714284,5.113829850568554,-15854.255824999998,Run-level descriptive proxy; replication-level expected cost/CVaR is computed in study_summary.json.,0,0,0,0,True,7,/workspace/MasterDissertation/results/freshretailnet/gate_transfer/agents/parser_no_recovery/B4__capacity_cut__seed15__origin0,
parser_no_recovery,B4,capacity_cut,16,0,15954.68175,2279.24025,3456.28425,0.7988894907908992,0.0,0.2571428571428571,2,7,0.2857142857142857,0,0,2,0,0.7999999999999999,5.87399141908035,2102.714285714286,5.610843127929886,-16500.310175,Run-level descriptive proxy; replication-level expected cost/CVaR is computed in study_summary.json.,0,0,0,0,True,7,/workspace/MasterDissertation/results/freshretailnet/gate_transfer/agents/parser_no_recovery/B4__capacity_cut__seed16__origin0,
parser_no_recovery,B4,capacity_cut,17,0,15269.703500000003,2181.3862142857147,2720.8050000000003,0.8276679306608884,0.0,0.2476190476190476,5,7,0.7142857142857143,0,0,5,0,0.7999999999999999,5.801192073411347,2051.1428571428573,5.959116868644657,-16041.784000000003,Run-level descriptive proxy; replication-level expected cost/CVaR is computed in study_summary.json.,0,0,0,0,True,7,/workspace/MasterDissertation/results/freshretailnet/gate_transfer/agents/parser_no_recovery/B4__capacity_cut__seed17__origin0,
parser_no_recovery,B4,capacity_cut,18,0,17431.70875,2490.244107142857,3136.26675,0.7688921993499458,0.0,0.2857142857142857,3,7,0.4285714285714285,0,0,3,0,0.7999999999999999,5.860470372150754,2113.5714285714284,5.37242311591754,-18045.335425,Run-level descriptive proxy; replication-level expected cost/CVaR is computed in study_summary.json.,0,0,0,0,True,7,/workspace/MasterDissertation/results/freshretailnet/gate_transfer/agents/parser_no_recovery/B4__capacity_cut__seed18__origin0,
parser_no_recovery,B4,capacity_cut,19,0,15850.17725,2264.311035714285,3853.62075,0.7525731310942578,0.0,0.3142857142857143,5,6,0.8333333333333334,0,0,5,1,0.7999999999999999,5.814772311467293,1824.7142857142856,6.090816566194316,-16737.539324999998,Run-level descriptive proxy; replication-level expected cost/CVaR is computed in study_summary.json.,0,0,0,0,True,7,/workspace/MasterDissertation/results/freshretailnet/gate_transfer/agents/parser_no_recovery/B4__capacity_cut__seed19__origin0,
parser_no_recovery,B4,capacity_cut,20,0,18180.81875,2597.259821428572,4018.53,0.7044962080173348,0.0,0.3761904761904762,5,6,0.8333333333333334,0,0,5,1,0.7999999999999999,5.786391421950224,1667.857142857143,6.237944325481799,-19084.67175,Run-level descriptive proxy; replication-level expected cost/CVaR is computed in study_summary.json.,0,0,0,0,True,7,/workspace/MasterDissertation/results/freshretailnet/gate_transfer/agents/parser_no_recovery/B4__capacity_cut__seed20__origin0,
parser_no_recovery,B4,capacity_cut,21,0,19139.642,2734.234571428572,3722.73725,0.6798483206933911,0.0,0.3809523809523809,4,6,0.6666666666666666,0,0,4,1,0.7999999999999999,5.781582232617541,1528.0,6.570680628272251,-19913.915725,Run-level descriptive proxy; replication-level expected cost/CVaR is computed in study_summary.json.,0,0,0,0,True,7,/workspace/MasterDissertation/results/freshretailnet/gate_transfer/agents/parser_no_recovery/B4__capacity_cut__seed21__origin0,
parser_no_recovery,B4,capacity_cut,22,0,15089.784,2155.6834285714285,2859.62775,0.8307827735644637,0.0,0.2047619047619047,5,7,0.7142857142857143,0,0,5,0,0.7999999999999999,5.946251946132486,2398.8571428571427,5.114518818484993,-15875.746775,Run-level descriptive proxy; replication-level expected cost/CVaR is computed in study_summary.json.,0,0,0,0,True,7,/workspace/MasterDissertation/results/freshretailnet/gate_transfer/agents/parser_no_recovery/B4__capacity_cut__seed22__origin0,
parser_no_recovery,B4,capacity_cut,23,0,16902.04675,2414.5781071428573,3758.908,0.726909534127844,0.0,0.3476190476190476,4,6,0.6666666666666666,0,0,4,1,0.7999999999999999,5.799878747874501,1619.857142857143,6.627127612664256,-17679.937550000002,Run-level descriptive proxy; replication-level expected cost/CVaR is computed in study_summary.json.,0,0,0,0,True,7,/workspace/MasterDissertation/results/freshretailnet/gate_transfer/agents/parser_no_recovery/B4__capacity_cut__seed23__origin0,
parser_no_recovery,B4,capacity_cut,24,0,17145.067000000003,2449.295285714286,3673.5837500000007,0.7300243770314193,0.0,0.3380952380952381,4,6,0.6666666666666666,0,0,4,1,0.7999999999999999,5.813245539141477,1828.0,5.897702407002188,-17914.425375000003,Run-level descriptive proxy; replication-level expected cost/CVaR is computed in study_summary.json.,0,0,0,0,True,7,/workspace/MasterDissertation/results/freshretailnet/gate_transfer/agents/parser_no_recovery/B4__capacity_cut__seed24__origin0,
parser_no_recovery,B4,capacity_cut,25,0,17727.5115,2532.501642857143,3957.59275,0.7077464788732394,0.0,0.3047619047619048,4,6,0.6666666666666666,0,0,4,1,0.7999999999999999,5.78432116746425,1551.7142857142858,6.735776100165715,-18525.270775,Run-level descriptive proxy; replication-level expected cost/CVaR is computed in study_summary.json.,0,0,0,0,True,7,/workspace/MasterDissertation/results/freshretailnet/gate_transfer/agents/parser_no_recovery/B4__capacity_cut__seed25__origin0,
parser_no_recovery,B4,capacity_cut,26,0,17456.796,2493.828,3622.7775,0.7288055254604551,0.0,0.319047619047619,5,6,0.8333333333333334,0,0,5,1,0.7999999999999999,5.814142374389255,1806.857142857143,5.956752055660974,-18321.07375,Run-level descriptive proxy; replication-level expected cost/CVaR is computed in study_summary.json.,0,0,0,0,True,7,/workspace/MasterDissertation/results/freshretailnet/gate_transfer/agents/parser_no_recovery/B4__capacity_cut__seed26__origin0,
parser_no_recovery,B4,capacity_cut,27,0,14905.1305,2129.304357142857,2893.88725,0.8301733477789816,0.0,0.2285714285714285,4,7,0.5714285714285714,0,0,4,0,0.7999999999999999,5.635503555054922,2147.714285714286,5.708394306239191,-15594.519225,Run-level descriptive proxy; replication-level expected cost/CVaR is computed in study_summary.json.,0,0,0,0,True,7,/workspace/MasterDissertation/results/freshretailnet/gate_transfer/agents/parser_no_recovery/B4__capacity_cut__seed27__origin0,
parser_no_recovery,B4,capacity_cut,28,0,16292.9565,2327.5652142857143,3016.1770000000006,0.8005146262188516,0.0,0.2952380952380952,5,7,0.7142857142857143,0,0,5,0,0.7999999999999999,5.813433874543511,2274.5714285714284,5.197462630322824,-17094.5742,Run-level descriptive proxy; replication-level expected cost/CVaR is computed in study_summary.json.,0,0,0,0,True,7,/workspace/MasterDissertation/results/freshretailnet/gate_transfer/agents/parser_no_recovery/B4__capacity_cut__seed28__origin0,
parser_no_recovery,B4,capacity_cut,29,0,16199.574750000003,2314.2249642857146,2905.98725,0.8059994582881906,0.0,0.2428571428571428,6,7,0.8571428571428571,0,0,6,0,0.7999999999999999,5.808933914004262,2400.428571428572,4.958697851574123,-17090.173475000003,Run-level descriptive proxy; replication-level expected cost/CVaR is computed in study_summary.json.,0,0,0,0,True,7,/workspace/MasterDissertation/results/freshretailnet/gate_transfer/agents/parser_no_recovery/B4__capacity_cut__seed29__origin0,
parser_no_recovery,B4,derived_field_collapse,0,0,21861.386,3123.0551428571425,6093.8835,0.6075975081256771,0.0,0.4428571428571428,1,3,0.3333333333333333,0,0,1,4,0.48,19.33294004118268,1166.857142857143,7.68988736532811,-22578.77435,Run-level descriptive proxy; replication-level expected cost/CVaR is computed in study_summary.json.,0,0,0,0,True,7,/workspace/MasterDissertation/results/freshretailnet/gate_transfer/agents/parser_no_recovery/B4__derived_field_collapse__seed0__origin0,
parser_no_recovery,B4,derived_field_collapse,1,0,19508.5895,2786.941357142857,5866.392500000001,0.7143824485373781,0.0,0.3333333333333333,1,4,0.25,0,0,1,3,0.48,19.27172744818086,1846.571428571429,5.713291041312083,-20201.22875,Run-level descriptive proxy; replication-level expected cost/CVaR is computed in study_summary.json.,0,0,0,0,True,7,/workspace/MasterDissertation/results/freshretailnet/gate_transfer/agents/parser_no_recovery/B4__derived_field_collapse__seed1__origin0,
parser_no_recovery,B4,derived_field_collapse,2,0,21817.3585,3116.7655000000004,7188.630999999999,0.610170639219935,0.0,0.4047619047619047,2,3,0.6666666666666666,0,0,2,4,0.48,19.3200180801986,1585.428571428571,5.683636691295729,-22744.2216,Run-level descriptive proxy; replication-level expected cost/CVaR is computed in study_summary.json.,0,0,0,0,True,7,/workspace/MasterDissertation/results/freshretailnet/gate_transfer/agents/parser_no_recovery/B4__derived_field_collapse__seed2__origin0,
parser_no_recovery,B4,derived_field_collapse,3,0,18446.61375,2635.230535714286,5477.78175,0.7429577464788732,0.0,0.3238095238095238,1,4,0.25,0,0,1,3,0.5028571428571428,19.11984624656512,2019.2857142857144,5.433604527767952,-19100.391925,Run-level descriptive proxy; replication-level expected cost/CVaR is computed in study_summary.json.,0,0,0,0,True,7,/workspace/MasterDissertation/results/freshretailnet/gate_transfer/agents/parser_no_recovery/B4__derived_field_collapse__seed3__origin0,
parser_no_recovery,B4,derived_field_collapse,4,0,22948.7305,3278.390071428571,6750.08575,0.5916170097508126,0.0,0.4476190476190476,1,3,0.3333333333333333,0,0,1,4,0.48,19.208706117851325,1747.7142857142858,4.9991008664377965,-23731.739075,Run-level descriptive proxy; replication-level expected cost/CVaR is computed in study_summary.json.,0,0,0,0,True,7,/workspace/MasterDissertation/results/freshretailnet/gate_transfer/agents/parser_no_recovery/B4__derived_field_collapse__seed4__origin0,
parser_no_recovery,B4,derived_field_collapse,5,0,19636.85975,2805.2656785714285,6161.775499999999,0.7143147345612134,0.0,0.3476190476190476,2,4,0.5,0,0,2,3,0.48,18.726606949396967,2083.285714285714,5.063635740245491,-20459.0373,Run-level descriptive proxy; replication-level expected cost/CVaR is computed in study_summary.json.,0,0,0,0,True,7,/workspace/MasterDissertation/results/freshretailnet/gate_transfer/agents/parser_no_recovery/B4__derived_field_collapse__seed5__origin0,
parser_no_recovery,B4,derived_field_collapse,6,0,21389.59875,3055.6569642857144,7027.6295,0.6333288190682557,0.0,0.3952380952380952,0,3,0.0,0,0,0,4,0.48,19.363033527288906,1873.571428571429,4.992070148684712,-22100.3617,Run-level descriptive proxy; replication-level expected cost/CVaR is computed in study_summary.json.,0,0,0,0,True,7,/workspace/MasterDissertation/results/freshretailnet/gate_transfer/agents/parser_no_recovery/B4__derived_field_collapse__seed6__origin0,
parser_no_recovery,B4,derived_field_collapse,7,0,21836.73225,3119.533178571429,7073.593,0.6172128927410617,0.0,0.4095238095238095,2,3,0.6666666666666666,0,0,2,4,0.48,19.15000825088428,1587.571428571429,5.741473949428597,-22752.09155,Run-level descriptive proxy; replication-level expected cost/CVaR is computed in study_summary.json.,0,0,0,0,True,7,/workspace/MasterDissertation/results/freshretailnet/gate_transfer/agents/parser_no_recovery/B4__derived_field_collapse__seed7__origin0,
parser_no_recovery,B4,derived_field_collapse,8,0,24169.14475,3452.7349642857143,6956.78125,0.5518689057421452,0.0,0.4809523809523809,1,3,0.3333333333333333,0,0,1,4,0.48,19.281393538481407,1480.428571428571,5.505162597703368,-24972.822875,Run-level descriptive proxy; replication-level expected cost/CVaR is computed in study_summary.json.,0,0,0,0,True,7,/workspace/MasterDissertation/results/freshretailnet/gate_transfer/agents/parser_no_recovery/B4__derived_field_collapse__seed8__origin0,
parser_no_recovery,B4,derived_field_collapse,9,0,19513.48175,2787.64025,4846.0985,0.7135021668472372,0.0,0.3666666666666666,0,4,0.0,0,0,0,3,0.48,19.16926043378127,1788.428571428571,5.891764517932742,-20004.0916,Run-level descriptive proxy; replication-level expected cost/CVaR is computed in study_summary.json.,0,0,0,0,True,7,/workspace/MasterDissertation/results/freshretailnet/gate_transfer/agents/parser_no_recovery/B4__derived_field_collapse__seed9__origin0,
parser_no_recovery,B4,derived_field_collapse,10,0,18456.984,2636.712,4781.31125,0.741332611050921,0.0,0.3095238095238095,1,4,0.25,0,0,1,3,0.48,19.29103631106551,2056.0,5.324902723735408,-19041.115125,Run-level descriptive proxy; replication-level expected cost/CVaR is computed in study_summary.json.,0,0,0,0,True,7,/workspace/MasterDissertation/results/freshretailnet/gate_transfer/agents/parser_no_recovery/B4__derived_field_collapse__seed10__origin0,
parser_no_recovery,B4,derived_field_collapse,11,0,21878.601,3125.514428571429,6146.700000000001,0.6222237269772481,0.0,0.4238095238095238,1,3,0.3333333333333333,0,0,1,4,0.48,19.337231577210336,1769.7142857142858,5.192363577655796,-22601.271,Run-level descriptive proxy; replication-level expected cost/CVaR is computed in study_summary.json.,0,0,0,0,True,7,/workspace/MasterDissertation/results/freshretailnet/gate_transfer/agents/parser_no_recovery/B4__derived_field_collapse__seed11__origin0,
parser_no_recovery,B4,derived_field_collapse,12,0,20053.73025,2864.818607142857,6140.199,0.7126895991332611,0.0,0.3476190476190476,1,4,0.25,0,0,1,3,0.48,19.29103631106551,1933.857142857143,5.442490950727636,-20773.75015,Run-level descriptive proxy; replication-level expected cost/CVaR is computed in study_summary.json.,0,0,0,0,True,7,/workspace/MasterDissertation/results/freshretailnet/gate_transfer/agents/parser_no_recovery/B4__derived_field_collapse__seed12__origin0,
parser_no_recovery,B4,derived_field_collapse,13,0,21296.2995,3042.3285,7194.45,0.625406283856988,0.0,0.3952380952380952,1,3,0.3333333333333333,0,0,1,4,0.48,19.238437999985653,1715.142857142857,5.384974179576878,-22123.7445,Run-level descriptive proxy; replication-level expected cost/CVaR is computed in study_summary.json.,0,0,0,0,True,7,/workspace/MasterDissertation/results/freshretailnet/gate_transfer/agents/parser_no_recovery/B4__derived_field_collapse__seed13__origin0,
parser_no_recovery,B4,derived_field_collapse,14,0,19948.3255,2849.7607857142857,5520.767,0.7028710725893824,0.0,0.3571428571428571,1,4,0.25,0,0,1,3,0.48,19.17286499400914,1727.7142857142858,6.007937820406813,-20606.4022,Run-level descriptive proxy; replication-level expected cost/CVaR is computed in study_summary.json.,0,0,0,0,True,7,/workspace/MasterDissertation/results/freshretailnet/gate_transfer/agents/parser_no_recovery/B4__derived_field_collapse__seed14__origin0,
parser_no_recovery,B4,derived_field_collapse,15,0,18208.345500000003,2601.1922142857147,5347.618750000001,0.7464788732394366,0.0,0.3,1,4,0.25,0,0,1,3,0.4571428571428572,19.005090795600484,2150.5714285714284,5.126079447322971,-18849.107375000003,Run-level descriptive proxy; replication-level expected cost/CVaR is computed in study_summary.json.,0,0,0,0,True,7,/workspace/MasterDissertation/results/freshretailnet/gate_transfer/agents/parser_no_recovery/B4__derived_field_collapse__seed15__origin0,
parser_no_recovery,B4,derived_field_collapse,16,0,19070.9325,2724.4189285714283,5875.28325,0.7194609967497292,0.0,0.3238095238095238,1,4,0.25,0,0,1,3,0.48,19.281951011271424,1858.571428571429,5.716756341275941,-19764.460825,Run-level descriptive proxy; replication-level expected cost/CVaR is computed in study_summary.json.,0,0,0,0,True,7,/workspace/MasterDissertation/results/freshretailnet/gate_transfer/agents/parser_no_recovery/B4__derived_field_collapse__seed16__origin0,
parser_no_recovery,B4,derived_field_collapse,17,0,18849.329250000003,2692.761321428572,5418.37625,0.7376083423618635,0.0,0.3238095238095238,2,4,0.5,0,0,2,3,0.4571428571428572,19.307148135658885,1764.142857142857,6.174670013766297,-19597.166875000003,Run-level descriptive proxy; replication-level expected cost/CVaR is computed in study_summary.json.,0,0,0,0,True,7,/workspace/MasterDissertation/results/freshretailnet/gate_transfer/agents/parser_no_recovery/B4__derived_field_collapse__seed17__origin0,
parser_no_recovery,B4,derived_field_collapse,18,0,19112.8645,2730.4092142857144,5250.00475,0.7270449620801733,0.0,0.319047619047619,0,4,0.0,0,0,0,3,0.48,19.056485195043727,1889.428571428572,5.6826704975049145,-19643.864975,Run-level descriptive proxy; replication-level expected cost/CVaR is computed in study_summary.json.,0,0,0,0,True,7,/workspace/MasterDissertation/results/freshretailnet/gate_transfer/agents/parser_no_recovery/B4__derived_field_collapse__seed18__origin0,
parser_no_recovery,B4,derived_field_collapse,19,0,20828.585000000003,2975.512142857144,7018.3730000000005,0.6288596966413867,0.0,0.419047619047619,0,3,0.0,0,0,0,4,0.48,19.350144211107843,1625.7142857142858,5.71256590509666,-21538.4223,Run-level descriptive proxy; replication-level expected cost/CVaR is computed in study_summary.json.,0,0,0,0,True,7,/workspace/MasterDissertation/results/freshretailnet/gate_transfer/agents/parser_no_recovery/B4__derived_field_collapse__seed19__origin0,
parser_no_recovery,B4,derived_field_collapse,20,0,22487.93225,3212.56175,7192.437,0.5993364030335862,0.0,0.4428571428571428,0,3,0.0,0,0,0,4,0.48,19.268463685347147,1530.428571428571,5.783347335013535,-23215.17595,Run-level descriptive proxy; replication-level expected cost/CVaR is computed in study_summary.json.,0,0,0,0,True,7,/workspace/MasterDissertation/results/freshretailnet/gate_transfer/agents/parser_no_recovery/B4__derived_field_collapse__seed20__origin0,
parser_no_recovery,B4,derived_field_collapse,21,0,23240.203,3320.029,6299.7567500000005,0.5801733477789816,0.0,0.4476190476190476,0,3,0.0,0,0,0,4,0.5028571428571429,19.25129754123649,1366.2857142857142,6.271016311166876,-23878.178675000003,Run-level descriptive proxy; replication-level expected cost/CVaR is computed in study_summary.json.,0,0,0,0,True,7,/workspace/MasterDissertation/results/freshretailnet/gate_transfer/agents/parser_no_recovery/B4__derived_field_collapse__seed21__origin0,
parser_no_recovery,B4,derived_field_collapse,22,0,17352.52625,2478.9323214285714,5332.97225,0.7741738894907909,0.0,0.2619047619047619,1,4,0.25,0,0,1,3,0.4571428571428572,19.365188443022262,2169.285714285714,5.2703984194929205,-17991.823474999997,Run-level descriptive proxy; replication-level expected cost/CVaR is computed in study_summary.json.,0,0,0,0,True,7,/workspace/MasterDissertation/results/freshretailnet/gate_transfer/agents/parser_no_recovery/B4__derived_field_collapse__seed22__origin0,
parser_no_recovery,B4,derived_field_collapse,23,0,22419.66075,3202.808678571429,6687.237249999999,0.5925650054171181,0.0,0.4380952380952381,1,3,0.3333333333333333,0,0,1,4,0.48,19.32864814642091,1453.0,6.022711631108052,-23196.384475,Run-level descriptive proxy; replication-level expected cost/CVaR is computed in study_summary.json.,0,0,0,0,True,7,/workspace/MasterDissertation/results/freshretailnet/gate_transfer/agents/parser_no_recovery/B4__derived_field_collapse__seed23__origin0,
parser_no_recovery,B4,derived_field_collapse,24,0,21077.94675,3011.13525,7176.3,0.6305525460455038,0.0,0.4238095238095238,0,3,0.0,0,0,0,4,0.48,19.37164135199707,1648.428571428571,5.649016379235636,-21803.57675,Run-level descriptive proxy; replication-level expected cost/CVaR is computed in study_summary.json.,0,0,0,0,True,7,/workspace/MasterDissertation/results/freshretailnet/gate_transfer/agents/parser_no_recovery/B4__derived_field_collapse__seed24__origin0,
parser_no_recovery,B4,derived_field_collapse,25,0,21840.651,3120.0930000000003,6535.769999999999,0.6038732394366197,0.0,0.4047619047619047,1,3,0.3333333333333333,0,0,1,4,0.48,19.29853959348252,1369.7142857142858,6.510846891948268,-22602.228000000003,Run-level descriptive proxy; replication-level expected cost/CVaR is computed in study_summary.json.,0,0,0,0,True,7,/workspace/MasterDissertation/results/freshretailnet/gate_transfer/agents/parser_no_recovery/B4__derived_field_collapse__seed25__origin0,
parser_no_recovery,B4,derived_field_collapse,26,0,22321.24375,3188.749107142857,7045.911499999999,0.6096289274106176,0.0,0.4142857142857143,1,3,0.3333333333333333,0,0,1,4,0.48,19.320058258417696,1653.571428571429,5.4445788336933045,-23133.8349,Run-level descriptive proxy; replication-level expected cost/CVaR is computed in study_summary.json.,0,0,0,0,True,7,/workspace/MasterDissertation/results/freshretailnet/gate_transfer/agents/parser_no_recovery/B4__derived_field_collapse__seed26__origin0,
parser_no_recovery,B4,derived_field_collapse,27,0,17106.277500000004,2443.753928571429,5519.5157500000005,0.7754604550379198,0.0,0.2666666666666666,1,4,0.25,0,0,1,3,0.48,19.158937860079348,1895.7142857142856,6.040994724943482,-17764.229075000003,Run-level descriptive proxy; replication-level expected cost/CVaR is computed in study_summary.json.,0,0,0,0,True,7,/workspace/MasterDissertation/results/freshretailnet/gate_transfer/agents/parser_no_recovery/B4__derived_field_collapse__seed27__origin0,
parser_no_recovery,B4,derived_field_collapse,28,0,19962.2075,2851.743928571429,5730.23175,0.7049702058504875,0.0,0.3619047619047619,1,4,0.25,0,0,1,3,0.48,19.361960194864363,1930.0,5.394300518134715,-20641.230675,Run-level descriptive proxy; replication-level expected cost/CVaR is computed in study_summary.json.,0,0,0,0,True,7,/workspace/MasterDissertation/results/freshretailnet/gate_transfer/agents/parser_no_recovery/B4__derived_field_collapse__seed28__origin0,
parser_no_recovery,B4,derived_field_collapse,29,0,18379.651250000003,2625.6644642857145,5103.65525,0.7506094257854822,0.0,0.2857142857142857,2,4,0.5,0,0,2,3,0.48,19.30390338573243,2155.0,5.143851508120649,-19096.016775000004,Run-level descriptive proxy; replication-level expected cost/CVaR is computed in study_summary.json.,0,0,0,0,True,7,/workspace/MasterDissertation/results/freshretailnet/gate_transfer/agents/parser_no_recovery/B4__derived_field_collapse__seed29__origin0,
parser_no_recovery,B4,feed_gap,0,0,21861.386,3123.0551428571425,6093.8835,0.6075975081256771,0.0,0.4428571428571428,1,3,0.3333333333333333,0,0,1,4,0.48,19.33294004118268,1166.857142857143,7.68988736532811,-22578.77435,Run-level descriptive proxy; replication-level expected cost/CVaR is computed in study_summary.json.,0,0,0,0,True,7,/workspace/MasterDissertation/results/freshretailnet/gate_transfer/agents/parser_no_recovery/B4__feed_gap__seed0__origin0,
parser_no_recovery,B4,feed_gap,1,0,19508.5895,2786.941357142857,5866.392500000001,0.7143824485373781,0.0,0.3333333333333333,1,4,0.25,0,0,1,3,0.48,19.27172744818086,1846.571428571429,5.713291041312083,-20201.22875,Run-level descriptive proxy; replication-level expected cost/CVaR is computed in study_summary.json.,0,0,0,0,True,7,/workspace/MasterDissertation/results/freshretailnet/gate_transfer/agents/parser_no_recovery/B4__feed_gap__seed1__origin0,
parser_no_recovery,B4,feed_gap,2,0,21817.3585,3116.7655000000004,7188.630999999999,0.610170639219935,0.0,0.4047619047619047,2,3,0.6666666666666666,0,0,2,4,0.48,19.3200180801986,1585.428571428571,5.683636691295729,-22744.2216,Run-level descriptive proxy; replication-level expected cost/CVaR is computed in study_summary.json.,0,0,0,0,True,7,/workspace/MasterDissertation/results/freshretailnet/gate_transfer/agents/parser_no_recovery/B4__feed_gap__seed2__origin0,
parser_no_recovery,B4,feed_gap,3,0,18446.61375,2635.230535714286,5477.78175,0.7429577464788732,0.0,0.3238095238095238,1,4,0.25,0,0,1,3,0.5028571428571428,19.11984624656512,2019.2857142857144,5.433604527767952,-19100.391925,Run-level descriptive proxy; replication-level expected cost/CVaR is computed in study_summary.json.,0,0,0,0,True,7,/workspace/MasterDissertation/results/freshretailnet/gate_transfer/agents/parser_no_recovery/B4__feed_gap__seed3__origin0,
parser_no_recovery,B4,feed_gap,4,0,22948.7305,3278.390071428571,6750.08575,0.5916170097508126,0.0,0.4476190476190476,1,3,0.3333333333333333,0,0,1,4,0.48,19.208706117851325,1747.7142857142858,4.9991008664377965,-23731.739075,Run-level descriptive proxy; replication-level expected cost/CVaR is computed in study_summary.json.,0,0,0,0,True,7,/workspace/MasterDissertation/results/freshretailnet/gate_transfer/agents/parser_no_recovery/B4__feed_gap__seed4__origin0,
parser_no_recovery,B4,feed_gap,5,0,19636.85975,2805.2656785714285,6161.775499999999,0.7143147345612134,0.0,0.3476190476190476,2,4,0.5,0,0,2,3,0.48,18.726606949396967,2083.285714285714,5.063635740245491,-20459.0373,Run-level descriptive proxy; replication-level expected cost/CVaR is computed in study_summary.json.,0,0,0,0,True,7,/workspace/MasterDissertation/results/freshretailnet/gate_transfer/agents/parser_no_recovery/B4__feed_gap__seed5__origin0,
parser_no_recovery,B4,feed_gap,6,0,21389.59875,3055.6569642857144,7027.6295,0.6333288190682557,0.0,0.3952380952380952,0,3,0.0,0,0,0,4,0.48,19.363033527288906,1873.571428571429,4.992070148684712,-22100.3617,Run-level descriptive proxy; replication-level expected cost/CVaR is computed in study_summary.json.,0,0,0,0,True,7,/workspace/MasterDissertation/results/freshretailnet/gate_transfer/agents/parser_no_recovery/B4__feed_gap__seed6__origin0,
parser_no_recovery,B4,feed_gap,7,0,21836.73225,3119.533178571429,7073.593,0.6172128927410617,0.0,0.4095238095238095,2,3,0.6666666666666666,0,0,2,4,0.48,19.15000825088428,1587.571428571429,5.741473949428597,-22752.09155,Run-level descriptive proxy; replication-level expected cost/CVaR is computed in study_summary.json.,0,0,0,0,True,7,/workspace/MasterDissertation/results/freshretailnet/gate_transfer/agents/parser_no_recovery/B4__feed_gap__seed7__origin0,
parser_no_recovery,B4,feed_gap,8,0,24169.14475,3452.7349642857143,6956.78125,0.5518689057421452,0.0,0.4809523809523809,1,3,0.3333333333333333,0,0,1,4,0.48,19.281393538481407,1480.428571428571,5.505162597703368,-24972.822875,Run-level descriptive proxy; replication-level expected cost/CVaR is computed in study_summary.json.,0,0,0,0,True,7,/workspace/MasterDissertation/results/freshretailnet/gate_transfer/agents/parser_no_recovery/B4__feed_gap__seed8__origin0,
parser_no_recovery,B4,feed_gap,9,0,19513.48175,2787.64025,4846.0985,0.7135021668472372,0.0,0.3666666666666666,0,4,0.0,0,0,0,3,0.48,19.16926043378127,1788.428571428571,5.891764517932742,-20004.0916,Run-level descriptive proxy; replication-level expected cost/CVaR is computed in study_summary.json.,0,0,0,0,True,7,/workspace/MasterDissertation/results/freshretailnet/gate_transfer/agents/parser_no_recovery/B4__feed_gap__seed9__origin0,
parser_no_recovery,B4,feed_gap,10,0,18456.984,2636.712,4781.31125,0.741332611050921,0.0,0.3095238095238095,1,4,0.25,0,0,1,3,0.48,19.29103631106551,2056.0,5.324902723735408,-19041.115125,Run-level descriptive proxy; replication-level expected cost/CVaR is computed in study_summary.json.,0,0,0,0,True,7,/workspace/MasterDissertation/results/freshretailnet/gate_transfer/agents/parser_no_recovery/B4__feed_gap__seed10__origin0,
parser_no_recovery,B4,feed_gap,11,0,21878.601,3125.514428571429,6146.700000000001,0.6222237269772481,0.0,0.4238095238095238,1,3,0.3333333333333333,0,0,1,4,0.48,19.337231577210336,1769.7142857142858,5.192363577655796,-22601.271,Run-level descriptive proxy; replication-level expected cost/CVaR is computed in study_summary.json.,0,0,0,0,True,7,/workspace/MasterDissertation/results/freshretailnet/gate_transfer/agents/parser_no_recovery/B4__feed_gap__seed11__origin0,
parser_no_recovery,B4,feed_gap,12,0,20053.73025,2864.818607142857,6140.199,0.7126895991332611,0.0,0.3476190476190476,1,4,0.25,0,0,1,3,0.48,19.29103631106551,1933.857142857143,5.442490950727636,-20773.75015,Run-level descriptive proxy; replication-level expected cost/CVaR is computed in study_summary.json.,0,0,0,0,True,7,/workspace/MasterDissertation/results/freshretailnet/gate_transfer/agents/parser_no_recovery/B4__feed_gap__seed12__origin0,
parser_no_recovery,B4,feed_gap,13,0,21296.2995,3042.3285,7194.45,0.625406283856988,0.0,0.3952380952380952,1,3,0.3333333333333333,0,0,1,4,0.48,19.238437999985653,1715.142857142857,5.384974179576878,-22123.7445,Run-level descriptive proxy; replication-level expected cost/CVaR is computed in study_summary.json.,0,0,0,0,True,7,/workspace/MasterDissertation/results/freshretailnet/gate_transfer/agents/parser_no_recovery/B4__feed_gap__seed13__origin0,
parser_no_recovery,B4,feed_gap,14,0,19948.3255,2849.7607857142857,5520.767,0.7028710725893824,0.0,0.3571428571428571,1,4,0.25,0,0,1,3,0.48,19.17286499400914,1727.7142857142858,6.007937820406813,-20606.4022,Run-level descriptive proxy; replication-level expected cost/CVaR is computed in study_summary.json.,0,0,0,0,True,7,/workspace/MasterDissertation/results/freshretailnet/gate_transfer/agents/parser_no_recovery/B4__feed_gap__seed14__origin0,
parser_no_recovery,B4,feed_gap,15,0,18208.345500000003,2601.1922142857147,5347.618750000001,0.7464788732394366,0.0,0.3,1,4,0.25,0,0,1,3,0.4571428571428572,19.005090795600484,2150.5714285714284,5.126079447322971,-18849.107375000003,Run-level descriptive proxy; replication-level expected cost/CVaR is computed in study_summary.json.,0,0,0,0,True,7,/workspace/MasterDissertation/results/freshretailnet/gate_transfer/agents/parser_no_recovery/B4__feed_gap__seed15__origin0,
parser_no_recovery,B4,feed_gap,16,0,19070.9325,2724.4189285714283,5875.28325,0.7194609967497292,0.0,0.3238095238095238,1,4,0.25,0,0,1,3,0.48,19.281951011271424,1858.571428571429,5.716756341275941,-19764.460825,Run-level descriptive proxy; replication-level expected cost/CVaR is computed in study_summary.json.,0,0,0,0,True,7,/workspace/MasterDissertation/results/freshretailnet/gate_transfer/agents/parser_no_recovery/B4__feed_gap__seed16__origin0,
parser_no_recovery,B4,feed_gap,17,0,18849.329250000003,2692.761321428572,5418.37625,0.7376083423618635,0.0,0.3238095238095238,2,4,0.5,0,0,2,3,0.4571428571428572,19.307148135658885,1764.142857142857,6.174670013766297,-19597.166875000003,Run-level descriptive proxy; replication-level expected cost/CVaR is computed in study_summary.json.,0,0,0,0,True,7,/workspace/MasterDissertation/results/freshretailnet/gate_transfer/agents/parser_no_recovery/B4__feed_gap__seed17__origin0,
parser_no_recovery,B4,feed_gap,18,0,19112.8645,2730.4092142857144,5250.00475,0.7270449620801733,0.0,0.319047619047619,0,4,0.0,0,0,0,3,0.48,19.056485195043727,1889.428571428572,5.6826704975049145,-19643.864975,Run-level descriptive proxy; replication-level expected cost/CVaR is computed in study_summary.json.,0,0,0,0,True,7,/workspace/MasterDissertation/results/freshretailnet/gate_transfer/agents/parser_no_recovery/B4__feed_gap__seed18__origin0,
parser_no_recovery,B4,feed_gap,19,0,20828.585000000003,2975.512142857144,7018.3730000000005,0.6288596966413867,0.0,0.419047619047619,0,3,0.0,0,0,0,4,0.48,19.350144211107843,1625.7142857142858,5.71256590509666,-21538.4223,Run-level descriptive proxy; replication-level expected cost/CVaR is computed in study_summary.json.,0,0,0,0,True,7,/workspace/MasterDissertation/results/freshretailnet/gate_transfer/agents/parser_no_recovery/B4__feed_gap__seed19__origin0,
parser_no_recovery,B4,feed_gap,20,0,22487.93225,3212.56175,7192.437,0.5993364030335862,0.0,0.4428571428571428,0,3,0.0,0,0,0,4,0.48,19.268463685347147,1530.428571428571,5.783347335013535,-23215.17595,Run-level descriptive proxy; replication-level expected cost/CVaR is computed in study_summary.json.,0,0,0,0,True,7,/workspace/MasterDissertation/results/freshretailnet/gate_transfer/agents/parser_no_recovery/B4__feed_gap__seed20__origin0,
parser_no_recovery,B4,feed_gap,21,0,23240.203,3320.029,6299.7567500000005,0.5801733477789816,0.0,0.4476190476190476,0,3,0.0,0,0,0,4,0.5028571428571429,19.25129754123649,1366.2857142857142,6.271016311166876,-23878.178675000003,Run-level descriptive proxy; replication-level expected cost/CVaR is computed in study_summary.json.,0,0,0,0,True,7,/workspace/MasterDissertation/results/freshretailnet/gate_transfer/agents/parser_no_recovery/B4__feed_gap__seed21__origin0,
parser_no_recovery,B4,feed_gap,22,0,17352.52625,2478.9323214285714,5332.97225,0.7741738894907909,0.0,0.2619047619047619,1,4,0.25,0,0,1,3,0.4571428571428572,19.365188443022262,2169.285714285714,5.2703984194929205,-17991.823474999997,Run-level descriptive proxy; replication-level expected cost/CVaR is computed in study_summary.json.,0,0,0,0,True,7,/workspace/MasterDissertation/results/freshretailnet/gate_transfer/agents/parser_no_recovery/B4__feed_gap__seed22__origin0,
parser_no_recovery,B4,feed_gap,23,0,22419.66075,3202.808678571429,6687.237249999999,0.5925650054171181,0.0,0.4380952380952381,1,3,0.3333333333333333,0,0,1,4,0.48,19.32864814642091,1453.0,6.022711631108052,-23196.384475,Run-level descriptive proxy; replication-level expected cost/CVaR is computed in study_summary.json.,0,0,0,0,True,7,/workspace/MasterDissertation/results/freshretailnet/gate_transfer/agents/parser_no_recovery/B4__feed_gap__seed23__origin0,
parser_no_recovery,B4,feed_gap,24,0,21077.94675,3011.13525,7176.3,0.6305525460455038,0.0,0.4238095238095238,0,3,0.0,0,0,0,4,0.48,19.37164135199707,1648.428571428571,5.649016379235636,-21803.57675,Run-level descriptive proxy; replication-level expected cost/CVaR is computed in study_summary.json.,0,0,0,0,True,7,/workspace/MasterDissertation/results/freshretailnet/gate_transfer/agents/parser_no_recovery/B4__feed_gap__seed24__origin0,
parser_no_recovery,B4,feed_gap,25,0,21840.651,3120.0930000000003,6535.769999999999,0.6038732394366197,0.0,0.4047619047619047,1,3,0.3333333333333333,0,0,1,4,0.48,19.29853959348252,1369.7142857142858,6.510846891948268,-22602.228000000003,Run-level descriptive proxy; replication-level expected cost/CVaR is computed in study_summary.json.,0,0,0,0,True,7,/workspace/MasterDissertation/results/freshretailnet/gate_transfer/agents/parser_no_recovery/B4__feed_gap__seed25__origin0,
parser_no_recovery,B4,feed_gap,26,0,22321.24375,3188.749107142857,7045.911499999999,0.6096289274106176,0.0,0.4142857142857143,1,3,0.3333333333333333,0,0,1,4,0.48,19.320058258417696,1653.571428571429,5.4445788336933045,-23133.8349,Run-level descriptive proxy; replication-level expected cost/CVaR is computed in study_summary.json.,0,0,0,0,True,7,/workspace/MasterDissertation/results/freshretailnet/gate_transfer/agents/parser_no_recovery/B4__feed_gap__seed26__origin0,
parser_no_recovery,B4,feed_gap,27,0,17106.277500000004,2443.753928571429,5519.5157500000005,0.7754604550379198,0.0,0.2666666666666666,1,4,0.25,0,0,1,3,0.48,19.158937860079348,1895.7142857142856,6.040994724943482,-17764.229075000003,Run-level descriptive proxy; replication-level expected cost/CVaR is computed in study_summary.json.,0,0,0,0,True,7,/workspace/MasterDissertation/results/freshretailnet/gate_transfer/agents/parser_no_recovery/B4__feed_gap__seed27__origin0,
parser_no_recovery,B4,feed_gap,28,0,19962.2075,2851.743928571429,5730.23175,0.7049702058504875,0.0,0.3619047619047619,1,4,0.25,0,0,1,3,0.48,19.361960194864363,1930.0,5.394300518134715,-20641.230675,Run-level descriptive proxy; replication-level expected cost/CVaR is computed in study_summary.json.,0,0,0,0,True,7,/workspace/MasterDissertation/results/freshretailnet/gate_transfer/agents/parser_no_recovery/B4__feed_gap__seed28__origin0,
parser_no_recovery,B4,feed_gap,29,0,18379.651250000003,2625.6644642857145,5103.65525,0.7506094257854822,0.0,0.2857142857142857,2,4,0.5,0,0,2,3,0.48,19.30390338573243,2155.0,5.143851508120649,-19096.016775000004,Run-level descriptive proxy; replication-level expected cost/CVaR is computed in study_summary.json.,0,0,0,0,True,7,/workspace/MasterDissertation/results/freshretailnet/gate_transfer/agents/parser_no_recovery/B4__feed_gap__seed29__origin0,
parser_no_recovery,B4,normal,0,0,18385.8405,2626.5486428571426,4317.5705,0.7767470205850487,0.0,0.2857142857142857,4,5,0.8,0,0,4,2,0.7999999999999999,15.788133434735506,1959.142857142857,5.855111564824267,-19221.59755,Run-level descriptive proxy; replication-level expected cost/CVaR is computed in study_summary.json.,0,0,0,0,True,7,/workspace/MasterDissertation/results/freshretailnet/gate_transfer/agents/parser_no_recovery/B4__normal__seed0__origin0,
parser_no_recovery,B4,normal,1,0,16631.1665,2375.8809285714283,3042.546,0.8234696641386782,0.0,0.2285714285714285,2,5,0.4,0,0,2,2,0.7999999999999999,15.80939058251243,2286.0,5.319772528433946,-17139.4211,Run-level descriptive proxy; replication-level expected cost/CVaR is computed in study_summary.json.,0,0,0,0,True,7,/workspace/MasterDissertation/results/freshretailnet/gate_transfer/agents/parser_no_recovery/B4__normal__seed1__origin0,
parser_no_recovery,B4,normal,2,0,20357.31275,2908.187535714286,4284.4055,0.7229821235102926,0.0,0.2904761904761905,4,5,0.8,0,0,4,2,0.7999999999999999,16.082847487785102,1906.7142857142856,5.599685322544392,-21189.7533,Run-level descriptive proxy; replication-level expected cost/CVaR is computed in study_summary.json.,0,0,0,0,True,7,/workspace/MasterDissertation/results/freshretailnet/gate_transfer/agents/parser_no_recovery/B4__normal__seed2__origin0,
parser_no_recovery,B4,normal,3,0,17470.6185,2495.802642857143,3356.3410000000003,0.8081663055254604,0.0,0.2666666666666666,1,5,0.2,0,0,1,2,0.8228571428571428,15.05517796798657,2539.714285714286,4.699347508156148,-17910.2526,Run-level descriptive proxy; replication-level expected cost/CVaR is computed in study_summary.json.,0,0,0,0,True,7,/workspace/MasterDissertation/results/freshretailnet/gate_transfer/agents/parser_no_recovery/B4__normal__seed3__origin0,
parser_no_recovery,B4,normal,4,0,18782.16425,2683.166321428572,4496.7185,0.7755281690140845,0.0,0.2857142857142857,4,5,0.8,0,0,4,2,0.8228571428571428,15.61060884351301,2561.285714285714,4.471582352613085,-19635.8361,Run-level descriptive proxy; replication-level expected cost/CVaR is computed in study_summary.json.,0,0,0,0,True,7,/workspace/MasterDissertation/results/freshretailnet/gate_transfer/agents/parser_no_recovery/B4__normal__seed4__origin0,
parser_no_recovery,B4,normal,5,0,18143.078,2591.868285714286,4152.884,0.79238894907909,0.0,0.2666666666666666,4,5,0.8,0,0,4,2,0.7999999999999999,15.65954376197275,2437.714285714286,4.800398499765588,-18962.366400000003,Run-level descriptive proxy; replication-level expected cost/CVaR is computed in study_summary.json.,0,0,0,0,True,7,/workspace/MasterDissertation/results/freshretailnet/gate_transfer/agents/parser_no_recovery/B4__normal__seed5__origin0,
parser_no_recovery,B4,normal,6,0,18127.5935,2589.656214285714,3861.51325,0.7925243770314193,0.0,0.2476190476190476,1,5,0.2,0,0,1,2,0.7999999999999999,16.14088313160519,2525.428571428572,4.634460911867858,-18617.744825,Run-level descriptive proxy; replication-level expected cost/CVaR is computed in study_summary.json.,0,0,0,0,True,7,/workspace/MasterDissertation/results/freshretailnet/gate_transfer/agents/parser_no_recovery/B4__normal__seed6__origin0,
parser_no_recovery,B4,normal,7,0,19509.3905,2787.0557857142853,3699.6235000000006,0.784534127843987,0.0,0.2761904761904762,4,6,0.6666666666666666,0,0,4,1,0.7999999999999999,9.23727247289764,2244.8571428571427,5.161130202367316,-20281.35285,Run-level descriptive proxy; replication-level expected cost/CVaR is computed in study_summary.json.,0,0,0,0,True,7,/workspace/MasterDissertation/results/freshretailnet/gate_transfer/agents/parser_no_recovery/B4__normal__seed7__origin0,
parser_no_recovery,B4,normal,8,0,17485.63175,2497.947392857143,4846.9235,0.7575162513542795,0.0,0.2952380952380952,2,4,0.5,0,0,2,3,0.7999999999999999,18.642918230149448,2217.0,5.046008119079838,-18176.3241,Run-level descriptive proxy; replication-level expected cost/CVaR is computed in study_summary.json.,0,0,0,0,True,7,/workspace/MasterDissertation/results/freshretailnet/gate_transfer/agents/parser_no_recovery/B4__normal__seed8__origin0,
parser_no_recovery,B4,normal,9,0,19597.772,2799.6817142857144,3415.71625,0.7953683640303358,0.0,0.3,0,6,0.0,0,0,0,1,0.7999999999999999,9.23948335115046,2419.428571428572,4.854865375531412,-19941.343625,Run-level descriptive proxy; replication-level expected cost/CVaR is computed in study_summary.json.,0,0,0,0,True,7,/workspace/MasterDissertation/results/freshretailnet/gate_transfer/agents/parser_no_recovery/B4__normal__seed9__origin0,
parser_no_recovery,B4,normal,10,0,16999.54625,2428.506607142857,3619.8845,0.8177816901408451,0.0,0.2333333333333333,1,5,0.2,0,0,1,2,0.7999999999999999,15.92627799022808,2477.8571428571427,4.873969443643702,-17465.5347,Run-level descriptive proxy; replication-level expected cost/CVaR is computed in study_summary.json.,0,0,0,0,True,7,/workspace/MasterDissertation/results/freshretailnet/gate_transfer/agents/parser_no_recovery/B4__normal__seed10__origin0,
parser_no_recovery,B4,normal,11,0,19062.069250000004,2723.1527500000007,3804.283,0.7346966413867823,0.0,0.2952380952380952,1,4,0.25,0,0,1,3,0.7999999999999999,19.11929881832988,2609.8571428571427,4.157315671355849,-19548.497550000004,Run-level descriptive proxy; replication-level expected cost/CVaR is computed in study_summary.json.,0,0,0,0,True,7,/workspace/MasterDissertation/results/freshretailnet/gate_transfer/agents/parser_no_recovery/B4__normal__seed11__origin0,
parser_no_recovery,B4,normal,12,0,17772.216500000002,2538.888071428572,3122.5194999999994,0.8140574214517876,0.0,0.2333333333333333,2,5,0.4,0,0,2,2,0.7999999999999999,16.01886475006995,2571.714285714286,4.6747028107988005,-18288.468450000004,Run-level descriptive proxy; replication-level expected cost/CVaR is computed in study_summary.json.,0,0,0,0,True,7,/workspace/MasterDissertation/results/freshretailnet/gate_transfer/agents/parser_no_recovery/B4__normal__seed12__origin0,
parser_no_recovery,B4,normal,13,0,17513.6175,2501.945357142857,3765.6675,0.8016657638136512,0.0,0.2619047619047619,3,5,0.6,0,0,3,2,0.7999999999999999,15.825574871393826,2312.8571428571427,5.118777022853614,-18194.18425,Run-level descriptive proxy; replication-level expected cost/CVaR is computed in study_summary.json.,0,0,0,0,True,7,/workspace/MasterDissertation/results/freshretailnet/gate_transfer/agents/parser_no_recovery/B4__normal__seed13__origin0,
parser_no_recovery,B4,normal,14,0,18566.732750000003,2652.390392857143,3810.3825000000006,0.7750541711809318,0.0,0.2761904761904762,1,5,0.2,0,0,1,2,0.7999999999999999,15.875481241793956,2158.1428571428573,5.303634076917985,-19051.771000000004,Run-level descriptive proxy; replication-level expected cost/CVaR is computed in study_summary.json.,0,0,0,0,True,7,/workspace/MasterDissertation/results/freshretailnet/gate_transfer/agents/parser_no_recovery/B4__normal__seed14__origin0,
parser_no_recovery,B4,normal,15,0,16765.334250000004,2395.0477500000006,3744.429250000001,0.8196099674972914,0.0,0.2095238095238095,4,5,0.8,0,0,4,2,0.7999999999999999,15.241327244419892,2555.5714285714284,4.7363184079602,-17543.777175000003,Run-level descriptive proxy; replication-level expected cost/CVaR is computed in study_summary.json.,0,0,0,0,True,7,/workspace/MasterDissertation/results/freshretailnet/gate_transfer/agents/parser_no_recovery/B4__normal__seed15__origin0,
parser_no_recovery,B4,normal,16,0,18383.08325,2626.15475,3456.28425,0.8150731310942578,0.0,0.2238095238095238,0,6,0.0,0,0,0,1,0.7999999999999999,9.561772935664624,2471.5714285714284,4.870180914398012,-18730.711675,Run-level descriptive proxy; replication-level expected cost/CVaR is computed in study_summary.json.,0,0,0,0,True,7,/workspace/MasterDissertation/results/freshretailnet/gate_transfer/agents/parser_no_recovery/B4__normal__seed16__origin0,
parser_no_recovery,B4,normal,17,0,16687.38475,2383.912107142857,3243.701,0.8230633802816901,0.0,0.2523809523809524,4,5,0.8,0,0,4,2,0.7999999999999999,15.491813329124188,2183.285714285714,5.567296996662959,-17415.75485,Run-level descriptive proxy; replication-level expected cost/CVaR is computed in study_summary.json.,0,0,0,0,True,7,/workspace/MasterDissertation/results/freshretailnet/gate_transfer/agents/parser_no_recovery/B4__normal__seed17__origin0,
parser_no_recovery,B4,normal,18,0,19218.78175,2745.54025,4479.25125,0.7663867822318526,0.0,0.2714285714285714,3,5,0.6,0,0,3,2,0.7999999999999999,15.616344284289596,2302.714285714286,4.915069173025622,-19970.706875,Run-level descriptive proxy; replication-level expected cost/CVaR is computed in study_summary.json.,0,0,0,0,True,7,/workspace/MasterDissertation/results/freshretailnet/gate_transfer/agents/parser_no_recovery/B4__normal__seed18__origin0,
parser_no_recovery,B4,normal,19,0,15317.61525,2188.23075,3348.1845,0.8473726977248104,0.0,0.238095238095238,2,5,0.4,0,0,2,2,0.7999999999999999,15.83850615946448,2502.428571428572,5.000742136210538,-15856.4337,Run-level descriptive proxy; replication-level expected cost/CVaR is computed in study_summary.json.,0,0,0,0,True,7,/workspace/MasterDissertation/results/freshretailnet/gate_transfer/agents/parser_no_recovery/B4__normal__seed19__origin0,
parser_no_recovery,B4,normal,20,0,18213.982,2601.9974285714284,3636.698,0.7761375947995667,0.0,0.3047619047619048,3,5,0.6,0,0,3,2,0.7999999999999999,16.029210282754214,2202.285714285714,5.2045926310326935,-18881.6518,Run-level descriptive proxy; replication-level expected cost/CVaR is computed in study_summary.json.,0,0,0,0,True,7,/workspace/MasterDissertation/results/freshretailnet/gate_transfer/agents/parser_no_recovery/B4__normal__seed20__origin0,
parser_no_recovery,B4,normal,21,0,18602.659750000003,2657.522821428572,3874.650000000001,0.7330715059588299,0.0,0.3142857142857143,3,4,0.75,0,0,3,3,0.7999999999999999,18.65852495713128,2169.0,4.99124020285846,-19296.124750000003,Run-level descriptive proxy; replication-level expected cost/CVaR is computed in study_summary.json.,0,0,0,0,True,7,/workspace/MasterDissertation/results/freshretailnet/gate_transfer/agents/parser_no_recovery/B4__normal__seed21__origin0,
parser_no_recovery,B4,normal,22,0,19288.41425,2755.48775,4325.419000000001,0.8013271939328277,0.0,0.219047619047619,3,6,0.5,0,0,3,1,0.7999999999999999,9.420364617338338,2532.714285714286,4.672457555417677,-20022.95615,Run-level descriptive proxy; replication-level expected cost/CVaR is computed in study_summary.json.,0,0,0,0,True,7,/workspace/MasterDissertation/results/freshretailnet/gate_transfer/agents/parser_no_recovery/B4__normal__seed22__origin0,
parser_no_recovery,B4,normal,23,0,16717.1645,2388.166357142857,3370.531,0.8101300108342362,0.0,0.2428571428571428,1,5,0.2,0,0,1,2,0.7999999999999999,15.429100151385793,2318.0,5.161345987920622,-17158.2176,Run-level descriptive proxy; replication-level expected cost/CVaR is computed in study_summary.json.,0,0,0,0,True,7,/workspace/MasterDissertation/results/freshretailnet/gate_transfer/agents/parser_no_recovery/B4__normal__seed23__origin0,
parser_no_recovery,B4,normal,24,0,18406.66075,2629.5229642857144,4239.583250000001,0.7830444203683641,0.0,0.2857142857142857,2,5,0.4,0,0,2,2,0.7999999999999999,15.924521269344735,2310.1428571428573,5.005751035804836,-19034.619075,Run-level descriptive proxy; replication-level expected cost/CVaR is computed in study_summary.json.,0,0,0,0,True,7,/workspace/MasterDissertation/results/freshretailnet/gate_transfer/agents/parser_no_recovery/B4__normal__seed24__origin0,
parser_no_recovery,B4,normal,25,0,17707.77575,2529.6822500000003,4227.2522500000005,0.7885969664138678,0.0,0.2428571428571428,3,5,0.6,0,0,3,2,0.7999999999999999,16.078554516821043,2170.1428571428573,5.366466987031795,-18434.500975,Run-level descriptive proxy; replication-level expected cost/CVaR is computed in study_summary.json.,0,0,0,0,True,7,/workspace/MasterDissertation/results/freshretailnet/gate_transfer/agents/parser_no_recovery/B4__normal__seed25__origin0,
parser_no_recovery,B4,normal,26,0,18267.2275,2609.6039285714287,4000.54775,0.7859561213434453,0.0,0.2571428571428571,2,5,0.4,0,0,2,2,0.7999999999999999,15.978781954239878,2352.8571428571427,4.933151183970857,-18871.282275,Run-level descriptive proxy; replication-level expected cost/CVaR is computed in study_summary.json.,0,0,0,0,True,7,/workspace/MasterDissertation/results/freshretailnet/gate_transfer/agents/parser_no_recovery/B4__normal__seed26__origin0,
parser_no_recovery,B4,normal,27,0,15755.24,2250.748571428572,2952.4705,0.8479144095341279,0.0,0.2,2,5,0.4,0,0,2,2,0.7999999999999999,15.821282259163858,2417.1428571428573,5.180496453900709,-16254.48705,Run-level descriptive proxy; replication-level expected cost/CVaR is computed in study_summary.json.,0,0,0,0,True,7,/workspace/MasterDissertation/results/freshretailnet/gate_transfer/agents/parser_no_recovery/B4__normal__seed27__origin0,
parser_no_recovery,B4,normal,28,0,19885.541,2840.791571428571,3729.02375,0.7846018418201517,0.0,0.2857142857142857,4,6,0.6666666666666666,0,0,4,1,0.7999999999999999,9.518702243523055,2301.1428571428573,5.035324062577601,-20660.443375,Run-level descriptive proxy; replication-level expected cost/CVaR is computed in study_summary.json.,0,0,0,0,True,7,/workspace/MasterDissertation/results/freshretailnet/gate_transfer/agents/parser_no_recovery/B4__normal__seed28__origin0,
parser_no_recovery,B4,normal,29,0,19396.28025,2770.8971785714284,3871.58375,0.8029523293607801,0.0,0.219047619047619,4,6,0.6666666666666666,0,0,4,1,0.7999999999999999,9.558180931130227,2533.8571428571427,4.679821841348594,-20185.438625,Run-level descriptive proxy; replication-level expected cost/CVaR is computed in study_summary.json.,0,0,0,0,True,7,/workspace/MasterDissertation/results/freshretailnet/gate_transfer/agents/parser_no_recovery/B4__normal__seed29__origin0,
parser_recovery,B4,capacity_cut,0,0,17535.968500000003,2505.1383571428573,3388.6755000000003,0.7155335861321777,0.0,0.3666666666666666,6,6,1.0,0,0,6,1,0.7999999999999999,5.803198114493576,1339.7142857142858,7.887502665813606,-18476.83605,Run-level descriptive proxy; replication-level expected cost/CVaR is computed in study_summary.json.,0,0,0,0,True,7,/workspace/MasterDissertation/results/freshretailnet/gate_transfer/agents/parser_recovery/B4__capacity_cut__seed0__origin0,
parser_recovery,B4,capacity_cut,1,0,15659.496750000002,2237.0709642857146,2891.668,0.8124322860238353,0.0,0.2428571428571428,3,7,0.4285714285714285,0,0,3,0,0.7999999999999999,5.814124796418398,2134.1428571428573,5.621929178659883,-16248.663550000005,Run-level descriptive proxy; replication-level expected cost/CVaR is computed in study_summary.json.,0,0,0,0,True,7,/workspace/MasterDissertation/results/freshretailnet/gate_transfer/agents/parser_recovery/B4__capacity_cut__seed1__origin0,
parser_recovery,B4,capacity_cut,2,0,17016.80975,2430.9728214285715,3810.14325,0.7300243770314193,0.0,0.3619047619047619,5,6,0.8333333333333334,0,0,5,1,0.7999999999999999,5.802774090788426,1711.857142857143,6.297838604689978,-17899.824075,Run-level descriptive proxy; replication-level expected cost/CVaR is computed in study_summary.json.,0,0,0,0,True,7,/workspace/MasterDissertation/results/freshretailnet/gate_transfer/agents/parser_recovery/B4__capacity_cut__seed2__origin0,
parser_recovery,B4,capacity_cut,3,0,16902.461,2414.6372857142856,3479.8325,0.7849404117009751,0.0,0.2857142857142857,2,7,0.2857142857142857,0,0,2,0,0.8228571428571428,5.569280522890822,2295.428571428572,5.050037341299477,-17450.44425,Run-level descriptive proxy; replication-level expected cost/CVaR is computed in study_summary.json.,0,0,0,0,True,7,/workspace/MasterDissertation/results/freshretailnet/gate_transfer/agents/parser_recovery/B4__capacity_cut__seed3__origin0,
parser_recovery,B4,capacity_cut,4,0,18585.84975,2655.1213928571424,3575.10075,0.7051056338028169,0.0,0.3619047619047619,5,6,0.8333333333333334,0,0,5,1,0.8228571428571428,5.711879838426163,1871.857142857143,5.562924521102038,-19445.359825,Run-level descriptive proxy; replication-level expected cost/CVaR is computed in study_summary.json.,0,0,0,0,True,7,/workspace/MasterDissertation/results/freshretailnet/gate_transfer/agents/parser_recovery/B4__capacity_cut__seed4__origin0,
parser_recovery,B4,capacity_cut,5,0,16677.98875,2382.569821428572,3542.4912500000005,0.7906960996749729,0.0,0.2904761904761905,7,7,1.0,0,0,7,0,0.7999999999999999,5.221447635583551,2347.8571428571427,4.973471250380286,-17732.237875,Run-level descriptive proxy; replication-level expected cost/CVaR is computed in study_summary.json.,0,0,0,0,True,7,/workspace/MasterDissertation/results/freshretailnet/gate_transfer/agents/parser_recovery/B4__capacity_cut__seed5__origin0,
parser_recovery,B4,capacity_cut,6,0,17467.251500000002,2495.321642857143,4112.3875,0.7318526543878656,0.0,0.3047619047619048,4,6,0.6666666666666666,0,0,4,1,0.7999999999999999,5.813471541623918,1997.428571428572,5.410956944643113,-18280.490250000003,Run-level descriptive proxy; replication-level expected cost/CVaR is computed in study_summary.json.,0,0,0,0,True,7,/workspace/MasterDissertation/results/freshretailnet/gate_transfer/agents/parser_recovery/B4__capacity_cut__seed6__origin0,
parser_recovery,B4,capacity_cut,7,0,18304.5825,2614.940357142857,4047.34175,0.7046993499458288,0.0,0.3523809523809524,6,6,1.0,0,0,6,1,0.7999999999999999,5.790300188694136,1715.7142857142858,6.065695253955037,-19311.316675,Run-level descriptive proxy; replication-level expected cost/CVaR is computed in study_summary.json.,0,0,0,0,True,7,/workspace/MasterDissertation/results/freshretailnet/gate_transfer/agents/parser_recovery/B4__capacity_cut__seed7__origin0,
parser_recovery,B4,capacity_cut,8,0,19350.501,2764.357285714286,4182.00375,0.672670639219935,0.0,0.3904761904761905,6,6,1.0,0,0,6,1,0.7999999999999999,5.797361510701037,1598.2857142857142,6.215409367179121,-20370.701375,Run-level descriptive proxy; replication-level expected cost/CVaR is computed in study_summary.json.,0,0,0,0,True,7,/workspace/MasterDissertation/results/freshretailnet/gate_transfer/agents/parser_recovery/B4__capacity_cut__seed8__origin0,
parser_recovery,B4,capacity_cut,9,0,17744.3425,2534.906071428571,2750.7305,0.7647616468039004,0.0,0.3047619047619048,3,7,0.4285714285714285,0,0,3,0,0.7999999999999999,5.678224122715761,2070.0,5.456038647342996,-18319.41555,Run-level descriptive proxy; replication-level expected cost/CVaR is computed in study_summary.json.,0,0,0,0,True,7,/workspace/MasterDissertation/results/freshretailnet/gate_transfer/agents/parser_recovery/B4__capacity_cut__seed9__origin0,
parser_recovery,B4,capacity_cut,10,0,15120.378500000004,2160.054071428572,2973.233,0.8271939328277357,0.0,0.238095238095238,4,7,0.5714285714285714,0,0,4,0,0.7999999999999999,5.822627153301429,2351.1428571428573,5.195771053590958,-15817.701800000004,Run-level descriptive proxy; replication-level expected cost/CVaR is computed in study_summary.json.,0,0,0,0,True,7,/workspace/MasterDissertation/results/freshretailnet/gate_transfer/agents/parser_recovery/B4__capacity_cut__seed10__origin0,
parser_recovery,B4,capacity_cut,11,0,18264.74875,2609.249821428572,3213.4620000000004,0.7117416034669556,0.0,0.3428571428571428,3,6,0.5,0,0,3,1,0.7999999999999999,5.81344643023698,2045.0,5.139853300733496,-18888.09495,Run-level descriptive proxy; replication-level expected cost/CVaR is computed in study_summary.json.,0,0,0,0,True,7,/workspace/MasterDissertation/results/freshretailnet/gate_transfer/agents/parser_recovery/B4__capacity_cut__seed11__origin0,
parser_recovery,B4,capacity_cut,12,0,17357.9325,2479.7046428571425,3341.744,0.7818932827735645,0.0,0.2761904761904762,5,7,0.7142857142857143,0,0,5,0,0.7999999999999999,5.787634435603641,2201.428571428572,5.245230369889682,-18192.1069,Run-level descriptive proxy; replication-level expected cost/CVaR is computed in study_summary.json.,0,0,0,0,True,7,/workspace/MasterDissertation/results/freshretailnet/gate_transfer/agents/parser_recovery/B4__capacity_cut__seed12__origin0,
parser_recovery,B4,capacity_cut,13,0,17781.85975,2540.2656785714285,4395.2085,0.7156013001083423,0.0,0.3428571428571428,5,6,0.8333333333333334,0,0,5,1,0.7999999999999999,5.781745815366735,1854.7142857142856,5.697912655010399,-18723.3806,Run-level descriptive proxy; replication-level expected cost/CVaR is computed in study_summary.json.,0,0,0,0,True,7,/workspace/MasterDissertation/results/freshretailnet/gate_transfer/agents/parser_recovery/B4__capacity_cut__seed13__origin0,
parser_recovery,B4,capacity_cut,14,0,15993.51175,2284.787392857143,3035.581,0.8011917659804983,0.0,0.2619047619047619,4,7,0.5714285714285714,0,0,4,0,0.7999999999999999,5.804449020297176,1965.571428571429,6.019623519151101,-16697.06985,Run-level descriptive proxy; replication-level expected cost/CVaR is computed in study_summary.json.,0,0,0,0,True,7,/workspace/MasterDissertation/results/freshretailnet/gate_transfer/agents/parser_recovery/B4__capacity_cut__seed14__origin0,
parser_recovery,B4,capacity_cut,15,0,14965.87525,2137.9821785714284,2883.80575,0.8309182015167931,0.0,0.219047619047619,6,7,0.8571428571428571,0,0,6,0,0.7999999999999999,5.539880469798175,2399.5714285714284,5.113829850568554,-15854.255824999998,Run-level descriptive proxy; replication-level expected cost/CVaR is computed in study_summary.json.,0,0,0,0,True,7,/workspace/MasterDissertation/results/freshretailnet/gate_transfer/agents/parser_recovery/B4__capacity_cut__seed15__origin0,
parser_recovery,B4,capacity_cut,16,0,15954.68175,2279.24025,3456.28425,0.7988894907908992,0.0,0.2571428571428571,2,7,0.2857142857142857,0,0,2,0,0.7999999999999999,5.87399141908035,2102.714285714286,5.610843127929886,-16500.310175,Run-level descriptive proxy; replication-level expected cost/CVaR is computed in study_summary.json.,0,0,0,0,True,7,/workspace/MasterDissertation/results/freshretailnet/gate_transfer/agents/parser_recovery/B4__capacity_cut__seed16__origin0,
parser_recovery,B4,capacity_cut,17,0,15269.703500000003,2181.3862142857147,2720.8050000000003,0.8276679306608884,0.0,0.2476190476190476,5,7,0.7142857142857143,0,0,5,0,0.7999999999999999,5.801192073411347,2051.1428571428573,5.959116868644657,-16041.784000000003,Run-level descriptive proxy; replication-level expected cost/CVaR is computed in study_summary.json.,0,0,0,0,True,7,/workspace/MasterDissertation/results/freshretailnet/gate_transfer/agents/parser_recovery/B4__capacity_cut__seed17__origin0,
parser_recovery,B4,capacity_cut,18,0,17431.70875,2490.244107142857,3136.26675,0.7688921993499458,0.0,0.2857142857142857,3,7,0.4285714285714285,0,0,3,0,0.7999999999999999,5.860470372150754,2113.5714285714284,5.37242311591754,-18045.335425,Run-level descriptive proxy; replication-level expected cost/CVaR is computed in study_summary.json.,0,0,0,0,True,7,/workspace/MasterDissertation/results/freshretailnet/gate_transfer/agents/parser_recovery/B4__capacity_cut__seed18__origin0,
parser_recovery,B4,capacity_cut,19,0,15850.17725,2264.311035714285,3853.62075,0.7525731310942578,0.0,0.3142857142857143,5,6,0.8333333333333334,0,0,5,1,0.7999999999999999,5.814772311467293,1824.7142857142856,6.090816566194316,-16737.539324999998,Run-level descriptive proxy; replication-level expected cost/CVaR is computed in study_summary.json.,0,0,0,0,True,7,/workspace/MasterDissertation/results/freshretailnet/gate_transfer/agents/parser_recovery/B4__capacity_cut__seed19__origin0,
parser_recovery,B4,capacity_cut,20,0,18180.81875,2597.259821428572,4018.53,0.7044962080173348,0.0,0.3761904761904762,5,6,0.8333333333333334,0,0,5,1,0.7999999999999999,5.786391421950224,1667.857142857143,6.237944325481799,-19084.67175,Run-level descriptive proxy; replication-level expected cost/CVaR is computed in study_summary.json.,0,0,0,0,True,7,/workspace/MasterDissertation/results/freshretailnet/gate_transfer/agents/parser_recovery/B4__capacity_cut__seed20__origin0,
parser_recovery,B4,capacity_cut,21,0,19139.642,2734.234571428572,3722.73725,0.6798483206933911,0.0,0.3809523809523809,4,6,0.6666666666666666,0,0,4,1,0.7999999999999999,5.781582232617541,1528.0,6.570680628272251,-19913.915725,Run-level descriptive proxy; replication-level expected cost/CVaR is computed in study_summary.json.,0,0,0,0,True,7,/workspace/MasterDissertation/results/freshretailnet/gate_transfer/agents/parser_recovery/B4__capacity_cut__seed21__origin0,
parser_recovery,B4,capacity_cut,22,0,15089.784,2155.6834285714285,2859.62775,0.8307827735644637,0.0,0.2047619047619047,5,7,0.7142857142857143,0,0,5,0,0.7999999999999999,5.946251946132486,2398.8571428571427,5.114518818484993,-15875.746775,Run-level descriptive proxy; replication-level expected cost/CVaR is computed in study_summary.json.,0,0,0,0,True,7,/workspace/MasterDissertation/results/freshretailnet/gate_transfer/agents/parser_recovery/B4__capacity_cut__seed22__origin0,
parser_recovery,B4,capacity_cut,23,0,16902.04675,2414.5781071428573,3758.908,0.726909534127844,0.0,0.3476190476190476,4,6,0.6666666666666666,0,0,4,1,0.7999999999999999,5.799878747874501,1619.857142857143,6.627127612664256,-17679.937550000002,Run-level descriptive proxy; replication-level expected cost/CVaR is computed in study_summary.json.,0,0,0,0,True,7,/workspace/MasterDissertation/results/freshretailnet/gate_transfer/agents/parser_recovery/B4__capacity_cut__seed23__origin0,
parser_recovery,B4,capacity_cut,24,0,17145.067000000003,2449.295285714286,3673.5837500000007,0.7300243770314193,0.0,0.3380952380952381,4,6,0.6666666666666666,0,0,4,1,0.7999999999999999,5.813245539141477,1828.0,5.897702407002188,-17914.425375000003,Run-level descriptive proxy; replication-level expected cost/CVaR is computed in study_summary.json.,0,0,0,0,True,7,/workspace/MasterDissertation/results/freshretailnet/gate_transfer/agents/parser_recovery/B4__capacity_cut__seed24__origin0,
parser_recovery,B4,capacity_cut,25,0,17727.5115,2532.501642857143,3957.59275,0.7077464788732394,0.0,0.3047619047619048,4,6,0.6666666666666666,0,0,4,1,0.7999999999999999,5.78432116746425,1551.7142857142858,6.735776100165715,-18525.270775,Run-level descriptive proxy; replication-level expected cost/CVaR is computed in study_summary.json.,0,0,0,0,True,7,/workspace/MasterDissertation/results/freshretailnet/gate_transfer/agents/parser_recovery/B4__capacity_cut__seed25__origin0,
parser_recovery,B4,capacity_cut,26,0,17456.796,2493.828,3622.7775,0.7288055254604551,0.0,0.319047619047619,5,6,0.8333333333333334,0,0,5,1,0.7999999999999999,5.814142374389255,1806.857142857143,5.956752055660974,-18321.07375,Run-level descriptive proxy; replication-level expected cost/CVaR is computed in study_summary.json.,0,0,0,0,True,7,/workspace/MasterDissertation/results/freshretailnet/gate_transfer/agents/parser_recovery/B4__capacity_cut__seed26__origin0,
parser_recovery,B4,capacity_cut,27,0,14905.1305,2129.304357142857,2893.88725,0.8301733477789816,0.0,0.2285714285714285,4,7,0.5714285714285714,0,0,4,0,0.7999999999999999,5.635503555054922,2147.714285714286,5.708394306239191,-15594.519225,Run-level descriptive proxy; replication-level expected cost/CVaR is computed in study_summary.json.,0,0,0,0,True,7,/workspace/MasterDissertation/results/freshretailnet/gate_transfer/agents/parser_recovery/B4__capacity_cut__seed27__origin0,
parser_recovery,B4,capacity_cut,28,0,16292.9565,2327.5652142857143,3016.1770000000006,0.8005146262188516,0.0,0.2952380952380952,5,7,0.7142857142857143,0,0,5,0,0.7999999999999999,5.813433874543511,2274.5714285714284,5.197462630322824,-17094.5742,Run-level descriptive proxy; replication-level expected cost/CVaR is computed in study_summary.json.,0,0,0,0,True,7,/workspace/MasterDissertation/results/freshretailnet/gate_transfer/agents/parser_recovery/B4__capacity_cut__seed28__origin0,
parser_recovery,B4,capacity_cut,29,0,16199.574750000003,2314.2249642857146,2905.98725,0.8059994582881906,0.0,0.2428571428571428,6,7,0.8571428571428571,0,0,6,0,0.7999999999999999,5.808933914004262,2400.428571428572,4.958697851574123,-17090.173475000003,Run-level descriptive proxy; replication-level expected cost/CVaR is computed in study_summary.json.,0,0,0,0,True,7,/workspace/MasterDissertation/results/freshretailnet/gate_transfer/agents/parser_recovery/B4__capacity_cut__seed29__origin0,
parser_recovery,B4,derived_field_collapse,0,0,18385.8405,2626.5486428571426,4317.5705,0.7767470205850487,0.0,0.2857142857142857,4,5,0.8,0,0,4,2,0.7999999999999999,15.788133434735506,1959.142857142857,5.855111564824267,-19221.59755,Run-level descriptive proxy; replication-level expected cost/CVaR is computed in study_summary.json.,0,0,0,0,True,7,/workspace/MasterDissertation/results/freshretailnet/gate_transfer/agents/parser_recovery/B4__derived_field_collapse__seed0__origin0,
parser_recovery,B4,derived_field_collapse,1,0,16631.1665,2375.8809285714283,3042.546,0.8234696641386782,0.0,0.2285714285714285,2,5,0.4,0,0,2,2,0.7999999999999999,15.80939058251243,2286.0,5.319772528433946,-17139.4211,Run-level descriptive proxy; replication-level expected cost/CVaR is computed in study_summary.json.,0,0,0,0,True,7,/workspace/MasterDissertation/results/freshretailnet/gate_transfer/agents/parser_recovery/B4__derived_field_collapse__seed1__origin0,
parser_recovery,B4,derived_field_collapse,2,0,20357.31275,2908.187535714286,4284.4055,0.7229821235102926,0.0,0.2904761904761905,4,5,0.8,0,0,4,2,0.7999999999999999,16.082847487785102,1906.7142857142856,5.599685322544392,-21189.7533,Run-level descriptive proxy; replication-level expected cost/CVaR is computed in study_summary.json.,0,0,0,0,True,7,/workspace/MasterDissertation/results/freshretailnet/gate_transfer/agents/parser_recovery/B4__derived_field_collapse__seed2__origin0,
parser_recovery,B4,derived_field_collapse,3,0,17470.6185,2495.802642857143,3356.3410000000003,0.8081663055254604,0.0,0.2666666666666666,1,5,0.2,0,0,1,2,0.8228571428571428,15.05517796798657,2539.714285714286,4.699347508156148,-17910.2526,Run-level descriptive proxy; replication-level expected cost/CVaR is computed in study_summary.json.,0,0,0,0,True,7,/workspace/MasterDissertation/results/freshretailnet/gate_transfer/agents/parser_recovery/B4__derived_field_collapse__seed3__origin0,
parser_recovery,B4,derived_field_collapse,4,0,18782.16425,2683.166321428572,4496.7185,0.7755281690140845,0.0,0.2857142857142857,4,5,0.8,0,0,4,2,0.8228571428571428,15.61060884351301,2561.285714285714,4.471582352613085,-19635.8361,Run-level descriptive proxy; replication-level expected cost/CVaR is computed in study_summary.json.,0,0,0,0,True,7,/workspace/MasterDissertation/results/freshretailnet/gate_transfer/agents/parser_recovery/B4__derived_field_collapse__seed4__origin0,
parser_recovery,B4,derived_field_collapse,5,0,18143.078,2591.868285714286,4152.884,0.79238894907909,0.0,0.2666666666666666,4,5,0.8,0,0,4,2,0.7999999999999999,15.65954376197275,2437.714285714286,4.800398499765588,-18962.366400000003,Run-level descriptive proxy; replication-level expected cost/CVaR is computed in study_summary.json.,0,0,0,0,True,7,/workspace/MasterDissertation/results/freshretailnet/gate_transfer/agents/parser_recovery/B4__derived_field_collapse__seed5__origin0,
parser_recovery,B4,derived_field_collapse,6,0,18127.5935,2589.656214285714,3861.51325,0.7925243770314193,0.0,0.2476190476190476,1,5,0.2,0,0,1,2,0.7999999999999999,16.14088313160519,2525.428571428572,4.634460911867858,-18617.744825,Run-level descriptive proxy; replication-level expected cost/CVaR is computed in study_summary.json.,0,0,0,0,True,7,/workspace/MasterDissertation/results/freshretailnet/gate_transfer/agents/parser_recovery/B4__derived_field_collapse__seed6__origin0,
parser_recovery,B4,derived_field_collapse,7,0,19509.3905,2787.0557857142853,3699.6235000000006,0.784534127843987,0.0,0.2761904761904762,4,6,0.6666666666666666,0,0,4,1,0.7999999999999999,9.23727247289764,2244.8571428571427,5.161130202367316,-20281.35285,Run-level descriptive proxy; replication-level expected cost/CVaR is computed in study_summary.json.,0,0,0,0,True,7,/workspace/MasterDissertation/results/freshretailnet/gate_transfer/agents/parser_recovery/B4__derived_field_collapse__seed7__origin0,
parser_recovery,B4,derived_field_collapse,8,0,17485.63175,2497.947392857143,4846.9235,0.7575162513542795,0.0,0.2952380952380952,2,4,0.5,0,0,2,3,0.7999999999999999,18.642918230149448,2217.0,5.046008119079838,-18176.3241,Run-level descriptive proxy; replication-level expected cost/CVaR is computed in study_summary.json.,0,0,0,0,True,7,/workspace/MasterDissertation/results/freshretailnet/gate_transfer/agents/parser_recovery/B4__derived_field_collapse__seed8__origin0,
parser_recovery,B4,derived_field_collapse,9,0,19597.772,2799.6817142857144,3415.71625,0.7953683640303358,0.0,0.3,0,6,0.0,0,0,0,1,0.7999999999999999,9.23948335115046,2419.428571428572,4.854865375531412,-19941.343625,Run-level descriptive proxy; replication-level expected cost/CVaR is computed in study_summary.json.,0,0,0,0,True,7,/workspace/MasterDissertation/results/freshretailnet/gate_transfer/agents/parser_recovery/B4__derived_field_collapse__seed9__origin0,
parser_recovery,B4,derived_field_collapse,10,0,16999.54625,2428.506607142857,3619.8845,0.8177816901408451,0.0,0.2333333333333333,1,5,0.2,0,0,1,2,0.7999999999999999,15.92627799022808,2477.8571428571427,4.873969443643702,-17465.5347,Run-level descriptive proxy; replication-level expected cost/CVaR is computed in study_summary.json.,0,0,0,0,True,7,/workspace/MasterDissertation/results/freshretailnet/gate_transfer/agents/parser_recovery/B4__derived_field_collapse__seed10__origin0,
parser_recovery,B4,derived_field_collapse,11,0,19062.069250000004,2723.1527500000007,3804.283,0.7346966413867823,0.0,0.2952380952380952,1,4,0.25,0,0,1,3,0.7999999999999999,19.11929881832988,2609.8571428571427,4.157315671355849,-19548.497550000004,Run-level descriptive proxy; replication-level expected cost/CVaR is computed in study_summary.json.,0,0,0,0,True,7,/workspace/MasterDissertation/results/freshretailnet/gate_transfer/agents/parser_recovery/B4__derived_field_collapse__seed11__origin0,
parser_recovery,B4,derived_field_collapse,12,0,17772.216500000002,2538.888071428572,3122.5194999999994,0.8140574214517876,0.0,0.2333333333333333,2,5,0.4,0,0,2,2,0.7999999999999999,16.01886475006995,2571.714285714286,4.6747028107988005,-18288.468450000004,Run-level descriptive proxy; replication-level expected cost/CVaR is computed in study_summary.json.,0,0,0,0,True,7,/workspace/MasterDissertation/results/freshretailnet/gate_transfer/agents/parser_recovery/B4__derived_field_collapse__seed12__origin0,
parser_recovery,B4,derived_field_collapse,13,0,17513.6175,2501.945357142857,3765.6675,0.8016657638136512,0.0,0.2619047619047619,3,5,0.6,0,0,3,2,0.7999999999999999,15.825574871393826,2312.8571428571427,5.118777022853614,-18194.18425,Run-level descriptive proxy; replication-level expected cost/CVaR is computed in study_summary.json.,0,0,0,0,True,7,/workspace/MasterDissertation/results/freshretailnet/gate_transfer/agents/parser_recovery/B4__derived_field_collapse__seed13__origin0,
parser_recovery,B4,derived_field_collapse,14,0,18566.732750000003,2652.390392857143,3810.3825000000006,0.7750541711809318,0.0,0.2761904761904762,1,5,0.2,0,0,1,2,0.7999999999999999,15.875481241793956,2158.1428571428573,5.303634076917985,-19051.771000000004,Run-level descriptive proxy; replication-level expected cost/CVaR is computed in study_summary.json.,0,0,0,0,True,7,/workspace/MasterDissertation/results/freshretailnet/gate_transfer/agents/parser_recovery/B4__derived_field_collapse__seed14__origin0,
parser_recovery,B4,derived_field_collapse,15,0,16765.334250000004,2395.0477500000006,3744.429250000001,0.8196099674972914,0.0,0.2095238095238095,4,5,0.8,0,0,4,2,0.7999999999999999,15.241327244419892,2555.5714285714284,4.7363184079602,-17543.777175000003,Run-level descriptive proxy; replication-level expected cost/CVaR is computed in study_summary.json.,0,0,0,0,True,7,/workspace/MasterDissertation/results/freshretailnet/gate_transfer/agents/parser_recovery/B4__derived_field_collapse__seed15__origin0,
parser_recovery,B4,derived_field_collapse,16,0,18383.08325,2626.15475,3456.28425,0.8150731310942578,0.0,0.2238095238095238,0,6,0.0,0,0,0,1,0.7999999999999999,9.561772935664624,2471.5714285714284,4.870180914398012,-18730.711675,Run-level descriptive proxy; replication-level expected cost/CVaR is computed in study_summary.json.,0,0,0,0,True,7,/workspace/MasterDissertation/results/freshretailnet/gate_transfer/agents/parser_recovery/B4__derived_field_collapse__seed16__origin0,
parser_recovery,B4,derived_field_collapse,17,0,16687.38475,2383.912107142857,3243.701,0.8230633802816901,0.0,0.2523809523809524,4,5,0.8,0,0,4,2,0.7999999999999999,15.491813329124188,2183.285714285714,5.567296996662959,-17415.75485,Run-level descriptive proxy; replication-level expected cost/CVaR is computed in study_summary.json.,0,0,0,0,True,7,/workspace/MasterDissertation/results/freshretailnet/gate_transfer/agents/parser_recovery/B4__derived_field_collapse__seed17__origin0,
parser_recovery,B4,derived_field_collapse,18,0,19218.78175,2745.54025,4479.25125,0.7663867822318526,0.0,0.2714285714285714,3,5,0.6,0,0,3,2,0.7999999999999999,15.616344284289596,2302.714285714286,4.915069173025622,-19970.706875,Run-level descriptive proxy; replication-level expected cost/CVaR is computed in study_summary.json.,0,0,0,0,True,7,/workspace/MasterDissertation/results/freshretailnet/gate_transfer/agents/parser_recovery/B4__derived_field_collapse__seed18__origin0,
parser_recovery,B4,derived_field_collapse,19,0,15317.61525,2188.23075,3348.1845,0.8473726977248104,0.0,0.238095238095238,2,5,0.4,0,0,2,2,0.7999999999999999,15.83850615946448,2502.428571428572,5.000742136210538,-15856.4337,Run-level descriptive proxy; replication-level expected cost/CVaR is computed in study_summary.json.,0,0,0,0,True,7,/workspace/MasterDissertation/results/freshretailnet/gate_transfer/agents/parser_recovery/B4__derived_field_collapse__seed19__origin0,
parser_recovery,B4,derived_field_collapse,20,0,18213.982,2601.9974285714284,3636.698,0.7761375947995667,0.0,0.3047619047619048,3,5,0.6,0,0,3,2,0.7999999999999999,16.029210282754214,2202.285714285714,5.2045926310326935,-18881.6518,Run-level descriptive proxy; replication-level expected cost/CVaR is computed in study_summary.json.,0,0,0,0,True,7,/workspace/MasterDissertation/results/freshretailnet/gate_transfer/agents/parser_recovery/B4__derived_field_collapse__seed20__origin0,
parser_recovery,B4,derived_field_collapse,21,0,18602.659750000003,2657.522821428572,3874.650000000001,0.7330715059588299,0.0,0.3142857142857143,3,4,0.75,0,0,3,3,0.7999999999999999,18.65852495713128,2169.0,4.99124020285846,-19296.124750000003,Run-level descriptive proxy; replication-level expected cost/CVaR is computed in study_summary.json.,0,0,0,0,True,7,/workspace/MasterDissertation/results/freshretailnet/gate_transfer/agents/parser_recovery/B4__derived_field_collapse__seed21__origin0,
parser_recovery,B4,derived_field_collapse,22,0,19288.41425,2755.48775,4325.419000000001,0.8013271939328277,0.0,0.219047619047619,3,6,0.5,0,0,3,1,0.7999999999999999,9.420364617338338,2532.714285714286,4.672457555417677,-20022.95615,Run-level descriptive proxy; replication-level expected cost/CVaR is computed in study_summary.json.,0,0,0,0,True,7,/workspace/MasterDissertation/results/freshretailnet/gate_transfer/agents/parser_recovery/B4__derived_field_collapse__seed22__origin0,
parser_recovery,B4,derived_field_collapse,23,0,16717.1645,2388.166357142857,3370.531,0.8101300108342362,0.0,0.2428571428571428,1,5,0.2,0,0,1,2,0.7999999999999999,15.429100151385793,2318.0,5.161345987920622,-17158.2176,Run-level descriptive proxy; replication-level expected cost/CVaR is computed in study_summary.json.,0,0,0,0,True,7,/workspace/MasterDissertation/results/freshretailnet/gate_transfer/agents/parser_recovery/B4__derived_field_collapse__seed23__origin0,
parser_recovery,B4,derived_field_collapse,24,0,18406.66075,2629.5229642857144,4239.583250000001,0.7830444203683641,0.0,0.2857142857142857,2,5,0.4,0,0,2,2,0.7999999999999999,15.924521269344735,2310.1428571428573,5.005751035804836,-19034.619075,Run-level descriptive proxy; replication-level expected cost/CVaR is computed in study_summary.json.,0,0,0,0,True,7,/workspace/MasterDissertation/results/freshretailnet/gate_transfer/agents/parser_recovery/B4__derived_field_collapse__seed24__origin0,
parser_recovery,B4,derived_field_collapse,25,0,17707.77575,2529.6822500000003,4227.2522500000005,0.7885969664138678,0.0,0.2428571428571428,3,5,0.6,0,0,3,2,0.7999999999999999,16.078554516821043,2170.1428571428573,5.366466987031795,-18434.500975,Run-level descriptive proxy; replication-level expected cost/CVaR is computed in study_summary.json.,0,0,0,0,True,7,/workspace/MasterDissertation/results/freshretailnet/gate_transfer/agents/parser_recovery/B4__derived_field_collapse__seed25__origin0,
parser_recovery,B4,derived_field_collapse,26,0,18267.2275,2609.6039285714287,4000.54775,0.7859561213434453,0.0,0.2571428571428571,2,5,0.4,0,0,2,2,0.7999999999999999,15.978781954239878,2352.8571428571427,4.933151183970857,-18871.282275,Run-level descriptive proxy; replication-level expected cost/CVaR is computed in study_summary.json.,0,0,0,0,True,7,/workspace/MasterDissertation/results/freshretailnet/gate_transfer/agents/parser_recovery/B4__derived_field_collapse__seed26__origin0,
parser_recovery,B4,derived_field_collapse,27,0,15755.24,2250.748571428572,2952.4705,0.8479144095341279,0.0,0.2,2,5,0.4,0,0,2,2,0.7999999999999999,15.821282259163858,2417.1428571428573,5.180496453900709,-16254.48705,Run-level descriptive proxy; replication-level expected cost/CVaR is computed in study_summary.json.,0,0,0,0,True,7,/workspace/MasterDissertation/results/freshretailnet/gate_transfer/agents/parser_recovery/B4__derived_field_collapse__seed27__origin0,
parser_recovery,B4,derived_field_collapse,28,0,19885.541,2840.791571428571,3729.02375,0.7846018418201517,0.0,0.2857142857142857,4,6,0.6666666666666666,0,0,4,1,0.7999999999999999,9.518702243523055,2301.1428571428573,5.035324062577601,-20660.443375,Run-level descriptive proxy; replication-level expected cost/CVaR is computed in study_summary.json.,0,0,0,0,True,7,/workspace/MasterDissertation/results/freshretailnet/gate_transfer/agents/parser_recovery/B4__derived_field_collapse__seed28__origin0,
parser_recovery,B4,derived_field_collapse,29,0,19396.28025,2770.8971785714284,3871.58375,0.8029523293607801,0.0,0.219047619047619,4,6,0.6666666666666666,0,0,4,1,0.7999999999999999,9.558180931130227,2533.8571428571427,4.679821841348594,-20185.438625,Run-level descriptive proxy; replication-level expected cost/CVaR is computed in study_summary.json.,0,0,0,0,True,7,/workspace/MasterDissertation/results/freshretailnet/gate_transfer/agents/parser_recovery/B4__derived_field_collapse__seed29__origin0,
parser_recovery,B4,feed_gap,0,0,21861.386,3123.0551428571425,6093.8835,0.6075975081256771,0.0,0.4428571428571428,1,3,0.3333333333333333,0,0,1,4,0.48,19.33294004118268,1166.857142857143,7.68988736532811,-22578.77435,Run-level descriptive proxy; replication-level expected cost/CVaR is computed in study_summary.json.,0,0,0,0,True,7,/workspace/MasterDissertation/results/freshretailnet/gate_transfer/agents/parser_recovery/B4__feed_gap__seed0__origin0,
parser_recovery,B4,feed_gap,1,0,19508.5895,2786.941357142857,5866.392500000001,0.7143824485373781,0.0,0.3333333333333333,1,4,0.25,0,0,1,3,0.48,19.27172744818086,1846.571428571429,5.713291041312083,-20201.22875,Run-level descriptive proxy; replication-level expected cost/CVaR is computed in study_summary.json.,0,0,0,0,True,7,/workspace/MasterDissertation/results/freshretailnet/gate_transfer/agents/parser_recovery/B4__feed_gap__seed1__origin0,
parser_recovery,B4,feed_gap,2,0,21817.3585,3116.7655000000004,7188.630999999999,0.610170639219935,0.0,0.4047619047619047,2,3,0.6666666666666666,0,0,2,4,0.48,19.3200180801986,1585.428571428571,5.683636691295729,-22744.2216,Run-level descriptive proxy; replication-level expected cost/CVaR is computed in study_summary.json.,0,0,0,0,True,7,/workspace/MasterDissertation/results/freshretailnet/gate_transfer/agents/parser_recovery/B4__feed_gap__seed2__origin0,
parser_recovery,B4,feed_gap,3,0,18446.61375,2635.230535714286,5477.78175,0.7429577464788732,0.0,0.3238095238095238,1,4,0.25,0,0,1,3,0.5028571428571428,19.11984624656512,2019.2857142857144,5.433604527767952,-19100.391925,Run-level descriptive proxy; replication-level expected cost/CVaR is computed in study_summary.json.,0,0,0,0,True,7,/workspace/MasterDissertation/results/freshretailnet/gate_transfer/agents/parser_recovery/B4__feed_gap__seed3__origin0,
parser_recovery,B4,feed_gap,4,0,22948.7305,3278.390071428571,6750.08575,0.5916170097508126,0.0,0.4476190476190476,1,3,0.3333333333333333,0,0,1,4,0.48,19.208706117851325,1747.7142857142858,4.9991008664377965,-23731.739075,Run-level descriptive proxy; replication-level expected cost/CVaR is computed in study_summary.json.,0,0,0,0,True,7,/workspace/MasterDissertation/results/freshretailnet/gate_transfer/agents/parser_recovery/B4__feed_gap__seed4__origin0,
parser_recovery,B4,feed_gap,5,0,19636.85975,2805.2656785714285,6161.775499999999,0.7143147345612134,0.0,0.3476190476190476,2,4,0.5,0,0,2,3,0.48,18.726606949396967,2083.285714285714,5.063635740245491,-20459.0373,Run-level descriptive proxy; replication-level expected cost/CVaR is computed in study_summary.json.,0,0,0,0,True,7,/workspace/MasterDissertation/results/freshretailnet/gate_transfer/agents/parser_recovery/B4__feed_gap__seed5__origin0,
parser_recovery,B4,feed_gap,6,0,21389.59875,3055.6569642857144,7027.6295,0.6333288190682557,0.0,0.3952380952380952,0,3,0.0,0,0,0,4,0.48,19.363033527288906,1873.571428571429,4.992070148684712,-22100.3617,Run-level descriptive proxy; replication-level expected cost/CVaR is computed in study_summary.json.,0,0,0,0,True,7,/workspace/MasterDissertation/results/freshretailnet/gate_transfer/agents/parser_recovery/B4__feed_gap__seed6__origin0,
parser_recovery,B4,feed_gap,7,0,21836.73225,3119.533178571429,7073.593,0.6172128927410617,0.0,0.4095238095238095,2,3,0.6666666666666666,0,0,2,4,0.48,19.15000825088428,1587.571428571429,5.741473949428597,-22752.09155,Run-level descriptive proxy; replication-level expected cost/CVaR is computed in study_summary.json.,0,0,0,0,True,7,/workspace/MasterDissertation/results/freshretailnet/gate_transfer/agents/parser_recovery/B4__feed_gap__seed7__origin0,
parser_recovery,B4,feed_gap,8,0,24169.14475,3452.7349642857143,6956.78125,0.5518689057421452,0.0,0.4809523809523809,1,3,0.3333333333333333,0,0,1,4,0.48,19.281393538481407,1480.428571428571,5.505162597703368,-24972.822875,Run-level descriptive proxy; replication-level expected cost/CVaR is computed in study_summary.json.,0,0,0,0,True,7,/workspace/MasterDissertation/results/freshretailnet/gate_transfer/agents/parser_recovery/B4__feed_gap__seed8__origin0,
parser_recovery,B4,feed_gap,9,0,19513.48175,2787.64025,4846.0985,0.7135021668472372,0.0,0.3666666666666666,0,4,0.0,0,0,0,3,0.48,19.16926043378127,1788.428571428571,5.891764517932742,-20004.0916,Run-level descriptive proxy; replication-level expected cost/CVaR is computed in study_summary.json.,0,0,0,0,True,7,/workspace/MasterDissertation/results/freshretailnet/gate_transfer/agents/parser_recovery/B4__feed_gap__seed9__origin0,
parser_recovery,B4,feed_gap,10,0,18456.984,2636.712,4781.31125,0.741332611050921,0.0,0.3095238095238095,1,4,0.25,0,0,1,3,0.48,19.29103631106551,2056.0,5.324902723735408,-19041.115125,Run-level descriptive proxy; replication-level expected cost/CVaR is computed in study_summary.json.,0,0,0,0,True,7,/workspace/MasterDissertation/results/freshretailnet/gate_transfer/agents/parser_recovery/B4__feed_gap__seed10__origin0,
parser_recovery,B4,feed_gap,11,0,21878.601,3125.514428571429,6146.700000000001,0.6222237269772481,0.0,0.4238095238095238,1,3,0.3333333333333333,0,0,1,4,0.48,19.337231577210336,1769.7142857142858,5.192363577655796,-22601.271,Run-level descriptive proxy; replication-level expected cost/CVaR is computed in study_summary.json.,0,0,0,0,True,7,/workspace/MasterDissertation/results/freshretailnet/gate_transfer/agents/parser_recovery/B4__feed_gap__seed11__origin0,
parser_recovery,B4,feed_gap,12,0,20053.73025,2864.818607142857,6140.199,0.7126895991332611,0.0,0.3476190476190476,1,4,0.25,0,0,1,3,0.48,19.29103631106551,1933.857142857143,5.442490950727636,-20773.75015,Run-level descriptive proxy; replication-level expected cost/CVaR is computed in study_summary.json.,0,0,0,0,True,7,/workspace/MasterDissertation/results/freshretailnet/gate_transfer/agents/parser_recovery/B4__feed_gap__seed12__origin0,
parser_recovery,B4,feed_gap,13,0,21296.2995,3042.3285,7194.45,0.625406283856988,0.0,0.3952380952380952,1,3,0.3333333333333333,0,0,1,4,0.48,19.238437999985653,1715.142857142857,5.384974179576878,-22123.7445,Run-level descriptive proxy; replication-level expected cost/CVaR is computed in study_summary.json.,0,0,0,0,True,7,/workspace/MasterDissertation/results/freshretailnet/gate_transfer/agents/parser_recovery/B4__feed_gap__seed13__origin0,
parser_recovery,B4,feed_gap,14,0,19948.3255,2849.7607857142857,5520.767,0.7028710725893824,0.0,0.3571428571428571,1,4,0.25,0,0,1,3,0.48,19.17286499400914,1727.7142857142858,6.007937820406813,-20606.4022,Run-level descriptive proxy; replication-level expected cost/CVaR is computed in study_summary.json.,0,0,0,0,True,7,/workspace/MasterDissertation/results/freshretailnet/gate_transfer/agents/parser_recovery/B4__feed_gap__seed14__origin0,
parser_recovery,B4,feed_gap,15,0,18208.345500000003,2601.1922142857147,5347.618750000001,0.7464788732394366,0.0,0.3,1,4,0.25,0,0,1,3,0.4571428571428572,19.005090795600484,2150.5714285714284,5.126079447322971,-18849.107375000003,Run-level descriptive proxy; replication-level expected cost/CVaR is computed in study_summary.json.,0,0,0,0,True,7,/workspace/MasterDissertation/results/freshretailnet/gate_transfer/agents/parser_recovery/B4__feed_gap__seed15__origin0,
parser_recovery,B4,feed_gap,16,0,19070.9325,2724.4189285714283,5875.28325,0.7194609967497292,0.0,0.3238095238095238,1,4,0.25,0,0,1,3,0.48,19.281951011271424,1858.571428571429,5.716756341275941,-19764.460825,Run-level descriptive proxy; replication-level expected cost/CVaR is computed in study_summary.json.,0,0,0,0,True,7,/workspace/MasterDissertation/results/freshretailnet/gate_transfer/agents/parser_recovery/B4__feed_gap__seed16__origin0,
parser_recovery,B4,feed_gap,17,0,18849.329250000003,2692.761321428572,5418.37625,0.7376083423618635,0.0,0.3238095238095238,2,4,0.5,0,0,2,3,0.4571428571428572,19.307148135658885,1764.142857142857,6.174670013766297,-19597.166875000003,Run-level descriptive proxy; replication-level expected cost/CVaR is computed in study_summary.json.,0,0,0,0,True,7,/workspace/MasterDissertation/results/freshretailnet/gate_transfer/agents/parser_recovery/B4__feed_gap__seed17__origin0,
parser_recovery,B4,feed_gap,18,0,19112.8645,2730.4092142857144,5250.00475,0.7270449620801733,0.0,0.319047619047619,0,4,0.0,0,0,0,3,0.48,19.056485195043727,1889.428571428572,5.6826704975049145,-19643.864975,Run-level descriptive proxy; replication-level expected cost/CVaR is computed in study_summary.json.,0,0,0,0,True,7,/workspace/MasterDissertation/results/freshretailnet/gate_transfer/agents/parser_recovery/B4__feed_gap__seed18__origin0,
parser_recovery,B4,feed_gap,19,0,20828.585000000003,2975.512142857144,7018.3730000000005,0.6288596966413867,0.0,0.419047619047619,0,3,0.0,0,0,0,4,0.48,19.350144211107843,1625.7142857142858,5.71256590509666,-21538.4223,Run-level descriptive proxy; replication-level expected cost/CVaR is computed in study_summary.json.,0,0,0,0,True,7,/workspace/MasterDissertation/results/freshretailnet/gate_transfer/agents/parser_recovery/B4__feed_gap__seed19__origin0,
parser_recovery,B4,feed_gap,20,0,22487.93225,3212.56175,7192.437,0.5993364030335862,0.0,0.4428571428571428,0,3,0.0,0,0,0,4,0.48,19.268463685347147,1530.428571428571,5.783347335013535,-23215.17595,Run-level descriptive proxy; replication-level expected cost/CVaR is computed in study_summary.json.,0,0,0,0,True,7,/workspace/MasterDissertation/results/freshretailnet/gate_transfer/agents/parser_recovery/B4__feed_gap__seed20__origin0,
parser_recovery,B4,feed_gap,21,0,23240.203,3320.029,6299.7567500000005,0.5801733477789816,0.0,0.4476190476190476,0,3,0.0,0,0,0,4,0.5028571428571429,19.25129754123649,1366.2857142857142,6.271016311166876,-23878.178675000003,Run-level descriptive proxy; replication-level expected cost/CVaR is computed in study_summary.json.,0,0,0,0,True,7,/workspace/MasterDissertation/results/freshretailnet/gate_transfer/agents/parser_recovery/B4__feed_gap__seed21__origin0,
parser_recovery,B4,feed_gap,22,0,17352.52625,2478.9323214285714,5332.97225,0.7741738894907909,0.0,0.2619047619047619,1,4,0.25,0,0,1,3,0.4571428571428572,19.365188443022262,2169.285714285714,5.2703984194929205,-17991.823474999997,Run-level descriptive proxy; replication-level expected cost/CVaR is computed in study_summary.json.,0,0,0,0,True,7,/workspace/MasterDissertation/results/freshretailnet/gate_transfer/agents/parser_recovery/B4__feed_gap__seed22__origin0,
parser_recovery,B4,feed_gap,23,0,22419.66075,3202.808678571429,6687.237249999999,0.5925650054171181,0.0,0.4380952380952381,1,3,0.3333333333333333,0,0,1,4,0.48,19.32864814642091,1453.0,6.022711631108052,-23196.384475,Run-level descriptive proxy; replication-level expected cost/CVaR is computed in study_summary.json.,0,0,0,0,True,7,/workspace/MasterDissertation/results/freshretailnet/gate_transfer/agents/parser_recovery/B4__feed_gap__seed23__origin0,
parser_recovery,B4,feed_gap,24,0,21077.94675,3011.13525,7176.3,0.6305525460455038,0.0,0.4238095238095238,0,3,0.0,0,0,0,4,0.48,19.37164135199707,1648.428571428571,5.649016379235636,-21803.57675,Run-level descriptive proxy; replication-level expected cost/CVaR is computed in study_summary.json.,0,0,0,0,True,7,/workspace/MasterDissertation/results/freshretailnet/gate_transfer/agents/parser_recovery/B4__feed_gap__seed24__origin0,
parser_recovery,B4,feed_gap,25,0,21840.651,3120.0930000000003,6535.769999999999,0.6038732394366197,0.0,0.4047619047619047,1,3,0.3333333333333333,0,0,1,4,0.48,19.29853959348252,1369.7142857142858,6.510846891948268,-22602.228000000003,Run-level descriptive proxy; replication-level expected cost/CVaR is computed in study_summary.json.,0,0,0,0,True,7,/workspace/MasterDissertation/results/freshretailnet/gate_transfer/agents/parser_recovery/B4__feed_gap__seed25__origin0,
parser_recovery,B4,feed_gap,26,0,22321.24375,3188.749107142857,7045.911499999999,0.6096289274106176,0.0,0.4142857142857143,1,3,0.3333333333333333,0,0,1,4,0.48,19.320058258417696,1653.571428571429,5.4445788336933045,-23133.8349,Run-level descriptive proxy; replication-level expected cost/CVaR is computed in study_summary.json.,0,0,0,0,True,7,/workspace/MasterDissertation/results/freshretailnet/gate_transfer/agents/parser_recovery/B4__feed_gap__seed26__origin0,
parser_recovery,B4,feed_gap,27,0,17106.277500000004,2443.753928571429,5519.5157500000005,0.7754604550379198,0.0,0.2666666666666666,1,4,0.25,0,0,1,3,0.48,19.158937860079348,1895.7142857142856,6.040994724943482,-17764.229075000003,Run-level descriptive proxy; replication-level expected cost/CVaR is computed in study_summary.json.,0,0,0,0,True,7,/workspace/MasterDissertation/results/freshretailnet/gate_transfer/agents/parser_recovery/B4__feed_gap__seed27__origin0,
parser_recovery,B4,feed_gap,28,0,19962.2075,2851.743928571429,5730.23175,0.7049702058504875,0.0,0.3619047619047619,1,4,0.25,0,0,1,3,0.48,19.361960194864363,1930.0,5.394300518134715,-20641.230675,Run-level descriptive proxy; replication-level expected cost/CVaR is computed in study_summary.json.,0,0,0,0,True,7,/workspace/MasterDissertation/results/freshretailnet/gate_transfer/agents/parser_recovery/B4__feed_gap__seed28__origin0,
parser_recovery,B4,feed_gap,29,0,18379.651250000003,2625.6644642857145,5103.65525,0.7506094257854822,0.0,0.2857142857142857,2,4,0.5,0,0,2,3,0.48,19.30390338573243,2155.0,5.143851508120649,-19096.016775000004,Run-level descriptive proxy; replication-level expected cost/CVaR is computed in study_summary.json.,0,0,0,0,True,7,/workspace/MasterDissertation/results/freshretailnet/gate_transfer/agents/parser_recovery/B4__feed_gap__seed29__origin0,
parser_recovery,B4,normal,0,0,18385.8405,2626.5486428571426,4317.5705,0.7767470205850487,0.0,0.2857142857142857,4,5,0.8,0,0,4,2,0.7999999999999999,15.788133434735506,1959.142857142857,5.855111564824267,-19221.59755,Run-level descriptive proxy; replication-level expected cost/CVaR is computed in study_summary.json.,0,0,0,0,True,7,/workspace/MasterDissertation/results/freshretailnet/gate_transfer/agents/parser_recovery/B4__normal__seed0__origin0,
parser_recovery,B4,normal,1,0,16631.1665,2375.8809285714283,3042.546,0.8234696641386782,0.0,0.2285714285714285,2,5,0.4,0,0,2,2,0.7999999999999999,15.80939058251243,2286.0,5.319772528433946,-17139.4211,Run-level descriptive proxy; replication-level expected cost/CVaR is computed in study_summary.json.,0,0,0,0,True,7,/workspace/MasterDissertation/results/freshretailnet/gate_transfer/agents/parser_recovery/B4__normal__seed1__origin0,
parser_recovery,B4,normal,2,0,20357.31275,2908.187535714286,4284.4055,0.7229821235102926,0.0,0.2904761904761905,4,5,0.8,0,0,4,2,0.7999999999999999,16.082847487785102,1906.7142857142856,5.599685322544392,-21189.7533,Run-level descriptive proxy; replication-level expected cost/CVaR is computed in study_summary.json.,0,0,0,0,True,7,/workspace/MasterDissertation/results/freshretailnet/gate_transfer/agents/parser_recovery/B4__normal__seed2__origin0,
parser_recovery,B4,normal,3,0,17470.6185,2495.802642857143,3356.3410000000003,0.8081663055254604,0.0,0.2666666666666666,1,5,0.2,0,0,1,2,0.8228571428571428,15.05517796798657,2539.714285714286,4.699347508156148,-17910.2526,Run-level descriptive proxy; replication-level expected cost/CVaR is computed in study_summary.json.,0,0,0,0,True,7,/workspace/MasterDissertation/results/freshretailnet/gate_transfer/agents/parser_recovery/B4__normal__seed3__origin0,
parser_recovery,B4,normal,4,0,18782.16425,2683.166321428572,4496.7185,0.7755281690140845,0.0,0.2857142857142857,4,5,0.8,0,0,4,2,0.8228571428571428,15.61060884351301,2561.285714285714,4.471582352613085,-19635.8361,Run-level descriptive proxy; replication-level expected cost/CVaR is computed in study_summary.json.,0,0,0,0,True,7,/workspace/MasterDissertation/results/freshretailnet/gate_transfer/agents/parser_recovery/B4__normal__seed4__origin0,
parser_recovery,B4,normal,5,0,18143.078,2591.868285714286,4152.884,0.79238894907909,0.0,0.2666666666666666,4,5,0.8,0,0,4,2,0.7999999999999999,15.65954376197275,2437.714285714286,4.800398499765588,-18962.366400000003,Run-level descriptive proxy; replication-level expected cost/CVaR is computed in study_summary.json.,0,0,0,0,True,7,/workspace/MasterDissertation/results/freshretailnet/gate_transfer/agents/parser_recovery/B4__normal__seed5__origin0,
parser_recovery,B4,normal,6,0,18127.5935,2589.656214285714,3861.51325,0.7925243770314193,0.0,0.2476190476190476,1,5,0.2,0,0,1,2,0.7999999999999999,16.14088313160519,2525.428571428572,4.634460911867858,-18617.744825,Run-level descriptive proxy; replication-level expected cost/CVaR is computed in study_summary.json.,0,0,0,0,True,7,/workspace/MasterDissertation/results/freshretailnet/gate_transfer/agents/parser_recovery/B4__normal__seed6__origin0,
parser_recovery,B4,normal,7,0,19509.3905,2787.0557857142853,3699.6235000000006,0.784534127843987,0.0,0.2761904761904762,4,6,0.6666666666666666,0,0,4,1,0.7999999999999999,9.23727247289764,2244.8571428571427,5.161130202367316,-20281.35285,Run-level descriptive proxy; replication-level expected cost/CVaR is computed in study_summary.json.,0,0,0,0,True,7,/workspace/MasterDissertation/results/freshretailnet/gate_transfer/agents/parser_recovery/B4__normal__seed7__origin0,
parser_recovery,B4,normal,8,0,17485.63175,2497.947392857143,4846.9235,0.7575162513542795,0.0,0.2952380952380952,2,4,0.5,0,0,2,3,0.7999999999999999,18.642918230149448,2217.0,5.046008119079838,-18176.3241,Run-level descriptive proxy; replication-level expected cost/CVaR is computed in study_summary.json.,0,0,0,0,True,7,/workspace/MasterDissertation/results/freshretailnet/gate_transfer/agents/parser_recovery/B4__normal__seed8__origin0,
parser_recovery,B4,normal,9,0,19597.772,2799.6817142857144,3415.71625,0.7953683640303358,0.0,0.3,0,6,0.0,0,0,0,1,0.7999999999999999,9.23948335115046,2419.428571428572,4.854865375531412,-19941.343625,Run-level descriptive proxy; replication-level expected cost/CVaR is computed in study_summary.json.,0,0,0,0,True,7,/workspace/MasterDissertation/results/freshretailnet/gate_transfer/agents/parser_recovery/B4__normal__seed9__origin0,
parser_recovery,B4,normal,10,0,16999.54625,2428.506607142857,3619.8845,0.8177816901408451,0.0,0.2333333333333333,1,5,0.2,0,0,1,2,0.7999999999999999,15.92627799022808,2477.8571428571427,4.873969443643702,-17465.5347,Run-level descriptive proxy; replication-level expected cost/CVaR is computed in study_summary.json.,0,0,0,0,True,7,/workspace/MasterDissertation/results/freshretailnet/gate_transfer/agents/parser_recovery/B4__normal__seed10__origin0,
parser_recovery,B4,normal,11,0,19062.069250000004,2723.1527500000007,3804.283,0.7346966413867823,0.0,0.2952380952380952,1,4,0.25,0,0,1,3,0.7999999999999999,19.11929881832988,2609.8571428571427,4.157315671355849,-19548.497550000004,Run-level descriptive proxy; replication-level expected cost/CVaR is computed in study_summary.json.,0,0,0,0,True,7,/workspace/MasterDissertation/results/freshretailnet/gate_transfer/agents/parser_recovery/B4__normal__seed11__origin0,
parser_recovery,B4,normal,12,0,17772.216500000002,2538.888071428572,3122.5194999999994,0.8140574214517876,0.0,0.2333333333333333,2,5,0.4,0,0,2,2,0.7999999999999999,16.01886475006995,2571.714285714286,4.6747028107988005,-18288.468450000004,Run-level descriptive proxy; replication-level expected cost/CVaR is computed in study_summary.json.,0,0,0,0,True,7,/workspace/MasterDissertation/results/freshretailnet/gate_transfer/agents/parser_recovery/B4__normal__seed12__origin0,
parser_recovery,B4,normal,13,0,17513.6175,2501.945357142857,3765.6675,0.8016657638136512,0.0,0.2619047619047619,3,5,0.6,0,0,3,2,0.7999999999999999,15.825574871393826,2312.8571428571427,5.118777022853614,-18194.18425,Run-level descriptive proxy; replication-level expected cost/CVaR is computed in study_summary.json.,0,0,0,0,True,7,/workspace/MasterDissertation/results/freshretailnet/gate_transfer/agents/parser_recovery/B4__normal__seed13__origin0,
parser_recovery,B4,normal,14,0,18566.732750000003,2652.390392857143,3810.3825000000006,0.7750541711809318,0.0,0.2761904761904762,1,5,0.2,0,0,1,2,0.7999999999999999,15.875481241793956,2158.1428571428573,5.303634076917985,-19051.771000000004,Run-level descriptive proxy; replication-level expected cost/CVaR is computed in study_summary.json.,0,0,0,0,True,7,/workspace/MasterDissertation/results/freshretailnet/gate_transfer/agents/parser_recovery/B4__normal__seed14__origin0,
parser_recovery,B4,normal,15,0,16765.334250000004,2395.0477500000006,3744.429250000001,0.8196099674972914,0.0,0.2095238095238095,4,5,0.8,0,0,4,2,0.7999999999999999,15.241327244419892,2555.5714285714284,4.7363184079602,-17543.777175000003,Run-level descriptive proxy; replication-level expected cost/CVaR is computed in study_summary.json.,0,0,0,0,True,7,/workspace/MasterDissertation/results/freshretailnet/gate_transfer/agents/parser_recovery/B4__normal__seed15__origin0,
parser_recovery,B4,normal,16,0,18383.08325,2626.15475,3456.28425,0.8150731310942578,0.0,0.2238095238095238,0,6,0.0,0,0,0,1,0.7999999999999999,9.561772935664624,2471.5714285714284,4.870180914398012,-18730.711675,Run-level descriptive proxy; replication-level expected cost/CVaR is computed in study_summary.json.,0,0,0,0,True,7,/workspace/MasterDissertation/results/freshretailnet/gate_transfer/agents/parser_recovery/B4__normal__seed16__origin0,
parser_recovery,B4,normal,17,0,16687.38475,2383.912107142857,3243.701,0.8230633802816901,0.0,0.2523809523809524,4,5,0.8,0,0,4,2,0.7999999999999999,15.491813329124188,2183.285714285714,5.567296996662959,-17415.75485,Run-level descriptive proxy; replication-level expected cost/CVaR is computed in study_summary.json.,0,0,0,0,True,7,/workspace/MasterDissertation/results/freshretailnet/gate_transfer/agents/parser_recovery/B4__normal__seed17__origin0,
parser_recovery,B4,normal,18,0,19218.78175,2745.54025,4479.25125,0.7663867822318526,0.0,0.2714285714285714,3,5,0.6,0,0,3,2,0.7999999999999999,15.616344284289596,2302.714285714286,4.915069173025622,-19970.706875,Run-level descriptive proxy; replication-level expected cost/CVaR is computed in study_summary.json.,0,0,0,0,True,7,/workspace/MasterDissertation/results/freshretailnet/gate_transfer/agents/parser_recovery/B4__normal__seed18__origin0,
parser_recovery,B4,normal,19,0,15317.61525,2188.23075,3348.1845,0.8473726977248104,0.0,0.238095238095238,2,5,0.4,0,0,2,2,0.7999999999999999,15.83850615946448,2502.428571428572,5.000742136210538,-15856.4337,Run-level descriptive proxy; replication-level expected cost/CVaR is computed in study_summary.json.,0,0,0,0,True,7,/workspace/MasterDissertation/results/freshretailnet/gate_transfer/agents/parser_recovery/B4__normal__seed19__origin0,
parser_recovery,B4,normal,20,0,18213.982,2601.9974285714284,3636.698,0.7761375947995667,0.0,0.3047619047619048,3,5,0.6,0,0,3,2,0.7999999999999999,16.029210282754214,2202.285714285714,5.2045926310326935,-18881.6518,Run-level descriptive proxy; replication-level expected cost/CVaR is computed in study_summary.json.,0,0,0,0,True,7,/workspace/MasterDissertation/results/freshretailnet/gate_transfer/agents/parser_recovery/B4__normal__seed20__origin0,
parser_recovery,B4,normal,21,0,18602.659750000003,2657.522821428572,3874.650000000001,0.7330715059588299,0.0,0.3142857142857143,3,4,0.75,0,0,3,3,0.7999999999999999,18.65852495713128,2169.0,4.99124020285846,-19296.124750000003,Run-level descriptive proxy; replication-level expected cost/CVaR is computed in study_summary.json.,0,0,0,0,True,7,/workspace/MasterDissertation/results/freshretailnet/gate_transfer/agents/parser_recovery/B4__normal__seed21__origin0,
parser_recovery,B4,normal,22,0,19288.41425,2755.48775,4325.419000000001,0.8013271939328277,0.0,0.219047619047619,3,6,0.5,0,0,3,1,0.7999999999999999,9.420364617338338,2532.714285714286,4.672457555417677,-20022.95615,Run-level descriptive proxy; replication-level expected cost/CVaR is computed in study_summary.json.,0,0,0,0,True,7,/workspace/MasterDissertation/results/freshretailnet/gate_transfer/agents/parser_recovery/B4__normal__seed22__origin0,
parser_recovery,B4,normal,23,0,16717.1645,2388.166357142857,3370.531,0.8101300108342362,0.0,0.2428571428571428,1,5,0.2,0,0,1,2,0.7999999999999999,15.429100151385793,2318.0,5.161345987920622,-17158.2176,Run-level descriptive proxy; replication-level expected cost/CVaR is computed in study_summary.json.,0,0,0,0,True,7,/workspace/MasterDissertation/results/freshretailnet/gate_transfer/agents/parser_recovery/B4__normal__seed23__origin0,
parser_recovery,B4,normal,24,0,18406.66075,2629.5229642857144,4239.583250000001,0.7830444203683641,0.0,0.2857142857142857,2,5,0.4,0,0,2,2,0.7999999999999999,15.924521269344735,2310.1428571428573,5.005751035804836,-19034.619075,Run-level descriptive proxy; replication-level expected cost/CVaR is computed in study_summary.json.,0,0,0,0,True,7,/workspace/MasterDissertation/results/freshretailnet/gate_transfer/agents/parser_recovery/B4__normal__seed24__origin0,
parser_recovery,B4,normal,25,0,17707.77575,2529.6822500000003,4227.2522500000005,0.7885969664138678,0.0,0.2428571428571428,3,5,0.6,0,0,3,2,0.7999999999999999,16.078554516821043,2170.1428571428573,5.366466987031795,-18434.500975,Run-level descriptive proxy; replication-level expected cost/CVaR is computed in study_summary.json.,0,0,0,0,True,7,/workspace/MasterDissertation/results/freshretailnet/gate_transfer/agents/parser_recovery/B4__normal__seed25__origin0,
parser_recovery,B4,normal,26,0,18267.2275,2609.6039285714287,4000.54775,0.7859561213434453,0.0,0.2571428571428571,2,5,0.4,0,0,2,2,0.7999999999999999,15.978781954239878,2352.8571428571427,4.933151183970857,-18871.282275,Run-level descriptive proxy; replication-level expected cost/CVaR is computed in study_summary.json.,0,0,0,0,True,7,/workspace/MasterDissertation/results/freshretailnet/gate_transfer/agents/parser_recovery/B4__normal__seed26__origin0,
parser_recovery,B4,normal,27,0,15755.24,2250.748571428572,2952.4705,0.8479144095341279,0.0,0.2,2,5,0.4,0,0,2,2,0.7999999999999999,15.821282259163858,2417.1428571428573,5.180496453900709,-16254.48705,Run-level descriptive proxy; replication-level expected cost/CVaR is computed in study_summary.json.,0,0,0,0,True,7,/workspace/MasterDissertation/results/freshretailnet/gate_transfer/agents/parser_recovery/B4__normal__seed27__origin0,
parser_recovery,B4,normal,28,0,19885.541,2840.791571428571,3729.02375,0.7846018418201517,0.0,0.2857142857142857,4,6,0.6666666666666666,0,0,4,1,0.7999999999999999,9.518702243523055,2301.1428571428573,5.035324062577601,-20660.443375,Run-level descriptive proxy; replication-level expected cost/CVaR is computed in study_summary.json.,0,0,0,0,True,7,/workspace/MasterDissertation/results/freshretailnet/gate_transfer/agents/parser_recovery/B4__normal__seed28__origin0,
parser_recovery,B4,normal,29,0,19396.28025,2770.8971785714284,3871.58375,0.8029523293607801,0.0,0.219047619047619,4,6,0.6666666666666666,0,0,4,1,0.7999999999999999,9.558180931130227,2533.8571428571427,4.679821841348594,-20185.438625,Run-level descriptive proxy; replication-level expected cost/CVaR is computed in study_summary.json.,0,0,0,0,True,7,/workspace/MasterDissertation/results/freshretailnet/gate_transfer/agents/parser_recovery/B4__normal__seed29__origin0,
llm_no_recovery,B10,normal,0,0,18385.8405,2626.5486428571426,4317.5705,0.7767470205850487,0.0,0.2857142857142857,4,5,0.8,0,0,4,2,0.7999999999999999,15.788133434735506,1959.142857142857,5.855111564824267,-19221.59755,Run-level descriptive proxy; replication-level expected cost/CVaR is computed in study_summary.json.,6583,7,0,0,True,7,/workspace/MasterDissertation/results/freshretailnet/gate_transfer/agents/llm_no_recovery/B10__normal__seed0__origin0,
llm_no_recovery,B10,normal,1,0,16631.1665,2375.8809285714283,3042.546,0.8234696641386782,0.0,0.2285714285714285,2,5,0.4,0,0,2,2,0.7999999999999999,15.80939058251243,2286.0,5.319772528433946,-17139.4211,Run-level descriptive proxy; replication-level expected cost/CVaR is computed in study_summary.json.,0,0,0,0,True,7,/workspace/MasterDissertation/results/freshretailnet/gate_transfer/agents/llm_no_recovery/B10__normal__seed1__origin0,
llm_no_recovery,B10,normal,2,0,20357.31275,2908.187535714286,4284.4055,0.7229821235102926,0.0,0.2904761904761905,4,5,0.8,0,0,4,2,0.7999999999999999,16.082847487785102,1906.7142857142856,5.599685322544392,-21189.7533,Run-level descriptive proxy; replication-level expected cost/CVaR is computed in study_summary.json.,0,0,0,0,True,7,/workspace/MasterDissertation/results/freshretailnet/gate_transfer/agents/llm_no_recovery/B10__normal__seed2__origin0,
llm_no_recovery,B10,normal,3,0,17470.6185,2495.802642857143,3356.3410000000003,0.8081663055254604,0.0,0.2666666666666666,1,5,0.2,0,0,1,2,0.8228571428571428,15.05517796798657,2539.714285714286,4.699347508156148,-17910.2526,Run-level descriptive proxy; replication-level expected cost/CVaR is computed in study_summary.json.,0,0,0,0,True,7,/workspace/MasterDissertation/results/freshretailnet/gate_transfer/agents/llm_no_recovery/B10__normal__seed3__origin0,
llm_no_recovery,B10,normal,4,0,18782.16425,2683.166321428572,4496.7185,0.7755281690140845,0.0,0.2857142857142857,4,5,0.8,0,0,4,2,0.8228571428571428,15.61060884351301,2561.285714285714,4.471582352613085,-19635.8361,Run-level descriptive proxy; replication-level expected cost/CVaR is computed in study_summary.json.,0,0,0,0,True,7,/workspace/MasterDissertation/results/freshretailnet/gate_transfer/agents/llm_no_recovery/B10__normal__seed4__origin0,
llm_no_recovery,B10,normal,5,0,18143.078,2591.868285714286,4152.884,0.79238894907909,0.0,0.2666666666666666,4,5,0.8,0,0,4,2,0.7999999999999999,15.65954376197275,2437.714285714286,4.800398499765588,-18962.366400000003,Run-level descriptive proxy; replication-level expected cost/CVaR is computed in study_summary.json.,0,0,0,0,True,7,/workspace/MasterDissertation/results/freshretailnet/gate_transfer/agents/llm_no_recovery/B10__normal__seed5__origin0,
llm_no_recovery,B10,normal,6,0,18127.5935,2589.656214285714,3861.51325,0.7925243770314193,0.0,0.2476190476190476,1,5,0.2,0,0,1,2,0.7999999999999999,16.14088313160519,2525.428571428572,4.634460911867858,-18617.744825,Run-level descriptive proxy; replication-level expected cost/CVaR is computed in study_summary.json.,0,0,0,0,True,7,/workspace/MasterDissertation/results/freshretailnet/gate_transfer/agents/llm_no_recovery/B10__normal__seed6__origin0,
llm_no_recovery,B10,normal,7,0,19509.3905,2787.0557857142853,3699.6235000000006,0.784534127843987,0.0,0.2761904761904762,4,6,0.6666666666666666,0,0,4,1,0.7999999999999999,9.23727247289764,2244.8571428571427,5.161130202367316,-20281.35285,Run-level descriptive proxy; replication-level expected cost/CVaR is computed in study_summary.json.,0,0,0,0,True,7,/workspace/MasterDissertation/results/freshretailnet/gate_transfer/agents/llm_no_recovery/B10__normal__seed7__origin0,
llm_no_recovery,B10,normal,8,0,17485.63175,2497.947392857143,4846.9235,0.7575162513542795,0.0,0.2952380952380952,2,4,0.5,0,0,2,3,0.7999999999999999,18.642918230149448,2217.0,5.046008119079838,-18176.3241,Run-level descriptive proxy; replication-level expected cost/CVaR is computed in study_summary.json.,0,0,0,0,True,7,/workspace/MasterDissertation/results/freshretailnet/gate_transfer/agents/llm_no_recovery/B10__normal__seed8__origin0,
llm_no_recovery,B10,normal,9,0,19597.772,2799.6817142857144,3415.71625,0.7953683640303358,0.0,0.3,0,6,0.0,0,0,0,1,0.7999999999999999,9.23948335115046,2419.428571428572,4.854865375531412,-19941.343625,Run-level descriptive proxy; replication-level expected cost/CVaR is computed in study_summary.json.,0,0,0,0,True,7,/workspace/MasterDissertation/results/freshretailnet/gate_transfer/agents/llm_no_recovery/B10__normal__seed9__origin0,
llm_no_recovery,B10,normal,10,0,16999.54625,2428.506607142857,3619.8845,0.8177816901408451,0.0,0.2333333333333333,1,5,0.2,0,0,1,2,0.7999999999999999,15.92627799022808,2477.8571428571427,4.873969443643702,-17465.5347,Run-level descriptive proxy; replication-level expected cost/CVaR is computed in study_summary.json.,0,0,0,0,True,7,/workspace/MasterDissertation/results/freshretailnet/gate_transfer/agents/llm_no_recovery/B10__normal__seed10__origin0,
llm_no_recovery,B10,normal,11,0,19062.069250000004,2723.1527500000007,3804.283,0.7346966413867823,0.0,0.2952380952380952,1,4,0.25,0,0,1,3,0.7999999999999999,19.11929881832988,2609.8571428571427,4.157315671355849,-19548.497550000004,Run-level descriptive proxy; replication-level expected cost/CVaR is computed in study_summary.json.,0,0,0,0,True,7,/workspace/MasterDissertation/results/freshretailnet/gate_transfer/agents/llm_no_recovery/B10__normal__seed11__origin0,
llm_no_recovery,B10,normal,12,0,17772.216500000002,2538.888071428572,3122.5194999999994,0.8140574214517876,0.0,0.2333333333333333,2,5,0.4,0,0,2,2,0.7999999999999999,16.01886475006995,2571.714285714286,4.6747028107988005,-18288.468450000004,Run-level descriptive proxy; replication-level expected cost/CVaR is computed in study_summary.json.,0,0,0,0,True,7,/workspace/MasterDissertation/results/freshretailnet/gate_transfer/agents/llm_no_recovery/B10__normal__seed12__origin0,
llm_no_recovery,B10,normal,13,0,17513.6175,2501.945357142857,3765.6675,0.8016657638136512,0.0,0.2619047619047619,3,5,0.6,0,0,3,2,0.7999999999999999,15.825574871393826,2312.8571428571427,5.118777022853614,-18194.18425,Run-level descriptive proxy; replication-level expected cost/CVaR is computed in study_summary.json.,0,0,0,0,True,7,/workspace/MasterDissertation/results/freshretailnet/gate_transfer/agents/llm_no_recovery/B10__normal__seed13__origin0,
llm_no_recovery,B10,normal,14,0,18566.732750000003,2652.390392857143,3810.3825000000006,0.7750541711809318,0.0,0.2761904761904762,1,5,0.2,0,0,1,2,0.7999999999999999,15.875481241793956,2158.1428571428573,5.303634076917985,-19051.771000000004,Run-level descriptive proxy; replication-level expected cost/CVaR is computed in study_summary.json.,0,0,0,0,True,7,/workspace/MasterDissertation/results/freshretailnet/gate_transfer/agents/llm_no_recovery/B10__normal__seed14__origin0,
llm_no_recovery,B10,normal,15,0,16765.334250000004,2395.0477500000006,3744.429250000001,0.8196099674972914,0.0,0.2095238095238095,4,5,0.8,0,0,4,2,0.7999999999999999,15.241327244419892,2555.5714285714284,4.7363184079602,-17543.777175000003,Run-level descriptive proxy; replication-level expected cost/CVaR is computed in study_summary.json.,0,0,0,0,True,7,/workspace/MasterDissertation/results/freshretailnet/gate_transfer/agents/llm_no_recovery/B10__normal__seed15__origin0,
llm_no_recovery,B10,normal,16,0,18383.08325,2626.15475,3456.28425,0.8150731310942578,0.0,0.2238095238095238,0,6,0.0,0,0,0,1,0.7999999999999999,9.561772935664624,2471.5714285714284,4.870180914398012,-18730.711675,Run-level descriptive proxy; replication-level expected cost/CVaR is computed in study_summary.json.,0,0,0,0,True,7,/workspace/MasterDissertation/results/freshretailnet/gate_transfer/agents/llm_no_recovery/B10__normal__seed16__origin0,
llm_no_recovery,B10,normal,17,0,16687.38475,2383.912107142857,3243.701,0.8230633802816901,0.0,0.2523809523809524,4,5,0.8,0,0,4,2,0.7999999999999999,15.491813329124188,2183.285714285714,5.567296996662959,-17415.75485,Run-level descriptive proxy; replication-level expected cost/CVaR is computed in study_summary.json.,0,0,0,0,True,7,/workspace/MasterDissertation/results/freshretailnet/gate_transfer/agents/llm_no_recovery/B10__normal__seed17__origin0,
llm_no_recovery,B10,normal,18,0,19218.78175,2745.54025,4479.25125,0.7663867822318526,0.0,0.2714285714285714,3,5,0.6,0,0,3,2,0.7999999999999999,15.616344284289596,2302.714285714286,4.915069173025622,-19970.706875,Run-level descriptive proxy; replication-level expected cost/CVaR is computed in study_summary.json.,0,0,0,0,True,7,/workspace/MasterDissertation/results/freshretailnet/gate_transfer/agents/llm_no_recovery/B10__normal__seed18__origin0,
llm_no_recovery,B10,normal,19,0,15317.61525,2188.23075,3348.1845,0.8473726977248104,0.0,0.238095238095238,2,5,0.4,0,0,2,2,0.7999999999999999,15.83850615946448,2502.428571428572,5.000742136210538,-15856.4337,Run-level descriptive proxy; replication-level expected cost/CVaR is computed in study_summary.json.,0,0,0,0,True,7,/workspace/MasterDissertation/results/freshretailnet/gate_transfer/agents/llm_no_recovery/B10__normal__seed19__origin0,
llm_no_recovery,B10,normal,20,0,18213.982,2601.9974285714284,3636.698,0.7761375947995667,0.0,0.3047619047619048,3,5,0.6,0,0,3,2,0.7999999999999999,16.029210282754214,2202.285714285714,5.2045926310326935,-18881.6518,Run-level descriptive proxy; replication-level expected cost/CVaR is computed in study_summary.json.,0,0,0,0,True,7,/workspace/MasterDissertation/results/freshretailnet/gate_transfer/agents/llm_no_recovery/B10__normal__seed20__origin0,
llm_no_recovery,B10,normal,21,0,18602.659750000003,2657.522821428572,3874.650000000001,0.7330715059588299,0.0,0.3142857142857143,3,4,0.75,0,0,3,3,0.7999999999999999,18.65852495713128,2169.0,4.99124020285846,-19296.124750000003,Run-level descriptive proxy; replication-level expected cost/CVaR is computed in study_summary.json.,0,0,0,0,True,7,/workspace/MasterDissertation/results/freshretailnet/gate_transfer/agents/llm_no_recovery/B10__normal__seed21__origin0,
llm_no_recovery,B10,normal,22,0,19288.41425,2755.48775,4325.419000000001,0.8013271939328277,0.0,0.219047619047619,3,6,0.5,0,0,3,1,0.7999999999999999,9.420364617338338,2532.714285714286,4.672457555417677,-20022.95615,Run-level descriptive proxy; replication-level expected cost/CVaR is computed in study_summary.json.,0,0,0,0,True,7,/workspace/MasterDissertation/results/freshretailnet/gate_transfer/agents/llm_no_recovery/B10__normal__seed22__origin0,
llm_no_recovery,B10,normal,23,0,16717.1645,2388.166357142857,3370.531,0.8101300108342362,0.0,0.2428571428571428,1,5,0.2,0,0,1,2,0.7999999999999999,15.429100151385793,2318.0,5.161345987920622,-17158.2176,Run-level descriptive proxy; replication-level expected cost/CVaR is computed in study_summary.json.,0,0,0,0,True,7,/workspace/MasterDissertation/results/freshretailnet/gate_transfer/agents/llm_no_recovery/B10__normal__seed23__origin0,
llm_no_recovery,B10,normal,24,0,18406.66075,2629.5229642857144,4239.583250000001,0.7830444203683641,0.0,0.2857142857142857,2,5,0.4,0,0,2,2,0.7999999999999999,15.924521269344735,2310.1428571428573,5.005751035804836,-19034.619075,Run-level descriptive proxy; replication-level expected cost/CVaR is computed in study_summary.json.,0,0,0,0,True,7,/workspace/MasterDissertation/results/freshretailnet/gate_transfer/agents/llm_no_recovery/B10__normal__seed24__origin0,
llm_no_recovery,B10,normal,25,0,17707.77575,2529.6822500000003,4227.2522500000005,0.7885969664138678,0.0,0.2428571428571428,3,5,0.6,0,0,3,2,0.7999999999999999,16.078554516821043,2170.1428571428573,5.366466987031795,-18434.500975,Run-level descriptive proxy; replication-level expected cost/CVaR is computed in study_summary.json.,0,0,0,0,True,7,/workspace/MasterDissertation/results/freshretailnet/gate_transfer/agents/llm_no_recovery/B10__normal__seed25__origin0,
llm_no_recovery,B10,normal,26,0,18267.2275,2609.6039285714287,4000.54775,0.7859561213434453,0.0,0.2571428571428571,2,5,0.4,0,0,2,2,0.7999999999999999,15.978781954239878,2352.8571428571427,4.933151183970857,-18871.282275,Run-level descriptive proxy; replication-level expected cost/CVaR is computed in study_summary.json.,0,0,0,0,True,7,/workspace/MasterDissertation/results/freshretailnet/gate_transfer/agents/llm_no_recovery/B10__normal__seed26__origin0,
llm_no_recovery,B10,normal,27,0,15755.24,2250.748571428572,2952.4705,0.8479144095341279,0.0,0.2,2,5,0.4,0,0,2,2,0.7999999999999999,15.821282259163858,2417.1428571428573,5.180496453900709,-16254.48705,Run-level descriptive proxy; replication-level expected cost/CVaR is computed in study_summary.json.,0,0,0,0,True,7,/workspace/MasterDissertation/results/freshretailnet/gate_transfer/agents/llm_no_recovery/B10__normal__seed27__origin0,
llm_no_recovery,B10,normal,28,0,19885.541,2840.791571428571,3729.02375,0.7846018418201517,0.0,0.2857142857142857,4,6,0.6666666666666666,0,0,4,1,0.7999999999999999,9.518702243523055,2301.1428571428573,5.035324062577601,-20660.443375,Run-level descriptive proxy; replication-level expected cost/CVaR is computed in study_summary.json.,0,0,0,0,True,7,/workspace/MasterDissertation/results/freshretailnet/gate_transfer/agents/llm_no_recovery/B10__normal__seed28__origin0,
llm_no_recovery,B10,normal,29,0,19396.28025,2770.8971785714284,3871.58375,0.8029523293607801,0.0,0.219047619047619,4,6,0.6666666666666666,0,0,4,1,0.7999999999999999,9.558180931130227,2533.8571428571427,4.679821841348594,-20185.438625,Run-level descriptive proxy; replication-level expected cost/CVaR is computed in study_summary.json.,0,0,0,0,True,7,/workspace/MasterDissertation/results/freshretailnet/gate_transfer/agents/llm_no_recovery/B10__normal__seed29__origin0,
llm_no_recovery,B10,derived_field_collapse,0,0,21861.386,3123.0551428571425,6093.8835,0.6075975081256771,0.0,0.4428571428571428,1,3,0.3333333333333333,0,0,1,4,0.48,19.33294004118268,1166.857142857143,7.68988736532811,-22578.77435,Run-level descriptive proxy; replication-level expected cost/CVaR is computed in study_summary.json.,0,0,0,0,True,7,/workspace/MasterDissertation/results/freshretailnet/gate_transfer/agents/llm_no_recovery/B10__derived_field_collapse__seed0__origin0,
llm_no_recovery,B10,derived_field_collapse,1,0,19508.5895,2786.941357142857,5866.392500000001,0.7143824485373781,0.0,0.3333333333333333,1,4,0.25,0,0,1,3,0.48,19.27172744818086,1846.571428571429,5.713291041312083,-20201.22875,Run-level descriptive proxy; replication-level expected cost/CVaR is computed in study_summary.json.,0,0,0,0,True,7,/workspace/MasterDissertation/results/freshretailnet/gate_transfer/agents/llm_no_recovery/B10__derived_field_collapse__seed1__origin0,
llm_no_recovery,B10,derived_field_collapse,2,0,21817.3585,3116.7655000000004,7188.630999999999,0.610170639219935,0.0,0.4047619047619047,2,3,0.6666666666666666,0,0,2,4,0.48,19.3200180801986,1585.428571428571,5.683636691295729,-22744.2216,Run-level descriptive proxy; replication-level expected cost/CVaR is computed in study_summary.json.,0,0,0,0,True,7,/workspace/MasterDissertation/results/freshretailnet/gate_transfer/agents/llm_no_recovery/B10__derived_field_collapse__seed2__origin0,
llm_no_recovery,B10,derived_field_collapse,3,0,18446.61375,2635.230535714286,5477.78175,0.7429577464788732,0.0,0.3238095238095238,1,4,0.25,0,0,1,3,0.5028571428571428,19.11984624656512,2019.2857142857144,5.433604527767952,-19100.391925,Run-level descriptive proxy; replication-level expected cost/CVaR is computed in study_summary.json.,0,0,0,0,True,7,/workspace/MasterDissertation/results/freshretailnet/gate_transfer/agents/llm_no_recovery/B10__derived_field_collapse__seed3__origin0,
llm_no_recovery,B10,derived_field_collapse,4,0,22948.7305,3278.390071428571,6750.08575,0.5916170097508126,0.0,0.4476190476190476,1,3,0.3333333333333333,0,0,1,4,0.48,19.208706117851325,1747.7142857142858,4.9991008664377965,-23731.739075,Run-level descriptive proxy; replication-level expected cost/CVaR is computed in study_summary.json.,0,0,0,0,True,7,/workspace/MasterDissertation/results/freshretailnet/gate_transfer/agents/llm_no_recovery/B10__derived_field_collapse__seed4__origin0,
llm_no_recovery,B10,derived_field_collapse,5,0,19636.85975,2805.2656785714285,6161.775499999999,0.7143147345612134,0.0,0.3476190476190476,2,4,0.5,0,0,2,3,0.48,18.726606949396967,2083.285714285714,5.063635740245491,-20459.0373,Run-level descriptive proxy; replication-level expected cost/CVaR is computed in study_summary.json.,0,0,0,0,True,7,/workspace/MasterDissertation/results/freshretailnet/gate_transfer/agents/llm_no_recovery/B10__derived_field_collapse__seed5__origin0,
llm_no_recovery,B10,derived_field_collapse,6,0,21389.59875,3055.6569642857144,7027.6295,0.6333288190682557,0.0,0.3952380952380952,0,3,0.0,0,0,0,4,0.48,19.363033527288906,1873.571428571429,4.992070148684712,-22100.3617,Run-level descriptive proxy; replication-level expected cost/CVaR is computed in study_summary.json.,0,0,0,0,True,7,/workspace/MasterDissertation/results/freshretailnet/gate_transfer/agents/llm_no_recovery/B10__derived_field_collapse__seed6__origin0,
llm_no_recovery,B10,derived_field_collapse,7,0,21836.73225,3119.533178571429,7073.593,0.6172128927410617,0.0,0.4095238095238095,2,3,0.6666666666666666,0,0,2,4,0.48,19.15000825088428,1587.571428571429,5.741473949428597,-22752.09155,Run-level descriptive proxy; replication-level expected cost/CVaR is computed in study_summary.json.,0,0,0,0,True,7,/workspace/MasterDissertation/results/freshretailnet/gate_transfer/agents/llm_no_recovery/B10__derived_field_collapse__seed7__origin0,
llm_no_recovery,B10,derived_field_collapse,8,0,24169.14475,3452.7349642857143,6956.78125,0.5518689057421452,0.0,0.4809523809523809,1,3,0.3333333333333333,0,0,1,4,0.48,19.281393538481407,1480.428571428571,5.505162597703368,-24972.822875,Run-level descriptive proxy; replication-level expected cost/CVaR is computed in study_summary.json.,0,0,0,0,True,7,/workspace/MasterDissertation/results/freshretailnet/gate_transfer/agents/llm_no_recovery/B10__derived_field_collapse__seed8__origin0,
llm_no_recovery,B10,derived_field_collapse,9,0,19513.48175,2787.64025,4846.0985,0.7135021668472372,0.0,0.3666666666666666,0,4,0.0,0,0,0,3,0.48,19.16926043378127,1788.428571428571,5.891764517932742,-20004.0916,Run-level descriptive proxy; replication-level expected cost/CVaR is computed in study_summary.json.,0,0,0,0,True,7,/workspace/MasterDissertation/results/freshretailnet/gate_transfer/agents/llm_no_recovery/B10__derived_field_collapse__seed9__origin0,
llm_no_recovery,B10,derived_field_collapse,10,0,18456.984,2636.712,4781.31125,0.741332611050921,0.0,0.3095238095238095,1,4,0.25,0,0,1,3,0.48,19.29103631106551,2056.0,5.324902723735408,-19041.115125,Run-level descriptive proxy; replication-level expected cost/CVaR is computed in study_summary.json.,0,0,0,0,True,7,/workspace/MasterDissertation/results/freshretailnet/gate_transfer/agents/llm_no_recovery/B10__derived_field_collapse__seed10__origin0,
llm_no_recovery,B10,derived_field_collapse,11,0,21878.601,3125.514428571429,6146.700000000001,0.6222237269772481,0.0,0.4238095238095238,1,3,0.3333333333333333,0,0,1,4,0.48,19.337231577210336,1769.7142857142858,5.192363577655796,-22601.271,Run-level descriptive proxy; replication-level expected cost/CVaR is computed in study_summary.json.,0,0,0,0,True,7,/workspace/MasterDissertation/results/freshretailnet/gate_transfer/agents/llm_no_recovery/B10__derived_field_collapse__seed11__origin0,
llm_no_recovery,B10,derived_field_collapse,12,0,20053.73025,2864.818607142857,6140.199,0.7126895991332611,0.0,0.3476190476190476,1,4,0.25,0,0,1,3,0.48,19.29103631106551,1933.857142857143,5.442490950727636,-20773.75015,Run-level descriptive proxy; replication-level expected cost/CVaR is computed in study_summary.json.,0,0,0,0,True,7,/workspace/MasterDissertation/results/freshretailnet/gate_transfer/agents/llm_no_recovery/B10__derived_field_collapse__seed12__origin0,
llm_no_recovery,B10,derived_field_collapse,13,0,21296.2995,3042.3285,7194.45,0.625406283856988,0.0,0.3952380952380952,1,3,0.3333333333333333,0,0,1,4,0.48,19.238437999985653,1715.142857142857,5.384974179576878,-22123.7445,Run-level descriptive proxy; replication-level expected cost/CVaR is computed in study_summary.json.,0,0,0,0,True,7,/workspace/MasterDissertation/results/freshretailnet/gate_transfer/agents/llm_no_recovery/B10__derived_field_collapse__seed13__origin0,
llm_no_recovery,B10,derived_field_collapse,14,0,19948.3255,2849.7607857142857,5520.767,0.7028710725893824,0.0,0.3571428571428571,1,4,0.25,0,0,1,3,0.48,19.17286499400914,1727.7142857142858,6.007937820406813,-20606.4022,Run-level descriptive proxy; replication-level expected cost/CVaR is computed in study_summary.json.,0,0,0,0,True,7,/workspace/MasterDissertation/results/freshretailnet/gate_transfer/agents/llm_no_recovery/B10__derived_field_collapse__seed14__origin0,
llm_no_recovery,B10,derived_field_collapse,15,0,18208.345500000003,2601.1922142857147,5347.618750000001,0.7464788732394366,0.0,0.3,1,4,0.25,0,0,1,3,0.4571428571428572,19.005090795600484,2150.5714285714284,5.126079447322971,-18849.107375000003,Run-level descriptive proxy; replication-level expected cost/CVaR is computed in study_summary.json.,0,0,0,0,True,7,/workspace/MasterDissertation/results/freshretailnet/gate_transfer/agents/llm_no_recovery/B10__derived_field_collapse__seed15__origin0,
llm_no_recovery,B10,derived_field_collapse,16,0,19070.9325,2724.4189285714283,5875.28325,0.7194609967497292,0.0,0.3238095238095238,1,4,0.25,0,0,1,3,0.48,19.281951011271424,1858.571428571429,5.716756341275941,-19764.460825,Run-level descriptive proxy; replication-level expected cost/CVaR is computed in study_summary.json.,0,0,0,0,True,7,/workspace/MasterDissertation/results/freshretailnet/gate_transfer/agents/llm_no_recovery/B10__derived_field_collapse__seed16__origin0,
llm_no_recovery,B10,derived_field_collapse,17,0,18849.329250000003,2692.761321428572,5418.37625,0.7376083423618635,0.0,0.3238095238095238,2,4,0.5,0,0,2,3,0.4571428571428572,19.307148135658885,1764.142857142857,6.174670013766297,-19597.166875000003,Run-level descriptive proxy; replication-level expected cost/CVaR is computed in study_summary.json.,0,0,0,0,True,7,/workspace/MasterDissertation/results/freshretailnet/gate_transfer/agents/llm_no_recovery/B10__derived_field_collapse__seed17__origin0,
llm_no_recovery,B10,derived_field_collapse,18,0,19112.8645,2730.4092142857144,5250.00475,0.7270449620801733,0.0,0.319047619047619,0,4,0.0,0,0,0,3,0.48,19.056485195043727,1889.428571428572,5.6826704975049145,-19643.864975,Run-level descriptive proxy; replication-level expected cost/CVaR is computed in study_summary.json.,0,0,0,0,True,7,/workspace/MasterDissertation/results/freshretailnet/gate_transfer/agents/llm_no_recovery/B10__derived_field_collapse__seed18__origin0,
llm_no_recovery,B10,derived_field_collapse,19,0,20828.585000000003,2975.512142857144,7018.3730000000005,0.6288596966413867,0.0,0.419047619047619,0,3,0.0,0,0,0,4,0.48,19.350144211107843,1625.7142857142858,5.71256590509666,-21538.4223,Run-level descriptive proxy; replication-level expected cost/CVaR is computed in study_summary.json.,0,0,0,0,True,7,/workspace/MasterDissertation/results/freshretailnet/gate_transfer/agents/llm_no_recovery/B10__derived_field_collapse__seed19__origin0,
llm_no_recovery,B10,derived_field_collapse,20,0,22487.93225,3212.56175,7192.437,0.5993364030335862,0.0,0.4428571428571428,0,3,0.0,0,0,0,4,0.48,19.268463685347147,1530.428571428571,5.783347335013535,-23215.17595,Run-level descriptive proxy; replication-level expected cost/CVaR is computed in study_summary.json.,0,0,0,0,True,7,/workspace/MasterDissertation/results/freshretailnet/gate_transfer/agents/llm_no_recovery/B10__derived_field_collapse__seed20__origin0,
llm_no_recovery,B10,derived_field_collapse,21,0,23240.203,3320.029,6299.7567500000005,0.5801733477789816,0.0,0.4476190476190476,0,3,0.0,0,0,0,4,0.5028571428571429,19.25129754123649,1366.2857142857142,6.271016311166876,-23878.178675000003,Run-level descriptive proxy; replication-level expected cost/CVaR is computed in study_summary.json.,0,0,0,0,True,7,/workspace/MasterDissertation/results/freshretailnet/gate_transfer/agents/llm_no_recovery/B10__derived_field_collapse__seed21__origin0,
llm_no_recovery,B10,derived_field_collapse,22,0,17352.52625,2478.9323214285714,5332.97225,0.7741738894907909,0.0,0.2619047619047619,1,4,0.25,0,0,1,3,0.4571428571428572,19.365188443022262,2169.285714285714,5.2703984194929205,-17991.823474999997,Run-level descriptive proxy; replication-level expected cost/CVaR is computed in study_summary.json.,0,0,0,0,True,7,/workspace/MasterDissertation/results/freshretailnet/gate_transfer/agents/llm_no_recovery/B10__derived_field_collapse__seed22__origin0,
llm_no_recovery,B10,derived_field_collapse,23,0,22419.66075,3202.808678571429,6687.237249999999,0.5925650054171181,0.0,0.4380952380952381,1,3,0.3333333333333333,0,0,1,4,0.48,19.32864814642091,1453.0,6.022711631108052,-23196.384475,Run-level descriptive proxy; replication-level expected cost/CVaR is computed in study_summary.json.,0,0,0,0,True,7,/workspace/MasterDissertation/results/freshretailnet/gate_transfer/agents/llm_no_recovery/B10__derived_field_collapse__seed23__origin0,
llm_no_recovery,B10,derived_field_collapse,24,0,21077.94675,3011.13525,7176.3,0.6305525460455038,0.0,0.4238095238095238,0,3,0.0,0,0,0,4,0.48,19.37164135199707,1648.428571428571,5.649016379235636,-21803.57675,Run-level descriptive proxy; replication-level expected cost/CVaR is computed in study_summary.json.,0,0,0,0,True,7,/workspace/MasterDissertation/results/freshretailnet/gate_transfer/agents/llm_no_recovery/B10__derived_field_collapse__seed24__origin0,
llm_no_recovery,B10,derived_field_collapse,25,0,21840.651,3120.0930000000003,6535.769999999999,0.6038732394366197,0.0,0.4047619047619047,1,3,0.3333333333333333,0,0,1,4,0.48,19.29853959348252,1369.7142857142858,6.510846891948268,-22602.228000000003,Run-level descriptive proxy; replication-level expected cost/CVaR is computed in study_summary.json.,0,0,0,0,True,7,/workspace/MasterDissertation/results/freshretailnet/gate_transfer/agents/llm_no_recovery/B10__derived_field_collapse__seed25__origin0,
llm_no_recovery,B10,derived_field_collapse,26,0,22321.24375,3188.749107142857,7045.911499999999,0.6096289274106176,0.0,0.4142857142857143,1,3,0.3333333333333333,0,0,1,4,0.48,19.320058258417696,1653.571428571429,5.4445788336933045,-23133.8349,Run-level descriptive proxy; replication-level expected cost/CVaR is computed in study_summary.json.,0,0,0,0,True,7,/workspace/MasterDissertation/results/freshretailnet/gate_transfer/agents/llm_no_recovery/B10__derived_field_collapse__seed26__origin0,
llm_no_recovery,B10,derived_field_collapse,27,0,17106.277500000004,2443.753928571429,5519.5157500000005,0.7754604550379198,0.0,0.2666666666666666,1,4,0.25,0,0,1,3,0.48,19.158937860079348,1895.7142857142856,6.040994724943482,-17764.229075000003,Run-level descriptive proxy; replication-level expected cost/CVaR is computed in study_summary.json.,0,0,0,0,True,7,/workspace/MasterDissertation/results/freshretailnet/gate_transfer/agents/llm_no_recovery/B10__derived_field_collapse__seed27__origin0,
llm_no_recovery,B10,derived_field_collapse,28,0,19962.2075,2851.743928571429,5730.23175,0.7049702058504875,0.0,0.3619047619047619,1,4,0.25,0,0,1,3,0.48,19.361960194864363,1930.0,5.394300518134715,-20641.230675,Run-level descriptive proxy; replication-level expected cost/CVaR is computed in study_summary.json.,0,0,0,0,True,7,/workspace/MasterDissertation/results/freshretailnet/gate_transfer/agents/llm_no_recovery/B10__derived_field_collapse__seed28__origin0,
llm_no_recovery,B10,derived_field_collapse,29,0,18379.651250000003,2625.6644642857145,5103.65525,0.7506094257854822,0.0,0.2857142857142857,2,4,0.5,0,0,2,3,0.48,19.30390338573243,2155.0,5.143851508120649,-19096.016775000004,Run-level descriptive proxy; replication-level expected cost/CVaR is computed in study_summary.json.,0,0,0,0,True,7,/workspace/MasterDissertation/results/freshretailnet/gate_transfer/agents/llm_no_recovery/B10__derived_field_collapse__seed29__origin0,
llm_no_recovery,B10,feed_gap,0,0,21861.386,3123.0551428571425,6093.8835,0.6075975081256771,0.0,0.4428571428571428,1,3,0.3333333333333333,0,0,1,4,0.48,19.33294004118268,1166.857142857143,7.68988736532811,-22578.77435,Run-level descriptive proxy; replication-level expected cost/CVaR is computed in study_summary.json.,0,0,0,0,True,7,/workspace/MasterDissertation/results/freshretailnet/gate_transfer/agents/llm_no_recovery/B10__feed_gap__seed0__origin0,
llm_no_recovery,B10,feed_gap,1,0,19508.5895,2786.941357142857,5866.392500000001,0.7143824485373781,0.0,0.3333333333333333,1,4,0.25,0,0,1,3,0.48,19.27172744818086,1846.571428571429,5.713291041312083,-20201.22875,Run-level descriptive proxy; replication-level expected cost/CVaR is computed in study_summary.json.,0,0,0,0,True,7,/workspace/MasterDissertation/results/freshretailnet/gate_transfer/agents/llm_no_recovery/B10__feed_gap__seed1__origin0,
llm_no_recovery,B10,feed_gap,2,0,21817.3585,3116.7655000000004,7188.630999999999,0.610170639219935,0.0,0.4047619047619047,2,3,0.6666666666666666,0,0,2,4,0.48,19.3200180801986,1585.428571428571,5.683636691295729,-22744.2216,Run-level descriptive proxy; replication-level expected cost/CVaR is computed in study_summary.json.,0,0,0,0,True,7,/workspace/MasterDissertation/results/freshretailnet/gate_transfer/agents/llm_no_recovery/B10__feed_gap__seed2__origin0,
llm_no_recovery,B10,feed_gap,3,0,18446.61375,2635.230535714286,5477.78175,0.7429577464788732,0.0,0.3238095238095238,1,4,0.25,0,0,1,3,0.5028571428571428,19.11984624656512,2019.2857142857144,5.433604527767952,-19100.391925,Run-level descriptive proxy; replication-level expected cost/CVaR is computed in study_summary.json.,0,0,0,0,True,7,/workspace/MasterDissertation/results/freshretailnet/gate_transfer/agents/llm_no_recovery/B10__feed_gap__seed3__origin0,
llm_no_recovery,B10,feed_gap,4,0,22948.7305,3278.390071428571,6750.08575,0.5916170097508126,0.0,0.4476190476190476,1,3,0.3333333333333333,0,0,1,4,0.48,19.208706117851325,1747.7142857142858,4.9991008664377965,-23731.739075,Run-level descriptive proxy; replication-level expected cost/CVaR is computed in study_summary.json.,0,0,0,0,True,7,/workspace/MasterDissertation/results/freshretailnet/gate_transfer/agents/llm_no_recovery/B10__feed_gap__seed4__origin0,
llm_no_recovery,B10,feed_gap,5,0,19636.85975,2805.2656785714285,6161.775499999999,0.7143147345612134,0.0,0.3476190476190476,2,4,0.5,0,0,2,3,0.48,18.726606949396967,2083.285714285714,5.063635740245491,-20459.0373,Run-level descriptive proxy; replication-level expected cost/CVaR is computed in study_summary.json.,0,0,0,0,True,7,/workspace/MasterDissertation/results/freshretailnet/gate_transfer/agents/llm_no_recovery/B10__feed_gap__seed5__origin0,
llm_no_recovery,B10,feed_gap,6,0,21389.59875,3055.6569642857144,7027.6295,0.6333288190682557,0.0,0.3952380952380952,0,3,0.0,0,0,0,4,0.48,19.363033527288906,1873.571428571429,4.992070148684712,-22100.3617,Run-level descriptive proxy; replication-level expected cost/CVaR is computed in study_summary.json.,0,0,0,0,True,7,/workspace/MasterDissertation/results/freshretailnet/gate_transfer/agents/llm_no_recovery/B10__feed_gap__seed6__origin0,
llm_no_recovery,B10,feed_gap,7,0,21836.73225,3119.533178571429,7073.593,0.6172128927410617,0.0,0.4095238095238095,2,3,0.6666666666666666,0,0,2,4,0.48,19.15000825088428,1587.571428571429,5.741473949428597,-22752.09155,Run-level descriptive proxy; replication-level expected cost/CVaR is computed in study_summary.json.,0,0,0,0,True,7,/workspace/MasterDissertation/results/freshretailnet/gate_transfer/agents/llm_no_recovery/B10__feed_gap__seed7__origin0,
llm_no_recovery,B10,feed_gap,8,0,24169.14475,3452.7349642857143,6956.78125,0.5518689057421452,0.0,0.4809523809523809,1,3,0.3333333333333333,0,0,1,4,0.48,19.281393538481407,1480.428571428571,5.505162597703368,-24972.822875,Run-level descriptive proxy; replication-level expected cost/CVaR is computed in study_summary.json.,0,0,0,0,True,7,/workspace/MasterDissertation/results/freshretailnet/gate_transfer/agents/llm_no_recovery/B10__feed_gap__seed8__origin0,
llm_no_recovery,B10,feed_gap,9,0,19513.48175,2787.64025,4846.0985,0.7135021668472372,0.0,0.3666666666666666,0,4,0.0,0,0,0,3,0.48,19.16926043378127,1788.428571428571,5.891764517932742,-20004.0916,Run-level descriptive proxy; replication-level expected cost/CVaR is computed in study_summary.json.,0,0,0,0,True,7,/workspace/MasterDissertation/results/freshretailnet/gate_transfer/agents/llm_no_recovery/B10__feed_gap__seed9__origin0,
llm_no_recovery,B10,feed_gap,10,0,18456.984,2636.712,4781.31125,0.741332611050921,0.0,0.3095238095238095,1,4,0.25,0,0,1,3,0.48,19.29103631106551,2056.0,5.324902723735408,-19041.115125,Run-level descriptive proxy; replication-level expected cost/CVaR is computed in study_summary.json.,0,0,0,0,True,7,/workspace/MasterDissertation/results/freshretailnet/gate_transfer/agents/llm_no_recovery/B10__feed_gap__seed10__origin0,
llm_no_recovery,B10,feed_gap,11,0,21878.601,3125.514428571429,6146.700000000001,0.6222237269772481,0.0,0.4238095238095238,1,3,0.3333333333333333,0,0,1,4,0.48,19.337231577210336,1769.7142857142858,5.192363577655796,-22601.271,Run-level descriptive proxy; replication-level expected cost/CVaR is computed in study_summary.json.,0,0,0,0,True,7,/workspace/MasterDissertation/results/freshretailnet/gate_transfer/agents/llm_no_recovery/B10__feed_gap__seed11__origin0,
llm_no_recovery,B10,feed_gap,12,0,20053.73025,2864.818607142857,6140.199,0.7126895991332611,0.0,0.3476190476190476,1,4,0.25,0,0,1,3,0.48,19.29103631106551,1933.857142857143,5.442490950727636,-20773.75015,Run-level descriptive proxy; replication-level expected cost/CVaR is computed in study_summary.json.,0,0,0,0,True,7,/workspace/MasterDissertation/results/freshretailnet/gate_transfer/agents/llm_no_recovery/B10__feed_gap__seed12__origin0,
llm_no_recovery,B10,feed_gap,13,0,21296.2995,3042.3285,7194.45,0.625406283856988,0.0,0.3952380952380952,1,3,0.3333333333333333,0,0,1,4,0.48,19.238437999985653,1715.142857142857,5.384974179576878,-22123.7445,Run-level descriptive proxy; replication-level expected cost/CVaR is computed in study_summary.json.,0,0,0,0,True,7,/workspace/MasterDissertation/results/freshretailnet/gate_transfer/agents/llm_no_recovery/B10__feed_gap__seed13__origin0,
llm_no_recovery,B10,feed_gap,14,0,19948.3255,2849.7607857142857,5520.767,0.7028710725893824,0.0,0.3571428571428571,1,4,0.25,0,0,1,3,0.48,19.17286499400914,1727.7142857142858,6.007937820406813,-20606.4022,Run-level descriptive proxy; replication-level expected cost/CVaR is computed in study_summary.json.,0,0,0,0,True,7,/workspace/MasterDissertation/results/freshretailnet/gate_transfer/agents/llm_no_recovery/B10__feed_gap__seed14__origin0,
llm_no_recovery,B10,feed_gap,15,0,18208.345500000003,2601.1922142857147,5347.618750000001,0.7464788732394366,0.0,0.3,1,4,0.25,0,0,1,3,0.4571428571428572,19.005090795600484,2150.5714285714284,5.126079447322971,-18849.107375000003,Run-level descriptive proxy; replication-level expected cost/CVaR is computed in study_summary.json.,0,0,0,0,True,7,/workspace/MasterDissertation/results/freshretailnet/gate_transfer/agents/llm_no_recovery/B10__feed_gap__seed15__origin0,
llm_no_recovery,B10,feed_gap,16,0,19070.9325,2724.4189285714283,5875.28325,0.7194609967497292,0.0,0.3238095238095238,1,4,0.25,0,0,1,3,0.48,19.281951011271424,1858.571428571429,5.716756341275941,-19764.460825,Run-level descriptive proxy; replication-level expected cost/CVaR is computed in study_summary.json.,0,0,0,0,True,7,/workspace/MasterDissertation/results/freshretailnet/gate_transfer/agents/llm_no_recovery/B10__feed_gap__seed16__origin0,
llm_no_recovery,B10,feed_gap,17,0,18849.329250000003,2692.761321428572,5418.37625,0.7376083423618635,0.0,0.3238095238095238,2,4,0.5,0,0,2,3,0.4571428571428572,19.307148135658885,1764.142857142857,6.174670013766297,-19597.166875000003,Run-level descriptive proxy; replication-level expected cost/CVaR is computed in study_summary.json.,0,0,0,0,True,7,/workspace/MasterDissertation/results/freshretailnet/gate_transfer/agents/llm_no_recovery/B10__feed_gap__seed17__origin0,
llm_no_recovery,B10,feed_gap,18,0,19112.8645,2730.4092142857144,5250.00475,0.7270449620801733,0.0,0.319047619047619,0,4,0.0,0,0,0,3,0.48,19.056485195043727,1889.428571428572,5.6826704975049145,-19643.864975,Run-level descriptive proxy; replication-level expected cost/CVaR is computed in study_summary.json.,0,0,0,0,True,7,/workspace/MasterDissertation/results/freshretailnet/gate_transfer/agents/llm_no_recovery/B10__feed_gap__seed18__origin0,
llm_no_recovery,B10,feed_gap,19,0,20828.585000000003,2975.512142857144,7018.3730000000005,0.6288596966413867,0.0,0.419047619047619,0,3,0.0,0,0,0,4,0.48,19.350144211107843,1625.7142857142858,5.71256590509666,-21538.4223,Run-level descriptive proxy; replication-level expected cost/CVaR is computed in study_summary.json.,0,0,0,0,True,7,/workspace/MasterDissertation/results/freshretailnet/gate_transfer/agents/llm_no_recovery/B10__feed_gap__seed19__origin0,
llm_no_recovery,B10,feed_gap,20,0,22487.93225,3212.56175,7192.437,0.5993364030335862,0.0,0.4428571428571428,0,3,0.0,0,0,0,4,0.48,19.268463685347147,1530.428571428571,5.783347335013535,-23215.17595,Run-level descriptive proxy; replication-level expected cost/CVaR is computed in study_summary.json.,0,0,0,0,True,7,/workspace/MasterDissertation/results/freshretailnet/gate_transfer/agents/llm_no_recovery/B10__feed_gap__seed20__origin0,
llm_no_recovery,B10,feed_gap,21,0,23240.203,3320.029,6299.7567500000005,0.5801733477789816,0.0,0.4476190476190476,0,3,0.0,0,0,0,4,0.5028571428571429,19.25129754123649,1366.2857142857142,6.271016311166876,-23878.178675000003,Run-level descriptive proxy; replication-level expected cost/CVaR is computed in study_summary.json.,0,0,0,0,True,7,/workspace/MasterDissertation/results/freshretailnet/gate_transfer/agents/llm_no_recovery/B10__feed_gap__seed21__origin0,
llm_no_recovery,B10,feed_gap,22,0,17352.52625,2478.9323214285714,5332.97225,0.7741738894907909,0.0,0.2619047619047619,1,4,0.25,0,0,1,3,0.4571428571428572,19.365188443022262,2169.285714285714,5.2703984194929205,-17991.823474999997,Run-level descriptive proxy; replication-level expected cost/CVaR is computed in study_summary.json.,0,0,0,0,True,7,/workspace/MasterDissertation/results/freshretailnet/gate_transfer/agents/llm_no_recovery/B10__feed_gap__seed22__origin0,
llm_no_recovery,B10,feed_gap,23,0,22419.66075,3202.808678571429,6687.237249999999,0.5925650054171181,0.0,0.4380952380952381,1,3,0.3333333333333333,0,0,1,4,0.48,19.32864814642091,1453.0,6.022711631108052,-23196.384475,Run-level descriptive proxy; replication-level expected cost/CVaR is computed in study_summary.json.,0,0,0,0,True,7,/workspace/MasterDissertation/results/freshretailnet/gate_transfer/agents/llm_no_recovery/B10__feed_gap__seed23__origin0,
llm_no_recovery,B10,feed_gap,24,0,21077.94675,3011.13525,7176.3,0.6305525460455038,0.0,0.4238095238095238,0,3,0.0,0,0,0,4,0.48,19.37164135199707,1648.428571428571,5.649016379235636,-21803.57675,Run-level descriptive proxy; replication-level expected cost/CVaR is computed in study_summary.json.,0,0,0,0,True,7,/workspace/MasterDissertation/results/freshretailnet/gate_transfer/agents/llm_no_recovery/B10__feed_gap__seed24__origin0,
llm_no_recovery,B10,feed_gap,25,0,21840.651,3120.0930000000003,6535.769999999999,0.6038732394366197,0.0,0.4047619047619047,1,3,0.3333333333333333,0,0,1,4,0.48,19.29853959348252,1369.7142857142858,6.510846891948268,-22602.228000000003,Run-level descriptive proxy; replication-level expected cost/CVaR is computed in study_summary.json.,0,0,0,0,True,7,/workspace/MasterDissertation/results/freshretailnet/gate_transfer/agents/llm_no_recovery/B10__feed_gap__seed25__origin0,
llm_no_recovery,B10,feed_gap,26,0,22321.24375,3188.749107142857,7045.911499999999,0.6096289274106176,0.0,0.4142857142857143,1,3,0.3333333333333333,0,0,1,4,0.48,19.320058258417696,1653.571428571429,5.4445788336933045,-23133.8349,Run-level descriptive proxy; replication-level expected cost/CVaR is computed in study_summary.json.,0,0,0,0,True,7,/workspace/MasterDissertation/results/freshretailnet/gate_transfer/agents/llm_no_recovery/B10__feed_gap__seed26__origin0,
llm_no_recovery,B10,feed_gap,27,0,17106.277500000004,2443.753928571429,5519.5157500000005,0.7754604550379198,0.0,0.2666666666666666,1,4,0.25,0,0,1,3,0.48,19.158937860079348,1895.7142857142856,6.040994724943482,-17764.229075000003,Run-level descriptive proxy; replication-level expected cost/CVaR is computed in study_summary.json.,0,0,0,0,True,7,/workspace/MasterDissertation/results/freshretailnet/gate_transfer/agents/llm_no_recovery/B10__feed_gap__seed27__origin0,
llm_no_recovery,B10,feed_gap,28,0,19962.2075,2851.743928571429,5730.23175,0.7049702058504875,0.0,0.3619047619047619,1,4,0.25,0,0,1,3,0.48,19.361960194864363,1930.0,5.394300518134715,-20641.230675,Run-level descriptive proxy; replication-level expected cost/CVaR is computed in study_summary.json.,0,0,0,0,True,7,/workspace/MasterDissertation/results/freshretailnet/gate_transfer/agents/llm_no_recovery/B10__feed_gap__seed28__origin0,
llm_no_recovery,B10,feed_gap,29,0,18379.651250000003,2625.6644642857145,5103.65525,0.7506094257854822,0.0,0.2857142857142857,2,4,0.5,0,0,2,3,0.48,19.30390338573243,2155.0,5.143851508120649,-19096.016775000004,Run-level descriptive proxy; replication-level expected cost/CVaR is computed in study_summary.json.,0,0,0,0,True,7,/workspace/MasterDissertation/results/freshretailnet/gate_transfer/agents/llm_no_recovery/B10__feed_gap__seed29__origin0,
llm_no_recovery,B10,capacity_cut,0,0,17535.968500000003,2505.1383571428573,3388.6755000000003,0.7155335861321777,0.0,0.3666666666666666,6,6,1.0,0,0,6,1,0.7999999999999999,5.803198114493576,1339.7142857142858,7.887502665813606,-18476.83605,Run-level descriptive proxy; replication-level expected cost/CVaR is computed in study_summary.json.,3778,5,0,0,True,7,/workspace/MasterDissertation/results/freshretailnet/gate_transfer/agents/llm_no_recovery/B10__capacity_cut__seed0__origin0,
llm_no_recovery,B10,capacity_cut,1,0,15659.496750000002,2237.0709642857146,2891.668,0.8124322860238353,0.0,0.2428571428571428,3,7,0.4285714285714285,0,0,3,0,0.7999999999999999,5.814124796418398,2134.1428571428573,5.621929178659883,-16248.663550000005,Run-level descriptive proxy; replication-level expected cost/CVaR is computed in study_summary.json.,0,0,0,0,True,7,/workspace/MasterDissertation/results/freshretailnet/gate_transfer/agents/llm_no_recovery/B10__capacity_cut__seed1__origin0,
llm_no_recovery,B10,capacity_cut,2,0,17016.80975,2430.9728214285715,3810.14325,0.7300243770314193,0.0,0.3619047619047619,5,6,0.8333333333333334,0,0,5,1,0.7999999999999999,5.802774090788426,1711.857142857143,6.297838604689978,-17899.824075,Run-level descriptive proxy; replication-level expected cost/CVaR is computed in study_summary.json.,0,0,0,0,True,7,/workspace/MasterDissertation/results/freshretailnet/gate_transfer/agents/llm_no_recovery/B10__capacity_cut__seed2__origin0,
llm_no_recovery,B10,capacity_cut,3,0,16902.461,2414.6372857142856,3479.8325,0.7849404117009751,0.0,0.2857142857142857,2,7,0.2857142857142857,0,0,2,0,0.8228571428571428,5.569280522890822,2295.428571428572,5.050037341299477,-17450.44425,Run-level descriptive proxy; replication-level expected cost/CVaR is computed in study_summary.json.,0,0,0,0,True,7,/workspace/MasterDissertation/results/freshretailnet/gate_transfer/agents/llm_no_recovery/B10__capacity_cut__seed3__origin0,
llm_no_recovery,B10,capacity_cut,4,0,18585.84975,2655.1213928571424,3575.10075,0.7051056338028169,0.0,0.3619047619047619,5,6,0.8333333333333334,0,0,5,1,0.8228571428571428,5.711879838426163,1871.857142857143,5.562924521102038,-19445.359825,Run-level descriptive proxy; replication-level expected cost/CVaR is computed in study_summary.json.,0,0,0,0,True,7,/workspace/MasterDissertation/results/freshretailnet/gate_transfer/agents/llm_no_recovery/B10__capacity_cut__seed4__origin0,
llm_no_recovery,B10,capacity_cut,5,0,16677.98875,2382.569821428572,3542.4912500000005,0.7906960996749729,0.0,0.2904761904761905,7,7,1.0,0,0,7,0,0.7999999999999999,5.221447635583551,2347.8571428571427,4.973471250380286,-17732.237875,Run-level descriptive proxy; replication-level expected cost/CVaR is computed in study_summary.json.,0,0,0,0,True,7,/workspace/MasterDissertation/results/freshretailnet/gate_transfer/agents/llm_no_recovery/B10__capacity_cut__seed5__origin0,
llm_no_recovery,B10,capacity_cut,6,0,17467.251500000002,2495.321642857143,4112.3875,0.7318526543878656,0.0,0.3047619047619048,4,6,0.6666666666666666,0,0,4,1,0.7999999999999999,5.813471541623918,1997.428571428572,5.410956944643113,-18280.490250000003,Run-level descriptive proxy; replication-level expected cost/CVaR is computed in study_summary.json.,0,0,0,0,True,7,/workspace/MasterDissertation/results/freshretailnet/gate_transfer/agents/llm_no_recovery/B10__capacity_cut__seed6__origin0,
llm_no_recovery,B10,capacity_cut,7,0,18304.5825,2614.940357142857,4047.34175,0.7046993499458288,0.0,0.3523809523809524,6,6,1.0,0,0,6,1,0.7999999999999999,5.790300188694136,1715.7142857142858,6.065695253955037,-19311.316675,Run-level descriptive proxy; replication-level expected cost/CVaR is computed in study_summary.json.,0,0,0,0,True,7,/workspace/MasterDissertation/results/freshretailnet/gate_transfer/agents/llm_no_recovery/B10__capacity_cut__seed7__origin0,
llm_no_recovery,B10,capacity_cut,8,0,19350.501,2764.357285714286,4182.00375,0.672670639219935,0.0,0.3904761904761905,6,6,1.0,0,0,6,1,0.7999999999999999,5.797361510701037,1598.2857142857142,6.215409367179121,-20370.701375,Run-level descriptive proxy; replication-level expected cost/CVaR is computed in study_summary.json.,0,0,0,0,True,7,/workspace/MasterDissertation/results/freshretailnet/gate_transfer/agents/llm_no_recovery/B10__capacity_cut__seed8__origin0,
llm_no_recovery,B10,capacity_cut,9,0,17744.3425,2534.906071428571,2750.7305,0.7647616468039004,0.0,0.3047619047619048,3,7,0.4285714285714285,0,0,3,0,0.7999999999999999,5.678224122715761,2070.0,5.456038647342996,-18319.41555,Run-level descriptive proxy; replication-level expected cost/CVaR is computed in study_summary.json.,0,0,0,0,True,7,/workspace/MasterDissertation/results/freshretailnet/gate_transfer/agents/llm_no_recovery/B10__capacity_cut__seed9__origin0,
llm_no_recovery,B10,capacity_cut,10,0,15120.378500000004,2160.054071428572,2973.233,0.8271939328277357,0.0,0.238095238095238,4,7,0.5714285714285714,0,0,4,0,0.7999999999999999,5.822627153301429,2351.1428571428573,5.195771053590958,-15817.701800000004,Run-level descriptive proxy; replication-level expected cost/CVaR is computed in study_summary.json.,0,0,0,0,True,7,/workspace/MasterDissertation/results/freshretailnet/gate_transfer/agents/llm_no_recovery/B10__capacity_cut__seed10__origin0,
llm_no_recovery,B10,capacity_cut,11,0,18264.74875,2609.249821428572,3213.4620000000004,0.7117416034669556,0.0,0.3428571428571428,3,6,0.5,0,0,3,1,0.7999999999999999,5.81344643023698,2045.0,5.139853300733496,-18888.09495,Run-level descriptive proxy; replication-level expected cost/CVaR is computed in study_summary.json.,0,0,0,0,True,7,/workspace/MasterDissertation/results/freshretailnet/gate_transfer/agents/llm_no_recovery/B10__capacity_cut__seed11__origin0,
llm_no_recovery,B10,capacity_cut,12,0,17357.9325,2479.7046428571425,3341.744,0.7818932827735645,0.0,0.2761904761904762,5,7,0.7142857142857143,0,0,5,0,0.7999999999999999,5.787634435603641,2201.428571428572,5.245230369889682,-18192.1069,Run-level descriptive proxy; replication-level expected cost/CVaR is computed in study_summary.json.,0,0,0,0,True,7,/workspace/MasterDissertation/results/freshretailnet/gate_transfer/agents/llm_no_recovery/B10__capacity_cut__seed12__origin0,
llm_no_recovery,B10,capacity_cut,13,0,17781.85975,2540.2656785714285,4395.2085,0.7156013001083423,0.0,0.3428571428571428,5,6,0.8333333333333334,0,0,5,1,0.7999999999999999,5.781745815366735,1854.7142857142856,5.697912655010399,-18723.3806,Run-level descriptive proxy; replication-level expected cost/CVaR is computed in study_summary.json.,0,0,0,0,True,7,/workspace/MasterDissertation/results/freshretailnet/gate_transfer/agents/llm_no_recovery/B10__capacity_cut__seed13__origin0,
llm_no_recovery,B10,capacity_cut,14,0,15993.51175,2284.787392857143,3035.581,0.8011917659804983,0.0,0.2619047619047619,4,7,0.5714285714285714,0,0,4,0,0.7999999999999999,5.804449020297176,1965.571428571429,6.019623519151101,-16697.06985,Run-level descriptive proxy; replication-level expected cost/CVaR is computed in study_summary.json.,0,0,0,0,True,7,/workspace/MasterDissertation/results/freshretailnet/gate_transfer/agents/llm_no_recovery/B10__capacity_cut__seed14__origin0,
llm_no_recovery,B10,capacity_cut,15,0,14965.87525,2137.9821785714284,2883.80575,0.8309182015167931,0.0,0.219047619047619,6,7,0.8571428571428571,0,0,6,0,0.7999999999999999,5.539880469798175,2399.5714285714284,5.113829850568554,-15854.255824999998,Run-level descriptive proxy; replication-level expected cost/CVaR is computed in study_summary.json.,0,0,0,0,True,7,/workspace/MasterDissertation/results/freshretailnet/gate_transfer/agents/llm_no_recovery/B10__capacity_cut__seed15__origin0,
llm_no_recovery,B10,capacity_cut,16,0,15954.68175,2279.24025,3456.28425,0.7988894907908992,0.0,0.2571428571428571,2,7,0.2857142857142857,0,0,2,0,0.7999999999999999,5.87399141908035,2102.714285714286,5.610843127929886,-16500.310175,Run-level descriptive proxy; replication-level expected cost/CVaR is computed in study_summary.json.,0,0,0,0,True,7,/workspace/MasterDissertation/results/freshretailnet/gate_transfer/agents/llm_no_recovery/B10__capacity_cut__seed16__origin0,
llm_no_recovery,B10,capacity_cut,17,0,15269.703500000003,2181.3862142857147,2720.8050000000003,0.8276679306608884,0.0,0.2476190476190476,5,7,0.7142857142857143,0,0,5,0,0.7999999999999999,5.801192073411347,2051.1428571428573,5.959116868644657,-16041.784000000003,Run-level descriptive proxy; replication-level expected cost/CVaR is computed in study_summary.json.,0,0,0,0,True,7,/workspace/MasterDissertation/results/freshretailnet/gate_transfer/agents/llm_no_recovery/B10__capacity_cut__seed17__origin0,
llm_no_recovery,B10,capacity_cut,18,0,17431.70875,2490.244107142857,3136.26675,0.7688921993499458,0.0,0.2857142857142857,3,7,0.4285714285714285,0,0,3,0,0.7999999999999999,5.860470372150754,2113.5714285714284,5.37242311591754,-18045.335425,Run-level descriptive proxy; replication-level expected cost/CVaR is computed in study_summary.json.,0,0,0,0,True,7,/workspace/MasterDissertation/results/freshretailnet/gate_transfer/agents/llm_no_recovery/B10__capacity_cut__seed18__origin0,
llm_no_recovery,B10,capacity_cut,19,0,15850.17725,2264.311035714285,3853.62075,0.7525731310942578,0.0,0.3142857142857143,5,6,0.8333333333333334,0,0,5,1,0.7999999999999999,5.814772311467293,1824.7142857142856,6.090816566194316,-16737.539324999998,Run-level descriptive proxy; replication-level expected cost/CVaR is computed in study_summary.json.,0,0,0,0,True,7,/workspace/MasterDissertation/results/freshretailnet/gate_transfer/agents/llm_no_recovery/B10__capacity_cut__seed19__origin0,
llm_no_recovery,B10,capacity_cut,20,0,18180.81875,2597.259821428572,4018.53,0.7044962080173348,0.0,0.3761904761904762,5,6,0.8333333333333334,0,0,5,1,0.7999999999999999,5.786391421950224,1667.857142857143,6.237944325481799,-19084.67175,Run-level descriptive proxy; replication-level expected cost/CVaR is computed in study_summary.json.,0,0,0,0,True,7,/workspace/MasterDissertation/results/freshretailnet/gate_transfer/agents/llm_no_recovery/B10__capacity_cut__seed20__origin0,
llm_no_recovery,B10,capacity_cut,21,0,19139.642,2734.234571428572,3722.73725,0.6798483206933911,0.0,0.3809523809523809,4,6,0.6666666666666666,0,0,4,1,0.7999999999999999,5.781582232617541,1528.0,6.570680628272251,-19913.915725,Run-level descriptive proxy; replication-level expected cost/CVaR is computed in study_summary.json.,0,0,0,0,True,7,/workspace/MasterDissertation/results/freshretailnet/gate_transfer/agents/llm_no_recovery/B10__capacity_cut__seed21__origin0,
llm_no_recovery,B10,capacity_cut,22,0,15089.784,2155.6834285714285,2859.62775,0.8307827735644637,0.0,0.2047619047619047,5,7,0.7142857142857143,0,0,5,0,0.7999999999999999,5.946251946132486,2398.8571428571427,5.114518818484993,-15875.746775,Run-level descriptive proxy; replication-level expected cost/CVaR is computed in study_summary.json.,0,0,0,0,True,7,/workspace/MasterDissertation/results/freshretailnet/gate_transfer/agents/llm_no_recovery/B10__capacity_cut__seed22__origin0,
llm_no_recovery,B10,capacity_cut,23,0,16902.04675,2414.5781071428573,3758.908,0.726909534127844,0.0,0.3476190476190476,4,6,0.6666666666666666,0,0,4,1,0.7999999999999999,5.799878747874501,1619.857142857143,6.627127612664256,-17679.937550000002,Run-level descriptive proxy; replication-level expected cost/CVaR is computed in study_summary.json.,0,0,0,0,True,7,/workspace/MasterDissertation/results/freshretailnet/gate_transfer/agents/llm_no_recovery/B10__capacity_cut__seed23__origin0,
llm_no_recovery,B10,capacity_cut,24,0,17145.067000000003,2449.295285714286,3673.5837500000007,0.7300243770314193,0.0,0.3380952380952381,4,6,0.6666666666666666,0,0,4,1,0.7999999999999999,5.813245539141477,1828.0,5.897702407002188,-17914.425375000003,Run-level descriptive proxy; replication-level expected cost/CVaR is computed in study_summary.json.,0,0,0,0,True,7,/workspace/MasterDissertation/results/freshretailnet/gate_transfer/agents/llm_no_recovery/B10__capacity_cut__seed24__origin0,
llm_no_recovery,B10,capacity_cut,25,0,17727.5115,2532.501642857143,3957.59275,0.7077464788732394,0.0,0.3047619047619048,4,6,0.6666666666666666,0,0,4,1,0.7999999999999999,5.78432116746425,1551.7142857142858,6.735776100165715,-18525.270775,Run-level descriptive proxy; replication-level expected cost/CVaR is computed in study_summary.json.,0,0,0,0,True,7,/workspace/MasterDissertation/results/freshretailnet/gate_transfer/agents/llm_no_recovery/B10__capacity_cut__seed25__origin0,
llm_no_recovery,B10,capacity_cut,26,0,17456.796,2493.828,3622.7775,0.7288055254604551,0.0,0.319047619047619,5,6,0.8333333333333334,0,0,5,1,0.7999999999999999,5.814142374389255,1806.857142857143,5.956752055660974,-18321.07375,Run-level descriptive proxy; replication-level expected cost/CVaR is computed in study_summary.json.,0,0,0,0,True,7,/workspace/MasterDissertation/results/freshretailnet/gate_transfer/agents/llm_no_recovery/B10__capacity_cut__seed26__origin0,
llm_no_recovery,B10,capacity_cut,27,0,14905.1305,2129.304357142857,2893.88725,0.8301733477789816,0.0,0.2285714285714285,4,7,0.5714285714285714,0,0,4,0,0.7999999999999999,5.635503555054922,2147.714285714286,5.708394306239191,-15594.519225,Run-level descriptive proxy; replication-level expected cost/CVaR is computed in study_summary.json.,0,0,0,0,True,7,/workspace/MasterDissertation/results/freshretailnet/gate_transfer/agents/llm_no_recovery/B10__capacity_cut__seed27__origin0,
llm_no_recovery,B10,capacity_cut,28,0,16292.9565,2327.5652142857143,3016.1770000000006,0.8005146262188516,0.0,0.2952380952380952,5,7,0.7142857142857143,0,0,5,0,0.7999999999999999,5.813433874543511,2274.5714285714284,5.197462630322824,-17094.5742,Run-level descriptive proxy; replication-level expected cost/CVaR is computed in study_summary.json.,0,0,0,0,True,7,/workspace/MasterDissertation/results/freshretailnet/gate_transfer/agents/llm_no_recovery/B10__capacity_cut__seed28__origin0,
llm_no_recovery,B10,capacity_cut,29,0,16199.574750000003,2314.2249642857146,2905.98725,0.8059994582881906,0.0,0.2428571428571428,6,7,0.8571428571428571,0,0,6,0,0.7999999999999999,5.808933914004262,2400.428571428572,4.958697851574123,-17090.173475000003,Run-level descriptive proxy; replication-level expected cost/CVaR is computed in study_summary.json.,0,0,0,0,True,7,/workspace/MasterDissertation/results/freshretailnet/gate_transfer/agents/llm_no_recovery/B10__capacity_cut__seed29__origin0,
llm_recovery,B10,normal,0,0,18385.8405,2626.5486428571426,4317.5705,0.7767470205850487,0.0,0.2857142857142857,4,5,0.8,0,0,4,2,0.7999999999999999,15.788133434735506,1959.142857142857,5.855111564824267,-19221.59755,Run-level descriptive proxy; replication-level expected cost/CVaR is computed in study_summary.json.,6583,7,0,0,True,7,/workspace/MasterDissertation/results/freshretailnet/gate_transfer/agents/llm_recovery/B10__normal__seed0__origin0,
llm_recovery,B10,normal,1,0,16631.1665,2375.8809285714283,3042.546,0.8234696641386782,0.0,0.2285714285714285,2,5,0.4,0,0,2,2,0.7999999999999999,15.80939058251243,2286.0,5.319772528433946,-17139.4211,Run-level descriptive proxy; replication-level expected cost/CVaR is computed in study_summary.json.,0,0,0,0,True,7,/workspace/MasterDissertation/results/freshretailnet/gate_transfer/agents/llm_recovery/B10__normal__seed1__origin0,
llm_recovery,B10,normal,2,0,20357.31275,2908.187535714286,4284.4055,0.7229821235102926,0.0,0.2904761904761905,4,5,0.8,0,0,4,2,0.7999999999999999,16.082847487785102,1906.7142857142856,5.599685322544392,-21189.7533,Run-level descriptive proxy; replication-level expected cost/CVaR is computed in study_summary.json.,0,0,0,0,True,7,/workspace/MasterDissertation/results/freshretailnet/gate_transfer/agents/llm_recovery/B10__normal__seed2__origin0,
llm_recovery,B10,normal,3,0,17470.6185,2495.802642857143,3356.3410000000003,0.8081663055254604,0.0,0.2666666666666666,1,5,0.2,0,0,1,2,0.8228571428571428,15.05517796798657,2539.714285714286,4.699347508156148,-17910.2526,Run-level descriptive proxy; replication-level expected cost/CVaR is computed in study_summary.json.,0,0,0,0,True,7,/workspace/MasterDissertation/results/freshretailnet/gate_transfer/agents/llm_recovery/B10__normal__seed3__origin0,
llm_recovery,B10,normal,4,0,18782.16425,2683.166321428572,4496.7185,0.7755281690140845,0.0,0.2857142857142857,4,5,0.8,0,0,4,2,0.8228571428571428,15.61060884351301,2561.285714285714,4.471582352613085,-19635.8361,Run-level descriptive proxy; replication-level expected cost/CVaR is computed in study_summary.json.,0,0,0,0,True,7,/workspace/MasterDissertation/results/freshretailnet/gate_transfer/agents/llm_recovery/B10__normal__seed4__origin0,
llm_recovery,B10,normal,5,0,18143.078,2591.868285714286,4152.884,0.79238894907909,0.0,0.2666666666666666,4,5,0.8,0,0,4,2,0.7999999999999999,15.65954376197275,2437.714285714286,4.800398499765588,-18962.366400000003,Run-level descriptive proxy; replication-level expected cost/CVaR is computed in study_summary.json.,0,0,0,0,True,7,/workspace/MasterDissertation/results/freshretailnet/gate_transfer/agents/llm_recovery/B10__normal__seed5__origin0,
llm_recovery,B10,normal,6,0,18127.5935,2589.656214285714,3861.51325,0.7925243770314193,0.0,0.2476190476190476,1,5,0.2,0,0,1,2,0.7999999999999999,16.14088313160519,2525.428571428572,4.634460911867858,-18617.744825,Run-level descriptive proxy; replication-level expected cost/CVaR is computed in study_summary.json.,0,0,0,0,True,7,/workspace/MasterDissertation/results/freshretailnet/gate_transfer/agents/llm_recovery/B10__normal__seed6__origin0,
llm_recovery,B10,normal,7,0,19509.3905,2787.0557857142853,3699.6235000000006,0.784534127843987,0.0,0.2761904761904762,4,6,0.6666666666666666,0,0,4,1,0.7999999999999999,9.23727247289764,2244.8571428571427,5.161130202367316,-20281.35285,Run-level descriptive proxy; replication-level expected cost/CVaR is computed in study_summary.json.,0,0,0,0,True,7,/workspace/MasterDissertation/results/freshretailnet/gate_transfer/agents/llm_recovery/B10__normal__seed7__origin0,
llm_recovery,B10,normal,8,0,17485.63175,2497.947392857143,4846.9235,0.7575162513542795,0.0,0.2952380952380952,2,4,0.5,0,0,2,3,0.7999999999999999,18.642918230149448,2217.0,5.046008119079838,-18176.3241,Run-level descriptive proxy; replication-level expected cost/CVaR is computed in study_summary.json.,0,0,0,0,True,7,/workspace/MasterDissertation/results/freshretailnet/gate_transfer/agents/llm_recovery/B10__normal__seed8__origin0,
llm_recovery,B10,normal,9,0,19597.772,2799.6817142857144,3415.71625,0.7953683640303358,0.0,0.3,0,6,0.0,0,0,0,1,0.7999999999999999,9.23948335115046,2419.428571428572,4.854865375531412,-19941.343625,Run-level descriptive proxy; replication-level expected cost/CVaR is computed in study_summary.json.,0,0,0,0,True,7,/workspace/MasterDissertation/results/freshretailnet/gate_transfer/agents/llm_recovery/B10__normal__seed9__origin0,
llm_recovery,B10,normal,10,0,16999.54625,2428.506607142857,3619.8845,0.8177816901408451,0.0,0.2333333333333333,1,5,0.2,0,0,1,2,0.7999999999999999,15.92627799022808,2477.8571428571427,4.873969443643702,-17465.5347,Run-level descriptive proxy; replication-level expected cost/CVaR is computed in study_summary.json.,0,0,0,0,True,7,/workspace/MasterDissertation/results/freshretailnet/gate_transfer/agents/llm_recovery/B10__normal__seed10__origin0,
llm_recovery,B10,normal,11,0,19062.069250000004,2723.1527500000007,3804.283,0.7346966413867823,0.0,0.2952380952380952,1,4,0.25,0,0,1,3,0.7999999999999999,19.11929881832988,2609.8571428571427,4.157315671355849,-19548.497550000004,Run-level descriptive proxy; replication-level expected cost/CVaR is computed in study_summary.json.,0,0,0,0,True,7,/workspace/MasterDissertation/results/freshretailnet/gate_transfer/agents/llm_recovery/B10__normal__seed11__origin0,
llm_recovery,B10,normal,12,0,17772.216500000002,2538.888071428572,3122.5194999999994,0.8140574214517876,0.0,0.2333333333333333,2,5,0.4,0,0,2,2,0.7999999999999999,16.01886475006995,2571.714285714286,4.6747028107988005,-18288.468450000004,Run-level descriptive proxy; replication-level expected cost/CVaR is computed in study_summary.json.,0,0,0,0,True,7,/workspace/MasterDissertation/results/freshretailnet/gate_transfer/agents/llm_recovery/B10__normal__seed12__origin0,
llm_recovery,B10,normal,13,0,17513.6175,2501.945357142857,3765.6675,0.8016657638136512,0.0,0.2619047619047619,3,5,0.6,0,0,3,2,0.7999999999999999,15.825574871393826,2312.8571428571427,5.118777022853614,-18194.18425,Run-level descriptive proxy; replication-level expected cost/CVaR is computed in study_summary.json.,0,0,0,0,True,7,/workspace/MasterDissertation/results/freshretailnet/gate_transfer/agents/llm_recovery/B10__normal__seed13__origin0,
llm_recovery,B10,normal,14,0,18566.732750000003,2652.390392857143,3810.3825000000006,0.7750541711809318,0.0,0.2761904761904762,1,5,0.2,0,0,1,2,0.7999999999999999,15.875481241793956,2158.1428571428573,5.303634076917985,-19051.771000000004,Run-level descriptive proxy; replication-level expected cost/CVaR is computed in study_summary.json.,0,0,0,0,True,7,/workspace/MasterDissertation/results/freshretailnet/gate_transfer/agents/llm_recovery/B10__normal__seed14__origin0,
llm_recovery,B10,normal,15,0,16765.334250000004,2395.0477500000006,3744.429250000001,0.8196099674972914,0.0,0.2095238095238095,4,5,0.8,0,0,4,2,0.7999999999999999,15.241327244419892,2555.5714285714284,4.7363184079602,-17543.777175000003,Run-level descriptive proxy; replication-level expected cost/CVaR is computed in study_summary.json.,0,0,0,0,True,7,/workspace/MasterDissertation/results/freshretailnet/gate_transfer/agents/llm_recovery/B10__normal__seed15__origin0,
llm_recovery,B10,normal,16,0,18383.08325,2626.15475,3456.28425,0.8150731310942578,0.0,0.2238095238095238,0,6,0.0,0,0,0,1,0.7999999999999999,9.561772935664624,2471.5714285714284,4.870180914398012,-18730.711675,Run-level descriptive proxy; replication-level expected cost/CVaR is computed in study_summary.json.,0,0,0,0,True,7,/workspace/MasterDissertation/results/freshretailnet/gate_transfer/agents/llm_recovery/B10__normal__seed16__origin0,
llm_recovery,B10,normal,17,0,16687.38475,2383.912107142857,3243.701,0.8230633802816901,0.0,0.2523809523809524,4,5,0.8,0,0,4,2,0.7999999999999999,15.491813329124188,2183.285714285714,5.567296996662959,-17415.75485,Run-level descriptive proxy; replication-level expected cost/CVaR is computed in study_summary.json.,0,0,0,0,True,7,/workspace/MasterDissertation/results/freshretailnet/gate_transfer/agents/llm_recovery/B10__normal__seed17__origin0,
llm_recovery,B10,normal,18,0,19218.78175,2745.54025,4479.25125,0.7663867822318526,0.0,0.2714285714285714,3,5,0.6,0,0,3,2,0.7999999999999999,15.616344284289596,2302.714285714286,4.915069173025622,-19970.706875,Run-level descriptive proxy; replication-level expected cost/CVaR is computed in study_summary.json.,0,0,0,0,True,7,/workspace/MasterDissertation/results/freshretailnet/gate_transfer/agents/llm_recovery/B10__normal__seed18__origin0,
llm_recovery,B10,normal,19,0,15317.61525,2188.23075,3348.1845,0.8473726977248104,0.0,0.238095238095238,2,5,0.4,0,0,2,2,0.7999999999999999,15.83850615946448,2502.428571428572,5.000742136210538,-15856.4337,Run-level descriptive proxy; replication-level expected cost/CVaR is computed in study_summary.json.,0,0,0,0,True,7,/workspace/MasterDissertation/results/freshretailnet/gate_transfer/agents/llm_recovery/B10__normal__seed19__origin0,
llm_recovery,B10,normal,20,0,18213.982,2601.9974285714284,3636.698,0.7761375947995667,0.0,0.3047619047619048,3,5,0.6,0,0,3,2,0.7999999999999999,16.029210282754214,2202.285714285714,5.2045926310326935,-18881.6518,Run-level descriptive proxy; replication-level expected cost/CVaR is computed in study_summary.json.,0,0,0,0,True,7,/workspace/MasterDissertation/results/freshretailnet/gate_transfer/agents/llm_recovery/B10__normal__seed20__origin0,
llm_recovery,B10,normal,21,0,18602.659750000003,2657.522821428572,3874.650000000001,0.7330715059588299,0.0,0.3142857142857143,3,4,0.75,0,0,3,3,0.7999999999999999,18.65852495713128,2169.0,4.99124020285846,-19296.124750000003,Run-level descriptive proxy; replication-level expected cost/CVaR is computed in study_summary.json.,0,0,0,0,True,7,/workspace/MasterDissertation/results/freshretailnet/gate_transfer/agents/llm_recovery/B10__normal__seed21__origin0,
llm_recovery,B10,normal,22,0,19288.41425,2755.48775,4325.419000000001,0.8013271939328277,0.0,0.219047619047619,3,6,0.5,0,0,3,1,0.7999999999999999,9.420364617338338,2532.714285714286,4.672457555417677,-20022.95615,Run-level descriptive proxy; replication-level expected cost/CVaR is computed in study_summary.json.,0,0,0,0,True,7,/workspace/MasterDissertation/results/freshretailnet/gate_transfer/agents/llm_recovery/B10__normal__seed22__origin0,
llm_recovery,B10,normal,23,0,16717.1645,2388.166357142857,3370.531,0.8101300108342362,0.0,0.2428571428571428,1,5,0.2,0,0,1,2,0.7999999999999999,15.429100151385793,2318.0,5.161345987920622,-17158.2176,Run-level descriptive proxy; replication-level expected cost/CVaR is computed in study_summary.json.,0,0,0,0,True,7,/workspace/MasterDissertation/results/freshretailnet/gate_transfer/agents/llm_recovery/B10__normal__seed23__origin0,
llm_recovery,B10,normal,24,0,18406.66075,2629.5229642857144,4239.583250000001,0.7830444203683641,0.0,0.2857142857142857,2,5,0.4,0,0,2,2,0.7999999999999999,15.924521269344735,2310.1428571428573,5.005751035804836,-19034.619075,Run-level descriptive proxy; replication-level expected cost/CVaR is computed in study_summary.json.,0,0,0,0,True,7,/workspace/MasterDissertation/results/freshretailnet/gate_transfer/agents/llm_recovery/B10__normal__seed24__origin0,
llm_recovery,B10,normal,25,0,17707.77575,2529.6822500000003,4227.2522500000005,0.7885969664138678,0.0,0.2428571428571428,3,5,0.6,0,0,3,2,0.7999999999999999,16.078554516821043,2170.1428571428573,5.366466987031795,-18434.500975,Run-level descriptive proxy; replication-level expected cost/CVaR is computed in study_summary.json.,0,0,0,0,True,7,/workspace/MasterDissertation/results/freshretailnet/gate_transfer/agents/llm_recovery/B10__normal__seed25__origin0,
llm_recovery,B10,normal,26,0,18267.2275,2609.6039285714287,4000.54775,0.7859561213434453,0.0,0.2571428571428571,2,5,0.4,0,0,2,2,0.7999999999999999,15.978781954239878,2352.8571428571427,4.933151183970857,-18871.282275,Run-level descriptive proxy; replication-level expected cost/CVaR is computed in study_summary.json.,0,0,0,0,True,7,/workspace/MasterDissertation/results/freshretailnet/gate_transfer/agents/llm_recovery/B10__normal__seed26__origin0,
llm_recovery,B10,normal,27,0,15755.24,2250.748571428572,2952.4705,0.8479144095341279,0.0,0.2,2,5,0.4,0,0,2,2,0.7999999999999999,15.821282259163858,2417.1428571428573,5.180496453900709,-16254.48705,Run-level descriptive proxy; replication-level expected cost/CVaR is computed in study_summary.json.,0,0,0,0,True,7,/workspace/MasterDissertation/results/freshretailnet/gate_transfer/agents/llm_recovery/B10__normal__seed27__origin0,
llm_recovery,B10,normal,28,0,19885.541,2840.791571428571,3729.02375,0.7846018418201517,0.0,0.2857142857142857,4,6,0.6666666666666666,0,0,4,1,0.7999999999999999,9.518702243523055,2301.1428571428573,5.035324062577601,-20660.443375,Run-level descriptive proxy; replication-level expected cost/CVaR is computed in study_summary.json.,0,0,0,0,True,7,/workspace/MasterDissertation/results/freshretailnet/gate_transfer/agents/llm_recovery/B10__normal__seed28__origin0,
llm_recovery,B10,normal,29,0,19396.28025,2770.8971785714284,3871.58375,0.8029523293607801,0.0,0.219047619047619,4,6,0.6666666666666666,0,0,4,1,0.7999999999999999,9.558180931130227,2533.8571428571427,4.679821841348594,-20185.438625,Run-level descriptive proxy; replication-level expected cost/CVaR is computed in study_summary.json.,0,0,0,0,True,7,/workspace/MasterDissertation/results/freshretailnet/gate_transfer/agents/llm_recovery/B10__normal__seed29__origin0,
llm_recovery,B10,derived_field_collapse,0,0,18385.8405,2626.5486428571426,4317.5705,0.7767470205850487,0.0,0.2857142857142857,4,5,0.8,0,0,4,2,0.7999999999999999,15.788133434735506,1959.142857142857,5.855111564824267,-19221.59755,Run-level descriptive proxy; replication-level expected cost/CVaR is computed in study_summary.json.,4964,3,0,0,True,7,/workspace/MasterDissertation/results/freshretailnet/gate_transfer/agents/llm_recovery/B10__derived_field_collapse__seed0__origin0,
llm_recovery,B10,derived_field_collapse,1,0,16631.1665,2375.8809285714283,3042.546,0.8234696641386782,0.0,0.2285714285714285,2,5,0.4,0,0,2,2,0.7999999999999999,15.80939058251243,2286.0,5.319772528433946,-17139.4211,Run-level descriptive proxy; replication-level expected cost/CVaR is computed in study_summary.json.,5527,3,0,0,True,7,/workspace/MasterDissertation/results/freshretailnet/gate_transfer/agents/llm_recovery/B10__derived_field_collapse__seed1__origin0,
llm_recovery,B10,derived_field_collapse,2,0,20357.31275,2908.187535714286,4284.4055,0.7229821235102926,0.0,0.2904761904761905,4,5,0.8,0,0,4,2,0.7999999999999999,16.082847487785102,1906.7142857142856,5.599685322544392,-21189.7533,Run-level descriptive proxy; replication-level expected cost/CVaR is computed in study_summary.json.,5321,3,0,0,True,7,/workspace/MasterDissertation/results/freshretailnet/gate_transfer/agents/llm_recovery/B10__derived_field_collapse__seed2__origin0,
llm_recovery,B10,derived_field_collapse,3,0,17470.6185,2495.802642857143,3356.3410000000003,0.8081663055254604,0.0,0.2666666666666666,1,5,0.2,0,0,1,2,0.8228571428571428,15.05517796798657,2539.714285714286,4.699347508156148,-17910.2526,Run-level descriptive proxy; replication-level expected cost/CVaR is computed in study_summary.json.,5470,3,0,0,True,7,/workspace/MasterDissertation/results/freshretailnet/gate_transfer/agents/llm_recovery/B10__derived_field_collapse__seed3__origin0,
llm_recovery,B10,derived_field_collapse,4,0,18782.16425,2683.166321428572,4496.7185,0.7755281690140845,0.0,0.2857142857142857,4,5,0.8,0,0,4,2,0.8228571428571428,15.61060884351301,2561.285714285714,4.471582352613085,-19635.8361,Run-level descriptive proxy; replication-level expected cost/CVaR is computed in study_summary.json.,5423,3,0,0,True,7,/workspace/MasterDissertation/results/freshretailnet/gate_transfer/agents/llm_recovery/B10__derived_field_collapse__seed4__origin0,
llm_recovery,B10,derived_field_collapse,5,0,18143.078,2591.868285714286,4152.884,0.79238894907909,0.0,0.2666666666666666,4,5,0.8,0,0,4,2,0.7999999999999999,15.65954376197275,2437.714285714286,4.800398499765588,-18962.366400000003,Run-level descriptive proxy; replication-level expected cost/CVaR is computed in study_summary.json.,5607,3,0,0,True,7,/workspace/MasterDissertation/results/freshretailnet/gate_transfer/agents/llm_recovery/B10__derived_field_collapse__seed5__origin0,
llm_recovery,B10,derived_field_collapse,6,0,18127.5935,2589.656214285714,3861.51325,0.7925243770314193,0.0,0.2476190476190476,1,5,0.2,0,0,1,2,0.7999999999999999,16.14088313160519,2525.428571428572,4.634460911867858,-18617.744825,Run-level descriptive proxy; replication-level expected cost/CVaR is computed in study_summary.json.,5557,3,0,0,True,7,/workspace/MasterDissertation/results/freshretailnet/gate_transfer/agents/llm_recovery/B10__derived_field_collapse__seed6__origin0,
llm_recovery,B10,derived_field_collapse,7,0,19509.3905,2787.0557857142853,3699.6235000000006,0.784534127843987,0.0,0.2761904761904762,4,6,0.6666666666666666,0,0,4,1,0.7999999999999999,9.23727247289764,2244.8571428571427,5.161130202367316,-20281.35285,Run-level descriptive proxy; replication-level expected cost/CVaR is computed in study_summary.json.,5459,3,0,0,True,7,/workspace/MasterDissertation/results/freshretailnet/gate_transfer/agents/llm_recovery/B10__derived_field_collapse__seed7__origin0,
llm_recovery,B10,derived_field_collapse,8,0,17485.63175,2497.947392857143,4846.9235,0.7575162513542795,0.0,0.2952380952380952,2,4,0.5,0,0,2,3,0.7999999999999999,18.642918230149448,2217.0,5.046008119079838,-18176.3241,Run-level descriptive proxy; replication-level expected cost/CVaR is computed in study_summary.json.,5000,3,0,0,True,7,/workspace/MasterDissertation/results/freshretailnet/gate_transfer/agents/llm_recovery/B10__derived_field_collapse__seed8__origin0,
llm_recovery,B10,derived_field_collapse,9,0,19597.772,2799.6817142857144,3415.71625,0.7953683640303358,0.0,0.3,0,6,0.0,0,0,0,1,0.7999999999999999,9.23948335115046,2419.428571428572,4.854865375531412,-19941.343625,Run-level descriptive proxy; replication-level expected cost/CVaR is computed in study_summary.json.,5324,3,0,0,True,7,/workspace/MasterDissertation/results/freshretailnet/gate_transfer/agents/llm_recovery/B10__derived_field_collapse__seed9__origin0,
llm_recovery,B10,derived_field_collapse,10,0,16999.54625,2428.506607142857,3619.8845,0.8177816901408451,0.0,0.2333333333333333,1,5,0.2,0,0,1,2,0.7999999999999999,15.92627799022808,2477.8571428571427,4.873969443643702,-17465.5347,Run-level descriptive proxy; replication-level expected cost/CVaR is computed in study_summary.json.,5481,3,0,0,True,7,/workspace/MasterDissertation/results/freshretailnet/gate_transfer/agents/llm_recovery/B10__derived_field_collapse__seed10__origin0,
llm_recovery,B10,derived_field_collapse,11,0,19062.069250000004,2723.1527500000007,3804.283,0.7346966413867823,0.0,0.2952380952380952,1,4,0.25,0,0,1,3,0.7999999999999999,19.11929881832988,2609.8571428571427,4.157315671355849,-19548.497550000004,Run-level descriptive proxy; replication-level expected cost/CVaR is computed in study_summary.json.,5226,3,0,0,True,7,/workspace/MasterDissertation/results/freshretailnet/gate_transfer/agents/llm_recovery/B10__derived_field_collapse__seed11__origin0,
llm_recovery,B10,derived_field_collapse,12,0,17772.216500000002,2538.888071428572,3122.5194999999994,0.8140574214517876,0.0,0.2333333333333333,2,5,0.4,0,0,2,2,0.7999999999999999,16.01886475006995,2571.714285714286,4.6747028107988005,-18288.468450000004,Run-level descriptive proxy; replication-level expected cost/CVaR is computed in study_summary.json.,5420,3,0,0,True,7,/workspace/MasterDissertation/results/freshretailnet/gate_transfer/agents/llm_recovery/B10__derived_field_collapse__seed12__origin0,
llm_recovery,B10,derived_field_collapse,13,0,17513.6175,2501.945357142857,3765.6675,0.8016657638136512,0.0,0.2619047619047619,3,5,0.6,0,0,3,2,0.7999999999999999,15.825574871393826,2312.8571428571427,5.118777022853614,-18194.18425,Run-level descriptive proxy; replication-level expected cost/CVaR is computed in study_summary.json.,5446,3,0,0,True,7,/workspace/MasterDissertation/results/freshretailnet/gate_transfer/agents/llm_recovery/B10__derived_field_collapse__seed13__origin0,
llm_recovery,B10,derived_field_collapse,14,0,18566.732750000003,2652.390392857143,3810.3825000000006,0.7750541711809318,0.0,0.2761904761904762,1,5,0.2,0,0,1,2,0.7999999999999999,15.875481241793956,2158.1428571428573,5.303634076917985,-19051.771000000004,Run-level descriptive proxy; replication-level expected cost/CVaR is computed in study_summary.json.,5325,3,0,0,True,7,/workspace/MasterDissertation/results/freshretailnet/gate_transfer/agents/llm_recovery/B10__derived_field_collapse__seed14__origin0,
llm_recovery,B10,derived_field_collapse,15,0,16765.334250000004,2395.0477500000006,3744.429250000001,0.8196099674972914,0.0,0.2095238095238095,4,5,0.8,0,0,4,2,0.7999999999999999,15.241327244419892,2555.5714285714284,4.7363184079602,-17543.777175000003,Run-level descriptive proxy; replication-level expected cost/CVaR is computed in study_summary.json.,5463,3,0,0,True,7,/workspace/MasterDissertation/results/freshretailnet/gate_transfer/agents/llm_recovery/B10__derived_field_collapse__seed15__origin0,
llm_recovery,B10,derived_field_collapse,16,0,18383.08325,2626.15475,3456.28425,0.8150731310942578,0.0,0.2238095238095238,0,6,0.0,0,0,0,1,0.7999999999999999,9.561772935664624,2471.5714285714284,4.870180914398012,-18730.711675,Run-level descriptive proxy; replication-level expected cost/CVaR is computed in study_summary.json.,5468,3,0,0,True,7,/workspace/MasterDissertation/results/freshretailnet/gate_transfer/agents/llm_recovery/B10__derived_field_collapse__seed16__origin0,
llm_recovery,B10,derived_field_collapse,17,0,16687.38475,2383.912107142857,3243.701,0.8230633802816901,0.0,0.2523809523809524,4,5,0.8,0,0,4,2,0.7999999999999999,15.491813329124188,2183.285714285714,5.567296996662959,-17415.75485,Run-level descriptive proxy; replication-level expected cost/CVaR is computed in study_summary.json.,5462,3,0,0,True,7,/workspace/MasterDissertation/results/freshretailnet/gate_transfer/agents/llm_recovery/B10__derived_field_collapse__seed17__origin0,
llm_recovery,B10,derived_field_collapse,18,0,19218.78175,2745.54025,4479.25125,0.7663867822318526,0.0,0.2714285714285714,3,5,0.6,0,0,3,2,0.7999999999999999,15.616344284289596,2302.714285714286,4.915069173025622,-19970.706875,Run-level descriptive proxy; replication-level expected cost/CVaR is computed in study_summary.json.,5355,3,0,0,True,7,/workspace/MasterDissertation/results/freshretailnet/gate_transfer/agents/llm_recovery/B10__derived_field_collapse__seed18__origin0,
llm_recovery,B10,derived_field_collapse,19,0,15317.61525,2188.23075,3348.1845,0.8473726977248104,0.0,0.238095238095238,2,5,0.4,0,0,2,2,0.7999999999999999,15.83850615946448,2502.428571428572,5.000742136210538,-15856.4337,Run-level descriptive proxy; replication-level expected cost/CVaR is computed in study_summary.json.,5573,3,0,0,True,7,/workspace/MasterDissertation/results/freshretailnet/gate_transfer/agents/llm_recovery/B10__derived_field_collapse__seed19__origin0,
llm_recovery,B10,derived_field_collapse,20,0,18213.982,2601.9974285714284,3636.698,0.7761375947995667,0.0,0.3047619047619048,3,5,0.6,0,0,3,2,0.7999999999999999,16.029210282754214,2202.285714285714,5.2045926310326935,-18881.6518,Run-level descriptive proxy; replication-level expected cost/CVaR is computed in study_summary.json.,5554,3,0,0,True,7,/workspace/MasterDissertation/results/freshretailnet/gate_transfer/agents/llm_recovery/B10__derived_field_collapse__seed20__origin0,
llm_recovery,B10,derived_field_collapse,21,0,18602.659750000003,2657.522821428572,3874.650000000001,0.7330715059588299,0.0,0.3142857142857143,3,4,0.75,0,0,3,3,0.7999999999999999,18.65852495713128,2169.0,4.99124020285846,-19296.124750000003,Run-level descriptive proxy; replication-level expected cost/CVaR is computed in study_summary.json.,5278,3,0,0,True,7,/workspace/MasterDissertation/results/freshretailnet/gate_transfer/agents/llm_recovery/B10__derived_field_collapse__seed21__origin0,
llm_recovery,B10,derived_field_collapse,22,0,19288.41425,2755.48775,4325.419000000001,0.8013271939328277,0.0,0.219047619047619,3,6,0.5,0,0,3,1,0.7999999999999999,9.420364617338338,2532.714285714286,4.672457555417677,-20022.95615,Run-level descriptive proxy; replication-level expected cost/CVaR is computed in study_summary.json.,5517,3,0,0,True,7,/workspace/MasterDissertation/results/freshretailnet/gate_transfer/agents/llm_recovery/B10__derived_field_collapse__seed22__origin0,
llm_recovery,B10,derived_field_collapse,23,0,16717.1645,2388.166357142857,3370.531,0.8101300108342362,0.0,0.2428571428571428,1,5,0.2,0,0,1,2,0.7999999999999999,15.429100151385793,2318.0,5.161345987920622,-17158.2176,Run-level descriptive proxy; replication-level expected cost/CVaR is computed in study_summary.json.,5323,3,0,0,True,7,/workspace/MasterDissertation/results/freshretailnet/gate_transfer/agents/llm_recovery/B10__derived_field_collapse__seed23__origin0,
llm_recovery,B10,derived_field_collapse,24,0,18406.66075,2629.5229642857144,4239.583250000001,0.7830444203683641,0.0,0.2857142857142857,2,5,0.4,0,0,2,2,0.7999999999999999,15.924521269344735,2310.1428571428573,5.005751035804836,-19034.619075,Run-level descriptive proxy; replication-level expected cost/CVaR is computed in study_summary.json.,5467,3,0,0,True,7,/workspace/MasterDissertation/results/freshretailnet/gate_transfer/agents/llm_recovery/B10__derived_field_collapse__seed24__origin0,
llm_recovery,B10,derived_field_collapse,25,0,17707.77575,2529.6822500000003,4227.2522500000005,0.7885969664138678,0.0,0.2428571428571428,3,5,0.6,0,0,3,2,0.7999999999999999,16.078554516821043,2170.1428571428573,5.366466987031795,-18434.500975,Run-level descriptive proxy; replication-level expected cost/CVaR is computed in study_summary.json.,5277,3,0,0,True,7,/workspace/MasterDissertation/results/freshretailnet/gate_transfer/agents/llm_recovery/B10__derived_field_collapse__seed25__origin0,
llm_recovery,B10,derived_field_collapse,26,0,18267.2275,2609.6039285714287,4000.54775,0.7859561213434453,0.0,0.2571428571428571,2,5,0.4,0,0,2,2,0.7999999999999999,15.978781954239878,2352.8571428571427,4.933151183970857,-18871.282275,Run-level descriptive proxy; replication-level expected cost/CVaR is computed in study_summary.json.,5225,3,0,0,True,7,/workspace/MasterDissertation/results/freshretailnet/gate_transfer/agents/llm_recovery/B10__derived_field_collapse__seed26__origin0,
llm_recovery,B10,derived_field_collapse,27,0,15755.24,2250.748571428572,2952.4705,0.8479144095341279,0.0,0.2,2,5,0.4,0,0,2,2,0.7999999999999999,15.821282259163858,2417.1428571428573,5.180496453900709,-16254.48705,Run-level descriptive proxy; replication-level expected cost/CVaR is computed in study_summary.json.,5421,3,0,0,True,7,/workspace/MasterDissertation/results/freshretailnet/gate_transfer/agents/llm_recovery/B10__derived_field_collapse__seed27__origin0,
llm_recovery,B10,derived_field_collapse,28,0,19885.541,2840.791571428571,3729.02375,0.7846018418201517,0.0,0.2857142857142857,4,6,0.6666666666666666,0,0,4,1,0.7999999999999999,9.518702243523055,2301.1428571428573,5.035324062577601,-20660.443375,Run-level descriptive proxy; replication-level expected cost/CVaR is computed in study_summary.json.,5413,3,0,0,True,7,/workspace/MasterDissertation/results/freshretailnet/gate_transfer/agents/llm_recovery/B10__derived_field_collapse__seed28__origin0,
llm_recovery,B10,derived_field_collapse,29,0,19396.28025,2770.8971785714284,3871.58375,0.8029523293607801,0.0,0.219047619047619,4,6,0.6666666666666666,0,0,4,1,0.7999999999999999,9.558180931130227,2533.8571428571427,4.679821841348594,-20185.438625,Run-level descriptive proxy; replication-level expected cost/CVaR is computed in study_summary.json.,5532,3,0,0,True,7,/workspace/MasterDissertation/results/freshretailnet/gate_transfer/agents/llm_recovery/B10__derived_field_collapse__seed29__origin0,
llm_recovery,B10,feed_gap,0,0,21861.386,3123.0551428571425,6093.8835,0.6075975081256771,0.0,0.4428571428571428,1,3,0.3333333333333333,0,0,1,4,0.48,19.33294004118268,1166.857142857143,7.68988736532811,-22578.77435,Run-level descriptive proxy; replication-level expected cost/CVaR is computed in study_summary.json.,4139,3,0,0,True,7,/workspace/MasterDissertation/results/freshretailnet/gate_transfer/agents/llm_recovery/B10__feed_gap__seed0__origin0,
llm_recovery,B10,feed_gap,1,0,19508.5895,2786.941357142857,5866.392500000001,0.7143824485373781,0.0,0.3333333333333333,1,4,0.25,0,0,1,3,0.48,19.27172744818086,1846.571428571429,5.713291041312083,-20201.22875,Run-level descriptive proxy; replication-level expected cost/CVaR is computed in study_summary.json.,4293,3,0,0,True,7,/workspace/MasterDissertation/results/freshretailnet/gate_transfer/agents/llm_recovery/B10__feed_gap__seed1__origin0,
llm_recovery,B10,feed_gap,2,0,21817.3585,3116.7655000000004,7188.630999999999,0.610170639219935,0.0,0.4047619047619047,2,3,0.6666666666666666,0,0,2,4,0.48,19.3200180801986,1585.428571428571,5.683636691295729,-22744.2216,Run-level descriptive proxy; replication-level expected cost/CVaR is computed in study_summary.json.,4150,3,0,0,True,7,/workspace/MasterDissertation/results/freshretailnet/gate_transfer/agents/llm_recovery/B10__feed_gap__seed2__origin0,
llm_recovery,B10,feed_gap,3,0,18446.61375,2635.230535714286,5477.78175,0.7429577464788732,0.0,0.3238095238095238,1,4,0.25,0,0,1,3,0.5028571428571428,19.11984624656512,2019.2857142857144,5.433604527767952,-19100.391925,Run-level descriptive proxy; replication-level expected cost/CVaR is computed in study_summary.json.,4257,3,0,0,True,7,/workspace/MasterDissertation/results/freshretailnet/gate_transfer/agents/llm_recovery/B10__feed_gap__seed3__origin0,
llm_recovery,B10,feed_gap,4,0,22948.7305,3278.390071428571,6750.08575,0.5916170097508126,0.0,0.4476190476190476,1,3,0.3333333333333333,0,0,1,4,0.48,19.208706117851325,1747.7142857142858,4.9991008664377965,-23731.739075,Run-level descriptive proxy; replication-level expected cost/CVaR is computed in study_summary.json.,4377,3,0,0,True,7,/workspace/MasterDissertation/results/freshretailnet/gate_transfer/agents/llm_recovery/B10__feed_gap__seed4__origin0,
llm_recovery,B10,feed_gap,5,0,19636.85975,2805.2656785714285,6161.775499999999,0.7143147345612134,0.0,0.3476190476190476,2,4,0.5,0,0,2,3,0.48,18.726606949396967,2083.285714285714,5.063635740245491,-20459.0373,Run-level descriptive proxy; replication-level expected cost/CVaR is computed in study_summary.json.,4255,3,0,0,True,7,/workspace/MasterDissertation/results/freshretailnet/gate_transfer/agents/llm_recovery/B10__feed_gap__seed5__origin0,
llm_recovery,B10,feed_gap,6,0,21389.59875,3055.6569642857144,7027.6295,0.6333288190682557,0.0,0.3952380952380952,0,3,0.0,0,0,0,4,0.48,19.363033527288906,1873.571428571429,4.992070148684712,-22100.3617,Run-level descriptive proxy; replication-level expected cost/CVaR is computed in study_summary.json.,4153,3,0,0,True,7,/workspace/MasterDissertation/results/freshretailnet/gate_transfer/agents/llm_recovery/B10__feed_gap__seed6__origin0,
llm_recovery,B10,feed_gap,7,0,21836.73225,3119.533178571429,7073.593,0.6172128927410617,0.0,0.4095238095238095,2,3,0.6666666666666666,0,0,2,4,0.48,19.15000825088428,1587.571428571429,5.741473949428597,-22752.09155,Run-level descriptive proxy; replication-level expected cost/CVaR is computed in study_summary.json.,4337,3,0,0,True,7,/workspace/MasterDissertation/results/freshretailnet/gate_transfer/agents/llm_recovery/B10__feed_gap__seed7__origin0,
llm_recovery,B10,feed_gap,8,0,24169.14475,3452.7349642857143,6956.78125,0.5518689057421452,0.0,0.4809523809523809,1,3,0.3333333333333333,0,0,1,4,0.48,19.281393538481407,1480.428571428571,5.505162597703368,-24972.822875,Run-level descriptive proxy; replication-level expected cost/CVaR is computed in study_summary.json.,4300,3,0,0,True,7,/workspace/MasterDissertation/results/freshretailnet/gate_transfer/agents/llm_recovery/B10__feed_gap__seed8__origin0,
llm_recovery,B10,feed_gap,9,0,19513.48175,2787.64025,4846.0985,0.7135021668472372,0.0,0.3666666666666666,0,4,0.0,0,0,0,3,0.48,19.16926043378127,1788.428571428571,5.891764517932742,-20004.0916,Run-level descriptive proxy; replication-level expected cost/CVaR is computed in study_summary.json.,4101,3,0,0,True,7,/workspace/MasterDissertation/results/freshretailnet/gate_transfer/agents/llm_recovery/B10__feed_gap__seed9__origin0,
llm_recovery,B10,feed_gap,10,0,18456.984,2636.712,4781.31125,0.741332611050921,0.0,0.3095238095238095,1,4,0.25,0,0,1,3,0.48,19.29103631106551,2056.0,5.324902723735408,-19041.115125,Run-level descriptive proxy; replication-level expected cost/CVaR is computed in study_summary.json.,4177,3,0,0,True,7,/workspace/MasterDissertation/results/freshretailnet/gate_transfer/agents/llm_recovery/B10__feed_gap__seed10__origin0,
llm_recovery,B10,feed_gap,11,0,21878.601,3125.514428571429,6146.700000000001,0.6222237269772481,0.0,0.4238095238095238,1,3,0.3333333333333333,0,0,1,4,0.48,19.337231577210336,1769.7142857142858,5.192363577655796,-22601.271,Run-level descriptive proxy; replication-level expected cost/CVaR is computed in study_summary.json.,4006,3,0,0,True,7,/workspace/MasterDissertation/results/freshretailnet/gate_transfer/agents/llm_recovery/B10__feed_gap__seed11__origin0,
llm_recovery,B10,feed_gap,12,0,20053.73025,2864.818607142857,6140.199,0.7126895991332611,0.0,0.3476190476190476,1,4,0.25,0,0,1,3,0.48,19.29103631106551,1933.857142857143,5.442490950727636,-20773.75015,Run-level descriptive proxy; replication-level expected cost/CVaR is computed in study_summary.json.,4319,3,0,0,True,7,/workspace/MasterDissertation/results/freshretailnet/gate_transfer/agents/llm_recovery/B10__feed_gap__seed12__origin0,
llm_recovery,B10,feed_gap,13,0,21296.2995,3042.3285,7194.45,0.625406283856988,0.0,0.3952380952380952,1,3,0.3333333333333333,0,0,1,4,0.48,19.238437999985653,1715.142857142857,5.384974179576878,-22123.7445,Run-level descriptive proxy; replication-level expected cost/CVaR is computed in study_summary.json.,4111,3,0,0,True,7,/workspace/MasterDissertation/results/freshretailnet/gate_transfer/agents/llm_recovery/B10__feed_gap__seed13__origin0,
llm_recovery,B10,feed_gap,14,0,19948.3255,2849.7607857142857,5520.767,0.7028710725893824,0.0,0.3571428571428571,1,4,0.25,0,0,1,3,0.48,19.17286499400914,1727.7142857142858,6.007937820406813,-20606.4022,Run-level descriptive proxy; replication-level expected cost/CVaR is computed in study_summary.json.,4185,3,0,0,True,7,/workspace/MasterDissertation/results/freshretailnet/gate_transfer/agents/llm_recovery/B10__feed_gap__seed14__origin0,
llm_recovery,B10,feed_gap,15,0,18208.345500000003,2601.1922142857147,5347.618750000001,0.7464788732394366,0.0,0.3,1,4,0.25,0,0,1,3,0.4571428571428572,19.005090795600484,2150.5714285714284,5.126079447322971,-18849.107375000003,Run-level descriptive proxy; replication-level expected cost/CVaR is computed in study_summary.json.,4172,3,0,0,True,7,/workspace/MasterDissertation/results/freshretailnet/gate_transfer/agents/llm_recovery/B10__feed_gap__seed15__origin0,
llm_recovery,B10,feed_gap,16,0,19070.9325,2724.4189285714283,5875.28325,0.7194609967497292,0.0,0.3238095238095238,1,4,0.25,0,0,1,3,0.48,19.281951011271424,1858.571428571429,5.716756341275941,-19764.460825,Run-level descriptive proxy; replication-level expected cost/CVaR is computed in study_summary.json.,4115,3,0,0,True,7,/workspace/MasterDissertation/results/freshretailnet/gate_transfer/agents/llm_recovery/B10__feed_gap__seed16__origin0,
llm_recovery,B10,feed_gap,17,0,18849.329250000003,2692.761321428572,5418.37625,0.7376083423618635,0.0,0.3238095238095238,2,4,0.5,0,0,2,3,0.4571428571428572,19.307148135658885,1764.142857142857,6.174670013766297,-19597.166875000003,Run-level descriptive proxy; replication-level expected cost/CVaR is computed in study_summary.json.,4185,3,0,0,True,7,/workspace/MasterDissertation/results/freshretailnet/gate_transfer/agents/llm_recovery/B10__feed_gap__seed17__origin0,
llm_recovery,B10,feed_gap,18,0,19112.8645,2730.4092142857144,5250.00475,0.7270449620801733,0.0,0.319047619047619,0,4,0.0,0,0,0,3,0.48,19.056485195043727,1889.428571428572,5.6826704975049145,-19643.864975,Run-level descriptive proxy; replication-level expected cost/CVaR is computed in study_summary.json.,4203,3,0,0,True,7,/workspace/MasterDissertation/results/freshretailnet/gate_transfer/agents/llm_recovery/B10__feed_gap__seed18__origin0,
llm_recovery,B10,feed_gap,19,0,20828.585000000003,2975.512142857144,7018.3730000000005,0.6288596966413867,0.0,0.419047619047619,0,3,0.0,0,0,0,4,0.48,19.350144211107843,1625.7142857142858,5.71256590509666,-21538.4223,Run-level descriptive proxy; replication-level expected cost/CVaR is computed in study_summary.json.,4205,3,0,0,True,7,/workspace/MasterDissertation/results/freshretailnet/gate_transfer/agents/llm_recovery/B10__feed_gap__seed19__origin0,
llm_recovery,B10,feed_gap,20,0,22487.93225,3212.56175,7192.437,0.5993364030335862,0.0,0.4428571428571428,0,3,0.0,0,0,0,4,0.48,19.268463685347147,1530.428571428571,5.783347335013535,-23215.17595,Run-level descriptive proxy; replication-level expected cost/CVaR is computed in study_summary.json.,4231,3,0,0,True,7,/workspace/MasterDissertation/results/freshretailnet/gate_transfer/agents/llm_recovery/B10__feed_gap__seed20__origin0,
llm_recovery,B10,feed_gap,21,0,23240.203,3320.029,6299.7567500000005,0.5801733477789816,0.0,0.4476190476190476,0,3,0.0,0,0,0,4,0.5028571428571429,19.25129754123649,1366.2857142857142,6.271016311166876,-23878.178675000003,Run-level descriptive proxy; replication-level expected cost/CVaR is computed in study_summary.json.,4119,3,0,0,True,7,/workspace/MasterDissertation/results/freshretailnet/gate_transfer/agents/llm_recovery/B10__feed_gap__seed21__origin0,
llm_recovery,B10,feed_gap,22,0,17352.52625,2478.9323214285714,5332.97225,0.7741738894907909,0.0,0.2619047619047619,1,4,0.25,0,0,1,3,0.4571428571428572,19.365188443022262,2169.285714285714,5.2703984194929205,-17991.823474999997,Run-level descriptive proxy; replication-level expected cost/CVaR is computed in study_summary.json.,4401,3,0,0,True,7,/workspace/MasterDissertation/results/freshretailnet/gate_transfer/agents/llm_recovery/B10__feed_gap__seed22__origin0,
llm_recovery,B10,feed_gap,23,0,22419.66075,3202.808678571429,6687.237249999999,0.5925650054171181,0.0,0.4380952380952381,1,3,0.3333333333333333,0,0,1,4,0.48,19.32864814642091,1453.0,6.022711631108052,-23196.384475,Run-level descriptive proxy; replication-level expected cost/CVaR is computed in study_summary.json.,3997,3,0,0,True,7,/workspace/MasterDissertation/results/freshretailnet/gate_transfer/agents/llm_recovery/B10__feed_gap__seed23__origin0,
llm_recovery,B10,feed_gap,24,0,21077.94675,3011.13525,7176.3,0.6305525460455038,0.0,0.4238095238095238,0,3,0.0,0,0,0,4,0.48,19.37164135199707,1648.428571428571,5.649016379235636,-21803.57675,Run-level descriptive proxy; replication-level expected cost/CVaR is computed in study_summary.json.,4381,3,0,0,True,7,/workspace/MasterDissertation/results/freshretailnet/gate_transfer/agents/llm_recovery/B10__feed_gap__seed24__origin0,
llm_recovery,B10,feed_gap,25,0,21840.651,3120.0930000000003,6535.769999999999,0.6038732394366197,0.0,0.4047619047619047,1,3,0.3333333333333333,0,0,1,4,0.48,19.29853959348252,1369.7142857142858,6.510846891948268,-22602.228000000003,Run-level descriptive proxy; replication-level expected cost/CVaR is computed in study_summary.json.,4217,3,0,0,True,7,/workspace/MasterDissertation/results/freshretailnet/gate_transfer/agents/llm_recovery/B10__feed_gap__seed25__origin0,
llm_recovery,B10,feed_gap,26,0,22321.24375,3188.749107142857,7045.911499999999,0.6096289274106176,0.0,0.4142857142857143,1,3,0.3333333333333333,0,0,1,4,0.48,19.320058258417696,1653.571428571429,5.4445788336933045,-23133.8349,Run-level descriptive proxy; replication-level expected cost/CVaR is computed in study_summary.json.,4049,3,0,0,True,7,/workspace/MasterDissertation/results/freshretailnet/gate_transfer/agents/llm_recovery/B10__feed_gap__seed26__origin0,
llm_recovery,B10,feed_gap,27,0,17106.277500000004,2443.753928571429,5519.5157500000005,0.7754604550379198,0.0,0.2666666666666666,1,4,0.25,0,0,1,3,0.48,19.158937860079348,1895.7142857142856,6.040994724943482,-17764.229075000003,Run-level descriptive proxy; replication-level expected cost/CVaR is computed in study_summary.json.,4292,3,0,0,True,7,/workspace/MasterDissertation/results/freshretailnet/gate_transfer/agents/llm_recovery/B10__feed_gap__seed27__origin0,
llm_recovery,B10,feed_gap,28,0,19962.2075,2851.743928571429,5730.23175,0.7049702058504875,0.0,0.3619047619047619,1,4,0.25,0,0,1,3,0.48,19.361960194864363,1930.0,5.394300518134715,-20641.230675,Run-level descriptive proxy; replication-level expected cost/CVaR is computed in study_summary.json.,4247,3,0,0,True,7,/workspace/MasterDissertation/results/freshretailnet/gate_transfer/agents/llm_recovery/B10__feed_gap__seed28__origin0,
llm_recovery,B10,feed_gap,29,0,18379.651250000003,2625.6644642857145,5103.65525,0.7506094257854822,0.0,0.2857142857142857,2,4,0.5,0,0,2,3,0.48,19.30390338573243,2155.0,5.143851508120649,-19096.016775000004,Run-level descriptive proxy; replication-level expected cost/CVaR is computed in study_summary.json.,4267,3,0,0,True,7,/workspace/MasterDissertation/results/freshretailnet/gate_transfer/agents/llm_recovery/B10__feed_gap__seed29__origin0,
llm_recovery,B10,capacity_cut,0,0,17535.968500000003,2505.1383571428573,3388.6755000000003,0.7155335861321777,0.0,0.3666666666666666,6,6,1.0,0,0,6,1,0.7999999999999999,5.803198114493576,1339.7142857142858,7.887502665813606,-18476.83605,Run-level descriptive proxy; replication-level expected cost/CVaR is computed in study_summary.json.,3778,5,0,0,True,7,/workspace/MasterDissertation/results/freshretailnet/gate_transfer/agents/llm_recovery/B10__capacity_cut__seed0__origin0,
llm_recovery,B10,capacity_cut,1,0,15659.496750000002,2237.0709642857146,2891.668,0.8124322860238353,0.0,0.2428571428571428,3,7,0.4285714285714285,0,0,3,0,0.7999999999999999,5.814124796418398,2134.1428571428573,5.621929178659883,-16248.663550000005,Run-level descriptive proxy; replication-level expected cost/CVaR is computed in study_summary.json.,0,0,0,0,True,7,/workspace/MasterDissertation/results/freshretailnet/gate_transfer/agents/llm_recovery/B10__capacity_cut__seed1__origin0,
llm_recovery,B10,capacity_cut,2,0,17016.80975,2430.9728214285715,3810.14325,0.7300243770314193,0.0,0.3619047619047619,5,6,0.8333333333333334,0,0,5,1,0.7999999999999999,5.802774090788426,1711.857142857143,6.297838604689978,-17899.824075,Run-level descriptive proxy; replication-level expected cost/CVaR is computed in study_summary.json.,0,0,0,0,True,7,/workspace/MasterDissertation/results/freshretailnet/gate_transfer/agents/llm_recovery/B10__capacity_cut__seed2__origin0,
llm_recovery,B10,capacity_cut,3,0,16902.461,2414.6372857142856,3479.8325,0.7849404117009751,0.0,0.2857142857142857,2,7,0.2857142857142857,0,0,2,0,0.8228571428571428,5.569280522890822,2295.428571428572,5.050037341299477,-17450.44425,Run-level descriptive proxy; replication-level expected cost/CVaR is computed in study_summary.json.,0,0,0,0,True,7,/workspace/MasterDissertation/results/freshretailnet/gate_transfer/agents/llm_recovery/B10__capacity_cut__seed3__origin0,
llm_recovery,B10,capacity_cut,4,0,18585.84975,2655.1213928571424,3575.10075,0.7051056338028169,0.0,0.3619047619047619,5,6,0.8333333333333334,0,0,5,1,0.8228571428571428,5.711879838426163,1871.857142857143,5.562924521102038,-19445.359825,Run-level descriptive proxy; replication-level expected cost/CVaR is computed in study_summary.json.,0,0,0,0,True,7,/workspace/MasterDissertation/results/freshretailnet/gate_transfer/agents/llm_recovery/B10__capacity_cut__seed4__origin0,
llm_recovery,B10,capacity_cut,5,0,16677.98875,2382.569821428572,3542.4912500000005,0.7906960996749729,0.0,0.2904761904761905,7,7,1.0,0,0,7,0,0.7999999999999999,5.221447635583551,2347.8571428571427,4.973471250380286,-17732.237875,Run-level descriptive proxy; replication-level expected cost/CVaR is computed in study_summary.json.,0,0,0,0,True,7,/workspace/MasterDissertation/results/freshretailnet/gate_transfer/agents/llm_recovery/B10__capacity_cut__seed5__origin0,
llm_recovery,B10,capacity_cut,6,0,17467.251500000002,2495.321642857143,4112.3875,0.7318526543878656,0.0,0.3047619047619048,4,6,0.6666666666666666,0,0,4,1,0.7999999999999999,5.813471541623918,1997.428571428572,5.410956944643113,-18280.490250000003,Run-level descriptive proxy; replication-level expected cost/CVaR is computed in study_summary.json.,0,0,0,0,True,7,/workspace/MasterDissertation/results/freshretailnet/gate_transfer/agents/llm_recovery/B10__capacity_cut__seed6__origin0,
llm_recovery,B10,capacity_cut,7,0,18304.5825,2614.940357142857,4047.34175,0.7046993499458288,0.0,0.3523809523809524,6,6,1.0,0,0,6,1,0.7999999999999999,5.790300188694136,1715.7142857142858,6.065695253955037,-19311.316675,Run-level descriptive proxy; replication-level expected cost/CVaR is computed in study_summary.json.,0,0,0,0,True,7,/workspace/MasterDissertation/results/freshretailnet/gate_transfer/agents/llm_recovery/B10__capacity_cut__seed7__origin0,
llm_recovery,B10,capacity_cut,8,0,19350.501,2764.357285714286,4182.00375,0.672670639219935,0.0,0.3904761904761905,6,6,1.0,0,0,6,1,0.7999999999999999,5.797361510701037,1598.2857142857142,6.215409367179121,-20370.701375,Run-level descriptive proxy; replication-level expected cost/CVaR is computed in study_summary.json.,0,0,0,0,True,7,/workspace/MasterDissertation/results/freshretailnet/gate_transfer/agents/llm_recovery/B10__capacity_cut__seed8__origin0,
llm_recovery,B10,capacity_cut,9,0,17744.3425,2534.906071428571,2750.7305,0.7647616468039004,0.0,0.3047619047619048,3,7,0.4285714285714285,0,0,3,0,0.7999999999999999,5.678224122715761,2070.0,5.456038647342996,-18319.41555,Run-level descriptive proxy; replication-level expected cost/CVaR is computed in study_summary.json.,0,0,0,0,True,7,/workspace/MasterDissertation/results/freshretailnet/gate_transfer/agents/llm_recovery/B10__capacity_cut__seed9__origin0,
llm_recovery,B10,capacity_cut,10,0,15120.378500000004,2160.054071428572,2973.233,0.8271939328277357,0.0,0.238095238095238,4,7,0.5714285714285714,0,0,4,0,0.7999999999999999,5.822627153301429,2351.1428571428573,5.195771053590958,-15817.701800000004,Run-level descriptive proxy; replication-level expected cost/CVaR is computed in study_summary.json.,0,0,0,0,True,7,/workspace/MasterDissertation/results/freshretailnet/gate_transfer/agents/llm_recovery/B10__capacity_cut__seed10__origin0,
llm_recovery,B10,capacity_cut,11,0,18264.74875,2609.249821428572,3213.4620000000004,0.7117416034669556,0.0,0.3428571428571428,3,6,0.5,0,0,3,1,0.7999999999999999,5.81344643023698,2045.0,5.139853300733496,-18888.09495,Run-level descriptive proxy; replication-level expected cost/CVaR is computed in study_summary.json.,0,0,0,0,True,7,/workspace/MasterDissertation/results/freshretailnet/gate_transfer/agents/llm_recovery/B10__capacity_cut__seed11__origin0,
llm_recovery,B10,capacity_cut,12,0,17357.9325,2479.7046428571425,3341.744,0.7818932827735645,0.0,0.2761904761904762,5,7,0.7142857142857143,0,0,5,0,0.7999999999999999,5.787634435603641,2201.428571428572,5.245230369889682,-18192.1069,Run-level descriptive proxy; replication-level expected cost/CVaR is computed in study_summary.json.,0,0,0,0,True,7,/workspace/MasterDissertation/results/freshretailnet/gate_transfer/agents/llm_recovery/B10__capacity_cut__seed12__origin0,
llm_recovery,B10,capacity_cut,13,0,17781.85975,2540.2656785714285,4395.2085,0.7156013001083423,0.0,0.3428571428571428,5,6,0.8333333333333334,0,0,5,1,0.7999999999999999,5.781745815366735,1854.7142857142856,5.697912655010399,-18723.3806,Run-level descriptive proxy; replication-level expected cost/CVaR is computed in study_summary.json.,0,0,0,0,True,7,/workspace/MasterDissertation/results/freshretailnet/gate_transfer/agents/llm_recovery/B10__capacity_cut__seed13__origin0,
llm_recovery,B10,capacity_cut,14,0,15993.51175,2284.787392857143,3035.581,0.8011917659804983,0.0,0.2619047619047619,4,7,0.5714285714285714,0,0,4,0,0.7999999999999999,5.804449020297176,1965.571428571429,6.019623519151101,-16697.06985,Run-level descriptive proxy; replication-level expected cost/CVaR is computed in study_summary.json.,0,0,0,0,True,7,/workspace/MasterDissertation/results/freshretailnet/gate_transfer/agents/llm_recovery/B10__capacity_cut__seed14__origin0,
llm_recovery,B10,capacity_cut,15,0,14965.87525,2137.9821785714284,2883.80575,0.8309182015167931,0.0,0.219047619047619,6,7,0.8571428571428571,0,0,6,0,0.7999999999999999,5.539880469798175,2399.5714285714284,5.113829850568554,-15854.255824999998,Run-level descriptive proxy; replication-level expected cost/CVaR is computed in study_summary.json.,0,0,0,0,True,7,/workspace/MasterDissertation/results/freshretailnet/gate_transfer/agents/llm_recovery/B10__capacity_cut__seed15__origin0,
llm_recovery,B10,capacity_cut,16,0,15954.68175,2279.24025,3456.28425,0.7988894907908992,0.0,0.2571428571428571,2,7,0.2857142857142857,0,0,2,0,0.7999999999999999,5.87399141908035,2102.714285714286,5.610843127929886,-16500.310175,Run-level descriptive proxy; replication-level expected cost/CVaR is computed in study_summary.json.,0,0,0,0,True,7,/workspace/MasterDissertation/results/freshretailnet/gate_transfer/agents/llm_recovery/B10__capacity_cut__seed16__origin0,
llm_recovery,B10,capacity_cut,17,0,15269.703500000003,2181.3862142857147,2720.8050000000003,0.8276679306608884,0.0,0.2476190476190476,5,7,0.7142857142857143,0,0,5,0,0.7999999999999999,5.801192073411347,2051.1428571428573,5.959116868644657,-16041.784000000003,Run-level descriptive proxy; replication-level expected cost/CVaR is computed in study_summary.json.,0,0,0,0,True,7,/workspace/MasterDissertation/results/freshretailnet/gate_transfer/agents/llm_recovery/B10__capacity_cut__seed17__origin0,
llm_recovery,B10,capacity_cut,18,0,17431.70875,2490.244107142857,3136.26675,0.7688921993499458,0.0,0.2857142857142857,3,7,0.4285714285714285,0,0,3,0,0.7999999999999999,5.860470372150754,2113.5714285714284,5.37242311591754,-18045.335425,Run-level descriptive proxy; replication-level expected cost/CVaR is computed in study_summary.json.,0,0,0,0,True,7,/workspace/MasterDissertation/results/freshretailnet/gate_transfer/agents/llm_recovery/B10__capacity_cut__seed18__origin0,
llm_recovery,B10,capacity_cut,19,0,15850.17725,2264.311035714285,3853.62075,0.7525731310942578,0.0,0.3142857142857143,5,6,0.8333333333333334,0,0,5,1,0.7999999999999999,5.814772311467293,1824.7142857142856,6.090816566194316,-16737.539324999998,Run-level descriptive proxy; replication-level expected cost/CVaR is computed in study_summary.json.,0,0,0,0,True,7,/workspace/MasterDissertation/results/freshretailnet/gate_transfer/agents/llm_recovery/B10__capacity_cut__seed19__origin0,
llm_recovery,B10,capacity_cut,20,0,18180.81875,2597.259821428572,4018.53,0.7044962080173348,0.0,0.3761904761904762,5,6,0.8333333333333334,0,0,5,1,0.7999999999999999,5.786391421950224,1667.857142857143,6.237944325481799,-19084.67175,Run-level descriptive proxy; replication-level expected cost/CVaR is computed in study_summary.json.,0,0,0,0,True,7,/workspace/MasterDissertation/results/freshretailnet/gate_transfer/agents/llm_recovery/B10__capacity_cut__seed20__origin0,
llm_recovery,B10,capacity_cut,21,0,19139.642,2734.234571428572,3722.73725,0.6798483206933911,0.0,0.3809523809523809,4,6,0.6666666666666666,0,0,4,1,0.7999999999999999,5.781582232617541,1528.0,6.570680628272251,-19913.915725,Run-level descriptive proxy; replication-level expected cost/CVaR is computed in study_summary.json.,0,0,0,0,True,7,/workspace/MasterDissertation/results/freshretailnet/gate_transfer/agents/llm_recovery/B10__capacity_cut__seed21__origin0,
llm_recovery,B10,capacity_cut,22,0,15089.784,2155.6834285714285,2859.62775,0.8307827735644637,0.0,0.2047619047619047,5,7,0.7142857142857143,0,0,5,0,0.7999999999999999,5.946251946132486,2398.8571428571427,5.114518818484993,-15875.746775,Run-level descriptive proxy; replication-level expected cost/CVaR is computed in study_summary.json.,0,0,0,0,True,7,/workspace/MasterDissertation/results/freshretailnet/gate_transfer/agents/llm_recovery/B10__capacity_cut__seed22__origin0,
llm_recovery,B10,capacity_cut,23,0,16902.04675,2414.5781071428573,3758.908,0.726909534127844,0.0,0.3476190476190476,4,6,0.6666666666666666,0,0,4,1,0.7999999999999999,5.799878747874501,1619.857142857143,6.627127612664256,-17679.937550000002,Run-level descriptive proxy; replication-level expected cost/CVaR is computed in study_summary.json.,0,0,0,0,True,7,/workspace/MasterDissertation/results/freshretailnet/gate_transfer/agents/llm_recovery/B10__capacity_cut__seed23__origin0,
llm_recovery,B10,capacity_cut,24,0,17145.067000000003,2449.295285714286,3673.5837500000007,0.7300243770314193,0.0,0.3380952380952381,4,6,0.6666666666666666,0,0,4,1,0.7999999999999999,5.813245539141477,1828.0,5.897702407002188,-17914.425375000003,Run-level descriptive proxy; replication-level expected cost/CVaR is computed in study_summary.json.,0,0,0,0,True,7,/workspace/MasterDissertation/results/freshretailnet/gate_transfer/agents/llm_recovery/B10__capacity_cut__seed24__origin0,
llm_recovery,B10,capacity_cut,25,0,17727.5115,2532.501642857143,3957.59275,0.7077464788732394,0.0,0.3047619047619048,4,6,0.6666666666666666,0,0,4,1,0.7999999999999999,5.78432116746425,1551.7142857142858,6.735776100165715,-18525.270775,Run-level descriptive proxy; replication-level expected cost/CVaR is computed in study_summary.json.,0,0,0,0,True,7,/workspace/MasterDissertation/results/freshretailnet/gate_transfer/agents/llm_recovery/B10__capacity_cut__seed25__origin0,
llm_recovery,B10,capacity_cut,26,0,17456.796,2493.828,3622.7775,0.7288055254604551,0.0,0.319047619047619,5,6,0.8333333333333334,0,0,5,1,0.7999999999999999,5.814142374389255,1806.857142857143,5.956752055660974,-18321.07375,Run-level descriptive proxy; replication-level expected cost/CVaR is computed in study_summary.json.,0,0,0,0,True,7,/workspace/MasterDissertation/results/freshretailnet/gate_transfer/agents/llm_recovery/B10__capacity_cut__seed26__origin0,
llm_recovery,B10,capacity_cut,27,0,14905.1305,2129.304357142857,2893.88725,0.8301733477789816,0.0,0.2285714285714285,4,7,0.5714285714285714,0,0,4,0,0.7999999999999999,5.635503555054922,2147.714285714286,5.708394306239191,-15594.519225,Run-level descriptive proxy; replication-level expected cost/CVaR is computed in study_summary.json.,0,0,0,0,True,7,/workspace/MasterDissertation/results/freshretailnet/gate_transfer/agents/llm_recovery/B10__capacity_cut__seed27__origin0,
llm_recovery,B10,capacity_cut,28,0,16292.9565,2327.5652142857143,3016.1770000000006,0.8005146262188516,0.0,0.2952380952380952,5,7,0.7142857142857143,0,0,5,0,0.7999999999999999,5.813433874543511,2274.5714285714284,5.197462630322824,-17094.5742,Run-level descriptive proxy; replication-level expected cost/CVaR is computed in study_summary.json.,0,0,0,0,True,7,/workspace/MasterDissertation/results/freshretailnet/gate_transfer/agents/llm_recovery/B10__capacity_cut__seed28__origin0,
llm_recovery,B10,capacity_cut,29,0,16199.574750000003,2314.2249642857146,2905.98725,0.8059994582881906,0.0,0.2428571428571428,6,7,0.8571428571428571,0,0,6,0,0.7999999999999999,5.808933914004262,2400.428571428572,4.958697851574123,-17090.173475000003,Run-level descriptive proxy; replication-level expected cost/CVaR is computed in study_summary.json.,0,0,0,0,True,7,/workspace/MasterDissertation/results/freshretailnet/gate_transfer/agents/llm_recovery/B10__capacity_cut__seed29__origin0,
