policy,scenario,seed,origin,cost,mean_daily_cost,daily_cost_cvar,fill_rate,cycle_service_level,stockout_rate,harmful_executions,executed_actions,harmful_execution_rate,hard_violations,violation_executions,reference_deviations,held_decisions,mean_quality,bullwhip,mean_inventory,inventory_turns_window,safety_adjusted_utility,utility_note,tokens,llm_calls,llm_errors,fallback_decisions,chain_valid,trace_count,path,forecast_override
B1,normal,1,0,16579.45125,2368.4930357142853,3228.0727500000003,0.8102654387865655,0.0,0.2761904761904762,7,7,1.0,6,6,1,0,0.7999999999999999,3.437034273455829,1869.2857142857144,6.401375620940008,-17602.258524999997,Run-level descriptive proxy; replication-level expected cost/CVaR is computed in study_summary.json.,0,0,0,0,True,7,/workspace/MasterDissertation/results/freshretailnet/numerical/B1__normal__seed1__origin0,
B1,normal,0,0,17735.329250000003,2533.6184642857147,3033.75425,0.7879875406283857,0.0,0.2761904761904762,7,7,1.0,7,7,0,0,0.7999999999999999,3.7165849948701024,1964.142857142857,5.9247217979489415,-18738.704675,Run-level descriptive proxy; replication-level expected cost/CVaR is computed in study_summary.json.,0,0,0,0,True,7,/workspace/MasterDissertation/results/freshretailnet/numerical/B1__normal__seed0__origin0,
B1,normal,2,0,17420.0225,2488.574642857143,3217.5595,0.7904252437703142,0.0,0.2857142857142857,7,7,1.0,7,7,0,0,0.7999999999999999,1.3470845679765246,2047.142857142857,5.702093510118632,-18441.77845,Run-level descriptive proxy; replication-level expected cost/CVaR is computed in study_summary.json.,0,0,0,0,True,7,/workspace/MasterDissertation/results/freshretailnet/numerical/B1__normal__seed2__origin0,
B1,normal,3,0,18125.0145,2589.2877857142853,3278.32075,0.7793201516793066,0.0,0.3,7,7,1.0,6,6,1,0,0.8228571428571428,2.332280329174409,2089.428571428572,5.50820456720908,-19152.846575,Run-level descriptive proxy; replication-level expected cost/CVaR is computed in study_summary.json.,0,0,0,0,True,7,/workspace/MasterDissertation/results/freshretailnet/numerical/B1__normal__seed3__origin0,
B1,normal,4,0,19701.91525,2814.559321428572,3548.71225,0.7499322860238353,0.0,0.3095238095238095,7,7,1.0,7,7,0,0,0.8228571428571428,1.2125180263884805,2216.714285714286,4.99613327318425,-20756.786475,Run-level descriptive proxy; replication-level expected cost/CVaR is computed in study_summary.json.,0,0,0,0,True,7,/workspace/MasterDissertation/results/freshretailnet/numerical/B1__normal__seed4__origin0,
B1,normal,5,0,17780.51175,2540.073107142857,3205.0415000000007,0.7791847237269772,0.0,0.2904761904761905,7,7,1.0,7,7,0,0,0.7999999999999999,1.3134837385832874,2079.8571428571427,5.532591524143142,-18801.0159,Run-level descriptive proxy; replication-level expected cost/CVaR is computed in study_summary.json.,0,0,0,0,True,7,/workspace/MasterDissertation/results/freshretailnet/numerical/B1__normal__seed5__origin0,
B1,normal,6,0,19138.1255,2734.017928571429,4064.64875,0.7520314192849404,0.0,0.319047619047619,7,7,1.0,7,7,0,0,0.7999999999999999,1.5181716757904706,2213.428571428572,5.017555182651349,-20244.590375000003,Run-level descriptive proxy; replication-level expected cost/CVaR is computed in study_summary.json.,0,0,0,0,True,7,/workspace/MasterDissertation/results/freshretailnet/numerical/B1__normal__seed6__origin0,
B1,normal,7,0,18583.14125,2654.7344642857142,3642.31075,0.7727518959913326,0.0,0.2904761904761905,7,7,1.0,7,7,0,0,0.7999999999999999,1.4205655084338389,2143.5714285714284,5.323825391536155,-19647.372325,Run-level descriptive proxy; replication-level expected cost/CVaR is computed in study_summary.json.,0,0,0,0,True,7,/workspace/MasterDissertation/results/freshretailnet/numerical/B1__normal__seed7__origin0,
B1,normal,8,0,17731.543250000002,2533.0776071428577,3830.55225,0.7818255687973997,0.0,0.2904761904761905,7,7,1.0,7,7,0,0,0.7999999999999999,1.949583868445031,1968.7142857142856,5.864741310499964,-18814.598475000003,Run-level descriptive proxy; replication-level expected cost/CVaR is computed in study_summary.json.,0,0,0,0,True,7,/workspace/MasterDissertation/results/freshretailnet/numerical/B1__normal__seed8__origin0,
B1,normal,9,0,20937.61475,2991.087821428572,4015.8865,0.7062567713976164,0.0,0.3571428571428571,7,7,1.0,7,7,0,0,0.7999999999999999,6.722800421871301,1931.857142857143,5.398949937144125,-22039.2034,Run-level descriptive proxy; replication-level expected cost/CVaR is computed in study_summary.json.,0,0,0,0,True,7,/workspace/MasterDissertation/results/freshretailnet/numerical/B1__normal__seed9__origin0,
B1,normal,10,0,16176.249000000002,2310.892714285714,2895.82875,0.8198808234019501,0.0,0.2333333333333333,7,7,1.0,7,7,0,0,0.7999999999999999,0.955339757065268,2173.1428571428573,5.5716539574020505,-17165.831875,Run-level descriptive proxy; replication-level expected cost/CVaR is computed in study_summary.json.,0,0,0,0,True,7,/workspace/MasterDissertation/results/freshretailnet/numerical/B1__normal__seed10__origin0,
B1,normal,11,0,19119.515000000003,2731.359285714286,3684.69575,0.7577871072589383,0.0,0.3142857142857143,7,7,1.0,7,7,0,0,0.7999999999999999,0.5859408519217386,2431.428571428572,4.602643948296122,-20187.984575,Run-level descriptive proxy; replication-level expected cost/CVaR is computed in study_summary.json.,0,0,0,0,True,7,/workspace/MasterDissertation/results/freshretailnet/numerical/B1__normal__seed11__origin0,
B1,normal,13,0,18242.236000000004,2606.0337142857147,3345.3457500000004,0.7722778981581798,0.0,0.2952380952380952,7,7,1.0,7,7,0,0,0.7999999999999999,1.351840664662539,2166.8571428571427,5.263383438818566,-19276.77057500001,Run-level descriptive proxy; replication-level expected cost/CVaR is computed in study_summary.json.,0,0,0,0,True,7,/workspace/MasterDissertation/results/freshretailnet/numerical/B1__normal__seed13__origin0,
B1,normal,12,0,19894.7845,2842.112071428572,4071.6840000000007,0.738150054171181,0.0,0.3,7,7,1.0,7,7,0,0,0.7999999999999999,2.408397965260189,2083.714285714286,5.231523378582202,-21001.9529,Run-level descriptive proxy; replication-level expected cost/CVaR is computed in study_summary.json.,0,0,0,0,True,7,/workspace/MasterDissertation/results/freshretailnet/numerical/B1__normal__seed12__origin0,
B1,normal,15,0,18838.073000000004,2691.153285714286,3877.40825,0.7621208017334777,0.0,0.2666666666666666,7,7,1.0,8,7,0,0,0.7999999999999999,1.6499605392490977,2103.428571428572,5.350787829394186,-19925.813825000005,Run-level descriptive proxy; replication-level expected cost/CVaR is computed in study_summary.json.,0,0,0,0,True,7,/workspace/MasterDissertation/results/freshretailnet/numerical/B1__normal__seed15__origin0,
B1,normal,14,0,19224.606750000003,2746.372392857143,3434.35775,0.7676733477789816,0.0,0.3,7,7,1.0,7,7,0,0,0.7999999999999999,2.328548777075456,2088.428571428572,5.428483480402216,-20268.042525000004,Run-level descriptive proxy; replication-level expected cost/CVaR is computed in study_summary.json.,0,0,0,0,True,7,/workspace/MasterDissertation/results/freshretailnet/numerical/B1__normal__seed14__origin0,
B1,normal,16,0,18331.092,2618.727428571429,4265.6065,0.7674702058504875,0.0,0.2666666666666666,7,7,1.0,7,7,0,0,0.7999999999999999,2.5390069522668406,2013.7142857142856,5.628405221339387,-19457.65265,Run-level descriptive proxy; replication-level expected cost/CVaR is computed in study_summary.json.,0,0,0,0,True,7,/workspace/MasterDissertation/results/freshretailnet/numerical/B1__normal__seed16__origin0,
B1,normal,17,0,17990.827,2570.118142857143,3113.65275,0.7861592632719393,0.0,0.3142857142857143,7,7,1.0,7,7,0,0,0.7999999999999999,5.99788920856083,2068.0,5.614119922630561,-19002.192275,Run-level descriptive proxy; replication-level expected cost/CVaR is computed in study_summary.json.,0,0,0,0,True,7,/workspace/MasterDissertation/results/freshretailnet/numerical/B1__normal__seed17__origin0,
B1,normal,18,0,18288.6505,2612.664357142857,3332.87375,0.7743770314192849,0.0,0.3095238095238095,7,7,1.0,7,7,0,0,0.7999999999999999,0.8840029703183407,1856.2857142857144,6.160689549022626,-19321.937875,Run-level descriptive proxy; replication-level expected cost/CVaR is computed in study_summary.json.,0,0,0,0,True,7,/workspace/MasterDissertation/results/freshretailnet/numerical/B1__normal__seed18__origin0,
B1,normal,19,0,16198.00775,2314.001107142857,2876.42675,0.827532502708559,0.0,0.2476190476190476,7,7,1.0,7,7,0,0,0.7999999999999999,3.0272038829378887,2201.0,5.552476147205816,-17185.650425,Run-level descriptive proxy; replication-level expected cost/CVaR is computed in study_summary.json.,0,0,0,0,True,7,/workspace/MasterDissertation/results/freshretailnet/numerical/B1__normal__seed19__origin0,
B1,normal,20,0,18173.94375,2596.277678571428,3241.98425,0.7852789815817984,0.0,0.2619047619047619,7,7,1.0,7,7,0,0,0.7999999999999999,7.101032436737241,2282.1428571428573,5.081627543035993,-19198.142175,Run-level descriptive proxy; replication-level expected cost/CVaR is computed in study_summary.json.,0,0,0,0,True,7,/workspace/MasterDissertation/results/freshretailnet/numerical/B1__normal__seed20__origin0,
B1,normal,21,0,18464.016,2637.716571428572,3240.4167500000003,0.768215059588299,0.0,0.2714285714285714,7,7,1.0,7,7,0,0,0.7999999999999999,1.6336600205195904,2144.0,5.291511194029851,-19488.057675,Run-level descriptive proxy; replication-level expected cost/CVaR is computed in study_summary.json.,0,0,0,0,True,7,/workspace/MasterDissertation/results/freshretailnet/numerical/B1__normal__seed21__origin0,
B1,normal,22,0,17714.83275,2530.6903928571437,4247.62275,0.7913732394366197,0.0,0.2523809523809524,7,7,1.0,7,7,0,0,0.7999999999999999,2.8767992308740915,2301.0,5.0790960451977405,-18839.595025,Run-level descriptive proxy; replication-level expected cost/CVaR is computed in study_summary.json.,0,0,0,0,True,7,/workspace/MasterDissertation/results/freshretailnet/numerical/B1__normal__seed22__origin0,
B1,normal,23,0,18081.225,2583.032142857143,3485.2995,0.7783721560130011,0.0,0.2952380952380952,7,7,1.0,7,7,0,0,0.7999999999999999,1.354445074222085,2100.0,5.473809523809524,-19129.75495,Run-level descriptive proxy; replication-level expected cost/CVaR is computed in study_summary.json.,0,0,0,0,True,7,/workspace/MasterDissertation/results/freshretailnet/numerical/B1__normal__seed23__origin0,
B1,normal,24,0,17709.26325,2529.89475,3699.53275,0.7839247020585048,0.0,0.2952380952380952,7,7,1.0,7,7,0,0,0.7999999999999999,2.378431829759146,2077.285714285714,5.573138023519703,-18779.216525,Run-level descriptive proxy; replication-level expected cost/CVaR is computed in study_summary.json.,0,0,0,0,True,7,/workspace/MasterDissertation/results/freshretailnet/numerical/B1__normal__seed24__origin0,
B1,normal,26,0,17002.835000000003,2428.976428571429,3139.53025,0.8164951245937161,0.0,0.238095238095238,7,7,1.0,7,7,0,0,0.7999999999999999,0.9218099570236552,2168.5714285714284,5.560342555994731,-18016.788025,Run-level descriptive proxy; replication-level expected cost/CVaR is computed in study_summary.json.,0,0,0,0,True,7,/workspace/MasterDissertation/results/freshretailnet/numerical/B1__normal__seed26__origin0,
B1,normal,25,0,18315.1585,2616.4512142857143,3217.996,0.7678087757313109,0.0,0.2666666666666666,7,7,1.0,8,7,0,0,0.7999999999999999,4.512425472990909,2099.714285714286,5.400258538576677,-19336.9581,Run-level descriptive proxy; replication-level expected cost/CVaR is computed in study_summary.json.,0,0,0,0,True,7,/workspace/MasterDissertation/results/freshretailnet/numerical/B1__normal__seed25__origin0,
B1,normal,27,0,18872.6825,2696.0975,4766.41175,0.7791170097508126,0.0,0.2952380952380952,7,7,1.0,7,7,0,0,0.7999999999999999,2.441418721615164,2030.0,5.667980295566503,-20049.323675,Run-level descriptive proxy; replication-level expected cost/CVaR is computed in study_summary.json.,0,0,0,0,True,7,/workspace/MasterDissertation/results/freshretailnet/numerical/B1__normal__seed27__origin0,
B1,normal,28,0,19199.945,2742.849285714285,3606.03825,0.7560942578548212,0.0,0.3380952380952381,7,7,1.0,7,7,0,0,0.8228571428571428,2.645102562078936,2294.285714285714,4.866874221668742,-20260.548825,Run-level descriptive proxy; replication-level expected cost/CVaR is computed in study_summary.json.,0,0,0,0,True,7,/workspace/MasterDissertation/results/freshretailnet/numerical/B1__normal__seed28__origin0,
B1,normal,29,0,19139.064,2734.1520000000005,4420.58475,0.7572453954496208,0.0,0.2809523809523809,7,7,1.0,7,7,0,0,0.7999999999999999,1.663808751677082,2233.1428571428573,5.007740532241555,-20281.122475000004,Run-level descriptive proxy; replication-level expected cost/CVaR is computed in study_summary.json.,0,0,0,0,True,7,/workspace/MasterDissertation/results/freshretailnet/numerical/B1__normal__seed29__origin0,
B1,derived_field_collapse,0,0,17611.79575,2515.9708214285715,3710.0845,0.808911159263272,0.0,0.238095238095238,7,7,1.0,9,7,0,0,0.4571428571428572,23.00589435998249,2307.285714285714,5.177512228344995,-18682.8042,Run-level descriptive proxy; replication-level expected cost/CVaR is computed in study_summary.json.,0,0,0,0,True,7,/workspace/MasterDissertation/results/freshretailnet/numerical/B1__derived_field_collapse__seed0__origin0,
B1,derived_field_collapse,1,0,17589.20925,2512.7441785714286,3633.42275,0.800853196099675,0.0,0.2666666666666666,7,7,1.0,7,6,1,0,0.4571428571428572,23.679959319553163,2369.8571428571427,4.990596178190367,-18652.551525,Run-level descriptive proxy; replication-level expected cost/CVaR is computed in study_summary.json.,0,0,0,0,True,7,/workspace/MasterDissertation/results/freshretailnet/numerical/B1__derived_field_collapse__seed1__origin0,
B1,derived_field_collapse,2,0,18685.2135,2669.3162142857145,3476.846,0.7840601300108342,0.0,0.2571428571428571,7,7,1.0,10,7,0,0,0.4571428571428572,29.501842817067136,2691.1428571428573,4.302632975899777,-19732.8981,Run-level descriptive proxy; replication-level expected cost/CVaR is computed in study_summary.json.,0,0,0,0,True,7,/workspace/MasterDissertation/results/freshretailnet/numerical/B1__derived_field_collapse__seed2__origin0,
B1,derived_field_collapse,3,0,17961.443,2565.9204285714286,3882.99075,0.800650054171181,0.0,0.2904761904761905,7,7,1.0,9,7,0,0,0.48,27.50866522216403,2440.5714285714284,4.84476703348162,-19049.742075,Run-level descriptive proxy; replication-level expected cost/CVaR is computed in study_summary.json.,0,0,0,0,True,7,/workspace/MasterDissertation/results/freshretailnet/numerical/B1__derived_field_collapse__seed3__origin0,
B1,derived_field_collapse,4,0,19659.98875,2808.569821428572,3743.79525,0.7654387865655471,0.0,0.2809523809523809,7,7,1.0,10,7,0,0,0.4571428571428572,44.34049605751225,2776.428571428572,4.071417545665037,-20734.368275,Run-level descriptive proxy; replication-level expected cost/CVaR is computed in study_summary.json.,0,0,0,0,True,7,/workspace/MasterDissertation/results/freshretailnet/numerical/B1__derived_field_collapse__seed4__origin0,
B1,derived_field_collapse,6,0,18918.969000000005,2702.709857142858,4308.36625,0.7656419284940412,0.0,0.2952380952380952,7,7,1.0,10,7,0,0,0.4571428571428572,47.7381348696719,2538.8571428571427,4.453578663065497,-20049.805625000005,Run-level descriptive proxy; replication-level expected cost/CVaR is computed in study_summary.json.,0,0,0,0,True,7,/workspace/MasterDissertation/results/freshretailnet/numerical/B1__derived_field_collapse__seed6__origin0,
B1,derived_field_collapse,5,0,17568.57675,2509.7966785714284,2903.207,0.8081663055254604,0.0,0.2904761904761905,7,7,1.0,8,7,0,0,0.4571428571428572,17.786128469855573,2482.714285714286,4.807238621324587,-18558.89745,Run-level descriptive proxy; replication-level expected cost/CVaR is computed in study_summary.json.,0,0,0,0,True,7,/workspace/MasterDissertation/results/freshretailnet/numerical/B1__derived_field_collapse__seed5__origin0,
B1,derived_field_collapse,7,0,18806.992500000004,2686.713214285715,3525.1855,0.786226977248104,0.0,0.2666666666666666,7,7,1.0,10,7,0,0,0.4571428571428572,28.93679141047073,2612.8571428571427,4.443794423182067,-19859.511050000005,Run-level descriptive proxy; replication-level expected cost/CVaR is computed in study_summary.json.,0,0,0,0,True,7,/workspace/MasterDissertation/results/freshretailnet/numerical/B1__derived_field_collapse__seed7__origin0,
B1,derived_field_collapse,8,0,19059.45975,2722.779964285714,4691.248,0.7585319609967497,0.0,0.319047619047619,7,7,1.0,9,7,0,0,0.4571428571428572,44.29161207929459,2283.285714285714,4.906087718200588,-20228.58455,Run-level descriptive proxy; replication-level expected cost/CVaR is computed in study_summary.json.,0,0,0,0,True,7,/workspace/MasterDissertation/results/freshretailnet/numerical/B1__derived_field_collapse__seed8__origin0,
B1,derived_field_collapse,9,0,21289.69375,3041.3848214285717,4831.463,0.7164815817984832,0.0,0.3333333333333333,7,7,1.0,8,7,0,0,0.4571428571428572,24.57632785426786,2282.1428571428573,4.636431924882629,-22472.84005,Run-level descriptive proxy; replication-level expected cost/CVaR is computed in study_summary.json.,0,0,0,0,True,7,/workspace/MasterDissertation/results/freshretailnet/numerical/B1__derived_field_collapse__seed9__origin0,
B1,derived_field_collapse,11,0,18275.85125,2610.835892857143,3557.4010000000007,0.789409534127844,0.0,0.2952380952380952,7,7,1.0,9,7,0,0,0.48,33.87940292296544,2726.428571428572,4.275923500130992,-19331.59135,Run-level descriptive proxy; replication-level expected cost/CVaR is computed in study_summary.json.,0,0,0,0,True,7,/workspace/MasterDissertation/results/freshretailnet/numerical/B1__derived_field_collapse__seed11__origin0,
B1,derived_field_collapse,10,0,17013.61575,2430.516535714286,3496.5332500000004,0.8131771397616468,0.0,0.2333333333333333,7,7,1.0,8,7,0,0,0.4571428571428572,29.237797659618742,2501.5714285714284,4.800582491005654,-18063.269075,Run-level descriptive proxy; replication-level expected cost/CVaR is computed in study_summary.json.,0,0,0,0,True,7,/workspace/MasterDissertation/results/freshretailnet/numerical/B1__derived_field_collapse__seed10__origin0,
B1,derived_field_collapse,12,0,19382.016,2768.8594285714285,3379.4575,0.7721424702058505,0.0,0.2809523809523809,7,7,1.0,9,7,0,0,0.4571428571428572,23.792117535640237,2458.285714285714,4.6385983263598325,-20419.96175,Run-level descriptive proxy; replication-level expected cost/CVaR is computed in study_summary.json.,0,0,0,0,True,7,/workspace/MasterDissertation/results/freshretailnet/numerical/B1__derived_field_collapse__seed12__origin0,
B1,derived_field_collapse,13,0,18608.672,2658.381714285714,3810.0215,0.7757313109425785,0.0,0.2857142857142857,7,7,1.0,9,7,0,0,0.4571428571428572,37.844537197138735,2419.428571428572,4.735002361832782,-19689.67415,Run-level descriptive proxy; replication-level expected cost/CVaR is computed in study_summary.json.,0,0,0,0,True,7,/workspace/MasterDissertation/results/freshretailnet/numerical/B1__derived_field_collapse__seed13__origin0,
B1,derived_field_collapse,14,0,19359.83525,2765.69075,3436.344,0.7899512459371615,0.0,0.2619047619047619,7,7,1.0,8,7,0,0,0.48,19.70295345783798,2668.1428571428573,4.3723296032553405,-20403.46965,Run-level descriptive proxy; replication-level expected cost/CVaR is computed in study_summary.json.,0,0,0,0,True,7,/workspace/MasterDissertation/results/freshretailnet/numerical/B1__derived_field_collapse__seed14__origin0,
B1,derived_field_collapse,15,0,18303.6875,2614.8125,4427.46875,0.7936078006500542,0.0,0.2476190476190476,7,7,1.0,12,7,0,0,0.4571428571428572,23.9778836840557,2678.5714285714284,4.375466666666667,-19446.434375,Run-level descriptive proxy; replication-level expected cost/CVaR is computed in study_summary.json.,0,0,0,0,True,7,/workspace/MasterDissertation/results/freshretailnet/numerical/B1__derived_field_collapse__seed15__origin0,
B1,derived_field_collapse,16,0,19139.488,2734.212571428571,5056.45975,0.7590736728060672,0.0,0.2761904761904762,7,7,1.0,9,7,0,0,0.4571428571428572,48.7025430660286,2249.1428571428573,4.984120934959349,-20345.133975,Run-level descriptive proxy; replication-level expected cost/CVaR is computed in study_summary.json.,0,0,0,0,True,7,/workspace/MasterDissertation/results/freshretailnet/numerical/B1__derived_field_collapse__seed16__origin0,
B1,derived_field_collapse,17,0,19185.71075,2740.815821428572,4064.2185,0.7724810400866738,0.0,0.3095238095238095,7,7,1.0,8,7,0,0,0.4571428571428572,20.58462106917111,2453.0,4.650631879331431,-20292.1326,Run-level descriptive proxy; replication-level expected cost/CVaR is computed in study_summary.json.,0,0,0,0,True,7,/workspace/MasterDissertation/results/freshretailnet/numerical/B1__derived_field_collapse__seed17__origin0,
B1,derived_field_collapse,18,0,18520.02725,2645.7181785714283,3363.44075,0.7835184182015168,0.0,0.2809523809523809,7,7,1.0,7,6,1,0,0.4571428571428572,24.839974099398045,2110.428571428572,5.48277262573614,-19556.371325,Run-level descriptive proxy; replication-level expected cost/CVaR is computed in study_summary.json.,0,0,0,0,True,7,/workspace/MasterDissertation/results/freshretailnet/numerical/B1__derived_field_collapse__seed18__origin0,
B1,derived_field_collapse,19,0,17086.142750000003,2440.8775357142863,3651.4517500000006,0.829225352112676,0.0,0.2047619047619047,7,7,1.0,9,7,0,0,0.4571428571428572,25.469976108308995,2969.5714285714284,4.123827392120075,-18151.287925000004,Run-level descriptive proxy; replication-level expected cost/CVaR is computed in study_summary.json.,0,0,0,0,True,7,/workspace/MasterDissertation/results/freshretailnet/numerical/B1__derived_field_collapse__seed19__origin0,
B1,derived_field_collapse,20,0,19148.8565,2735.550928571429,3289.60675,0.7962486457204767,0.0,0.2476190476190476,7,7,1.0,8,7,0,0,0.4571428571428572,27.967593396422707,2846.0,4.131763879128601,-20177.817175,Run-level descriptive proxy; replication-level expected cost/CVaR is computed in study_summary.json.,0,0,0,0,True,7,/workspace/MasterDissertation/results/freshretailnet/numerical/B1__derived_field_collapse__seed20__origin0,
B1,derived_field_collapse,21,0,17851.13575,2550.1622500000003,3291.0505000000003,0.7999052004333694,0.0,0.2523809523809524,7,7,1.0,8,7,0,0,0.4571428571428572,39.398556812719264,2381.5714285714284,4.9601703557075165,-18880.2408,Run-level descriptive proxy; replication-level expected cost/CVaR is computed in study_summary.json.,0,0,0,0,True,7,/workspace/MasterDissertation/results/freshretailnet/numerical/B1__derived_field_collapse__seed21__origin0,
B1,derived_field_collapse,22,0,17942.609750000003,2563.2299642857147,4799.1175,0.7955037919826652,0.0,0.2428571428571428,7,7,1.0,10,7,0,0,0.4571428571428572,47.75291758442808,2540.428571428572,4.6244165776303205,-19122.521500000003,Run-level descriptive proxy; replication-level expected cost/CVaR is computed in study_summary.json.,0,0,0,0,True,7,/workspace/MasterDissertation/results/freshretailnet/numerical/B1__derived_field_collapse__seed22__origin0,
B1,derived_field_collapse,23,0,19336.2425,2762.320357142857,3305.6852499999995,0.7615790899241603,0.0,0.2857142857142857,7,7,1.0,8,7,0,0,0.4571428571428572,30.859754338888923,2470.0,4.553441295546559,-20366.811025,Run-level descriptive proxy; replication-level expected cost/CVaR is computed in study_summary.json.,0,0,0,0,True,7,/workspace/MasterDissertation/results/freshretailnet/numerical/B1__derived_field_collapse__seed23__origin0,
B1,derived_field_collapse,24,0,17585.12425,2512.1606071428573,3022.227,0.8062026002166848,0.0,0.2571428571428571,7,7,1.0,9,7,0,0,0.4571428571428572,30.995727476879587,2629.8571428571427,4.52724210983758,-18587.34695,Run-level descriptive proxy; replication-level expected cost/CVaR is computed in study_summary.json.,0,0,0,0,True,7,/workspace/MasterDissertation/results/freshretailnet/numerical/B1__derived_field_collapse__seed24__origin0,
B1,derived_field_collapse,25,0,19130.1525,2732.878928571429,3826.7505,0.7719393282773565,0.0,0.2571428571428571,7,7,1.0,10,7,0,0,0.4571428571428572,31.536518772555407,2595.714285714286,4.391854705558613,-20212.82755,Run-level descriptive proxy; replication-level expected cost/CVaR is computed in study_summary.json.,0,0,0,0,True,7,/workspace/MasterDissertation/results/freshretailnet/numerical/B1__derived_field_collapse__seed25__origin0,
B1,derived_field_collapse,27,0,18338.343,2619.7632857142858,3243.6315,0.8032908992416035,0.0,0.2523809523809524,7,7,1.0,9,7,0,0,0.4571428571428572,23.928916120792948,2412.0,4.9183250414593696,-19362.70615,Run-level descriptive proxy; replication-level expected cost/CVaR is computed in study_summary.json.,0,0,0,0,True,7,/workspace/MasterDissertation/results/freshretailnet/numerical/B1__derived_field_collapse__seed27__origin0,
B1,derived_field_collapse,26,0,16293.32475,2327.6178214285715,3442.38025,0.8501489707475623,0.0,0.2,7,7,1.0,8,7,0,0,0.4571428571428572,26.33067750521958,2543.285714285714,4.936527551536258,-17337.562775,Run-level descriptive proxy; replication-level expected cost/CVaR is computed in study_summary.json.,0,0,0,0,True,7,/workspace/MasterDissertation/results/freshretailnet/numerical/B1__derived_field_collapse__seed26__origin0,
B1,derived_field_collapse,28,0,20166.11675,2880.873821428572,4272.30275,0.7506094257854822,0.0,0.3095238095238095,7,7,1.0,8,7,0,0,0.4571428571428572,35.90023066602573,2528.428571428572,4.38414599694898,-21293.347025000003,Run-level descriptive proxy; replication-level expected cost/CVaR is computed in study_summary.json.,0,0,0,0,True,7,/workspace/MasterDissertation/results/freshretailnet/numerical/B1__derived_field_collapse__seed28__origin0,
B1,derived_field_collapse,29,0,20488.995000000003,2926.999285714286,4661.95575,0.7366603466955579,0.0,0.3095238095238095,7,7,1.0,10,7,0,0,0.4571428571428572,39.49666592528286,2437.1428571428573,4.463833528722157,-21655.190575000004,Run-level descriptive proxy; replication-level expected cost/CVaR is computed in study_summary.json.,0,0,0,0,True,7,/workspace/MasterDissertation/results/freshretailnet/numerical/B1__derived_field_collapse__seed29__origin0,
B1,feed_gap,0,0,19512.41975,2787.4885357142857,3463.15025,0.7623239436619719,0.0,0.2952380952380952,7,7,1.0,7,7,0,0,0.4571428571428572,2.3238500778453,2094.714285714286,5.374479983632272,-20558.734775,Run-level descriptive proxy; replication-level expected cost/CVaR is computed in study_summary.json.,0,0,0,0,True,7,/workspace/MasterDissertation/results/freshretailnet/numerical/B1__feed_gap__seed0__origin0,
B1,feed_gap,1,0,17789.00775,2541.286821428572,3245.12275,0.7898835319609967,0.0,0.2952380952380952,7,7,1.0,6,6,1,0,0.4571428571428572,3.016507508304694,2086.714285714286,5.59012802081194,-18813.520025,Run-level descriptive proxy; replication-level expected cost/CVaR is computed in study_summary.json.,0,0,0,0,True,7,/workspace/MasterDissertation/results/freshretailnet/numerical/B1__feed_gap__seed1__origin0,
B1,feed_gap,2,0,18464.02225,2637.7174642857144,3877.7815,0.7688244853737811,0.0,0.2761904761904762,7,7,1.0,7,7,0,0,0.4571428571428572,1.3100154973130818,2147.5714285714284,5.2869021486064,-19551.8004,Run-level descriptive proxy; replication-level expected cost/CVaR is computed in study_summary.json.,0,0,0,0,True,7,/workspace/MasterDissertation/results/freshretailnet/numerical/B1__feed_gap__seed2__origin0,
B1,feed_gap,4,0,21575.31975,3082.188535714285,3717.30325,0.7189192849404117,0.0,0.3428571428571428,7,7,1.0,7,7,0,0,0.4571428571428572,1.335990357227416,2266.1428571428573,4.685053268612494,-22647.050075,Run-level descriptive proxy; replication-level expected cost/CVaR is computed in study_summary.json.,0,0,0,0,True,7,/workspace/MasterDissertation/results/freshretailnet/numerical/B1__feed_gap__seed4__origin0,
B1,feed_gap,3,0,18885.4995,2697.9284999999995,3508.108,0.7743770314192849,0.0,0.2952380952380952,7,7,1.0,7,7,0,0,0.48,2.254813852875972,2229.428571428572,5.12956555171088,-19936.3103,Run-level descriptive proxy; replication-level expected cost/CVaR is computed in study_summary.json.,0,0,0,0,True,7,/workspace/MasterDissertation/results/freshretailnet/numerical/B1__feed_gap__seed3__origin0,
B1,feed_gap,6,0,20251.28825,2893.0411785714286,4764.64,0.7272481040086674,0.0,0.3142857142857143,7,7,1.0,7,7,0,0,0.4571428571428572,2.7113212894338456,2291.5714285714284,4.686740228165327,-21427.75225,Run-level descriptive proxy; replication-level expected cost/CVaR is computed in study_summary.json.,0,0,0,0,True,7,/workspace/MasterDissertation/results/freshretailnet/numerical/B1__feed_gap__seed6__origin0,
B1,feed_gap,5,0,18314.9715,2616.4245,3888.01775,0.77647616468039,0.0,0.3095238095238095,7,7,1.0,7,7,0,0,0.4571428571428572,3.1108348459954507,2134.5714285714284,5.372038549056351,-19403.773275,Run-level descriptive proxy; replication-level expected cost/CVaR is computed in study_summary.json.,0,0,0,0,True,7,/workspace/MasterDissertation/results/freshretailnet/numerical/B1__feed_gap__seed5__origin0,
B1,feed_gap,7,0,19261.65275,2751.664678571429,4409.315250000001,0.7630687973997833,0.0,0.2952380952380952,7,7,1.0,7,7,0,0,0.4571428571428572,2.946730856154801,2295.285714285714,4.909628430945416,-20402.584275,Run-level descriptive proxy; replication-level expected cost/CVaR is computed in study_summary.json.,0,0,0,0,True,7,/workspace/MasterDissertation/results/freshretailnet/numerical/B1__feed_gap__seed7__origin0,
B1,feed_gap,8,0,20248.94825,2892.706892857143,4047.27975,0.7298212351029253,0.0,0.3333333333333333,7,7,1.0,7,7,0,0,0.4571428571428572,2.036294563743462,2045.857142857143,5.268207527407304,-21353.676225000003,Run-level descriptive proxy; replication-level expected cost/CVaR is computed in study_summary.json.,0,0,0,0,True,7,/workspace/MasterDissertation/results/freshretailnet/numerical/B1__feed_gap__seed8__origin0,
B1,feed_gap,9,0,21721.57375,3103.081964285714,4140.322,0.7005687973997833,0.0,0.3666666666666666,7,7,1.0,7,7,0,0,0.4571428571428572,4.59067004355032,2059.285714285714,5.024072147069026,-22835.60595,Run-level descriptive proxy; replication-level expected cost/CVaR is computed in study_summary.json.,0,0,0,0,True,7,/workspace/MasterDissertation/results/freshretailnet/numerical/B1__feed_gap__seed9__origin0,
B1,feed_gap,10,0,17104.856,2443.550857142857,2764.5107500000004,0.8092497291440953,0.0,0.2476190476190476,7,7,1.0,7,7,0,0,0.4571428571428572,1.2071219480696518,2189.714285714286,5.457789665970772,-18081.307075,Run-level descriptive proxy; replication-level expected cost/CVaR is computed in study_summary.json.,0,0,0,0,True,7,/workspace/MasterDissertation/results/freshretailnet/numerical/B1__feed_gap__seed10__origin0,
B1,feed_gap,11,0,19604.69125,2800.670178571429,3830.5565,0.7454631635969664,0.0,0.3333333333333333,7,7,1.0,7,7,0,0,0.4571428571428572,5.487654165979093,2372.1428571428573,4.6409515206263166,-20687.7469,Run-level descriptive proxy; replication-level expected cost/CVaR is computed in study_summary.json.,0,0,0,0,True,7,/workspace/MasterDissertation/results/freshretailnet/numerical/B1__feed_gap__seed11__origin0,
B1,feed_gap,12,0,22158.54675,3165.506678571429,4753.594,0.6908179848320694,0.0,0.3238095238095238,7,7,1.0,7,7,0,0,0.4571428571428572,3.5505980097432177,2077.0,4.911892152142514,-23333.906150000003,Run-level descriptive proxy; replication-level expected cost/CVaR is computed in study_summary.json.,0,0,0,0,True,7,/workspace/MasterDissertation/results/freshretailnet/numerical/B1__feed_gap__seed12__origin0,
B1,feed_gap,14,0,20886.124500000005,2983.732071428572,4375.9295,0.7443120260021668,0.0,0.2952380952380952,7,7,1.0,7,7,0,0,0.4571428571428572,1.5574401452155635,2472.285714285714,4.4460880619438345,-22023.717450000004,Run-level descriptive proxy; replication-level expected cost/CVaR is computed in study_summary.json.,0,0,0,0,True,7,/workspace/MasterDissertation/results/freshretailnet/numerical/B1__feed_gap__seed14__origin0,
B1,feed_gap,13,0,19903.0635,2843.294785714286,4246.18725,0.7366603466955579,0.0,0.319047619047619,7,7,1.0,7,7,0,0,0.4571428571428572,3.2166172809390225,2205.428571428572,4.932828086539707,-21027.682225,Run-level descriptive proxy; replication-level expected cost/CVaR is computed in study_summary.json.,0,0,0,0,True,7,/workspace/MasterDissertation/results/freshretailnet/numerical/B1__feed_gap__seed13__origin0,
B1,feed_gap,15,0,19400.50975,2771.501392857143,4049.36225,0.7549431202600216,0.0,0.3,7,7,1.0,8,7,0,0,0.4571428571428572,1.0450849841080796,2254.714285714286,4.944750681112589,-20505.445975,Run-level descriptive proxy; replication-level expected cost/CVaR is computed in study_summary.json.,0,0,0,0,True,7,/workspace/MasterDissertation/results/freshretailnet/numerical/B1__feed_gap__seed15__origin0,
B1,feed_gap,16,0,20417.275500000003,2916.7536428571434,4376.01275,0.7153981581798483,0.0,0.3,7,7,1.0,5,5,2,0,0.4571428571428572,3.2038958523163465,2070.5714285714284,5.102456188767766,-21554.876775000004,Run-level descriptive proxy; replication-level expected cost/CVaR is computed in study_summary.json.,0,0,0,0,True,7,/workspace/MasterDissertation/results/freshretailnet/numerical/B1__feed_gap__seed16__origin0,
B1,feed_gap,17,0,19236.3555,2748.050785714286,3443.51525,0.7749187432286024,0.0,0.3047619047619048,7,7,1.0,7,7,0,0,0.4571428571428572,6.5291259802409245,2276.285714285714,5.02748838960713,-20280.707025000003,Run-level descriptive proxy; replication-level expected cost/CVaR is computed in study_summary.json.,0,0,0,0,True,7,/workspace/MasterDissertation/results/freshretailnet/numerical/B1__feed_gap__seed17__origin0,
B1,feed_gap,18,0,19505.5895,2786.512785714286,3838.704,0.7525731310942578,0.0,0.3238095238095238,7,7,1.0,7,7,0,0,0.4571428571428572,2.63962469238551,1903.7142857142856,5.838060933513432,-20589.4599,Run-level descriptive proxy; replication-level expected cost/CVaR is computed in study_summary.json.,0,0,0,0,True,7,/workspace/MasterDissertation/results/freshretailnet/numerical/B1__feed_gap__seed18__origin0,
B1,feed_gap,19,0,17243.806500000002,2463.4009285714287,3647.7385,0.8114842903575298,0.0,0.2619047619047619,7,7,1.0,7,7,0,0,0.4571428571428572,4.452911127214286,2446.0,4.8994276369583,-18308.580350000004,Run-level descriptive proxy; replication-level expected cost/CVaR is computed in study_summary.json.,0,0,0,0,True,7,/workspace/MasterDissertation/results/freshretailnet/numerical/B1__feed_gap__seed19__origin0,
B1,feed_gap,21,0,19556.668,2793.809714285714,3649.5185,0.7518282773564464,0.0,0.2952380952380952,7,7,1.0,7,7,0,0,0.4571428571428572,2.584525287166646,2140.5714285714284,5.18693272824346,-20621.61985,Run-level descriptive proxy; replication-level expected cost/CVaR is computed in study_summary.json.,0,0,0,0,True,7,/workspace/MasterDissertation/results/freshretailnet/numerical/B1__feed_gap__seed21__origin0,
B1,feed_gap,20,0,18857.1785,2693.8826428571438,3382.47,0.7773564463705309,0.0,0.2619047619047619,7,7,1.0,7,7,0,0,0.4571428571428572,4.8641646159034,2494.0,4.603047313552526,-19895.4255,Run-level descriptive proxy; replication-level expected cost/CVaR is computed in study_summary.json.,0,0,0,0,True,7,/workspace/MasterDissertation/results/freshretailnet/numerical/B1__feed_gap__seed20__origin0,
B1,feed_gap,22,0,18601.85425,2657.40775,4433.01125,0.7816224268689057,0.0,0.2666666666666666,7,7,1.0,7,7,0,0,0.4571428571428572,2.8749424231770924,2378.428571428572,4.85320439666046,-19745.155375,Run-level descriptive proxy; replication-level expected cost/CVaR is computed in study_summary.json.,0,0,0,0,True,7,/workspace/MasterDissertation/results/freshretailnet/numerical/B1__feed_gap__seed22__origin0,
B1,feed_gap,23,0,19337.2855,2762.469357142857,3832.2525,0.7487134344528711,0.0,0.319047619047619,7,7,1.0,7,7,0,0,0.4571428571428572,2.1268914255375635,2053.428571428572,5.384652845415333,-20420.51075,Run-level descriptive proxy; replication-level expected cost/CVaR is computed in study_summary.json.,0,0,0,0,True,7,/workspace/MasterDissertation/results/freshretailnet/numerical/B1__feed_gap__seed23__origin0,
B1,feed_gap,24,0,19385.30975,2769.329964285714,4656.29075,0.7422806067172264,0.0,0.3238095238095238,7,7,1.0,7,7,0,0,0.4571428571428572,5.921623774026216,2054.714285714286,5.335048320934436,-20550.938825,Run-level descriptive proxy; replication-level expected cost/CVaR is computed in study_summary.json.,0,0,0,0,True,7,/workspace/MasterDissertation/results/freshretailnet/numerical/B1__feed_gap__seed24__origin0,
B1,feed_gap,26,0,18492.4075,2641.7725,4153.40575,0.7888678223185266,0.0,0.2428571428571428,7,7,1.0,7,7,0,0,0.4571428571428572,0.642489542901011,2330.0,5.0,-19607.748075,Run-level descriptive proxy; replication-level expected cost/CVaR is computed in study_summary.json.,0,0,0,0,True,7,/workspace/MasterDissertation/results/freshretailnet/numerical/B1__feed_gap__seed26__origin0,
B1,feed_gap,25,0,18607.19475,2658.170678571429,3222.4325000000003,0.7744447453954496,0.0,0.2666666666666666,7,7,1.0,8,7,0,0,0.4571428571428572,3.542925404831431,2366.1428571428573,4.833605023244581,-19629.438,Run-level descriptive proxy; replication-level expected cost/CVaR is computed in study_summary.json.,0,0,0,0,True,7,/workspace/MasterDissertation/results/freshretailnet/numerical/B1__feed_gap__seed25__origin0,
B1,feed_gap,27,0,19230.189250000003,2747.169892857143,4211.7195,0.7753250270855905,0.0,0.2809523809523809,7,7,1.0,7,7,0,0,0.4571428571428572,1.513553691732614,2175.5714285714284,5.262985094228117,-20351.361200000003,Run-level descriptive proxy; replication-level expected cost/CVaR is computed in study_summary.json.,0,0,0,0,True,7,/workspace/MasterDissertation/results/freshretailnet/numerical/B1__feed_gap__seed27__origin0,
B1,feed_gap,28,0,19309.96625,2758.5666071428573,3231.58725,0.763136511375948,0.0,0.3095238095238095,7,7,1.0,7,7,0,0,0.4571428571428572,2.131220269911536,2415.0,4.666666666666667,-20333.124975,Run-level descriptive proxy; replication-level expected cost/CVaR is computed in study_summary.json.,0,0,0,0,True,7,/workspace/MasterDissertation/results/freshretailnet/numerical/B1__feed_gap__seed28__origin0,
B1,feed_gap,29,0,20568.61225,2938.3731785714285,4328.71825,0.7455308775731311,0.0,0.3047619047619048,7,7,1.0,7,7,0,0,0.4571428571428572,1.4267533129094054,2479.0,4.441306978620411,-21701.484075,Run-level descriptive proxy; replication-level expected cost/CVaR is computed in study_summary.json.,0,0,0,0,True,7,/workspace/MasterDissertation/results/freshretailnet/numerical/B1__feed_gap__seed29__origin0,
B2,normal,0,0,18714.54925,2673.507035714286,3993.6190000000006,0.7304306608884074,0.0,0.3285714285714285,7,7,1.0,6,6,1,0,0.7999999999999999,1.423702279396465,1901.2857142857144,5.673529190773161,-19813.91115,Run-level descriptive proxy; replication-level expected cost/CVaR is computed in study_summary.json.,0,0,0,0,True,7,/workspace/MasterDissertation/results/freshretailnet/numerical/B2__normal__seed0__origin0,
B2,normal,1,0,19450.47875,2778.639821428572,3668.59925,0.7015845070422535,0.0,0.3666666666666666,7,7,1.0,4,4,3,0,0.8228571428571428,1.2887834609230948,1679.2857142857142,6.169885155253084,-20517.338675000003,Run-level descriptive proxy; replication-level expected cost/CVaR is computed in study_summary.json.,0,0,0,0,True,7,/workspace/MasterDissertation/results/freshretailnet/numerical/B2__normal__seed1__origin0,
B2,normal,3,0,20319.8035,2902.829071428572,4141.72725,0.6874322860238353,0.0,0.3571428571428571,7,7,1.0,6,6,1,0,0.8457142857142855,1.1764501825956566,1908.2857142857144,5.319958077556521,-21433.976225,Run-level descriptive proxy; replication-level expected cost/CVaR is computed in study_summary.json.,0,0,0,0,True,7,/workspace/MasterDissertation/results/freshretailnet/numerical/B2__normal__seed3__origin0,
B2,normal,2,0,18221.379500000003,2603.054214285715,3635.1585,0.718851570964247,0.0,0.3333333333333333,7,7,1.0,7,7,0,0,0.8228571428571428,4.083630963057563,1806.571428571429,5.876324529495492,-19284.895350000003,Run-level descriptive proxy; replication-level expected cost/CVaR is computed in study_summary.json.,0,0,0,0,True,7,/workspace/MasterDissertation/results/freshretailnet/numerical/B2__normal__seed2__origin0,
B2,normal,4,0,20524.15175,2932.0216785714288,5318.28375,0.6868228602383532,0.0,0.3523809523809524,7,7,1.0,7,7,0,0,0.8228571428571428,2.6804694394420974,2039.857142857143,4.972407031304713,-21755.980125,Run-level descriptive proxy; replication-level expected cost/CVaR is computed in study_summary.json.,0,0,0,0,True,7,/workspace/MasterDissertation/results/freshretailnet/numerical/B2__normal__seed4__origin0,
B2,normal,6,0,20247.9885,2892.569785714285,4537.72175,0.6968445287107259,0.0,0.3619047619047619,7,7,1.0,7,7,0,0,0.8457142857142858,3.80991935657452,1962.571428571429,5.243630805066239,-21401.760675,Run-level descriptive proxy; replication-level expected cost/CVaR is computed in study_summary.json.,0,0,0,0,True,7,/workspace/MasterDissertation/results/freshretailnet/numerical/B2__normal__seed6__origin0,
B2,normal,5,0,20375.27975,2910.7542500000004,5948.262000000001,0.6734832069339112,0.0,0.3714285714285714,7,7,1.0,5,5,2,0,0.7999999999999999,5.821219839430618,1763.2857142857142,5.640606011504497,-21670.10595,Run-level descriptive proxy; replication-level expected cost/CVaR is computed in study_summary.json.,0,0,0,0,True,7,/workspace/MasterDissertation/results/freshretailnet/numerical/B2__normal__seed5__origin0,
B2,normal,7,0,20150.51075,2878.644392857143,4931.4385,0.6825568797399784,0.0,0.3571428571428571,7,7,1.0,7,7,0,0,0.8457142857142858,4.541469303123138,1681.571428571429,5.994392999745136,-21343.6546,Run-level descriptive proxy; replication-level expected cost/CVaR is computed in study_summary.json.,0,0,0,0,True,7,/workspace/MasterDissertation/results/freshretailnet/numerical/B2__normal__seed7__origin0,
B2,normal,8,0,20921.22975,2988.7471071428577,5416.56875,0.6554712892741061,0.0,0.3809523809523809,7,7,1.0,7,7,0,0,0.7999999999999999,4.366858708987725,1791.857142857143,5.402216375667703,-22162.886625000003,Run-level descriptive proxy; replication-level expected cost/CVaR is computed in study_summary.json.,0,0,0,0,True,7,/workspace/MasterDissertation/results/freshretailnet/numerical/B2__normal__seed8__origin0,
B2,normal,9,0,22216.301,3173.757285714285,5244.9185,0.64511105092091,0.0,0.3809523809523809,7,7,1.0,7,7,0,0,0.7999999999999999,2.8842605414015026,1769.7142857142858,5.383354859541492,-23440.79285,Run-level descriptive proxy; replication-level expected cost/CVaR is computed in study_summary.json.,0,0,0,0,True,7,/workspace/MasterDissertation/results/freshretailnet/numerical/B2__normal__seed9__origin0,
B2,normal,11,0,19969.85625,2852.836607142857,4189.0525,0.6891251354279523,0.0,0.3571428571428571,7,7,1.0,4,4,3,0,0.8457142857142858,2.742137624749783,2146.428571428572,4.741364392678868,-21088.7615,Run-level descriptive proxy; replication-level expected cost/CVaR is computed in study_summary.json.,0,0,0,0,True,7,/workspace/MasterDissertation/results/freshretailnet/numerical/B2__normal__seed11__origin0,
B2,normal,10,0,18691.5305,2670.218642857143,3975.83825,0.7236592632719393,0.0,0.3380952380952381,7,7,1.0,6,6,1,0,0.7999999999999999,3.5090748965052128,1862.0,5.73952738990333,-19789.114325,Run-level descriptive proxy; replication-level expected cost/CVaR is computed in study_summary.json.,0,0,0,0,True,7,/workspace/MasterDissertation/results/freshretailnet/numerical/B2__normal__seed10__origin0,
B2,normal,12,0,20875.13825,2982.1626071428573,4686.0595,0.6716549295774648,0.0,0.3857142857142857,7,7,1.0,7,7,0,0,0.7999999999999999,4.388330379755917,1748.7142857142858,5.672167306592598,-22043.7442,Run-level descriptive proxy; replication-level expected cost/CVaR is computed in study_summary.json.,0,0,0,0,True,7,/workspace/MasterDissertation/results/freshretailnet/numerical/B2__normal__seed12__origin0,
B2,normal,13,0,19058.313,2722.616142857143,4405.13725,0.7117416034669556,0.0,0.3714285714285714,7,7,1.0,5,5,2,0,0.8228571428571428,5.589264164615904,1634.857142857143,6.42930793428871,-20198.826725000003,Run-level descriptive proxy; replication-level expected cost/CVaR is computed in study_summary.json.,0,0,0,0,True,7,/workspace/MasterDissertation/results/freshretailnet/numerical/B2__normal__seed13__origin0,
B2,normal,14,0,21143.6155,3020.5165,4920.69075,0.671180931744312,0.0,0.3666666666666666,7,7,1.0,6,6,1,0,0.8228571428571428,2.3516031826889274,1773.428571428571,5.589173513774771,-22335.684575,Run-level descriptive proxy; replication-level expected cost/CVaR is computed in study_summary.json.,0,0,0,0,True,7,/workspace/MasterDissertation/results/freshretailnet/numerical/B2__normal__seed14__origin0,
B2,normal,15,0,20538.897750000004,2934.1282500000007,4453.4705,0.6690817984832069,0.0,0.3761904761904762,7,7,1.0,7,7,0,0,0.8228571428571428,3.098877879737981,1903.857142857143,5.189990245366549,-21684.244800000004,Run-level descriptive proxy; replication-level expected cost/CVaR is computed in study_summary.json.,0,0,0,0,True,7,/workspace/MasterDissertation/results/freshretailnet/numerical/B2__normal__seed15__origin0,
B2,normal,16,0,19760.069000000003,2822.8670000000006,4247.54425,0.6978602383531961,0.0,0.3238095238095238,7,7,1.0,6,6,1,0,0.8228571428571428,2.152984667704604,1824.571428571429,5.648449733792671,-20884.823425,Run-level descriptive proxy; replication-level expected cost/CVaR is computed in study_summary.json.,0,0,0,0,True,7,/workspace/MasterDissertation/results/freshretailnet/numerical/B2__normal__seed16__origin0,
B2,normal,17,0,17376.28725,2482.32675,3996.55125,0.7540628385698809,0.0,0.3380952380952381,7,7,1.0,7,7,0,0,0.7999999999999999,2.5642478422143933,1693.2857142857142,6.576562895469501,-18475.942375,Run-level descriptive proxy; replication-level expected cost/CVaR is computed in study_summary.json.,0,0,0,0,True,7,/workspace/MasterDissertation/results/freshretailnet/numerical/B2__normal__seed17__origin0,
B2,normal,18,0,19133.461,2733.351571428572,4498.40075,0.6974539544962081,0.0,0.3523809523809524,7,7,1.0,6,6,1,0,0.8228571428571428,2.898412601611433,1381.142857142857,7.457592056268101,-20283.301075,Run-level descriptive proxy; replication-level expected cost/CVaR is computed in study_summary.json.,0,0,0,0,True,7,/workspace/MasterDissertation/results/freshretailnet/numerical/B2__normal__seed18__origin0,
B2,normal,19,0,17718.81575,2531.259392857143,4364.2475,0.7483748645720477,0.0,0.3095238095238095,7,7,1.0,6,6,1,0,0.7999999999999999,2.129825870468292,2015.857142857143,5.482531358514634,-18855.2405,Run-level descriptive proxy; replication-level expected cost/CVaR is computed in study_summary.json.,0,0,0,0,True,7,/workspace/MasterDissertation/results/freshretailnet/numerical/B2__normal__seed19__origin0,
B2,normal,20,0,20228.33075,2889.761535714286,4292.43125,0.6908179848320694,0.0,0.3857142857142857,7,7,1.0,7,7,0,0,0.8457142857142858,2.809429325795134,1790.142857142857,5.698986513446652,-21357.573875,Run-level descriptive proxy; replication-level expected cost/CVaR is computed in study_summary.json.,0,0,0,0,True,7,/workspace/MasterDissertation/results/freshretailnet/numerical/B2__normal__seed20__origin0,
B2,normal,21,0,20047.328500000003,2863.904071428572,4181.78225,0.687296858071506,0.0,0.3714285714285714,7,7,1.0,6,6,1,0,0.7999999999999999,3.615649057605521,1722.571428571429,5.8923536241499415,-21165.506725000003,Run-level descriptive proxy; replication-level expected cost/CVaR is computed in study_summary.json.,0,0,0,0,True,7,/workspace/MasterDissertation/results/freshretailnet/numerical/B2__normal__seed21__origin0,
B2,normal,22,0,19655.1855,2807.8836428571426,4962.35675,0.7005010834236186,0.0,0.3476190476190476,7,7,1.0,6,6,1,0,0.7999999999999999,2.5479415837393007,1824.857142857143,5.66893690308439,-20851.421175,Run-level descriptive proxy; replication-level expected cost/CVaR is computed in study_summary.json.,0,0,0,0,True,7,/workspace/MasterDissertation/results/freshretailnet/numerical/B2__normal__seed22__origin0,
B2,normal,23,0,18658.4865,2665.498071428571,3942.6285,0.7187838569880823,0.0,0.3380952380952381,7,7,1.0,7,7,0,0,0.7999999999999999,3.111892035385531,1794.571428571429,5.915061295971979,-19752.74935,Run-level descriptive proxy; replication-level expected cost/CVaR is computed in study_summary.json.,0,0,0,0,True,7,/workspace/MasterDissertation/results/freshretailnet/numerical/B2__normal__seed23__origin0,
B2,normal,24,0,20149.63825,2878.51975,4434.8565,0.6819474539544962,0.0,0.3904761904761905,7,7,1.0,7,7,0,0,0.7999999999999999,3.3928167083994,1805.857142857143,5.576853097065105,-21293.1239,Run-level descriptive proxy; replication-level expected cost/CVaR is computed in study_summary.json.,0,0,0,0,True,7,/workspace/MasterDissertation/results/freshretailnet/numerical/B2__normal__seed24__origin0,
B2,normal,25,0,18722.45625,2674.636607142857,3606.562,0.7133667388949079,0.0,0.3285714285714285,7,7,1.0,6,6,1,0,0.7999999999999999,1.8916350382769287,1689.2857142857142,6.236363636363636,-19783.11245,Run-level descriptive proxy; replication-level expected cost/CVaR is computed in study_summary.json.,0,0,0,0,True,7,/workspace/MasterDissertation/results/freshretailnet/numerical/B2__normal__seed25__origin0,
B2,normal,26,0,19227.46075,2746.780107142857,4357.4585,0.7122156013001083,0.0,0.3476190476190476,7,7,1.0,7,7,0,0,0.7999999999999999,2.0030266395942,1995.857142857143,5.26991625509985,-20363.2066,Run-level descriptive proxy; replication-level expected cost/CVaR is computed in study_summary.json.,0,0,0,0,True,7,/workspace/MasterDissertation/results/freshretailnet/numerical/B2__normal__seed26__origin0,
B2,normal,27,0,18135.28175,2590.7545357142853,3509.661,0.7369989165763814,0.0,0.3428571428571428,7,7,1.0,7,7,0,0,0.7999999999999999,1.4611031791015865,1731.2857142857142,6.286657314959981,-19186.24785,Run-level descriptive proxy; replication-level expected cost/CVaR is computed in study_summary.json.,0,0,0,0,True,7,/workspace/MasterDissertation/results/freshretailnet/numerical/B2__normal__seed27__origin0,
B2,normal,28,0,20076.94275,2868.134678571429,4081.69325,0.687906283856988,0.0,0.3761904761904762,7,7,1.0,7,7,0,0,0.8457142857142858,2.910261588905072,1826.7142857142856,5.561351372487683,-21185.112075,Run-level descriptive proxy; replication-level expected cost/CVaR is computed in study_summary.json.,0,0,0,0,True,7,/workspace/MasterDissertation/results/freshretailnet/numerical/B2__normal__seed28__origin0,
B2,normal,29,0,20254.47925,2893.4970357142856,4551.5555,0.6793743228602384,0.0,0.3523809523809524,7,7,1.0,7,7,0,0,0.8457142857142858,1.8046265936762356,1907.0,5.261143156790771,-21409.6348,Run-level descriptive proxy; replication-level expected cost/CVaR is computed in study_summary.json.,0,0,0,0,True,7,/workspace/MasterDissertation/results/freshretailnet/numerical/B2__normal__seed29__origin0,
B2,derived_field_collapse,0,0,19224.3895,2746.3413571428573,4857.60375,0.7347643553629469,0.0,0.3142857142857143,7,7,1.0,6,5,2,0,0.4571428571428572,31.45391737636229,2160.8571428571427,5.021618405394685,-20410.149875000003,Run-level descriptive proxy; replication-level expected cost/CVaR is computed in study_summary.json.,0,0,0,0,True,7,/workspace/MasterDissertation/results/freshretailnet/numerical/B2__derived_field_collapse__seed0__origin0,
B2,derived_field_collapse,1,0,18885.37725,2697.911035714286,4158.44925,0.7369312026002167,0.0,0.3428571428571428,7,7,1.0,7,6,1,0,0.48,33.25960223563091,1996.142857142857,5.452014599584913,-20001.222175000003,Run-level descriptive proxy; replication-level expected cost/CVaR is computed in study_summary.json.,0,0,0,0,True,7,/workspace/MasterDissertation/results/freshretailnet/numerical/B2__derived_field_collapse__seed1__origin0,
B2,derived_field_collapse,2,0,18694.71575,2670.6736785714284,4359.68875,0.7338163596966414,0.0,0.3095238095238095,7,7,1.0,7,6,1,0,0.4571428571428572,42.29040673272157,2215.8571428571427,4.890658242537555,-19830.684625,Run-level descriptive proxy; replication-level expected cost/CVaR is computed in study_summary.json.,0,0,0,0,True,7,/workspace/MasterDissertation/results/freshretailnet/numerical/B2__derived_field_collapse__seed2__origin0,
B2,derived_field_collapse,3,0,19100.23275,2728.6046785714284,4733.0405,0.7323943661971831,0.0,0.3285714285714285,7,7,1.0,8,6,1,0,0.48,38.31784630396257,2215.285714285714,4.882440188302057,-20273.5368,Run-level descriptive proxy; replication-level expected cost/CVaR is computed in study_summary.json.,0,0,0,0,True,7,/workspace/MasterDissertation/results/freshretailnet/numerical/B2__derived_field_collapse__seed3__origin0,
B2,derived_field_collapse,4,0,19636.0165,2805.145214285714,4975.0315,0.7201381365113759,0.0,0.3095238095238095,7,7,1.0,8,7,0,0,0.48,40.7436213489837,2371.714285714286,4.484098301409468,-20833.51965,Run-level descriptive proxy; replication-level expected cost/CVaR is computed in study_summary.json.,0,0,0,0,True,7,/workspace/MasterDissertation/results/freshretailnet/numerical/B2__derived_field_collapse__seed4__origin0,
B2,derived_field_collapse,5,0,19643.1445,2806.1635,5334.649,0.7179712892741061,0.0,0.3380952380952381,7,7,1.0,6,5,2,0,0.4571428571428572,43.64117908723696,2209.428571428572,4.798978404241562,-20876.6094,Run-level descriptive proxy; replication-level expected cost/CVaR is computed in study_summary.json.,0,0,0,0,True,7,/workspace/MasterDissertation/results/freshretailnet/numerical/B2__derived_field_collapse__seed5__origin0,
B2,derived_field_collapse,6,0,19168.15425,2738.30775,4679.503500000001,0.7287378114842904,0.0,0.3285714285714285,7,7,1.0,7,6,1,0,0.48,45.89072313619699,2264.1428571428573,4.753233642501104,-20336.1046,Run-level descriptive proxy; replication-level expected cost/CVaR is computed in study_summary.json.,0,0,0,0,True,7,/workspace/MasterDissertation/results/freshretailnet/numerical/B2__derived_field_collapse__seed6__origin0,
B2,derived_field_collapse,7,0,19560.1895,2794.312785714286,5044.6395,0.7214924160346695,0.0,0.3333333333333333,7,7,1.0,8,7,0,0,0.4571428571428572,38.88718422430925,2160.8571428571427,4.930913658601085,-20764.65345,Run-level descriptive proxy; replication-level expected cost/CVaR is computed in study_summary.json.,0,0,0,0,True,7,/workspace/MasterDissertation/results/freshretailnet/numerical/B2__derived_field_collapse__seed7__origin0,
B2,derived_field_collapse,8,0,20989.76175,2998.5373928571425,5638.9585,0.6669826652221018,0.0,0.3666666666666666,7,7,1.0,8,6,1,0,0.4571428571428572,50.03934631472461,2051.285714285714,4.801866425238527,-22253.6576,Run-level descriptive proxy; replication-level expected cost/CVaR is computed in study_summary.json.,0,0,0,0,True,7,/workspace/MasterDissertation/results/freshretailnet/numerical/B2__derived_field_collapse__seed8__origin0,
B2,derived_field_collapse,9,0,21858.340250000005,3122.6200357142866,5298.94375,0.6605498374864572,0.0,0.3571428571428571,7,7,1.0,8,7,0,0,0.48,29.76766263210384,2231.0,4.372478709099059,-23088.234625000005,Run-level descriptive proxy; replication-level expected cost/CVaR is computed in study_summary.json.,0,0,0,0,True,7,/workspace/MasterDissertation/results/freshretailnet/numerical/B2__derived_field_collapse__seed9__origin0,
B2,derived_field_collapse,10,0,18715.35375,2673.621964285714,4219.52475,0.7290086673889491,0.0,0.3380952380952381,7,7,1.0,7,6,1,0,0.4571428571428572,44.19155073576364,1922.142857142857,5.601040505388331,-19837.306225,Run-level descriptive proxy; replication-level expected cost/CVaR is computed in study_summary.json.,0,0,0,0,True,7,/workspace/MasterDissertation/results/freshretailnet/numerical/B2__derived_field_collapse__seed10__origin0,
B2,derived_field_collapse,11,0,18352.8595,2621.837071428572,3767.5325,0.7355769230769231,0.0,0.3,7,7,1.0,5,4,3,0,0.48,40.41007684084404,2498.0,4.348678943154524,-19429.612750000004,Run-level descriptive proxy; replication-level expected cost/CVaR is computed in study_summary.json.,0,0,0,0,True,7,/workspace/MasterDissertation/results/freshretailnet/numerical/B2__derived_field_collapse__seed11__origin0,
B2,derived_field_collapse,12,0,19607.218500000003,2801.0312142857147,4916.748,0.7228466955579632,0.0,0.3333333333333333,7,7,1.0,6,5,2,0,0.4571428571428572,33.50207778790205,2082.5714285714284,5.125874605570037,-20798.893300000003,Run-level descriptive proxy; replication-level expected cost/CVaR is computed in study_summary.json.,0,0,0,0,True,7,/workspace/MasterDissertation/results/freshretailnet/numerical/B2__derived_field_collapse__seed12__origin0,
B2,derived_field_collapse,13,0,18729.91825,2675.7026071428577,4314.8005,0.738962621885157,0.0,0.319047619047619,7,7,1.0,7,6,1,0,0.4571428571428572,40.26942724513736,2068.714285714286,5.275257233616463,-19861.3983,Run-level descriptive proxy; replication-level expected cost/CVaR is computed in study_summary.json.,0,0,0,0,True,7,/workspace/MasterDissertation/results/freshretailnet/numerical/B2__derived_field_collapse__seed13__origin0,
B2,derived_field_collapse,14,0,20543.5365,2934.790928571429,5039.893,0.7027356446370531,0.0,0.3428571428571428,7,7,1.0,6,6,1,0,0.48,24.44613464008208,2137.428571428572,4.855366929554872,-21747.525800000003,Run-level descriptive proxy; replication-level expected cost/CVaR is computed in study_summary.json.,0,0,0,0,True,7,/workspace/MasterDissertation/results/freshretailnet/numerical/B2__derived_field_collapse__seed14__origin0,
B2,derived_field_collapse,15,0,18394.89125,2627.8416071428574,4740.277,0.747020585048754,0.0,0.3047619047619048,7,7,1.0,7,6,1,0,0.48,39.43572776386687,2343.5714285714284,4.707345321548309,-19568.91895,Run-level descriptive proxy; replication-level expected cost/CVaR is computed in study_summary.json.,0,0,0,0,True,7,/workspace/MasterDissertation/results/freshretailnet/numerical/B2__derived_field_collapse__seed15__origin0,
B2,derived_field_collapse,16,0,19953.326,2850.475142857143,5021.05,0.7104550379198267,0.0,0.3142857142857143,7,7,1.0,8,6,1,0,0.48,40.99611634464303,2212.5714285714284,4.741993801652892,-21155.431,Run-level descriptive proxy; replication-level expected cost/CVaR is computed in study_summary.json.,0,0,0,0,True,7,/workspace/MasterDissertation/results/freshretailnet/numerical/B2__derived_field_collapse__seed16__origin0,
B2,derived_field_collapse,17,0,16720.61725,2388.659607142857,3642.30525,0.7907638136511376,0.0,0.2952380952380952,7,7,1.0,5,5,2,0,0.4571428571428572,19.310962196600634,2241.8571428571427,5.209074109475563,-17784.847775,Run-level descriptive proxy; replication-level expected cost/CVaR is computed in study_summary.json.,0,0,0,0,True,7,/workspace/MasterDissertation/results/freshretailnet/numerical/B2__derived_field_collapse__seed17__origin0,
B2,derived_field_collapse,18,0,19900.279,2842.897,4768.67075,0.6933911159263272,0.0,0.3285714285714285,7,7,1.0,6,5,2,0,0.4571428571428572,35.77746719376663,1750.2857142857142,5.850473392099249,-21077.146075,Run-level descriptive proxy; replication-level expected cost/CVaR is computed in study_summary.json.,0,0,0,0,True,7,/workspace/MasterDissertation/results/freshretailnet/numerical/B2__derived_field_collapse__seed18__origin0,
B2,derived_field_collapse,19,0,16832.208749999998,2404.60125,4676.187,0.7917118093174431,0.0,0.2571428571428571,7,7,1.0,7,6,1,0,0.48,36.70626959585016,2570.714285714286,4.548152264517921,-17999.827449999997,Run-level descriptive proxy; replication-level expected cost/CVaR is computed in study_summary.json.,0,0,0,0,True,7,/workspace/MasterDissertation/results/freshretailnet/numerical/B2__derived_field_collapse__seed19__origin0,
B2,derived_field_collapse,20,0,19189.1595,2741.3085,3700.7235,0.746411159263272,0.0,0.3238095238095238,7,7,1.0,7,6,1,0,0.4571428571428572,31.83855422983376,2183.714285714286,5.047821536046055,-20259.23185,Run-level descriptive proxy; replication-level expected cost/CVaR is computed in study_summary.json.,0,0,0,0,True,7,/workspace/MasterDissertation/results/freshretailnet/numerical/B2__derived_field_collapse__seed20__origin0,
B2,derived_field_collapse,21,0,19267.7695,2752.5385,4246.3895,0.7314463705308776,0.0,0.3380952380952381,7,7,1.0,6,5,2,0,0.48,40.85394356395153,2080.8571428571427,5.191130028834272,-20392.408450000003,Run-level descriptive proxy; replication-level expected cost/CVaR is computed in study_summary.json.,0,0,0,0,True,7,/workspace/MasterDissertation/results/freshretailnet/numerical/B2__derived_field_collapse__seed21__origin0,
B2,derived_field_collapse,22,0,18473.63825,2639.0911785714284,5330.22225,0.7453954496208017,0.0,0.3047619047619048,7,7,1.0,7,6,1,0,0.4571428571428572,44.46112111580655,2263.0,4.864339372514362,-19706.660475,Run-level descriptive proxy; replication-level expected cost/CVaR is computed in study_summary.json.,0,0,0,0,True,7,/workspace/MasterDissertation/results/freshretailnet/numerical/B2__derived_field_collapse__seed22__origin0,
B2,derived_field_collapse,23,0,19915.62075,2845.0886785714288,5259.8545,0.7034127843986999,0.0,0.3380952380952381,7,7,1.0,8,7,0,0,0.48,47.888451273147325,2293.0,4.530309638028784,-21141.6062,Run-level descriptive proxy; replication-level expected cost/CVaR is computed in study_summary.json.,0,0,0,0,True,7,/workspace/MasterDissertation/results/freshretailnet/numerical/B2__derived_field_collapse__seed23__origin0,
B2,derived_field_collapse,24,0,19043.4775,2720.496785714285,4681.5275,0.7256229685807151,0.0,0.3571428571428571,7,7,1.0,7,5,2,0,0.4571428571428572,61.09213941842028,2267.1428571428573,4.726654064272212,-20211.63025,Run-level descriptive proxy; replication-level expected cost/CVaR is computed in study_summary.json.,0,0,0,0,True,7,/workspace/MasterDissertation/results/freshretailnet/numerical/B2__derived_field_collapse__seed24__origin0,
B2,derived_field_collapse,25,0,18339.77925,2619.968464285714,3619.39225,0.7552816901408451,0.0,0.2619047619047619,7,7,1.0,7,7,0,0,0.4571428571428572,28.74090644932163,2335.5714285714284,4.775704936081718,-19401.718475,Run-level descriptive proxy; replication-level expected cost/CVaR is computed in study_summary.json.,0,0,0,0,True,7,/workspace/MasterDissertation/results/freshretailnet/numerical/B2__derived_field_collapse__seed25__origin0,
B2,derived_field_collapse,26,0,18807.7565,2686.822357142857,4854.71425,0.7488488624052004,0.0,0.3047619047619048,7,7,1.0,6,5,2,0,0.4571428571428572,35.92805157161409,2303.1428571428573,4.801699540999875,-19993.227925,Run-level descriptive proxy; replication-level expected cost/CVaR is computed in study_summary.json.,0,0,0,0,True,7,/workspace/MasterDissertation/results/freshretailnet/numerical/B2__derived_field_collapse__seed26__origin0,
B2,derived_field_collapse,27,0,17459.967500000002,2494.281071428572,3810.3095,0.7719393282773565,0.0,0.2904761904761905,7,7,1.0,5,5,2,0,0.4571428571428572,29.794535044734143,1998.571428571429,5.704074338813438,-18540.998450000003,Run-level descriptive proxy; replication-level expected cost/CVaR is computed in study_summary.json.,0,0,0,0,True,7,/workspace/MasterDissertation/results/freshretailnet/numerical/B2__derived_field_collapse__seed27__origin0,
B2,derived_field_collapse,28,0,19465.05675,2780.722392857143,4221.832,0.7223049837486457,0.0,0.3285714285714285,7,7,1.0,5,5,2,0,0.4571428571428572,22.58666298366325,2202.714285714286,4.842661651209546,-20587.23995,Run-level descriptive proxy; replication-level expected cost/CVaR is computed in study_summary.json.,0,0,0,0,True,7,/workspace/MasterDissertation/results/freshretailnet/numerical/B2__derived_field_collapse__seed28__origin0,
B2,derived_field_collapse,29,0,20701.0765,2957.2966428571426,4629.503,0.6950162513542795,0.0,0.3285714285714285,7,7,1.0,9,7,0,0,0.4571428571428572,52.64194713694315,2126.0,4.827845719661336,-21864.0268,Run-level descriptive proxy; replication-level expected cost/CVaR is computed in study_summary.json.,0,0,0,0,True,7,/workspace/MasterDissertation/results/freshretailnet/numerical/B2__derived_field_collapse__seed29__origin0,
B2,feed_gap,0,0,23223.296,3317.6137142857147,4744.9375,0.6508667388949079,0.0,0.3714285714285714,7,7,1.0,7,7,0,0,0.4571428571428572,4.5113697185372255,2149.714285714286,4.471291866028708,-24397.789750000004,Run-level descriptive proxy; replication-level expected cost/CVaR is computed in study_summary.json.,0,0,0,0,True,7,/workspace/MasterDissertation/results/freshretailnet/numerical/B2__feed_gap__seed0__origin0,
B2,feed_gap,1,0,21682.56925,3097.509892857143,4202.47325,0.6632583965330444,0.0,0.3952380952380952,7,7,1.0,6,6,1,0,0.48,7.995420041756649,2009.857142857143,4.873480702253181,-22802.816575,Run-level descriptive proxy; replication-level expected cost/CVaR is computed in study_summary.json.,0,0,0,0,True,7,/workspace/MasterDissertation/results/freshretailnet/numerical/B2__feed_gap__seed1__origin0,
B2,feed_gap,2,0,21849.80225,3121.400321428572,5321.24825,0.6426056338028169,0.0,0.4,7,7,1.0,7,7,0,0,0.4571428571428572,11.98019249671758,1667.571428571429,5.690910648505097,-23081.927075,Run-level descriptive proxy; replication-level expected cost/CVaR is computed in study_summary.json.,0,0,0,0,True,7,/workspace/MasterDissertation/results/freshretailnet/numerical/B2__feed_gap__seed2__origin0,
B2,feed_gap,3,0,22811.511,3258.7872857142856,5747.8915,0.6424702058504875,0.0,0.4047619047619047,7,7,1.0,8,7,0,0,0.48,26.149980628358648,2152.5714285714284,4.407751526413592,-24086.30015,Run-level descriptive proxy; replication-level expected cost/CVaR is computed in study_summary.json.,0,0,0,0,True,7,/workspace/MasterDissertation/results/freshretailnet/numerical/B2__feed_gap__seed3__origin0,
B2,feed_gap,4,0,22376.619,3196.6598571428576,4800.669,0.6528304442036836,0.0,0.3952380952380952,7,7,1.0,7,7,0,0,0.4571428571428572,8.924427998478969,2110.285714285714,4.568575683725968,-23556.685900000004,Run-level descriptive proxy; replication-level expected cost/CVaR is computed in study_summary.json.,0,0,0,0,True,7,/workspace/MasterDissertation/results/freshretailnet/numerical/B2__feed_gap__seed4__origin0,
B2,feed_gap,5,0,21317.351250000003,3045.335892857144,5076.243,0.6459913326110509,0.0,0.4047619047619047,7,7,1.0,3,3,4,0,0.4571428571428572,17.384988412888596,1726.428571428571,5.525858502275549,-22524.975550000003,Run-level descriptive proxy; replication-level expected cost/CVaR is computed in study_summary.json.,0,0,0,0,True,7,/workspace/MasterDissertation/results/freshretailnet/numerical/B2__feed_gap__seed5__origin0,
B2,feed_gap,6,0,21716.40125,3102.3430357142856,4837.60025,0.6617009750812568,0.0,0.3952380952380952,7,7,1.0,8,7,0,0,0.48,17.31717009018575,1955.0,4.99846547314578,-22900.161275,Run-level descriptive proxy; replication-level expected cost/CVaR is computed in study_summary.json.,0,0,0,0,True,7,/workspace/MasterDissertation/results/freshretailnet/numerical/B2__feed_gap__seed6__origin0,
B2,feed_gap,7,0,23160.511500000004,3308.644500000001,5914.327,0.6208017334777898,0.0,0.4047619047619047,7,7,1.0,7,7,0,0,0.4571428571428572,13.834337310498713,1751.7142857142858,5.233730223454575,-24451.944200000005,Run-level descriptive proxy; replication-level expected cost/CVaR is computed in study_summary.json.,0,0,0,0,True,7,/workspace/MasterDissertation/results/freshretailnet/numerical/B2__feed_gap__seed7__origin0,
B2,feed_gap,8,0,25032.82975,3576.1185357142854,5700.577,0.5920232936078007,0.0,0.4333333333333333,7,7,1.0,6,6,1,0,0.4571428571428572,13.943536329002216,2106.1428571428573,4.151190395441904,-26302.88745,Run-level descriptive proxy; replication-level expected cost/CVaR is computed in study_summary.json.,0,0,0,0,True,7,/workspace/MasterDissertation/results/freshretailnet/numerical/B2__feed_gap__seed8__origin0,
B2,feed_gap,9,0,24327.8025,3475.400357142857,4990.00525,0.6319068255687974,0.0,0.4095238095238095,7,7,1.0,7,7,0,0,0.4571428571428572,5.358852481363764,2110.0,4.4227488151658765,-25526.803025,Run-level descriptive proxy; replication-level expected cost/CVaR is computed in study_summary.json.,0,0,0,0,True,7,/workspace/MasterDissertation/results/freshretailnet/numerical/B2__feed_gap__seed9__origin0,
B2,feed_gap,10,0,21270.9575,3038.7082142857143,4338.707,0.6797128927410617,0.0,0.3857142857142857,7,7,1.0,6,6,1,0,0.4571428571428572,10.31808306846799,1844.2857142857144,5.442757552285051,-22404.8282,Run-level descriptive proxy; replication-level expected cost/CVaR is computed in study_summary.json.,0,0,0,0,True,7,/workspace/MasterDissertation/results/freshretailnet/numerical/B2__feed_gap__seed10__origin0,
B2,feed_gap,12,0,24527.174250000004,3503.8820357142863,4976.257250000001,0.608274647887324,0.0,0.4333333333333333,7,7,1.0,7,7,0,0,0.4571428571428572,10.09719828668594,1801.2857142857142,4.98699341740027,-25724.799975000005,Run-level descriptive proxy; replication-level expected cost/CVaR is computed in study_summary.json.,0,0,0,0,True,7,/workspace/MasterDissertation/results/freshretailnet/numerical/B2__feed_gap__seed12__origin0,
B2,feed_gap,11,0,22663.677,3237.668142857143,5052.8462500000005,0.6245260021668473,0.0,0.4047619047619047,7,7,1.0,3,2,5,0,0.4571428571428572,20.68086871049441,2210.8571428571427,4.171685189971569,-23868.961625,Run-level descriptive proxy; replication-level expected cost/CVaR is computed in study_summary.json.,0,0,0,0,True,7,/workspace/MasterDissertation/results/freshretailnet/numerical/B2__feed_gap__seed11__origin0,
B2,feed_gap,13,0,21185.771,3026.5387142857144,4751.09825,0.6782231852654388,0.0,0.3666666666666666,7,7,1.0,6,6,1,0,0.4571428571428572,11.095648196643683,1878.2857142857144,5.332522056586553,-22360.880825,Run-level descriptive proxy; replication-level expected cost/CVaR is computed in study_summary.json.,0,0,0,0,True,7,/workspace/MasterDissertation/results/freshretailnet/numerical/B2__feed_gap__seed13__origin0,
B2,feed_gap,14,0,24928.814,3561.2591428571427,5026.45725,0.6276408450704225,0.0,0.4142857142857143,7,7,1.0,7,7,0,0,0.4571428571428572,6.1735085629829465,2290.285714285714,4.047093313373254,-26131.459725,Run-level descriptive proxy; replication-level expected cost/CVaR is computed in study_summary.json.,0,0,0,0,True,7,/workspace/MasterDissertation/results/freshretailnet/numerical/B2__feed_gap__seed14__origin0,
B2,feed_gap,15,0,22112.48175,3158.925964285714,4645.807000000001,0.6562838569880823,0.0,0.4047619047619047,7,7,1.0,7,7,0,0,0.4571428571428572,9.354079165440991,2045.571428571429,4.738040365947343,-23277.06245,Run-level descriptive proxy; replication-level expected cost/CVaR is computed in study_summary.json.,0,0,0,0,True,7,/workspace/MasterDissertation/results/freshretailnet/numerical/B2__feed_gap__seed15__origin0,
B2,feed_gap,16,0,22560.22975,3222.889964285714,4680.44175,0.6285211267605634,0.0,0.3857142857142857,7,7,1.0,6,6,1,0,0.5028571428571429,10.541940679729368,1820.4285714285716,5.0987993408145655,-23728.273925,Run-level descriptive proxy; replication-level expected cost/CVaR is computed in study_summary.json.,0,0,0,0,True,7,/workspace/MasterDissertation/results/freshretailnet/numerical/B2__feed_gap__seed16__origin0,
B2,feed_gap,17,0,20873.872250000004,2981.9817500000004,3869.0845,0.71397616468039,0.0,0.3809523809523809,7,7,1.0,7,7,0,0,0.4571428571428572,5.978430753556849,2033.2857142857144,5.185695215344622,-21960.780700000003,Run-level descriptive proxy; replication-level expected cost/CVaR is computed in study_summary.json.,0,0,0,0,True,7,/workspace/MasterDissertation/results/freshretailnet/numerical/B2__feed_gap__seed17__origin0,
B2,feed_gap,18,0,22333.89925,3190.557035714286,4772.23825,0.6394907908992417,0.0,0.3761904761904762,7,7,1.0,4,4,3,0,0.4571428571428572,12.297936920196014,1615.571428571429,5.845609691396232,-23511.123075000003,Run-level descriptive proxy; replication-level expected cost/CVaR is computed in study_summary.json.,0,0,0,0,True,7,/workspace/MasterDissertation/results/freshretailnet/numerical/B2__feed_gap__seed18__origin0,
B2,feed_gap,19,0,20311.691,2901.6701428571428,4377.94525,0.698537378114843,0.0,0.3476190476190476,7,7,1.0,6,6,1,0,0.4571428571428572,11.577531765904476,2215.428571428572,4.656435388186742,-21449.485525,Run-level descriptive proxy; replication-level expected cost/CVaR is computed in study_summary.json.,0,0,0,0,True,7,/workspace/MasterDissertation/results/freshretailnet/numerical/B2__feed_gap__seed19__origin0,
B2,feed_gap,20,0,21149.794,3021.399142857143,4373.3445,0.692578548212351,0.0,0.3809523809523809,7,7,1.0,7,7,0,0,0.4571428571428572,8.819749029624262,2124.5714285714284,4.814147391070469,-22287.12845,Run-level descriptive proxy; replication-level expected cost/CVaR is computed in study_summary.json.,0,0,0,0,True,7,/workspace/MasterDissertation/results/freshretailnet/numerical/B2__feed_gap__seed20__origin0,
B2,feed_gap,21,0,24461.539,3494.505571428572,6413.53525,0.6001489707475623,0.0,0.4523809523809524,7,7,1.0,6,5,2,0,0.4571428571428572,20.749400914054483,1733.142857142857,5.113831190240686,-25802.892525,Run-level descriptive proxy; replication-level expected cost/CVaR is computed in study_summary.json.,0,0,0,0,True,7,/workspace/MasterDissertation/results/freshretailnet/numerical/B2__feed_gap__seed21__origin0,
B2,feed_gap,22,0,21273.7115,3039.101642857143,4895.35625,0.678832611050921,0.0,0.3714285714285714,7,7,1.0,5,5,2,0,0.4571428571428572,10.990913624003616,2066.0,4.852371732817038,-22463.247125,Run-level descriptive proxy; replication-level expected cost/CVaR is computed in study_summary.json.,0,0,0,0,True,7,/workspace/MasterDissertation/results/freshretailnet/numerical/B2__feed_gap__seed22__origin0,
B2,feed_gap,23,0,21481.09825,3068.7283214285712,4928.441,0.6538461538461539,0.0,0.4238095238095238,7,7,1.0,7,7,0,0,0.4571428571428572,18.22771974257241,1703.0,5.669994128009395,-22673.94235,Run-level descriptive proxy; replication-level expected cost/CVaR is computed in study_summary.json.,0,0,0,0,True,7,/workspace/MasterDissertation/results/freshretailnet/numerical/B2__feed_gap__seed23__origin0,
B2,feed_gap,24,0,22977.1435,3282.449071428571,5005.46925,0.6240520043336945,0.0,0.4285714285714285,7,7,1.0,6,6,1,0,0.4571428571428572,12.831438380243798,1868.2857142857144,4.932864352347454,-24177.690425,Run-level descriptive proxy; replication-level expected cost/CVaR is computed in study_summary.json.,0,0,0,0,True,7,/workspace/MasterDissertation/results/freshretailnet/numerical/B2__feed_gap__seed24__origin0,
B2,feed_gap,25,0,20330.263,2904.3232857142857,4026.2485,0.715465872156013,0.0,0.3333333333333333,7,7,1.0,7,7,0,0,0.4571428571428572,5.837617575100984,2234.8571428571427,4.72781897212989,-21432.88785,Run-level descriptive proxy; replication-level expected cost/CVaR is computed in study_summary.json.,0,0,0,0,True,7,/workspace/MasterDissertation/results/freshretailnet/numerical/B2__feed_gap__seed25__origin0,
B2,feed_gap,26,0,22702.08325,3243.15475,4585.96975,0.6501895991332611,0.0,0.3857142857142857,7,7,1.0,6,6,1,0,0.4571428571428572,9.845292691151466,2128.714285714286,4.510703979598684,-23860.680225,Run-level descriptive proxy; replication-level expected cost/CVaR is computed in study_summary.json.,0,0,0,0,True,7,/workspace/MasterDissertation/results/freshretailnet/numerical/B2__feed_gap__seed26__origin0,
B2,feed_gap,27,0,20486.263000000003,2926.6090000000004,3858.922,0.7181744312026003,0.0,0.3428571428571428,7,7,1.0,7,7,0,0,0.48,4.1922273082745605,2234.8571428571427,4.7457172078752246,-21572.1552,Run-level descriptive proxy; replication-level expected cost/CVaR is computed in study_summary.json.,0,0,0,0,True,7,/workspace/MasterDissertation/results/freshretailnet/numerical/B2__feed_gap__seed27__origin0,
B2,feed_gap,28,0,23435.64425,3347.9491785714285,4723.99775,0.640032502708559,0.0,0.4047619047619047,7,7,1.0,7,7,0,0,0.4571428571428572,6.504383730691138,2367.0,3.993240388677651,-24608.044025000003,Run-level descriptive proxy; replication-level expected cost/CVaR is computed in study_summary.json.,0,0,0,0,True,7,/workspace/MasterDissertation/results/freshretailnet/numerical/B2__feed_gap__seed28__origin0,
B2,feed_gap,29,0,22755.5115,3250.787357142857,5142.1215,0.6608206933911159,0.0,0.3666666666666666,7,7,1.0,7,7,0,0,0.4571428571428572,5.660893678387706,2237.428571428572,4.361703486144809,-23969.72365,Run-level descriptive proxy; replication-level expected cost/CVaR is computed in study_summary.json.,0,0,0,0,True,7,/workspace/MasterDissertation/results/freshretailnet/numerical/B2__feed_gap__seed29__origin0,
B3,normal,0,0,18834.1875,2690.598214285714,3335.45475,0.85170639219935,0.0,0.1952380952380952,3,7,0.4285714285714285,0,0,3,0,0.7999999999999999,0.1040307363376118,2821.428571428572,4.458025316455696,-19467.732975,Run-level descriptive proxy; replication-level expected cost/CVaR is computed in study_summary.json.,0,0,0,0,True,7,/workspace/MasterDissertation/results/freshretailnet/numerical/B3__normal__seed0__origin0,
B3,normal,1,0,18489.906,2641.4151428571427,2984.5740000000005,0.8616603466955579,0.0,0.1714285714285714,3,7,0.4285714285714285,0,0,3,0,0.7999999999999999,0.0216496028813522,2932.5714285714284,4.339195245518317,-19088.3634,Run-level descriptive proxy; replication-level expected cost/CVaR is computed in study_summary.json.,0,0,0,0,True,7,/workspace/MasterDissertation/results/freshretailnet/numerical/B3__normal__seed1__origin0,
B3,normal,2,0,18667.147,2666.735285714286,3111.811,0.8451381365113759,0.0,0.1761904761904762,4,7,0.5714285714285714,0,0,4,0,0.8228571428571428,0.1691244735577095,2976.5714285714284,4.193079285851411,-19378.3281,Run-level descriptive proxy; replication-level expected cost/CVaR is computed in study_summary.json.,0,0,0,0,True,7,/workspace/MasterDissertation/results/freshretailnet/numerical/B3__normal__seed2__origin0,
B3,normal,3,0,19054.028,2722.0040000000004,3306.951000000001,0.8353196099674973,0.0,0.2428571428571428,3,7,0.4285714285714285,0,0,3,0,0.8228571428571428,0.1829482920669541,2809.1428571428573,4.391375101708706,-19684.723100000003,Run-level descriptive proxy; replication-level expected cost/CVaR is computed in study_summary.json.,0,0,0,0,True,7,/workspace/MasterDissertation/results/freshretailnet/numerical/B3__normal__seed3__origin0,
B3,normal,4,0,20285.255750000004,2897.893678571429,3910.1195,0.8183234019501625,0.0,0.2619047619047619,6,7,0.8571428571428571,0,0,6,0,0.7999999999999999,0.3685415306466541,3061.5714285714284,3.9473193038122343,-21276.267700000004,Run-level descriptive proxy; replication-level expected cost/CVaR is computed in study_summary.json.,0,0,0,0,True,7,/workspace/MasterDissertation/results/freshretailnet/numerical/B3__normal__seed4__origin0,
B3,normal,5,0,19219.26575,2745.609392857143,3307.7119999999995,0.844257854821235,0.0,0.2095238095238095,3,7,0.4285714285714285,0,0,3,0,0.7999999999999999,0.0592847559531923,2873.0,4.339714584058475,-19850.03695,Run-level descriptive proxy; replication-level expected cost/CVaR is computed in study_summary.json.,0,0,0,0,True,7,/workspace/MasterDissertation/results/freshretailnet/numerical/B3__normal__seed5__origin0,
B3,normal,6,0,17918.2945,2559.7563571428573,2778.148,0.8826516793066089,0.0,0.1619047619047619,1,7,0.1428571428571428,0,0,1,0,0.7999999999999999,0.01152540913624,3180.8571428571427,4.097952034492051,-18296.1093,Run-level descriptive proxy; replication-level expected cost/CVaR is computed in study_summary.json.,0,0,0,0,True,7,/workspace/MasterDissertation/results/freshretailnet/numerical/B3__normal__seed6__origin0,
B3,normal,7,0,18421.132,2631.590285714286,2907.024,0.8597643553629469,0.0,0.1857142857142857,4,7,0.5714285714285714,0,0,4,0,0.7999999999999999,0.1336539220399055,2830.8571428571427,4.485213968510295,-19111.8344,Run-level descriptive proxy; replication-level expected cost/CVaR is computed in study_summary.json.,0,0,0,0,True,7,/workspace/MasterDissertation/results/freshretailnet/numerical/B3__normal__seed7__origin0,
B3,normal,8,0,18481.64225,2640.2346071428574,3268.42075,0.8524512459371615,0.0,0.2095238095238095,6,7,0.8571428571428571,0,0,6,0,0.7999999999999999,0.2244025283579305,2741.8571428571427,4.591413536185068,-19408.484325,Run-level descriptive proxy; replication-level expected cost/CVaR is computed in study_summary.json.,0,0,0,0,True,7,/workspace/MasterDissertation/results/freshretailnet/numerical/B3__normal__seed8__origin0,
B3,normal,9,0,20756.791500000003,2965.255928571429,3415.24875,0.8058640303358613,0.0,0.2761904761904762,2,7,0.2857142857142857,0,0,2,0,0.7999999999999999,0.1043528795586135,2671.714285714286,4.454443375040103,-21298.316375,Run-level descriptive proxy; replication-level expected cost/CVaR is computed in study_summary.json.,0,0,0,0,True,7,/workspace/MasterDissertation/results/freshretailnet/numerical/B3__normal__seed9__origin0,
B3,normal,10,0,18482.33525,2640.333607142857,3038.243,0.863353196099675,0.0,0.1809523809523809,3,7,0.4285714285714285,0,0,3,0,0.7999999999999999,0.075638008595269,2953.8571428571427,4.316390192000774,-19086.15955,Run-level descriptive proxy; replication-level expected cost/CVaR is computed in study_summary.json.,0,0,0,0,True,7,/workspace/MasterDissertation/results/freshretailnet/numerical/B3__normal__seed10__origin0,
B3,normal,11,0,20111.09975,2873.01425,3176.3370000000004,0.8198131094257854,0.0,0.2142857142857142,5,7,0.7142857142857143,0,0,5,0,0.7999999999999999,0.4471157778431471,3443.285714285714,3.516118325519645,-20928.73345,Run-level descriptive proxy; replication-level expected cost/CVaR is computed in study_summary.json.,0,0,0,0,True,7,/workspace/MasterDissertation/results/freshretailnet/numerical/B3__normal__seed11__origin0,
B3,normal,12,0,20453.42525,2921.9178928571428,3333.65075,0.8234019501625135,0.0,0.219047619047619,5,7,0.7142857142857143,0,0,5,0,0.7999999999999999,0.1437953350217751,2742.428571428572,4.434026149919258,-21286.790325,Run-level descriptive proxy; replication-level expected cost/CVaR is computed in study_summary.json.,0,0,0,0,True,7,/workspace/MasterDissertation/results/freshretailnet/numerical/B3__normal__seed12__origin0,
B3,normal,13,0,17996.391750000003,2570.9131071428574,3056.261000000001,0.8559046587215602,0.0,0.1952380952380952,5,7,0.7142857142857143,0,0,5,0,0.7999999999999999,0.2123662818645563,2857.0,4.424221211060553,-18802.017850000004,Run-level descriptive proxy; replication-level expected cost/CVaR is computed in study_summary.json.,0,0,0,0,True,7,/workspace/MasterDissertation/results/freshretailnet/numerical/B3__normal__seed13__origin0,
B3,normal,14,0,19358.248,2765.464,3264.2675,0.830511917659805,0.0,0.2285714285714285,6,7,0.8571428571428571,0,0,6,0,0.7999999999999999,0.1841511275012734,2603.428571428572,4.711095258999122,-20284.67475,Run-level descriptive proxy; replication-level expected cost/CVaR is computed in study_summary.json.,0,0,0,0,True,7,/workspace/MasterDissertation/results/freshretailnet/numerical/B3__normal__seed14__origin0,
B3,normal,15,0,17988.876,2569.8394285714285,3565.03575,0.8653169014084507,0.0,0.1571428571428571,5,7,0.7142857142857143,0,0,5,0,0.7999999999999999,0.2651202835434319,2984.0,4.282506702412869,-18845.379575,Run-level descriptive proxy; replication-level expected cost/CVaR is computed in study_summary.json.,0,0,0,0,True,7,/workspace/MasterDissertation/results/freshretailnet/numerical/B3__normal__seed15__origin0,
B3,normal,16,0,18656.536,2665.2194285714286,3456.28425,0.8479821235102926,0.0,0.1904761904761904,2,7,0.2857142857142857,0,0,2,0,0.7999999999999999,0.0730099225851814,2738.285714285714,4.573299248747913,-19202.164425,Run-level descriptive proxy; replication-level expected cost/CVaR is computed in study_summary.json.,0,0,0,0,True,7,/workspace/MasterDissertation/results/freshretailnet/numerical/B3__normal__seed16__origin0,
B3,normal,17,0,17781.321750000003,2540.188821428572,3141.0015,0.8726977248104009,0.0,0.2,5,7,0.7142857142857143,0,0,5,0,0.7999999999999999,0.1293961070175564,2662.714285714286,4.840173829068083,-18595.4219,Run-level descriptive proxy; replication-level expected cost/CVaR is computed in study_summary.json.,0,0,0,0,True,7,/workspace/MasterDissertation/results/freshretailnet/numerical/B3__normal__seed17__origin0,
B3,normal,18,0,20510.61075,2930.08725,3576.6050000000005,0.8013271939328277,0.0,0.2476190476190476,2,7,0.2857142857142857,0,0,2,0,0.7999999999999999,0.188523378701239,2595.8571428571427,4.558802487480051,-21068.27125,Run-level descriptive proxy; replication-level expected cost/CVaR is computed in study_summary.json.,0,0,0,0,True,7,/workspace/MasterDissertation/results/freshretailnet/numerical/B3__normal__seed18__origin0,
B3,normal,19,0,16054.65375,2293.5219642857146,2550.85775,0.9132583965330444,0.0,0.1666666666666666,2,7,0.2857142857142857,0,0,2,0,0.7999999999999999,0.0741334777835972,3293.5714285714284,4.094946866189547,-16509.739525,Run-level descriptive proxy; replication-level expected cost/CVaR is computed in study_summary.json.,0,0,0,0,True,7,/workspace/MasterDissertation/results/freshretailnet/numerical/B3__normal__seed19__origin0,
B3,normal,20,0,18379.1745,2625.5963571428574,3385.11425,0.8573943661971831,0.0,0.2047619047619047,3,7,0.4285714285714285,0,0,3,0,0.7999999999999999,0.0446527095186505,2900.8571428571427,4.364916773367478,-19017.685925,Run-level descriptive proxy; replication-level expected cost/CVaR is computed in study_summary.json.,0,0,0,0,True,7,/workspace/MasterDissertation/results/freshretailnet/numerical/B3__normal__seed20__origin0,
B3,normal,21,0,19573.899,2796.2712857142856,3302.0917500000005,0.8318661971830986,0.0,0.238095238095238,3,7,0.4285714285714285,0,0,3,0,0.7999999999999999,0.1124505843778474,3030.285714285714,4.054073166132378,-20204.108175,Run-level descriptive proxy; replication-level expected cost/CVaR is computed in study_summary.json.,0,0,0,0,True,7,/workspace/MasterDissertation/results/freshretailnet/numerical/B3__normal__seed21__origin0,
B3,normal,22,0,18493.81375,2641.973392857143,3457.68125,0.8583423618634887,0.0,0.1761904761904762,3,7,0.4285714285714285,0,0,3,0,0.7999999999999999,0.155387827434549,2876.428571428572,4.406853737273404,-19139.581875,Run-level descriptive proxy; replication-level expected cost/CVaR is computed in study_summary.json.,0,0,0,0,True,7,/workspace/MasterDissertation/results/freshretailnet/numerical/B3__normal__seed22__origin0,
B3,normal,23,0,17458.418749999997,2494.059821428571,3091.01,0.8825839653304443,0.0,0.1714285714285714,3,7,0.4285714285714285,0,0,3,0,0.7999999999999999,0.0584553627160476,3153.5714285714284,4.133091732729332,-18067.51975,Run-level descriptive proxy; replication-level expected cost/CVaR is computed in study_summary.json.,0,0,0,0,True,7,/workspace/MasterDissertation/results/freshretailnet/numerical/B3__normal__seed23__origin0,
B3,normal,24,0,18711.9795,2673.1399285714288,3293.357,0.8516386782231853,0.0,0.2047619047619047,3,7,0.4285714285714285,0,0,3,0,0.7999999999999999,0.033816787320902,2892.285714285714,4.348463894102539,-19341.3152,Run-level descriptive proxy; replication-level expected cost/CVaR is computed in study_summary.json.,0,0,0,0,True,7,/workspace/MasterDissertation/results/freshretailnet/numerical/B3__normal__seed24__origin0,
B3,normal,25,0,18223.85525,2603.407892857143,3058.59025,0.863556338028169,0.0,0.1571428571428571,3,7,0.4285714285714285,0,0,3,0,0.7999999999999999,0.1239408375723746,3005.285714285714,4.243523316062176,-18829.714275,Run-level descriptive proxy; replication-level expected cost/CVaR is computed in study_summary.json.,0,0,0,0,True,7,/workspace/MasterDissertation/results/freshretailnet/numerical/B3__normal__seed25__origin0,
B3,normal,26,0,18638.899,2662.699857142857,3425.366,0.8559046587215602,0.0,0.2,4,7,0.5714285714285714,0,0,4,0,0.7999999999999999,0.1187108531414345,3001.714285714286,4.210927089282315,-19381.4356,Run-level descriptive proxy; replication-level expected cost/CVaR is computed in study_summary.json.,0,0,0,0,True,7,/workspace/MasterDissertation/results/freshretailnet/numerical/B3__normal__seed26__origin0,
B3,normal,27,0,18396.859750000003,2628.122821428572,2952.4705,0.8575297941495125,0.0,0.1857142857142857,2,7,0.2857142857142857,0,0,2,0,0.7999999999999999,0.1161211516799517,2683.285714285714,4.719586860458926,-18892.106800000005,Run-level descriptive proxy; replication-level expected cost/CVaR is computed in study_summary.json.,0,0,0,0,True,7,/workspace/MasterDissertation/results/freshretailnet/numerical/B3__normal__seed27__origin0,
B3,normal,29,0,19692.29125,2813.1844642857145,3259.43925,0.8395178764897074,0.0,0.1904761904761904,5,7,0.7142857142857143,0,0,5,0,0.7999999999999999,0.0169724276971423,3029.285714285714,4.0927139825512855,-20518.235175,Run-level descriptive proxy; replication-level expected cost/CVaR is computed in study_summary.json.,0,0,0,0,True,7,/workspace/MasterDissertation/results/freshretailnet/numerical/B3__normal__seed29__origin0,
B3,normal,28,0,18730.64725,2675.80675,3213.6160000000004,0.8590872156013001,0.1428571428571428,0.2047619047619047,3,7,0.4285714285714285,0,0,3,0,0.7999999999999999,0.0528989302549164,2990.428571428572,4.242535709167344,-19352.00885,Run-level descriptive proxy; replication-level expected cost/CVaR is computed in study_summary.json.,0,0,0,0,True,7,/workspace/MasterDissertation/results/freshretailnet/numerical/B3__normal__seed28__origin0,
B3,derived_field_collapse,0,0,19159.30075,2737.042964285714,3323.3547500000004,0.8475758396533044,0.0,0.2047619047619047,4,7,0.5714285714285714,0,0,4,0,0.4571428571428572,0.0651475473349643,2870.1428571428573,4.361106963316908,-19891.636225,Run-level descriptive proxy; replication-level expected cost/CVaR is computed in study_summary.json.,0,0,0,0,True,7,/workspace/MasterDissertation/results/freshretailnet/numerical/B3__derived_field_collapse__seed0__origin0,
B3,derived_field_collapse,1,0,18207.028,2601.004,2975.224,0.8682963163596966,0.0,0.1761904761904762,3,7,0.4285714285714285,0,0,3,0,0.4571428571428572,0.08481837292562,3066.285714285714,4.181932538203504,-18804.5504,Run-level descriptive proxy; replication-level expected cost/CVaR is computed in study_summary.json.,0,0,0,0,True,7,/workspace/MasterDissertation/results/freshretailnet/numerical/B3__derived_field_collapse__seed1__origin0,
B3,derived_field_collapse,3,0,18824.7385,2689.248357142857,3365.3610000000003,0.8490655471289275,0.0,0.238095238095238,4,7,0.5714285714285714,0,0,4,0,0.48,0.121694085909642,2905.428571428572,4.315714426197266,-19561.2746,Run-level descriptive proxy; replication-level expected cost/CVaR is computed in study_summary.json.,0,0,0,0,True,7,/workspace/MasterDissertation/results/freshretailnet/numerical/B3__derived_field_collapse__seed3__origin0,
B3,derived_field_collapse,2,0,18910.8595,2701.551357142857,3151.410999999999,0.843851570964247,0.0,0.1714285714285714,7,7,1.0,0,0,7,0,0.4571428571428572,0.208230436435905,3126.5714285714284,3.985835694050992,-19926.0006,Run-level descriptive proxy; replication-level expected cost/CVaR is computed in study_summary.json.,0,0,0,0,True,7,/workspace/MasterDissertation/results/freshretailnet/numerical/B3__derived_field_collapse__seed2__origin0,
B3,derived_field_collapse,4,0,20468.676,2924.096571428571,3910.1195,0.8202871072589383,0.0,0.2476190476190476,6,7,0.8571428571428571,0,0,6,0,0.48,0.0561332768925017,3326.8571428571427,3.641274476125043,-21459.68795,Run-level descriptive proxy; replication-level expected cost/CVaR is computed in study_summary.json.,0,0,0,0,True,7,/workspace/MasterDissertation/results/freshretailnet/numerical/B3__derived_field_collapse__seed4__origin0,
B3,derived_field_collapse,5,0,19807.642,2829.6631428571427,3373.83925,0.8343716143011918,0.0,0.2142857142857142,6,7,0.8571428571428571,0,0,6,0,0.4571428571428572,0.0895985047962749,3156.5714285714284,3.9036024619840695,-20745.025925,Run-level descriptive proxy; replication-level expected cost/CVaR is computed in study_summary.json.,0,0,0,0,True,7,/workspace/MasterDissertation/results/freshretailnet/numerical/B3__derived_field_collapse__seed5__origin0,
B3,derived_field_collapse,6,0,18098.312250000003,2585.473178571429,2915.648,0.8854956663055255,0.0,0.1476190476190476,3,7,0.4285714285714285,0,0,3,0,0.4571428571428572,0.0235964528372279,3279.0,3.9881061299176577,-18689.877050000003,Run-level descriptive proxy; replication-level expected cost/CVaR is computed in study_summary.json.,0,0,0,0,True,7,/workspace/MasterDissertation/results/freshretailnet/numerical/B3__derived_field_collapse__seed6__origin0,
B3,derived_field_collapse,7,0,19213.5885,2744.798357142857,3162.29825,0.8501489707475623,0.0,0.1857142857142857,6,7,0.8571428571428571,0,0,6,0,0.4571428571428572,0.0314114751863623,3019.714285714286,4.157678115242691,-20129.818325,Run-level descriptive proxy; replication-level expected cost/CVaR is computed in study_summary.json.,0,0,0,0,True,7,/workspace/MasterDissertation/results/freshretailnet/numerical/B3__derived_field_collapse__seed7__origin0,
B3,derived_field_collapse,8,0,19358.96375,2765.56625,3191.6270000000004,0.8391793066088841,0.0,0.219047619047619,6,7,0.8571428571428571,0,0,6,0,0.4571428571428572,0.0697970999935427,2790.714285714286,4.440798566675198,-20278.12645,Run-level descriptive proxy; replication-level expected cost/CVaR is computed in study_summary.json.,0,0,0,0,True,7,/workspace/MasterDissertation/results/freshretailnet/numerical/B3__derived_field_collapse__seed8__origin0,
B3,derived_field_collapse,9,0,20934.4875,2990.641071428571,3393.19925,0.8030877573131094,0.0,0.2619047619047619,5,7,0.7142857142857143,0,0,5,0,0.4571428571428572,0.0208159048350181,2792.8571428571427,4.246547314578005,-21773.807425,Run-level descriptive proxy; replication-level expected cost/CVaR is computed in study_summary.json.,0,0,0,0,True,7,/workspace/MasterDissertation/results/freshretailnet/numerical/B3__derived_field_collapse__seed9__origin0,
B3,derived_field_collapse,10,0,18774.68775,2682.09825,3149.9315,0.860373781148429,0.0,0.1761904761904762,4,7,0.5714285714285714,0,0,4,0,0.4571428571428572,0.2133757596194548,3149.5714285714284,4.034199664353427,-19489.6809,Run-level descriptive proxy; replication-level expected cost/CVaR is computed in study_summary.json.,0,0,0,0,True,7,/workspace/MasterDissertation/results/freshretailnet/numerical/B3__derived_field_collapse__seed10__origin0,
B3,derived_field_collapse,11,0,20378.474,2911.210571428572,3176.3370000000004,0.8213028169014085,0.0,0.2142857142857142,5,7,0.7142857142857143,0,0,5,0,0.4571428571428572,0.2844840327452486,3473.1428571428573,3.4922260612043434,-21196.1077,Run-level descriptive proxy; replication-level expected cost/CVaR is computed in study_summary.json.,0,0,0,0,True,7,/workspace/MasterDissertation/results/freshretailnet/numerical/B3__derived_field_collapse__seed11__origin0,
B3,derived_field_collapse,13,0,18029.206,2575.600857142857,3199.54425,0.8594257854821236,0.0,0.2,5,7,0.7142857142857143,0,0,5,0,0.4571428571428572,0.0888024738303474,2932.5714285714284,4.327942322681216,-18849.160425,Run-level descriptive proxy; replication-level expected cost/CVaR is computed in study_summary.json.,0,0,0,0,True,7,/workspace/MasterDissertation/results/freshretailnet/numerical/B3__derived_field_collapse__seed13__origin0,
B3,derived_field_collapse,12,0,19802.567000000003,2828.9381428571432,3265.492,0.8418201516793066,0.0,0.2142857142857142,3,7,0.4285714285714285,0,0,3,0,0.4571428571428572,0.0105442713751712,2799.428571428572,4.440906307409676,-20429.116200000004,Run-level descriptive proxy; replication-level expected cost/CVaR is computed in study_summary.json.,0,0,0,0,True,7,/workspace/MasterDissertation/results/freshretailnet/numerical/B3__derived_field_collapse__seed12__origin0,
B3,derived_field_collapse,15,0,18315.32025,2616.474321428572,3839.48575,0.8682963163596966,0.0,0.1523809523809524,5,7,0.7142857142857143,0,0,5,0,0.4571428571428572,0.0724510148587664,3208.1428571428573,3.997016520461326,-19199.268825,Run-level descriptive proxy; replication-level expected cost/CVaR is computed in study_summary.json.,0,0,0,0,True,7,/workspace/MasterDissertation/results/freshretailnet/numerical/B3__derived_field_collapse__seed15__origin0,
B3,derived_field_collapse,14,0,20067.94125,2866.84875,3663.8625,0.8204902491874323,0.0,0.2428571428571428,6,7,0.8571428571428571,0,0,6,0,0.4571428571428572,0.0394650557114055,2715.0,4.4629834254143645,-21034.3275,Run-level descriptive proxy; replication-level expected cost/CVaR is computed in study_summary.json.,0,0,0,0,True,7,/workspace/MasterDissertation/results/freshretailnet/numerical/B3__derived_field_collapse__seed14__origin0,
B3,derived_field_collapse,17,0,17830.9345,2547.2763571428573,3202.6015,0.8753385698808234,0.0,0.2047619047619047,6,7,0.8571428571428571,0,0,6,0,0.4571428571428572,0.0483035464453038,2740.8571428571427,4.716407797352236,-18751.19465,Run-level descriptive proxy; replication-level expected cost/CVaR is computed in study_summary.json.,0,0,0,0,True,7,/workspace/MasterDissertation/results/freshretailnet/numerical/B3__derived_field_collapse__seed17__origin0,
B3,derived_field_collapse,16,0,18836.14125,2690.877321428572,3456.28425,0.8445287107258939,0.0,0.1952380952380952,4,7,0.5714285714285714,0,0,4,0,0.4571428571428572,0.1308547198645419,2772.1428571428573,4.499046637464571,-19581.769675,Run-level descriptive proxy; replication-level expected cost/CVaR is computed in study_summary.json.,0,0,0,0,True,7,/workspace/MasterDissertation/results/freshretailnet/numerical/B3__derived_field_collapse__seed16__origin0,
B3,derived_field_collapse,18,0,19853.349,2836.1927142857144,3648.413000000001,0.8193391115926327,0.0,0.2285714285714285,4,7,0.5714285714285714,0,0,4,0,0.4571428571428572,0.4117237890930484,2716.0,4.455081001472754,-20618.1903,Run-level descriptive proxy; replication-level expected cost/CVaR is computed in study_summary.json.,0,0,0,0,True,7,/workspace/MasterDissertation/results/freshretailnet/numerical/B3__derived_field_collapse__seed18__origin0,
B3,derived_field_collapse,19,0,16183.5195,2311.931357142857,2550.85775,0.9146803900325028,0.0,0.1571428571428571,3,7,0.4285714285714285,0,0,3,0,0.4571428571428572,0.0526194763917089,3338.0,4.04673457159976,-16738.605275,Run-level descriptive proxy; replication-level expected cost/CVaR is computed in study_summary.json.,0,0,0,0,True,7,/workspace/MasterDissertation/results/freshretailnet/numerical/B3__derived_field_collapse__seed19__origin0,
B3,derived_field_collapse,20,0,18550.1475,2650.0210714285718,3385.11425,0.8544149512459371,0.0,0.2,4,7,0.5714285714285714,0,0,4,0,0.4571428571428572,0.0607587943664397,3032.8571428571427,4.160433349034386,-19288.658925,Run-level descriptive proxy; replication-level expected cost/CVaR is computed in study_summary.json.,0,0,0,0,True,7,/workspace/MasterDissertation/results/freshretailnet/numerical/B3__derived_field_collapse__seed20__origin0,
B3,derived_field_collapse,21,0,19678.90775,2811.272535714286,3302.0917500000005,0.8343039003250271,0.0,0.2333333333333333,5,7,0.7142857142857143,0,0,5,0,0.4571428571428572,0.0744297921494629,3086.714285714286,3.9916230851113066,-20509.116925,Run-level descriptive proxy; replication-level expected cost/CVaR is computed in study_summary.json.,0,0,0,0,True,7,/workspace/MasterDissertation/results/freshretailnet/numerical/B3__derived_field_collapse__seed21__origin0,
B3,derived_field_collapse,22,0,18593.37825,2656.196892857143,3615.6,0.8619312026002167,0.0,0.1809523809523809,4,7,0.5714285714285714,0,0,4,0,0.4571428571428572,0.0434724743325752,3023.0,4.210717829970228,-19354.938250000003,Run-level descriptive proxy; replication-level expected cost/CVaR is computed in study_summary.json.,0,0,0,0,True,7,/workspace/MasterDissertation/results/freshretailnet/numerical/B3__derived_field_collapse__seed22__origin0,
B3,derived_field_collapse,23,0,18055.491250000003,2579.3558928571438,3091.01,0.8726300108342362,0.0,0.1809523809523809,4,7,0.5714285714285714,0,0,4,0,0.4571428571428572,0.051579864972485,3200.714285714286,4.026288774827047,-18764.59225,Run-level descriptive proxy; replication-level expected cost/CVaR is computed in study_summary.json.,0,0,0,0,True,7,/workspace/MasterDissertation/results/freshretailnet/numerical/B3__derived_field_collapse__seed23__origin0,
B3,derived_field_collapse,24,0,18953.864,2707.694857142857,3333.51525,0.8531283856988082,0.0,0.2047619047619047,3,7,0.4285714285714285,0,0,3,0,0.4571428571428572,0.0984542147669304,3061.714285714286,4.115014930944382,-19587.215525,Run-level descriptive proxy; replication-level expected cost/CVaR is computed in study_summary.json.,0,0,0,0,True,7,/workspace/MasterDissertation/results/freshretailnet/numerical/B3__derived_field_collapse__seed24__origin0,
B3,derived_field_collapse,25,0,18434.4585,2633.494071428572,3065.7402500000003,0.8626760563380281,0.0,0.1571428571428571,6,7,0.8571428571428571,0,0,6,0,0.4571428571428572,0.0090598296730497,3042.5714285714284,4.187247628885341,-19341.032525,Run-level descriptive proxy; replication-level expected cost/CVaR is computed in study_summary.json.,0,0,0,0,True,7,/workspace/MasterDissertation/results/freshretailnet/numerical/B3__derived_field_collapse__seed25__origin0,
B3,derived_field_collapse,26,0,18888.526,2698.3608571428567,3561.7660000000005,0.860373781148429,0.0,0.1952380952380952,4,7,0.5714285714285714,0,0,4,0,0.4571428571428572,0.1015325120714024,3155.428571428572,4.026711336472292,-19644.7026,Run-level descriptive proxy; replication-level expected cost/CVaR is computed in study_summary.json.,0,0,0,0,True,7,/workspace/MasterDissertation/results/freshretailnet/numerical/B3__derived_field_collapse__seed26__origin0,
B3,derived_field_collapse,27,0,18410.56575,2630.080821428572,2999.7705,0.8588840736728061,0.0,0.1809523809523809,3,7,0.4285714285714285,0,0,3,0,0.4571428571428572,0.1600391737636229,2815.8571428571427,4.504489878747908,-19010.542800000003,Run-level descriptive proxy; replication-level expected cost/CVaR is computed in study_summary.json.,0,0,0,0,True,7,/workspace/MasterDissertation/results/freshretailnet/numerical/B3__derived_field_collapse__seed27__origin0,
B3,derived_field_collapse,28,0,19522.936,2788.9908571428573,3559.92075,0.8431744312026003,0.0,0.2238095238095238,6,7,0.8571428571428571,0,0,6,0,0.4571428571428572,0.0203513441766693,3024.0,4.117724867724868,-20478.928075,Run-level descriptive proxy; replication-level expected cost/CVaR is computed in study_summary.json.,0,0,0,0,True,7,/workspace/MasterDissertation/results/freshretailnet/numerical/B3__derived_field_collapse__seed28__origin0,
B3,derived_field_collapse,29,0,20659.72275,2951.3889642857143,3525.367,0.8244176598049837,0.0,0.2,4,7,0.5714285714285714,0,0,4,0,0.4571428571428572,0.0085902467373133,3146.714285714286,3.8691151768284375,-21412.25945,Run-level descriptive proxy; replication-level expected cost/CVaR is computed in study_summary.json.,0,0,0,0,True,7,/workspace/MasterDissertation/results/freshretailnet/numerical/B3__derived_field_collapse__seed29__origin0,
B3,feed_gap,0,0,20299.39025,2899.912892857142,3347.475000000001,0.8193391115926327,0.0,0.2333333333333333,4,7,0.5714285714285714,0,0,4,0,0.4571428571428572,0.1238185092445777,2802.428571428572,4.317683641739308,-21034.13775,Run-level descriptive proxy; replication-level expected cost/CVaR is computed in study_summary.json.,0,0,0,0,True,7,/workspace/MasterDissertation/results/freshretailnet/numerical/B3__feed_gap__seed0__origin0,
B3,feed_gap,1,0,19181.19825,2740.1711785714288,3333.813,0.8435807150595883,0.0,0.1952380952380952,3,7,0.4285714285714285,0,0,3,0,0.4571428571428572,0.0371967800027263,3045.8571428571427,4.090145865578537,-19814.57955,Run-level descriptive proxy; replication-level expected cost/CVaR is computed in study_summary.json.,0,0,0,0,True,7,/workspace/MasterDissertation/results/freshretailnet/numerical/B3__feed_gap__seed1__origin0,
B3,feed_gap,2,0,19816.85325,2830.9790357142856,3750.9742500000007,0.8187973997833152,0.0,0.2047619047619047,7,7,1.0,0,0,7,0,0.4571428571428572,0.2503641151105978,3094.428571428572,3.9076681593647566,-20891.950675,Run-level descriptive proxy; replication-level expected cost/CVaR is computed in study_summary.json.,0,0,0,0,True,7,/workspace/MasterDissertation/results/freshretailnet/numerical/B3__feed_gap__seed2__origin0,
B3,feed_gap,3,0,20192.82075,2884.688678571428,3494.4314999999992,0.8183234019501625,0.0,0.2571428571428571,4,7,0.5714285714285714,0,0,4,0,0.48,0.1622242231613083,3035.8571428571427,3.980753846877794,-20942.2639,Run-level descriptive proxy; replication-level expected cost/CVaR is computed in study_summary.json.,0,0,0,0,True,7,/workspace/MasterDissertation/results/freshretailnet/numerical/B3__feed_gap__seed3__origin0,
B3,feed_gap,4,0,20119.272,2874.181714285714,3910.1195,0.8145991332611051,0.0,0.2761904761904762,7,7,1.0,0,0,7,0,0.4571428571428572,0.0798326864161746,3248.0,3.703817733990148,-21210.28395,Run-level descriptive proxy; replication-level expected cost/CVaR is computed in study_summary.json.,0,0,0,0,True,7,/workspace/MasterDissertation/results/freshretailnet/numerical/B3__feed_gap__seed4__origin0,
B3,feed_gap,5,0,18839.75475,2691.393535714286,3226.0075,0.847237269772481,0.0,0.2142857142857142,6,7,0.8571428571428571,0,0,6,0,0.4571428571428572,0.0891730461547292,2977.5714285714284,4.202082233843496,-19762.3555,Run-level descriptive proxy; replication-level expected cost/CVaR is computed in study_summary.json.,0,0,0,0,True,7,/workspace/MasterDissertation/results/freshretailnet/numerical/B3__feed_gap__seed5__origin0,
B3,feed_gap,6,0,19174.0105,2739.144357142857,3509.9917499999992,0.8542795232936078,0.0,0.1857142857142857,3,7,0.4285714285714285,0,0,3,0,0.4571428571428572,0.0316701224718214,3324.8571428571427,3.794448741084472,-19825.009675,Run-level descriptive proxy; replication-level expected cost/CVaR is computed in study_summary.json.,0,0,0,0,True,7,/workspace/MasterDissertation/results/freshretailnet/numerical/B3__feed_gap__seed6__origin0,
B3,feed_gap,7,0,18986.2645,2712.3235,3172.0745,0.852112676056338,0.0,0.1904761904761904,5,7,0.7142857142857143,0,0,5,0,0.4571428571428572,0.0681013639070448,3032.285714285714,4.150004711203241,-19803.471950000003,Run-level descriptive proxy; replication-level expected cost/CVaR is computed in study_summary.json.,0,0,0,0,True,7,/workspace/MasterDissertation/results/freshretailnet/numerical/B3__feed_gap__seed7__origin0,
B3,feed_gap,8,0,20914.57,2987.7957142857144,4685.87175,0.8034940411700975,0.0,0.2428571428571428,4,7,0.5714285714285714,0,0,4,0,0.4571428571428572,0.0950358375365012,3051.428571428572,3.8886704119850175,-21783.157175,Run-level descriptive proxy; replication-level expected cost/CVaR is computed in study_summary.json.,0,0,0,0,True,7,/workspace/MasterDissertation/results/freshretailnet/numerical/B3__feed_gap__seed8__origin0,
B3,feed_gap,9,0,20949.73625,2992.8194642857147,3446.78575,0.8028846153846154,0.0,0.2809523809523809,5,7,0.7142857142857143,0,0,5,0,0.4571428571428572,0.1230307291629298,2723.5714285714284,4.35347495410438,-21794.414825000003,Run-level descriptive proxy; replication-level expected cost/CVaR is computed in study_summary.json.,0,0,0,0,True,7,/workspace/MasterDissertation/results/freshretailnet/numerical/B3__feed_gap__seed9__origin0,
B3,feed_gap,10,0,18760.64075,2680.0915357142862,3423.0504999999994,0.8471018418201517,0.0,0.2,5,7,0.7142857142857143,0,0,5,0,0.4571428571428572,0.8350809662861693,3001.5714285714284,4.167816857836372,-19602.9458,Run-level descriptive proxy; replication-level expected cost/CVaR is computed in study_summary.json.,0,0,0,0,True,7,/workspace/MasterDissertation/results/freshretailnet/numerical/B3__feed_gap__seed10__origin0,
B3,feed_gap,11,0,20951.077,2993.011,3304.4677500000007,0.8102654387865655,0.0,0.219047619047619,4,7,0.5714285714285714,0,0,4,0,0.4571428571428572,0.33352298409373,3639.428571428572,3.287878787878788,-21681.523775,Run-level descriptive proxy; replication-level expected cost/CVaR is computed in study_summary.json.,0,0,0,0,True,7,/workspace/MasterDissertation/results/freshretailnet/numerical/B3__feed_gap__seed11__origin0,
B3,feed_gap,12,0,21062.4375,3008.9196428571427,3751.65625,0.8060671722643553,0.0,0.2428571428571428,3,7,0.4285714285714285,0,0,3,0,0.4571428571428572,0.0524411855444507,2935.714285714286,4.054890510948905,-21737.603125,Run-level descriptive proxy; replication-level expected cost/CVaR is computed in study_summary.json.,0,0,0,0,True,7,/workspace/MasterDissertation/results/freshretailnet/numerical/B3__feed_gap__seed12__origin0,
B3,feed_gap,13,0,18908.82525,2701.2607500000004,3172.58325,0.8383667388949079,0.0,0.2142857142857142,5,7,0.7142857142857143,0,0,5,0,0.4571428571428572,0.1227946821257147,3028.1428571428573,4.08864461952163,-19726.083575,Run-level descriptive proxy; replication-level expected cost/CVaR is computed in study_summary.json.,0,0,0,0,True,7,/workspace/MasterDissertation/results/freshretailnet/numerical/B3__feed_gap__seed13__origin0,
B3,feed_gap,14,0,20392.44675,2913.2066785714283,3360.48525,0.812703141928494,0.0,0.2571428571428571,4,7,0.5714285714285714,0,0,4,0,0.4571428571428572,0.0558398323994289,2705.5714285714284,4.436031469454565,-21128.495275,Run-level descriptive proxy; replication-level expected cost/CVaR is computed in study_summary.json.,0,0,0,0,True,7,/workspace/MasterDissertation/results/freshretailnet/numerical/B3__feed_gap__seed14__origin0,
B3,feed_gap,15,0,18900.14,2700.02,3827.187750000001,0.8514355362946913,0.0,0.1619047619047619,5,7,0.7142857142857143,0,0,5,0,0.4571428571428572,0.0593317501201759,3245.714285714286,3.874031690140845,-19782.858775,Run-level descriptive proxy; replication-level expected cost/CVaR is computed in study_summary.json.,0,0,0,0,True,7,/workspace/MasterDissertation/results/freshretailnet/numerical/B3__feed_gap__seed15__origin0,
B3,feed_gap,16,0,19650.705,2807.243571428572,3628.9285,0.8225893824485374,0.0,0.1952380952380952,5,7,0.7142857142857143,0,0,5,0,0.4571428571428572,0.0982368219028691,2734.285714285714,4.442842215256008,-20513.59785,Run-level descriptive proxy; replication-level expected cost/CVaR is computed in study_summary.json.,0,0,0,0,True,7,/workspace/MasterDissertation/results/freshretailnet/numerical/B3__feed_gap__seed16__origin0,
B3,feed_gap,18,0,21277.099,3039.585571428572,3618.966,0.7879875406283857,0.0,0.2523809523809524,4,7,0.5714285714285714,0,0,4,0,0.4571428571428572,0.302357959233457,2744.5714285714284,4.24000624609619,-22038.9956,Run-level descriptive proxy; replication-level expected cost/CVaR is computed in study_summary.json.,0,0,0,0,True,7,/workspace/MasterDissertation/results/freshretailnet/numerical/B3__feed_gap__seed18__origin0,
B3,feed_gap,17,0,18012.580250000003,2573.2257500000005,3284.0435,0.8676868905742146,0.0,0.2142857142857142,6,7,0.8571428571428571,0,0,6,0,0.4571428571428572,0.2469238551001227,2648.1428571428573,4.838862814910719,-18940.984600000003,Run-level descriptive proxy; replication-level expected cost/CVaR is computed in study_summary.json.,0,0,0,0,True,7,/workspace/MasterDissertation/results/freshretailnet/numerical/B3__feed_gap__seed17__origin0,
B3,feed_gap,19,0,17616.038500000002,2516.576928571429,3608.1695,0.8801462621885157,0.0,0.1809523809523809,3,7,0.4285714285714285,0,0,3,0,0.4571428571428572,0.0259562057411805,3448.285714285714,3.7694092302593423,-18276.855450000003,Run-level descriptive proxy; replication-level expected cost/CVaR is computed in study_summary.json.,0,0,0,0,True,7,/workspace/MasterDissertation/results/freshretailnet/numerical/B3__feed_gap__seed19__origin0,
B3,feed_gap,20,0,18487.2605,2641.0372142857145,3435.85925,0.8547535211267606,0.0,0.2047619047619047,4,7,0.5714285714285714,0,0,4,0,0.4571428571428572,0.0704837170592413,3096.285714285714,4.076820153178924,-19230.846425,Run-level descriptive proxy; replication-level expected cost/CVaR is computed in study_summary.json.,0,0,0,0,True,7,/workspace/MasterDissertation/results/freshretailnet/numerical/B3__feed_gap__seed20__origin0,
B3,feed_gap,21,0,20091.64625,2870.2351785714286,3504.20575,0.8236728060671723,0.0,0.2476190476190476,4,7,0.5714285714285714,0,0,4,0,0.4571428571428572,0.1494604639149369,3020.714285714286,4.026862142350438,-20842.066825,Run-level descriptive proxy; replication-level expected cost/CVaR is computed in study_summary.json.,0,0,0,0,True,7,/workspace/MasterDissertation/results/freshretailnet/numerical/B3__feed_gap__seed21__origin0,
B3,feed_gap,22,0,19692.35725,2813.193892857143,3919.10925,0.8304442036836404,0.0,0.1952380952380952,4,7,0.5714285714285714,0,0,4,0,0.4571428571428572,0.0691764900020806,3087.5714285714284,3.9720538564752697,-20484.268175,Run-level descriptive proxy; replication-level expected cost/CVaR is computed in study_summary.json.,0,0,0,0,True,7,/workspace/MasterDissertation/results/freshretailnet/numerical/B3__feed_gap__seed22__origin0,
B3,feed_gap,24,0,19229.8925,2747.1275,3326.6760000000004,0.8389084507042254,0.0,0.2142857142857142,3,7,0.4285714285714285,0,0,3,0,0.4571428571428572,0.2181619899697945,3070.0,4.035504885993485,-19862.5601,Run-level descriptive proxy; replication-level expected cost/CVaR is computed in study_summary.json.,0,0,0,0,True,7,/workspace/MasterDissertation/results/freshretailnet/numerical/B3__feed_gap__seed24__origin0,
B3,feed_gap,23,0,18598.392000000003,2656.913142857143,3091.01,0.8573943661971831,0.0,0.1904761904761904,4,7,0.5714285714285714,0,0,4,0,0.4571428571428572,0.1028304120419862,3185.1428571428573,3.975331898098313,-19307.493,Run-level descriptive proxy; replication-level expected cost/CVaR is computed in study_summary.json.,0,0,0,0,True,7,/workspace/MasterDissertation/results/freshretailnet/numerical/B3__feed_gap__seed23__origin0,
B3,feed_gap,25,0,19035.58925,2719.369892857143,3302.3255,0.8450704225352113,0.0,0.1714285714285714,4,7,0.5714285714285714,0,0,4,0,0.4571428571428572,0.0083366217292418,3004.1428571428573,4.154263160397546,-19765.8218,Run-level descriptive proxy; replication-level expected cost/CVaR is computed in study_summary.json.,0,0,0,0,True,7,/workspace/MasterDissertation/results/freshretailnet/numerical/B3__feed_gap__seed25__origin0,
B3,feed_gap,26,0,20289.1855,2898.4550714285715,3715.61675,0.8174431202600216,0.0,0.238095238095238,5,7,0.7142857142857143,0,0,5,0,0.4571428571428572,0.2184213547234519,2939.1428571428573,4.10731991834354,-21160.747175,Run-level descriptive proxy; replication-level expected cost/CVaR is computed in study_summary.json.,0,0,0,0,True,7,/workspace/MasterDissertation/results/freshretailnet/numerical/B3__feed_gap__seed26__origin0,
B3,feed_gap,27,0,18815.93225,2687.990321428572,3055.8705,0.8506229685807151,0.0,0.1857142857142857,4,7,0.5714285714285714,0,0,4,0,0.4571428571428572,0.0959290854432877,2930.428571428572,4.286744990981329,-19521.5193,Run-level descriptive proxy; replication-level expected cost/CVaR is computed in study_summary.json.,0,0,0,0,True,7,/workspace/MasterDissertation/results/freshretailnet/numerical/B3__feed_gap__seed27__origin0,
B3,feed_gap,28,0,19332.99,2761.8557142857144,3212.19425,0.8429712892741061,0.0,0.2333333333333333,6,7,0.8571428571428571,0,0,6,0,0.4571428571428572,0.0476108308999203,3102.8571428571427,4.012108655616943,-20254.209425,Run-level descriptive proxy; replication-level expected cost/CVaR is computed in study_summary.json.,0,0,0,0,True,7,/workspace/MasterDissertation/results/freshretailnet/numerical/B3__feed_gap__seed28__origin0,
B3,feed_gap,29,0,20631.4005,2947.3429285714287,3755.5805,0.8225893824485374,0.0,0.2095238095238095,5,7,0.7142857142857143,0,0,5,0,0.4571428571428572,0.0418431040544127,3170.5714285714284,3.8314859872037488,-21506.95855,Run-level descriptive proxy; replication-level expected cost/CVaR is computed in study_summary.json.,0,0,0,0,True,7,/workspace/MasterDissertation/results/freshretailnet/numerical/B3__feed_gap__seed29__origin0,
B4,normal,0,0,24488.11475,3498.302107142857,6050.0,0.4227383531960996,0.0,0.6095238095238096,0,0,,0,0,0,7,0.8685714285714285,0.0,874.7142857142857,7.13718765311122,-25107.11475,Run-level descriptive proxy; replication-level expected cost/CVaR is computed in study_summary.json.,0,0,0,0,True,7,/workspace/MasterDissertation/results/freshretailnet/numerical/B4__normal__seed0__origin0,
B4,normal,1,0,25521.012,3645.858857142857,6108.443,0.3925379198266522,0.0,0.6095238095238096,0,0,,0,0,0,7,0.937142857142857,0.0,865.1428571428571,6.700627476882431,-26145.8563,Run-level descriptive proxy; replication-level expected cost/CVaR is computed in study_summary.json.,0,0,0,0,True,7,/workspace/MasterDissertation/results/freshretailnet/numerical/B4__normal__seed1__origin0,
B4,normal,2,0,23654.76025,3379.251464285714,6050.0,0.4389219934994582,0.0,0.5666666666666667,0,0,,0,0,0,7,0.8914285714285715,0.0,1082.428571428571,5.988385904711628,-24273.76025,Run-level descriptive proxy; replication-level expected cost/CVaR is computed in study_summary.json.,0,0,0,0,True,7,/workspace/MasterDissertation/results/freshretailnet/numerical/B4__normal__seed2__origin0,
B4,normal,3,0,23251.4095,3321.629928571429,5973.0,0.4518553629469122,0.0,0.5904761904761905,0,0,,0,0,0,7,0.937142857142857,0.0,1069.428571428571,6.2397809243922,-23862.7095,Run-level descriptive proxy; replication-level expected cost/CVaR is computed in study_summary.json.,0,0,0,0,True,7,/workspace/MasterDissertation/results/freshretailnet/numerical/B4__normal__seed3__origin0,
B4,normal,4,0,24019.237,3431.319571428572,5885.0,0.4421722643553629,0.0,0.5523809523809524,0,0,,0,0,0,7,0.9142857142857144,0.0,1308.0,4.992354740061162,-24621.737,Run-level descriptive proxy; replication-level expected cost/CVaR is computed in study_summary.json.,0,0,0,0,True,7,/workspace/MasterDissertation/results/freshretailnet/numerical/B4__normal__seed4__origin0,
B4,normal,5,0,24508.00275,3501.14325,5967.5,0.4192172264355362,0.0,0.6095238095238096,0,0,,0,0,0,7,0.8685714285714285,0.0,1095.2857142857142,5.652406417112299,-25118.75275,Run-level descriptive proxy; replication-level expected cost/CVaR is computed in study_summary.json.,0,0,0,0,True,7,/workspace/MasterDissertation/results/freshretailnet/numerical/B4__normal__seed5__origin0,
B4,normal,6,0,22696.454,3242.350571428572,6050.0,0.4758261105092091,0.0,0.5285714285714286,0,0,,0,0,0,7,0.8914285714285715,0.0,1364.571428571429,5.149602177554439,-23315.454,Run-level descriptive proxy; replication-level expected cost/CVaR is computed in study_summary.json.,0,0,0,0,True,7,/workspace/MasterDissertation/results/freshretailnet/numerical/B4__normal__seed6__origin0,
B4,normal,7,0,23110.9065,3301.558071428572,5974.37225,0.4582881906825569,0.0,0.5476190476190477,0,0,,0,0,0,7,0.9142857142857144,0.0,1103.142857142857,6.135198135198135,-23722.343725,Run-level descriptive proxy; replication-level expected cost/CVaR is computed in study_summary.json.,0,0,0,0,True,7,/workspace/MasterDissertation/results/freshretailnet/numerical/B4__normal__seed7__origin0,
B4,normal,8,0,25396.77525,3628.11075,6491.83425,0.3978196099674972,0.0,0.6095238095238096,0,0,,0,0,0,7,0.9142857142857144,0.0,999.5714285714286,5.877518936687152,-26059.958675,Run-level descriptive proxy; replication-level expected cost/CVaR is computed in study_summary.json.,0,0,0,0,True,7,/workspace/MasterDissertation/results/freshretailnet/numerical/B4__normal__seed8__origin0,
B4,normal,9,0,26169.1375,3738.4482142857146,6510.9935,0.3851570964247021,0.0,0.6190476190476191,0,0,,0,0,0,7,0.9142857142857144,0.0,1021.4285714285714,5.5686713286713285,-26834.23685,Run-level descriptive proxy; replication-level expected cost/CVaR is computed in study_summary.json.,0,0,0,0,True,7,/workspace/MasterDissertation/results/freshretailnet/numerical/B4__normal__seed9__origin0,
B4,normal,10,0,23095.97675,3299.42525,6232.4405,0.4507719393282773,0.0,0.5619047619047619,0,0,,0,0,0,7,0.8914285714285715,0.0,1054.142857142857,6.315083344626643,-23733.2208,Run-level descriptive proxy; replication-level expected cost/CVaR is computed in study_summary.json.,0,0,0,0,True,7,/workspace/MasterDissertation/results/freshretailnet/numerical/B4__normal__seed10__origin0,
B4,normal,12,0,25421.616,3631.6594285714286,6238.287,0.4037784398699892,0.0,0.6095238095238096,0,0,,0,0,0,7,0.8914285714285715,0.0,1029.7142857142858,5.790926748057713,-26059.4447,Run-level descriptive proxy; replication-level expected cost/CVaR is computed in study_summary.json.,0,0,0,0,True,7,/workspace/MasterDissertation/results/freshretailnet/numerical/B4__normal__seed12__origin0,
B4,normal,11,0,23592.9595,3370.422785714285,6050.0,0.4541576381365114,0.0,0.5619047619047619,0,0,,0,0,0,7,0.8914285714285715,0.0,1469.428571428571,4.56435932335213,-24211.9595,Run-level descriptive proxy; replication-level expected cost/CVaR is computed in study_summary.json.,0,0,0,0,True,7,/workspace/MasterDissertation/results/freshretailnet/numerical/B4__normal__seed11__origin0,
B4,normal,14,0,25075.47625,3582.210892857143,6142.949999999999,0.4085861321776814,0.0,0.6095238095238096,0,0,,0,0,0,7,0.9142857142857144,0.0,826.4285714285714,7.301296456352636,-25703.77125,Run-level descriptive proxy; replication-level expected cost/CVaR is computed in study_summary.json.,0,0,0,0,True,7,/workspace/MasterDissertation/results/freshretailnet/numerical/B4__normal__seed14__origin0,
B4,normal,13,0,22258.56875,3179.795535714285,6050.0,0.4742686890574215,0.0,0.5333333333333333,0,0,,0,0,0,7,0.8914285714285715,0.0,1153.571428571429,6.071578947368421,-22877.56875,Run-level descriptive proxy; replication-level expected cost/CVaR is computed in study_summary.json.,0,0,0,0,True,7,/workspace/MasterDissertation/results/freshretailnet/numerical/B4__normal__seed13__origin0,
B4,normal,15,0,23274.088750000003,3324.869821428572,5445.33,0.4563921993499458,0.0,0.5523809523809524,0,0,,0,0,0,7,0.8685714285714285,0.0,1290.7142857142858,5.2219147758716105,-23832.62175,Run-level descriptive proxy; replication-level expected cost/CVaR is computed in study_summary.json.,0,0,0,0,True,7,/workspace/MasterDissertation/results/freshretailnet/numerical/B4__normal__seed15__origin0,
B4,normal,16,0,24461.74775,3494.535392857143,6050.0,0.4251760563380282,0.0,0.5761904761904761,0,0,,0,0,0,7,0.9142857142857144,0.0,989.5714285714286,6.345171069727154,-25080.74775,Run-level descriptive proxy; replication-level expected cost/CVaR is computed in study_summary.json.,0,0,0,0,True,7,/workspace/MasterDissertation/results/freshretailnet/numerical/B4__normal__seed16__origin0,
B4,normal,17,0,24095.77225,3442.2531785714286,6019.75,0.4354685807150595,0.0,0.5666666666666667,0,0,,0,0,0,7,0.8914285714285715,0.0,919.0,6.997823721436344,-24711.74725,Run-level descriptive proxy; replication-level expected cost/CVaR is computed in study_summary.json.,0,0,0,0,True,7,/workspace/MasterDissertation/results/freshretailnet/numerical/B4__normal__seed17__origin0,
B4,normal,18,0,23666.49175,3380.927392857143,5989.499999999999,0.4400731310942578,0.0,0.5666666666666667,0,0,,0,0,0,7,0.8914285714285715,0.0,885.5714285714286,7.338764316825294,-24279.44175,Run-level descriptive proxy; replication-level expected cost/CVaR is computed in study_summary.json.,0,0,0,0,True,7,/workspace/MasterDissertation/results/freshretailnet/numerical/B4__normal__seed18__origin0,
B4,normal,19,0,22742.7035,3248.9576428571427,5939.103499999999,0.4599133261105092,0.0,0.5523809523809524,0,0,,0,0,0,7,0.8914285714285715,0.0,1136.857142857143,5.974365418446846,-23350.61385,Run-level descriptive proxy; replication-level expected cost/CVaR is computed in study_summary.json.,0,0,0,0,True,7,/workspace/MasterDissertation/results/freshretailnet/numerical/B4__normal__seed19__origin0,
B4,normal,20,0,24289.2155,3469.8879285714283,6050.0,0.4278169014084507,0.0,0.6142857142857143,0,0,,0,0,0,7,0.8914285714285715,0.0,1002.0,6.305389221556887,-24908.2155,Run-level descriptive proxy; replication-level expected cost/CVaR is computed in study_summary.json.,0,0,0,0,True,7,/workspace/MasterDissertation/results/freshretailnet/numerical/B4__normal__seed20__origin0,
B4,normal,21,0,24624.15175,3517.7359642857145,6050.0,0.4240926327193933,0.0,0.5904761904761905,0,0,,0,0,0,7,0.8685714285714285,0.0,982.7142857142856,6.373164704172118,-25243.15175,Run-level descriptive proxy; replication-level expected cost/CVaR is computed in study_summary.json.,0,0,0,0,True,7,/workspace/MasterDissertation/results/freshretailnet/numerical/B4__normal__seed21__origin0,
B4,normal,22,0,22626.153,3232.307571428571,6153.4,0.46715872156013,0.0,0.5523809523809524,0,0,,0,0,0,7,0.937142857142857,0.0,1166.2857142857142,5.915360117589417,-23255.493,Run-level descriptive proxy; replication-level expected cost/CVaR is computed in study_summary.json.,0,0,0,0,True,7,/workspace/MasterDissertation/results/freshretailnet/numerical/B4__normal__seed22__origin0,
B4,normal,23,0,23949.6895,3421.3842142857143,6050.0,0.4300514626218851,0.0,0.5952380952380952,0,0,,0,0,0,7,0.8914285714285715,0.0,932.2857142857144,6.812289304321176,-24568.6895,Run-level descriptive proxy; replication-level expected cost/CVaR is computed in study_summary.json.,0,0,0,0,True,7,/workspace/MasterDissertation/results/freshretailnet/numerical/B4__normal__seed23__origin0,
B4,normal,24,0,22468.061,3209.7230000000004,6050.0,0.4717632719393282,0.0,0.5761904761904761,0,0,,0,0,0,7,0.8914285714285715,0.0,1181.142857142857,5.8985244315433,-23087.061,Run-level descriptive proxy; replication-level expected cost/CVaR is computed in study_summary.json.,0,0,0,0,True,7,/workspace/MasterDissertation/results/freshretailnet/numerical/B4__normal__seed24__origin0,
B4,normal,25,0,24722.401,3531.771571428571,6140.164250000001,0.4113624052004334,0.0,0.5571428571428572,0,0,,0,0,0,7,0.8457142857142858,0.0,969.7142857142856,6.2647318797878615,-25350.417425,Run-level descriptive proxy; replication-level expected cost/CVaR is computed in study_summary.json.,0,0,0,0,True,7,/workspace/MasterDissertation/results/freshretailnet/numerical/B4__normal__seed25__origin0,
B4,normal,26,0,23381.589,3340.227,5930.65,0.4542930660888407,0.0,0.5666666666666667,0,0,,0,0,0,7,0.9142857142857144,0.0,1161.7142857142858,5.775086079685194,-23988.654,Run-level descriptive proxy; replication-level expected cost/CVaR is computed in study_summary.json.,0,0,0,0,True,7,/workspace/MasterDissertation/results/freshretailnet/numerical/B4__normal__seed26__origin0,
B4,normal,27,0,22401.39275,3200.1989642857143,5861.9,0.4723049837486457,0.0,0.5380952380952381,0,0,,0,0,0,7,0.937142857142857,0.0,998.1428571428572,6.9879776728209535,-23001.58275,Run-level descriptive proxy; replication-level expected cost/CVaR is computed in study_summary.json.,0,0,0,0,True,7,/workspace/MasterDissertation/results/freshretailnet/numerical/B4__normal__seed27__origin0,
B4,normal,28,0,27026.395,3860.913571428571,6426.634499999999,0.366942036836403,0.0,0.6190476190476191,0,0,,0,0,0,7,0.8914285714285715,0.0,1122.857142857143,4.826081424936387,-27683.05845,Run-level descriptive proxy; replication-level expected cost/CVaR is computed in study_summary.json.,0,0,0,0,True,7,/workspace/MasterDissertation/results/freshretailnet/numerical/B4__normal__seed28__origin0,
B4,normal,29,0,24404.01975,3486.288535714285,6325.66825,0.4293066088840737,0.0,0.5761904761904761,0,0,,0,0,0,7,0.8914285714285715,0.0,1209.0,5.244003308519438,-25050.586575,Run-level descriptive proxy; replication-level expected cost/CVaR is computed in study_summary.json.,0,0,0,0,True,7,/workspace/MasterDissertation/results/freshretailnet/numerical/B4__normal__seed29__origin0,
B4,derived_field_collapse,0,0,24488.11475,3498.302107142857,6050.0,0.4227383531960996,0.0,0.6095238095238096,0,0,,0,0,0,7,0.5028571428571429,0.0,874.7142857142857,7.13718765311122,-25107.11475,Run-level descriptive proxy; replication-level expected cost/CVaR is computed in study_summary.json.,0,0,0,0,True,7,/workspace/MasterDissertation/results/freshretailnet/numerical/B4__derived_field_collapse__seed0__origin0,
B4,derived_field_collapse,1,0,25521.012,3645.858857142857,6108.443,0.3925379198266522,0.0,0.6095238095238096,0,0,,0,0,0,7,0.5257142857142857,0.0,865.1428571428571,6.700627476882431,-26145.8563,Run-level descriptive proxy; replication-level expected cost/CVaR is computed in study_summary.json.,0,0,0,0,True,7,/workspace/MasterDissertation/results/freshretailnet/numerical/B4__derived_field_collapse__seed1__origin0,
B4,derived_field_collapse,2,0,23654.76025,3379.251464285714,6050.0,0.4389219934994582,0.0,0.5666666666666667,0,0,,0,0,0,7,0.5028571428571429,0.0,1082.428571428571,5.988385904711628,-24273.76025,Run-level descriptive proxy; replication-level expected cost/CVaR is computed in study_summary.json.,0,0,0,0,True,7,/workspace/MasterDissertation/results/freshretailnet/numerical/B4__derived_field_collapse__seed2__origin0,
B4,derived_field_collapse,3,0,23251.4095,3321.629928571429,5973.0,0.4518553629469122,0.0,0.5904761904761905,0,0,,0,0,0,7,0.5257142857142857,0.0,1069.428571428571,6.2397809243922,-23862.7095,Run-level descriptive proxy; replication-level expected cost/CVaR is computed in study_summary.json.,0,0,0,0,True,7,/workspace/MasterDissertation/results/freshretailnet/numerical/B4__derived_field_collapse__seed3__origin0,
B4,derived_field_collapse,4,0,24019.237,3431.319571428572,5885.0,0.4421722643553629,0.0,0.5523809523809524,0,0,,0,0,0,7,0.5028571428571429,0.0,1308.0,4.992354740061162,-24621.737,Run-level descriptive proxy; replication-level expected cost/CVaR is computed in study_summary.json.,0,0,0,0,True,7,/workspace/MasterDissertation/results/freshretailnet/numerical/B4__derived_field_collapse__seed4__origin0,
B4,derived_field_collapse,5,0,24508.00275,3501.14325,5967.5,0.4192172264355362,0.0,0.6095238095238096,0,0,,0,0,0,7,0.5028571428571429,0.0,1095.2857142857142,5.652406417112299,-25118.75275,Run-level descriptive proxy; replication-level expected cost/CVaR is computed in study_summary.json.,0,0,0,0,True,7,/workspace/MasterDissertation/results/freshretailnet/numerical/B4__derived_field_collapse__seed5__origin0,
B4,derived_field_collapse,6,0,22696.454,3242.350571428572,6050.0,0.4758261105092091,0.0,0.5285714285714286,0,0,,0,0,0,7,0.5028571428571429,0.0,1364.571428571429,5.149602177554439,-23315.454,Run-level descriptive proxy; replication-level expected cost/CVaR is computed in study_summary.json.,0,0,0,0,True,7,/workspace/MasterDissertation/results/freshretailnet/numerical/B4__derived_field_collapse__seed6__origin0,
B4,derived_field_collapse,7,0,23110.9065,3301.558071428572,5974.37225,0.4582881906825569,0.0,0.5476190476190477,0,0,,0,0,0,7,0.5028571428571429,0.0,1103.142857142857,6.135198135198135,-23722.343725,Run-level descriptive proxy; replication-level expected cost/CVaR is computed in study_summary.json.,0,0,0,0,True,7,/workspace/MasterDissertation/results/freshretailnet/numerical/B4__derived_field_collapse__seed7__origin0,
B4,derived_field_collapse,8,0,25396.77525,3628.11075,6491.83425,0.3978196099674972,0.0,0.6095238095238096,0,0,,0,0,0,7,0.5028571428571429,0.0,999.5714285714286,5.877518936687152,-26059.958675,Run-level descriptive proxy; replication-level expected cost/CVaR is computed in study_summary.json.,0,0,0,0,True,7,/workspace/MasterDissertation/results/freshretailnet/numerical/B4__derived_field_collapse__seed8__origin0,
B4,derived_field_collapse,9,0,26169.1375,3738.4482142857146,6510.9935,0.3851570964247021,0.0,0.6190476190476191,0,0,,0,0,0,7,0.5028571428571429,0.0,1021.4285714285714,5.5686713286713285,-26834.23685,Run-level descriptive proxy; replication-level expected cost/CVaR is computed in study_summary.json.,0,0,0,0,True,7,/workspace/MasterDissertation/results/freshretailnet/numerical/B4__derived_field_collapse__seed9__origin0,
B4,derived_field_collapse,10,0,23095.97675,3299.42525,6232.4405,0.4507719393282773,0.0,0.5619047619047619,0,0,,0,0,0,7,0.5028571428571429,0.0,1054.142857142857,6.315083344626643,-23733.2208,Run-level descriptive proxy; replication-level expected cost/CVaR is computed in study_summary.json.,0,0,0,0,True,7,/workspace/MasterDissertation/results/freshretailnet/numerical/B4__derived_field_collapse__seed10__origin0,
B4,derived_field_collapse,11,0,23592.9595,3370.422785714285,6050.0,0.4541576381365114,0.0,0.5619047619047619,0,0,,0,0,0,7,0.5028571428571429,0.0,1469.428571428571,4.56435932335213,-24211.9595,Run-level descriptive proxy; replication-level expected cost/CVaR is computed in study_summary.json.,0,0,0,0,True,7,/workspace/MasterDissertation/results/freshretailnet/numerical/B4__derived_field_collapse__seed11__origin0,
B4,derived_field_collapse,12,0,25421.616,3631.6594285714286,6238.287,0.4037784398699892,0.0,0.6095238095238096,0,0,,0,0,0,7,0.5028571428571429,0.0,1029.7142857142858,5.790926748057713,-26059.4447,Run-level descriptive proxy; replication-level expected cost/CVaR is computed in study_summary.json.,0,0,0,0,True,7,/workspace/MasterDissertation/results/freshretailnet/numerical/B4__derived_field_collapse__seed12__origin0,
B4,derived_field_collapse,13,0,22258.56875,3179.795535714285,6050.0,0.4742686890574215,0.0,0.5333333333333333,0,0,,0,0,0,7,0.5028571428571429,0.0,1153.571428571429,6.071578947368421,-22877.56875,Run-level descriptive proxy; replication-level expected cost/CVaR is computed in study_summary.json.,0,0,0,0,True,7,/workspace/MasterDissertation/results/freshretailnet/numerical/B4__derived_field_collapse__seed13__origin0,
B4,derived_field_collapse,14,0,25075.47625,3582.210892857143,6142.949999999999,0.4085861321776814,0.0,0.6095238095238096,0,0,,0,0,0,7,0.5028571428571429,0.0,826.4285714285714,7.301296456352636,-25703.77125,Run-level descriptive proxy; replication-level expected cost/CVaR is computed in study_summary.json.,0,0,0,0,True,7,/workspace/MasterDissertation/results/freshretailnet/numerical/B4__derived_field_collapse__seed14__origin0,
B4,derived_field_collapse,15,0,23274.088750000003,3324.869821428572,5445.33,0.4563921993499458,0.0,0.5523809523809524,0,0,,0,0,0,7,0.5028571428571429,0.0,1290.7142857142858,5.2219147758716105,-23832.62175,Run-level descriptive proxy; replication-level expected cost/CVaR is computed in study_summary.json.,0,0,0,0,True,7,/workspace/MasterDissertation/results/freshretailnet/numerical/B4__derived_field_collapse__seed15__origin0,
B4,derived_field_collapse,16,0,24461.74775,3494.535392857143,6050.0,0.4251760563380282,0.0,0.5761904761904761,0,0,,0,0,0,7,0.5028571428571429,0.0,989.5714285714286,6.345171069727154,-25080.74775,Run-level descriptive proxy; replication-level expected cost/CVaR is computed in study_summary.json.,0,0,0,0,True,7,/workspace/MasterDissertation/results/freshretailnet/numerical/B4__derived_field_collapse__seed16__origin0,
B4,derived_field_collapse,18,0,23666.49175,3380.927392857143,5989.499999999999,0.4400731310942578,0.0,0.5666666666666667,0,0,,0,0,0,7,0.5028571428571429,0.0,885.5714285714286,7.338764316825294,-24279.44175,Run-level descriptive proxy; replication-level expected cost/CVaR is computed in study_summary.json.,0,0,0,0,True,7,/workspace/MasterDissertation/results/freshretailnet/numerical/B4__derived_field_collapse__seed18__origin0,
B4,derived_field_collapse,17,0,24095.77225,3442.2531785714286,6019.75,0.4354685807150595,0.0,0.5666666666666667,0,0,,0,0,0,7,0.5028571428571429,0.0,919.0,6.997823721436344,-24711.74725,Run-level descriptive proxy; replication-level expected cost/CVaR is computed in study_summary.json.,0,0,0,0,True,7,/workspace/MasterDissertation/results/freshretailnet/numerical/B4__derived_field_collapse__seed17__origin0,
B4,derived_field_collapse,20,0,24289.2155,3469.8879285714283,6050.0,0.4278169014084507,0.0,0.6142857142857143,0,0,,0,0,0,7,0.5028571428571429,0.0,1002.0,6.305389221556887,-24908.2155,Run-level descriptive proxy; replication-level expected cost/CVaR is computed in study_summary.json.,0,0,0,0,True,7,/workspace/MasterDissertation/results/freshretailnet/numerical/B4__derived_field_collapse__seed20__origin0,
B4,derived_field_collapse,19,0,22742.7035,3248.9576428571427,5939.103499999999,0.4599133261105092,0.0,0.5523809523809524,0,0,,0,0,0,7,0.5028571428571429,0.0,1136.857142857143,5.974365418446846,-23350.61385,Run-level descriptive proxy; replication-level expected cost/CVaR is computed in study_summary.json.,0,0,0,0,True,7,/workspace/MasterDissertation/results/freshretailnet/numerical/B4__derived_field_collapse__seed19__origin0,
B4,derived_field_collapse,22,0,22626.153,3232.307571428571,6153.4,0.46715872156013,0.0,0.5523809523809524,0,0,,0,0,0,7,0.5257142857142857,0.0,1166.2857142857142,5.915360117589417,-23255.493,Run-level descriptive proxy; replication-level expected cost/CVaR is computed in study_summary.json.,0,0,0,0,True,7,/workspace/MasterDissertation/results/freshretailnet/numerical/B4__derived_field_collapse__seed22__origin0,
B4,derived_field_collapse,21,0,24624.15175,3517.7359642857145,6050.0,0.4240926327193933,0.0,0.5904761904761905,0,0,,0,0,0,7,0.5028571428571429,0.0,982.7142857142856,6.373164704172118,-25243.15175,Run-level descriptive proxy; replication-level expected cost/CVaR is computed in study_summary.json.,0,0,0,0,True,7,/workspace/MasterDissertation/results/freshretailnet/numerical/B4__derived_field_collapse__seed21__origin0,
B4,derived_field_collapse,24,0,22468.061,3209.7230000000004,6050.0,0.4717632719393282,0.0,0.5761904761904761,0,0,,0,0,0,7,0.5028571428571429,0.0,1181.142857142857,5.8985244315433,-23087.061,Run-level descriptive proxy; replication-level expected cost/CVaR is computed in study_summary.json.,0,0,0,0,True,7,/workspace/MasterDissertation/results/freshretailnet/numerical/B4__derived_field_collapse__seed24__origin0,
B4,derived_field_collapse,23,0,23949.6895,3421.3842142857143,6050.0,0.4300514626218851,0.0,0.5952380952380952,0,0,,0,0,0,7,0.5028571428571429,0.0,932.2857142857144,6.812289304321176,-24568.6895,Run-level descriptive proxy; replication-level expected cost/CVaR is computed in study_summary.json.,0,0,0,0,True,7,/workspace/MasterDissertation/results/freshretailnet/numerical/B4__derived_field_collapse__seed23__origin0,
B4,derived_field_collapse,26,0,23381.589,3340.227,5930.65,0.4542930660888407,0.0,0.5666666666666667,0,0,,0,0,0,7,0.5028571428571429,0.0,1161.7142857142858,5.775086079685194,-23988.654,Run-level descriptive proxy; replication-level expected cost/CVaR is computed in study_summary.json.,0,0,0,0,True,7,/workspace/MasterDissertation/results/freshretailnet/numerical/B4__derived_field_collapse__seed26__origin0,
B4,derived_field_collapse,25,0,24722.401,3531.771571428571,6140.164250000001,0.4113624052004334,0.0,0.5571428571428572,0,0,,0,0,0,7,0.5028571428571429,0.0,969.7142857142856,6.2647318797878615,-25350.417425,Run-level descriptive proxy; replication-level expected cost/CVaR is computed in study_summary.json.,0,0,0,0,True,7,/workspace/MasterDissertation/results/freshretailnet/numerical/B4__derived_field_collapse__seed25__origin0,
B4,derived_field_collapse,27,0,22401.39275,3200.1989642857143,5861.9,0.4723049837486457,0.0,0.5380952380952381,0,0,,0,0,0,7,0.5257142857142857,0.0,998.1428571428572,6.9879776728209535,-23001.58275,Run-level descriptive proxy; replication-level expected cost/CVaR is computed in study_summary.json.,0,0,0,0,True,7,/workspace/MasterDissertation/results/freshretailnet/numerical/B4__derived_field_collapse__seed27__origin0,
B4,derived_field_collapse,28,0,27026.395,3860.913571428571,6426.634499999999,0.366942036836403,0.0,0.6190476190476191,0,0,,0,0,0,7,0.5028571428571429,0.0,1122.857142857143,4.826081424936387,-27683.05845,Run-level descriptive proxy; replication-level expected cost/CVaR is computed in study_summary.json.,0,0,0,0,True,7,/workspace/MasterDissertation/results/freshretailnet/numerical/B4__derived_field_collapse__seed28__origin0,
B4,derived_field_collapse,29,0,24404.01975,3486.288535714285,6325.66825,0.4293066088840737,0.0,0.5761904761904761,0,0,,0,0,0,7,0.5028571428571429,0.0,1209.0,5.244003308519438,-25050.586575,Run-level descriptive proxy; replication-level expected cost/CVaR is computed in study_summary.json.,0,0,0,0,True,7,/workspace/MasterDissertation/results/freshretailnet/numerical/B4__derived_field_collapse__seed29__origin0,
B4,feed_gap,0,0,24488.11475,3498.302107142857,6050.0,0.4227383531960996,0.0,0.6095238095238096,0,0,,0,0,0,7,0.5028571428571429,0.0,874.7142857142857,7.13718765311122,-25107.11475,Run-level descriptive proxy; replication-level expected cost/CVaR is computed in study_summary.json.,0,0,0,0,True,7,/workspace/MasterDissertation/results/freshretailnet/numerical/B4__feed_gap__seed0__origin0,
B4,feed_gap,1,0,25521.012,3645.858857142857,6108.443,0.3925379198266522,0.0,0.6095238095238096,0,0,,0,0,0,7,0.5257142857142857,0.0,865.1428571428571,6.700627476882431,-26145.8563,Run-level descriptive proxy; replication-level expected cost/CVaR is computed in study_summary.json.,0,0,0,0,True,7,/workspace/MasterDissertation/results/freshretailnet/numerical/B4__feed_gap__seed1__origin0,
B4,feed_gap,2,0,23654.76025,3379.251464285714,6050.0,0.4389219934994582,0.0,0.5666666666666667,0,0,,0,0,0,7,0.5028571428571429,0.0,1082.428571428571,5.988385904711628,-24273.76025,Run-level descriptive proxy; replication-level expected cost/CVaR is computed in study_summary.json.,0,0,0,0,True,7,/workspace/MasterDissertation/results/freshretailnet/numerical/B4__feed_gap__seed2__origin0,
B4,feed_gap,3,0,23251.4095,3321.629928571429,5973.0,0.4518553629469122,0.0,0.5904761904761905,0,0,,0,0,0,7,0.5257142857142857,0.0,1069.428571428571,6.2397809243922,-23862.7095,Run-level descriptive proxy; replication-level expected cost/CVaR is computed in study_summary.json.,0,0,0,0,True,7,/workspace/MasterDissertation/results/freshretailnet/numerical/B4__feed_gap__seed3__origin0,
B4,feed_gap,4,0,24019.237,3431.319571428572,5885.0,0.4421722643553629,0.0,0.5523809523809524,0,0,,0,0,0,7,0.5028571428571429,0.0,1308.0,4.992354740061162,-24621.737,Run-level descriptive proxy; replication-level expected cost/CVaR is computed in study_summary.json.,0,0,0,0,True,7,/workspace/MasterDissertation/results/freshretailnet/numerical/B4__feed_gap__seed4__origin0,
B4,feed_gap,5,0,24508.00275,3501.14325,5967.5,0.4192172264355362,0.0,0.6095238095238096,0,0,,0,0,0,7,0.5028571428571429,0.0,1095.2857142857142,5.652406417112299,-25118.75275,Run-level descriptive proxy; replication-level expected cost/CVaR is computed in study_summary.json.,0,0,0,0,True,7,/workspace/MasterDissertation/results/freshretailnet/numerical/B4__feed_gap__seed5__origin0,
B4,feed_gap,6,0,22696.454,3242.350571428572,6050.0,0.4758261105092091,0.0,0.5285714285714286,0,0,,0,0,0,7,0.5028571428571429,0.0,1364.571428571429,5.149602177554439,-23315.454,Run-level descriptive proxy; replication-level expected cost/CVaR is computed in study_summary.json.,0,0,0,0,True,7,/workspace/MasterDissertation/results/freshretailnet/numerical/B4__feed_gap__seed6__origin0,
B4,feed_gap,7,0,23110.9065,3301.558071428572,5974.37225,0.4582881906825569,0.0,0.5476190476190477,0,0,,0,0,0,7,0.5028571428571429,0.0,1103.142857142857,6.135198135198135,-23722.343725,Run-level descriptive proxy; replication-level expected cost/CVaR is computed in study_summary.json.,0,0,0,0,True,7,/workspace/MasterDissertation/results/freshretailnet/numerical/B4__feed_gap__seed7__origin0,
B4,feed_gap,8,0,25396.77525,3628.11075,6491.83425,0.3978196099674972,0.0,0.6095238095238096,0,0,,0,0,0,7,0.5028571428571429,0.0,999.5714285714286,5.877518936687152,-26059.958675,Run-level descriptive proxy; replication-level expected cost/CVaR is computed in study_summary.json.,0,0,0,0,True,7,/workspace/MasterDissertation/results/freshretailnet/numerical/B4__feed_gap__seed8__origin0,
B4,feed_gap,9,0,26169.1375,3738.4482142857146,6510.9935,0.3851570964247021,0.0,0.6190476190476191,0,0,,0,0,0,7,0.5028571428571429,0.0,1021.4285714285714,5.5686713286713285,-26834.23685,Run-level descriptive proxy; replication-level expected cost/CVaR is computed in study_summary.json.,0,0,0,0,True,7,/workspace/MasterDissertation/results/freshretailnet/numerical/B4__feed_gap__seed9__origin0,
B4,feed_gap,11,0,23592.9595,3370.422785714285,6050.0,0.4541576381365114,0.0,0.5619047619047619,0,0,,0,0,0,7,0.5028571428571429,0.0,1469.428571428571,4.56435932335213,-24211.9595,Run-level descriptive proxy; replication-level expected cost/CVaR is computed in study_summary.json.,0,0,0,0,True,7,/workspace/MasterDissertation/results/freshretailnet/numerical/B4__feed_gap__seed11__origin0,
B4,feed_gap,10,0,23095.97675,3299.42525,6232.4405,0.4507719393282773,0.0,0.5619047619047619,0,0,,0,0,0,7,0.5028571428571429,0.0,1054.142857142857,6.315083344626643,-23733.2208,Run-level descriptive proxy; replication-level expected cost/CVaR is computed in study_summary.json.,0,0,0,0,True,7,/workspace/MasterDissertation/results/freshretailnet/numerical/B4__feed_gap__seed10__origin0,
B4,feed_gap,12,0,25421.616,3631.6594285714286,6238.287,0.4037784398699892,0.0,0.6095238095238096,0,0,,0,0,0,7,0.5028571428571429,0.0,1029.7142857142858,5.790926748057713,-26059.4447,Run-level descriptive proxy; replication-level expected cost/CVaR is computed in study_summary.json.,0,0,0,0,True,7,/workspace/MasterDissertation/results/freshretailnet/numerical/B4__feed_gap__seed12__origin0,
B4,feed_gap,13,0,22258.56875,3179.795535714285,6050.0,0.4742686890574215,0.0,0.5333333333333333,0,0,,0,0,0,7,0.5028571428571429,0.0,1153.571428571429,6.071578947368421,-22877.56875,Run-level descriptive proxy; replication-level expected cost/CVaR is computed in study_summary.json.,0,0,0,0,True,7,/workspace/MasterDissertation/results/freshretailnet/numerical/B4__feed_gap__seed13__origin0,
B4,feed_gap,14,0,25075.47625,3582.210892857143,6142.949999999999,0.4085861321776814,0.0,0.6095238095238096,0,0,,0,0,0,7,0.5028571428571429,0.0,826.4285714285714,7.301296456352636,-25703.77125,Run-level descriptive proxy; replication-level expected cost/CVaR is computed in study_summary.json.,0,0,0,0,True,7,/workspace/MasterDissertation/results/freshretailnet/numerical/B4__feed_gap__seed14__origin0,
B4,feed_gap,15,0,23274.088750000003,3324.869821428572,5445.33,0.4563921993499458,0.0,0.5523809523809524,0,0,,0,0,0,7,0.5028571428571429,0.0,1290.7142857142858,5.2219147758716105,-23832.62175,Run-level descriptive proxy; replication-level expected cost/CVaR is computed in study_summary.json.,0,0,0,0,True,7,/workspace/MasterDissertation/results/freshretailnet/numerical/B4__feed_gap__seed15__origin0,
B4,feed_gap,16,0,24461.74775,3494.535392857143,6050.0,0.4251760563380282,0.0,0.5761904761904761,0,0,,0,0,0,7,0.5028571428571429,0.0,989.5714285714286,6.345171069727154,-25080.74775,Run-level descriptive proxy; replication-level expected cost/CVaR is computed in study_summary.json.,0,0,0,0,True,7,/workspace/MasterDissertation/results/freshretailnet/numerical/B4__feed_gap__seed16__origin0,
B4,feed_gap,17,0,24095.77225,3442.2531785714286,6019.75,0.4354685807150595,0.0,0.5666666666666667,0,0,,0,0,0,7,0.5028571428571429,0.0,919.0,6.997823721436344,-24711.74725,Run-level descriptive proxy; replication-level expected cost/CVaR is computed in study_summary.json.,0,0,0,0,True,7,/workspace/MasterDissertation/results/freshretailnet/numerical/B4__feed_gap__seed17__origin0,
B4,feed_gap,18,0,23666.49175,3380.927392857143,5989.499999999999,0.4400731310942578,0.0,0.5666666666666667,0,0,,0,0,0,7,0.5028571428571429,0.0,885.5714285714286,7.338764316825294,-24279.44175,Run-level descriptive proxy; replication-level expected cost/CVaR is computed in study_summary.json.,0,0,0,0,True,7,/workspace/MasterDissertation/results/freshretailnet/numerical/B4__feed_gap__seed18__origin0,
B4,feed_gap,19,0,22742.7035,3248.9576428571427,5939.103499999999,0.4599133261105092,0.0,0.5523809523809524,0,0,,0,0,0,7,0.5028571428571429,0.0,1136.857142857143,5.974365418446846,-23350.61385,Run-level descriptive proxy; replication-level expected cost/CVaR is computed in study_summary.json.,0,0,0,0,True,7,/workspace/MasterDissertation/results/freshretailnet/numerical/B4__feed_gap__seed19__origin0,
B4,feed_gap,20,0,24289.2155,3469.8879285714283,6050.0,0.4278169014084507,0.0,0.6142857142857143,0,0,,0,0,0,7,0.5028571428571429,0.0,1002.0,6.305389221556887,-24908.2155,Run-level descriptive proxy; replication-level expected cost/CVaR is computed in study_summary.json.,0,0,0,0,True,7,/workspace/MasterDissertation/results/freshretailnet/numerical/B4__feed_gap__seed20__origin0,
B4,feed_gap,21,0,24624.15175,3517.7359642857145,6050.0,0.4240926327193933,0.0,0.5904761904761905,0,0,,0,0,0,7,0.5028571428571429,0.0,982.7142857142856,6.373164704172118,-25243.15175,Run-level descriptive proxy; replication-level expected cost/CVaR is computed in study_summary.json.,0,0,0,0,True,7,/workspace/MasterDissertation/results/freshretailnet/numerical/B4__feed_gap__seed21__origin0,
B4,feed_gap,22,0,22626.153,3232.307571428571,6153.4,0.46715872156013,0.0,0.5523809523809524,0,0,,0,0,0,7,0.5257142857142857,0.0,1166.2857142857142,5.915360117589417,-23255.493,Run-level descriptive proxy; replication-level expected cost/CVaR is computed in study_summary.json.,0,0,0,0,True,7,/workspace/MasterDissertation/results/freshretailnet/numerical/B4__feed_gap__seed22__origin0,
B4,feed_gap,23,0,23949.6895,3421.3842142857143,6050.0,0.4300514626218851,0.0,0.5952380952380952,0,0,,0,0,0,7,0.5028571428571429,0.0,932.2857142857144,6.812289304321176,-24568.6895,Run-level descriptive proxy; replication-level expected cost/CVaR is computed in study_summary.json.,0,0,0,0,True,7,/workspace/MasterDissertation/results/freshretailnet/numerical/B4__feed_gap__seed23__origin0,
B4,feed_gap,24,0,22468.061,3209.7230000000004,6050.0,0.4717632719393282,0.0,0.5761904761904761,0,0,,0,0,0,7,0.5028571428571429,0.0,1181.142857142857,5.8985244315433,-23087.061,Run-level descriptive proxy; replication-level expected cost/CVaR is computed in study_summary.json.,0,0,0,0,True,7,/workspace/MasterDissertation/results/freshretailnet/numerical/B4__feed_gap__seed24__origin0,
B4,feed_gap,25,0,24722.401,3531.771571428571,6140.164250000001,0.4113624052004334,0.0,0.5571428571428572,0,0,,0,0,0,7,0.5028571428571429,0.0,969.7142857142856,6.2647318797878615,-25350.417425,Run-level descriptive proxy; replication-level expected cost/CVaR is computed in study_summary.json.,0,0,0,0,True,7,/workspace/MasterDissertation/results/freshretailnet/numerical/B4__feed_gap__seed25__origin0,
B4,feed_gap,26,0,23381.589,3340.227,5930.65,0.4542930660888407,0.0,0.5666666666666667,0,0,,0,0,0,7,0.5028571428571429,0.0,1161.7142857142858,5.775086079685194,-23988.654,Run-level descriptive proxy; replication-level expected cost/CVaR is computed in study_summary.json.,0,0,0,0,True,7,/workspace/MasterDissertation/results/freshretailnet/numerical/B4__feed_gap__seed26__origin0,
B4,feed_gap,27,0,22401.39275,3200.1989642857143,5861.9,0.4723049837486457,0.0,0.5380952380952381,0,0,,0,0,0,7,0.5257142857142857,0.0,998.1428571428572,6.9879776728209535,-23001.58275,Run-level descriptive proxy; replication-level expected cost/CVaR is computed in study_summary.json.,0,0,0,0,True,7,/workspace/MasterDissertation/results/freshretailnet/numerical/B4__feed_gap__seed27__origin0,
B4,feed_gap,28,0,27026.395,3860.913571428571,6426.634499999999,0.366942036836403,0.0,0.6190476190476191,0,0,,0,0,0,7,0.5028571428571429,0.0,1122.857142857143,4.826081424936387,-27683.05845,Run-level descriptive proxy; replication-level expected cost/CVaR is computed in study_summary.json.,0,0,0,0,True,7,/workspace/MasterDissertation/results/freshretailnet/numerical/B4__feed_gap__seed28__origin0,
B4,feed_gap,29,0,24404.01975,3486.288535714285,6325.66825,0.4293066088840737,0.0,0.5761904761904761,0,0,,0,0,0,7,0.5028571428571429,0.0,1209.0,5.244003308519438,-25050.586575,Run-level descriptive proxy; replication-level expected cost/CVaR is computed in study_summary.json.,0,0,0,0,True,7,/workspace/MasterDissertation/results/freshretailnet/numerical/B4__feed_gap__seed29__origin0,
